_id	DATA	hora	natureza_acidente	situacao	bairro	endereco	numero	detalhe_endereco_acidente	complemento	endereco_cruzamento	numero_cruzamento	referencia_cruzamento	bairro_cruzamento	num_semaforo	sentido_via	tipo	descricao	auto	moto	ciclom	ciclista	pedestre	onibus	caminhao	viatura	outros	vitimas	vitimasfatais	acidente_verificado	tempo_clima	situacao_semaforo	sinalizacao	condicao_via	conservacao_via	ponto_controle	situacao_placa	velocidade_max_via	mao_direcao	divisao_via1	divisao_via2	divisao_via3
195	2018-01-08T00:00:00	14:42:00	SEM VÍTIMA	FINALIZADA	NOVA DESCOBERTA	RUA DANTAS	117	""	PROX. A CASA DO INSPETOR FILHO, NO ALTO DO CRUZEIRO	RUA DANTAS	117	PROX. A CASA DO INSPETOR FILHO, NO ALTO DO CRUZEIRO	NOVA DESCOBERTA		""	COLISÃO	COLISÃO SEM VÍTIMA	1						1			0		""	""	""	""	""	""	""	""	""	""	""	""	""
196	2018-01-08T00:00:00	14:43:00	SEM VÍTIMA	FINALIZADA	BOA VIAGEM	RUA LUIZ DE FARIA BARBOSA	306	""	NA RUA DA ACADEMIA DE BALLET AGELA BOTTERO	RUA LUIZ DE FARIA BARBOSA	306	NA RUA DA ACADEMIA DE BALLET AGELA BOTTERO	BOA VIAGEM		""	COLISÃO	DOIS AUTOS S/V	2									0		""	""	""	""	""	""	""	""	""	""	""	""	""
197	2018-01-08T00:00:00	14:47:00	SEM VÍTIMA	FINALIZADA	ÁGUA FRIA	AV BEBERIBE	2360	""	DEFRONTE A PERNAMBUCO MOTOS, A CLINICA VETERINARIA	AV BEBERIBE	2360	DEFRONTE A PERNAMBUCO MOTOS, A CLINICA VETERINARIA	ÁGUA FRIA		""	COLISÃO	COLISÃO SEM VÍTIMA	2									0		""	""	""	""	""	""	""	""	""	""	""	""	""
198	2018-01-08T00:00:00	15:24:00	SEM VÍTIMA	FINALIZADA	BOA VIAGEM	RUA FRANCISCO DA CUNHA	129	""	EDF. BELO JARDIM	RUA FRANCISCO DA CUNHA	129	EDF. BELO JARDIM	BOA VIAGEM		""	COLISÃO	COLISÃO SEM VÍTIMA	2									0		""	""	""	""	""	""	""	""	""	""	""	""	""
199	2018-01-08T00:00:00	15:39:00	SEM VÍTIMA	CANCELADA	MADALENA	RUA RENATO DE MEDEIROS	300	""	ASTRAL VEICULOS	RUA RENATO DE MEDEIROS	300	ASTRAL VEICULOS	MADALENA		""	COLISÃO	COLISÃO SEM VÍTIMA	1	1								0		""	""	""	""	""	""	""	""	""	""	""	""	""
200	2018-01-08T00:00:00	16:12:00	SEM VÍTIMA	FINALIZADA	COELHOS	RUA DOS COELHOS	""	""	AO LADO DO IMIP	RUA DOS COELHOS	""	AO LADO DO IMIP	COELHOS		""	COLISÃO	COLISÃO SEM VÍTIMA	1								1	0		""	""	""	""	""	""	""	""	""	""	""	""	""
201	2018-01-08T00:00:00	16:27:00	SEM VÍTIMA	FINALIZADA	BOA VISTA	AV AGAMENON MAGALHAES	""	AV RUI BARBOSA	RUI BARBOSA COM AGAMENOM MAGALHES EM FRENTE A IGREJA DA CAPUNGA.	AV GOVERNADOR AGAMENON MAGALHAES	""	RUI BARBOSA COM AGAMENOM MAGALHES EM FRENTE A IGREJA DA CAPUNGA.	BOA VISTA		""	COLISÃO	COLISÃO SEM VITIMA	1						1			0		""	""	""	""	""	""	""	""	""	""	""	""	""
202	2018-01-08T00:00:00	16:57:00	SEM VÍTIMA	FINALIZADA	VÁRZEA	RUA PROFESSOR ANTONIO COELHO	""	""	NO SEMÁFORO 651	RUA PROFESSOR ANTONIO COELHO	""	NO SEMÁFORO 651	VÁRZEA		""	COLISÃO	COLISÃO SEM VÍTIMA	1	1								0		""	""	""	""	""	""	""	""	""	""	""	""	""
203	2018-01-08T00:00:00	18:22:00	COM VÍTIMA	FINALIZADA	CABANGA	PRC GOVERNADOR PAULO GUERRA	""	""	SEMÁFORO DE Nº662 SENTIDO BOA VIAGEM.	PRC GOVERNADOR PAULO GUERRA	""	SEMÁFORO DE Nº662 SENTIDO BOA VIAGEM.	CABANGA		""	COLISÃO	COLISÃO COM VÍTIMA		1				1				1		""	""	""	""	""	""	""	""	""	""	""	""	""
204	2018-01-08T00:00:00	18:32:00	SEM VÍTIMA	FINALIZADA	MADALENA	AV VISCONDE DE ALBUQUERQUE	123	RUA LOPES DE CARVALHO	COM RUA LOPES DE CARVALHO, ANTES DA FREE SABOR	AV VISCONDE DE ALBUQUERQUE	123	COM RUA LOPES DE CARVALHO, ANTES DA FREE SABOR	MADALENA		""	COLISÃO	MOTO E AUTO	1	1								0		""	""	""	""	""	""	""	""	""	""	""	""	""
205	2018-01-08T00:00:00	18:39:00	SEM VÍTIMA	FINALIZADA	AFOGADOS	RUA MOTOCOLOMBO	""	""	APOS A PONTE, SENT. RECIFE ANTIGO EM FRENTE Á OFICINA TROCÃO	RUA MOTOCOLOMBO	""	APOS A PONTE, SENT. RECIFE ANTIGO EM FRENTE Á OFICINA TROCÃO	AFOGADOS		""	COLISÃO	DOIS AUTOS	2									0		""	""	""	""	""	""	""	""	""	""	""	""	""
206	2018-01-08T00:00:00	20:06:00	SEM VÍTIMA	FINALIZADA	PINA	AV CONSELHEIRO AGUIAR	""	AV ANTONIO DE GOES	CRUZAMENTO COM AV ANTONIO DE GOES	AV CONSELHEIRO AGUIAR	""	CRUZAMENTO COM AV ANTONIO DE GOES	PINA		""	COLISÃO	ONIBUS X CLIO	1					1				0		""	""	""	""	""	""	""	""	""	""	""	""	""
207	2018-01-08T00:00:00	20:57:00	COM VÍTIMA	FINALIZADA	VÁRZEA	AV AFONSO OLINDENSE	""	""	EM FRENTE Á PRAÇA DA VARZEA, AO LADO DA FARMACIA ESPERANÇA	AV AFONSO OLINDENSE	""	EM FRENTE Á PRAÇA DA VARZEA, AO LADO DA FARMACIA ESPERANÇA	VÁRZEA		""	ATROPELAMENTO	ONIBUS E PEDESTRE					1	1				1		""	""	""	""	""	""	""	""	""	""	""	""	""
208	2018-01-08T00:00:00	22:17:00	SEM VÍTIMA	FINALIZADA	CABANGA	RUA CAPITAO TEMUDO	44	""	POR BAIXO DO VIADUTO CAPITAO TEMUDO COLADO COM O MURO DO METRO	RUA CAPITAO TEMUDO	44	POR BAIXO DO VIADUTO CAPITAO TEMUDO COLADO COM O MURO DO METRO	CABANGA		""	COLISÃO	DOIS AUTO	2									0		""	""	""	""	""	""	""	""	""	""	""	""	""
209	2018-01-08T00:00:00	23:41:00	SEM VÍTIMA	FINALIZADA	MADALENA	AV ENGENHEIRO ABDIAS DE CARVALHO	480	""	EM FRENTE DA CASA DE PISCINA IGUI E PROX. DA HABIB´S	AV ENGENHEIRO ABDIAS DE CARVALHO	480	EM FRENTE DA CASA DE PISCINA IGUI E PROX. DA HABIB´S	MADALENA		""	COLISÃO	ONIBUS E AUTO	1					1				0		""	""	""	""	""	""	""	""	""	""	""	""	""
210	2018-01-09T00:00:00	06:27:00	SEM VÍTIMA	FINALIZADA	TORRE	RUA COMPOSITOR JOAO SANTIAGO	17	""	EM FRENTE AO MERCADINHO SAGENTO OSIRES	RUA COMPOSITOR JOAO SANTIAGO	17	EM FRENTE AO MERCADINHO SAGENTO OSIRES	TORRE		""	COLISÃO	COL.S/V,SET.CD	1	1								0		""	""	""	""	""	""	""	""	""	""	""	""	""
211	2018-01-09T00:00:00	06:50:00	SEM VÍTIMA	FINALIZADA	ESPINHEIRO	RUA DO ESPINHEIRO	""	""	AO LADO DO EXTRA, SEMÁFORO 089	RUA DO ESPINHEIRO	""	AO LADO DO EXTRA, SEMÁFORO 089	ESPINHEIRO		""	COLISÃO	SEM VÍTIMAS	1					1				0		""	""	""	""	""	""	""	""	""	""	""	""	""
212	2018-01-09T00:00:00	07:24:00	SEM VÍTIMA	CANCELADA	IMBIRIBEIRA	AV MARECHAL MASCARENHAS DE MORAES	""	""	EM FRENTE A TUPAN	AV MARECHAL MASCARENHAS DE MORAES	""	EM FRENTE A TUPAN	IMBIRIBEIRA		""	COLISÃO	COL.S/VSET.AFOGADO	2									0		""	""	""	""	""	""	""	""	""	""	""	""	""
213	2018-01-09T00:00:00	07:40:00	COM VÍTIMA	FINALIZADA	IMBIRIBEIRA	AV MARECHAL MASCARENHAS DE MORAES	""	""	E/F AO ATACADO DOS PRESENTES, SENTIDO AFOGADOS. SEMÁFORO 310	AV MARECHAL MASCARENHAS DE MORAES	""	E/F AO ATACADO DOS PRESENTES, SENTIDO AFOGADOS. SEMÁFORO 310	IMBIRIBEIRA		""	COLISÃO	COM UMA VÍTIMA EM ATENDIMENTO PELOS BOMBEIROS	1	1								1		""	""	""	""	""	""	""	""	""	""	""	""	""
214	2018-01-09T00:00:00	08:19:00	SEM VÍTIMA	FINALIZADA	BOA VIAGEM	RUA ERNESTO DE PAULA SANTOS	960	""	EM FRENTE AO POSTO SETA	RUA ERNESTO DE PAULA SANTOS	960	EM FRENTE AO POSTO SETA	BOA VIAGEM		""	COLISÃO	DOIS AUTOS	2									0		""	""	""	""	""	""	""	""	""	""	""	""	""
215	2018-01-09T00:00:00	08:22:00	COM VÍTIMA	FINALIZADA	CAMPO GRANDE	RUA OLIVEIRA FONSECA	318	""	NA RUA DO COLEGIO MUNICIPAL MARIO MELO	RUA OLIVEIRA FONSECA	318	NA RUA DO COLEGIO MUNICIPAL MARIO MELO	CAMPO GRANDE		""	COLISÃO	COL..C/V	1	1								2		""	""	""	""	""	""	""	""	""	""	""	""	""
216	2018-01-09T00:00:00	08:26:00	COM VÍTIMA	FINALIZADA	IMBIRIBEIRA	AV MARECHAL MASCARENHAS DE MORAES	""	""	SENTIDO CIDADE, E/F A UPA. SEMÁFORO 310.	AV MARECHAL MASCARENHAS DE MORAES	""	SENTIDO CIDADE, E/F A UPA. SEMÁFORO 310.	IMBIRIBEIRA		""	COLISÃO	COM UMA VÍTIMA JÁ SOCORRIDA		1					1			1		""	""	""	""	""	""	""	""	""	""	""	""	""
217	2018-01-09T00:00:00	08:29:00	SEM VÍTIMA	FINALIZADA	IMBIRIBEIRA	AV MARECHAL MASCARENHAS DE MORAES	149	""	NO INICIO DO VIADUTO DO AEROPORTO	AV MARECHAL MASCARENHAS DE MORAES	149	NO INICIO DO VIADUTO DO AEROPORTO	IMBIRIBEIRA		""	COLISÃO	COL.S/V ,SET.AEROPORTO	1					1				0		""	""	""	""	""	""	""	""	""	""	""	""	""
218	2018-01-09T00:00:00	08:41:00	COM VÍTIMA	FINALIZADA	ESPINHEIRO	RUA CONS PORTELA	""	""	EM FRENTE A GALERIA 23	RUA CONS PORTELA	""	EM FRENTE A GALERIA 23	ESPINHEIRO		""	ATROPELAMENTO	""	1				1					1		""	""	""	""	""	""	""	""	""	""	""	""	""
219	2018-01-09T00:00:00	08:45:00	COM VÍTIMA	FINALIZADA	CAXANGÁ	AV CAXANGA	1753	""	E/F A CENTRO CAR, SENTIDO CIDADE.	AV CAXANGA	1753	E/F A CENTRO CAR, SENTIDO CIDADE.	CAXANGÁ		""	COLISÃO	COM DUAS VÍTIMAS JÁ SOCORRIDAS PELO SAMU. OS VEÍCULOS FORAM REMOVIDOS DO LOCAL E COLOCADOS DENTRO DO ESTACIONAMENTO DA OFICINA.	1	1								2		""	""	""	""	""	""	""	""	""	""	""	""	""
220	2018-01-09T00:00:00	08:57:00	SEM VÍTIMA	CANCELADA	DERBY	RUA CLEMENTE PEREIRA	""	RUA DA BAIXA VERDE	CRUZAMENTO COM A RUA DA BAIXA VERDE	RUA CLEMENTE PEREIRA	""	CRUZAMENTO COM A RUA DA BAIXA VERDE	DERBY		""	COLISÃO	SEM VITIMAS	2									0		""	""	""	""	""	""	""	""	""	""	""	""	""
221	2018-01-09T00:00:00	09:23:00	SEM VÍTIMA	FINALIZADA	SANTO AMARO	AV NORTE	""	""	SENT/CIDADE,EM FRENTE AO 21 CSM QUARTEL DO EXERCITO	AV NORTE	""	SENT/CIDADE,EM FRENTE AO 21 CSM QUARTEL DO EXERCITO	SANTO AMARO		""	COLISÃO	SEM VITIMAS ,VIATURA DA PM	1							1		0		""	""	""	""	""	""	""	""	""	""	""	""	""
222	2018-01-09T00:00:00	11:05:00	SEM VÍTIMA	FINALIZADA	IMBIRIBEIRA	RUA ARQUITETO LUIZ NUNES	1100	""	EM FRENTE DO LAVA JATO DO IRMÃO //POR TRAS DO SUPERMECADO ASSAI	RUA ARQUITETO LUIZ NUNES	1100	EM FRENTE DO LAVA JATO DO IRMÃO //POR TRAS DO SUPERMECADO ASSAI	IMBIRIBEIRA		""	COLISÃO	COL.S/V	2									0		""	""	""	""	""	""	""	""	""	""	""	""	""
223	2018-01-09T00:00:00	11:03:00	SEM VÍTIMA	FINALIZADA	TORRE	RUA JOSE BONIFACIO	""	""	E/F A PADARIA MASSA NOBRE. SEMÁFORO 193	RUA JOSE BONIFACIO	""	E/F A PADARIA MASSA NOBRE. SEMÁFORO 193	TORRE		""	COLISÃO	SEM VÍTIMAS	1					1				0		""	""	""	""	""	""	""	""	""	""	""	""	""
224	2018-01-09T00:00:00	11:17:00	SEM VÍTIMA	FINALIZADA	TORRE	RUA JOSE DE HOLANDA	258	""	EM FRENTE AO ANTIGO SESI DA TORRE	RUA JOSE DE HOLANDA	258	EM FRENTE AO ANTIGO SESI DA TORRE	TORRE		""	COLISÃO	DOIS AUTOS										0		""	""	""	""	""	""	""	""	""	""	""	""	""
225	2018-01-09T00:00:00	12:12:00	SEM VÍTIMA	FINALIZADA	PINA	AV ANTONIO DE GOES	""	""	EM FRENTE A RECEITA FEDERAL / PISTA DA DIREITA	AV ANTONIO DE GOES	""	EM FRENTE A RECEITA FEDERAL / PISTA DA DIREITA	PINA		""	COLISÃO	COLISÃO SEM VÍTIMA	2									0		""	""	""	""	""	""	""	""	""	""	""	""	""
226	2018-01-09T00:00:00	12:19:00	SEM VÍTIMA	FINALIZADA	SANTO ANTÔNIO	RUA DO SOL	""	AV GUARARAPES	CRUZAMENTO COM A GUARARAPES, SENTIDO ESTAÇAO CENTRAL, APOS O SEMAFORO DOS CORREIOS	RUA DO SOL	""	CRUZAMENTO COM A GUARARAPES, SENTIDO ESTAÇAO CENTRAL, APOS O SEMAFORO DOS CORREIOS	SANTO ANTÔNIO		""	COLISÃO	DOIS AUTOS	2									0		""	""	""	""	""	""	""	""	""	""	""	""	""
227	2018-01-09T00:00:00	12:31:00	COM VÍTIMA	FINALIZADA	APIPUCOS	RUA DE APIPUCOS	261	""	EM FRENTE AO EDIFICIO ENGENHO APIPUCOS	RUA DE APIPUCOS	261	EM FRENTE AO EDIFICIO ENGENHO APIPUCOS	APIPUCOS		""	COLISÃO COM CICLISTA	COLISÃO COM VÍTIMA	2			1						1		""	""	""	""	""	""	""	""	""	""	""	""	""
228	2018-01-09T00:00:00	12:55:00	COM VÍTIMA	FINALIZADA	AFLITOS	RUA QUARENTA E OITO	895	""	EM FRENTE AO EDIFICIO ITAPISSUMA COLONIAL	RUA QUARENTA E OITO	895	EM FRENTE AO EDIFICIO ITAPISSUMA COLONIAL	AFLITOS		""	COLISÃO	COLISÃO COM VÍTIMA	1	1								2		""	""	""	""	""	""	""	""	""	""	""	""	""
229	2018-01-09T00:00:00	13:03:00	SEM VÍTIMA	CANCELADA	CAMPO GRANDE	RUA BIANOR DE OLIVEIRA	""	RUA FARIAS NEVES	CRUZAMENTO COM RUA FARIAZ NEVES, PROX. A PRAÇA DE CAMPO GRANDE	RUA BIANOR DE OLIVEIRA	""	CRUZAMENTO COM RUA FARIAZ NEVES, PROX. A PRAÇA DE CAMPO GRANDE	CAMPO GRANDE		""	COLISÃO	AUTO E MOTO	1		1							0		""	""	""	""	""	""	""	""	""	""	""	""	""
230	2018-01-09T00:00:00	13:10:00	SEM VÍTIMA	CANCELADA	ILHA DO LEITE	RUA PAISSANDU	""	""	APOS O HOSP. PORTUGUES, SENTIDO BOA VIAGEM	RUA PAISSANDU	""	APOS O HOSP. PORTUGUES, SENTIDO BOA VIAGEM	ILHA DO LEITE		""	COLISÃO	COLISAÕ SEM VÍTIMAS	2									0		""	""	""	""	""	""	""	""	""	""	""	""	""
231	2018-01-09T00:00:00	13:29:00	SEM VÍTIMA	CANCELADA	BAIRRO DO RECIFE	RUA DO OBSERVATORIO	""	""	EM FRENTE A MARINHA DOS PORTOS	RUA DO OBSERVATORIO	""	EM FRENTE A MARINHA DOS PORTOS	BAIRRO DO RECIFE		""	COLISÃO	COLISÃO SEM VÍTIMA	2									0		""	""	""	""	""	""	""	""	""	""	""	""	""
232	2018-01-09T00:00:00	16:18:00	COM VÍTIMA	FINALIZADA	SANTO AMARO	AV CRUZ CABUGA	""	AV MARIO MELO	COM MÁRIO MELO, SEMÁFORO 171	AV CRUZ CABUGA	""	COM MÁRIO MELO, SEMÁFORO 171	SANTO AMARO		""	COLISÃO	COLISÃO COM VÍTIMA										1		""	""	""	""	""	""	""	""	""	""	""	""	""
233	2018-01-09T00:00:00	16:55:00	COM VÍTIMA	FINALIZADA	BOA VIAGEM	RUA RIBEIRO DE BRITO	""	""	APOS UNISSAU, NA SUBIDA DO VIA DUTO TANCREDO NEVES, SENTIDO AV. RECIFE	RUA RIBEIRO DE BRITO	""	APOS UNISSAU, NA SUBIDA DO VIA DUTO TANCREDO NEVES, SENTIDO AV. RECIFE	BOA VIAGEM		""	COLISÃO	AUTO E MOTO	1	1								1		""	""	""	""	""	""	""	""	""	""	""	""	""
234	2018-01-09T00:00:00	17:33:00	SEM VÍTIMA	FINALIZADA	BOA VIAGEM	AV BOA VIAGEM	""	""	PRIMEIRO JARDIM DE BOA VIAGEM/ DEFRONTE AO EDF JARDINS	AV BOA VIAGEM	""	PRIMEIRO JARDIM DE BOA VIAGEM/ DEFRONTE AO EDF JARDINS	BOA VIAGEM		""	COLISÃO	COLISÃO SEM VITIMA	2									0		""	""	""	""	""	""	""	""	""	""	""	""	""
235	2018-01-09T00:00:00	17:45:00	SEM VÍTIMA	FINALIZADA	BOA VISTA	RUA DOM BOSCO	""	AV GOV AGAMENON MAGALHAES	SEMÁFORO 157 / CRUZ COM A AV AGAMENON MAGA / AO LADO DO HOSPITAL DA RESTAURAÇÃO	RUA DOM BOSCO	""	SEMÁFORO 157 / CRUZ COM A AV AGAMENON MAGA / AO LADO DO HOSPITAL DA RESTAURAÇÃO	BOA VISTA		""	COLISÃO	ENTRE 2 AUTOS. S/V ** GERSON E ALAN NO LOCAL **	2									0		""	""	""	""	""	""	""	""	""	""	""	""	""
236	2018-01-09T00:00:00	18:04:00	SEM VÍTIMA	FINALIZADA	IMBIRIBEIRA	AV MARECHAL MASCARENHAS DE MORAES	1919	""	E/F A COORDENADORIA DOS JUIZADOS ESPECIAIS E A HYUNDAI VEÍCULOS / SNT AEROPORTO / ANTES DO AÇAI	AV MARECHAL MASCARENHAS DE MORAES	1919	E/F A COORDENADORIA DOS JUIZADOS ESPECIAIS E A HYUNDAI VEÍCULOS / SNT AEROPORTO / ANTES DO AÇAI	IMBIRIBEIRA		""	COLISÃO	ENTRE TÁXI E AUTO PASSEIO. S/V	2									0		""	""	""	""	""	""	""	""	""	""	""	""	""
237	2018-01-09T00:00:00	18:57:00	COM VÍTIMA	FINALIZADA	CASA AMARELA	RUA DA HARMONIA	""	RUA DONA ROSA DA FONSECA	CRUZAMENTO COM A RUA DN ROSA DA FONSECA	RUA DA HARMONIA	""	CRUZAMENTO COM A RUA DN ROSA DA FONSECA	CASA AMARELA		""	COLISÃO	AUTO E MOTO	1	1								1		""	""	""	""	""	""	""	""	""	""	""	""	""
238	2018-01-09T00:00:00	19:34:00	SEM VÍTIMA	FINALIZADA	BOMBA DO HEMETÉRIO	RUA CHA DE ALEGRIA	237	""	E/F A PADARIA PAN RECORD E AO CESTÃO DA BOMBA	RUA CHA DE ALEGRIA	237	E/F A PADARIA PAN RECORD E AO CESTÃO DA BOMBA	BOMBA DO HEMETÉRIO		""	COLISÃO	ENTRE AUTO E CAMINHÃO. S/V	1						1			0		""	""	""	""	""	""	""	""	""	""	""	""	""
239	2018-01-09T00:00:00	19:39:00	COM VÍTIMA	FINALIZADA	CURADO	AV PREFEITO ANTONIO PEREIRA	705	""	E/F AO TERMINAL RODOVIÁRIO ((TIP)) / NA SAÍDA DO ESTACIONAMENTO	AV PREFEITO ANTONIO PEREIRA	705	E/F AO TERMINAL RODOVIÁRIO ((TIP)) / NA SAÍDA DO ESTACIONAMENTO	CURADO		""	COLISÃO	ENTRE AUTO E ÔNIBUS. C/V	1					1				1		""	""	""	""	""	""	""	""	""	""	""	""	""
240	2018-01-09T00:00:00	20:21:00	SEM VÍTIMA	FINALIZADA	CORDEIRO	RUA TAMBORIL	18	""	ENF: A JOAO DA CARNE DE SOL (RESTAURANTE)	RUA TAMBORIL	18	ENF: A JOAO DA CARNE DE SOL (RESTAURANTE)	CORDEIRO		""	COLISÃO	SANDERO X VECTRA	2									0		""	""	""	""	""	""	""	""	""	""	""	""	""
241	2018-01-09T00:00:00	21:18:00	COM VÍTIMA	FINALIZADA	CASA AMARELA	AV DEZESSETE DE AGOSTO	S/N	""	EM FRENTE A CAOA	AV DEZESSETE DE AGOSTO	S/N	EM FRENTE A CAOA	CASA AMARELA		""	COLISÃO	""	1	1								1		""	""	""	""	""	""	""	""	""	""	""	""	""
242	2018-01-09T00:00:00	22:06:00	SEM VÍTIMA	FINALIZADA	BARRO	RUA MAJOR CHAGAS DE OLIVEIRA	""	""	PROX A AV JOSE RUFINO E AO HOTEL OLIMPIKUS	RUA MAJOR CHAGAS DE OLIVEIRA	""	PROX A AV JOSE RUFINO E AO HOTEL OLIMPIKUS	BARRO		""	COLISÃO	RENNO X AUTO	2									0		""	""	""	""	""	""	""	""	""	""	""	""	""
243	2018-01-10T00:00:00	04:39:00	SEM VÍTIMA	FINALIZADA	GUABIRABA	RUA ALTO DA BICA	""	""	NO TERMINAL DE ÔNIBUS VASCO DA GAMA/ DERBY	RUA ALTO DA BICA	""	NO TERMINAL DE ÔNIBUS VASCO DA GAMA/ DERBY	GUABIRABA		""	CHOQUE	CAMINHOETE CHOCOU-SE CONTRA O MURO DE DUAS CASAS							1			0		""	""	""	""	""	""	""	""	""	""	""	""	""
244	2018-01-10T00:00:00	07:09:00	SEM VÍTIMA	FINALIZADA	MACAXEIRA	AV NORTE	7123	""	E/F A IGREJA PRESBITERIANA. SENTIDO CIDADE, SEMÁFORO 596	AV NORTE	7123	E/F A IGREJA PRESBITERIANA. SENTIDO CIDADE, SEMÁFORO 596	MACAXEIRA		""	COLISÃO	SEM VÍTIMAS	2									0		""	""	""	""	""	""	""	""	""	""	""	""	""
245	2018-01-10T00:00:00	07:13:00	SEM VÍTIMA	FINALIZADA	SANTO AMARO	RUA DA AURORA	""	""	EM FRENTE AO TRIBUNAL DE CONTAS	RUA DA AURORA	""	EM FRENTE AO TRIBUNAL DE CONTAS	SANTO AMARO		""	COLISÃO	SEM VITIMAS	2									0		""	""	""	""	""	""	""	""	""	""	""	""	""
246	2018-01-10T00:00:00	07:24:00	COM VÍTIMA	FINALIZADA	SANTO AMARO	AV NORTE	""	""	E/F AO 21º CFM, SENTIDO SUBÚRBIO. SEMÁFORO 589	AV NORTE	""	E/F AO 21º CFM, SENTIDO SUBÚRBIO. SEMÁFORO 589	SANTO AMARO		""	COLISÃO	COM UMA VÍTIMA. GM NO LOCAL.		1					1			1		""	""	""	""	""	""	""	""	""	""	""	""	""
247	2018-01-10T00:00:00	08:12:00	SEM VÍTIMA	FINALIZADA	ENCRUZILHADA	AV NORTE	2829	""	EM FRENTE AO EXTRA BOM	AV NORTE	2829	EM FRENTE AO EXTRA BOM	ENCRUZILHADA		""	COLISÃO	SEM VÍTIMA	1					1				0		""	""	""	""	""	""	""	""	""	""	""	""	""
248	2018-01-10T00:00:00	08:59:00	SEM VÍTIMA	FINALIZADA	BOA VIAGEM	AV ENGENHEIRO DOMINGOS FERREIRA	2279	""	EM FRENTE A FARMACIA BIGBEM,SEMAFORO 139	AV ENGENHEIRO DOMINGOS FERREIRA	2279	EM FRENTE A FARMACIA BIGBEM,SEMAFORO 139	BOA VIAGEM		""	COLISÃO	SEM VITIMAS	2									0		""	""	""	""	""	""	""	""	""	""	""	""	""
249	2018-01-10T00:00:00	09:25:00	SEM VÍTIMA	CANCELADA	PRADO	AV ENGENHEIRO ABDIAS DE CARVALHO	""	""	E/F A FARMACIA PAGUE MENOS, SENTIDO CIDADE.	AV ENGENHEIRO ABDIAS DE CARVALHO	""	E/F A FARMACIA PAGUE MENOS, SENTIDO CIDADE.	PRADO		""	COLISÃO	SEM VÍTIMAS. VT 17 NO LOCAL	1	1								0		""	""	""	""	""	""	""	""	""	""	""	""	""
250	2018-01-10T00:00:00	09:26:00	SEM VÍTIMA	CANCELADA	IPSEP	RUA JEAN EMILE FAVRE	""	""	AO DA PADARIA PAO NORTE	RUA JEAN EMILE FAVRE	""	AO DA PADARIA PAO NORTE	IPSEP		""	COLISÃO	DOIS AUTOS	2									0		""	""	""	""	""	""	""	""	""	""	""	""	""
251	2018-01-10T00:00:00	10:53:00	SEM VÍTIMA	FINALIZADA	ESTÂNCIA	AV RECIFE	29	""	E/F AO POSTO PETROBRAS, SENTIDO CAXANGÁ	AV RECIFE	29	E/F AO POSTO PETROBRAS, SENTIDO CAXANGÁ	ESTÂNCIA		""	COLISÃO	SEM VÍTIMAS.	1						1			0		""	""	""	""	""	""	""	""	""	""	""	""	""
252	2018-01-10T00:00:00	11:07:00	SEM VÍTIMA	FINALIZADA	BONGI	AV ENGENHEIRO ABDIAS DE CARVALHO	""	""	EM FRENTE A DROGARIA BONGI / SENT SUB	AV ENGENHEIRO ABDIAS DE CARVALHO	""	EM FRENTE A DROGARIA BONGI / SENT SUB	BONGI		""	ENGAVETAMENTO	DOIS AUTOS UM ONIBUS E UMACARRETA	2					1	1			0		""	""	""	""	""	""	""	""	""	""	""	""	""
253	2018-01-10T00:00:00	11:20:00	SEM VÍTIMA	FINALIZADA	DERBY	PRC DO DERBY	S/N	""	QUARTEL DO DERBY	PRC DO DERBY	S/N	QUARTEL DO DERBY	DERBY		""	COLISÃO	COLISÃO SEM VÍTIMA ENVOLVENDO VIATURA DA POLICIA CIVIL E MOTOCICLETA		1						1		0		""	""	""	""	""	""	""	""	""	""	""	""	""
254	2018-01-10T00:00:00	11:56:00	SEM VÍTIMA	CANCELADA	BOA VIAGEM	AV CONSELHEIRO AGUIAR	2333	""	EMPRESARIAL JOÃO ROMA	AV CONSELHEIRO AGUIAR	2333	EMPRESARIAL JOÃO ROMA	BOA VIAGEM		""	COLISÃO	SEM VÍTIMAS						1		1		0		""	""	""	""	""	""	""	""	""	""	""	""	""
255	2018-01-10T00:00:00	13:11:00	COM VÍTIMA	FINALIZADA	CASA AMARELA	AV NORTE	""	""	EM FRENTE A RETIFICA PADRÃO	AV NORTE	""	EM FRENTE A RETIFICA PADRÃO	CASA AMARELA		""	ATROPELAMENTO	MOTOCICLETA E PEDESTRE		1			1					1		""	""	""	""	""	""	""	""	""	""	""	""	""
256	2018-01-10T00:00:00	13:21:00	COM VÍTIMA	FINALIZADA	BONGI	RUA ACAJUTIBA	""	""	TERMINAL DO ONIBUS DO BONGI	RUA ACAJUTIBA	""	TERMINAL DO ONIBUS DO BONGI	BONGI		""	ATROPELAMENTO	AUTO E PEDESTRE( SENHORA)	1				1					1		""	""	""	""	""	""	""	""	""	""	""	""	""
257	2018-01-10T00:00:00	13:54:00	SEM VÍTIMA	FINALIZADA	IMBIRIBEIRA	AV MARECHAL MASCARENHAS DE MORAES	141	""	ANTES DO VIA DUTO TANCREDO NEVES, SEMAFORO 471, SENTIDO AFOGADOS	AV MARECHAL MASCARENHAS DE MORAES	141	ANTES DO VIA DUTO TANCREDO NEVES, SEMAFORO 471, SENTIDO AFOGADOS	IMBIRIBEIRA		""	COLISÃO	AUTO E ONIBUS 	1					1				0		""	""	""	""	""	""	""	""	""	""	""	""	""