_id	DATA	hora	natureza_acidente	situacao	bairro	endereco	numero	detalhe_endereco_acidente	complemento	endereco_cruzamento	numero_cruzamento	referencia_cruzamento	bairro_cruzamento	num_semaforo	sentido_via	tipo	descricao	auto	moto	ciclom	ciclista	pedestre	onibus	caminhao	viatura	outros	vitimas	vitimasfatais	acidente_verificado	tempo_clima	situacao_semaforo	sinalizacao	condicao_via	conservacao_via	ponto_controle	situacao_placa	velocidade_max_via	mao_direcao	divisao_via1	divisao_via2	divisao_via3
258	2018-01-10T00:00:00	14:02:00	SEM VÍTIMA	FINALIZADA	BAIRRO DO RECIFE	AV ENGENHEIRO JOSE ESTELITA	""	""	DEFRONTE A LOMBADA , SENTIDO RIO MAR	AV ENGENHEIRO JOSE ESTELITA	""	DEFRONTE A LOMBADA , SENTIDO RIO MAR	BAIRRO DO RECIFE		""	COLISÃO	COLISÃO SEM VITIMA	1						1			0		""	""	""	""	""	""	""	""	""	""	""	""	""
259	2018-01-10T00:00:00	14:49:00	SEM VÍTIMA	FINALIZADA	IMBIRIBEIRA	AV MARECHAL MASCARENHAS DE MORAES	6211	""	DEFRONTE A NAC E AO MARTELINHO DE OURO, AO LADO DA INFRAERO, SENTIDO PRAZERES	AV MARECHAL MASCARENHAS DE MORAES	6211	DEFRONTE A NAC E AO MARTELINHO DE OURO, AO LADO DA INFRAERO, SENTIDO PRAZERES	IMBIRIBEIRA		""	COLISÃO	COLISÃO SEM VITIMA	1						1			0		""	""	""	""	""	""	""	""	""	""	""	""	""
260	2018-01-10T00:00:00	14:59:00	SEM VÍTIMA	FINALIZADA	IMBIRIBEIRA	AV MARECHAL MASCARENHAS DE MORAES	7955	""	NO FINAL DO MURO DO AEROPORTO, SENTIDO SUB/CIDADE	AV MARECHAL MASCARENHAS DE MORAES	7955	NO FINAL DO MURO DO AEROPORTO, SENTIDO SUB/CIDADE	IMBIRIBEIRA		""	ENGAVETAMENTO	DOIS AUTOS E UMA VT DE TRANSITO DE JABOATAO	2							1		0		""	""	""	""	""	""	""	""	""	""	""	""	""
261	2018-01-10T00:00:00	15:22:00	SEM VÍTIMA	CANCELADA	ENCRUZILHADA	RUA OLIMPIO DE ARROUXELAS GALVAO	196	""	E/F AO EDF NETY / NA PRAÇA DOS CAMIONEIROS	RUA OLIMPIO DE ARROUXELAS GALVAO	196	E/F AO EDF NETY / NA PRAÇA DOS CAMIONEIROS	ENCRUZILHADA		""	COLISÃO	2 AUTOS. S/V	2									0		""	""	""	""	""	""	""	""	""	""	""	""	""
262	2018-01-10T00:00:00	15:25:00	SEM VÍTIMA	CANCELADA	SANTO AMARO	AV MARIO MELO	""	""	AO LADO DO COLEGIO SIZENANDO SILVEIRA	AV MARIO MELO	""	AO LADO DO COLEGIO SIZENANDO SILVEIRA	SANTO AMARO		""	COLISÃO	DOIS AUTOS S/V	2									0		""	""	""	""	""	""	""	""	""	""	""	""	""
263	2018-01-10T00:00:00	16:40:00	SEM VÍTIMA	FINALIZADA	ÁGUA FRIA	AV BEBERIBE	2143	""	POSTO DE GASOLINA BR, A AO ARRASTAPE	AV BEBERIBE	2143	POSTO DE GASOLINA BR, A AO ARRASTAPE	ÁGUA FRIA		""	COLISÃO	COLISÃO SEM VITIMA	1					1				0		""	""	""	""	""	""	""	""	""	""	""	""	""
264	2018-01-10T00:00:00	17:09:00	SEM VÍTIMA	CANCELADA	TOTÓ	RUA PAULINO DE FARIAS	200	""	PADARIA ANA BETH	RUA PAULINO DE FARIAS	200	PADARIA ANA BETH	TOTÓ		""	COLISÃO	DUAS MOTO		2								0		""	""	""	""	""	""	""	""	""	""	""	""	""
265	2018-01-10T00:00:00	18:23:00	SEM VÍTIMA	FINALIZADA	BOA VISTA	AV GOVERNADOR CARLOS DE LIMA CAVALCANTI	168	""	E/F A ESCOLA LEALCE E A CLÍNICA LUCILO MARANHÃO. SNT CIDADE	AV GOVERNADOR CARLOS DE LIMA CAVALCANTI	168	E/F A ESCOLA LEALCE E A CLÍNICA LUCILO MARANHÃO. SNT CIDADE	BOA VISTA		""	COLISÃO	2 AUTOS. S/V	2									0		""	""	""	""	""	""	""	""	""	""	""	""	""
266	2018-01-10T00:00:00	18:26:00	COM VÍTIMA	FINALIZADA	TAMARINEIRA	RUA SIMAO MENDES	200	""	""	RUA SIMAO MENDES	200	""	TAMARINEIRA		""	COLISÃO	SANDERO X MOTO	1	1								1		""	""	""	""	""	""	""	""	""	""	""	""	""
267	2018-01-10T00:00:00	19:14:00	SEM VÍTIMA	FINALIZADA	MADALENA	RUA REAL DA TORRE	S/N	RUA LOPES DE CARVALHO	CRUZAMENTO COM A RUA LOPES DE CARVALHO PROX AO COLEGIO PROF PAULO FREIRE	RUA REAL DA TORRE	S/N	CRUZAMENTO COM A RUA LOPES DE CARVALHO PROX AO COLEGIO PROF PAULO FREIRE	MADALENA		""	COLISÃO	MERIVA X HB20	2									0		""	""	""	""	""	""	""	""	""	""	""	""	""
268	2018-01-10T00:00:00	19:20:00	COM VÍTIMA	CANCELADA	IMBIRIBEIRA	AV MARECHAL MASCARENHAS DE MORAES	1482	""	ENF AO DEPOSITO DA LASER ELETRO	AV MARECHAL MASCARENHAS DE MORAES	1482	ENF AO DEPOSITO DA LASER ELETRO	IMBIRIBEIRA		""	COLISÃO	AUTO E MOTO	1	1								1		""	""	""	""	""	""	""	""	""	""	""	""	""
269	2018-01-11T00:00:00	01:36:00	SEM VÍTIMA	FINALIZADA	VÁRZEA	AV BARAO DE BONITO	515	""	PRÓXIMO A FÁBRICA DA BRASILIT // EM FRENTE AO SUPERMERCADO BEM MAIS BARATO	AV BARAO DE BONITO	515	PRÓXIMO A FÁBRICA DA BRASILIT // EM FRENTE AO SUPERMERCADO BEM MAIS BARATO	VÁRZEA		""	CHOQUE	CAMINHÃO CHOCOU-SE CONTRA O MURO DO EDIFÍCIO							1			0		""	""	""	""	""	""	""	""	""	""	""	""	""
270	2018-01-11T00:00:00	03:18:00	SEM VÍTIMA	FINALIZADA	BOA VIAGEM	RUA DEZ DE JULHO	""	RUA CAMBOIM	CRUZAMENTO COM ACOM A RUA CAMBOIM, SENTIDO BOA VIAGEM, EM FRENTE A CASA DE FESTA MAILSON CRISTAL	RUA DEZ DE JULHO	""	CRUZAMENTO COM ACOM A RUA CAMBOIM, SENTIDO BOA VIAGEM, EM FRENTE A CASA DE FESTA MAILSON CRISTAL	BOA VIAGEM		""	COLISÃO	COLISÃO ENTRE AUTO E CAMINHÃO S/V	1						1			0		""	""	""	""	""	""	""	""	""	""	""	""	""
271	2018-01-11T00:00:00	06:22:00	COM VÍTIMA	FINALIZADA	CASA FORTE	AV DEZESSETE DE AGOSTO	""	""	E/F AO PARQUE REGIONAL MANUTENÇÃO 7º MINISTÉRIO DO EXÉRCITO.	AV DEZESSETE DE AGOSTO	""	E/F AO PARQUE REGIONAL MANUTENÇÃO 7º MINISTÉRIO DO EXÉRCITO.	CASA FORTE		""	COLISÃO	COM UMA VÍTIMA.						2				1		""	""	""	""	""	""	""	""	""	""	""	""	""
272	2018-01-11T00:00:00	07:08:00	SEM VÍTIMA	FINALIZADA	PINA	AV ANTONIO DE GOES	""	""	EM FRENTE DA PRF	AV ANTONIO DE GOES	""	EM FRENTE DA PRF	PINA		""	COLISÃO	COL.S/V	1					1				0		""	""	""	""	""	""	""	""	""	""	""	""	""
273	2018-01-11T00:00:00	07:34:00	SEM VÍTIMA	FINALIZADA	GRAÇAS	RUA JOAQUIM NABUCO	677	""	EM FRENTE ACADEMIA TRENO FIT	RUA JOAQUIM NABUCO	677	EM FRENTE ACADEMIA TRENO FIT	GRAÇAS		""	COLISÃO	COL.C/V	1	1								0		""	""	""	""	""	""	""	""	""	""	""	""	""
274	2018-01-11T00:00:00	07:50:00	SEM VÍTIMA	FINALIZADA	IMBIRIBEIRA	RUA CONEGO JULIO CABRAL	820	""	AO LADO DA EQUIPADORA UNIVERSAL / SEMAFORO 532	RUA CONEGO JULIO CABRAL	820	AO LADO DA EQUIPADORA UNIVERSAL / SEMAFORO 532	IMBIRIBEIRA		""	COLISÃO	DOIS AUTOS	2									0		""	""	""	""	""	""	""	""	""	""	""	""	""
275	2018-01-11T00:00:00	08:30:00	COM VÍTIMA	FINALIZADA	ARRUDA	RUA DAS MOCAS	57	""	POR TRAS DO CAMPO DO ARRUDA	RUA DAS MOCAS	57	POR TRAS DO CAMPO DO ARRUDA	ARRUDA		""	COLISÃO COM CICLISTA	COL.C/V	1			1						1		""	""	""	""	""	""	""	""	""	""	""	""	""
276	2018-01-11T00:00:00	08:33:00	COM VÍTIMA	FINALIZADA	AREIAS	AV DR JOSE RUFINO	""	""	SENTIDO CENTRO. PRÓXINMO AO ACESSO DA BR-101	AV DR JOSE RUFINO	""	SENTIDO CENTRO. PRÓXINMO AO ACESSO DA BR-101	AREIAS		""	COLISÃO	COM VÍTIMA. MOTOCICLISTA TOMBOU COM A MOTOCICLETA.		1								1		""	""	""	""	""	""	""	""	""	""	""	""	""
277	2018-01-11T00:00:00	10:28:00	SEM VÍTIMA	FINALIZADA	ALTO JOSÉ BONIFÁCIO	RUA ALTO DA SERRINHA	66	""	EM FRENTE AO ARMAZEM SHALON	RUA ALTO DA SERRINHA	66	EM FRENTE AO ARMAZEM SHALON	ALTO JOSÉ BONIFÁCIO		""	COLISÃO	ONIBUS E AUTO	1					1				0		""	""	""	""	""	""	""	""	""	""	""	""	""
278	2018-01-11T00:00:00	10:46:00	SEM VÍTIMA	FINALIZADA	SANTO AMARO	RUA BARROS BARRETO	""	""	E/F A ESCOLA ESTADUAL ESTACIO COIMBRA	RUA BARROS BARRETO	""	E/F A ESCOLA ESTADUAL ESTACIO COIMBRA	SANTO AMARO		""	COLISÃO	SEM VÍTIMAS	2									0		""	""	""	""	""	""	""	""	""	""	""	""	""
279	2018-01-11T00:00:00	10:55:00	SEM VÍTIMA	FINALIZADA	SANTO AMARO	AV GOVERNADOR AGAMENON MAGALHAES	""	""	SEMAforo 049,SOBRE A PONTE SENTIDO SANTO AMARO	AV GOVERNADOR AGAMENON MAGALHAES	""	SEMAforo 049,SOBRE A PONTE SENTIDO SANTO AMARO	SANTO AMARO		""	CHOQUE	VEICULO CHOCOU-SE COM O POSTE DO SEMAFORO	1									0		""	""	""	""	""	""	""	""	""	""	""	""	""
280	2018-01-11T00:00:00	11:19:00	SEM VÍTIMA	FINALIZADA	SAN MARTIN	AV GENERAL SAN MARTIN	""	""	PRÓXIMO A LOMBADA ELETRÔNICA E A CAVALARIA DA PMPE	AV GENERAL SAN MARTIN	""	PRÓXIMO A LOMBADA ELETRÔNICA E A CAVALARIA DA PMPE	SAN MARTIN		""	COLISÃO	ENVOLVENDO A VIATURA DA PMPE E AUTO PASSEIO	1							1		0		""	""	""	""	""	""	""	""	""	""	""	""	""
281	2018-01-11T00:00:00	11:30:00	SEM VÍTIMA	FINALIZADA	ILHA DO LEITE	RUA DOS COELHOS	""	""	EM FRENTE DA ESCOLA MUNICIPAL DOS COELHO	RUA DOS COELHOS	""	EM FRENTE DA ESCOLA MUNICIPAL DOS COELHO	ILHA DO LEITE		""	COLISÃO	COL.S/V	2									0		""	""	""	""	""	""	""	""	""	""	""	""	""
282	2018-01-11T00:00:00	12:20:00	COM VÍTIMA	FINALIZADA	BOA VISTA	TRV CORREIA NETO	""	""	AO LADO DA ASSEMBLEIA LEGISLATIVA	TRV CORREIA NETO	""	AO LADO DA ASSEMBLEIA LEGISLATIVA	BOA VISTA		""	COLISÃO	COLISÃO COM VITIMA	1	1								1		""	""	""	""	""	""	""	""	""	""	""	""	""
283	2018-01-11T00:00:00	12:28:00	SEM VÍTIMA	FINALIZADA	ESTÂNCIA	RUA SAO MIGUEL	2072	""	PROX. AO COLEGIO VISAO, EM FRENTE AO POSTO IPIRANGA, SENTIDO AREIAS	RUA SAO MIGUEL	2072	PROX. AO COLEGIO VISAO, EM FRENTE AO POSTO IPIRANGA, SENTIDO AREIAS	ESTÂNCIA		""	COLISÃO	AUTO E CAMINHAO	1						1			0		""	""	""	""	""	""	""	""	""	""	""	""	""
284	2018-01-11T00:00:00	12:37:00	SEM VÍTIMA	FINALIZADA	JARDIM SÃO PAULO	AV RECIFE	""	""	EM FRENTE AO POSTO TOTAL, SEMAFORO 261, SENTIDO BR	AV RECIFE	""	EM FRENTE AO POSTO TOTAL, SEMAFORO 261, SENTIDO BR	JARDIM SÃO PAULO		""	ENGAVETAMENTO	TREA AUTOS	3									0		""	""	""	""	""	""	""	""	""	""	""	""	""
285	2018-01-11T00:00:00	13:02:00	SEM VÍTIMA	FINALIZADA	ILHA DO RETIRO	RUA SPORT CLUBE DO RECIFE	""	""	EM FRENTE AO TÚNEL CHICO SCIENCE	RUA SPORT CLUBE DO RECIFE	""	EM FRENTE AO TÚNEL CHICO SCIENCE	ILHA DO RETIRO		""	COLISÃO	COLISÃO SEM VÍTIMA	2									0		""	""	""	""	""	""	""	""	""	""	""	""	""
286	2018-01-11T00:00:00	13:35:00	SEM VÍTIMA	FINALIZADA	BOA VIAGEM	RUA RIBEIRO DE BRITO	530	""	NA RUA DO CANAL, SENTIDO TANGREDO NEVES / GALERIA DO EMPRESARIAL MONTEIRO DE MELO	RUA RIBEIRO DE BRITO	530	NA RUA DO CANAL, SENTIDO TANGREDO NEVES / GALERIA DO EMPRESARIAL MONTEIRO DE MELO	BOA VIAGEM		""	COLISÃO	COLISÃO SEM VITIMAS	2									0		""	""	""	""	""	""	""	""	""	""	""	""	""
287	2018-01-11T00:00:00	13:53:00	COM VÍTIMA	FINALIZADA	IPSEP	RUA FRANCISCO BARRETO	""	""	DEFRONTE AO 19º	RUA FRANCISCO BARRETO	""	DEFRONTE AO 19º	IPSEP		""	COLISÃO	COLISÃO COM VITIMA/ CARRO E MOTO	1	1								1		""	""	""	""	""	""	""	""	""	""	""	""	""
288	2018-01-11T00:00:00	14:19:00	SEM VÍTIMA	FINALIZADA	GUABIRABA	AV DA RECUPERACAO	""	""	PERTO DO LADO DA MARACANÃ	AV DA RECUPERACAO	""	PERTO DO LADO DA MARACANÃ	GUABIRABA		""	COLISÃO	COLISÃO SEM VITIMAS	1					1				0		""	""	""	""	""	""	""	""	""	""	""	""	""
289	2018-01-11T00:00:00	14:20:00	SEM VÍTIMA	FINALIZADA	BOA VIAGEM	AV CONSELHEIRO AGUIAR	4741	""	AO LADO BRADESCO	AV CONSELHEIRO AGUIAR	4741	AO LADO BRADESCO	BOA VIAGEM		""	COLISÃO	AUTO E ONIBUS 	1					1				0		""	""	""	""	""	""	""	""	""	""	""	""	""
290	2018-01-11T00:00:00	15:00:00	SEM VÍTIMA	FINALIZADA	AREIAS	AV RECIFE	""	""	SENTIDO BOA VIAGEM EM FRENTE AO SUPERMERCADO ECONOMICO	AV RECIFE	""	SENTIDO BOA VIAGEM EM FRENTE AO SUPERMERCADO ECONOMICO	AREIAS		""	COLISÃO	COLISÃO SEM VITIMAS	1	1								0		""	""	""	""	""	""	""	""	""	""	""	""	""
291	2018-01-11T00:00:00	15:05:00	SEM VÍTIMA	CANCELADA	BEBERIBE	AV BEBERIBE	""	""	PRAÇA DA CONVENÇÃO EJUNTO AO MERCADO PUBLICO	AV BEBERIBE	""	PRAÇA DA CONVENÇÃO EJUNTO AO MERCADO PUBLICO	BEBERIBE		""	COLISÃO	COLISÃO SEM VITMAS	1								1	0		""	""	""	""	""	""	""	""	""	""	""	""	""
292	2018-01-11T00:00:00	15:30:00	SEM VÍTIMA	FINALIZADA	BOA VIAGEM	AV CONSELHEIRO AGUIAR	3321	""	EM FRENTE AO EDIFICIO NOSSA SENHORA DA PAZ	AV CONSELHEIRO AGUIAR	3321	EM FRENTE AO EDIFICIO NOSSA SENHORA DA PAZ	BOA VIAGEM		""	COLISÃO	COLISÃO SEM VITIMAS	1	1								0		""	""	""	""	""	""	""	""	""	""	""	""	""
293	2018-01-11T00:00:00	16:39:00	COM VÍTIMA	FINALIZADA	IMBIRIBEIRA	AV GENERAL MAC ARTHUR	211	""	PROX A ESTAÇÃO ANTONIO FALCÃO EM FRENTE A LOJA DE PADARIA PADEIRÃO	AV GENERAL MAC ARTHUR	211	PROX A ESTAÇÃO ANTONIO FALCÃO EM FRENTE A LOJA DE PADARIA PADEIRÃO	IMBIRIBEIRA		""	COLISÃO	COLISÃO COM VITIMA MOTOCICLISTA A ESPERA DO SAMU	1	1								1		""	""	""	""	""	""	""	""	""	""	""	""	""
294	2018-01-11T00:00:00	16:59:00	SEM VÍTIMA	FINALIZADA	BOA VISTA	RUA DO HOSPICIO	""	""	EM FRENTE A LOJA AMERICANA	RUA DO HOSPICIO	""	EM FRENTE A LOJA AMERICANA	BOA VISTA		""	COLISÃO	COLISÃO SEM VÍTIMA	2									0		""	""	""	""	""	""	""	""	""	""	""	""	""
295	2018-01-11T00:00:00	17:23:00	SEM VÍTIMA	FINALIZADA	BOA VIAGEM	RUA RIBEIRO DE BRITO	""	RUA SIMOES BARBOSA	CRUZ COM A REUA SIMOES BARBOSA EM FRENTE A LOTERICA	RUA RIBEIRO DE BRITO	""	CRUZ COM A REUA SIMOES BARBOSA EM FRENTE A LOTERICA	BOA VIAGEM		""	COLISÃO	COLISÃO SEM VITIMAS	2									0		""	""	""	""	""	""	""	""	""	""	""	""	""
296	2018-01-11T00:00:00	18:02:00	SEM VÍTIMA	FINALIZADA	BOA VIAGEM	RUA PADRE CARAPUCEIRO	22	""	PROX. DO SHOPPING RECIFE EM FRENTE Á GALERIA SANTO ANTONIO	RUA PADRE CARAPUCEIRO	22	PROX. DO SHOPPING RECIFE EM FRENTE Á GALERIA SANTO ANTONIO	BOA VIAGEM		""	COLISÃO	DOIS AUTOS	2									0		""	""	""	""	""	""	""	""	""	""	""	""	""
297	2018-01-11T00:00:00	19:26:00	SEM VÍTIMA	FINALIZADA	IPSEP	RUA JEAN EMILE FAVRE	""	""	EM FRENTE Á PRAÇA DA MAURICEIA	RUA JEAN EMILE FAVRE	""	EM FRENTE Á PRAÇA DA MAURICEIA	IPSEP		""	COLISÃO	DOIS AUTOS	2									0		""	""	""	""	""	""	""	""	""	""	""	""	""
298	2018-01-11T00:00:00	19:54:00	SEM VÍTIMA	FINALIZADA	DERBY	RUA JENER DE SOUZA	202	RUA AMAURI DE MEDEIROS	CRUZ COM A R AMAURI DE MENDEIROS. PROX AO QUARTEL DO DERBY	RUA JENER DE SOUZA	202	CRUZ COM A R AMAURI DE MENDEIROS. PROX AO QUARTEL DO DERBY	DERBY		""	COLISÃO	ÕNIBUAS E AUTO. S/V	1									0		""	""	""	""	""	""	""	""	""	""	""	""	""
299	2018-01-11T00:00:00	20:53:00	SEM VÍTIMA	FINALIZADA	CASA AMARELA	RUA CONS NABUCO	444	""	ESQUINA COM O EDF DORIA CAMARO / PROX AO POSTO BR	RUA CONS NABUCO	444	ESQUINA COM O EDF DORIA CAMARO / PROX AO POSTO BR	CASA AMARELA		""	COLISÃO	2 AUTOS. S/V	2									0		""	""	""	""	""	""	""	""	""	""	""	""	""
300	2018-01-11T00:00:00	21:12:00	SEM VÍTIMA	FINALIZADA	SANTO AMARO	RUA TREZE DE MAIO	""	""	EM FRENTE DO CENTRO EDUCACIONAL	RUA TREZE DE MAIO	""	EM FRENTE DO CENTRO EDUCACIONAL	SANTO AMARO		""	COLISÃO	DOIS AUTOS, VT-15 NO LOCAL	2									0		""	""	""	""	""	""	""	""	""	""	""	""	""
301	2018-01-11T00:00:00	21:36:00	COM VÍTIMA	CANCELADA	VÁRZEA	AV AFONSO OLINDENSE	730	""	ANTES DA LOMBADA ELETRONICA	AV AFONSO OLINDENSE	730	ANTES DA LOMBADA ELETRONICA	VÁRZEA		""	COLISÃO	MOTO E AUTO	1	1								1		""	""	""	""	""	""	""	""	""	""	""	""	""
302	2018-01-11T00:00:00	23:08:00	SEM VÍTIMA	FINALIZADA	VASCO DA GAMA	RUA CANAPI	56	""	E/F A ESCOLA CHICO SCIENCE E PROX A QUDRA DO VASCO // CASA	RUA CANAPI	56	E/F A ESCOLA CHICO SCIENCE E PROX A QUDRA DO VASCO // CASA	VASCO DA GAMA		""	CHOQUE	CHOQUE ENTRE AUTO PASSEIO E PORTÃO DE GARAGEM . S/V	1									0		""	""	""	""	""	""	""	""	""	""	""	""	""
303	2018-01-12T00:00:00	05:38:00	VÍTIMA FATAL	FINALIZADA	IMBIRIBEIRA	VIADUTO TANCREDO NEVES	""	""	EM CIMA DO VIADUTO TANCREDO NEVES	VIADUTO TANCREDO NEVES	""	EM CIMA DO VIADUTO TANCREDO NEVES	IMBIRIBEIRA		""	COLISÃO	MOTOCICLISTA BATEU NA MURETA E CAIU SOB VIADUTO		1									1	""	""	""	""	""	""	""	""	""	""	""	""	""
304	2018-01-12T00:00:00	06:01:00	SEM VÍTIMA	CANCELADA	IPSEP	RUA JEAN EMILE FAVRE	""	RUA BLUMENAU	CRUZAMENTO COM A RUA BLUMENAU,SEMAFORO 101	RUA JEAN EMILE FAVRE	""	CRUZAMENTO COM A RUA BLUMENAU,SEMAFORO 101	IPSEP		""	COLISÃO	SEM VITIMAS	2									0		""	""	""	""	""	""	""	""	""	""	""	""	""
305	2018-01-12T00:00:00	06:38:00	SEM VÍTIMA	FINALIZADA	TORRÕES	AV BICENTENARIO DA REVOLUCAO FRANCESA	95	""	EM FRENTE DA LOJINHA FRANCER	AV BICENTENARIO DA REVOLUCAO FRANCESA	95	EM FRENTE DA LOJINHA FRANCER	TORRÕES		""	COLISÃO	COL.S/V,SET.CD	1						1			0		""	""	""	""	""	""	""	""	""	""	""	""	""
306	2018-01-12T00:00:00	06:56:00	COM VÍTIMA	FINALIZADA	MONTEIRO	AV DEZESSETE DE AGOSTO	2078	""	EM FRENTE A ESCOLA SILVA JARDIM	AV DEZESSETE DE AGOSTO	2078	EM FRENTE A ESCOLA SILVA JARDIM	MONTEIRO		""	COLISÃO	COLISÃO COM VITIMA A ESPERA DO SAMU		1				1				1		""	""	""	""	""	""	""	""	""	""	""	""	""
307	2018-01-12T00:00:00	07:25:00	COM VÍTIMA	CANCELADA	CAMPO GRANDE	RUA CATULO DA PAIXAO CEARENSE	480	RUA PROFESSOR FRANCISCO TRINDADE	CRUZ RUA PROFESSOR FRANCISCO DA TRINDADE	RUA CATULO DA PAIXAO CEARENSE	480	CRUZ RUA PROFESSOR FRANCISCO DA TRINDADE	CAMPO GRANDE		""	COLISÃO	VAN E MOTO	1	1								2		""	""	""	""	""	""	""	""	""	""	""	""	""
308	2018-01-12T00:00:00	07:49:00	SEM VÍTIMA	FINALIZADA	BOA VIAGEM	RUA PADRE CARAPUCEIRO	590	""	EM FRENTE AO COLEGIO MOTIVO	RUA PADRE CARAPUCEIRO	590	EM FRENTE AO COLEGIO MOTIVO	BOA VIAGEM		""	COLISÃO	COLISÃO SEM VITIMAS	1								1	0		""	""	""	""	""	""	""	""	""	""	""	""	""
309	2018-01-12T00:00:00	07:52:00	SEM VÍTIMA	FINALIZADA	BOA VISTA	RUA DA SOLEDADE	293	""	NA RUA DO ALTINO VENTURA	RUA DA SOLEDADE	293	NA RUA DO ALTINO VENTURA	BOA VISTA		""	COLISÃO	COL.S/V	2									0		""	""	""	""	""	""	""	""	""	""	""	""	""
310	2018-01-12T00:00:00	07:57:00	SEM VÍTIMA	FINALIZADA	CAMPO GRANDE	RUA FRANKLIN TAVORA	24	""	EM AO EDF HENRIQUE TAVORA	RUA FRANKLIN TAVORA	24	EM AO EDF HENRIQUE TAVORA	CAMPO GRANDE		""	COLISÃO	DOIS AUTOS	2									0		""	""	""	""	""	""	""	""	""	""	""	""	""
311	2018-01-12T00:00:00	08:33:00	SEM VÍTIMA	FINALIZADA	CAXANGÁ	AV JOAQUIM RIBEIRO	""	""	EM FRENTE AO TERMINAL DE ONIBUS PADRE CICERO SENT CIDADE	AV JOAQUIM RIBEIRO	""	EM FRENTE AO TERMINAL DE ONIBUS PADRE CICERO SENT CIDADE	CAXANGÁ		""	COLISÃO	TRES AUTOS	2									0		""	""	""	""	""	""	""	""	""	""	""	""	""
312	2018-01-12T00:00:00	10:15:00	SEM VÍTIMA	FINALIZADA	CORDEIRO	AV CAXANGA	2200	""	EM FRENTE DA EXPOSIÇÃO DE ANIMAL DO CORDEIRO	AV CAXANGA	2200	EM FRENTE DA EXPOSIÇÃO DE ANIMAL DO CORDEIRO	CORDEIRO		""	COLISÃO	COL. S/V SET.SUB	1						1			0		""	""	""	""	""	""	""	""	""	""	""	""	""
313	2018-01-12T00:00:00	10:50:00	SEM VÍTIMA	CANCELADA	ESTÂNCIA	AV RECIFE	924	""	AO LADO DA FARMACIA BIG BEN	AV RECIFE	924	AO LADO DA FARMACIA BIG BEN	ESTÂNCIA		""	COLISÃO	COLISÃO SEM VITIMAS	1	1								0		""	""	""	""	""	""	""	""	""	""	""	""	""
314	2018-01-12T00:00:00	11:03:00	SEM VÍTIMA	FINALIZADA	CASA AMARELA	EST DO ARRAIAL	3407	""	AO DA FARMACIA PAGUE MENOS	EST DO ARRAIAL	3407	AO DA FARMACIA PAGUE MENOS	CASA AMARELA		""	COLISÃO	SEM VITIMAS,IDOSO ENVOLVIDO NA COLISÃO	2									0		""	""	""	""	""	""	""	""	""	""	""	""	""
315	2018-01-12T00:00:00	11:07:00	SEM VÍTIMA	FINALIZADA	BOA VISTA	RUA MONTE CASTELO	""	""	SENTIDO AGAMENON MAGALHAES EM FRENTE AO BANCO SANTANDER	RUA MONTE CASTELO	""	SENTIDO AGAMENON MAGALHAES EM FRENTE AO BANCO SANTANDER	BOA VISTA		""	COLISÃO	COLISÃO SEM VITIMAS	2									0		""	""	""	""	""	""	""	""	""	""	""	""	""
316	2018-01-12T00:00:00	11:12:00	SEM VÍTIMA	CANCELADA	ROSARINHO	AV NORTE	""	""	PRAÇA DO ROSARINHO ,SEMAFORO 081	AV NORTE	""	PRAÇA DO ROSARINHO ,SEMAFORO 081	ROSARINHO		""	COLISÃO	SEM VITIMAS	2									0		""	""	""	""	""	""	""	""	""	""	""	""	""
317	2018-01-12T00:00:00	11:42:00	SEM VÍTIMA	FINALIZADA	MANGABEIRA	RUA GUIMARAES PEIXOTO	405	""	EM FRENTE AO EDF/SENA, NO RETORNO SENT. CAMPO DO ARRUDA EM FRENTE DO SESC	RUA GUIMARAES PEIXOTO	405	EM FRENTE AO EDF/SENA, NO RETORNO SENT. CAMPO DO ARRUDA EM FRENTE DO SESC	MANGABEIRA		""	COLISÃO	COL.S/V,CD	1						1			0		""	""	""	""	""	""	""	""	""	""	""	""	""
318	2018-01-12T00:00:00	12:07:00	SEM VÍTIMA	FINALIZADA	ARRUDA	AV PROFESSOR JOSE DOS ANJOS	""	EST VELHA DE AGUA FRIA	CRUZ COM A EST VELHA DE ÁGUA FRIA / SEMÁFORO 306.- SNT BEBERIBE	AV PROFESSOR JOSE DOS ANJOS	""	CRUZ COM A EST VELHA DE ÁGUA FRIA / SEMÁFORO 306.- SNT BEBERIBE	ARRUDA		""	COLISÃO	ENTRE AUTO E MOTO. S/V	1	1								0		""	""	""	""	""	""	""	""	""	""	""	""	""
319	2018-01-12T00:00:00	12:07:00	SEM VÍTIMA	CANCELADA	ALTO JOSÉ DO PINHO	RUA CABO EPITACIO LUCENA	136	""	NA RUA DO RESTAURANTE DA PICANHA	RUA CABO EPITACIO LUCENA	136	NA RUA DO RESTAURANTE DA PICANHA	ALTO JOSÉ DO PINHO		""	ACID. DE PERCURSO	CAMINHAO TOMBA NO MEIO DA RUA PROX A UMA DECIDA E O MESMO DERRUBOU UM POSTE							1			0		""	""	""	""	""	""	""	""	""	""	""	""	""
320	2018-01-12T00:00:00	12:25:00	SEM VÍTIMA	CANCELADA	APIPUCOS	RUA MASSARANDUBA	20	""	PROX AO AÇUDE PROX AO MIRANTE	RUA MASSARANDUBA	20	PROX AO AÇUDE PROX AO MIRANTE	APIPUCOS		""	COLISÃO	DOIS CAMINHOES							2			0		""	""	""	""	""	""	""	""	""	""	""	""	""
321	2018-01-12T00:00:00	12:38:00	SEM VÍTIMA	FINALIZADA	IPSEP	RUA DR RAPOSO PINTO	82	""	APÓS AO SUPERMERCADO IGUAÇU, PRIMEIRA RUA A DIREITA	RUA DR RAPOSO PINTO	82	APÓS AO SUPERMERCADO IGUAÇU, PRIMEIRA RUA A DIREITA	IPSEP		""	COLISÃO	2 AUTOS. S/V	2									0		""	""	""	""	""	""	""	""	""	""	""	""	""