_id	DATA	hora	natureza_acidente	situacao	bairro	endereco	numero	detalhe_endereco_acidente	complemento	endereco_cruzamento	numero_cruzamento	referencia_cruzamento	bairro_cruzamento	num_semaforo	sentido_via	tipo	descricao	auto	moto	ciclom	ciclista	pedestre	onibus	caminhao	viatura	outros	vitimas	vitimasfatais	acidente_verificado	tempo_clima	situacao_semaforo	sinalizacao	condicao_via	conservacao_via	ponto_controle	situacao_placa	velocidade_max_via	mao_direcao	divisao_via1	divisao_via2	divisao_via3
322	2018-01-12T00:00:00	12:59:00	SEM VÍTIMA	FINALIZADA	BOA VIAGEM	RUA SETUBAL	1462	RUA BALTAZAR PASSOS	CRUZAMENTO COM A RUA BALTAZAR PASSOS	RUA SETUBAL	1462	CRUZAMENTO COM A RUA BALTAZAR PASSOS	BOA VIAGEM		""	COLISÃO	DOIS AUTO	2									0		""	""	""	""	""	""	""	""	""	""	""	""	""
323	2018-01-12T00:00:00	13:35:00	SEM VÍTIMA	FINALIZADA	BOA VIAGEM	RUA RIBEIRO DE BRITO	830	""	APOS A ENTRADA DO SHOPPING RECIFE, GALERIA EMPRESARIAL RIBEIRO DE BRITO	RUA RIBEIRO DE BRITO	830	APOS A ENTRADA DO SHOPPING RECIFE, GALERIA EMPRESARIAL RIBEIRO DE BRITO	BOA VIAGEM		""	COLISÃO	DOIS AUTOS	2									0		""	""	""	""	""	""	""	""	""	""	""	""	""
324	2018-01-12T00:00:00	13:53:00	COM VÍTIMA	CANCELADA	CASA AMARELA	AV NORTE	""	""	DEPOIS DO SESC DE CASA AMARELA APOIS O SEMAFORO 346	AV NORTE	""	DEPOIS DO SESC DE CASA AMARELA APOIS O SEMAFORO 346	CASA AMARELA		""	COLISÃO	MOTO E AUTO	1	1								1		""	""	""	""	""	""	""	""	""	""	""	""	""
325	2018-01-12T00:00:00	15:01:00	SEM VÍTIMA	FINALIZADA	GRAÇAS	AV GOVERNADOR AGAMENON MAGALHAES	""	RUA JOAQUIM NABUCO	CRUZ COM A R JOAQUIM NABUCO / SEMÁFORO 174. GUARDAS- FABIO PEREIRA E IVANGENILDO FARIAS NO LOCAL	AV GOVERNADOR AGAMENON MAGALHAES	""	CRUZ COM A R JOAQUIM NABUCO / SEMÁFORO 174. GUARDAS- FABIO PEREIRA E IVANGENILDO FARIAS NO LOCAL	GRAÇAS		""	COLISÃO	2 AUTOS. S/V	2									0		""	""	""	""	""	""	""	""	""	""	""	""	""
326	2018-01-12T00:00:00	16:40:00	SEM VÍTIMA	FINALIZADA	SÃO JOSÉ	AV SUL	""	""	POR BAIXO DO VIADUTO / POR TRÁS DO FORTE DAS 5 PONTAS / SEMÁFORO 072. SNT CIDADE/CENTRO	AV SUL	""	POR BAIXO DO VIADUTO / POR TRÁS DO FORTE DAS 5 PONTAS / SEMÁFORO 072. SNT CIDADE/CENTRO	SÃO JOSÉ		""	COLISÃO	ONIBUS E AUTO PASSEIO. S/V	1					1				0		""	""	""	""	""	""	""	""	""	""	""	""	""
327	2018-01-12T00:00:00	17:36:00	COM VÍTIMA	FINALIZADA	AFOGADOS	RUA COSME VIANA	""	RUA PADRE TEOFILO TWROZ	CRUZ COM A R PADRE TEÓFILO TWORZ. E/F A TUPAN / SEMÁFORO 499	RUA COSME VIANA	""	CRUZ COM A R PADRE TEÓFILO TWORZ. E/F A TUPAN / SEMÁFORO 499	AFOGADOS		""	COLISÃO	ENTRE AUTO E MOTO. C/V	1	1								1		""	""	""	""	""	""	""	""	""	""	""	""	""
328	2018-01-12T00:00:00	18:04:00	SEM VÍTIMA	EQUIPE NO LOCAL	CASA AMARELA	RUA CASA AMARELA	136	""	""	RUA CASA AMARELA	136	""	CASA AMARELA		""	COLISÃO	DOIS AUTOS	2									0		""	""	""	""	""	""	""	""	""	""	""	""	""
329	2018-01-12T00:00:00	18:26:00	COM VÍTIMA	FINALIZADA	BOA VISTA	RUA VISCONDE DE GOIANA	""	RUA MARQUES DE AMORIM	CRUZAMENTO COM A RUA MARQUES DE AMORIM	RUA VISCONDE DE GOIANA	""	CRUZAMENTO COM A RUA MARQUES DE AMORIM	BOA VISTA		""	COLISÃO COM CICLISTA	AUTO E CICLISTA	1			1						1		""	""	""	""	""	""	""	""	""	""	""	""	""
330	2018-01-12T00:00:00	18:44:00	SEM VÍTIMA	CANCELADA	JARDIM SÃO PAULO	RUA LEANDRO BARRETO	484	""	ENF AO SUPERMERCADO LA ROQUE	RUA LEANDRO BARRETO	484	ENF AO SUPERMERCADO LA ROQUE	JARDIM SÃO PAULO		""	COLISÃO	DOIS AUTO	2									0		""	""	""	""	""	""	""	""	""	""	""	""	""
331	2018-01-12T00:00:00	19:00:00	COM VÍTIMA	FINALIZADA	PINA	AV ANTONIO DE GOES	""	""	POR DENTRO DO TÚNEL MANOEL DE BRITO. SENTIDO AV AGAMENON (QUASE JÁ NA SAÍDA DO TÚNEL)	AV ANTONIO DE GOES	""	POR DENTRO DO TÚNEL MANOEL DE BRITO. SENTIDO AV AGAMENON (QUASE JÁ NA SAÍDA DO TÚNEL)	PINA		""	ENGAVETAMENTO	ENTRE 2 AUTOS E UMA MOTO. C/V	3	1								1		""	""	""	""	""	""	""	""	""	""	""	""	""
332	2018-01-12T00:00:00	19:21:00	SEM VÍTIMA	FINALIZADA	VÁRZEA	RUA ABATIA	295	""	ENFR AO SUPERMERCADO RIO CLARO	RUA ABATIA	295	ENFR AO SUPERMERCADO RIO CLARO	VÁRZEA		""	COLISÃO	CAMINHAO BAU X AUTO	1						1			0		""	""	""	""	""	""	""	""	""	""	""	""	""
333	2018-01-12T00:00:00	19:47:00	SEM VÍTIMA	FINALIZADA	BOA VISTA	RUA MIGUEL COUTO	155	AV GOV CARLOS DE LIMA CAVALCANTI	E/F AO LUCILO MARANHÃO E AO GRUPO ESSENCIAL DE APROVAÇÃO. NO CRUZAMENTO COM AV GOV CARLOS DE LIMA CAVALCANTI. SNT SHOPPING BOA VISTA	RUA MIGUEL COUTO	155	E/F AO LUCILO MARANHÃO E AO GRUPO ESSENCIAL DE APROVAÇÃO. NO CRUZAMENTO COM AV GOV CARLOS DE LIMA CAVALCANTI. SNT SHOPPING BOA VISTA	BOA VISTA		""	COLISÃO	ENTRE 2 AUTOS. S/V	2									0		""	""	""	""	""	""	""	""	""	""	""	""	""
334	2018-01-12T00:00:00	22:59:00	COM VÍTIMA	FINALIZADA	CASA FORTE	AV DEZESSETE DE AGOSTO	1893	""	E/F AO BAR CHEF E COLÉGIO MOTIVO	AV DEZESSETE DE AGOSTO	1893	E/F AO BAR CHEF E COLÉGIO MOTIVO	CASA FORTE		""	COLISÃO	ENTRE AUTO E MOTO. C/V	1	1								1		""	""	""	""	""	""	""	""	""	""	""	""	""
335	2018-01-13T00:00:00	01:22:00	COM VÍTIMA	CANCELADA	BOA VISTA	AV JOAO DE BARROS	""	""	ESQUINA COM O POSTO IPIRANGA, PROX AO QUARTEL DOS BOMBEIOS	AV JOAO DE BARROS	""	ESQUINA COM O POSTO IPIRANGA, PROX AO QUARTEL DOS BOMBEIOS	BOA VISTA		""	COLISÃO	COLISÃO ENTRE AUTO E MOTO C/V	1	1								1		""	""	""	""	""	""	""	""	""	""	""	""	""
336	2018-01-13T00:00:00	08:02:00	SEM VÍTIMA	FINALIZADA	IPUTINGA	RUA SAO MATEUS	510	""	EM FRENTE AO EDIFICIO SÃO MATEUS	RUA SAO MATEUS	510	EM FRENTE AO EDIFICIO SÃO MATEUS	IPUTINGA		""	COLISÃO	COLISÃO SEM VITIMAS	1	1								0		""	""	""	""	""	""	""	""	""	""	""	""	""
337	2018-01-13T00:00:00	08:14:00	SEM VÍTIMA	FINALIZADA	VÁRZEA	AV AFONSO OLINDENSE	72	""	EM FRENTE DA GALERIA SUPER CENTER CAXANGA	AV AFONSO OLINDENSE	72	EM FRENTE DA GALERIA SUPER CENTER CAXANGA	VÁRZEA		""	COLISÃO	COL.S/V,SET.SUB	2									0		""	""	""	""	""	""	""	""	""	""	""	""	""
338	2018-01-13T00:00:00	08:30:00	SEM VÍTIMA	FINALIZADA	BOA VIAGEM	RUA CAPITAO ZUZINHA	180	""	AO LADO DA PRACINHA DE BOA VIAGEM E A LOCALIZA	RUA CAPITAO ZUZINHA	180	AO LADO DA PRACINHA DE BOA VIAGEM E A LOCALIZA	BOA VIAGEM		""	COLISÃO	COLISÃO SEM VITIMAS	1					1				0		""	""	""	""	""	""	""	""	""	""	""	""	""
339	2018-01-13T00:00:00	09:08:00	SEM VÍTIMA	FINALIZADA	CAXANGÁ	AV CAXANGA	""	""	SENTIDO CIDADE EM FRENTE A CONCESSIONARIA ITALIANA	AV CAXANGA	""	SENTIDO CIDADE EM FRENTE A CONCESSIONARIA ITALIANA	CAXANGÁ		""	COLISÃO	COLISÃO SEM VITIMAS	2									0		""	""	""	""	""	""	""	""	""	""	""	""	""
340	2018-01-13T00:00:00	09:11:00	SEM VÍTIMA	CANCELADA	TORRÕES	RUA DO FORTE	251	AV ENG ABDIAS DE CARVALHO	CRUZ COM A AV ABDIAS DE CARVALHO DENTRO DO POSTO DE GASOLINA IPIRANGA	RUA DO FORTE	251	CRUZ COM A AV ABDIAS DE CARVALHO DENTRO DO POSTO DE GASOLINA IPIRANGA	TORRÕES		""	COLISÃO	COLISÃO SEM VITIMAS	2									0		""	""	""	""	""	""	""	""	""	""	""	""	""
341	2018-01-13T00:00:00	09:27:00	SEM VÍTIMA	FINALIZADA	MADALENA	AV ENGENHEIRO ABDIAS DE CARVALHO	""	""	NO SEMAFORO Nº052	AV ENGENHEIRO ABDIAS DE CARVALHO	""	NO SEMAFORO Nº052	MADALENA		""	COLISÃO	COL.S/V.SET..SUB	2						1			0		""	""	""	""	""	""	""	""	""	""	""	""	""
342	2018-01-13T00:00:00	09:40:00	SEM VÍTIMA	CANCELADA	SAN MARTIN	AV GENERAL SAN MARTIN	""	AV ENG ABDIAS DE CARVALHO	CRUZ COM A AV ABDIAS DE CARVALHO EM FRENTE AO COMPAZ	AV GENERAL SAN MARTIN	""	CRUZ COM A AV ABDIAS DE CARVALHO EM FRENTE AO COMPAZ	SAN MARTIN		""	COLISÃO	COLISÃO COM VITIMA A ESPERA DO SAMU	1	1								0		""	""	""	""	""	""	""	""	""	""	""	""	""
343	2018-01-13T00:00:00	09:47:00	SEM VÍTIMA	FINALIZADA	ENCRUZILHADA	AV BEBERIBE	""	EST DE BELEM	EM FRENTE AO ESTACIONAMENTO DA FARMACIA PAGUE MENOS EM BAIXO DO SEMAFORO 042 (COM ESTRADA DE BELÉM)	AV BEBERIBE	""	EM FRENTE AO ESTACIONAMENTO DA FARMACIA PAGUE MENOS EM BAIXO DO SEMAFORO 042 (COM ESTRADA DE BELÉM)	ENCRUZILHADA		""	COLISÃO	COLISÃO SEM VITIMAS	2									0		""	""	""	""	""	""	""	""	""	""	""	""	""
344	2018-01-13T00:00:00	09:53:00	SEM VÍTIMA	FINALIZADA	PINA	AV ANTONIO DE GOES	62	""	EM FRENTE AO RESTAURANTE BARGAÇO	AV ANTONIO DE GOES	62	EM FRENTE AO RESTAURANTE BARGAÇO	PINA		""	COLISÃO	COLISÃO SEM VITIMAS GM QTH	3									0		""	""	""	""	""	""	""	""	""	""	""	""	""
345	2018-01-13T00:00:00	10:04:00	SEM VÍTIMA	FINALIZADA	ROSARINHO	RUA DR JOSE MARIA	578	RUA BELMIRO CORREIA	CRUZ COM A RUA BELMIRO CORREIA POR TRAS DO HOSPITAL JORGE MEDEIROS	RUA DR JOSE MARIA	578	CRUZ COM A RUA BELMIRO CORREIA POR TRAS DO HOSPITAL JORGE MEDEIROS	ROSARINHO		""	COLISÃO	COLISÃO SEM VITIMAS	1	1								0		""	""	""	""	""	""	""	""	""	""	""	""	""
346	2018-01-13T00:00:00	11:37:00	SEM VÍTIMA	FINALIZADA	CASA AMARELA	EST DO ARRAIAL	""	""	EM FRENTE AO POSTO DE GASOLINA IPIRANGA	EST DO ARRAIAL	""	EM FRENTE AO POSTO DE GASOLINA IPIRANGA	CASA AMARELA		""	COLISÃO	COLISÃO SEM VITIMAS	2									0		""	""	""	""	""	""	""	""	""	""	""	""	""
347	2018-01-13T00:00:00	12:07:00	SEM VÍTIMA	FINALIZADA	IBURA	AV MATO GROSSO	268	""	RESIDENCIA UR 01 IBURA PROX AO COLEGIO SAMPAIO LUCENA	AV MATO GROSSO	268	RESIDENCIA UR 01 IBURA PROX AO COLEGIO SAMPAIO LUCENA	IBURA		""	COLISÃO	COLISÃO SEM VITIMAS	3									0		""	""	""	""	""	""	""	""	""	""	""	""	""
348	2018-01-13T00:00:00	13:01:00	SEM VÍTIMA	CANCELADA	BOA VIAGEM	AV BOA VIAGEM	2258	""	EM FRENTE AO EDIFICIO BETULA	AV BOA VIAGEM	2258	EM FRENTE AO EDIFICIO BETULA	BOA VIAGEM		""	COLISÃO	COLISÃO SEM VÍTIMA	2									0		""	""	""	""	""	""	""	""	""	""	""	""	""
349	2018-01-13T00:00:00	15:31:00	SEM VÍTIMA	FINALIZADA	ARRUDA	RUA ZEFERINO AGRA	""	RUA DO MACHADO	CRUZ COM A RUA DO MACHADO EM FRENTE A IGREJA SANTO ANTONIO	RUA ZEFERINO AGRA	""	CRUZ COM A RUA DO MACHADO EM FRENTE A IGREJA SANTO ANTONIO	ARRUDA		""	COLISÃO	COLISÃO COM VITIMA SOCORRIDA PELO SAMU	1	1								0		""	""	""	""	""	""	""	""	""	""	""	""	""
350	2018-01-13T00:00:00	15:44:00	SEM VÍTIMA	FINALIZADA	BOA VISTA	AV GOVERNADOR AGAMENON MAGALHAES	2997	""	EM FRENTE A CAIXA ECONOMICA SENT. OLINDA	AV GOVERNADOR AGAMENON MAGALHAES	2997	EM FRENTE A CAIXA ECONOMICA SENT. OLINDA	BOA VISTA		""	COLISÃO	ONIBUS E AUTO	1					1				0		""	""	""	""	""	""	""	""	""	""	""	""	""
351	2018-01-13T00:00:00	15:47:00	COM VÍTIMA	FINALIZADA	CAMPO GRANDE	RUA MARQUES DE BAIPENDI	433	""	PROXIMO A PADARIA PAN BENICIO	RUA MARQUES DE BAIPENDI	433	PROXIMO A PADARIA PAN BENICIO	CAMPO GRANDE		""	COLISÃO	COLISÃO COM VÍTIMA		2								2		""	""	""	""	""	""	""	""	""	""	""	""	""
352	2018-01-13T00:00:00	15:49:00	SEM VÍTIMA	FINALIZADA	PINA	AV ANTONIO DE GOES	218	""	NA SAIDA DO TUNEL DO PINA DENTRO DO POSTO DE GASOLINA BR	AV ANTONIO DE GOES	218	NA SAIDA DO TUNEL DO PINA DENTRO DO POSTO DE GASOLINA BR	PINA		""	COLISÃO	COLISÃO SEM VITIMAS	2									0		""	""	""	""	""	""	""	""	""	""	""	""	""
353	2018-01-13T00:00:00	16:39:00	SEM VÍTIMA	FINALIZADA	TORRE	AV BEIRA RIO	""	""	SENTIDO CONDE DO IRAJA NA DESCIDA PONTE DA TORRE	AV BEIRA RIO	""	SENTIDO CONDE DO IRAJA NA DESCIDA PONTE DA TORRE	TORRE		""	CHOQUE	COLISÃO SEM VITIMAS	1						1			0		""	""	""	""	""	""	""	""	""	""	""	""	""
354	2018-01-13T00:00:00	18:39:00	SEM VÍTIMA	FINALIZADA	CORDEIRO	RUA EURICO DE SOUZA LEAO	651	""	PROX AO MERCADO TUDO DE BOM	RUA EURICO DE SOUZA LEAO	651	PROX AO MERCADO TUDO DE BOM	CORDEIRO		""	COLISÃO	TRES AUTO SUSPEITA DE EMBRIAGUEZ	3									0		""	""	""	""	""	""	""	""	""	""	""	""	""
355	2018-01-13T00:00:00	20:04:00	SEM VÍTIMA	FINALIZADA	IMBIRIBEIRA	AV MARECHAL MASCARENHAS DE MORAES	""	""	PROX. DO ASSAI	AV MARECHAL MASCARENHAS DE MORAES	""	PROX. DO ASSAI	IMBIRIBEIRA		""	COLISÃO	DOIS AUTOS	2									0		""	""	""	""	""	""	""	""	""	""	""	""	""
356	2018-01-13T00:00:00	20:15:00	COM VÍTIMA	CANCELADA	ARRUDA	RUA DA REGENERACAO	""	RUA DAS MOCAS	COM A RUA DAS MOÇAS, PROX. DO CAMPO DO ARRUDA NO SEMAFORO 472	RUA DA REGENERACAO	""	COM A RUA DAS MOÇAS, PROX. DO CAMPO DO ARRUDA NO SEMAFORO 472	ARRUDA		""	COLISÃO	AUTO E MOTO	1	1								1		""	""	""	""	""	""	""	""	""	""	""	""	""
357	2018-01-13T00:00:00	20:24:00	SEM VÍTIMA	FINALIZADA	ÁGUA FRIA	RUA DO MACHADO	827	""	PROX. DO CALDINHO DO PORTUGA E GRUPO OS IRRESPONSAVEIS	RUA DO MACHADO	827	PROX. DO CALDINHO DO PORTUGA E GRUPO OS IRRESPONSAVEIS	ÁGUA FRIA		""	COLISÃO	DOIS AUTOS	2									0		""	""	""	""	""	""	""	""	""	""	""	""	""
358	2018-01-13T00:00:00	21:21:00	SEM VÍTIMA	FINALIZADA	SANTO AMARO	AV CRUZ CABUGA	""	""	EM FRENTE AO HOSPITAL DO CANCER	AV CRUZ CABUGA	""	EM FRENTE AO HOSPITAL DO CANCER	SANTO AMARO		""	COLISÃO	CAMINHÃO E AUTO	1						1			0		""	""	""	""	""	""	""	""	""	""	""	""	""
359	2018-01-13T00:00:00	22:09:00	COM VÍTIMA	FINALIZADA	BOA VIAGEM	AV CONSELHEIRO AGUIAR	4599	""	DEPOIS DO MERCADO DE BOA VIAGEM PROX A FARMACIA PAGUE MENOS	AV CONSELHEIRO AGUIAR	4599	DEPOIS DO MERCADO DE BOA VIAGEM PROX A FARMACIA PAGUE MENOS	BOA VIAGEM		""	COLISÃO	AUTO E MOTO	1	1								1		""	""	""	""	""	""	""	""	""	""	""	""	""
360	2018-01-13T00:00:00	22:59:00	SEM VÍTIMA	FINALIZADA	SÃO JOSÉ	RUA IMPERIAL	1638	TRV DO GASPAR	CRUZAMENTO COM A TV DO GASPAR E POSTO DESATIVADO	RUA IMPERIAL	1638	CRUZAMENTO COM A TV DO GASPAR E POSTO DESATIVADO	SÃO JOSÉ		""	COLISÃO	DOIS AUTO	2									0		""	""	""	""	""	""	""	""	""	""	""	""	""
361	2018-01-14T00:00:00	02:48:00	SEM VÍTIMA	FINALIZADA	CAMPO GRANDE	RUA ODORICO MENDES	1164	EST DE BELEM	CRUZAMENTO COM A ESTRADA DE BELÉM, EM FRENTE AO COLEGIO JESUS CRUSIFICDO, SEMÁFORO 026	RUA ODORICO MENDES	1164	CRUZAMENTO COM A ESTRADA DE BELÉM, EM FRENTE AO COLEGIO JESUS CRUSIFICDO, SEMÁFORO 026	CAMPO GRANDE		""	COLISÃO	COLISÃO ENTRE DOIS AUTOS S/V	2									0		""	""	""	""	""	""	""	""	""	""	""	""	""
362	2018-01-14T00:00:00	05:50:00	SEM VÍTIMA	FINALIZADA	AFOGADOS	RUA MOTOCOLOMBO	""	""	PROX DA POLICLINICA AGAMENOM MAGALHÃES, PROX DO BANCO SANTANDER	RUA MOTOCOLOMBO	""	PROX DA POLICLINICA AGAMENOM MAGALHÃES, PROX DO BANCO SANTANDER	AFOGADOS		""	CHOQUE	VEÍCULO CHOCOU-SE CONTRA UM POSTE S/V	1									0		""	""	""	""	""	""	""	""	""	""	""	""	""
363	2018-01-14T00:00:00	06:42:00	SEM VÍTIMA	CANCELADA	ENGENHO DO MEIO	RUA FRANCISCO BEZERRA MONTEIRO	686	RUA PANTALEAO CIRNE	EM FRENTE DA CASA DE FESTA, CRUZAMENTO COM RUA PANTALEAO CIRNE, PROX. A EUROFINS	RUA FRANCISCO BEZERRA MONTEIRO	686	EM FRENTE DA CASA DE FESTA, CRUZAMENTO COM RUA PANTALEAO CIRNE, PROX. A EUROFINS	ENGENHO DO MEIO		""	COLISÃO	COLISAO ENTRE DOIS AUTOS S/V	2									0		""	""	""	""	""	""	""	""	""	""	""	""	""
364	2018-01-14T00:00:00	07:14:00	SEM VÍTIMA	FINALIZADA	ILHA DO LEITE	AV GOVERNADOR AGAMENON MAGALHAES	""	""	SENT/BOA VIAGEM,SEMAFORO 069 ,AO LADO DO HOSPITAL PORTUGUES	AV GOVERNADOR AGAMENON MAGALHAES	""	SENT/BOA VIAGEM,SEMAFORO 069 ,AO LADO DO HOSPITAL PORTUGUES	ILHA DO LEITE		""	COLISÃO	SEM VITIMAS ,AMBULANCIA DA UPA ENVOLVIDA NA COLISÃO	1							1		0		""	""	""	""	""	""	""	""	""	""	""	""	""
365	2018-01-14T00:00:00	08:11:00	SEM VÍTIMA	FINALIZADA	TORREÃO	RUA PADRE MIGUELINHO	""	""	AO LADO DA PRAÇA, PROX. A IGREJA BATISTA DO FEITOSA	RUA PADRE MIGUELINHO	""	AO LADO DA PRAÇA, PROX. A IGREJA BATISTA DO FEITOSA	TORREÃO		""	COLISÃO	AUTO E CAMINHAO DA CTTU	1						1			0		""	""	""	""	""	""	""	""	""	""	""	""	""
366	2018-01-14T00:00:00	14:09:00	SEM VÍTIMA	FINALIZADA	AFOGADOS	RUA VINTE E UM DE ABRIL	""	""	EM FRENTE AO CLUBE FERROVIARIO	RUA VINTE E UM DE ABRIL	""	EM FRENTE AO CLUBE FERROVIARIO	AFOGADOS		""	COLISÃO	COLISÃO SEM VÍTIMA	2									0		""	""	""	""	""	""	""	""	""	""	""	""	""
367	2018-01-14T00:00:00	16:04:00	SEM VÍTIMA	EQUIPE EM DESLOCAMENTO	PRADO	AV ENGENHEIRO ABDIAS DE CARVALHO	""	""	NO SEMÁFORO 057/ SENTIDO CIDADE	AV ENGENHEIRO ABDIAS DE CARVALHO	""	NO SEMÁFORO 057/ SENTIDO CIDADE	PRADO		""	COLISÃO	COLISÃO SEM VÍTIMA	2									0		""	""	""	""	""	""	""	""	""	""	""	""	""
368	2018-01-14T00:00:00	18:56:00	SEM VÍTIMA	FINALIZADA	BOA VIAGEM	RUA ENGENHEIRO ZAEL DIOGENES	""	AV VISCONDE DE JEQUITINHONHA	C/ AV. VISCONDE JEQUITINHONHA - POR TRÁS DO EDIFÍCIO IUCA	RUA ENGENHEIRO ZAEL DIOGENES	""	C/ AV. VISCONDE JEQUITINHONHA - POR TRÁS DO EDIFÍCIO IUCA	BOA VIAGEM		""	COLISÃO	COLISÃO ENTRE DOIS AUTOS SEM VÍTIMAS										0		""	""	""	""	""	""	""	""	""	""	""	""	""
369	2018-01-14T00:00:00	19:16:00	SEM VÍTIMA	FINALIZADA	TAMARINEIRA	AV NORTE	3388	""	PROX A PONTE DO JACARE E POSTO BR SENTIDO CASA AMARELA	AV NORTE	3388	PROX A PONTE DO JACARE E POSTO BR SENTIDO CASA AMARELA	TAMARINEIRA		""	COLISÃO	DOIS AUTO	2									0		""	""	""	""	""	""	""	""	""	""	""	""	""
370	2018-01-14T00:00:00	19:32:00	SEM VÍTIMA	FINALIZADA	ROSARINHO	RUA COUTO MAGALHAES	""	""	DE FRENTRE AO COLEGIO FAZER CRESECER	RUA COUTO MAGALHAES	""	DE FRENTRE AO COLEGIO FAZER CRESECER	ROSARINHO		""	COLISÃO	TAXI X AUTO	2									0		""	""	""	""	""	""	""	""	""	""	""	""	""
371	2018-01-14T00:00:00	20:07:00	COM VÍTIMA	FINALIZADA	CAXANGÁ	AV CAXANGA	5612 A	""	NO SEMAFORO 232, EM FRENTE DO RESIDENCIAL CAXANGA E A IGREJA ASSEMBLEIA DE DEUS	AV CAXANGA	5612 A	NO SEMAFORO 232, EM FRENTE DO RESIDENCIAL CAXANGA E A IGREJA ASSEMBLEIA DE DEUS	CAXANGÁ		""	COLISÃO	MOTO E AUTO	1	1								1		""	""	""	""	""	""	""	""	""	""	""	""	""
372	2018-01-15T00:00:00	01:55:00	SEM VÍTIMA	FINALIZADA	SÃO JOSÉ	AV SUL	""	""	PROXIMO AO SEMÁFORO 509	AV SUL	""	PROXIMO AO SEMÁFORO 509	SÃO JOSÉ		""	COLISÃO	COLISÃO 2 AUTOS S/VITIMA	2									0		""	""	""	""	""	""	""	""	""	""	""	""	""
373	2018-01-15T00:00:00	02:03:00	COM VÍTIMA	FINALIZADA	BOMBA DO HEMETÉRIO	RUA SAO SEBASTIAO	74	""	E/F AO CHAVEIRO DO GORDINHO	RUA SAO SEBASTIAO	74	E/F AO CHAVEIRO DO GORDINHO	BOMBA DO HEMETÉRIO		""	COLISÃO	AUTO X MOTO C/VITIMA	1	1								1		""	""	""	""	""	""	""	""	""	""	""	""	""
374	2018-01-15T00:00:00	02:56:00	SEM VÍTIMA	FINALIZADA	AFOGADOS	RUA COSME VIANA	1041	""	APÓS O ARMAZÉM CORAL	RUA COSME VIANA	1041	APÓS O ARMAZÉM CORAL	AFOGADOS		""	CHOQUE	VEICULO SE CHOCOU CONTRA UM PRISMA DE CONCRETO, EM SEGUIDA FOI ABANDINADO NA VIA, PELO CONDUTOR.	1									0		""	""	""	""	""	""	""	""	""	""	""	""	""
375	2018-01-15T00:00:00	07:12:00	SEM VÍTIMA	FINALIZADA	BOA VIAGEM	RUA MIRANDA FALCAO	50	""	EM FRENTE A GALERIA SANTA RITA	RUA MIRANDA FALCAO	50	EM FRENTE A GALERIA SANTA RITA	BOA VIAGEM		""	COLISÃO	MOTO E AUTO SEM VÍTIMA	1	1								0		""	""	""	""	""	""	""	""	""	""	""	""	""
376	2018-01-15T00:00:00	07:55:00	SEM VÍTIMA	CANCELADA	TORRE	RUA JOSE BONIFACIO	""	""	EM FRENTE DO CARREFOUR .	RUA JOSE BONIFACIO	""	EM FRENTE DO CARREFOUR .	TORRE		""	ACID. DE PERCURSO	SEM VÍTIMA - MOTO .		1								0		""	""	""	""	""	""	""	""	""	""	""	""	""
377	2018-01-15T00:00:00	08:01:00	SEM VÍTIMA	FINALIZADA	DERBY	RUA JENER DE SOUZA	629	""	EM FRENTE DO CAMPO DE DERBY	RUA JENER DE SOUZA	629	EM FRENTE DO CAMPO DE DERBY	DERBY		""	COLISÃO	SEM VÍTIMA - DOIS AUTOS.	2									0		""	""	""	""	""	""	""	""	""	""	""	""	""
378	2018-01-15T00:00:00	08:23:00	SEM VÍTIMA	FINALIZADA	AREIAS	AV RECIFE	""	""	EM FRENTE AO HOSPITAL PAM DE AREIAS,SENT/BR 232	AV RECIFE	""	EM FRENTE AO HOSPITAL PAM DE AREIAS,SENT/BR 232	AREIAS		""	COLISÃO	SEM VITIMAS.	2						1			0		""	""	""	""	""	""	""	""	""	""	""	""	""
379	2018-01-15T00:00:00	08:30:00	COM VÍTIMA	FINALIZADA	BARRO	AV DR JOSE RUFINO	548	""	SENTIDO CIDADE - SUBURBIO	AV DR JOSE RUFINO	548	SENTIDO CIDADE - SUBURBIO	BARRO		""	COLISÃO	COM VITIMA - MOTO E KOMBI		1								1		""	""	""	""	""	""	""	""	""	""	""	""	""
380	2018-01-15T00:00:00	08:37:00	SEM VÍTIMA	CANCELADA	VÁRZEA	AV AFONSO OLINDENSE	1764	""	HA 50 METROS DA GARAGEM DO CRT	AV AFONSO OLINDENSE	1764	HA 50 METROS DA GARAGEM DO CRT	VÁRZEA		""	COLISÃO	SEM VITIMAS	1					1				0		""	""	""	""	""	""	""	""	""	""	""	""	""
381	2018-01-15T00:00:00	09:42:00	COM VÍTIMA	FINALIZADA	CAXANGÁ	RUA RIBEIRO PESSOA	234	""	EM FRENTE AO CONDOMINIO FICOS BENJAMIM	RUA RIBEIRO PESSOA	234	EM FRENTE AO CONDOMINIO FICOS BENJAMIM	CAXANGÁ		""	COLISÃO	COM VITIMA,AGUARDANDO BOMBEIROS	1	1								1		""	""	""	""	""	""	""	""	""	""	""	""	""
382	2018-01-15T00:00:00	09:44:00	SEM VÍTIMA	CANCELADA	ESTÂNCIA	AV RECIFE	657	""	SENTIDO CAXANGÁ. E/F A RADIADORES PEÇAS E SERVIÇOS	AV RECIFE	657	SENTIDO CAXANGÁ. E/F A RADIADORES PEÇAS E SERVIÇOS	ESTÂNCIA		""	COLISÃO	SEM VÍTIMAS	2									0		""	""	""	""	""	""	""	""	""	""	""	""	""