_id	DATA	hora	natureza_acidente	situacao	bairro	endereco	numero	detalhe_endereco_acidente	complemento	endereco_cruzamento	numero_cruzamento	referencia_cruzamento	bairro_cruzamento	num_semaforo	sentido_via	tipo	descricao	auto	moto	ciclom	ciclista	pedestre	onibus	caminhao	viatura	outros	vitimas	vitimasfatais	acidente_verificado	tempo_clima	situacao_semaforo	sinalizacao	condicao_via	conservacao_via	ponto_controle	situacao_placa	velocidade_max_via	mao_direcao	divisao_via1	divisao_via2	divisao_via3
383	2018-01-15T00:00:00	11:03:00	SEM VÍTIMA	FINALIZADA	PAISSANDU	AV GOVERNADOR AGAMENON MAGALHAES	""	""	SENT OLINDA / DESCIDA DO VIADUTO JOANA BEZERRA FALIXA DA DIREITA	AV GOVERNADOR AGAMENON MAGALHAES	""	SENT OLINDA / DESCIDA DO VIADUTO JOANA BEZERRA FALIXA DA DIREITA	PAISSANDU		""	COLISÃO	DOIS AUTOS	2									0		""	""	""	""	""	""	""	""	""	""	""	""	""
384	2018-01-15T00:00:00	11:25:00	COM VÍTIMA	FINALIZADA	IBURA	AV RECIFE	""	""	SOB O SEMÁFORO 247 SENTIDO BOA VIAGEM	AV RECIFE	""	SOB O SEMÁFORO 247 SENTIDO BOA VIAGEM	IBURA		""	COLISÃO	COM VÍTIMA		1								2		""	""	""	""	""	""	""	""	""	""	""	""	""
385	2018-01-15T00:00:00	11:49:00	SEM VÍTIMA	FINALIZADA	GRAÇAS	RUA PAULINO GOMES DE SOUZA	50	""	POR TRAS DO COLEGIO SAO LUIS	RUA PAULINO GOMES DE SOUZA	50	POR TRAS DO COLEGIO SAO LUIS	GRAÇAS		""	COLISÃO	DOIS AUTOS	2									0		""	""	""	""	""	""	""	""	""	""	""	""	""
386	2018-01-15T00:00:00	12:03:00	SEM VÍTIMA	FINALIZADA	SANTO AMARO	AV CRUZ CABUGA	""	""	EM FRENTE AO TACARUNA OLINDA RECIFE	AV CRUZ CABUGA	""	EM FRENTE AO TACARUNA OLINDA RECIFE	SANTO AMARO		""	COLISÃO	AUTO E ONIBUS	1					1				0		""	""	""	""	""	""	""	""	""	""	""	""	""
387	2018-01-15T00:00:00	12:44:00	SEM VÍTIMA	FINALIZADA	BOA VIAGEM	RUA PROFESSOR JOSE BRANDAO	2682	""	AO LADO DO EDF. MIRANTE	RUA PROFESSOR JOSE BRANDAO	2682	AO LADO DO EDF. MIRANTE	BOA VIAGEM		""	ENGAVETAMENTO	TRES AUTOS	3									0		""	""	""	""	""	""	""	""	""	""	""	""	""
388	2018-01-15T00:00:00	13:49:00	COM VÍTIMA	FINALIZADA	ESPINHEIRO	AV JOAO DE BARROS	1311	""	EM FRENTE A GALERIA SALES/ SENTIDO SUBURBIO	AV JOAO DE BARROS	1311	EM FRENTE A GALERIA SALES/ SENTIDO SUBURBIO	ESPINHEIRO		""	ACID. DE PERCURSO	GALHOS CAIU SOBRE MOTOCICLISTA OCASIONADO ACIDENTE DE PERCURSO/ COM VÍTIMA										1		""	""	""	""	""	""	""	""	""	""	""	""	""
389	2018-01-15T00:00:00	14:08:00	SEM VÍTIMA	FINALIZADA	AFLITOS	AV CONS ROSA E SILVA	1455	""	EM FRENTE AO SHOPPING ROSA E SILVA	AV CONS ROSA E SILVA	1455	EM FRENTE AO SHOPPING ROSA E SILVA	AFLITOS		""	COLISÃO	DOIS AUTOS S/V	2									0		""	""	""	""	""	""	""	""	""	""	""	""	""
390	2018-01-15T00:00:00	14:14:00	SEM VÍTIMA	FINALIZADA	DOIS IRMÃOS	RUA MANUEL DE MEDEIROS	""	""	EM FRENTE A ESCOLA LIONS	RUA MANUEL DE MEDEIROS	""	EM FRENTE A ESCOLA LIONS	DOIS IRMÃOS		""	COLISÃO	COLISÃO SEM VÍTIMA	1	1								0		""	""	""	""	""	""	""	""	""	""	""	""	""
391	2018-01-15T00:00:00	14:40:00	SEM VÍTIMA	FINALIZADA	PINA	AV ANTONIO DE GOES	534	""	EM FRENTE A SULAMERICA	AV ANTONIO DE GOES	534	EM FRENTE A SULAMERICA	PINA		""	COLISÃO	COLISÃO SEM VÍTIMA	2									0		""	""	""	""	""	""	""	""	""	""	""	""	""
392	2018-01-15T00:00:00	15:13:00	COM VÍTIMA	FINALIZADA	ENCRUZILHADA	LGO ENCRUZILHADA	""	""	EM FRENTE A BIG BEN	LGO ENCRUZILHADA	""	EM FRENTE A BIG BEN	ENCRUZILHADA		""	ACID. DE PERCURSO	MOTORISTA INF. QUE PASSAGEIRO COLOCOU O BRAÇO PARA FORA DO ONIBUS						1				1		""	""	""	""	""	""	""	""	""	""	""	""	""
393	2018-01-15T00:00:00	15:24:00	SEM VÍTIMA	FINALIZADA	AREIAS	RUA BARROS SOBRINHO	57	""	PROX. AO MERCADO DE AREIAS	RUA BARROS SOBRINHO	57	PROX. AO MERCADO DE AREIAS	AREIAS		""	COLISÃO	DOISA AUTOS S/V	2									0		""	""	""	""	""	""	""	""	""	""	""	""	""
394	2018-01-15T00:00:00	15:28:00	SEM VÍTIMA	FINALIZADA	MANGUEIRA	RUA DR JOAO ELISIO	34	""	PROX ARMAZEM CONSTROAÇO	RUA DR JOAO ELISIO	34	PROX ARMAZEM CONSTROAÇO	MANGUEIRA		""	COLISÃO	DOIS AUTO E MOTO TRICICLO	2	1								0		""	""	""	""	""	""	""	""	""	""	""	""	""
395	2018-01-15T00:00:00	15:30:00	SEM VÍTIMA	FINALIZADA	BONGI	EST DO BONGI	388	""	EM FRENTE AO TRANSPORTADORA TBFORTE	EST DO BONGI	388	EM FRENTE AO TRANSPORTADORA TBFORTE	BONGI		""	COLISÃO	COLISÃO SEM VÍTIMA	1								1	0		""	""	""	""	""	""	""	""	""	""	""	""	""
396	2018-01-15T00:00:00	15:33:00	SEM VÍTIMA	FINALIZADA	SAN MARTIN	AV GENERAL SAN MARTIN	1449	""	EM FRENTE A FACULDADE ESTACIO, SENTIDO SUB.	AV GENERAL SAN MARTIN	1449	EM FRENTE A FACULDADE ESTACIO, SENTIDO SUB.	SAN MARTIN		""	COLISÃO	AUTO E CAMINHAO	1						1			0		""	""	""	""	""	""	""	""	""	""	""	""	""
397	2018-01-15T00:00:00	15:37:00	SEM VÍTIMA	FINALIZADA	ESPINHEIRO	AV CONS ROSA E SILVA	""	""	EM FRENTE AO CLUBE PORTUGUES	AV CONS ROSA E SILVA	""	EM FRENTE AO CLUBE PORTUGUES	ESPINHEIRO		""	COLISÃO	COLISÃO SEM VÍTIMA	1						1			0		""	""	""	""	""	""	""	""	""	""	""	""	""
398	2018-01-15T00:00:00	16:06:00	SEM VÍTIMA	FINALIZADA	AFOGADOS	RUA COSME VIANA	179	""	ENF TROCAO APÓS O HEROS HOTEL	RUA COSME VIANA	179	ENF TROCAO APÓS O HEROS HOTEL	AFOGADOS		""	COLISÃO	DOIS AUTO	2									0		""	""	""	""	""	""	""	""	""	""	""	""	""
399	2018-01-15T00:00:00	16:22:00	SEM VÍTIMA	FINALIZADA	BOA VIAGEM	AV ENGENHEIRO DOMINGOS FERREIRA	604	""	ENF ADVOCACIA GERAL DA UNIAO	AV ENGENHEIRO DOMINGOS FERREIRA	604	ENF ADVOCACIA GERAL DA UNIAO	BOA VIAGEM		""	COLISÃO	SANDERO X ONIBUS 	1					1				0		""	""	""	""	""	""	""	""	""	""	""	""	""
400	2018-01-15T00:00:00	16:22:00	SEM VÍTIMA	FINALIZADA	IBURA	AV DOIS RIOS	""	""	PROXIMO AO POSTO BR	AV DOIS RIOS	""	PROXIMO AO POSTO BR	IBURA		""	COLISÃO	COLISÃO SEM VÍTIMA	2									0		""	""	""	""	""	""	""	""	""	""	""	""	""
401	2018-01-15T00:00:00	16:27:00	""	CANCELADA	BOA VIAGEM	AV ENGENHEIRO DOMINGOS FERREIRA	604	""	PARADA 4, EM FRENTE A PROCURADORIA REGIONAL FEDERAL	AV ENGENHEIRO DOMINGOS FERREIRA	604	PARADA 4, EM FRENTE A PROCURADORIA REGIONAL FEDERAL	BOA VIAGEM		""	COLISÃO	AUTO EONIBUS 	1					1				0		""	""	""	""	""	""	""	""	""	""	""	""	""
402	2018-01-15T00:00:00	16:42:00	SEM VÍTIMA	FINALIZADA	BONGI	AV ENGENHEIRO ABDIAS DE CARVALHO	""	""	EM FRENTE A CHESF/ SENTIDO CIDADE	AV ENGENHEIRO ABDIAS DE CARVALHO	""	EM FRENTE A CHESF/ SENTIDO CIDADE	BONGI		""	COLISÃO	COLISÃO SEM VÍTIMA	2									0		""	""	""	""	""	""	""	""	""	""	""	""	""
403	2018-01-15T00:00:00	16:51:00	COM VÍTIMA	EQUIPE NO LOCAL	IPSEP	RUA ITAJAI	200	""	PROX A PANIFICADORA VALE DO RIO DOCE	RUA ITAJAI	200	PROX A PANIFICADORA VALE DO RIO DOCE	IPSEP		""	COLISÃO	DOIS AUTO OBS MOTORISTA NAS FERRAGENS	2									1		""	""	""	""	""	""	""	""	""	""	""	""	""
404	2018-01-15T00:00:00	17:20:00	SEM VÍTIMA	CANCELADA	ENCRUZILHADA	RUA FERNANDO CESAR	301	AV BEBERIBE	AO LADO DO BANCO DO BRASIL CRUZAMENTO COM AV BEBERIBE	RUA FERNANDO CESAR	301	AO LADO DO BANCO DO BRASIL CRUZAMENTO COM AV BEBERIBE	ENCRUZILHADA		""	COLISÃO	UNO X VOYAGE	2									0		""	""	""	""	""	""	""	""	""	""	""	""	""
405	2018-01-15T00:00:00	17:23:00	SEM VÍTIMA	FINALIZADA	TORRE	RUA CONDE DE IRAJA	327	""	EM FRENTE A ASSISTENCIA DA SAMSUNG	RUA CONDE DE IRAJA	327	EM FRENTE A ASSISTENCIA DA SAMSUNG	TORRE		""	COLISÃO	COLISÃO SEM VÍTIMA	1	1								0		""	""	""	""	""	""	""	""	""	""	""	""	""
406	2018-01-15T00:00:00	17:51:00	SEM VÍTIMA	FINALIZADA	PARNAMIRIM	RUA JOAO TUDE DE MELO	77	""	E/F AO SHOPPING PARNAMIRIM. SNT ÁGUA FRIA	RUA JOAO TUDE DE MELO	77	E/F AO SHOPPING PARNAMIRIM. SNT ÁGUA FRIA	PARNAMIRIM		""	COLISÃO COM CICLISTA	ENTRE AUTO E BICICLETA	1			1						0		""	""	""	""	""	""	""	""	""	""	""	""	""
407	2018-01-15T00:00:00	17:59:00	SEM VÍTIMA	FINALIZADA	SANTO ANTÔNIO	AV MARTINS DE BARROS	593	""	ENFR AO FORUM THOMAZ DE AQUINO	AV MARTINS DE BARROS	593	ENFR AO FORUM THOMAZ DE AQUINO	SANTO ANTÔNIO		""	COLISÃO	TAXI X UBER	2									0		""	""	""	""	""	""	""	""	""	""	""	""	""
408	2018-01-15T00:00:00	18:04:00	SEM VÍTIMA	FINALIZADA	AFOGADOS	RUA SAO MIGUEL	412	""	E/F AO MARCOS' SAPATO / PROX A IGREJA LARGO DA PAZ	RUA SAO MIGUEL	412	E/F AO MARCOS' SAPATO / PROX A IGREJA LARGO DA PAZ	AFOGADOS		""	COLISÃO	ÕNIBUS E AUTO PASSEIO. S/V	1					1				0		""	""	""	""	""	""	""	""	""	""	""	""	""
409	2018-01-15T00:00:00	18:21:00	COM VÍTIMA	FINALIZADA	MADALENA	AV VISCONDE DE ALBUQUERQUE	964	RUA JOSE BONIFACIO	PROX AO POSTO IPIRANGA CRUZAMENTO COM A RUA JOSE BONIFACIO	AV VISCONDE DE ALBUQUERQUE	964	PROX AO POSTO IPIRANGA CRUZAMENTO COM A RUA JOSE BONIFACIO	MADALENA		""	COLISÃO COM CICLISTA	ONIBUS X CICLISTA				1		1				1		""	""	""	""	""	""	""	""	""	""	""	""	""
410	2018-01-15T00:00:00	18:56:00	SEM VÍTIMA	FINALIZADA	AFOGADOS	RUA SAO MIGUEL	800	""	AO LADO DO 14 BATALHAO DE LOGITICA DO EXERCITO / AO LADO DA GUARITA E E/F A RN DISTRIBUIDORA	RUA SAO MIGUEL	800	AO LADO DO 14 BATALHAO DE LOGITICA DO EXERCITO / AO LADO DA GUARITA E E/F A RN DISTRIBUIDORA	AFOGADOS		""	COLISÃO	DOIS AUTO	2									0		""	""	""	""	""	""	""	""	""	""	""	""	""
411	2018-01-15T00:00:00	18:58:00	SEM VÍTIMA	FINALIZADA	CAXANGÁ	RUA EMILIANO BRAGA	185	""	E/F AO RESTAURANTE PARAIBANO E PROX AO ANTIGO HIPERBOMPREÇO	RUA EMILIANO BRAGA	185	E/F AO RESTAURANTE PARAIBANO E PROX AO ANTIGO HIPERBOMPREÇO	CAXANGÁ		""	COLISÃO	AUTO E CAMINHÃO. S/V	1						1			0		""	""	""	""	""	""	""	""	""	""	""	""	""
412	2018-01-15T00:00:00	19:35:00	SEM VÍTIMA	FINALIZADA	CASA AMARELA	AV NORTE	""	""	E/F A RECIFICA PADRÃO / SEMÁFORO 095	AV NORTE	""	E/F A RECIFICA PADRÃO / SEMÁFORO 095	CASA AMARELA		""	COLISÃO	ÕNIBUS E AUTO PASSEIO. S/V	1					1				0		""	""	""	""	""	""	""	""	""	""	""	""	""
413	2018-01-15T00:00:00	20:03:00	COM VÍTIMA	FINALIZADA	MADALENA	RUA DR SEVERINO PINHEIRO	""	""	PRÓXIMO AO CLUBE INTERNACIONAL, SENTIDO CAXANGA	RUA DR SEVERINO PINHEIRO	""	PRÓXIMO AO CLUBE INTERNACIONAL, SENTIDO CAXANGA	MADALENA		""	COLISÃO	AUTO E MOTO	1	1								2		""	""	""	""	""	""	""	""	""	""	""	""	""
414	2018-01-15T00:00:00	20:42:00	SEM VÍTIMA	FINALIZADA	IPSEP	AV RECIFE	2662	RUA SAO NICOLAU	CRUZAMENTO COM A RUA SAO NICOLAO SEMAFORO 055	AV RECIFE	2662	CRUZAMENTO COM A RUA SAO NICOLAO SEMAFORO 055	IPSEP		""	COLISÃO	DOIS AUTO	2									0		""	""	""	""	""	""	""	""	""	""	""	""	""
415	2018-01-15T00:00:00	20:46:00	COM VÍTIMA	CANCELADA	APIPUCOS	RUA MANDACARU	251	""	PROX AO AÇUCE DE APIPUCOS E APÓS A PIZZARIA DO ANDRÉ	RUA MANDACARU	251	PROX AO AÇUCE DE APIPUCOS E APÓS A PIZZARIA DO ANDRÉ	APIPUCOS		""	COLISÃO	AUTO E MOTO. S/V	1	1								1		""	""	""	""	""	""	""	""	""	""	""	""	""
416	2018-01-15T00:00:00	22:05:00	SEM VÍTIMA	CANCELADA	DERBY	AV GOVERNADOR AGAMENON MAGALHAES	""	AV RUI BARBOSA	CRUZ COM A AV RUI BARBOSA E PROX A RESTAURAÇÃO E MCDONALDS -- VT 18 NO LOCAL	AV GOVERNADOR AGAMENON MAGALHAES	""	CRUZ COM A AV RUI BARBOSA E PROX A RESTAURAÇÃO E MCDONALDS -- VT 18 NO LOCAL	DERBY		""	COLISÃO	2 AUTOS. S/V										0		""	""	""	""	""	""	""	""	""	""	""	""	""
417	2018-01-16T00:00:00	06:53:00	COM VÍTIMA	FINALIZADA	SAN MARTIN	AV GENERAL SAN MARTIN	""	""	EM FRENTE A CAVALARIA SENT SUB	AV GENERAL SAN MARTIN	""	EM FRENTE A CAVALARIA SENT SUB	SAN MARTIN		""	COLISÃO	MOTO E AUTO	1	1								1		""	""	""	""	""	""	""	""	""	""	""	""	""
418	2018-01-16T00:00:00	07:20:00	SEM VÍTIMA	FINALIZADA	IPSEP	RUA PINTOR ANTONIO ALBUQUERQUE	170	""	E/F ADVENTISTA DO SETIMO DIA, SEMÁFORO 293. SENTIDO CIDADE	RUA PINTOR ANTONIO ALBUQUERQUE	170	E/F ADVENTISTA DO SETIMO DIA, SEMÁFORO 293. SENTIDO CIDADE	IPSEP		""	COLISÃO	SEM VÍTIMAS	1						1			0		""	""	""	""	""	""	""	""	""	""	""	""	""
419	2018-01-16T00:00:00	07:27:00	SEM VÍTIMA	FINALIZADA	SAN MARTIN	RUA DOM EXPEDITO LOPES	145	""	RESIDENCIA AO LADO DA EMPRESA KOBLIC	RUA DOM EXPEDITO LOPES	145	RESIDENCIA AO LADO DA EMPRESA KOBLIC	SAN MARTIN		""	COLISÃO	COLISÃO SEM VITIMAS							2			0		""	""	""	""	""	""	""	""	""	""	""	""	""
420	2018-01-16T00:00:00	07:39:00	SEM VÍTIMA	FINALIZADA	DERBY	AV GOVERNADOR AGAMENON MAGALHAES	1114	""	E/F A EMBRATEL, SEMÁFORO 174. SENTIDO BOA VIAGEM	AV GOVERNADOR AGAMENON MAGALHAES	1114	E/F A EMBRATEL, SEMÁFORO 174. SENTIDO BOA VIAGEM	DERBY		""	COLISÃO	SM VÍTIMAS	1	1								0		""	""	""	""	""	""	""	""	""	""	""	""	""
421	2018-01-16T00:00:00	07:54:00	SEM VÍTIMA	FINALIZADA	BOA VISTA	RUA HENRIQUE DIAS	""	RUA DOM BOSCO	COM RUA DOM BOSCO / EM FRENTE A RADIO PATRULHA	RUA HENRIQUE DIAS	""	COM RUA DOM BOSCO / EM FRENTE A RADIO PATRULHA	BOA VISTA		""	COLISÃO	ONIBUS E AUTO	1					1				0		""	""	""	""	""	""	""	""	""	""	""	""	""
422	2018-01-16T00:00:00	08:19:00	SEM VÍTIMA	FINALIZADA	DERBY	RUA JENER DE SOUZA	""	""	AO LADO DA PRAÇA DO DERBY	RUA JENER DE SOUZA	""	AO LADO DA PRAÇA DO DERBY	DERBY		""	COLISÃO	COLISÃO SEM VITIMAS 	1						1			0		""	""	""	""	""	""	""	""	""	""	""	""	""
423	2018-01-16T00:00:00	08:31:00	SEM VÍTIMA	FINALIZADA	SANTO ANTÔNIO	AV MARTINS DE BARROS	""	""	EM FRENTE AO FORUM THOMAZ DE AQUINO	AV MARTINS DE BARROS	""	EM FRENTE AO FORUM THOMAZ DE AQUINO	SANTO ANTÔNIO		""	COLISÃO	COLISÃO SEM VITIMAS	2					1				0		""	""	""	""	""	""	""	""	""	""	""	""	""
424	2018-01-16T00:00:00	08:34:00	SEM VÍTIMA	FINALIZADA	ILHA DO RETIRO	RUA SPORT CLUBE DO RECIFE	""	""	EM FRENTE AO SEMAFORO 355,SENT/BR 232 EM FRENTE AO POSTO IPIRANGA	RUA SPORT CLUBE DO RECIFE	""	EM FRENTE AO SEMAFORO 355,SENT/BR 232 EM FRENTE AO POSTO IPIRANGA	ILHA DO RETIRO		""	COLISÃO	SEM VITIMAS	2									0		""	""	""	""	""	""	""	""	""	""	""	""	""
425	2018-01-16T00:00:00	08:46:00	SEM VÍTIMA	FINALIZADA	NOVA DESCOBERTA	AV JOSELIA	289	""	APOS A FEIRA DE NOVA DESCOBERTA PRIMEIRA A DIREITA	AV JOSELIA	289	APOS A FEIRA DE NOVA DESCOBERTA PRIMEIRA A DIREITA	NOVA DESCOBERTA		""	COLISÃO	SEM VITIMAS.	1						1			0		""	""	""	""	""	""	""	""	""	""	""	""	""
426	2018-01-16T00:00:00	09:04:00	SEM VÍTIMA	FINALIZADA	AFOGADOS	AV SUL	1950	""	EM FRENTE A DISMAR	AV SUL	1950	EM FRENTE A DISMAR	AFOGADOS		""	COLISÃO	SEM VITIMAS	1						1			0		""	""	""	""	""	""	""	""	""	""	""	""	""
427	2018-01-16T00:00:00	09:56:00	SEM VÍTIMA	FINALIZADA	MADALENA	AV BEIRA RIO	879	""	EM FRENTE AO EDF QUATRO ESTAÇÕES	AV BEIRA RIO	879	EM FRENTE AO EDF QUATRO ESTAÇÕES	MADALENA		""	COLISÃO	SEM VITIMAS	2									0		""	""	""	""	""	""	""	""	""	""	""	""	""
428	2018-01-16T00:00:00	10:06:00	SEM VÍTIMA	FINALIZADA	DERBY	PRC DO DERBY	""	""	SEMAFORO 075,SENT/CIDADE	PRC DO DERBY	""	SEMAFORO 075,SENT/CIDADE	DERBY		""	COLISÃO	SEM VITIMAS	1					1				0		""	""	""	""	""	""	""	""	""	""	""	""	""
429	2018-01-16T00:00:00	10:13:00	SEM VÍTIMA	FINALIZADA	BOA VIAGEM	AV ENGENHEIRO DOMINGOS FERREIRA	""	""	SEMAFORO 200,BATEDORES 27,03 NO LOCAL VAI FAZER B.O	AV ENGENHEIRO DOMINGOS FERREIRA	""	SEMAFORO 200,BATEDORES 27,03 NO LOCAL VAI FAZER B.O	BOA VIAGEM		""	COLISÃO	SEM VITIMAS	3									0		""	""	""	""	""	""	""	""	""	""	""	""	""
430	2018-01-16T00:00:00	10:46:00	SEM VÍTIMA	FINALIZADA	ILHA JOANA BEZERRA	TRV DO RAPOSO	""	""	PROX. AO FORUM DE JOANA BEZERRA / SENT RUA IMPERIAL	TRV DO RAPOSO	""	PROX. AO FORUM DE JOANA BEZERRA / SENT RUA IMPERIAL	ILHA JOANA BEZERRA		""	COLISÃO	SEM VÍTIMAS	2									0		""	""	""	""	""	""	""	""	""	""	""	""	""
431	2018-01-16T00:00:00	10:58:00	SEM VÍTIMA	FINALIZADA	BOA VIAGEM	RUA JOAO CARDOSO AIRES	823	""	EM FRENTE AO EDIFICIO JOSE RODOVALHO	RUA JOAO CARDOSO AIRES	823	EM FRENTE AO EDIFICIO JOSE RODOVALHO	BOA VIAGEM		""	COLISÃO	COLISÃO SEM VITIMAS	3									0		""	""	""	""	""	""	""	""	""	""	""	""	""
432	2018-01-16T00:00:00	11:12:00	SEM VÍTIMA	FINALIZADA	BOA VIAGEM	RUA VISCONDE DE JEQUITINHONHA	396	""	EM FRENTE AO MERCADINHO SOBERANO	RUA VISCONDE DE JEQUITINHONHA	396	EM FRENTE AO MERCADINHO SOBERANO	BOA VIAGEM		""	COLISÃO	SEM VITIMAS	3									0		""	""	""	""	""	""	""	""	""	""	""	""	""
433	2018-01-16T00:00:00	11:23:00	SEM VÍTIMA	FINALIZADA	DERBY	AV GOVERNADOR AGAMENON MAGALHAES	""	""	SENTIDO BOA VIAGEM EM FRENTE A CLINICA ODONTO CAPE	AV GOVERNADOR AGAMENON MAGALHAES	""	SENTIDO BOA VIAGEM EM FRENTE A CLINICA ODONTO CAPE	DERBY		""	COLISÃO	COLISÃO SEM VITIMAS	1					1				0		""	""	""	""	""	""	""	""	""	""	""	""	""
434	2018-01-16T00:00:00	11:27:00	SEM VÍTIMA	FINALIZADA	SANTO AMARO	AV JOAO DE BARROS	""	""	EM FRENTE AO CONSERVATORIO PERNAMBUCANO DE MUSICA	AV JOAO DE BARROS	""	EM FRENTE AO CONSERVATORIO PERNAMBUCANO DE MUSICA	SANTO AMARO		""	COLISÃO	COLISÃO SEM VITIMAS	1								1	0		""	""	""	""	""	""	""	""	""	""	""	""	""
435	2018-01-16T00:00:00	13:02:00	SEM VÍTIMA	CANCELADA	CAXANGÁ	AV CAXANGA	""	""	DEFRONTE A HIPER DA CAXANGA, SENTIDO CIDADE	AV CAXANGA	""	DEFRONTE A HIPER DA CAXANGA, SENTIDO CIDADE	CAXANGÁ		""	COLISÃO	COLISÃO SEM VITIMAS	2									0		""	""	""	""	""	""	""	""	""	""	""	""	""
436	2018-01-16T00:00:00	13:24:00	SEM VÍTIMA	CANCELADA	ILHA DO LEITE	AV LINS PETIT	""	RUA ESTADO DE ISRAEL	ESQUINA COM O POSTO SHEL, SEMAFORO 653	AV LINS PETIT	""	ESQUINA COM O POSTO SHEL, SEMAFORO 653	ILHA DO LEITE		""	COLISÃO	DOIS AUTOS S/V	2									0		""	""	""	""	""	""	""	""	""	""	""	""	""
437	2018-01-16T00:00:00	13:41:00	SEM VÍTIMA	CANCELADA	SÃO JOSÉ	RUA SAO JOAO	""	""	E/F AO FORTE DAS CINCO PONTAS	RUA SAO JOAO	""	E/F AO FORTE DAS CINCO PONTAS	SÃO JOSÉ		""	COLISÃO	2 AUTOS. S/V	2									0		""	""	""	""	""	""	""	""	""	""	""	""	""
438	2018-01-16T00:00:00	15:20:00	SEM VÍTIMA	FINALIZADA	ENCRUZILHADA	AV NORTE	""	""	SEMAFORO 043, SENTIDO RECIFE	AV NORTE	""	SEMAFORO 043, SENTIDO RECIFE	ENCRUZILHADA		""	COLISÃO	AUTO E ONIBUS DA										0		""	""	""	""	""	""	""	""	""	""	""	""	""
439	2018-01-16T00:00:00	15:22:00	SEM VÍTIMA	CANCELADA	IBURA	AV PERNAMBUCO	""	""	PRACA DO R1	AV PERNAMBUCO	""	PRACA DO R1	IBURA		""	COLISÃO	COLISÃO SEM VITIMAS	1					1				0		""	""	""	""	""	""	""	""	""	""	""	""	""
440	2018-01-16T00:00:00	15:34:00	SEM VÍTIMA	CANCELADA	BOA VISTA	RUA JOAO FERNANDES VIEIRA	""	""	AO LADO DO BOMPREÇO DO PARQUE AMORIM	RUA JOAO FERNANDES VIEIRA	""	AO LADO DO BOMPREÇO DO PARQUE AMORIM	BOA VISTA		""	COLISÃO	COLISAO ENTRE KOMBI E TAXI S/V	2									0		""	""	""	""	""	""	""	""	""	""	""	""	""
441	2018-01-16T00:00:00	16:40:00	SEM VÍTIMA	FINALIZADA	AFOGADOS	EST DOS REMEDIOS	""	""	DEFRONTE AO POSTO IPIRANGA, SENTIDO CIDADE	EST DOS REMEDIOS	""	DEFRONTE AO POSTO IPIRANGA, SENTIDO CIDADE	AFOGADOS		""	COLISÃO	COLISÃO SEM VITIMAS	3									0		""	""	""	""	""	""	""	""	""	""	""	""	""
442	2018-01-16T00:00:00	17:37:00	SEM VÍTIMA	FINALIZADA	BOA VIAGEM	RUA SA E SOUZA	""	""	SEMÁFORO 420	RUA SA E SOUZA	""	SEMÁFORO 420	BOA VIAGEM		""	COLISÃO	2 AUTOS. S/V	2									0		""	""	""	""	""	""	""	""	""	""	""	""	""
443	2018-01-16T00:00:00	20:43:00	SEM VÍTIMA	FINALIZADA	VÁRZEA	RUA PROFESSOR ANTONIO COELHO	139	""	E/F AO EDF CONCORDE E PROX A DELICATESSEN	RUA PROFESSOR ANTONIO COELHO	139	E/F AO EDF CONCORDE E PROX A DELICATESSEN	VÁRZEA		""	COLISÃO	2 AUTOS. S/V	2									0		""	""	""	""	""	""	""	""	""	""	""	""	""
444	2018-01-16T00:00:00	20:56:00	SEM VÍTIMA	FINALIZADA	TORRE	RUA REAL DA TORRE	""	RUA CONDE DE IRAJA	CRUZAMENTO COM A RUA CONDE DE IRAJA, ESQUINA COM O EXTRA BOM	RUA REAL DA TORRE	""	CRUZAMENTO COM A RUA CONDE DE IRAJA, ESQUINA COM O EXTRA BOM	TORRE		""	COLISÃO	COLISÃO ENTRE AMBULÂNCIA E MICRO ÔNIBUS S/V						1		1		0		""	""	""	""	""	""	""	""	""	""	""	""	""
445	2018-01-16T00:00:00	21:12:00	SEM VÍTIMA	CANCELADA	VASCO DA GAMA	RUA ALTO DO EUCALIPTO	445	""	PROX A ASSEMBLEIA DE DEUS, PROX DO TERMINAL DO ALTO DO EUCALIPTO	RUA ALTO DO EUCALIPTO	445	PROX A ASSEMBLEIA DE DEUS, PROX DO TERMINAL DO ALTO DO EUCALIPTO	VASCO DA GAMA		""	COLISÃO	COLISÃO ENTRE ÔNIBUS E AUTO S/V	1					1				0		""	""	""	""	""	""	""	""	""	""	""	""	""
446	2018-01-16T00:00:00	22:16:00	SEM VÍTIMA	FINALIZADA	BOA VIAGEM	AV DOM JOAO VI	""	""	ANTES DO TUNEL AUGUSTO LUCENA. SNT PIEDADE // POR TRÁS DO SHOPPING RECIFE.	AV DOM JOAO VI	""	ANTES DO TUNEL AUGUSTO LUCENA. SNT PIEDADE // POR TRÁS DO SHOPPING RECIFE.	BOA VIAGEM		""	COLISÃO	2 AUTOS. S/V	2									0		""	""	""	""	""	""	""	""	""	""	""	""	""
447	2018-01-16T00:00:00	23:43:00	SEM VÍTIMA	FINALIZADA	CORDEIRO	RUA ODETE MONTEIRO	""	""	PROX DO GOE, PROX DA FEIRINHA PASSIRA	RUA ODETE MONTEIRO	""	PROX DO GOE, PROX DA FEIRINHA PASSIRA	CORDEIRO		""	COLISÃO	COLISÃO ENTRE DOIS AUTOS S/V	2									0		""	""	""	""	""	""	""	""	""	""	""	""	""