_id	DATA	hora	natureza_acidente	situacao	bairro	endereco	numero	detalhe_endereco_acidente	complemento	endereco_cruzamento	numero_cruzamento	referencia_cruzamento	bairro_cruzamento	num_semaforo	sentido_via	tipo	descricao	auto	moto	ciclom	ciclista	pedestre	onibus	caminhao	viatura	outros	vitimas	vitimasfatais	acidente_verificado	tempo_clima	situacao_semaforo	sinalizacao	condicao_via	conservacao_via	ponto_controle	situacao_placa	velocidade_max_via	mao_direcao	divisao_via1	divisao_via2	divisao_via3
448	2018-01-17T00:00:00	00:41:00	COM VÍTIMA	FINALIZADA	SÃO JOSÉ	RUA IMPERIAL	""	""	SEMAFORO 207, EM FRENTE A IGREJA MATRIZ DE SÃO JOSE	RUA IMPERIAL	""	SEMAFORO 207, EM FRENTE A IGREJA MATRIZ DE SÃO JOSE	SÃO JOSÉ		""	COLISÃO	COLISÃO ENTRE ÔNIBUS E MOTO C/V		1				1				1		""	""	""	""	""	""	""	""	""	""	""	""	""
449	2018-01-17T00:00:00	04:45:00	SEM VÍTIMA	FINALIZADA	BOA VIAGEM	RUA DOS NAVEGANTES	911	RUA RIBUEIRO DE BRITO	CRUZAMENTO COM A RUA RIBEIRO DE BRITO // EM FRENTE AO EDIFÍCIO PORTO COLON // PRÓXIMO AO HOLLIDAY	RUA DOS NAVEGANTES	911	CRUZAMENTO COM A RUA RIBEIRO DE BRITO // EM FRENTE AO EDIFÍCIO PORTO COLON // PRÓXIMO AO HOLLIDAY	BOA VIAGEM		""	CHOQUE	VIATURA DA PM PERDEU O CONTROLE E CHOCOU-SE CONTRA VEÍCULOS ESTACIONADOS	4							1		0		""	""	""	""	""	""	""	""	""	""	""	""	""
450	2018-01-17T00:00:00	07:05:00	SEM VÍTIMA	FINALIZADA	ENCRUZILHADA	RUA MARECHAL DEODORO	155	""	PROX A PRAÇADA PICANHA	RUA MARECHAL DEODORO	155	PROX A PRAÇADA PICANHA	ENCRUZILHADA		""	COLISÃO	DOIS AUTOS	2									0		""	""	""	""	""	""	""	""	""	""	""	""	""
451	2018-01-17T00:00:00	07:15:00	COM VÍTIMA	FINALIZADA	CASA FORTE	AV DEZESSETE DE AGOSTO	""	""	ROSE BELTRÃO RECEPÇÕES	AV DEZESSETE DE AGOSTO	""	ROSE BELTRÃO RECEPÇÕES	CASA FORTE		""	COLISÃO	COLISÃO COM VÍTIMA/ CARRO E MOTO	1	1								1		""	""	""	""	""	""	""	""	""	""	""	""	""
452	2018-01-17T00:00:00	""	SEM VÍTIMA	FINALIZADA	CAXANGÁ	AV CAXANGA	2555	""	SENTIDO DERBY, APÓS O POSTO FEDERAL. E/F A AUTO PEÇAS SÃO JOÃO	AV CAXANGA	2555	SENTIDO DERBY, APÓS O POSTO FEDERAL. E/F A AUTO PEÇAS SÃO JOÃO	CAXANGÁ		""	COLISÃO	SEM VÍTIMAS	2									0		""	""	""	""	""	""	""	""	""	""	""	""	""
453	2018-01-17T00:00:00	08:50:00	SEM VÍTIMA	FINALIZADA	BOA VIAGEM	AV BOA VIAGEM	6500	""	E/F AO EDF. EL GRECO	AV BOA VIAGEM	6500	E/F AO EDF. EL GRECO	BOA VIAGEM		""	COLISÃO	SEM VÍTIMAS	2									0		""	""	""	""	""	""	""	""	""	""	""	""	""
454	2018-01-17T00:00:00	09:06:00	SEM VÍTIMA	FINALIZADA	BOA VIAGEM	AV CONSELHEIRO AGUIAR	""	RUA ANTONIO DE GOES	COM A RUA ANTONIO DE GOES / SEMAF 226	AV CONSELHEIRO AGUIAR	""	COM A RUA ANTONIO DE GOES / SEMAF 226	BOA VIAGEM		""	COLISÃO	DOIS AUTOS	2									0		""	""	""	""	""	""	""	""	""	""	""	""	""
455	2018-01-17T00:00:00	09:18:00	SEM VÍTIMA	FINALIZADA	SANTO AMARO	RUA COELHO LEITE	""	""	EM FRENTE A RECEITA FEDERAL	RUA COELHO LEITE	""	EM FRENTE A RECEITA FEDERAL	SANTO AMARO		""	COLISÃO	AUTO E MOTO	1	1								0		""	""	""	""	""	""	""	""	""	""	""	""	""
456	2018-01-17T00:00:00	09:40:00	SEM VÍTIMA	FINALIZADA	CAXANGÁ	AV CAXANGA	2689	""	EM FRENTE A KI PEÇAS	AV CAXANGA	2689	EM FRENTE A KI PEÇAS	CAXANGÁ		""	COLISÃO	DOIS AUTOS	2									0		""	""	""	""	""	""	""	""	""	""	""	""	""
457	2018-01-17T00:00:00	09:44:00	SEM VÍTIMA	FINALIZADA	BAIRRO DO RECIFE	RUA MADRE DEUS	""	""	DEFRONTE A IGREJA MADRE DE DEUS	RUA MADRE DEUS	""	DEFRONTE A IGREJA MADRE DE DEUS	BAIRRO DO RECIFE		""	COLISÃO	COLISÃO SEM VITIMAS	1						1			0		""	""	""	""	""	""	""	""	""	""	""	""	""
458	2018-01-17T00:00:00	10:45:00	SEM VÍTIMA	CANCELADA	DERBY	AV GOVERNADOR AGAMENON MAGALHAES	""	""	JUNTO AO SEMAFORO 173, SENTIDO BOA VIAGEM	AV GOVERNADOR AGAMENON MAGALHAES	""	JUNTO AO SEMAFORO 173, SENTIDO BOA VIAGEM	DERBY		""	COLISÃO	COLISÃO SEM VITIMAS	1						1			0		""	""	""	""	""	""	""	""	""	""	""	""	""
459	2018-01-17T00:00:00	10:51:00	SEM VÍTIMA	FINALIZADA	IMBIRIBEIRA	AV MARECHAL MASCARENHAS DE MORAES	""	""	SENTIDO CIDADE. E/F AO GERALDÃO. SEMÁFORO 290	AV MARECHAL MASCARENHAS DE MORAES	""	SENTIDO CIDADE. E/F AO GERALDÃO. SEMÁFORO 290	IMBIRIBEIRA		""	COLISÃO	SEM VÍTIMAS.	3									0		""	""	""	""	""	""	""	""	""	""	""	""	""
460	2018-01-17T00:00:00	10:53:00	SEM VÍTIMA	FINALIZADA	AFOGADOS	RUA COSME VIANA	227	""	EM FRENTE A TUPAN	RUA COSME VIANA	227	EM FRENTE A TUPAN	AFOGADOS		""	COLISÃO	DOIS AUTOS	2									0		""	""	""	""	""	""	""	""	""	""	""	""	""
461	2018-01-17T00:00:00	11:02:00	SEM VÍTIMA	CANCELADA	BARRO	RUA FALCAO DE LACERDA	""	""	PROX. AO COLEGIO IMACULADA CONCEIÇÃO	RUA FALCAO DE LACERDA	""	PROX. AO COLEGIO IMACULADA CONCEIÇÃO	BARRO		""	COLISÃO	COLISÃO SEM VITIMAS	1	1								0		""	""	""	""	""	""	""	""	""	""	""	""	""
462	2018-01-17T00:00:00	11:52:00	SEM VÍTIMA	FINALIZADA	BOA VISTA	RUA DOM BOSCO	""	""	E/F AO AMERICANO BATISTA E A FACULDADE SÃO MIGUEL. SENTIDO MADALENA	RUA DOM BOSCO	""	E/F AO AMERICANO BATISTA E A FACULDADE SÃO MIGUEL. SENTIDO MADALENA	BOA VISTA		""	COLISÃO	SEM VÍTIMAS	3									0		""	""	""	""	""	""	""	""	""	""	""	""	""
463	2018-01-17T00:00:00	11:58:00	SEM VÍTIMA	FINALIZADA	IBURA	AV DOM HELDER CAMARA	""	AV RECIFE	CRUZAMENTO COM A AV RECIFE SENTIDO AEROPORTO	AV DOM HELDER CAMARA	""	CRUZAMENTO COM A AV RECIFE SENTIDO AEROPORTO	IBURA		""	COLISÃO	SM VÍTIMA	1						1			0		""	""	""	""	""	""	""	""	""	""	""	""	""
464	2018-01-17T00:00:00	12:52:00	SEM VÍTIMA	FINALIZADA	TORRÕES	AV BICENTENARIO DA REVOLUCAO FRANCESA	900	""	EM FRENTE A LOJA FRANCINE,RUA DO TERMINAL DOS ONIBUS DE RODA DE FOGO	AV BICENTENARIO DA REVOLUCAO FRANCESA	900	EM FRENTE A LOJA FRANCINE,RUA DO TERMINAL DOS ONIBUS DE RODA DE FOGO	TORRÕES		""	COLISÃO	SEM VITIMAS	2									0		""	""	""	""	""	""	""	""	""	""	""	""	""
465	2018-01-17T00:00:00	13:08:00	SEM VÍTIMA	FINALIZADA	JARDIM SÃO PAULO	RUA LORENA	213	RUA LEANDRO BARRETO	CRUZ COM A RUA LEANDRO BARRETO , A 50 METROS DA ACADEMIA WS	RUA LORENA	213	CRUZ COM A RUA LEANDRO BARRETO , A 50 METROS DA ACADEMIA WS	JARDIM SÃO PAULO		""	CHOQUE	COLISÃO EM SEGUIDA DE UM CHOQUE CONDUTOR BATEU CONTRA UMA ARVORE E UMA RESIDENCIA SEM VITIMAS	2									0		""	""	""	""	""	""	""	""	""	""	""	""	""
466	2018-01-17T00:00:00	14:17:00	COM VÍTIMA	FINALIZADA	MADALENA	AV VISCONDE DE ALBUQUERQUE	400	""	EM FRENTE A LOJA SPUK	AV VISCONDE DE ALBUQUERQUE	400	EM FRENTE A LOJA SPUK	MADALENA		""	COLISÃO	COM UMA VITIMA,SAMU NO LOCAL	1	1								1		""	""	""	""	""	""	""	""	""	""	""	""	""
467	2018-01-17T00:00:00	14:22:00	COM VÍTIMA	FINALIZADA	BARRO	RUA PADRE DIOGO RODRIGUES	394	""	EM FRENTE AO ARMAZEM TINTAS FREVO	RUA PADRE DIOGO RODRIGUES	394	EM FRENTE AO ARMAZEM TINTAS FREVO	BARRO		""	COLISÃO	AUTO E CIQUENTINHA	1		1							1		""	""	""	""	""	""	""	""	""	""	""	""	""
468	2018-01-17T00:00:00	14:40:00	SEM VÍTIMA	FINALIZADA	ESPINHEIRO	RUA AMELIA	114	""	AO LADO DO ESPINHEIRO SHOPPING	RUA AMELIA	114	AO LADO DO ESPINHEIRO SHOPPING	ESPINHEIRO		""	COLISÃO	SEM VITIMAS	2									0		""	""	""	""	""	""	""	""	""	""	""	""	""
469	2018-01-17T00:00:00	14:43:00	SEM VÍTIMA	FINALIZADA	CASA AMARELA	COR DO BARTOLOMEU	""	AV NORTE	CRUZAMENTO COM A AV NORTE (NO SEMAFORO 079)	COR DO BARTOLOMEU	""	CRUZAMENTO COM A AV NORTE (NO SEMAFORO 079)	CASA AMARELA		""	COLISÃO	COLISAO DE ONIBUS E AUTO S/V	1					1				0		""	""	""	""	""	""	""	""	""	""	""	""	""
470	2018-01-17T00:00:00	15:06:00	SEM VÍTIMA	FINALIZADA	ILHA DO RETIRO	RUA TABAIARES	""	""	EM FRENTE AO SEBRAE	RUA TABAIARES	""	EM FRENTE AO SEBRAE	ILHA DO RETIRO		""	COLISÃO	COLISAO ENTRE AUTO E MOTO	1	1								0		""	""	""	""	""	""	""	""	""	""	""	""	""
471	2018-01-17T00:00:00	15:20:00	SEM VÍTIMA	FINALIZADA	ENCRUZILHADA	AV JOAO DE BARROS	""	""	EM FRENTE AO COLEGIO ETEPAM, SENTIDO ESPINHEIRO	AV JOAO DE BARROS	""	EM FRENTE AO COLEGIO ETEPAM, SENTIDO ESPINHEIRO	ENCRUZILHADA		""	COLISÃO	AUTO E MOTO S/V	1	1								0		""	""	""	""	""	""	""	""	""	""	""	""	""
472	2018-01-17T00:00:00	15:36:00	SEM VÍTIMA	FINALIZADA	MADALENA	RUA PROFESSORA ANUNCIADA DA ROCHA MELO	30	""	ESQUINA DA IGREJA METODISTA	RUA PROFESSORA ANUNCIADA DA ROCHA MELO	30	ESQUINA DA IGREJA METODISTA	MADALENA		""	COLISÃO	COLISAO DE TRES AUTOS S/V	3									0		""	""	""	""	""	""	""	""	""	""	""	""	""
473	2018-01-17T00:00:00	15:40:00	SEM VÍTIMA	FINALIZADA	CASA FORTE	RUA AGRESTINA	""	""	AO LADO DO ITAU	RUA AGRESTINA	""	AO LADO DO ITAU	CASA FORTE		""	COLISÃO	DOIS AUTOS S/V	2									0		""	""	""	""	""	""	""	""	""	""	""	""	""
474	2018-01-17T00:00:00	15:45:00	SEM VÍTIMA	FINALIZADA	TORRE	RUA CONDE DE IRAJA	275	""	EM FRENTE A ESCOLA CRIATIVA	RUA CONDE DE IRAJA	275	EM FRENTE A ESCOLA CRIATIVA	TORRE		""	COLISÃO	DOIS AUTOS S/V	2									0		""	""	""	""	""	""	""	""	""	""	""	""	""
475	2018-01-17T00:00:00	17:16:00	COM VÍTIMA	FINALIZADA	AFOGADOS	RUA SAO MIGUEL	""	""	E/F DA MATERNIDADE BANDEIRA FILHO	RUA SAO MIGUEL	""	E/F DA MATERNIDADE BANDEIRA FILHO	AFOGADOS		""	COLISÃO	COLISAO DE AUTO E MOTO S/V	1	1								1		""	""	""	""	""	""	""	""	""	""	""	""	""
476	2018-01-17T00:00:00	17:23:00	SEM VÍTIMA	FINALIZADA	IPSEP	RUA ALAIDE SA LEITAO	49	""	EM FRENTE AO BAR PETISKARIA	RUA ALAIDE SA LEITAO	49	EM FRENTE AO BAR PETISKARIA	IPSEP		""	COLISÃO	SEM VITIMAS	2									0		""	""	""	""	""	""	""	""	""	""	""	""	""
477	2018-01-17T00:00:00	17:28:00	SEM VÍTIMA	FINALIZADA	TORRE	RUA CONDE DE IRAJA	934	""	EM FRENTE A BARBEARIA SEU VITORINO	RUA CONDE DE IRAJA	934	EM FRENTE A BARBEARIA SEU VITORINO	TORRE		""	COLISÃO	SEM VITIMAS	2									0		""	""	""	""	""	""	""	""	""	""	""	""	""
478	2018-01-17T00:00:00	18:20:00	SEM VÍTIMA	FINALIZADA	AFOGADOS	RUA SAO MIGUEL	""	""	AO LADO DO POSTO DE GASOLINA BP, EM FRENTE DA IPESU/FAREC	RUA SAO MIGUEL	""	AO LADO DO POSTO DE GASOLINA BP, EM FRENTE DA IPESU/FAREC	AFOGADOS		""	COLISÃO	AUTO E MOTO S/V	1	1								0		""	""	""	""	""	""	""	""	""	""	""	""	""
479	2018-01-17T00:00:00	19:57:00	SEM VÍTIMA	FINALIZADA	ESPINHEIRO	RUA MARQUES DO PARANA	214	FERNANDO ALAIN	E/F AO MARTELINHO DE OURO , POR TRÁS DO MINISTÉRIO PÚBLICO	RUA MARQUES DO PARANA	214	E/F AO MARTELINHO DE OURO , POR TRÁS DO MINISTÉRIO PÚBLICO	ESPINHEIRO		""	COLISÃO	ENTRE 2 AUTOS. S/V	2									0		""	""	""	""	""	""	""	""	""	""	""	""	""
480	2018-01-17T00:00:00	20:16:00	SEM VÍTIMA	FINALIZADA	DERBY	PRC DO DERBY	""	""	EM FRENTE Á PRAÇA DO DERBY	PRC DO DERBY	""	EM FRENTE Á PRAÇA DO DERBY	DERBY		""	ENGAVETAMENTO	TRES AUTOS	3									0		""	""	""	""	""	""	""	""	""	""	""	""	""
481	2018-01-17T00:00:00	21:41:00	COM VÍTIMA	FINALIZADA	SAN MARTIN	RUA VINTE E UM DE ABRIL	859	""	PROX. DO CAMPO DOS CADUCOS E TERMINAL DE ONIBUS DA MANGUEIRA	RUA VINTE E UM DE ABRIL	859	PROX. DO CAMPO DOS CADUCOS E TERMINAL DE ONIBUS DA MANGUEIRA	SAN MARTIN		""	ATROPELAMENTO	ONIBUS E PEDESTRE					1	1				1		""	""	""	""	""	""	""	""	""	""	""	""	""
482	2018-01-17T00:00:00	22:12:00	SEM VÍTIMA	FINALIZADA	IBURA	RUA RIO XINGU	362	""	SENTIDO JORDÃO / E/F A JB MOTOS E PROX A NEIDE CABELEIREIRA	RUA RIO XINGU	362	SENTIDO JORDÃO / E/F A JB MOTOS E PROX A NEIDE CABELEIREIRA	IBURA		""	COLISÃO	ENTRE 2 AUTOS. S/V	2									0		""	""	""	""	""	""	""	""	""	""	""	""	""
483	2018-01-18T00:00:00	03:24:00	SEM VÍTIMA	FINALIZADA	CASA FORTE	AV DEZESSETE DE AGOSTO	""	RUA AGRESTINA	COM RUA AGRESTINA	AV DEZESSETE DE AGOSTO	""	COM RUA AGRESTINA	CASA FORTE		""	CAPOTAMENTO	COLISÃO	1									0		""	""	""	""	""	""	""	""	""	""	""	""	""
484	2018-01-18T00:00:00	07:40:00	SEM VÍTIMA	FINALIZADA	AFLITOS	AV CONS ROSA E SILVA	1086	""	À 100 METROS DO CLUBE NÁUTICO CAPIBARIBE	AV CONS ROSA E SILVA	1086	À 100 METROS DO CLUBE NÁUTICO CAPIBARIBE	AFLITOS		""	CHOQUE	CAMINHÃO CHOCOU COM POSTE SEM VÍTIMA	1									0		""	""	""	""	""	""	""	""	""	""	""	""	""
485	2018-01-18T00:00:00	07:59:00	SEM VÍTIMA	FINALIZADA	AFLITOS	AV CONS ROSA E SILVA	1283	""	EM FRENTE AO CALTREN CLUBE	AV CONS ROSA E SILVA	1283	EM FRENTE AO CALTREN CLUBE	AFLITOS		""	COLISÃO	DOIS AUTOS	2									0		""	""	""	""	""	""	""	""	""	""	""	""	""
486	2018-01-18T00:00:00	09:08:00	SEM VÍTIMA	FINALIZADA	IBURA	AV DOIS RIOS	""	""	AO LADO DO MOTEL GIRADOR	AV DOIS RIOS	""	AO LADO DO MOTEL GIRADOR	IBURA		""	COLISÃO	DOIS AUTOS	2									0		""	""	""	""	""	""	""	""	""	""	""	""	""
487	2018-01-18T00:00:00	09:12:00	SEM VÍTIMA	FINALIZADA	PINA	RUA MANOEL DE BRITO	""	AV REPUBLICA ARABE UNIDA	COM A AV REPUBLICA UNIDA SEM 659 / SENT PRAIA/ AO LADO DO POSTO POLICIAL	RUA MANOEL DE BRITO	""	COM A AV REPUBLICA UNIDA SEM 659 / SENT PRAIA/ AO LADO DO POSTO POLICIAL	PINA		""	COLISÃO	MOTO E AUTO	1	1								0		""	""	""	""	""	""	""	""	""	""	""	""	""
488	2018-01-18T00:00:00	09:22:00	SEM VÍTIMA	FINALIZADA	SANTO AMARO	AV GOVERNADOR AGAMENON MAGALHAES	""	""	EM FRENTE AO MINISTERIO DO TRABALHO SENTIDO CENTRO	AV GOVERNADOR AGAMENON MAGALHAES	""	EM FRENTE AO MINISTERIO DO TRABALHO SENTIDO CENTRO	SANTO AMARO		""	COLISÃO	COLISÃO SEM VITIMAS	2									0		""	""	""	""	""	""	""	""	""	""	""	""	""
489	2018-01-18T00:00:00	09:46:00	COM VÍTIMA	FINALIZADA	ENCRUZILHADA	RUA OLIMPIO DE ARROUXELAS GALVAO	73	""	EM FRENTE AO CENTRO DE CONVIVÊNCIA GERIÁTRICA SANTA BARBARA	RUA OLIMPIO DE ARROUXELAS GALVAO	73	EM FRENTE AO CENTRO DE CONVIVÊNCIA GERIÁTRICA SANTA BARBARA	ENCRUZILHADA		""	COLISÃO	COLISÃO COM VÍTIMA	1	1								1		""	""	""	""	""	""	""	""	""	""	""	""	""
490	2018-01-18T00:00:00	09:56:00	SEM VÍTIMA	CANCELADA	MUSTARDINHA	RUA JOSE BEZERRA CAVALCANTE	""	""	NUCLEO DA PRAÇA DO ABC	RUA JOSE BEZERRA CAVALCANTE	""	NUCLEO DA PRAÇA DO ABC	MUSTARDINHA		""	COLISÃO	COLISÃO SEM VÍTIMA	2									0		""	""	""	""	""	""	""	""	""	""	""	""	""
491	2018-01-18T00:00:00	10:07:00	SEM VÍTIMA	FINALIZADA	TORRE	AV BEIRA RIO	51	""	EM FRENTE AO EDF. EQUIPAGE...AO LADO DE UMA BARRACA DE FANTASIAS, ANTES DA ACADEMIA DA CIDADE	AV BEIRA RIO	51	EM FRENTE AO EDF. EQUIPAGE...AO LADO DE UMA BARRACA DE FANTASIAS, ANTES DA ACADEMIA DA CIDADE	TORRE		""	COLISÃO	DOIS AUTOS	2									0		""	""	""	""	""	""	""	""	""	""	""	""	""
492	2018-01-18T00:00:00	10:28:00	SEM VÍTIMA	CANCELADA	PINA	AV ANTONIO DE GOES	""	""	DENTRO DO TUNEL DO PINA	AV ANTONIO DE GOES	""	DENTRO DO TUNEL DO PINA	PINA		""	COLISÃO	COLISÃO SEM VÍTIMA	2									0		""	""	""	""	""	""	""	""	""	""	""	""	""
493	2018-01-18T00:00:00	10:54:00	SEM VÍTIMA	FINALIZADA	CASA AMARELA	AV PROFESSOR JOSE DOS ANJOS	""	AV NORTE	PROX. AO SESC, ELA ESTA PARADA NO POSTO PETROBRAZ, SENTIDO ARRUDA	AV PROFESSOR JOSE DOS ANJOS	""	PROX. AO SESC, ELA ESTA PARADA NO POSTO PETROBRAZ, SENTIDO ARRUDA	CASA AMARELA		""	COLISÃO	COLISÃO SEM VÍTIMA	1						1			0		""	""	""	""	""	""	""	""	""	""	""	""	""
494	2018-01-18T00:00:00	11:03:00	SEM VÍTIMA	FINALIZADA	IPUTINGA	AV CAXANGA	""	""	PROX. AO BANCO DO BRASIL , SENTIDO SUBURBIO	AV CAXANGA	""	PROX. AO BANCO DO BRASIL , SENTIDO SUBURBIO	IPUTINGA		""	COLISÃO	COLISÃO SEM VÍTIMA	2									0		""	""	""	""	""	""	""	""	""	""	""	""	""
495	2018-01-18T00:00:00	11:22:00	COM VÍTIMA	FINALIZADA	MACAXEIRA	AV NORTE	""	""	SENT CIDADE / SEMAFORO 451	AV NORTE	""	SENT CIDADE / SEMAFORO 451	MACAXEIRA		""	COLISÃO	AUTO E MOTO	1	1								1		""	""	""	""	""	""	""	""	""	""	""	""	""
496	2018-01-18T00:00:00	12:08:00	SEM VÍTIMA	FINALIZADA	PRADO	AV ENGENHEIRO ABDIAS DE CARVALHO	1142	""	EM FRENTE AO POSTO BR/ SENTIDO BR	AV ENGENHEIRO ABDIAS DE CARVALHO	1142	EM FRENTE AO POSTO BR/ SENTIDO BR	PRADO		""	COLISÃO	COLISÃO SEM VÍTIMA		1					1			0		""	""	""	""	""	""	""	""	""	""	""	""	""
497	2018-01-18T00:00:00	12:27:00	SEM VÍTIMA	FINALIZADA	CAMPO GRANDE	AV GOVERNADOR AGAMENON MAGALHAES	S/N	""	CENTRAL DE FLAGRANTES	AV GOVERNADOR AGAMENON MAGALHAES	S/N	CENTRAL DE FLAGRANTES	CAMPO GRANDE		""	COLISÃO	COLISÃO ENVOLVENDO VIATURA PMPE X MOTOCICLETA SEM VÍTIMA										0		""	""	""	""	""	""	""	""	""	""	""	""	""
498	2018-01-18T00:00:00	12:34:00	COM VÍTIMA	CANCELADA	BOA VIAGEM	RUA ERNESTO DE PAULA SANTOS	620	""	PROX. DO COLEGIO ANCHIETA	RUA ERNESTO DE PAULA SANTOS	620	PROX. DO COLEGIO ANCHIETA	BOA VIAGEM		""	COLISÃO	AUTO E MOTO	1	1								1		""	""	""	""	""	""	""	""	""	""	""	""	""
499	2018-01-18T00:00:00	12:45:00	SEM VÍTIMA	FINALIZADA	BOA VIAGEM	RUA PADRE BERNADINO PESSOA	690	""	E/F DO COLEGIO SANTA MARIA	RUA PADRE BERNADINO PESSOA	690	E/F DO COLEGIO SANTA MARIA	BOA VIAGEM		""	COLISÃO	COLISAO DE DOIS AUTOS S/V	2									0		""	""	""	""	""	""	""	""	""	""	""	""	""
500	2018-01-18T00:00:00	13:32:00	COM VÍTIMA	FINALIZADA	BONGI	AV ENGENHEIRO ABDIAS DE CARVALHO	""	""	NO SEMÁFORO 422/ SENTIDO BR	AV ENGENHEIRO ABDIAS DE CARVALHO	""	NO SEMÁFORO 422/ SENTIDO BR	BONGI		""	COLISÃO	COLISÃO COM VÍTIMA	1	1								1		""	""	""	""	""	""	""	""	""	""	""	""	""
501	2018-01-18T00:00:00	14:00:00	SEM VÍTIMA	FINALIZADA	PINA	RUA IVONETE FERREIRA DA SILVA	54	""	AO LADO DO DNIT	RUA IVONETE FERREIRA DA SILVA	54	AO LADO DO DNIT	PINA		""	COLISÃO	COLISÃO SEM VÍTIMA	1						1			0		""	""	""	""	""	""	""	""	""	""	""	""	""
502	2018-01-18T00:00:00	14:37:00	SEM VÍTIMA	FINALIZADA	BOA VIAGEM	AV ENGENHEIRO DOMINGOS FERREIRA	""	""	AO LADO DO CARREFOUR	AV ENGENHEIRO DOMINGOS FERREIRA	""	AO LADO DO CARREFOUR	BOA VIAGEM		""	COLISÃO	COLISAO DE ONIBUS E AUTO S/V										0		""	""	""	""	""	""	""	""	""	""	""	""	""
503	2018-01-18T00:00:00	15:02:00	SEM VÍTIMA	FINALIZADA	SÃO JOSÉ	AV ENGENHEIRO JOSE ESTELITA	""	""	APOS O VIADULTO SENT. BOA VIAGEM	AV ENGENHEIRO JOSE ESTELITA	""	APOS O VIADULTO SENT. BOA VIAGEM	SÃO JOSÉ		""	COLISÃO	DOIS AUTOS E ONIBUS	2					1				0		""	""	""	""	""	""	""	""	""	""	""	""	""
504	2018-01-18T00:00:00	15:05:00	SEM VÍTIMA	FINALIZADA	BONGI	AV ENGENHEIRO ABDIAS DE CARVALHO	""	""	E/F DA SUBWAY S/T CID	AV ENGENHEIRO ABDIAS DE CARVALHO	""	E/F DA SUBWAY S/T CID	BONGI		""	ENGAVETAMENTO	ENGAVETAMENTO DE TRES AUTOS E AMBULANCIA DO SAMU	3								1	0		""	""	""	""	""	""	""	""	""	""	""	""	""
505	2018-01-18T00:00:00	15:10:00	COM VÍTIMA	FINALIZADA	ENCRUZILHADA	AV JOAO DE BARROS	""	""	NO SEMÁFORO 043/ SENTIDO CIDADE	AV JOAO DE BARROS	""	NO SEMÁFORO 043/ SENTIDO CIDADE	ENCRUZILHADA		""	COLISÃO	COLISÃO COM VÍTIMA		1				1				1		""	""	""	""	""	""	""	""	""	""	""	""	""
506	2018-01-18T00:00:00	15:19:00	COM VÍTIMA	FINALIZADA	ÁGUA FRIA	RUA DA REGENERACAO	""	RUA DAS MOCAS	CRUZAMENTO COM RUA DAS MOÇAS	RUA DA REGENERACAO	""	CRUZAMENTO COM RUA DAS MOÇAS	ÁGUA FRIA		""	COLISÃO	DUAS MOTOCICLETAS		2								2		""	""	""	""	""	""	""	""	""	""	""	""	""
507	2018-01-18T00:00:00	15:45:00	SEM VÍTIMA	CANCELADA	SÃO JOSÉ	RUA SAO JOAO	""	""	EM FRENTE A GUARDA PATRIMONIAL	RUA SAO JOAO	""	EM FRENTE A GUARDA PATRIMONIAL	SÃO JOSÉ		""	COLISÃO	COLISÃO SEM VÍTIMA	2									0		""	""	""	""	""	""	""	""	""	""	""	""	""
508	2018-01-18T00:00:00	16:01:00	""	CANCELADA	SÃO JOSÉ	AV ENGENHEIRO JOSE ESTELITA	""	""	NA DESCIDA DO VIADUTO E/F DOS ARMAZEM S/T BOA VIAGEM	AV ENGENHEIRO JOSE ESTELITA	""	NA DESCIDA DO VIADUTO E/F DOS ARMAZEM S/T BOA VIAGEM	SÃO JOSÉ		""	COLISÃO	COLISAO DE DOIS AUTOS S/V	2									0		""	""	""	""	""	""	""	""	""	""	""	""	""
509	2018-01-18T00:00:00	16:05:00	COM VÍTIMA	CANCELADA	ESPINHEIRO	RUA DO ESPINHEIRO	""	RUA AMELIA	COM RUA AMELIA, EM FRENTE Á FARMACIA PERNAMBUCO	RUA DO ESPINHEIRO	""	COM RUA AMELIA, EM FRENTE Á FARMACIA PERNAMBUCO	ESPINHEIRO		""	COLISÃO	AUTO E MOTO	1	1								2		""	""	""	""	""	""	""	""	""	""	""	""	""
510	2018-01-18T00:00:00	16:14:00	COM VÍTIMA	FINALIZADA	PINA	AV HERCULANO BANDEIRA	""	""	E/F DA CAIXA ECONOMICA FEDERAL	AV HERCULANO BANDEIRA	""	E/F DA CAIXA ECONOMICA FEDERAL	PINA		""	COLISÃO COM CICLISTA	COLISAO DE MOTO COM CICLISTA COM VITIMA		1		1						1		""	""	""	""	""	""	""	""	""	""	""	""	""
511	2018-01-18T00:00:00	16:30:00	SEM VÍTIMA	FINALIZADA	CASA AMARELA	RUA CONS PERETTI	""	""	NA RUA DA CAIXA ECONOMICA E/F DA CASA LOTERICA	RUA CONS PERETTI	""	NA RUA DA CAIXA ECONOMICA E/F DA CASA LOTERICA	CASA AMARELA		""	COLISÃO	COLISAO DE ONIBUS E AUTO S/V	1					1				0		""	""	""	""	""	""	""	""	""	""	""	""	""
512	2018-01-18T00:00:00	17:27:00	SEM VÍTIMA	EQUIPE EM DESLOCAMENTO	CORDEIRO	RUA GOMES TABORDA	1172	""	E/F DA CENTRO SERVICE	RUA GOMES TABORDA	1172	E/F DA CENTRO SERVICE	CORDEIRO		""	COLISÃO	COLISA DE QUATRO AUTOS S/V	4									0		""	""	""	""	""	""	""	""	""	""	""	""	""
513	2018-01-18T00:00:00	17:30:00	SEM VÍTIMA	FINALIZADA	BOA VIAGEM	AV ENGENHEIRO DOMINGOS FERREIRA	""	""	EM FRENTE DO RESTAURANTE PONTEIO	AV ENGENHEIRO DOMINGOS FERREIRA	""	EM FRENTE DO RESTAURANTE PONTEIO	BOA VIAGEM		""	COLISÃO	ONIBUS E AUTO	1					1				0		""	""	""	""	""	""	""	""	""	""	""	""	""