_id	DATA	hora	natureza_acidente	situacao	bairro	endereco	numero	detalhe_endereco_acidente	complemento	endereco_cruzamento	numero_cruzamento	referencia_cruzamento	bairro_cruzamento	num_semaforo	sentido_via	tipo	descricao	auto	moto	ciclom	ciclista	pedestre	onibus	caminhao	viatura	outros	vitimas	vitimasfatais	acidente_verificado	tempo_clima	situacao_semaforo	sinalizacao	condicao_via	conservacao_via	ponto_controle	situacao_placa	velocidade_max_via	mao_direcao	divisao_via1	divisao_via2	divisao_via3
514	2018-01-18T00:00:00	17:56:00	SEM VÍTIMA	EQUIPE EM DESLOCAMENTO	BOA VISTA	RUA DA AURORA	175	""	E/F AO CINEMA SÃO LUIZ	RUA DA AURORA	175	E/F AO CINEMA SÃO LUIZ	BOA VISTA		""	COLISÃO	ENTRE AUTO E ÔNIBUS. S/V	1					1				0		""	""	""	""	""	""	""	""	""	""	""	""	""
515	2018-01-18T00:00:00	18:00:00	""	CANCELADA	CORDEIRO	RUA GOMES TABORDA	1172	""	E/F A CENTRO SERVICE	RUA GOMES TABORDA	1172	E/F A CENTRO SERVICE	CORDEIRO		""	ENGAVETAMENTO	ENTRE 4 AUTOS. S/V	4									0		""	""	""	""	""	""	""	""	""	""	""	""	""
516	2018-01-18T00:00:00	18:28:00	COM VÍTIMA	FINALIZADA	CABANGA	VIADUTO CAPITAO TEMUDO	""	""	NO FINAL DO CAPITAO TEMUDO PROX A COMPESA SENTIDO RIO MAR PROX A LOMBADA ELETRONICA	VIADUTO CAPITAO TEMUDO	""	NO FINAL DO CAPITAO TEMUDO PROX A COMPESA SENTIDO RIO MAR PROX A LOMBADA ELETRONICA	CABANGA		""	COLISÃO	HONDA SIT X MOTO	1	1								1		""	""	""	""	""	""	""	""	""	""	""	""	""
517	2018-01-18T00:00:00	18:51:00	SEM VÍTIMA	FINALIZADA	BOA VIAGEM	AV CONSELHEIRO AGUIAR	""	RUA DO ATLANTICO	CRUZAMENTO COM A RUA DO ATLANTICO	AV CONSELHEIRO AGUIAR	""	CRUZAMENTO COM A RUA DO ATLANTICO	BOA VIAGEM		""	COLISÃO	ONIBUS X AUTO	1					1				0		""	""	""	""	""	""	""	""	""	""	""	""	""
518	2018-01-18T00:00:00	19:40:00	SEM VÍTIMA	FINALIZADA	CASA FORTE	RUA SANTANA	171	""	E/F AO EDF AGAVE E PROX AO QUARTEL CPOR	RUA SANTANA	171	E/F AO EDF AGAVE E PROX AO QUARTEL CPOR	CASA FORTE		""	COLISÃO	ENTRE 2 AUTOS. S/V	2									0		""	""	""	""	""	""	""	""	""	""	""	""	""
519	2018-01-18T00:00:00	20:35:00	COM VÍTIMA	FINALIZADA	GRAÇAS	RUA AMELIA	""	""	E/F AO COLÉGIO AGNES // VT 30 NO LOCAL	RUA AMELIA	""	E/F AO COLÉGIO AGNES // VT 30 NO LOCAL	GRAÇAS		""	COLISÃO	ENTRE AUTO E MOTO. C/V	1	1								1		""	""	""	""	""	""	""	""	""	""	""	""	""
520	2018-01-18T00:00:00	22:17:00	COM VÍTIMA	FINALIZADA	TAMARINEIRA	AV ENGENHEIRO AGAMENON DE MAGALHAES MELO	327	""	E/F AO EDF IPER / APÓS O COLÉGIO ANGULO	AV ENGENHEIRO AGAMENON DE MAGALHAES MELO	327	E/F AO EDF IPER / APÓS O COLÉGIO ANGULO	TAMARINEIRA		""	COLISÃO	ENTRE AUTO E MOTO. C/V	1	1								1		""	""	""	""	""	""	""	""	""	""	""	""	""
521	2018-01-19T00:00:00	06:20:00	SEM VÍTIMA	FINALIZADA	CASA FORTE	AV DEZESSETE DE AGOSTO	""	""	EM FRENTE A PAGUE MENOS EM BAIXO DO SEMAFORO 646	AV DEZESSETE DE AGOSTO	""	EM FRENTE A PAGUE MENOS EM BAIXO DO SEMAFORO 646	CASA FORTE		""	COLISÃO	COLISÃO SEM VITIMAS	2									0		""	""	""	""	""	""	""	""	""	""	""	""	""
522	2018-01-19T00:00:00	06:58:00	SEM VÍTIMA	FINALIZADA	IBURA	AV DOIS RIOS	""	""	DEFRONTE AO POSTO TOTAL, SENTIDO CENTRO	AV DOIS RIOS	""	DEFRONTE AO POSTO TOTAL, SENTIDO CENTRO	IBURA		""	COLISÃO	COLISÃO SEM VITIMA	1	1								0		""	""	""	""	""	""	""	""	""	""	""	""	""
523	2018-01-19T00:00:00	07:10:00	SEM VÍTIMA	CANCELADA	TORRE	RUA CONS THEODORO	33	""	E/F AO CENTRO ESPIRITA ANTONIO DE PADUA	RUA CONS THEODORO	33	E/F AO CENTRO ESPIRITA ANTONIO DE PADUA	TORRE		""	COLISÃO	SEM VÍTIMAS	2									0		""	""	""	""	""	""	""	""	""	""	""	""	""
524	2018-01-19T00:00:00	07:47:00	SEM VÍTIMA	FINALIZADA	ILHA JOANA BEZERRA	AV SUL	""	""	EM FRENTE A SECRETARIA DA FAZENDA / SENT CIDADE	AV SUL	""	EM FRENTE A SECRETARIA DA FAZENDA / SENT CIDADE	ILHA JOANA BEZERRA		""	COLISÃO	CAMINHAO E AUTO	1	1								0		""	""	""	""	""	""	""	""	""	""	""	""	""
525	2018-01-19T00:00:00	07:56:00	SEM VÍTIMA	FINALIZADA	PRADO	RUA SANTA EDWIRGES	131	""	E/F A IGREJA PRESBITERIANA DO PRADO	RUA SANTA EDWIRGES	131	E/F A IGREJA PRESBITERIANA DO PRADO	PRADO		""	COLISÃO	COM UMA VÍTIMA	1	1								0		""	""	""	""	""	""	""	""	""	""	""	""	""
526	2018-01-19T00:00:00	07:59:00	SEM VÍTIMA	CANCELADA	IPSEP	AV RECIFE	5536	""	DEFRONTE A SO HIDRAULICA, SENTIDO SUBURBIO	AV RECIFE	5536	DEFRONTE A SO HIDRAULICA, SENTIDO SUBURBIO	IPSEP		""	COLISÃO	COLISÃO SEM VITIMA	1						1			0		""	""	""	""	""	""	""	""	""	""	""	""	""
527	2018-01-19T00:00:00	08:10:00	SEM VÍTIMA	CANCELADA	ILHA DO RETIRO	RUA SPORT CLUBE DO RECIFE	""	""	E/F AO CLUBE DO SPORT, SENTIDO CIDADE. SEMÁFORO 367	RUA SPORT CLUBE DO RECIFE	""	E/F AO CLUBE DO SPORT, SENTIDO CIDADE. SEMÁFORO 367	ILHA DO RETIRO		""	COLISÃO	SEM VÍTIMAS	2									0		""	""	""	""	""	""	""	""	""	""	""	""	""
528	2018-01-19T00:00:00	08:29:00	SEM VÍTIMA	FINALIZADA	ILHA JOANA BEZERRA	AV CENTRAL	""	""	EM FRENTE A ESTAÇÃO JOANA BEZERRA SENTIDO AV SUL	AV CENTRAL	""	EM FRENTE A ESTAÇÃO JOANA BEZERRA SENTIDO AV SUL	ILHA JOANA BEZERRA		""	COLISÃO	COLISÃO SEM VITIMAS	1					1				0		""	""	""	""	""	""	""	""	""	""	""	""	""
529	2018-01-19T00:00:00	08:48:00	SEM VÍTIMA	CANCELADA	ESPINHEIRO	RUA MARQUES DO PARANA	""	""	JUNTO AO SEMAFORO 056	RUA MARQUES DO PARANA	""	JUNTO AO SEMAFORO 056	ESPINHEIRO		""	COLISÃO	COLISÃO SEM VITIMAS	1	1								0		""	""	""	""	""	""	""	""	""	""	""	""	""
530	2018-01-19T00:00:00	09:10:00	SEM VÍTIMA	FINALIZADA	IMBIRIBEIRA	AV ANTONIO TORRES GALVAO	252	""	DEFRONTE A BREMMER	AV ANTONIO TORRES GALVAO	252	DEFRONTE A BREMMER	IMBIRIBEIRA		""	COLISÃO	COLISÃO SEM VITIMAS	1								1	0		""	""	""	""	""	""	""	""	""	""	""	""	""
531	2018-01-19T00:00:00	09:19:00	SEM VÍTIMA	FINALIZADA	BOA VIAGEM	AV ENGENHEIRO DOMINGOS FERREIRA	4070	RUA RIBEIRO DE BRITO	CRUZ COM A RIBEIRO DE BRITO EM FRENTE A LOJA PONTO NATURAL	AV ENGENHEIRO DOMINGOS FERREIRA	4070	CRUZ COM A RIBEIRO DE BRITO EM FRENTE A LOJA PONTO NATURAL	BOA VIAGEM		""	COLISÃO	COLISÃO SEM VITIMAS GM QTH	2									0		""	""	""	""	""	""	""	""	""	""	""	""	""
532	2018-01-19T00:00:00	09:32:00	SEM VÍTIMA	CANCELADA	ILHA JOANA BEZERRA	""	""	""	DEFFRONTE AO FORUM E A ACADEMIA DA CIDADE	""	""	DEFFRONTE AO FORUM E A ACADEMIA DA CIDADE	ILHA JOANA BEZERRA		""	COLISÃO	COLISÃO SEM VITIMA		1				1				0		""	""	""	""	""	""	""	""	""	""	""	""	""
533	2018-01-19T00:00:00	10:36:00	SEM VÍTIMA	FINALIZADA	CAMPO GRANDE	AV GOVERNADOR AGAMENON MAGALHAES	""	""	E/F A ACADEMIA DA CIDADE, SENTIDO BOA VIAGEM. APÓS A UPINHA DIA TASSO BEZERRA.	AV GOVERNADOR AGAMENON MAGALHAES	""	E/F A ACADEMIA DA CIDADE, SENTIDO BOA VIAGEM. APÓS A UPINHA DIA TASSO BEZERRA.	CAMPO GRANDE		""	COLISÃO	SEM VÍTIMAS						2				0		""	""	""	""	""	""	""	""	""	""	""	""	""
534	2018-01-19T00:00:00	10:43:00	SEM VÍTIMA	FINALIZADA	SANTO ANTÔNIO	AV MARTINS DE BARROS	""	""	DEFRONTE A NAGEM	AV MARTINS DE BARROS	""	DEFRONTE A NAGEM	SANTO ANTÔNIO		""	COLISÃO	COLISÃO SEM VITIMA	1						1			0		""	""	""	""	""	""	""	""	""	""	""	""	""
535	2018-01-19T00:00:00	11:32:00	SEM VÍTIMA	CANCELADA	IMBIRIBEIRA	AV MARECHAL MASCARENHAS DE MORAES	5803	""	E/F AO POSTO IPIRANGA, SENTIDO BOA VIAGEM	AV MARECHAL MASCARENHAS DE MORAES	5803	E/F AO POSTO IPIRANGA, SENTIDO BOA VIAGEM	IMBIRIBEIRA		""	COLISÃO	SEM VÍTIMAS	2									0		""	""	""	""	""	""	""	""	""	""	""	""	""
536	2018-01-19T00:00:00	12:45:00	SEM VÍTIMA	CANCELADA	IPUTINGA	AV CAXANGA	5693	""	PROX DA INTEGRAÇAO S/T CID	AV CAXANGA	5693	PROX DA INTEGRAÇAO S/T CID	IPUTINGA		""	COLISÃO	COLISAO DE TRES AUTOS S/V	3									0		""	""	""	""	""	""	""	""	""	""	""	""	""
537	2018-01-19T00:00:00	13:08:00	SEM VÍTIMA	FINALIZADA	IMBIRIBEIRA	AV MARECHAL MASCARENHAS DE MORAES	""	""	E/F DO GERALDAO S/T CID NO SEMAFORO 290	AV MARECHAL MASCARENHAS DE MORAES	""	E/F DO GERALDAO S/T CID NO SEMAFORO 290	IMBIRIBEIRA		""	COLISÃO	COLISAO DE DOIS AUTOS S/V	2									0		""	""	""	""	""	""	""	""	""	""	""	""	""
538	2018-01-19T00:00:00	13:28:00	SEM VÍTIMA	FINALIZADA	BOA VIAGEM	RUA BARAO DE SOUZA LEAO	156	""	AO LADO DA PRACINHA DE BOA VIAGEM EM FRENTE A CASA DOS DOCES	RUA BARAO DE SOUZA LEAO	156	AO LADO DA PRACINHA DE BOA VIAGEM EM FRENTE A CASA DOS DOCES	BOA VIAGEM		""	COLISÃO	COLISÃO SEM VITIMAS	2									0		""	""	""	""	""	""	""	""	""	""	""	""	""
539	2018-01-19T00:00:00	14:44:00	SEM VÍTIMA	CANCELADA	BOA VIAGEM	AV BOA VIAGEM	100	""	EM FRENTE AO POSTO DE GASOLINA POLO PINA EDIFICIO MARIA CARLA	AV BOA VIAGEM	100	EM FRENTE AO POSTO DE GASOLINA POLO PINA EDIFICIO MARIA CARLA	BOA VIAGEM		""	COLISÃO	COLISÃO SEM VITIMAS	1						1			0		""	""	""	""	""	""	""	""	""	""	""	""	""
540	2018-01-19T00:00:00	15:11:00	SEM VÍTIMA	CANCELADA	BOA VIAGEM	AV ENGENHEIRO DOMINGOS FERREIRA	3972	""	EM FRENTE AO RESTAURANTE FAMILIA GIULIANO	AV ENGENHEIRO DOMINGOS FERREIRA	3972	EM FRENTE AO RESTAURANTE FAMILIA GIULIANO	BOA VIAGEM		""	COLISÃO	COLISÃO SEM VITIMAS	2									0		""	""	""	""	""	""	""	""	""	""	""	""	""
541	2018-01-19T00:00:00	15:23:00	SEM VÍTIMA	FINALIZADA	SANTO AMARO	RUA PEDRO AFONSO	""	""	PROX A IGREJA UNIVERSAL EM FRENTE AO DIARIO DE PERNAMBUCO SENTIDO CENTRO	RUA PEDRO AFONSO	""	PROX A IGREJA UNIVERSAL EM FRENTE AO DIARIO DE PERNAMBUCO SENTIDO CENTRO	SANTO AMARO		""	COLISÃO	COLISÃO SEM VITIMAS	3									0		""	""	""	""	""	""	""	""	""	""	""	""	""
542	2018-01-19T00:00:00	15:26:00	SEM VÍTIMA	CANCELADA	IMBIRIBEIRA	AV SUL	""	AV GENERAL MAC ARTHUR	AO LADO DA ASSEMBLEIA DE DEUS/ CRUZAMENTO COM A AV. GENERAL MAC ARTHUR	AV SUL	""	AO LADO DA ASSEMBLEIA DE DEUS/ CRUZAMENTO COM A AV. GENERAL MAC ARTHUR	IMBIRIBEIRA		""	COLISÃO	COLISÃO SEM VITIMAS	2									0		""	""	""	""	""	""	""	""	""	""	""	""	""
543	2018-01-19T00:00:00	16:36:00	SEM VÍTIMA	FINALIZADA	JOANA BEZERRA	VIADUTO CAPITAO TEMUDO	""	""	EM CIMA DO VIADUTO / SENTIDO BOA VIAGEM	VIADUTO CAPITAO TEMUDO	""	EM CIMA DO VIADUTO / SENTIDO BOA VIAGEM	JOANA BEZERRA		""	COLISÃO	COLISÃO SEM VÍTIMA	2									0		""	""	""	""	""	""	""	""	""	""	""	""	""
544	2018-01-19T00:00:00	16:56:00	SEM VÍTIMA	CANCELADA	BOA VIAGEM	AV ENGENHEIRO DOMINGOS FERREIRA	2886	""	EM FRENTE AO REI DOS GALETOS/ PISTA DA DIREITA	AV ENGENHEIRO DOMINGOS FERREIRA	2886	EM FRENTE AO REI DOS GALETOS/ PISTA DA DIREITA	BOA VIAGEM		""	COLISÃO	COLISÃO SEM VÍTIMA	3									0		""	""	""	""	""	""	""	""	""	""	""	""	""
545	2018-01-19T00:00:00	17:20:00	SEM VÍTIMA	FINALIZADA	BOA VIAGEM	RUA BARAO DE SOUZA LEAO	""	""	PROX DO AEROPORTO E/F MAX PISCINAS	RUA BARAO DE SOUZA LEAO	""	PROX DO AEROPORTO E/F MAX PISCINAS	BOA VIAGEM		""	COLISÃO	COLISAO ENTRE CARRETA E AUTO S/V	1						1			0		""	""	""	""	""	""	""	""	""	""	""	""	""
546	2018-01-19T00:00:00	17:50:00	SEM VÍTIMA	EQUIPE NO LOCAL	MADALENA	RUA COMENDADOR BENTO AGUIAR	84	AV JOSE GONCALVES DE MEDEIROS	CRUZAMENTO COM AV JOSE CONÇALVES DE MEDEIROS	RUA COMENDADOR BENTO AGUIAR	84	CRUZAMENTO COM AV JOSE CONÇALVES DE MEDEIROS	MADALENA		""	COLISÃO	COLISÃO SEM VÍTIMA	2									0		""	""	""	""	""	""	""	""	""	""	""	""	""
547	2018-01-19T00:00:00	18:23:00	SEM VÍTIMA	FINALIZADA	MADALENA	AV ENGENHEIRO ABDIAS DE CARVALHO	""	EST DOS REMEDIOS	COM EST. DOS REMEDIOS, EM FRENTE Á FARMACIA BIG BEN NO SEMAFORO 052	AV ENGENHEIRO ABDIAS DE CARVALHO	""	COM EST. DOS REMEDIOS, EM FRENTE Á FARMACIA BIG BEN NO SEMAFORO 052	MADALENA		""	COLISÃO	DOIS AUTOS	2									0		""	""	""	""	""	""	""	""	""	""	""	""	""
548	2018-01-19T00:00:00	19:59:00	COM VÍTIMA	FINALIZADA	CASA FORTE	EST DO ENCANAMENTO	751	""	PROX. DO HOSPITAL DE OLHOS SANTA LUZIA	EST DO ENCANAMENTO	751	PROX. DO HOSPITAL DE OLHOS SANTA LUZIA	CASA FORTE		""	COLISÃO	VT- DA PM E AUTO	1							1		2		""	""	""	""	""	""	""	""	""	""	""	""	""
549	2018-01-19T00:00:00	20:13:00	SEM VÍTIMA	FINALIZADA	MADALENA	RUA REAL DA TORRE	825	""	ENF AO ED APOLO E LACUCA OFICINA DE PIZZA	RUA REAL DA TORRE	825	ENF AO ED APOLO E LACUCA OFICINA DE PIZZA	MADALENA		""	COLISÃO	ONIBUS E DOIS AUTO	2					1				0		""	""	""	""	""	""	""	""	""	""	""	""	""
550	2018-01-19T00:00:00	20:16:00	COM VÍTIMA	FINALIZADA	PAISSANDU	AV FREI MATIAS TEVES	83	RUA SENADOR JOSE HENRIQUE	CRUZAMENTO COM A RUA SAN .JOSE HENRIQUE	AV FREI MATIAS TEVES	83	CRUZAMENTO COM A RUA SAN .JOSE HENRIQUE	PAISSANDU		""	COLISÃO	ONIBUS X AUTO	1					1				2		""	""	""	""	""	""	""	""	""	""	""	""	""
551	2018-01-19T00:00:00	23:19:00	SEM VÍTIMA	FINALIZADA	BOA VIAGEM	AV ARMINDO MOURA	""	RUA VISCONDE DE JEQUITINHONHA	CRUZAMENTO COM A JEQUITINHONHA SEMAFORO 258	AV ARMINDO MOURA	""	CRUZAMENTO COM A JEQUITINHONHA SEMAFORO 258	BOA VIAGEM		""	COLISÃO	AUTO E CAMINHAO	1						1			0		""	""	""	""	""	""	""	""	""	""	""	""	""
552	2018-01-20T00:00:00	00:09:00	SEM VÍTIMA	FINALIZADA	PINA	AV HERCULANO BANDEIRA	434	""	PROX DA GALERIA JOANA D´ARC, PROX DA IGREJA NOSSA SENHORA DO ROSÁRIO DO PINA	AV HERCULANO BANDEIRA	434	PROX DA GALERIA JOANA D´ARC, PROX DA IGREJA NOSSA SENHORA DO ROSÁRIO DO PINA	PINA		""	COLISÃO	COLISÃO ENTRE AUTO E MOTO S/V	1	1								0		""	""	""	""	""	""	""	""	""	""	""	""	""
553	2018-01-20T00:00:00	05:26:00	SEM VÍTIMA	FINALIZADA	SANTO AMARO	RUA TREZE DE MAIO	""	""	AO LADO DO INSS.	RUA TREZE DE MAIO	""	AO LADO DO INSS.	SANTO AMARO		""	ACID. DE PERCURSO	MOTOQUEIRO CHOCOU-SE COM UMA ARVORE		1								0		""	""	""	""	""	""	""	""	""	""	""	""	""
554	2018-01-20T00:00:00	07:18:00	COM VÍTIMA	FINALIZADA	ROSARINHO	RUA DR JOSE MARIA	512	""	E/F AO EDF. PRIVILEGE ROSARINHO	RUA DR JOSE MARIA	512	E/F AO EDF. PRIVILEGE ROSARINHO	ROSARINHO		""	COLISÃO	COM UMA VÍTIMA JÁ SOCORRIDA PELOS BOMBEIROS	1	1								1		""	""	""	""	""	""	""	""	""	""	""	""	""
555	2018-01-20T00:00:00	09:00:00	COM VÍTIMA	FINALIZADA	CAMPO GRANDE	EST DE BELEM	""	RUA PRUDENTE DE MORAIS	CRUZAMENTO COM RUA PRUDENTE DE MORAIS AO LADO DO POSTO TOTAL	EST DE BELEM	""	CRUZAMENTO COM RUA PRUDENTE DE MORAIS AO LADO DO POSTO TOTAL	CAMPO GRANDE		""	COLISÃO	CAMINHAO E MOTO		1					1			2		""	""	""	""	""	""	""	""	""	""	""	""	""
556	2018-01-20T00:00:00	09:12:00	SEM VÍTIMA	FINALIZADA	SAN MARTIN	AV GENERAL SAN MARTIN	""	AV ENG ABDIAS DE CARVALHO	SEMÁFORO 058 NO CRUZAMENTO. E/F AO COMPAZ	AV GENERAL SAN MARTIN	""	SEMÁFORO 058 NO CRUZAMENTO. E/F AO COMPAZ	SAN MARTIN		""	COLISÃO	SEM VÍTIMAS	1						1			0		""	""	""	""	""	""	""	""	""	""	""	""	""
557	2018-01-20T00:00:00	09:28:00	SEM VÍTIMA	FINALIZADA	AREIAS	AV RECIFE	""	""	EM FRENTE AO WALMART, SENTIDO BOA VIAGEM	AV RECIFE	""	EM FRENTE AO WALMART, SENTIDO BOA VIAGEM	AREIAS		""	COLISÃO	DOIS AUTOS	2									0		""	""	""	""	""	""	""	""	""	""	""	""	""
558	2018-01-20T00:00:00	09:38:00	SEM VÍTIMA	FINALIZADA	PAISSANDU	AV GOVERNADOR AGAMENON MAGALHAES	""	""	DEFRONTE AO BANCO ITAU, SENTIDO OLINDA	AV GOVERNADOR AGAMENON MAGALHAES	""	DEFRONTE AO BANCO ITAU, SENTIDO OLINDA	PAISSANDU		""	COLISÃO	COLISÃO SEM VITIMAS	1						1			0		""	""	""	""	""	""	""	""	""	""	""	""	""
559	2018-01-20T00:00:00	09:49:00	SEM VÍTIMA	CANCELADA	BOA VISTA	RUA VISCONDE DE GOIANA	522	""	EDF. VISCONDE DE GOIANA	RUA VISCONDE DE GOIANA	522	EDF. VISCONDE DE GOIANA	BOA VISTA		""	COLISÃO	COLISÃO SEM VITIMAS	1						1			0		""	""	""	""	""	""	""	""	""	""	""	""	""
560	2018-01-20T00:00:00	11:17:00	SEM VÍTIMA	FINALIZADA	AREIAS	RUA APURA	169	""	VILA CARDEAL, PROX. AO INSS	RUA APURA	169	VILA CARDEAL, PROX. AO INSS	AREIAS		""	COLISÃO	DOIS AUTOS	2									0		""	""	""	""	""	""	""	""	""	""	""	""	""
561	2018-01-20T00:00:00	11:21:00	COM VÍTIMA	FINALIZADA	IPSEP	AV RECIFE	2706	""	SEMAFORO 016,EM FRENTE AO NUCLEO DA PM	AV RECIFE	2706	SEMAFORO 016,EM FRENTE AO NUCLEO DA PM	IPSEP		""	COLISÃO	COM DUAS VITIMAS AGUARDANDO SAMU	1									2		""	""	""	""	""	""	""	""	""	""	""	""	""
562	2018-01-20T00:00:00	11:49:00	SEM VÍTIMA	CANCELADA	DOIS UNIDOS	AV HILDEBRANDO DE VASCONCELOS	""	""	JUNTO AO TERMINAL DE DOIS UNIDOS	AV HILDEBRANDO DE VASCONCELOS	""	JUNTO AO TERMINAL DE DOIS UNIDOS	DOIS UNIDOS		""	COLISÃO	COLISÃO SEM VITIMAS		1				1				0		""	""	""	""	""	""	""	""	""	""	""	""	""
563	2018-01-20T00:00:00	12:24:00	SEM VÍTIMA	FINALIZADA	PINA	AV ANTONIO DE GOES	""	""	DEFRONTE AO JCPM..	AV ANTONIO DE GOES	""	DEFRONTE AO JCPM..	PINA		""	COLISÃO	COLISÃO SEM VITIMAS	1					1				0		""	""	""	""	""	""	""	""	""	""	""	""	""
564	2018-01-20T00:00:00	12:45:00	SEM VÍTIMA	FINALIZADA	BOA VIAGEM	AV DOM JOAO VI	""	""	NO SEMAFORO 543	AV DOM JOAO VI	""	NO SEMAFORO 543	BOA VIAGEM		""	COLISÃO	COLISAO DE DOIS AUTOS S/V	2									0		""	""	""	""	""	""	""	""	""	""	""	""	""
565	2018-01-20T00:00:00	15:00:00	COM VÍTIMA	FINALIZADA	TAMARINEIRA	AV NORTE	3889	RUA CONEGO BARATA	PRÓXIMO AO CRUZAMENTO C/ RUA CÔNEGO BARATA S/C	AV NORTE	3889	PRÓXIMO AO CRUZAMENTO C/ RUA CÔNEGO BARATA S/C	TAMARINEIRA		""	COLISÃO	COLISÃO C/ VÍTIMA	1	1								1		""	""	""	""	""	""	""	""	""	""	""	""	""
566	2018-01-20T00:00:00	16:12:00	SEM VÍTIMA	FINALIZADA	BAIRRO DO RECIFE	AV ALFREDO LISBOA	1168	""	E/F DO MINISTERIO DA FAZENDA	AV ALFREDO LISBOA	1168	E/F DO MINISTERIO DA FAZENDA	BAIRRO DO RECIFE		""	COLISÃO	COLISAO DE DOIS AUTOS S/V	2									0		""	""	""	""	""	""	""	""	""	""	""	""	""
567	2018-01-20T00:00:00	16:21:00	SEM VÍTIMA	FINALIZADA	BOA VIAGEM	RUA BARAO DE SOUZA LEAO	""	""	PROX DA ESTAÇAO DO METRO NO SEMAFORO 644	RUA BARAO DE SOUZA LEAO	""	PROX DA ESTAÇAO DO METRO NO SEMAFORO 644	BOA VIAGEM		""	COLISÃO	COLISAO DE DOIS AUTOS S/V	2									0		""	""	""	""	""	""	""	""	""	""	""	""	""
568	2018-01-20T00:00:00	16:46:00	COM VÍTIMA	FINALIZADA	CASA FORTE	RUA LEONARDO BEZERRA CAVALCANTE	646	""	NA SAIDA DO HIPER, EM FRENTE AO PLAZA	RUA LEONARDO BEZERRA CAVALCANTE	646	NA SAIDA DO HIPER, EM FRENTE AO PLAZA	CASA FORTE		""	COLISÃO	AUTO MOTO	1	1								1		""	""	""	""	""	""	""	""	""	""	""	""	""
569	2018-01-20T00:00:00	16:43:00	COM VÍTIMA	CANCELADA	TEJIPIÓ	AV DR JOSE RUFINO	3795	""	PE/F DA ESTAÇAO TEJIPIO	AV DR JOSE RUFINO	3795	PE/F DA ESTAÇAO TEJIPIO	TEJIPIÓ		""	COLISÃO	COLISAO DE MOTO E AUTO COM UMA VITIMA	1	1								1		""	""	""	""	""	""	""	""	""	""	""	""	""
570	2018-01-20T00:00:00	18:02:00	COM VÍTIMA	FINALIZADA	MACAXEIRA	AV JOSE AMERICO DE ALMEIDA	151	""	EM FRENTE DO RESIDENCIAL AQUARELA	AV JOSE AMERICO DE ALMEIDA	151	EM FRENTE DO RESIDENCIAL AQUARELA	MACAXEIRA		""	ATROPELAMENTO	MOTO E PEDESTRE		1			1					1		""	""	""	""	""	""	""	""	""	""	""	""	""
571	2018-01-20T00:00:00	19:04:00	SEM VÍTIMA	FINALIZADA	ENCRUZILHADA	RUA EUCLIDES FONSECA	186	""	DE ESQUINA COM O ARRAIAL CHICO XAVIER	RUA EUCLIDES FONSECA	186	DE ESQUINA COM O ARRAIAL CHICO XAVIER	ENCRUZILHADA		""	COLISÃO	DOIS AUTOS	2									0		""	""	""	""	""	""	""	""	""	""	""	""	""
572	2018-01-20T00:00:00	19:09:00	COM VÍTIMA	FINALIZADA	TAMARINEIRA	AV CONS ROSA E SILVA	2000	RUA DR JOSE MARIA	COM A RUA DR. JOSE MARIA, EM FRENTE A FARMACIA PAGUE MENOS E EXTRAFARMA	AV CONS ROSA E SILVA	2000	COM A RUA DR. JOSE MARIA, EM FRENTE A FARMACIA PAGUE MENOS E EXTRAFARMA	TAMARINEIRA		""	COLISÃO	MOTO E AUTO	1	1								1		""	""	""	""	""	""	""	""	""	""	""	""	""
573	2018-01-20T00:00:00	19:18:00	SEM VÍTIMA	FINALIZADA	BARRO	AV DR JOSE RUFINO	2533	""	PROX. Á SOCORRO VENANCIO RECEPÇÕES, PROX. DO VIADULTO DA BR SENT. RECIFE	AV DR JOSE RUFINO	2533	PROX. Á SOCORRO VENANCIO RECEPÇÕES, PROX. DO VIADULTO DA BR SENT. RECIFE	BARRO		""	COLISÃO	DOIS AUTOS	2									0		""	""	""	""	""	""	""	""	""	""	""	""	""
574	2018-01-20T00:00:00	19:34:00	SEM VÍTIMA	FINALIZADA	BOA VISTA	AV CONDE DA BOA VISTA	S/N	RUA DA SOLEDADE	ENF AO ED MODULO DE ESQUINA COM SOLEDADE SENTIDO RECIFE ANTIGO SEMAFORO 025	AV CONDE DA BOA VISTA	S/N	ENF AO ED MODULO DE ESQUINA COM SOLEDADE SENTIDO RECIFE ANTIGO SEMAFORO 025	BOA VISTA		""	ENGAVETAMENTO	TRES AUTO	3									0		""	""	""	""	""	""	""	""	""	""	""	""	""
575	2018-01-20T00:00:00	19:37:00	SEM VÍTIMA	FINALIZADA	CAMPO GRANDE	RUA MARQUES DE ABRANTES	123	RUA PRUDENTE DE MORAIS	COM PRUDENTE DE MORAES, PROX. SUBWAY E POSTO DE GASOLINA TOTAL	RUA MARQUES DE ABRANTES	123	COM PRUDENTE DE MORAES, PROX. SUBWAY E POSTO DE GASOLINA TOTAL	CAMPO GRANDE		""	COLISÃO	DOIS AUTOS	2									0		""	""	""	""	""	""	""	""	""	""	""	""	""
576	2018-01-20T00:00:00	20:43:00	SEM VÍTIMA	FINALIZADA	AREIAS	AV DR JOSE RUFINO	1495	""	EM FRENTE Á IGREJA PRESBITERIANA	AV DR JOSE RUFINO	1495	EM FRENTE Á IGREJA PRESBITERIANA	AREIAS		""	COLISÃO	AUTO E MOTO, VT-08	1	1								0		""	""	""	""	""	""	""	""	""	""	""	""	""