_id	DATA	hora	natureza_acidente	situacao	bairro	endereco	numero	detalhe_endereco_acidente	complemento	endereco_cruzamento	numero_cruzamento	referencia_cruzamento	bairro_cruzamento	num_semaforo	sentido_via	tipo	descricao	auto	moto	ciclom	ciclista	pedestre	onibus	caminhao	viatura	outros	vitimas	vitimasfatais	acidente_verificado	tempo_clima	situacao_semaforo	sinalizacao	condicao_via	conservacao_via	ponto_controle	situacao_placa	velocidade_max_via	mao_direcao	divisao_via1	divisao_via2	divisao_via3
577	2018-01-20T00:00:00	21:00:00	COM VÍTIMA	FINALIZADA	IMBIRIBEIRA	AV MARECHAL MASCARENHAS DE MORAES	6133	""	ENF A EMPRESA FOCO ALUGUEL DE VEICULOS	AV MARECHAL MASCARENHAS DE MORAES	6133	ENF A EMPRESA FOCO ALUGUEL DE VEICULOS	IMBIRIBEIRA		""	COLISÃO	AUTO E MOTO	1	1								2		""	""	""	""	""	""	""	""	""	""	""	""	""
578	2018-01-20T00:00:00	21:07:00	SEM VÍTIMA	FINALIZADA	CAXANGÁ	AV CAXANGA	3942	""	EM FRENTE AO BOMPREÇO AO LADO DO POSTO DE GASOLINA BR, SENT. CIDADE	AV CAXANGA	3942	EM FRENTE AO BOMPREÇO AO LADO DO POSTO DE GASOLINA BR, SENT. CIDADE	CAXANGÁ		""	COLISÃO	DOIS AUTOS	2									0		""	""	""	""	""	""	""	""	""	""	""	""	""
579	2018-01-20T00:00:00	22:07:00	COM VÍTIMA	FINALIZADA	ROSARINHO	AV NORTE	""	AV SANTOS DUMONT	CRUZAMENTO COM AV SANTOS DUMONT ENF A PADARIA ROSARINHO SENTIDO SUBURBIO	AV NORTE	""	CRUZAMENTO COM AV SANTOS DUMONT ENF A PADARIA ROSARINHO SENTIDO SUBURBIO	ROSARINHO		""	COLISÃO	CLIO X YAMAHA 125	1	1								1		""	""	""	""	""	""	""	""	""	""	""	""	""
580	2018-01-20T00:00:00	22:29:00	COM VÍTIMA	FINALIZADA	ESPINHEIRO	AV JOAO DE BARROS	""	RUA AFONSO BATISTA	COM AFONSO BATISTA, NO SEMAFORO 089	AV JOAO DE BARROS	""	COM AFONSO BATISTA, NO SEMAFORO 089	ESPINHEIRO		""	COLISÃO	ONIBUS E MOTO		1				1				2		""	""	""	""	""	""	""	""	""	""	""	""	""
581	2018-01-20T00:00:00	22:31:00	SEM VÍTIMA	FINALIZADA	BOA VIAGEM	RUA RIBEIRO DE BRITO	""	AV ENG DOMINGOS FERREIRA	CRUZAMENTO COM AV ENG. DOMIGOS FERREIRA SEMAFORO 155	RUA RIBEIRO DE BRITO	""	CRUZAMENTO COM AV ENG. DOMIGOS FERREIRA SEMAFORO 155	BOA VIAGEM		""	COLISÃO	TAXI X GOL	2									0		""	""	""	""	""	""	""	""	""	""	""	""	""
582	2018-01-20T00:00:00	22:36:00	SEM VÍTIMA	FINALIZADA	TAMARINEIRA	AV NORTE	3798	RUA CONEGO BARATA	NO SEMAFORO 062, CRUZAMENTO COM A RUA CONEGO BARATA	AV NORTE	3798	NO SEMAFORO 062, CRUZAMENTO COM A RUA CONEGO BARATA	TAMARINEIRA		""	COLISÃO	DOIS AUTOS	2									0		""	""	""	""	""	""	""	""	""	""	""	""	""
583	2018-01-20T00:00:00	22:58:00	SEM VÍTIMA	CANCELADA	PRADO	AV ENGENHEIRO ABDIAS DE CARVALHO	1111	""	EM FRENTE Á ENGREFRIO, SENT. CURADO AO LADO DO POSTO DE GASOLINA BR	AV ENGENHEIRO ABDIAS DE CARVALHO	1111	EM FRENTE Á ENGREFRIO, SENT. CURADO AO LADO DO POSTO DE GASOLINA BR	PRADO		""	COLISÃO	DUAS MOTOS		2								0		""	""	""	""	""	""	""	""	""	""	""	""	""
584	2018-01-20T00:00:00	23:14:00	SEM VÍTIMA	FINALIZADA	JARDIM SÃO PAULO	RUA LORENA	275	RUA LEANDRO BARRETO	COM A RUA LEANDRO BARRETO	RUA LORENA	275	COM A RUA LEANDRO BARRETO	JARDIM SÃO PAULO		""	COLISÃO	DOIS AUTOS	2									0		""	""	""	""	""	""	""	""	""	""	""	""	""
585	2018-01-21T00:00:00	09:28:00	SEM VÍTIMA	FINALIZADA	MADALENA	RUA PROFESSORA ANUNCIADA DA ROCHA MELO	25	""	RUA EM FRENTE A IGREJA METODISTA DA MADALENA	RUA PROFESSORA ANUNCIADA DA ROCHA MELO	25	RUA EM FRENTE A IGREJA METODISTA DA MADALENA	MADALENA		""	COLISÃO	SEM VITIMAS	2	1								0		""	""	""	""	""	""	""	""	""	""	""	""	""
586	2018-01-21T00:00:00	11:00:00	SEM VÍTIMA	FINALIZADA	BREJO DA GUABIRABA	AV VEREADOR OTACILIO AZEVEDO	65	""	AO LADO DO HOTEL VIP	AV VEREADOR OTACILIO AZEVEDO	65	AO LADO DO HOTEL VIP	BREJO DA GUABIRABA		""	COLISÃO	SEM VÍTIMAS	1	1								0		""	""	""	""	""	""	""	""	""	""	""	""	""
587	2018-01-21T00:00:00	11:09:00	SEM VÍTIMA	CANCELADA	MANGUEIRA	RUA BOM JARDIM	822	""	DEPOSITO DE RECICLAGEM	RUA BOM JARDIM	822	DEPOSITO DE RECICLAGEM	MANGUEIRA		""	COLISÃO	COLISÃO SEM VITIMAS	2									0		""	""	""	""	""	""	""	""	""	""	""	""	""
588	2018-01-21T00:00:00	14:36:00	SEM VÍTIMA	FINALIZADA	BOA VIAGEM	RUA ERNESTO DE PAULA SANTOS	1368	""	AO LADO DO POSTO BR, POR TRAS DA FACULDADE UNINASSAU, NA DESCIDA DO VIA DUTO, SENTIDO SHOPPING RECIFE	RUA ERNESTO DE PAULA SANTOS	1368	AO LADO DO POSTO BR, POR TRAS DA FACULDADE UNINASSAU, NA DESCIDA DO VIA DUTO, SENTIDO SHOPPING RECIFE	BOA VIAGEM		""	COLISÃO	DOIS ONIBUS E ASA BRANCA						2				0		""	""	""	""	""	""	""	""	""	""	""	""	""
589	2018-01-21T00:00:00	14:49:00	SEM VÍTIMA	FINALIZADA	MADALENA	RUA PADRE ANCHIETA	473	""	EM FRENTE AO EDIFICIO ILHA DE KÉA	RUA PADRE ANCHIETA	473	EM FRENTE AO EDIFICIO ILHA DE KÉA	MADALENA		""	COLISÃO	COLISÃO SEM VÍTIMA										0		""	""	""	""	""	""	""	""	""	""	""	""	""
590	2018-01-21T00:00:00	15:56:00	SEM VÍTIMA	FINALIZADA	SANTO AMARO	AV GOVERNADOR AGAMENON MAGALHAES	""	""	SEMAFORO 049	AV GOVERNADOR AGAMENON MAGALHAES	""	SEMAFORO 049	SANTO AMARO		""	COLISÃO	AUTO E ONIBUS DA CIDADE ALTA, SENTIDO OLINDA	1					1				0		""	""	""	""	""	""	""	""	""	""	""	""	""
591	2018-01-21T00:00:00	17:14:00	SEM VÍTIMA	FINALIZADA	IPSEP	AV RECIFE	5008	""	EM FRENTE AO MAKRO, SENTIDO SEASA	AV RECIFE	5008	EM FRENTE AO MAKRO, SENTIDO SEASA	IPSEP		""	COLISÃO	DOIS AUTOS	2									0		""	""	""	""	""	""	""	""	""	""	""	""	""
592	2018-01-21T00:00:00	17:30:00	SEM VÍTIMA	FINALIZADA	BOA VISTA	RUA DAS NINFAS	189	RUA DO PROGRESSO	PROX. AO MINISTERIO PUBLICO, CRUZAMENTO COM RUA DO PROGRESSO	RUA DAS NINFAS	189	PROX. AO MINISTERIO PUBLICO, CRUZAMENTO COM RUA DO PROGRESSO	BOA VISTA		""	COLISÃO	DOIS AUTOS S/V	2									0		""	""	""	""	""	""	""	""	""	""	""	""	""
593	2018-01-21T00:00:00	18:09:00	SEM VÍTIMA	CANCELADA	TORRÕES	RUA OSCAR BRANDAO	241	""	PROX. AO YOKI DA ABIDIAS	RUA OSCAR BRANDAO	241	PROX. AO YOKI DA ABIDIAS	TORRÕES		""	COLISÃO	AUTO E CAMINHAO	1						1			0		""	""	""	""	""	""	""	""	""	""	""	""	""
594	2018-01-21T00:00:00	18:11:00	SEM VÍTIMA	CANCELADA	MADALENA	AV VISCONDE DE ALBUQUERQUE	140	""	APOS O BOMPREÇOI DA BENFICA	AV VISCONDE DE ALBUQUERQUE	140	APOS O BOMPREÇOI DA BENFICA	MADALENA		""	COLISÃO	AUTO E ONIBUS	1					1				0		""	""	""	""	""	""	""	""	""	""	""	""	""
595	2018-01-21T00:00:00	20:36:00	SEM VÍTIMA	FINALIZADA	BARRO	AV DR JOSE RUFINO	2241	""	""	AV DR JOSE RUFINO	2241	""	BARRO		""	COLISÃO	DOIS AUTO	2									0		""	""	""	""	""	""	""	""	""	""	""	""	""
596	2018-01-21T00:00:00	21:57:00	SEM VÍTIMA	FINALIZADA	TEJIPIÓ	AV DR JOSE RUFINO	XX	""	PROXIMO A ESTAÇÃO DE TEGIPIO	AV DR JOSE RUFINO	XX	PROXIMO A ESTAÇÃO DE TEGIPIO	TEJIPIÓ		""	ACID. DE PERCURSO	VIEICULO E MOTO COLIDIRÃO	1	1								0		""	""	""	""	""	""	""	""	""	""	""	""	""
597	2018-01-21T00:00:00	23:16:00	SEM VÍTIMA	CANCELADA	SÃO JOSÉ	RUA IMPERIAL	1217	""	PROX A PANIFICADORA PAO PAO	RUA IMPERIAL	1217	PROX A PANIFICADORA PAO PAO	SÃO JOSÉ		""	COLISÃO	TAXI X AUTO	2									0		""	""	""	""	""	""	""	""	""	""	""	""	""
598	2018-01-22T00:00:00	05:07:00	SEM VÍTIMA	FINALIZADA	BOA VIAGEM	RUA CORONEL ANIZIO RODRIGUES COELHO	""	RUA DES JOAO PAES	CRUZAMENTO COM A RUA DES JOAO PAES	RUA CORONEL ANIZIO RODRIGUES COELHO	""	CRUZAMENTO COM A RUA DES JOAO PAES	BOA VIAGEM		""	COLISÃO	COLISÃO ENTRE DOIS AUTOS S/V	2									0		""	""	""	""	""	""	""	""	""	""	""	""	""
599	2018-01-22T00:00:00	06:33:00	SEM VÍTIMA	FINALIZADA	BOA VIAGEM	AV BOA VIAGEM	4574	""	EM FRENTE AO EDF MANGARÁ AO LADO DO CASTELINHO	AV BOA VIAGEM	4574	EM FRENTE AO EDF MANGARÁ AO LADO DO CASTELINHO	BOA VIAGEM		""	COLISÃO	SEM VITIMAS	4									0		""	""	""	""	""	""	""	""	""	""	""	""	""
600	2018-01-22T00:00:00	08:30:00	SEM VÍTIMA	FINALIZADA	MADALENA	AV ENGENHEIRO ABDIAS DE CARVALHO	""	""	EM FRENTE A SUBWAY,SENT/AFOGADOS	AV ENGENHEIRO ABDIAS DE CARVALHO	""	EM FRENTE A SUBWAY,SENT/AFOGADOS	MADALENA		""	COLISÃO	SEM VITIMAS	2									0		""	""	""	""	""	""	""	""	""	""	""	""	""
601	2018-01-22T00:00:00	08:36:00	SEM VÍTIMA	FINALIZADA	PARNAMIRIM	RUA AFONSO CELSO	246	""	EM FRENTE AO EDF MARIA SONIA	RUA AFONSO CELSO	246	EM FRENTE AO EDF MARIA SONIA	PARNAMIRIM		""	COLISÃO	DOIS AUTOS	2									0		""	""	""	""	""	""	""	""	""	""	""	""	""
602	2018-01-22T00:00:00	08:45:00	SEM VÍTIMA	FINALIZADA	TORRE	RUA MARQUES DE MARICA	172	""	DE ESQUINA COM EDIFICIO PRAÇA DA CAMELIA	RUA MARQUES DE MARICA	172	DE ESQUINA COM EDIFICIO PRAÇA DA CAMELIA	TORRE		""	COLISÃO	COLISÃO SEM VITIMAS	2									0		""	""	""	""	""	""	""	""	""	""	""	""	""
603	2018-01-22T00:00:00	09:12:00	SEM VÍTIMA	FINALIZADA	IPSEP	RUA JEAN EMILE FAVRE	861	""	EM FRENTE AO ARCO MIX	RUA JEAN EMILE FAVRE	861	EM FRENTE AO ARCO MIX	IPSEP		""	COLISÃO	DOIS AUTOS	2									0		""	""	""	""	""	""	""	""	""	""	""	""	""
604	2018-01-22T00:00:00	09:12:00	SEM VÍTIMA	FINALIZADA	SANTO AMARO	AV VISCONDE DE SUASSUNA	""	""	EM FRENTE AO PARQUE TREZE DE MAIO SENTIDO CENTRO EM BAIXO DO SEMAFORO 032	AV VISCONDE DE SUASSUNA	""	EM FRENTE AO PARQUE TREZE DE MAIO SENTIDO CENTRO EM BAIXO DO SEMAFORO 032	SANTO AMARO		""	COLISÃO	COLISÃO SEM VITIMAS	1					1				0		""	""	""	""	""	""	""	""	""	""	""	""	""
605	2018-01-22T00:00:00	09:25:00	SEM VÍTIMA	FINALIZADA	IMBIRIBEIRA	AV MARECHAL MASCARENHAS DE MORAES	""	""	SENTIDO AEROPORTO EM FRENTE AO GERALDÃO	AV MARECHAL MASCARENHAS DE MORAES	""	SENTIDO AEROPORTO EM FRENTE AO GERALDÃO	IMBIRIBEIRA		""	COLISÃO	COLISÃO SEM VITIMAS	1					1				0		""	""	""	""	""	""	""	""	""	""	""	""	""
606	2018-01-22T00:00:00	10:14:00	SEM VÍTIMA	CANCELADA	DOIS IRMÃOS	RUA DOIS IRMAOS	1012	""	EM FRENTE AO LAFEPE	RUA DOIS IRMAOS	1012	EM FRENTE AO LAFEPE	DOIS IRMÃOS		""	COLISÃO	SEM VITIMAS	2									0		""	""	""	""	""	""	""	""	""	""	""	""	""
607	2018-01-22T00:00:00	10:15:00	SEM VÍTIMA	FINALIZADA	BOA VIAGEM	RUA PROFESSOR JOSE BRANDAO	""	""	EM FRENTE AO RESIDENCIAL BEACH CLASS	RUA PROFESSOR JOSE BRANDAO	""	EM FRENTE AO RESIDENCIAL BEACH CLASS	BOA VIAGEM		""	COLISÃO	COLISÃO SEM VITIMAS	2									0		""	""	""	""	""	""	""	""	""	""	""	""	""
608	2018-01-22T00:00:00	10:21:00	SEM VÍTIMA	FINALIZADA	MACAXEIRA	AV NORTE	""	""	NO SENTIDO GUABIRABA	AV NORTE	""	NO SENTIDO GUABIRABA	MACAXEIRA		""	COLISÃO	COLISÃO SEM VITIMAS	2						1			0		""	""	""	""	""	""	""	""	""	""	""	""	""
609	2018-01-22T00:00:00	10:22:00	SEM VÍTIMA	FINALIZADA	BOA VIAGEM	RUA CORONEL BENEDITO CHAVES	188	""	POR TRAS DO ITAU DA CONS AGUIAR	RUA CORONEL BENEDITO CHAVES	188	POR TRAS DO ITAU DA CONS AGUIAR	BOA VIAGEM		""	COLISÃO	SEM VITIMAS	2									0		""	""	""	""	""	""	""	""	""	""	""	""	""
610	2018-01-22T00:00:00	10:34:00	""	CANCELADA	BOA VIAGEM	RUA CORONEL BENEDITO CHAVES	""	""	ENTRE A CONSELHEIRO AGUIAR NA ENTRADA DO ESTACIONAMENTO DO BANCO ITAU E A PIZZARIA DONATA	RUA CORONEL BENEDITO CHAVES	""	ENTRE A CONSELHEIRO AGUIAR NA ENTRADA DO ESTACIONAMENTO DO BANCO ITAU E A PIZZARIA DONATA	BOA VIAGEM		""	COLISÃO	COLISÃO SEM VITIMAS	2									0		""	""	""	""	""	""	""	""	""	""	""	""	""
611	2018-01-22T00:00:00	10:46:00	SEM VÍTIMA	FINALIZADA	CAJUEIRO	RUA DR ALBERTO WANDERLEY	436	""	AO LADO BAR DA FAVA	RUA DR ALBERTO WANDERLEY	436	AO LADO BAR DA FAVA	CAJUEIRO		""	CAPOTAMENTO	VEICULO CAPOTOU,SEM VITIMA	1									0		""	""	""	""	""	""	""	""	""	""	""	""	""
612	2018-01-22T00:00:00	10:51:00	SEM VÍTIMA	FINALIZADA	SANTO AMARO	AV GOVERNADOR AGAMENON MAGALHAES	674	""	SEMAFORO 378 SENT/OLINDA	AV GOVERNADOR AGAMENON MAGALHAES	674	SEMAFORO 378 SENT/OLINDA	SANTO AMARO		""	COLISÃO	SEM VITIMAS	2									0		""	""	""	""	""	""	""	""	""	""	""	""	""
613	2018-01-22T00:00:00	11:49:00	SEM VÍTIMA	FINALIZADA	MADALENA	RUA JOSE OSORIO	""	""	SEMAFORO 050 ,EM FRENTE A FARMACIA DO TRABALHADOR	RUA JOSE OSORIO	""	SEMAFORO 050 ,EM FRENTE A FARMACIA DO TRABALHADOR	MADALENA		""	COLISÃO	SEM VITIMAS	1					1				0		""	""	""	""	""	""	""	""	""	""	""	""	""
614	2018-01-22T00:00:00	11:55:00	SEM VÍTIMA	FINALIZADA	DERBY	AV GOVERNADOR AGAMENON MAGALHAES	""	""	EM FRENTE AO HOSPITAL DA RESTAURAÇÃO	AV GOVERNADOR AGAMENON MAGALHAES	""	EM FRENTE AO HOSPITAL DA RESTAURAÇÃO	DERBY		""	COLISÃO	COLISÃO SEM VITIMAS GM QTH	2									0		""	""	""	""	""	""	""	""	""	""	""	""	""
615	2018-01-22T00:00:00	12:01:00	SEM VÍTIMA	CANCELADA	SANCHO	AV LIBERDADE	""	""	E/F AO CEMITÉRIO PARQUE DAS FLORES	AV LIBERDADE	""	E/F AO CEMITÉRIO PARQUE DAS FLORES	SANCHO		""	COLISÃO	SEM VÍTIMAS	2									0		""	""	""	""	""	""	""	""	""	""	""	""	""
616	2018-01-22T00:00:00	12:03:00	SEM VÍTIMA	CANCELADA	AFOGADOS	EST DOS REMEDIOS	1603	""	E/F A IGREJA NOSSA SENHORA DOS REMEDIOS, SENTIDO CIDADE	EST DOS REMEDIOS	1603	E/F A IGREJA NOSSA SENHORA DOS REMEDIOS, SENTIDO CIDADE	AFOGADOS		""	COLISÃO	SEM VÍTIMAS	2									0		""	""	""	""	""	""	""	""	""	""	""	""	""
617	2018-01-22T00:00:00	12:25:00	COM VÍTIMA	FINALIZADA	CAMPO GRANDE	RUA PAULO DE ARRUDA	201	""	APOS O RESTAURANTE PASSIRA DE CAMPO GRANDE PRIMEIRA RUA A DIREITA	RUA PAULO DE ARRUDA	201	APOS O RESTAURANTE PASSIRA DE CAMPO GRANDE PRIMEIRA RUA A DIREITA	CAMPO GRANDE		""	COLISÃO	COLISAO DE AUTO E MOTO COM UMA VITIMA	1	1								1		""	""	""	""	""	""	""	""	""	""	""	""	""
618	2018-01-22T00:00:00	12:29:00	SEM VÍTIMA	FINALIZADA	ESPINHEIRO	RUA DA HORA	170	""	EM FRENTE A HERING	RUA DA HORA	170	EM FRENTE A HERING	ESPINHEIRO		""	COLISÃO	DOIS AUTOS S/V	2									0		""	""	""	""	""	""	""	""	""	""	""	""	""
619	2018-01-22T00:00:00	12:58:00	SEM VÍTIMA	FINALIZADA	AREIAS	AV RECIFE	5586	""	E/F AO POSTO BR E AO LADO DA PADARIA RECIPÃO / SNT CIDADE UNIV	AV RECIFE	5586	E/F AO POSTO BR E AO LADO DA PADARIA RECIPÃO / SNT CIDADE UNIV	AREIAS		""	COLISÃO	ENTRE 2 AUTOS. S/V	2									0		""	""	""	""	""	""	""	""	""	""	""	""	""
620	2018-01-22T00:00:00	13:03:00	SEM VÍTIMA	FINALIZADA	PINA	AV ANTONIO DE GOES	""	""	EM FRENTE AO DNIT	AV ANTONIO DE GOES	""	EM FRENTE AO DNIT	PINA		""	COLISÃO	AUTO E ONIBUS 	1					1				0		""	""	""	""	""	""	""	""	""	""	""	""	""
621	2018-01-22T00:00:00	13:10:00	COM VÍTIMA	FINALIZADA	NOVA DESCOBERTA	RUA CORREGO DA AREIA	871	""	E/F DA ASSEMBLEIA DE DEUS	RUA CORREGO DA AREIA	871	E/F DA ASSEMBLEIA DE DEUS	NOVA DESCOBERTA		""	ATROPELAMENTO	ATROPELAMENTO DE MOTO COM PEDESTRE		1			1					1		""	""	""	""	""	""	""	""	""	""	""	""	""
622	2018-01-22T00:00:00	13:21:00	SEM VÍTIMA	FINALIZADA	SANTO AMARO	AV MARIO MELO	""	""	E/F A ESCOLA ESTADUAL SILVIO RABELO. NO COMPLEXO DO IEP	AV MARIO MELO	""	E/F A ESCOLA ESTADUAL SILVIO RABELO. NO COMPLEXO DO IEP	SANTO AMARO		""	COLISÃO	ENTRE 2 AUTOS. S/V	2									0		""	""	""	""	""	""	""	""	""	""	""	""	""
623	2018-01-22T00:00:00	13:39:00	COM VÍTIMA	FINALIZADA	ROSARINHO	RUA AMARO COUTINHO	750	AV SANTOS DUMONT	NO CRUZAMENTO COM A SANTOS DUMONT / E/F A FARMACIA BONGI E PROX A PRAÇA DO ROSARINHO	RUA AMARO COUTINHO	750	NO CRUZAMENTO COM A SANTOS DUMONT / E/F A FARMACIA BONGI E PROX A PRAÇA DO ROSARINHO	ROSARINHO		""	COLISÃO	ENTRE AUTO E MOTO. C/V	1	1								1		""	""	""	""	""	""	""	""	""	""	""	""	""
624	2018-01-22T00:00:00	14:07:00	SEM VÍTIMA	CANCELADA	ARRUDA	AV BEBERIBE	""	RUA DAS MOCAS	CRUZAMENTO COM A R DAS MOÇAS / E/F A UNIÃO CORRETORA DE VEÍCULOS	AV BEBERIBE	""	CRUZAMENTO COM A R DAS MOÇAS / E/F A UNIÃO CORRETORA DE VEÍCULOS	ARRUDA		""	COLISÃO	ENTRE ONIBUS E AUTO. S/V	1					1				0		""	""	""	""	""	""	""	""	""	""	""	""	""
625	2018-01-22T00:00:00	14:10:00	SEM VÍTIMA	CANCELADA	AFLITOS	AV CONS ROSA E SILVA	1224	""	APOS O CLUBE NAUTICO, A PRIMEIRA PARADA DE ONIBUS	AV CONS ROSA E SILVA	1224	APOS O CLUBE NAUTICO, A PRIMEIRA PARADA DE ONIBUS	AFLITOS		""	COLISÃO	AUTO E MOTO	1	1								0		""	""	""	""	""	""	""	""	""	""	""	""	""
626	2018-01-22T00:00:00	14:27:00	SEM VÍTIMA	FINALIZADA	DERBY	RUA JENER DE SOUZA	""	RUA DA BAIXA VERDE	C/ RUA DA BAIXA VERDE	RUA JENER DE SOUZA	""	C/ RUA DA BAIXA VERDE	DERBY		""	COLISÃO	DOIS AUTOS PASSEIO	2									0		""	""	""	""	""	""	""	""	""	""	""	""	""
627	2018-01-22T00:00:00	14:35:00	SEM VÍTIMA	FINALIZADA	CAXANGÁ	AV JOAQUIM RIBEIRO	501	""	E/F DA BORRA BORRACHARIA DO NADO PROX DA UPA S/T DOIS IRMAOS	AV JOAQUIM RIBEIRO	501	E/F DA BORRA BORRACHARIA DO NADO PROX DA UPA S/T DOIS IRMAOS	CAXANGÁ		""	COLISÃO	COLISAO DE AUTO COM REBOQUE	1						1			0		""	""	""	""	""	""	""	""	""	""	""	""	""
628	2018-01-22T00:00:00	14:47:00	SEM VÍTIMA	FINALIZADA	IMBIRIBEIRA	AV MARECHAL MASCARENHAS DE MORAES	2560	""	APOS P BANCO ITAU, EM FRENTE DA IGREJA BOLA DE NEVE, SENTIDO BOA VIAGEM	AV MARECHAL MASCARENHAS DE MORAES	2560	APOS P BANCO ITAU, EM FRENTE DA IGREJA BOLA DE NEVE, SENTIDO BOA VIAGEM	IMBIRIBEIRA		""	COLISÃO	DOIS AUTOS	2									0		""	""	""	""	""	""	""	""	""	""	""	""	""
629	2018-01-22T00:00:00	15:03:00	COM VÍTIMA	FINALIZADA	AFOGADOS	EST DOS REMEDIOS	60	""	E/F À FARMÁCIA INDEPENDENTE	EST DOS REMEDIOS	60	E/F À FARMÁCIA INDEPENDENTE	AFOGADOS		""	COLISÃO	COLISÃO ENTRE AUTO PASSEIO E MOTOCICLETA COM LESÕES.	1	1						8		1		""	""	""	""	""	""	""	""	""	""	""	""	""
630	2018-01-22T00:00:00	15:30:00	SEM VÍTIMA	FINALIZADA	ILHA DO LEITE	RUA ESTADO DE ISRAEL	230	""	E/F AO HOTEL MERCURY	RUA ESTADO DE ISRAEL	230	E/F AO HOTEL MERCURY	ILHA DO LEITE		""	COLISÃO	ENTRE AUTO E MOTO. S/V	1	1								0		""	""	""	""	""	""	""	""	""	""	""	""	""
631	2018-01-22T00:00:00	15:35:00	SEM VÍTIMA	FINALIZADA	MADALENA	RUA REAL DA TORRE	954	""	E/F AO POSTO TORRE	RUA REAL DA TORRE	954	E/F AO POSTO TORRE	MADALENA		""	COLISÃO	COLISAO DE DOIS AUTOS S/V	2									0		""	""	""	""	""	""	""	""	""	""	""	""	""
632	2018-01-22T00:00:00	17:50:00	SEM VÍTIMA	FINALIZADA	CORDEIRO	RUA GOMES TABORDA	275	RUA CLAUDIO BROTHERHOOD	NO CRUZ COM A R CLAUDIO BROTHERHOOD	RUA GOMES TABORDA	275	NO CRUZ COM A R CLAUDIO BROTHERHOOD	CORDEIRO		""	COLISÃO	ENTRE 2 AUTOS S/V	2									0		""	""	""	""	""	""	""	""	""	""	""	""	""
633	2018-01-22T00:00:00	18:00:00	SEM VÍTIMA	FINALIZADA	BOA VIAGEM	RUA CAPITAO ZUZINHA	180	""	""	RUA CAPITAO ZUZINHA	180	""	BOA VIAGEM		""	COLISÃO	ONIBUS E AUTO	2									0		""	""	""	""	""	""	""	""	""	""	""	""	""
634	2018-01-22T00:00:00	19:21:00	SEM VÍTIMA	FINALIZADA	JIQUIÁ	RUA SAO MIGUEL	2149	""	PROX AO VILLA KIDS E E/F AO BEZERRA REBOQUES	RUA SAO MIGUEL	2149	PROX AO VILLA KIDS E E/F AO BEZERRA REBOQUES	JIQUIÁ		""	COLISÃO	ENTRE 2 AUTOS S/V	2									0		""	""	""	""	""	""	""	""	""	""	""	""	""
635	2018-01-22T00:00:00	19:32:00	SEM VÍTIMA	FINALIZADA	TEJIPIÓ	AV DR JOSE RUFINO	3162	RUA ITAENGA	E/F AO 4 BATALHÃO DE COMUNICAÇOES / SEMÁFORO 208	AV DR JOSE RUFINO	3162	E/F AO 4 BATALHÃO DE COMUNICAÇOES / SEMÁFORO 208	TEJIPIÓ		""	ENGAVETAMENTO	ENTRE 4 AUTOS. S/V	4									0		""	""	""	""	""	""	""	""	""	""	""	""	""
636	2018-01-22T00:00:00	19:41:00	SEM VÍTIMA	FINALIZADA	PINA	RUA MARQUES DE ALEGRETE	99	""	PROX DO SHOPPING RIOMAR E DO CALDINHO DO NENEN E/F DO EDF FORT DO SAO PEDRO	RUA MARQUES DE ALEGRETE	99	PROX DO SHOPPING RIOMAR E DO CALDINHO DO NENEN E/F DO EDF FORT DO SAO PEDRO	PINA		""	COLISÃO	COLISAO DE DOIS AUTOS S/V	2									0		""	""	""	""	""	""	""	""	""	""	""	""	""
637	2018-01-22T00:00:00	19:58:00	SEM VÍTIMA	FINALIZADA	VÁRZEA	RUA SERRA NOVA	""	""	NO TERMINAL DE ONIBUS DA VÁRZEA	RUA SERRA NOVA	""	NO TERMINAL DE ONIBUS DA VÁRZEA	VÁRZEA		""	COLISÃO	COLISAO DE ONIBUS E AUTO S/V	1					1				0		""	""	""	""	""	""	""	""	""	""	""	""	""
638	2018-01-22T00:00:00	20:09:00	SEM VÍTIMA	FINALIZADA	IBURA	AV DOIS RIOS	""	""	NA SUBIDA DA LADEIRA DA COHAB	AV DOIS RIOS	""	NA SUBIDA DA LADEIRA DA COHAB	IBURA		""	COLISÃO	COLISAO DE DOIS AUTOS S/V BATEDOR DA MOTO 19 E 27	1	1								0		""	""	""	""	""	""	""	""	""	""	""	""	""
639	2018-01-22T00:00:00	20:13:00	COM VÍTIMA	FINALIZADA	IPSEP	RUA PROFESSOR JOSE VICENTE	518C	RUA PINTOR ANTONIO DE ALBUQUERQUE	COM A RUA PINTOR ANTONIO DE ALBURQUERQUE E/F DO POSTO SHEL	RUA PROFESSOR JOSE VICENTE	518C	COM A RUA PINTOR ANTONIO DE ALBURQUERQUE E/F DO POSTO SHEL	IPSEP		""	COLISÃO	COLISAO DE AUTO E MOTO COM UMA VITIMA	1	1								1		""	""	""	""	""	""	""	""	""	""	""	""	""
640	2018-01-22T00:00:00	20:19:00	COM VÍTIMA	FINALIZADA	CAXANGÁ	AV CAXANGA	""	""	E/F AO BANCO SANTANDER S/T SUB	AV CAXANGA	""	E/F AO BANCO SANTANDER S/T SUB	CAXANGÁ		""	COLISÃO	COLISAO DE AUTO E MOTO COM UMA VITIMA	1	1								1		""	""	""	""	""	""	""	""	""	""	""	""	""