_id	DATA	hora	natureza_acidente	situacao	bairro	endereco	numero	detalhe_endereco_acidente	complemento	endereco_cruzamento	numero_cruzamento	referencia_cruzamento	bairro_cruzamento	num_semaforo	sentido_via	tipo	descricao	auto	moto	ciclom	ciclista	pedestre	onibus	caminhao	viatura	outros	vitimas	vitimasfatais	acidente_verificado	tempo_clima	situacao_semaforo	sinalizacao	condicao_via	conservacao_via	ponto_controle	situacao_placa	velocidade_max_via	mao_direcao	divisao_via1	divisao_via2	divisao_via3
641	2018-01-22T00:00:00	22:28:00	SEM VÍTIMA	FINALIZADA	BOA VIAGEM	AV CONSELHEIRO AGUIAR	""	""	E/F AO EDF HOLLIDAY E POSTO BR.	AV CONSELHEIRO AGUIAR	""	E/F AO EDF HOLLIDAY E POSTO BR.	BOA VIAGEM		""	COLISÃO	ENTRE 2 AUTOS S/V	1						1			0		""	""	""	""	""	""	""	""	""	""	""	""	""
642	2018-01-23T00:00:00	03:25:00	SEM VÍTIMA	FINALIZADA	BOA VIAGEM	AVENIDA CELSO FURTADO (VIA MANGUE)	""	""	SENTIDO BOA VIAGEM, APÓS O RIOMAR	AVENIDA CELSO FURTADO (VIA MANGUE)	""	SENTIDO BOA VIAGEM, APÓS O RIOMAR	BOA VIAGEM		""	CHOQUE	VEÍCULO CHOCOU-SE CONTRA A MURETA DE PROTEÇÃO	1									0		""	""	""	""	""	""	""	""	""	""	""	""	""
643	2018-01-23T00:00:00	06:48:00	SEM VÍTIMA	FINALIZADA	SÃO JOSÉ	AV SUL	74	""	SENTIDO CAIS DE SANTA RITA, SEMÁFORO 509	AV SUL	74	SENTIDO CAIS DE SANTA RITA, SEMÁFORO 509	SÃO JOSÉ		""	COLISÃO	SEM VÍTIMAS	2									0		""	""	""	""	""	""	""	""	""	""	""	""	""
644	2018-01-23T00:00:00	06:58:00	SEM VÍTIMA	FINALIZADA	IMBIRIBEIRA	AV MARECHAL MASCARENHAS DE MORAES	""	""	SENT/AFOGADOS,EM FRENTE AO ATACADO DOS PRESENTES,SEMAFORO 310	AV MARECHAL MASCARENHAS DE MORAES	""	SENT/AFOGADOS,EM FRENTE AO ATACADO DOS PRESENTES,SEMAFORO 310	IMBIRIBEIRA		""	COLISÃO	SEM VITIMAS	2									0		""	""	""	""	""	""	""	""	""	""	""	""	""
645	2018-01-23T00:00:00	07:10:00	SEM VÍTIMA	FINALIZADA	IMBIRIBEIRA	AV MARECHAL MASCARENHAS DE MORAES	""	""	EMBAIXO DA PASSARELA DO AEROPORTO/ SENTIDO CENTRO	AV MARECHAL MASCARENHAS DE MORAES	""	EMBAIXO DA PASSARELA DO AEROPORTO/ SENTIDO CENTRO	IMBIRIBEIRA		""	COLISÃO	COLISÃO SEM VITIMAS/ DOIS AUTOS PASSEIO E UM CAMINHÃO	2						1			0		""	""	""	""	""	""	""	""	""	""	""	""	""
646	2018-01-23T00:00:00	07:13:00	SEM VÍTIMA	CANCELADA	ROSARINHO	AV SANTOS DUMONT	""	AV NORTE	SEMAFORO 081,CRUZAMENTO COM A AV NORTE	AV SANTOS DUMONT	""	SEMAFORO 081,CRUZAMENTO COM A AV NORTE	ROSARINHO		""	COLISÃO	SEM VITIMAS	2									0		""	""	""	""	""	""	""	""	""	""	""	""	""
647	2018-01-23T00:00:00	07:24:00	SEM VÍTIMA	CANCELADA	DOIS IRMÃOS	RUA MANUEL DE MEDEIROS	""	""	NA ENTRADA DA CLINICA VETERINARIA DE DOIS IRMÃOS	RUA MANUEL DE MEDEIROS	""	NA ENTRADA DA CLINICA VETERINARIA DE DOIS IRMÃOS	DOIS IRMÃOS		""	COLISÃO	SEM VITIMAS	1	1								0		""	""	""	""	""	""	""	""	""	""	""	""	""
648	2018-01-23T00:00:00	08:00:00	SEM VÍTIMA	FINALIZADA	AREIAS	AV RECIFE	""	""	PROX. AO POSTO BR, APOS O MAKRO /SENTIDO BOA VIAGEM	AV RECIFE	""	PROX. AO POSTO BR, APOS O MAKRO /SENTIDO BOA VIAGEM	AREIAS		""	COLISÃO	COLISÃO SEM VITIMAS	2									0		""	""	""	""	""	""	""	""	""	""	""	""	""
649	2018-01-23T00:00:00	08:53:00	SEM VÍTIMA	CANCELADA	IPSEP	AV RECIFE	165	""	E/F A MERCEARIA DE MOVEIS SOB MEDIDA. SEMÁFORO 393, SENTIDO BR 232	AV RECIFE	165	E/F A MERCEARIA DE MOVEIS SOB MEDIDA. SEMÁFORO 393, SENTIDO BR 232	IPSEP		""	COLISÃO	SEM VÍTIMAS	2									0		""	""	""	""	""	""	""	""	""	""	""	""	""
650	2018-01-23T00:00:00	10:53:00	SEM VÍTIMA	FINALIZADA	ILHA DO LEITE	RUA ANTONIO GOMES DE FREITAS	""	""	ENTRE O HOPE E O HOSPITAL ESPERANÇA. SEMÁFORO 490, SENTIDO IMIP	RUA ANTONIO GOMES DE FREITAS	""	ENTRE O HOPE E O HOSPITAL ESPERANÇA. SEMÁFORO 490, SENTIDO IMIP	ILHA DO LEITE		""	COLISÃO	SEM VÍTIMAS	2									0		""	""	""	""	""	""	""	""	""	""	""	""	""
651	2018-01-23T00:00:00	11:24:00	SEM VÍTIMA	FINALIZADA	BOA VISTA	RUA DO PRINCIPE	""	""	SEMAFORO 176,EM FRENTE AO CENTRO EMPRESARIAL DO PRINCIPE	RUA DO PRINCIPE	""	SEMAFORO 176,EM FRENTE AO CENTRO EMPRESARIAL DO PRINCIPE	BOA VISTA		""	COLISÃO	SEM VITIMAS	2									0		""	""	""	""	""	""	""	""	""	""	""	""	""
652	2018-01-23T00:00:00	12:08:00	SEM VÍTIMA	CANCELADA	PARNAMIRIM	AV DEZESSETE DE AGOSTO	""	""	EM FRENTE A FARMACIA DROGASIL	AV DEZESSETE DE AGOSTO	""	EM FRENTE A FARMACIA DROGASIL	PARNAMIRIM		""	COLISÃO	COLISÃO SEM VITIMAS	2									0		""	""	""	""	""	""	""	""	""	""	""	""	""
653	2018-01-23T00:00:00	12:09:00	SEM VÍTIMA	FINALIZADA	AFLITOS	AV CONS ROSA E SILVA	1002	""	PROX. AO NAUTICO	AV CONS ROSA E SILVA	1002	PROX. AO NAUTICO	AFLITOS		""	COLISÃO	AUTO E ONIBUS GLOBO	1									0		""	""	""	""	""	""	""	""	""	""	""	""	""
654	2018-01-23T00:00:00	12:09:00	SEM VÍTIMA	FINALIZADA	ESPINHEIRO	RUA CONS PORTELA	""	""	NO SEMÁFORO 011	RUA CONS PORTELA	""	NO SEMÁFORO 011	ESPINHEIRO		""	COLISÃO	COLISÃO SEM VÍTIMA	3									0		""	""	""	""	""	""	""	""	""	""	""	""	""
655	2018-01-23T00:00:00	12:11:00	SEM VÍTIMA	FINALIZADA	SAN MARTIN	AV GENERAL SAN MARTIN	2096	""	E/F DA FARMASUL	AV GENERAL SAN MARTIN	2096	E/F DA FARMASUL	SAN MARTIN		""	COLISÃO	COLISAO DE DOIS AUTOS S/V	2									0		""	""	""	""	""	""	""	""	""	""	""	""	""
656	2018-01-23T00:00:00	12:26:00	SEM VÍTIMA	FINALIZADA	TORRÕES	AV ENGENHEIRO ABDIAS DE CARVALHO	""	""	APOS O YOKI E/F DA PRAÇA DA CHESF S/T CID	AV ENGENHEIRO ABDIAS DE CARVALHO	""	APOS O YOKI E/F DA PRAÇA DA CHESF S/T CID	TORRÕES		""	COLISÃO	COLISAO DE TRES AUTOS S/V	3									0		""	""	""	""	""	""	""	""	""	""	""	""	""
657	2018-01-23T00:00:00	12:44:00	COM VÍTIMA	FINALIZADA	SANCHO	AV LIBERDADE	623	""	PROX. A PIZZARIA MANA	AV LIBERDADE	623	PROX. A PIZZARIA MANA	SANCHO		""	COLISÃO	AUTO E MOTO	1	1								1		""	""	""	""	""	""	""	""	""	""	""	""	""
658	2018-01-23T00:00:00	13:38:00	COM VÍTIMA	FINALIZADA	BOA VISTA	AV VISCONDE DE SUASSUNA	""	""	E/F DO SENAC	AV VISCONDE DE SUASSUNA	""	E/F DO SENAC	BOA VISTA		""	COLISÃO	COLISAO DE AUTO E MOTO COM UMA VITIMA BATEDOR DA MOTO 10/16 ESTA NO LOCAL	1	1								1		""	""	""	""	""	""	""	""	""	""	""	""	""
659	2018-01-23T00:00:00	13:47:00	SEM VÍTIMA	FINALIZADA	ROSARINHO	RUA DR JOSE MARIA	882	""	EM FRENTE A PADARIA PÃO RECIFE E A FRUT VERDE	RUA DR JOSE MARIA	882	EM FRENTE A PADARIA PÃO RECIFE E A FRUT VERDE	ROSARINHO		""	COLISÃO	COLISÃO SEM VITIMAS	4									0		""	""	""	""	""	""	""	""	""	""	""	""	""
660	2018-01-23T00:00:00	14:19:00	SEM VÍTIMA	CANCELADA	ESTÂNCIA	AV DR JOSE RUFINO	""	""	AO LADO DO COLEGIO VISAO	AV DR JOSE RUFINO	""	AO LADO DO COLEGIO VISAO	ESTÂNCIA		""	COLISÃO	COLISAO DE DUAS MOTOS SEM VITIMAS		2								0		""	""	""	""	""	""	""	""	""	""	""	""	""
661	2018-01-23T00:00:00	15:17:00	SEM VÍTIMA	FINALIZADA	ILHA DO LEITE	RUA JOSE DE ALENCAR	269	""	NA RUA DO HOSPITAL DA UNIMED	RUA JOSE DE ALENCAR	269	NA RUA DO HOSPITAL DA UNIMED	ILHA DO LEITE		""	COLISÃO	COLISAO DE DOIS AUTOS S/V	2									0		""	""	""	""	""	""	""	""	""	""	""	""	""
662	2018-01-23T00:00:00	16:31:00	SEM VÍTIMA	FINALIZADA	ESPINHEIRO	AV GOVERNADOR AGAMENON MAGALHAES	""	""	SENTIDO OLINDA CENTRO DE ESQUINA COM A UNIMED RECIFE	AV GOVERNADOR AGAMENON MAGALHAES	""	SENTIDO OLINDA CENTRO DE ESQUINA COM A UNIMED RECIFE	ESPINHEIRO		""	COLISÃO	COLISÃO SEM VITIMAS	1						1			0		""	""	""	""	""	""	""	""	""	""	""	""	""
663	2018-01-23T00:00:00	16:58:00	SEM VÍTIMA	EQUIPE EM DESLOCAMENTO	MADALENA	EST DOS REMEDIOS	""	""	EM FRENTE AO HOSPITAL LESSA DE ANDRADE	EST DOS REMEDIOS	""	EM FRENTE AO HOSPITAL LESSA DE ANDRADE	MADALENA		""	COLISÃO	COLISÃO SEM VITIMAS	2									0		""	""	""	""	""	""	""	""	""	""	""	""	""
664	2018-01-23T00:00:00	17:16:00	SEM VÍTIMA	FINALIZADA	JOANA BEZERRA	RUA IMPERIAL	""	RUA CABO EUTROPIO	CRUZAMENTO COM A RUA CABO EUTRÓPIO (NO SEMÁFORO 352).	RUA IMPERIAL	""	CRUZAMENTO COM A RUA CABO EUTRÓPIO (NO SEMÁFORO 352).	JOANA BEZERRA		""	COLISÃO	COLISÃO SEM VÍTIMA	2									0		""	""	""	""	""	""	""	""	""	""	""	""	""
665	2018-01-23T00:00:00	17:35:00	SEM VÍTIMA	FINALIZADA	GRAÇAS	RUA JOAQUIM NABUCO	""	""	PROX A PADARIA DAS GRAÇAS EM FRENTE A FARMACIA QUATRO CANTOS	RUA JOAQUIM NABUCO	""	PROX A PADARIA DAS GRAÇAS EM FRENTE A FARMACIA QUATRO CANTOS	GRAÇAS		""	COLISÃO	COLISÃO SEM VITIMAS	2									0		""	""	""	""	""	""	""	""	""	""	""	""	""
666	2018-01-23T00:00:00	17:38:00	SEM VÍTIMA	FINALIZADA	SAN MARTIN	AV CONSUL VILARES FRAGOSO	470	""	PROX. A SECRETARIA ESTADUAL DE SAUDE / POR TRÁS DO EDF MORADA COLONIAL	AV CONSUL VILARES FRAGOSO	470	PROX. A SECRETARIA ESTADUAL DE SAUDE / POR TRÁS DO EDF MORADA COLONIAL	SAN MARTIN		""	COLISÃO	DOIS AUTOS	2									0		""	""	""	""	""	""	""	""	""	""	""	""	""
667	2018-01-23T00:00:00	18:25:00	COM VÍTIMA	FINALIZADA	ILHA DO RETIRO	AV BEIRA RIO	""	""	NA ENTRADA DO TUNEL CHICO SCIENCE	AV BEIRA RIO	""	NA ENTRADA DO TUNEL CHICO SCIENCE	ILHA DO RETIRO		""	COLISÃO	COLISÃO ENTRE AUTO E MOTO C/V	1	1								1		""	""	""	""	""	""	""	""	""	""	""	""	""
668	2018-01-23T00:00:00	18:37:00	SEM VÍTIMA	FINALIZADA	BOMBA DO HEMETÉRIO	RUA CHA DE ALEGRIA	235	""	E/F AO ESPETINHO DA SEÇA	RUA CHA DE ALEGRIA	235	E/F AO ESPETINHO DA SEÇA	BOMBA DO HEMETÉRIO		""	COLISÃO	AUTO E ONIBUS . S/V	1					1				0		""	""	""	""	""	""	""	""	""	""	""	""	""
669	2018-01-23T00:00:00	19:06:00	SEM VÍTIMA	CANCELADA	ESTÂNCIA	AV RECIFE	5425	""	PROX DO POSTO TOTAL, EM FRENTE AO HOTEL ESTORIL, SENTIDO AEROPORTO	AV RECIFE	5425	PROX DO POSTO TOTAL, EM FRENTE AO HOTEL ESTORIL, SENTIDO AEROPORTO	ESTÂNCIA		""	COLISÃO	COLISÃO ENTRE DOIS AUTOS S/V	2									0		""	""	""	""	""	""	""	""	""	""	""	""	""
670	2018-01-23T00:00:00	20:15:00	SEM VÍTIMA	FINALIZADA	MADALENA	RUA REAL DA TORRE	913	""	EM FRENTE AO WIZARD, PROX DO CERPE, PROX DO POSTO DE COMBUSTIVEL TORRE	RUA REAL DA TORRE	913	EM FRENTE AO WIZARD, PROX DO CERPE, PROX DO POSTO DE COMBUSTIVEL TORRE	MADALENA		""	COLISÃO	COLISÃO ENTRE DOIS AUTOS S/V	2									0		""	""	""	""	""	""	""	""	""	""	""	""	""
671	2018-01-23T00:00:00	23:10:00	SEM VÍTIMA	FINALIZADA	IPSEP	RUA VIRGINIA HERACLIO	639	""	AO LADO DO SINDICATO DOS TAXISTAS	RUA VIRGINIA HERACLIO	639	AO LADO DO SINDICATO DOS TAXISTAS	IPSEP		""	COLISÃO	ENTRE 2 AUTOS S/V	2									0		""	""	""	""	""	""	""	""	""	""	""	""	""
672	2018-01-23T00:00:00	23:37:00	SEM VÍTIMA	FINALIZADA	SANTO AMARO	AV NORTE	""	""	PROX DO POSTO ALVORADA, PROX DA PRAÇA PROFESSOR AGAMENON MAGALHÃES, SENTIDO CIDADE SUBÚRBIO	AV NORTE	""	PROX DO POSTO ALVORADA, PROX DA PRAÇA PROFESSOR AGAMENON MAGALHÃES, SENTIDO CIDADE SUBÚRBIO	SANTO AMARO		""	COLISÃO	COLISÃO ENTRE AUTO PASSEIO E VIATURA PM S/V	1							1		0		""	""	""	""	""	""	""	""	""	""	""	""	""
673	2018-01-24T00:00:00	03:59:00	SEM VÍTIMA	FINALIZADA	PINA	AV HERCULANO BANDEIRA	""	""	PROX DO ATACADO DA CONSTRUÇÃO, PROX DO NEWSEDAN MERCEDES-BENZ	AV HERCULANO BANDEIRA	""	PROX DO ATACADO DA CONSTRUÇÃO, PROX DO NEWSEDAN MERCEDES-BENZ	PINA		""	COLISÃO	COLISÃO ENTRE AUTO E ÔNIBUS S/V	1					1				0		""	""	""	""	""	""	""	""	""	""	""	""	""
674	2018-01-24T00:00:00	06:27:00	SEM VÍTIMA	FINALIZADA	IMBIRIBEIRA	AV MARECHAL MASCARENHAS DE MORAES	1801	""	EM FRENTE A CONCESSIONARIA HONDA	AV MARECHAL MASCARENHAS DE MORAES	1801	EM FRENTE A CONCESSIONARIA HONDA	IMBIRIBEIRA		""	CHOQUE	CAMINHAO CHOCOU-SE COM MURO							1			0		""	""	""	""	""	""	""	""	""	""	""	""	""
675	2018-01-24T00:00:00	07:12:00	SEM VÍTIMA	FINALIZADA	ILHA JOANA BEZERRA	AV DES GUERRA BARRETO	""	""	SENT AGAMENON MAGALHAES / PROX AO CABANGA,EM CIMA DO VIADUTO CAPITÃO TEMUDO	AV DES GUERRA BARRETO	""	SENT AGAMENON MAGALHAES / PROX AO CABANGA,EM CIMA DO VIADUTO CAPITÃO TEMUDO	ILHA JOANA BEZERRA		""	COLISÃO	ONIBUS E AUTO	1					1				0		""	""	""	""	""	""	""	""	""	""	""	""	""
676	2018-01-24T00:00:00	07:17:00	SEM VÍTIMA	FINALIZADA	ARRUDA	RUA ZEFERINO AGRA	""	""	NA ESQUINA DA IGREJA DE SANTO ANTONIO	RUA ZEFERINO AGRA	""	NA ESQUINA DA IGREJA DE SANTO ANTONIO	ARRUDA		""	COLISÃO	COLISÃO SEM VITIMA	2									0		""	""	""	""	""	""	""	""	""	""	""	""	""
677	2018-01-24T00:00:00	07:22:00	SEM VÍTIMA	FINALIZADA	PRADO	AV ENGENHEIRO ABDIAS DE CARVALHO	""	""	EM FRENTE A LOJA ENGEFRIO	AV ENGENHEIRO ABDIAS DE CARVALHO	""	EM FRENTE A LOJA ENGEFRIO	PRADO		""	COLISÃO	COLISÃO SEM VITIMAS SENTIDO CENTRO	2									0		""	""	""	""	""	""	""	""	""	""	""	""	""
678	2018-01-24T00:00:00	07:38:00	COM VÍTIMA	CANCELADA	SAN MARTIN	AV GENERAL SAN MARTIN	""	""	EM FRENTE A CAVALARIA ENTRE A PRAÇA DE SAN MARTIN	AV GENERAL SAN MARTIN	""	EM FRENTE A CAVALARIA ENTRE A PRAÇA DE SAN MARTIN	SAN MARTIN		""	COLISÃO	COLISÃO COM VITIMA		1								1		""	""	""	""	""	""	""	""	""	""	""	""	""
679	2018-01-24T00:00:00	07:43:00	SEM VÍTIMA	FINALIZADA	IMBIRIBEIRA	RUA JOSE DA SILVA LUCENA	273	""	LA COMEX, RUA DO COLEGIO GGE	RUA JOSE DA SILVA LUCENA	273	LA COMEX, RUA DO COLEGIO GGE	IMBIRIBEIRA		""	COLISÃO	COLISÃO SEM VITIMA	2	1								0		""	""	""	""	""	""	""	""	""	""	""	""	""
680	2018-01-24T00:00:00	07:54:00	SEM VÍTIMA	FINALIZADA	ÁGUA FRIA	EST VELHA DE AGUA FRIA	1777	""	AO LADO DA ARRUMEL BOMBONIERE	EST VELHA DE AGUA FRIA	1777	AO LADO DA ARRUMEL BOMBONIERE	ÁGUA FRIA		""	COLISÃO	SEM VITIMAS	1						1			0		""	""	""	""	""	""	""	""	""	""	""	""	""
681	2018-01-24T00:00:00	08:04:00	SEM VÍTIMA	FINALIZADA	DERBY	AV GOVERNADOR AGAMENON MAGALHAES	""	""	ENFRENTE AO SPETTUS, SENTIDO BOA VIAGEM	AV GOVERNADOR AGAMENON MAGALHAES	""	ENFRENTE AO SPETTUS, SENTIDO BOA VIAGEM	DERBY		""	COLISÃO	COLISÃO SEM VITIMA	1	1								0		""	""	""	""	""	""	""	""	""	""	""	""	""
682	2018-01-24T00:00:00	08:27:00	SEM VÍTIMA	FINALIZADA	SÃO JOSÉ	RUA FLORIANO PEIXOTO	""	""	AO LADO DA CASA DA CULTURA	RUA FLORIANO PEIXOTO	""	AO LADO DA CASA DA CULTURA	SÃO JOSÉ		""	COLISÃO	ONIBUS E AUTO	1					1				0		""	""	""	""	""	""	""	""	""	""	""	""	""
683	2018-01-24T00:00:00	08:37:00	COM VÍTIMA	FINALIZADA	ENCRUZILHADA	RUA FREDERICO	84	RUA DONA JULIETA	COM RUA DONA JULIETA /	RUA FREDERICO	84	COM RUA DONA JULIETA /	ENCRUZILHADA		""	COLISÃO	MOTO E AUTO	1	1								2		""	""	""	""	""	""	""	""	""	""	""	""	""
684	2018-01-24T00:00:00	08:43:00	COM VÍTIMA	FINALIZADA	CORDEIRO	RUA GOMES TABORDA	1127	""	AO LADO DA OFICINA BORCHE	RUA GOMES TABORDA	1127	AO LADO DA OFICINA BORCHE	CORDEIRO		""	COLISÃO	MOTO E AUTO	1	1								1		""	""	""	""	""	""	""	""	""	""	""	""	""
685	2018-01-24T00:00:00	08:50:00	SEM VÍTIMA	CANCELADA	SAN MARTIN	RUA SIGISMUNDO CABRAL DE MELO	2497	""	EM FRENTE A ADVENTISTA DESAN MARTIN	RUA SIGISMUNDO CABRAL DE MELO	2497	EM FRENTE A ADVENTISTA DESAN MARTIN	SAN MARTIN		""	COLISÃO	COLISÃO SEM VITIMAS	2									0		""	""	""	""	""	""	""	""	""	""	""	""	""
686	2018-01-24T00:00:00	09:06:00	SEM VÍTIMA	FINALIZADA	CASA FORTE	AV DEZESSETE DE AGOSTO	537	""	PROX DO AÇUDE DOIS IRMAOS	AV DEZESSETE DE AGOSTO	537	PROX DO AÇUDE DOIS IRMAOS	CASA FORTE		""	CHOQUE	VEICULO CHOCOU-SE COM O POSTE	1									0		""	""	""	""	""	""	""	""	""	""	""	""	""
687	2018-01-24T00:00:00	09:14:00	SEM VÍTIMA	CANCELADA	TORRE	RUA JOSE BONIFACIO	""	""	EM FRENTE A DROGA GIL	RUA JOSE BONIFACIO	""	EM FRENTE A DROGA GIL	TORRE		""	COLISÃO	MOTO E AUTO	1	1								0		""	""	""	""	""	""	""	""	""	""	""	""	""
688	2018-01-24T00:00:00	09:31:00	COM VÍTIMA	FINALIZADA	SANTO AMARO	AV CRUZ CABUGA	""	""	EM BAIXO DO SEMAFORO 343 EM FRENTE A VICE GOVERNADORIA SENTIDO CIDADE	AV CRUZ CABUGA	""	EM BAIXO DO SEMAFORO 343 EM FRENTE A VICE GOVERNADORIA SENTIDO CIDADE	SANTO AMARO		""	COLISÃO COM CICLISTA	COLISÃO COM VITIMA A ESPERA DOS BOMBEIROS	1			1						1		""	""	""	""	""	""	""	""	""	""	""	""	""
689	2018-01-24T00:00:00	11:02:00	SEM VÍTIMA	FINALIZADA	VÁRZEA	RUA RIBEIRO PESSOA	""	""	AO LADO DA UPA DA CAXANGA, JUNTO AO SEMAFORO 281	RUA RIBEIRO PESSOA	""	AO LADO DA UPA DA CAXANGA, JUNTO AO SEMAFORO 281	VÁRZEA		""	COLISÃO	COLISÃO SEM VITIMA	2									0		""	""	""	""	""	""	""	""	""	""	""	""	""
690	2018-01-24T00:00:00	11:17:00	SEM VÍTIMA	FINALIZADA	AFOGADOS	EST DOS REMEDIOS	1943	""	SENTIDO ABDIAS DE CARVALHO EM FRENTE A LOJA HC PNEUS	EST DOS REMEDIOS	1943	SENTIDO ABDIAS DE CARVALHO EM FRENTE A LOJA HC PNEUS	AFOGADOS		""	COLISÃO	COLISÃO SEM VITIMA	2									0		""	""	""	""	""	""	""	""	""	""	""	""	""
691	2018-01-24T00:00:00	11:37:00	SEM VÍTIMA	FINALIZADA	BOA VIAGEM	RUA DOM JOSE LOPES	66	""	EM FRENTE AO EDF NAVEGADOR PINZON	RUA DOM JOSE LOPES	66	EM FRENTE AO EDF NAVEGADOR PINZON	BOA VIAGEM		""	COLISÃO	DOIS AUTOS	2									0		""	""	""	""	""	""	""	""	""	""	""	""	""
692	2018-01-24T00:00:00	12:01:00	SEM VÍTIMA	FINALIZADA	SÃO JOSÉ	RUA IMPERIAL	2237	""	EM FRENTE A OFICINA SANTO ANTONIO/ SENTIDO AFOGADOS	RUA IMPERIAL	2237	EM FRENTE A OFICINA SANTO ANTONIO/ SENTIDO AFOGADOS	SÃO JOSÉ		""	COLISÃO	COLISÃO SEM VÍTIMA	2									0		""	""	""	""	""	""	""	""	""	""	""	""	""
693	2018-01-24T00:00:00	12:18:00	SEM VÍTIMA	FINALIZADA	AFOGADOS	RUA SAO MIGUEL	""	""	PROXIMO A LOJAS AMERICANAS E SEMÁFORO 053	RUA SAO MIGUEL	""	PROXIMO A LOJAS AMERICANAS E SEMÁFORO 053	AFOGADOS		""	COLISÃO	COLISÃO SEM VÍTIMA	1						1			0		""	""	""	""	""	""	""	""	""	""	""	""	""
694	2018-01-24T00:00:00	12:26:00	SEM VÍTIMA	FINALIZADA	PRADO	AV ENGENHEIRO ABDIAS DE CARVALHO	""	""	EM FRENTE Á ENGEFRIO, NO SEMAFORO 354 AO LADO DO POSTO DE GASOLINA BR	AV ENGENHEIRO ABDIAS DE CARVALHO	""	EM FRENTE Á ENGEFRIO, NO SEMAFORO 354 AO LADO DO POSTO DE GASOLINA BR	PRADO		""	COLISÃO	MOTO E AUTO	1	1								0		""	""	""	""	""	""	""	""	""	""	""	""	""
695	2018-01-24T00:00:00	13:42:00	SEM VÍTIMA	FINALIZADA	SÃO JOSÉ	RUA DO PEIXOTO	""	AV DANTAS BARRETO	SEMAFORO 181,CRUZAMENTO COM A AV DANTAS BARRETO	RUA DO PEIXOTO	""	SEMAFORO 181,CRUZAMENTO COM A AV DANTAS BARRETO	SÃO JOSÉ		""	COLISÃO	SEM VITIMAS,VEICULOS FECHANDO A VIA	1					1				0		""	""	""	""	""	""	""	""	""	""	""	""	""
696	2018-01-24T00:00:00	14:01:00	SEM VÍTIMA	FINALIZADA	ILHA DO RETIRO	AV ENGENHEIRO ABDIAS DE CARVALHO	125	""	NO POSTO DE GASOLINA SHELL	AV ENGENHEIRO ABDIAS DE CARVALHO	125	NO POSTO DE GASOLINA SHELL	ILHA DO RETIRO		""	COLISÃO	DOIS AUTOS	2									0		""	""	""	""	""	""	""	""	""	""	""	""	""
697	2018-01-24T00:00:00	14:19:00	SEM VÍTIMA	FINALIZADA	PRADO	AV ENGENHEIRO ABDIAS DE CARVALHO	1723	""	EM FRENTE Á FACULDADE ESTACIO	AV ENGENHEIRO ABDIAS DE CARVALHO	1723	EM FRENTE Á FACULDADE ESTACIO	PRADO		""	COLISÃO	DOIS AUTOS	2									0		""	""	""	""	""	""	""	""	""	""	""	""	""
698	2018-01-24T00:00:00	14:45:00	SEM VÍTIMA	FINALIZADA	MADALENA	RUA LOPES DE CARVALHO	123	AV VISCONDE DE ALBUQUERQUE	CRUZAMENTO COM A AV VISC. DE ALBUQUERQUE	RUA LOPES DE CARVALHO	123	CRUZAMENTO COM A AV VISC. DE ALBUQUERQUE	MADALENA		""	COLISÃO	COLISÃO SEM VÍTIMA	1	1								0		""	""	""	""	""	""	""	""	""	""	""	""	""
699	2018-01-24T00:00:00	15:30:00	COM VÍTIMA	FINALIZADA	AREIAS	AV DR JOSE RUFINO	""	""	EM FRENTE DO POSTO DE GASOLINA SHELL E ESCOLA INCENTIVO	AV DR JOSE RUFINO	""	EM FRENTE DO POSTO DE GASOLINA SHELL E ESCOLA INCENTIVO	AREIAS		""	COLISÃO	AUTO E MOTO	1	1								1		""	""	""	""	""	""	""	""	""	""	""	""	""
700	2018-01-24T00:00:00	16:48:00	SEM VÍTIMA	FINALIZADA	DERBY	AV GOVERNADOR AGAMENON MAGALHAES	""	""	EM FRENTE AO SPETTUS, SENT. BOA VIAGEM	AV GOVERNADOR AGAMENON MAGALHAES	""	EM FRENTE AO SPETTUS, SENT. BOA VIAGEM	DERBY		""	COLISÃO	ONIBUS E CAMINHÃO						1	1			0		""	""	""	""	""	""	""	""	""	""	""	""	""
701	2018-01-24T00:00:00	16:57:00	SEM VÍTIMA	FINALIZADA	CASA FORTE	AV DEZESSETE DE AGOSTO	""	""	EM FRENTE A HYUNDAI	AV DEZESSETE DE AGOSTO	""	EM FRENTE A HYUNDAI	CASA FORTE		""	COLISÃO	HILLUX E A OUTRA PARTE EVADIU-SE	2									0		""	""	""	""	""	""	""	""	""	""	""	""	""
702	2018-01-24T00:00:00	17:11:00	SEM VÍTIMA	FINALIZADA	ILHA DO RETIRO	RUA SPORT CLUBE DO RECIFE	""	""	NO SEMAFORO 481, EO LADO DA JURANDIR PIRES	RUA SPORT CLUBE DO RECIFE	""	NO SEMAFORO 481, EO LADO DA JURANDIR PIRES	ILHA DO RETIRO		""	ENGAVETAMENTO	TRES AUTOS	3									0		""	""	""	""	""	""	""	""	""	""	""	""	""
703	2018-01-24T00:00:00	17:37:00	SEM VÍTIMA	EQUIPE EM DESLOCAMENTO	SANTO AMARO	AV CRUZ CABUGA	""	""	EM FRENTE A ASSEMBLEIA DE DEUS/ SENTIDO CIDADE	AV CRUZ CABUGA	""	EM FRENTE A ASSEMBLEIA DE DEUS/ SENTIDO CIDADE	SANTO AMARO		""	COLISÃO	COLISÃO SEM VÍTIMA	1					1				0		""	""	""	""	""	""	""	""	""	""	""	""	""
704	2018-01-24T00:00:00	17:38:00	SEM VÍTIMA	FINALIZADA	BAIRRO DO RECIFE	AV MILITAR	""	""	PROXIMO A AO POSTO SHELL	AV MILITAR	""	PROXIMO A AO POSTO SHELL	BAIRRO DO RECIFE		""	COLISÃO	SEM VITIMAS,CTTU NO LOCAL BAT	1					1				0		""	""	""	""	""	""	""	""	""	""	""	""	""