_id	DATA	hora	natureza_acidente	situacao	bairro	endereco	numero	detalhe_endereco_acidente	complemento	endereco_cruzamento	numero_cruzamento	referencia_cruzamento	bairro_cruzamento	num_semaforo	sentido_via	tipo	descricao	auto	moto	ciclom	ciclista	pedestre	onibus	caminhao	viatura	outros	vitimas	vitimasfatais	acidente_verificado	tempo_clima	situacao_semaforo	sinalizacao	condicao_via	conservacao_via	ponto_controle	situacao_placa	velocidade_max_via	mao_direcao	divisao_via1	divisao_via2	divisao_via3
705	2018-01-24T00:00:00	18:10:00	COM VÍTIMA	FINALIZADA	SANTO AMARO	AV CRUZ CABUGA	S/N	""	NA ESTAÇAO DO BRT DO TACARUNA	AV CRUZ CABUGA	S/N	NA ESTAÇAO DO BRT DO TACARUNA	SANTO AMARO		""	ATROPELAMENTO	ONIBUS DO BRT E PEDESTRE					1	1				1		""	""	""	""	""	""	""	""	""	""	""	""	""
706	2018-01-24T00:00:00	18:33:00	SEM VÍTIMA	FINALIZADA	GRAÇAS	RUA DR BANDEIRA FILHO	160	""	ENF A FARMACIA PAGUE MENOS	RUA DR BANDEIRA FILHO	160	ENF A FARMACIA PAGUE MENOS	GRAÇAS		""	COLISÃO	FIESTA X COBALT	2									0		""	""	""	""	""	""	""	""	""	""	""	""	""
707	2018-01-24T00:00:00	18:40:00	SEM VÍTIMA	FINALIZADA	BOMBA DO HEMETÉRIO	EST VELHA DE AGUA FRIA	1347	""	AO LADO DIREITO DO POSTO NORTE BRAZ . SNT AV NORTE // PROX DA ENTRADA BOMBA DO HEMETÉRIO	EST VELHA DE AGUA FRIA	1347	AO LADO DIREITO DO POSTO NORTE BRAZ . SNT AV NORTE // PROX DA ENTRADA BOMBA DO HEMETÉRIO	BOMBA DO HEMETÉRIO		""	COLISÃO	ENTRE AUTO E MOTO. S/V	1	1								0		""	""	""	""	""	""	""	""	""	""	""	""	""
708	2018-01-24T00:00:00	19:02:00	SEM VÍTIMA	FINALIZADA	DERBY	AV GOVERNADOR AGAMENON MAGALHAES	3849	""	E/F A MCDONALDS. SENTIDO BOA VIAGEM	AV GOVERNADOR AGAMENON MAGALHAES	3849	E/F A MCDONALDS. SENTIDO BOA VIAGEM	DERBY		""	COLISÃO	ENTRE 2 AUTOS. S/V	2									0		""	""	""	""	""	""	""	""	""	""	""	""	""
709	2018-01-25T00:00:00	00:54:00	SEM VÍTIMA	CANCELADA	IMBIRIBEIRA	AV MARECHAL MASCARENHAS DE MORAES	""	""	EM FRENTE AO AEROPORTO	AV MARECHAL MASCARENHAS DE MORAES	""	EM FRENTE AO AEROPORTO	IMBIRIBEIRA		""	COLISÃO	COLISÃO ENTRE TRÊS AUTOS S/V	2									0		""	""	""	""	""	""	""	""	""	""	""	""	""
710	2018-01-25T00:00:00	06:25:00	SEM VÍTIMA	FINALIZADA	AFOGADOS	RUA SAO MIGUEL	""	""	SENTIDO TERMINAL VILA TAMANDARE EM FRENTE AO ATACAREJO E A EMPRESAA RENASCER	RUA SAO MIGUEL	""	SENTIDO TERMINAL VILA TAMANDARE EM FRENTE AO ATACAREJO E A EMPRESAA RENASCER	AFOGADOS		""	COLISÃO	COLISÃO SEM VITIMAS	1					1				0		""	""	""	""	""	""	""	""	""	""	""	""	""
711	2018-01-25T00:00:00	07:43:00	SEM VÍTIMA	CANCELADA	BOA VIAGEM	AV CONSELHEIRO AGUIAR	2154	""	E/F A PADARIA DIPLOMATA	AV CONSELHEIRO AGUIAR	2154	E/F A PADARIA DIPLOMATA	BOA VIAGEM		""	COLISÃO	SEM VÍTIMAS	2									0		""	""	""	""	""	""	""	""	""	""	""	""	""
712	2018-01-25T00:00:00	07:57:00	SEM VÍTIMA	CANCELADA	AFOGADOS	RUA COSME VIANA	120	""	ENFRENTE A TUPAN	RUA COSME VIANA	120	ENFRENTE A TUPAN	AFOGADOS		""	COLISÃO	COLISÃO SEM VITIMA	2									0		""	""	""	""	""	""	""	""	""	""	""	""	""
713	2018-01-25T00:00:00	08:39:00	SEM VÍTIMA	FINALIZADA	ARRUDA	AV BEBERIBE	""	""	EM FRENTE AO CANAL DA CONSTRUÇAO / SENT CIDADE	AV BEBERIBE	""	EM FRENTE AO CANAL DA CONSTRUÇAO / SENT CIDADE	ARRUDA		""	COLISÃO	DOIS AUTOS	2									0		""	""	""	""	""	""	""	""	""	""	""	""	""
714	2018-01-25T00:00:00	09:03:00	SEM VÍTIMA	FINALIZADA	AFOGADOS	AV SUL	""	""	EM CIMA DA PONTE, NA FRENTE A SINAGOGA DA MASSONARIA, SENTIDO BAIRRO DE SÃO JOSÉ	AV SUL	""	EM CIMA DA PONTE, NA FRENTE A SINAGOGA DA MASSONARIA, SENTIDO BAIRRO DE SÃO JOSÉ	AFOGADOS		""	COLISÃO	COLISÃO SEM VÍTIMA	1						1			0		""	""	""	""	""	""	""	""	""	""	""	""	""
715	2018-01-25T00:00:00	09:05:00	SEM VÍTIMA	FINALIZADA	VÁRZEA	AV CAXANGA	S/N	""	SENTIDO SUB/CID LADO OPOSTO AO CAXANGÁ GOLF CLUB.	AV CAXANGA	S/N	SENTIDO SUB/CID LADO OPOSTO AO CAXANGÁ GOLF CLUB.	VÁRZEA		""	COLISÃO	COLISÃO ENVOLVENDO TRÊS VEICULOS SEM VÍTIMA. VEÍC. : LIVINA / SANDERO / ASTRA.	3									0		""	""	""	""	""	""	""	""	""	""	""	""	""
716	2018-01-25T00:00:00	09:44:00	SEM VÍTIMA	CANCELADA	IMBIRIBEIRA	AV MARECHAL MASCARENHAS DE MORAES	""	""	SENTIDO CIDADE EM FRENTE A LOJA GRILLO	AV MARECHAL MASCARENHAS DE MORAES	""	SENTIDO CIDADE EM FRENTE A LOJA GRILLO	IMBIRIBEIRA		""	COLISÃO	COLISÃO SEM VITIMAS	3									0		""	""	""	""	""	""	""	""	""	""	""	""	""
717	2018-01-25T00:00:00	10:04:00	SEM VÍTIMA	FINALIZADA	BOA VIAGEM	RUA FELIX DE BRITO E MELO	""	""	E/F AO WALMART, SEMÁFORO 544	RUA FELIX DE BRITO E MELO	""	E/F AO WALMART, SEMÁFORO 544	BOA VIAGEM		""	COLISÃO	SEM VÍTIMAS. BATEDORES NO LOCAL.	1	1								0		""	""	""	""	""	""	""	""	""	""	""	""	""
718	2018-01-25T00:00:00	10:17:00	SEM VÍTIMA	FINALIZADA	SÃO JOSÉ	RUA CORACAO DE MARIA	""	""	EM FRENTE AO ATACADO DOS PRESENTES	RUA CORACAO DE MARIA	""	EM FRENTE AO ATACADO DOS PRESENTES	SÃO JOSÉ		""	COLISÃO	COLISÃO SEM VITIMAS	1	1								0		""	""	""	""	""	""	""	""	""	""	""	""	""
719	2018-01-25T00:00:00	10:36:00	SEM VÍTIMA	FINALIZADA	MADALENA	RUA REAL DA TORRE	594	""	NA FRENTE DO MERCADO DA MADALENA E A FARMACIA STB	RUA REAL DA TORRE	594	NA FRENTE DO MERCADO DA MADALENA E A FARMACIA STB	MADALENA		""	COLISÃO	COLISÃO SEM VITIMA	2									0		""	""	""	""	""	""	""	""	""	""	""	""	""
720	2018-01-25T00:00:00	11:15:00	SEM VÍTIMA	FINALIZADA	PRADO	RUA PADRE TEOFILO TWORZ	131	""	E/F A IGREJA PRESBITERIANA DO PRADO. SENTIDO ABDIAS	RUA PADRE TEOFILO TWORZ	131	E/F A IGREJA PRESBITERIANA DO PRADO. SENTIDO ABDIAS	PRADO		""	COLISÃO	SEM VÍTIMAS	2									0		""	""	""	""	""	""	""	""	""	""	""	""	""
721	2018-01-25T00:00:00	11:54:00	SEM VÍTIMA	FINALIZADA	BOMBA DO HEMETÉRIO	RUA BOMBA DO HEMETERIO	1253	""	EM FRENTE AO POSTO NORTE BRAZ NA ENTRADA DA BOMBA DO HEMETÉRIO NO ANTIGO POSTO QUE PEGOU FOGO	RUA BOMBA DO HEMETERIO	1253	EM FRENTE AO POSTO NORTE BRAZ NA ENTRADA DA BOMBA DO HEMETÉRIO NO ANTIGO POSTO QUE PEGOU FOGO	BOMBA DO HEMETÉRIO		""	COLISÃO	COLISÃO SEM VÍTIMA	2									0		""	""	""	""	""	""	""	""	""	""	""	""	""
722	2018-01-25T00:00:00	12:42:00	SEM VÍTIMA	FINALIZADA	TAMARINEIRA	RUA SEBASTIAO ALVES	201	""	EM FRENTE AO EDIFICIO HAECKEL ALMEIDA	RUA SEBASTIAO ALVES	201	EM FRENTE AO EDIFICIO HAECKEL ALMEIDA	TAMARINEIRA		""	COLISÃO	COLISÃO SEM VITIMAS	2									0		""	""	""	""	""	""	""	""	""	""	""	""	""
723	2018-01-25T00:00:00	13:01:00	SEM VÍTIMA	FINALIZADA	CAXANGÁ	AV CAXANGA	""	""	SENTIDO CIDADE EM FRENTE AO BANCO ITAU	AV CAXANGA	""	SENTIDO CIDADE EM FRENTE AO BANCO ITAU	CAXANGÁ		""	COLISÃO	COLISÃO SEM VITIMAS	1	2								0		""	""	""	""	""	""	""	""	""	""	""	""	""
724	2018-01-25T00:00:00	13:13:00	SEM VÍTIMA	FINALIZADA	BOA VISTA	AV GOVERNADOR AGAMENON MAGALHAES	""	""	EM FRENTE AO CIRCULO MILITAR/ SENTIDO OLINDA/ PISTA DA DIREITA	AV GOVERNADOR AGAMENON MAGALHAES	""	EM FRENTE AO CIRCULO MILITAR/ SENTIDO OLINDA/ PISTA DA DIREITA	BOA VISTA		""	COLISÃO	COLISÃO SEM VÍTIMA	4									0		""	""	""	""	""	""	""	""	""	""	""	""	""
725	2018-01-25T00:00:00	13:26:00	COM VÍTIMA	CANCELADA	CAMPO GRANDE	RUA ODORICO MENDES	S/N	""	EM FRENTE AO STTYLLO SUPERMERCADO	RUA ODORICO MENDES	S/N	EM FRENTE AO STTYLLO SUPERMERCADO	CAMPO GRANDE		""	COLISÃO	MOTO X CARRO COM VÍTIMA.	1	1								1		""	""	""	""	""	""	""	""	""	""	""	""	""
726	2018-01-25T00:00:00	13:34:00	SEM VÍTIMA	FINALIZADA	SAN MARTIN	AV ENGENHEIRO ABDIAS DE CARVALHO	""	""	EM FRENTE AO BAR CAMARÃO DO LEO SENTIDO CENTRO	AV ENGENHEIRO ABDIAS DE CARVALHO	""	EM FRENTE AO BAR CAMARÃO DO LEO SENTIDO CENTRO	SAN MARTIN		""	COLISÃO	COLISÃO SEM VITIMAS	4									0		""	""	""	""	""	""	""	""	""	""	""	""	""
727	2018-01-25T00:00:00	13:42:00	COM VÍTIMA	FINALIZADA	TORRE	RUA ALBERTO PAIVA	""	""	NA ENTRADA DA CONCESSIONARIA TOYOLEX	RUA ALBERTO PAIVA	""	NA ENTRADA DA CONCESSIONARIA TOYOLEX	TORRE		""	COLISÃO	COLISÃO SEM VITIMAS	1	1								1		""	""	""	""	""	""	""	""	""	""	""	""	""
728	2018-01-25T00:00:00	14:45:00	SEM VÍTIMA	FINALIZADA	ESPINHEIRO	RUA QUARENTA E OITO	261	""	EM FRENTE AO EDIFICIO MARIA BETÂNIA	RUA QUARENTA E OITO	261	EM FRENTE AO EDIFICIO MARIA BETÂNIA	ESPINHEIRO		""	COLISÃO	COLISÃO SEM VÍTIMA	2									0		""	""	""	""	""	""	""	""	""	""	""	""	""
729	2018-01-25T00:00:00	14:50:00	SEM VÍTIMA	FINALIZADA	AFOGADOS	RUA COSME VIANA	""	""	EM FRENTE A TUPAN	RUA COSME VIANA	""	EM FRENTE A TUPAN	AFOGADOS		""	COLISÃO	COLISÃO SEM VITIMAS	3									0		""	""	""	""	""	""	""	""	""	""	""	""	""
730	2018-01-25T00:00:00	14:56:00	COM VÍTIMA	FINALIZADA	ESTÂNCIA	AV TAPAJOS	397	""	AO LADO DO CONDOMINIO IGNEZ ANDREAZZA	AV TAPAJOS	397	AO LADO DO CONDOMINIO IGNEZ ANDREAZZA	ESTÂNCIA		""	COLISÃO	COLISÃO COM VÍTIMA	1	1								1		""	""	""	""	""	""	""	""	""	""	""	""	""
731	2018-01-25T00:00:00	15:45:00	COM VÍTIMA	FINALIZADA	BOA VIAGEM	RUA ANTONIO FALCAO	""	""	NO SEMÁFORO 648	RUA ANTONIO FALCAO	""	NO SEMÁFORO 648	BOA VIAGEM		""	COLISÃO COM CICLISTA	COLISÃO COM VÍTIMA	1			1						1		""	""	""	""	""	""	""	""	""	""	""	""	""
732	2018-01-25T00:00:00	16:22:00	SEM VÍTIMA	FINALIZADA	SANTO AMARO	RUA GERVASIO PIRES	""	""	AO LADO DA CAFETERIA SÃO BRAZ	RUA GERVASIO PIRES	""	AO LADO DA CAFETERIA SÃO BRAZ	SANTO AMARO		""	COLISÃO	COLISÃO SEM VÍTIMA	2									0		""	""	""	""	""	""	""	""	""	""	""	""	""
733	2018-01-25T00:00:00	16:37:00	SEM VÍTIMA	FINALIZADA	BOA VISTA	RUA PADRE INGLES	300	""	EM FRENTE A IBGM	RUA PADRE INGLES	300	EM FRENTE A IBGM	BOA VISTA		""	COLISÃO	COLISÃO SEM VÍTIMA	2						1			0		""	""	""	""	""	""	""	""	""	""	""	""	""
734	2018-01-25T00:00:00	16:46:00	SEM VÍTIMA	FINALIZADA	IPUTINGA	AV CAXANGA	""	""	EM BAIXO DO VIADUTO DA CAXANGA	AV CAXANGA	""	EM BAIXO DO VIADUTO DA CAXANGA	IPUTINGA		""	COLISÃO	COLISAO DE AUTO E MOTO S/V	1	1								0		""	""	""	""	""	""	""	""	""	""	""	""	""
735	2018-01-25T00:00:00	16:49:00	SEM VÍTIMA	FINALIZADA	MADALENA	RUA BENFICA	1150	""	EM FRENTE AO MUSEU DA ABOLIÇÃO	RUA BENFICA	1150	EM FRENTE AO MUSEU DA ABOLIÇÃO	MADALENA		""	COLISÃO	COLISÃO SEM VITIMAS	1	1								0		""	""	""	""	""	""	""	""	""	""	""	""	""
736	2018-01-25T00:00:00	17:06:00	SEM VÍTIMA	FINALIZADA	TORRE	RUA ALBERTO PAIVA	""	""	NO INICIO DA PONTE/ SENTIDO CONDE DE IRAJA	RUA ALBERTO PAIVA	""	NO INICIO DA PONTE/ SENTIDO CONDE DE IRAJA	TORRE		""	COLISÃO	COLISÃO SEM VÍTIMA	1						1			0		""	""	""	""	""	""	""	""	""	""	""	""	""
737	2018-01-25T00:00:00	17:26:00	SEM VÍTIMA	FINALIZADA	BOA VIAGEM	AV BOA VIAGEM	7058	""	SENTIDO PIEDADE EM FRENTE AO EDIFICIO BRIGADEIRO EDUARDO GOMES	AV BOA VIAGEM	7058	SENTIDO PIEDADE EM FRENTE AO EDIFICIO BRIGADEIRO EDUARDO GOMES	BOA VIAGEM		""	COLISÃO	COLISÃO SEM VITIMAS	3									0		""	""	""	""	""	""	""	""	""	""	""	""	""
738	2018-01-25T00:00:00	18:06:00	SEM VÍTIMA	CANCELADA	SANTO AMARO	AV GOVERNADOR AGAMENON MAGALHAES	""	""	EM FRENTE A UNICORDS, SENT. OLINDA	AV GOVERNADOR AGAMENON MAGALHAES	""	EM FRENTE A UNICORDS, SENT. OLINDA	SANTO AMARO		""	COLISÃO	DOIS AUTOS	2									0		""	""	""	""	""	""	""	""	""	""	""	""	""
739	2018-01-25T00:00:00	18:29:00	SEM VÍTIMA	FINALIZADA	BOA VISTA	AV GOVERNADOR AGAMENON MAGALHAES	""	""	AO LADO DO BOMPREÇO, SENT. OLINDA	AV GOVERNADOR AGAMENON MAGALHAES	""	AO LADO DO BOMPREÇO, SENT. OLINDA	BOA VISTA		""	COLISÃO	ONIBUS E AUTO	1					1				0		""	""	""	""	""	""	""	""	""	""	""	""	""
740	2018-01-25T00:00:00	18:35:00	SEM VÍTIMA	CANCELADA	ROSARINHO	RUA QUARENTA E OITO	875	RUA QUARENTA E OITO	PROX A GALERIA :: ESQUINA QUARENTA E OITO	RUA QUARENTA E OITO	875	PROX A GALERIA :: ESQUINA QUARENTA E OITO	ROSARINHO		""	COLISÃO	MOTO E TUKISON	1	1								0		""	""	""	""	""	""	""	""	""	""	""	""	""
741	2018-01-25T00:00:00	19:46:00	SEM VÍTIMA	FINALIZADA	MADALENA	AV VISCONDE DE ALBUQUERQUE	""	""	AO LADO DO BOMPREÇO DA BENFICA	AV VISCONDE DE ALBUQUERQUE	""	AO LADO DO BOMPREÇO DA BENFICA	MADALENA		""	COLISÃO	DOIS AUTOS	2									0		""	""	""	""	""	""	""	""	""	""	""	""	""
742	2018-01-25T00:00:00	20:48:00	SEM VÍTIMA	CANCELADA	CORDEIRO	AV INACIO MONTEIRO	518	""	PROX AO MERCADINHO TUDO DE BOM	AV INACIO MONTEIRO	518	PROX AO MERCADINHO TUDO DE BOM	CORDEIRO		""	COLISÃO	DUAS MOTOS		2								0		""	""	""	""	""	""	""	""	""	""	""	""	""
743	2018-01-26T00:00:00	00:34:00	SEM VÍTIMA	FINALIZADA	PRADO	AV ENGENHEIRO ABDIAS DE CARVALHO	""	AV GENERAL SAN MARTIN	CRUZAMENTO COM A AVENIDA GENERAL SAN MARTIN, SENTIDO RECIFE	AV ENGENHEIRO ABDIAS DE CARVALHO	""	CRUZAMENTO COM A AVENIDA GENERAL SAN MARTIN, SENTIDO RECIFE	PRADO		""	COLISÃO	COLISÃO ENTRE AUTO E AMBULÂNCIA S/V	1							1		0		""	""	""	""	""	""	""	""	""	""	""	""	""
744	2018-01-26T00:00:00	07:23:00	SEM VÍTIMA	FINALIZADA	AFOGADOS	RUA VINTE E UM DE ABRIL	528	""	EM FRENTE A EMPRESA DISBREL	RUA VINTE E UM DE ABRIL	528	EM FRENTE A EMPRESA DISBREL	AFOGADOS		""	COLISÃO	SEM VITIMAS	2									0		""	""	""	""	""	""	""	""	""	""	""	""	""
745	2018-01-26T00:00:00	08:10:00	SEM VÍTIMA	FINALIZADA	MADALENA	RUA MONSENHOR JULIO MARIA	176	RUA NOBRE DE LACERDA	RUA LATERAL A IGUI PISCINAS,CRUZAMENTO COM A RUA NOBRE DE LACERDA	RUA MONSENHOR JULIO MARIA	176	RUA LATERAL A IGUI PISCINAS,CRUZAMENTO COM A RUA NOBRE DE LACERDA	MADALENA		""	COLISÃO	SEM VITIMAS	2									0		""	""	""	""	""	""	""	""	""	""	""	""	""
746	2018-01-26T00:00:00	08:21:00	SEM VÍTIMA	FINALIZADA	BOA VIAGEM	AV CONSELHEIRO AGUIAR	3068	""	SEMAFORO 006	AV CONSELHEIRO AGUIAR	3068	SEMAFORO 006	BOA VIAGEM		""	COLISÃO	DOIS AUTOS	2									0		""	""	""	""	""	""	""	""	""	""	""	""	""
747	2018-01-26T00:00:00	09:07:00	SEM VÍTIMA	FINALIZADA	SANTO ANTÔNIO	RUA ULHOA CINTRA	96	""	POR TRÁS DA ANTIGA SECRETARIA DE EDUCAÇÃO	RUA ULHOA CINTRA	96	POR TRÁS DA ANTIGA SECRETARIA DE EDUCAÇÃO	SANTO ANTÔNIO		""	COLISÃO	SEM VITIMAS	2									0		""	""	""	""	""	""	""	""	""	""	""	""	""
748	2018-01-26T00:00:00	09:34:00	COM VÍTIMA	FINALIZADA	CASA AMARELA	AV NORTE	5911	""	SENTIDO CIDADE. E/F A A FERROS FERRAES. SEMÁFORO 095	AV NORTE	5911	SENTIDO CIDADE. E/F A A FERROS FERRAES. SEMÁFORO 095	CASA AMARELA		""	ATROPELAMENTO	COM UMA VÍTIMA		1			1					1		""	""	""	""	""	""	""	""	""	""	""	""	""
749	2018-01-26T00:00:00	09:43:00	SEM VÍTIMA	FINALIZADA	BOA VISTA	RUA BARAO DE SAO BORJA	137	""	EM FRENTE AO HOTEL BOA VISTA	RUA BARAO DE SAO BORJA	137	EM FRENTE AO HOTEL BOA VISTA	BOA VISTA		""	COLISÃO	SEM VITIMAS	2									0		""	""	""	""	""	""	""	""	""	""	""	""	""
750	2018-01-26T00:00:00	09:50:00	SEM VÍTIMA	FINALIZADA	PARNAMIRIM	AV PARNAMIRIM	417	""	EM FRENTE AO SANTADER	AV PARNAMIRIM	417	EM FRENTE AO SANTADER	PARNAMIRIM		""	COLISÃO	AUTO E CAMINHAO	1						1			0		""	""	""	""	""	""	""	""	""	""	""	""	""
751	2018-01-26T00:00:00	10:06:00	SEM VÍTIMA	FINALIZADA	SANTO ANTÔNIO	AV MARTINS DE BARROS	238	""	APOS O SANTANDER , PROX. AO FORUM PAULA BATISTA	AV MARTINS DE BARROS	238	APOS O SANTANDER , PROX. AO FORUM PAULA BATISTA	SANTO ANTÔNIO		""	COLISÃO	COLISÃO SEM VITIMAS	4									0		""	""	""	""	""	""	""	""	""	""	""	""	""
752	2018-01-26T00:00:00	10:20:00	SEM VÍTIMA	FINALIZADA	SÃO JOSÉ	PRC DAS CINCO PONTAS	""	""	APOS O GRANDE RECIFE, SENTIDO AGAMENON	PRC DAS CINCO PONTAS	""	APOS O GRANDE RECIFE, SENTIDO AGAMENON	SÃO JOSÉ		""	COLISÃO	COLISÃO SEM VITIMAS	1						1			0		""	""	""	""	""	""	""	""	""	""	""	""	""
753	2018-01-26T00:00:00	10:25:00	SEM VÍTIMA	FINALIZADA	ESTÂNCIA	AV RECIFE	""	""	APÓS O MAKRO SOBRE O VIADUTO SENT/CIDADE UNIVERSITARIA	AV RECIFE	""	APÓS O MAKRO SOBRE O VIADUTO SENT/CIDADE UNIVERSITARIA	ESTÂNCIA		""	COLISÃO	SEM VITIMAS	1						1			0		""	""	""	""	""	""	""	""	""	""	""	""	""
754	2018-01-26T00:00:00	11:01:00	SEM VÍTIMA	FINALIZADA	CASA AMARELA	AV NORTE	986	""	EM FRENTE AÇOUGUE DO POVO, SENTIDO CIDADE	AV NORTE	986	EM FRENTE AÇOUGUE DO POVO, SENTIDO CIDADE	CASA AMARELA		""	COLISÃO	AUTO E CAMINHAO	1						1			0		""	""	""	""	""	""	""	""	""	""	""	""	""
755	2018-01-26T00:00:00	11:19:00	SEM VÍTIMA	FINALIZADA	AFOGADOS	RUA SAO MIGUEL	""	""	ENFRENTE AO POSTO DE GASOLINA BC	RUA SAO MIGUEL	""	ENFRENTE AO POSTO DE GASOLINA BC	AFOGADOS		""	COLISÃO	COLISÃO SEM VITIMAS	2									0		""	""	""	""	""	""	""	""	""	""	""	""	""
756	2018-01-26T00:00:00	11:36:00	SEM VÍTIMA	FINALIZADA	CORDEIRO	AV CAXANGA	219 A	""	E/F A FARMAPLUS, SENTIDO CIDADE.	AV CAXANGA	219 A	E/F A FARMAPLUS, SENTIDO CIDADE.	CORDEIRO		""	COLISÃO	SEM VÍTIMAS	1	1								0		""	""	""	""	""	""	""	""	""	""	""	""	""
757	2018-01-26T00:00:00	11:47:00	SEM VÍTIMA	CANCELADA	BARRO	AV DR JOSE RUFINO	2116	""	NA FRENTE DO COLEGIO IMACULADA CONCEIÇÃO	AV DR JOSE RUFINO	2116	NA FRENTE DO COLEGIO IMACULADA CONCEIÇÃO	BARRO		""	COLISÃO	COLISÃO SEM VITIMAS	1						1			0		""	""	""	""	""	""	""	""	""	""	""	""	""
758	2018-01-26T00:00:00	11:50:00	SEM VÍTIMA	FINALIZADA	CASA AMARELA	AV NORTE	1190	AV PROFESSOR JOSE DOS ANJOS	EM FRENTE OA SESC, SENTIDO MACAXEIRA	AV NORTE	1190	EM FRENTE OA SESC, SENTIDO MACAXEIRA	CASA AMARELA		""	COLISÃO	AUTO E MOTO	1	1								0		""	""	""	""	""	""	""	""	""	""	""	""	""
759	2018-01-26T00:00:00	12:21:00	COM VÍTIMA	CANCELADA	BEBERIBE	AV BEBERIBE	""	""	E/F DO POSTO DE SAUDE DE BEBERIBE	AV BEBERIBE	""	E/F DO POSTO DE SAUDE DE BEBERIBE	BEBERIBE		""	COLISÃO	COLISAO DE AUTO E MOTO COM DUAS VITIMAS										2		""	""	""	""	""	""	""	""	""	""	""	""	""
760	2018-01-26T00:00:00	12:25:00	SEM VÍTIMA	FINALIZADA	MADALENA	RUA CARLOS GOMES	153	""	EM FRENTE A ESTILO COR	RUA CARLOS GOMES	153	EM FRENTE A ESTILO COR	MADALENA		""	COLISÃO	COLISÃO SEM VITIMAS	2									0		""	""	""	""	""	""	""	""	""	""	""	""	""
761	2018-01-26T00:00:00	13:04:00	SEM VÍTIMA	FINALIZADA	BOA VISTA	RUA DA UNIAO	""	""	NA ESQUINA DA ASSEMBLEIA LEGISLATIVA POR TRAS DO GINASIO PERNAMBUCANO	RUA DA UNIAO	""	NA ESQUINA DA ASSEMBLEIA LEGISLATIVA POR TRAS DO GINASIO PERNAMBUCANO	BOA VISTA		""	COLISÃO	COLISAO DE AUTO E MOTO	1	1								0		""	""	""	""	""	""	""	""	""	""	""	""	""
762	2018-01-26T00:00:00	13:23:00	SEM VÍTIMA	CANCELADA	CASA AMARELA	RUA MAJOR NEREU GUERRA	96	""	PRÓXIMO AO COLÉGIO PADRE MACHADO	RUA MAJOR NEREU GUERRA	96	PRÓXIMO AO COLÉGIO PADRE MACHADO	CASA AMARELA		""	COLISÃO	AUTO E MOTOCICLETA	1	1								0		""	""	""	""	""	""	""	""	""	""	""	""	""
763	2018-01-26T00:00:00	14:06:00	SEM VÍTIMA	FINALIZADA	AFOGADOS	AV SUL	2056	""	EM FRENTE A BORRACHARIA SUL	AV SUL	2056	EM FRENTE A BORRACHARIA SUL	AFOGADOS		""	COLISÃO	COLISÃO SEM VÍTIMA	1						1			0		""	""	""	""	""	""	""	""	""	""	""	""	""
764	2018-01-26T00:00:00	14:10:00	SEM VÍTIMA	CANCELADA	BOA VIAGEM	RUA TENENTE JOAO CICERO	""	""	POR TRAS DO COLEGIO SANTA MARIA	RUA TENENTE JOAO CICERO	""	POR TRAS DO COLEGIO SANTA MARIA	BOA VIAGEM		""	COLISÃO	DOIS AUTOS S/V	2									0		""	""	""	""	""	""	""	""	""	""	""	""	""
765	2018-01-26T00:00:00	14:21:00	SEM VÍTIMA	FINALIZADA	IMBIRIBEIRA	AV PRESIDENTE DUTRA	600	""	EM FRENTE AO POSTO BR , SENTIDO BR	AV PRESIDENTE DUTRA	600	EM FRENTE AO POSTO BR , SENTIDO BR	IMBIRIBEIRA		""	COLISÃO	DOIS AUTOS S/V	2									0		""	""	""	""	""	""	""	""	""	""	""	""	""
766	2018-01-26T00:00:00	14:24:00	SEM VÍTIMA	FINALIZADA	MADALENA	AV JOSE GONCALVES DE MEDEIROS	""	""	NA SAIDA DO ESTACIONAMENTO DO EXTRA	AV JOSE GONCALVES DE MEDEIROS	""	NA SAIDA DO ESTACIONAMENTO DO EXTRA	MADALENA		""	COLISÃO	COLISAO DE DOIS AUTOS S/V	2									0		""	""	""	""	""	""	""	""	""	""	""	""	""
767	2018-01-26T00:00:00	14:30:00	COM VÍTIMA	FINALIZADA	CAMPO GRANDE	EST DE BELEM	803	""	PROX. A SUBWAY, EM FRENTE AO POSTO TOTAL	EST DE BELEM	803	PROX. A SUBWAY, EM FRENTE AO POSTO TOTAL	CAMPO GRANDE		""	COLISÃO	AUTO E MOTO	1	1								1		""	""	""	""	""	""	""	""	""	""	""	""	""
768	2018-01-26T00:00:00	14:56:00	SEM VÍTIMA	FINALIZADA	AFOGADOS	RUA QUITERIO INACIO DE MELLO	234	""	E/F DE AFOGADOS AUTO CENTER	RUA QUITERIO INACIO DE MELLO	234	E/F DE AFOGADOS AUTO CENTER	AFOGADOS		""	COLISÃO	COLISAO DE AUTO E CAMINHAO S/V	1						1			0		""	""	""	""	""	""	""	""	""	""	""	""	""
769	2018-01-26T00:00:00	15:21:00	SEM VÍTIMA	CANCELADA	SANTO AMARO	PRC GENERAL ABREU E LIMA	""	""	POR TRÁS DO CEMITERIO DOS INGLESES	PRC GENERAL ABREU E LIMA	""	POR TRÁS DO CEMITERIO DOS INGLESES	SANTO AMARO		""	COLISÃO	COLISÃO SEM VÍTIMA	2									0		""	""	""	""	""	""	""	""	""	""	""	""	""
770	2018-01-26T00:00:00	15:42:00	SEM VÍTIMA	CANCELADA	BOA VIAGEM	AV HELIO FALCAO	607	""	E/F DO COLEGIO ANCHIETA	AV HELIO FALCAO	607	E/F DO COLEGIO ANCHIETA	BOA VIAGEM		""	COLISÃO	COLISAO DE DOIS AUTOS S/V	2									0		""	""	""	""	""	""	""	""	""	""	""	""	""