_id	DATA	hora	natureza_acidente	situacao	bairro	endereco	numero	detalhe_endereco_acidente	complemento	endereco_cruzamento	numero_cruzamento	referencia_cruzamento	bairro_cruzamento	num_semaforo	sentido_via	tipo	descricao	auto	moto	ciclom	ciclista	pedestre	onibus	caminhao	viatura	outros	vitimas	vitimasfatais	acidente_verificado	tempo_clima	situacao_semaforo	sinalizacao	condicao_via	conservacao_via	ponto_controle	situacao_placa	velocidade_max_via	mao_direcao	divisao_via1	divisao_via2	divisao_via3
771	2018-01-26T00:00:00	15:56:00	SEM VÍTIMA	FINALIZADA	ENCRUZILHADA	RUA MARECHAL DEODORO	519	RUA OTHON PARAISO	COM RUA OTHON PARAISO E/F DA ANTIGA CASA DE FORRO CASA DO ZÉ NABO	RUA MARECHAL DEODORO	519	COM RUA OTHON PARAISO E/F DA ANTIGA CASA DE FORRO CASA DO ZÉ NABO	ENCRUZILHADA		""	COLISÃO	COLISAO DE DOIS AUTOS S/V	2									0		""	""	""	""	""	""	""	""	""	""	""	""	""
772	2018-01-26T00:00:00	16:48:00	SEM VÍTIMA	FINALIZADA	CORDEIRO	RUA HONORIO CORREIA	227	""	EM FRENTE AO MERCADO PUBLICO DO CORDEIRO	RUA HONORIO CORREIA	227	EM FRENTE AO MERCADO PUBLICO DO CORDEIRO	CORDEIRO		""	COLISÃO	COLISÃO SEM VÍTIMA	1					1				0		""	""	""	""	""	""	""	""	""	""	""	""	""
773	2018-01-26T00:00:00	16:52:00	SEM VÍTIMA	CANCELADA	TORRÕES	AV ENGENHEIRO ABDIAS DE CARVALHO	962	""	EM FRENTE A DLP DISTRIBUIDORA, SENTIDO SEASA	AV ENGENHEIRO ABDIAS DE CARVALHO	962	EM FRENTE A DLP DISTRIBUIDORA, SENTIDO SEASA	TORRÕES		""	COLISÃO	AUTO E ONIBUS S/V	1					1				0		""	""	""	""	""	""	""	""	""	""	""	""	""
774	2018-01-26T00:00:00	17:26:00	SEM VÍTIMA	CANCELADA	IBURA	AV DOM HELDER CAMARA	257	""	NA SAIDA DO IBURA POR TRAS DO NUCLEO DA POLICIA	AV DOM HELDER CAMARA	257	NA SAIDA DO IBURA POR TRAS DO NUCLEO DA POLICIA	IBURA		""	COLISÃO	COLISAO DE AUTO E CARRETA	1						1			0		""	""	""	""	""	""	""	""	""	""	""	""	""
775	2018-01-26T00:00:00	18:17:00	SEM VÍTIMA	FINALIZADA	SANTO ANTÔNIO	RUA IMPERADOR PEDRO SEGUNDO	468	""	EM FRENTE DO BANCO BRADESCO E MINISTERIO PUBLICO	RUA IMPERADOR PEDRO SEGUNDO	468	EM FRENTE DO BANCO BRADESCO E MINISTERIO PUBLICO	SANTO ANTÔNIO		""	COLISÃO	CAMINHÃO E DOIS AUTOS	2						1			0		""	""	""	""	""	""	""	""	""	""	""	""	""
776	2018-01-26T00:00:00	18:37:00	SEM VÍTIMA	FINALIZADA	CABANGA	AV SATURNINO DE BRITO	472	""	EM FRENTE Á COMPESA	AV SATURNINO DE BRITO	472	EM FRENTE Á COMPESA	CABANGA		""	COLISÃO	CAMINHÃO E AUTO	1						1			0		""	""	""	""	""	""	""	""	""	""	""	""	""
777	2018-01-26T00:00:00	18:54:00	COM VÍTIMA	FINALIZADA	TAMARINEIRA	AV NORTE	3652	""	PROX. ALARME CENTER, SENT SUBURBIO	AV NORTE	3652	PROX. ALARME CENTER, SENT SUBURBIO	TAMARINEIRA		""	COLISÃO	COLISÃO COM VÍTIMA ENTRE UM AUTO E UMA MOTO	1	1								1		""	""	""	""	""	""	""	""	""	""	""	""	""
778	2018-01-26T00:00:00	19:35:00	SEM VÍTIMA	CANCELADA	BAIRRO DO RECIFE	AV ALFREDO LISBOA	173	""	EM FRENTE DO POSTO DE GASOLINA BR	AV ALFREDO LISBOA	173	EM FRENTE DO POSTO DE GASOLINA BR	BAIRRO DO RECIFE		""	COLISÃO	DOIS AUTOS	2									0		""	""	""	""	""	""	""	""	""	""	""	""	""
779	2018-01-26T00:00:00	19:52:00	SEM VÍTIMA	CANCELADA	SÃO JOSÉ	PRC SERGIO LORETO	""	""	PROX. A SEDE DO GALO	PRC SERGIO LORETO	""	PROX. A SEDE DO GALO	SÃO JOSÉ		""	COLISÃO	CAMINHÃO E AUTO	1						1			0		""	""	""	""	""	""	""	""	""	""	""	""	""
780	2018-01-26T00:00:00	20:03:00	COM VÍTIMA	FINALIZADA	TOTÓ	AV LIBERDADE	170	""	EM FRENTE Á IGREJA ASSEMBLEIA DE DEUS	AV LIBERDADE	170	EM FRENTE Á IGREJA ASSEMBLEIA DE DEUS	TOTÓ		""	COLISÃO	AUTO E MOTO	1	1								1		""	""	""	""	""	""	""	""	""	""	""	""	""
781	2018-01-27T00:00:00	08:46:00	SEM VÍTIMA	FINALIZADA	SAN MARTIN	AV GENERAL SAN MARTIN	""	""	E/F A CAVALARIA, SEMÁFORO 326	AV GENERAL SAN MARTIN	""	E/F A CAVALARIA, SEMÁFORO 326	SAN MARTIN		""	COLISÃO	SEM VÍTIMAS	2									0		""	""	""	""	""	""	""	""	""	""	""	""	""
782	2018-01-27T00:00:00	09:38:00	SEM VÍTIMA	CANCELADA	DERBY	PRC DO DERBY	""	""	SEMÁFORO 418, AO LADO DO DRIVE IN	PRC DO DERBY	""	SEMÁFORO 418, AO LADO DO DRIVE IN	DERBY		""	COLISÃO	SEM VÍTIMAS	2									0		""	""	""	""	""	""	""	""	""	""	""	""	""
783	2018-01-27T00:00:00	09:58:00	COM VÍTIMA	FINALIZADA	CORDEIRO	EST DO FORTE DO ARRAIAL N. DO B. JESUS	797	""	EM FRENTE A LOJA EMPRESA PREST FORTE SENTIDO ABDIAS DE CARVALHO	EST DO FORTE DO ARRAIAL N. DO B. JESUS	797	EM FRENTE A LOJA EMPRESA PREST FORTE SENTIDO ABDIAS DE CARVALHO	CORDEIRO		""	COLISÃO	COLISÃO COM SOCORRIDA PELO SAMU	1	1								1		""	""	""	""	""	""	""	""	""	""	""	""	""
784	2018-01-27T00:00:00	10:51:00	COM VÍTIMA	FINALIZADA	SANTO AMARO	AV CRUZ CABUGA	""	AV NORTE	CRUZ COM A AV NORTE SENTIDO SUBURBIO EM FRENTE AO SENAI	AV CRUZ CABUGA	""	CRUZ COM A AV NORTE SENTIDO SUBURBIO EM FRENTE AO SENAI	SANTO AMARO		""	COLISÃO	COLISÃO COM 1 VITIMA		1					1			1		""	""	""	""	""	""	""	""	""	""	""	""	""
785	2018-01-27T00:00:00	11:03:00	SEM VÍTIMA	FINALIZADA	CORDEIRO	RUA MAXIMINO BUARQUE DE GUSMAO	""	""	PROX. A PRAÇA DO 15	RUA MAXIMINO BUARQUE DE GUSMAO	""	PROX. A PRAÇA DO 15	CORDEIRO		""	COLISÃO	COLISÃO SEM VITIMA	2									0		""	""	""	""	""	""	""	""	""	""	""	""	""
786	2018-01-27T00:00:00	11:21:00	SEM VÍTIMA	FINALIZADA	MADALENA	AV VISCONDE DE ALBUQUERQUE	300	""	SENTIDO D.AVILA APOS O BOM PREÇO EM FRENTE A LOJA DE AUTO MOVEIS ASTRAL	AV VISCONDE DE ALBUQUERQUE	300	SENTIDO D.AVILA APOS O BOM PREÇO EM FRENTE A LOJA DE AUTO MOVEIS ASTRAL	MADALENA		""	COLISÃO	COLISÃO S EM VITIMAS	1					1				0		""	""	""	""	""	""	""	""	""	""	""	""	""
787	2018-01-27T00:00:00	11:37:00	SEM VÍTIMA	FINALIZADA	BOA VIAGEM	AV CONSELHEIRO AGUIAR	4582	""	ENFRENTE A ACADEMIA ACTIVE	AV CONSELHEIRO AGUIAR	4582	ENFRENTE A ACADEMIA ACTIVE	BOA VIAGEM		""	COLISÃO	COLISÃO SEM VITIMA	2									0		""	""	""	""	""	""	""	""	""	""	""	""	""
788	2018-01-27T00:00:00	12:15:00	COM VÍTIMA	FINALIZADA	JORDÃO	RUA SAO JOSE DO EGITO	""	""	NA ESQUINA DA ESCOLA RITA LESSA	RUA SAO JOSE DO EGITO	""	NA ESQUINA DA ESCOLA RITA LESSA	JORDÃO		""	COLISÃO	COLISÃO COM VITIMA / AUTO E MOTO	1	1								1		""	""	""	""	""	""	""	""	""	""	""	""	""
789	2018-01-27T00:00:00	12:15:00	COM VÍTIMA	FINALIZADA	SAN MARTIN	AV CONSUL VILARES FRAGOSO	380	RUA ITAPEMIRIM	CRUZ COM A RUA ITAPEMIRIM PROX A CAVALARIA	AV CONSUL VILARES FRAGOSO	380	CRUZ COM A RUA ITAPEMIRIM PROX A CAVALARIA	SAN MARTIN		""	COLISÃO	COLISÃO COM VITIMA	2									1		""	""	""	""	""	""	""	""	""	""	""	""	""
790	2018-01-27T00:00:00	12:21:00	SEM VÍTIMA	FINALIZADA	DERBY	AV GOVERNADOR AGAMENON MAGALHAES	""	""	SENTIDO OLINDA EM CIMA DO VIADUTO DA JOÃO DE BARROS	AV GOVERNADOR AGAMENON MAGALHAES	""	SENTIDO OLINDA EM CIMA DO VIADUTO DA JOÃO DE BARROS	DERBY		""	COLISÃO	COLISÃO SEM VITIMAS	5									0		""	""	""	""	""	""	""	""	""	""	""	""	""
791	2018-01-27T00:00:00	13:26:00	COM VÍTIMA	FINALIZADA	BOA VIAGEM	AV ENGENHEIRO DOMINGOS FERREIRA	""	""	PROX. AO WALLMART	AV ENGENHEIRO DOMINGOS FERREIRA	""	PROX. AO WALLMART	BOA VIAGEM		""	COLISÃO	COLISÃO COM VITIMA , O VEICULO CAPOTOU	1									1		""	""	""	""	""	""	""	""	""	""	""	""	""
792	2018-01-27T00:00:00	13:31:00	SEM VÍTIMA	FINALIZADA	PINA	AV REPUBLICA DO LIBANO	""	""	EM FRENTE A ENTRADA DO SHOPPING RIOMAR	AV REPUBLICA DO LIBANO	""	EM FRENTE A ENTRADA DO SHOPPING RIOMAR	PINA		""	COLISÃO	DOIS AUTOS S/V	2									0		""	""	""	""	""	""	""	""	""	""	""	""	""
793	2018-01-27T00:00:00	14:28:00	SEM VÍTIMA	FINALIZADA	TORRE	RUA JOSE BONIFACIO	""	""	NA FRENTE AO ATACADÃO , PROX. A FARMACIA DROGASIL	RUA JOSE BONIFACIO	""	NA FRENTE AO ATACADÃO , PROX. A FARMACIA DROGASIL	TORRE		""	COLISÃO	COLISÃO SEM VITIMA	1					1				0		""	""	""	""	""	""	""	""	""	""	""	""	""
794	2018-01-27T00:00:00	15:00:00	SEM VÍTIMA	FINALIZADA	DERBY	AV GOVERNADOR AGAMENON MAGALHAES	""	""	SENTIDO OLINDA NA DESCIDA DO VIADUTO DA JOÃO DE BARROS	AV GOVERNADOR AGAMENON MAGALHAES	""	SENTIDO OLINDA NA DESCIDA DO VIADUTO DA JOÃO DE BARROS	DERBY		""	COLISÃO	COLISÃO SEM VITIMAS	4									0		""	""	""	""	""	""	""	""	""	""	""	""	""
795	2018-01-27T00:00:00	15:18:00	SEM VÍTIMA	FINALIZADA	TORRE	RUA MARQUES DE MARICA	12	""	EDF. MIRAFLORES	RUA MARQUES DE MARICA	12	EDF. MIRAFLORES	TORRE		""	COLISÃO	COLISÃO SEM VITIMA	3									0		""	""	""	""	""	""	""	""	""	""	""	""	""
796	2018-01-27T00:00:00	15:49:00	SEM VÍTIMA	FINALIZADA	JORDÃO	RUA VERDEJANTE	19	""	RESIDENCIA PROX A PRAÇA DO JORDÃO NA SUBIDA DO ALTO DO JORDÃO 1 RUA A DIREITA	RUA VERDEJANTE	19	RESIDENCIA PROX A PRAÇA DO JORDÃO NA SUBIDA DO ALTO DO JORDÃO 1 RUA A DIREITA	JORDÃO		""	CHOQUE	VEICULO CHOCA SE CONTRA UMA RESIDENCIA SEM VITIMAS	1									0		""	""	""	""	""	""	""	""	""	""	""	""	""
797	2018-01-27T00:00:00	16:03:00	COM VÍTIMA	FINALIZADA	IMBIRIBEIRA	RUA PAMPULHA	""	RUA ITAJAI	ESQUINA COM RUA ITAJAI, AO LADO DA PADARIA VALE DO RIO DOCE	RUA PAMPULHA	""	ESQUINA COM RUA ITAJAI, AO LADO DA PADARIA VALE DO RIO DOCE	IMBIRIBEIRA		""	COLISÃO	DOIS AUTOS S/V	2									2		""	""	""	""	""	""	""	""	""	""	""	""	""
798	2018-01-27T00:00:00	17:11:00	SEM VÍTIMA	FINALIZADA	SANTO AMARO	AV GOVERNADOR AGAMENON MAGALHAES	""	""	NA FRENTE DO MINISTERIO DO TRABALHO , SENTIDO OLINDA DESCENDO O VIADUTO LADO ESQUERO/ UM AVEICULO BRANCO E UM PRETO	AV GOVERNADOR AGAMENON MAGALHAES	""	NA FRENTE DO MINISTERIO DO TRABALHO , SENTIDO OLINDA DESCENDO O VIADUTO LADO ESQUERO/ UM AVEICULO BRANCO E UM PRETO	SANTO AMARO		""	COLISÃO	COLISÃO SEM VITIMA	2									0		""	""	""	""	""	""	""	""	""	""	""	""	""
799	2018-01-28T00:00:00	05:25:00	SEM VÍTIMA	CANCELADA	SÃO JOSÉ	RUA PIRACEMA	371	""	AO LADO DA IGREJA MATRIZ DO SÃO JOSÉ E PRC DAS CINCO PONTAS E POR TRÁS DO FORTE DAS CINCO PONTAS / SAINDO PELA AV SUL	RUA PIRACEMA	371	AO LADO DA IGREJA MATRIZ DO SÃO JOSÉ E PRC DAS CINCO PONTAS E POR TRÁS DO FORTE DAS CINCO PONTAS / SAINDO PELA AV SUL	SÃO JOSÉ		""	COLISÃO	ENTRE AUTO E ÔNIBUS. S/V	1					1				0		""	""	""	""	""	""	""	""	""	""	""	""	""
800	2018-01-27T00:00:00	20:23:00	SEM VÍTIMA	CANCELADA	PINA	AV ANTONIO DE GOES	""	""	ENF AO CONSULADO AMERICANO SENTIDO CIDADE SUB	AV ANTONIO DE GOES	""	ENF AO CONSULADO AMERICANO SENTIDO CIDADE SUB	PINA		""	COLISÃO	TAXI E AUTO	2									0		""	""	""	""	""	""	""	""	""	""	""	""	""
801	2018-01-27T00:00:00	20:34:00	SEM VÍTIMA	FINALIZADA	CORDEIRO	AV CAXANGA	""	""	E/F A IGREJA DO CORDEIRO	AV CAXANGA	""	E/F A IGREJA DO CORDEIRO	CORDEIRO		""	COLISÃO	ENTRE 4 AUTOS. S/V	4									0		""	""	""	""	""	""	""	""	""	""	""	""	""
802	2018-01-28T00:00:00	03:19:00	SEM VÍTIMA	FINALIZADA	ÁGUA FRIA	AV BEBERIBE	""	""	EM FRENTE AO MERCADO PUBLICO DE AGUA FRIA	AV BEBERIBE	""	EM FRENTE AO MERCADO PUBLICO DE AGUA FRIA	ÁGUA FRIA		""	COLISÃO	COLISÃO ENTRE DOIS AUTOS S/V	2									0		""	""	""	""	""	""	""	""	""	""	""	""	""
803	2018-01-28T00:00:00	06:10:00	SEM VÍTIMA	FINALIZADA	ESPINHEIRO	RUA QUARENTA E OITO	434	""	EM FRENTE AO EDIFICIO NICOLAU SEGUNDO	RUA QUARENTA E OITO	434	EM FRENTE AO EDIFICIO NICOLAU SEGUNDO	ESPINHEIRO		""	CHOQUE	CONDUTOR BATEU CONTRA UMA ARVORE SEM VITIMAS	1									0		""	""	""	""	""	""	""	""	""	""	""	""	""
804	2018-01-28T00:00:00	10:35:00	SEM VÍTIMA	FINALIZADA	AFLITOS	RUA NICOLAU PEREIRA	""	""	E/F A CAIXA ECONOMICA, EMÁFORO 073. SENTIDO AEROPORTO	RUA NICOLAU PEREIRA	""	E/F A CAIXA ECONOMICA, EMÁFORO 073. SENTIDO AEROPORTO	AFLITOS		""	COLISÃO	SEM VÍTIMAS	2									0		""	""	""	""	""	""	""	""	""	""	""	""	""
805	2018-01-28T00:00:00	12:13:00	SEM VÍTIMA	CANCELADA	ÁGUA FRIA	RUA ALEGRE	263	""	NA RUA DA DELEGACIA	RUA ALEGRE	263	NA RUA DA DELEGACIA	ÁGUA FRIA		""	ENGAVETAMENTO	TRES AUTOS S/V	3									0		""	""	""	""	""	""	""	""	""	""	""	""	""
806	2018-01-28T00:00:00	12:14:00	SEM VÍTIMA	CANCELADA	TEJIPIÓ	AV LIBERDADE	134	""	E/F A VILA JARDIM	AV LIBERDADE	134	E/F A VILA JARDIM	TEJIPIÓ		""	COLISÃO	ENTRE 2 AUTOS. S/V	2									0		""	""	""	""	""	""	""	""	""	""	""	""	""
807	2018-01-28T00:00:00	13:54:00	SEM VÍTIMA	CANCELADA	TOTÓ	RUA ONZE DE AGOSTO	""	""	PROXIMIDADES DO BIDO KRAUSE E E/F A ESTAÇÃO DE TOTÓ	RUA ONZE DE AGOSTO	""	PROXIMIDADES DO BIDO KRAUSE E E/F A ESTAÇÃO DE TOTÓ	TOTÓ		""	COLISÃO	ENTRE AUTO E MOTO. S/V	1	1								0		""	""	""	""	""	""	""	""	""	""	""	""	""
808	2018-01-28T00:00:00	14:28:00	COM VÍTIMA	FINALIZADA	SÃO JOSÉ	AV SUL	67	""	SEMAFORO 509, NA RUA QUE VA PARA O IMIP	AV SUL	67	SEMAFORO 509, NA RUA QUE VA PARA O IMIP	SÃO JOSÉ		""	COLISÃO	AUTO E MOTO	1	1								1		""	""	""	""	""	""	""	""	""	""	""	""	""
809	2018-01-28T00:00:00	14:41:00	SEM VÍTIMA	CANCELADA	JORDÃO	RUA CAMBUCI	365	""	PROX. AO RESIDENCIAL PRIMAVERA	RUA CAMBUCI	365	PROX. AO RESIDENCIAL PRIMAVERA	JORDÃO		""	COLISÃO	AUTO E VAN COMPLEMENTAR	1								1	0		""	""	""	""	""	""	""	""	""	""	""	""	""
810	2018-01-28T00:00:00	15:19:00	SEM VÍTIMA	CANCELADA	CAXANGÁ	AV CAXANGA	""	""	SEMÁFORO 605	AV CAXANGA	""	SEMÁFORO 605	CAXANGÁ		""	COLISÃO	ENTRE 2 AUTOS. S/V	2									0		""	""	""	""	""	""	""	""	""	""	""	""	""
811	2018-01-28T00:00:00	15:26:00	SEM VÍTIMA	FINALIZADA	JORDÃO	RUA CAMOCIM	366	""	PROX. AO RESIDENCIAL PRIMAVERA	RUA CAMOCIM	366	PROX. AO RESIDENCIAL PRIMAVERA	JORDÃO		""	COLISÃO	AUTO E VAN COMPLEMENTAR	1								1	0		""	""	""	""	""	""	""	""	""	""	""	""	""
812	2018-01-28T00:00:00	19:41:00	SEM VÍTIMA	FINALIZADA	IMBIRIBEIRA	AV MARECHAL MASCARENHAS DE MORAES	""	RUA ITACARI	CRUZAMENTO COM A RUA ITACARI	AV MARECHAL MASCARENHAS DE MORAES	""	CRUZAMENTO COM A RUA ITACARI	IMBIRIBEIRA		""	COLISÃO	FOX X SIENA	2									0		""	""	""	""	""	""	""	""	""	""	""	""	""
813	2018-01-28T00:00:00	19:45:00	SEM VÍTIMA	FINALIZADA	IPUTINGA	RUA SAO MATEUS	1060	""	ENF AO RESIDENCIAL JARDIM FLORESA	RUA SAO MATEUS	1060	ENF AO RESIDENCIAL JARDIM FLORESA	IPUTINGA		""	COLISÃO	DOIS CAMINHAO							2			0		""	""	""	""	""	""	""	""	""	""	""	""	""
814	2018-01-28T00:00:00	22:35:00	SEM VÍTIMA	FINALIZADA	CASA AMARELA	AV DR EURICO CHAVES	148	""	PROX AO CRAS DE CASA AMARELA	AV DR EURICO CHAVES	148	PROX AO CRAS DE CASA AMARELA	CASA AMARELA		""	COLISÃO	AUTO E MOTO	1	1								0		""	""	""	""	""	""	""	""	""	""	""	""	""
815	2018-01-28T00:00:00	22:59:00	COM VÍTIMA	FINALIZADA	CAXANGÁ	AV CAXANGA	""	""	ENFR A INTEGRAÇAO DA CAXANGA	AV CAXANGA	""	ENFR A INTEGRAÇAO DA CAXANGA	CAXANGÁ		""	COLISÃO	ONIBUS MIRIM X MOTO		1				1				1		""	""	""	""	""	""	""	""	""	""	""	""	""
816	2018-01-29T00:00:00	05:46:00	SEM VÍTIMA	FINALIZADA	BOA VIAGEM	RUA BALTAZAR PASSOS	""	RUA VISCONDE DE JEQUITINHONHA	SEMÁFORO 154. NO CRUZAMENTO COM A VISCONDE DE JEQUITINHONHA	RUA BALTAZAR PASSOS	""	SEMÁFORO 154. NO CRUZAMENTO COM A VISCONDE DE JEQUITINHONHA	BOA VIAGEM		""	COLISÃO	SEM VÍTIMAS	2									0		""	""	""	""	""	""	""	""	""	""	""	""	""
817	2018-01-29T00:00:00	08:19:00	COM VÍTIMA	FINALIZADA	MADALENA	RUA BENFICA	""	""	AO LADO DO BRADESCO E MUSEU DA ABOLIÇÃO	RUA BENFICA	""	AO LADO DO BRADESCO E MUSEU DA ABOLIÇÃO	MADALENA		""	COLISÃO	COLISÃO COM VITIMA		1				1				1		""	""	""	""	""	""	""	""	""	""	""	""	""
818	2018-01-29T00:00:00	08:31:00	SEM VÍTIMA	FINALIZADA	SANTO ANTÔNIO	AV MARTINS DE BARROS	""	""	SEMAFORO 204	AV MARTINS DE BARROS	""	SEMAFORO 204	SANTO ANTÔNIO		""	COLISÃO	DOIS AUTOS INSP NO QTH	2									0		""	""	""	""	""	""	""	""	""	""	""	""	""
819	2018-01-29T00:00:00	08:46:00	SEM VÍTIMA	FINALIZADA	BOA VIAGEM	RUA BALTAZAR PASSOS	515	""	EM FRENTE A ESCOLA EVOLUIR	RUA BALTAZAR PASSOS	515	EM FRENTE A ESCOLA EVOLUIR	BOA VIAGEM		""	COLISÃO	SEM VITIMAS	2									0		""	""	""	""	""	""	""	""	""	""	""	""	""
820	2018-01-29T00:00:00	08:52:00	SEM VÍTIMA	FINALIZADA	BOA VISTA	AV GOVERNADOR AGAMENON MAGALHAES	3539	""	JUNTO AO SEGURO BRADESCO,SENTIDO OLINDA	AV GOVERNADOR AGAMENON MAGALHAES	3539	JUNTO AO SEGURO BRADESCO,SENTIDO OLINDA	BOA VISTA		""	COLISÃO	COLISÃO SEM VITIMA	1	1								0		""	""	""	""	""	""	""	""	""	""	""	""	""
821	2018-01-29T00:00:00	09:08:00	SEM VÍTIMA	FINALIZADA	TORRE	AV BEIRA RIO	109	""	E/F AO EDF. DUAS NAÇÕES	AV BEIRA RIO	109	E/F AO EDF. DUAS NAÇÕES	TORRE		""	COLISÃO	SEM VÍTIMAS	2									0		""	""	""	""	""	""	""	""	""	""	""	""	""
822	2018-01-29T00:00:00	09:20:00	SEM VÍTIMA	FINALIZADA	AREIAS	AV RECIFE	""	""	NA SAÍDA DO INÊS ANDREAZZA, SENTIDO BOA VIAGEM/ CEASA	AV RECIFE	""	NA SAÍDA DO INÊS ANDREAZZA, SENTIDO BOA VIAGEM/ CEASA	AREIAS		""	COLISÃO	3 AUTOS										0		""	""	""	""	""	""	""	""	""	""	""	""	""
823	2018-01-29T00:00:00	09:37:00	SEM VÍTIMA	FINALIZADA	BOA VIAGEM	RUA RIBEIRO DE BRITO	1250	""	EM FRENTE AO HOTEL NACIONA INN	RUA RIBEIRO DE BRITO	1250	EM FRENTE AO HOTEL NACIONA INN	BOA VIAGEM		""	COLISÃO	DOIS AUTOS	3									0		""	""	""	""	""	""	""	""	""	""	""	""	""
824	2018-01-29T00:00:00	10:18:00	SEM VÍTIMA	FINALIZADA	ESTÂNCIA	AV RECIFE	""	""	NA DESCIDA DO VIADUTO ULICES GUIMARAES. SENTIDO CIDADE	AV RECIFE	""	NA DESCIDA DO VIADUTO ULICES GUIMARAES. SENTIDO CIDADE	ESTÂNCIA		""	COLISÃO	SEM VÍTIMAS	2									0		""	""	""	""	""	""	""	""	""	""	""	""	""
825	2018-01-29T00:00:00	10:19:00	SEM VÍTIMA	FINALIZADA	PRADO	RUA SANTA EDWIRGES	""	RUA PADRE TEOFILO TWORZ	RUA DO AMBULATORIO DO TRIBUNAL DE JUSTIÇA / COM A RUA PADRE TEOFILO	RUA SANTA EDWIRGES	""	RUA DO AMBULATORIO DO TRIBUNAL DE JUSTIÇA / COM A RUA PADRE TEOFILO	PRADO		""	COLISÃO	DOIS AUTOS	2									0		""	""	""	""	""	""	""	""	""	""	""	""	""
826	2018-01-29T00:00:00	12:59:00	SEM VÍTIMA	FINALIZADA	BOA VIAGEM	RUA VISCONDE DE JEQUITINHONHA	""	""	ENFRENTE A LOCALISA	RUA VISCONDE DE JEQUITINHONHA	""	ENFRENTE A LOCALISA	BOA VIAGEM		""	COLISÃO	COLISÃO SEM VÍTIMA	1						1			0		""	""	""	""	""	""	""	""	""	""	""	""	""
827	2018-01-29T00:00:00	11:59:00	SEM VÍTIMA	CANCELADA	SÃO JOSÉ	AV SUL	""	""	PROX A PRAÇA SERGIO LORETO EM FRENTE AO POSTO DE GASOLINA SÃO JOSE	AV SUL	""	PROX A PRAÇA SERGIO LORETO EM FRENTE AO POSTO DE GASOLINA SÃO JOSE	SÃO JOSÉ		""	COLISÃO	COLISÃO SEM VITIMAS	1						1			0		""	""	""	""	""	""	""	""	""	""	""	""	""
828	2018-01-29T00:00:00	12:03:00	SEM VÍTIMA	CANCELADA	MADALENA	RUA BARTOLOMEU DE GUSMAO	""	AV VISCONDE DE ALBUQUERQUE	ESQUINA COM VISCONDE DE ALBUQUERQUE, PROX. COMEDORIA DELICATESSEN DA MADALENA	RUA BARTOLOMEU DE GUSMAO	""	ESQUINA COM VISCONDE DE ALBUQUERQUE, PROX. COMEDORIA DELICATESSEN DA MADALENA	MADALENA		""	COLISÃO	DOIS AUTOS S/V	2									0		""	""	""	""	""	""	""	""	""	""	""	""	""
829	2018-01-29T00:00:00	12:24:00	SEM VÍTIMA	FINALIZADA	MADALENA	RUA PADRE ANCHIETA	""	""	EM BAIXO DO SEMAFORO 193 PROX A PADARIA MASSA NOBRE	RUA PADRE ANCHIETA	""	EM BAIXO DO SEMAFORO 193 PROX A PADARIA MASSA NOBRE	MADALENA		""	COLISÃO	COLISÃO SEM VITIMAS	2									0		""	""	""	""	""	""	""	""	""	""	""	""	""
830	2018-01-29T00:00:00	12:49:00	SEM VÍTIMA	FINALIZADA	ESTÂNCIA	AV JOAO CABRAL DE MELO NETO	2000	""	PROX. DO LABORATORIO DO CERPE, E DA ENTRADA DE SAN MARTIM, SENTIDO JARDIM SAO PAULO	AV JOAO CABRAL DE MELO NETO	2000	PROX. DO LABORATORIO DO CERPE, E DA ENTRADA DE SAN MARTIM, SENTIDO JARDIM SAO PAULO	ESTÂNCIA		""	COLISÃO	AUTO E CAMINHAO	1						1			0		""	""	""	""	""	""	""	""	""	""	""	""	""
831	2018-01-29T00:00:00	13:04:00	SEM VÍTIMA	FINALIZADA	DERBY	AV GOVERNADOR AGAMENON MAGALHAES	""	""	E/F DA URGENCIA PEDIATRICA DA UNIMED S/T BOA VIAGEM	AV GOVERNADOR AGAMENON MAGALHAES	""	E/F DA URGENCIA PEDIATRICA DA UNIMED S/T BOA VIAGEM	DERBY		""	COLISÃO	COLISAO DE CARRETA E AUTO S/V	1						1			0		""	""	""	""	""	""	""	""	""	""	""	""	""
832	2018-01-29T00:00:00	13:25:00	SEM VÍTIMA	FINALIZADA	MADALENA	EST DOS REMEDIOS	2294	""	EM FRENTE A NAGEM	EST DOS REMEDIOS	2294	EM FRENTE A NAGEM	MADALENA		""	COLISÃO	AUTO E ONIBUS 	1					1				0		""	""	""	""	""	""	""	""	""	""	""	""	""
833	2018-01-29T00:00:00	13:26:00	SEM VÍTIMA	FINALIZADA	DERBY	PRC DO DERBY	""	""	EM FRENTE AO MANUMENTO DO QUARTEL DO DERBY EM BAIXO DO SEMAFORO 040	PRC DO DERBY	""	EM FRENTE AO MANUMENTO DO QUARTEL DO DERBY EM BAIXO DO SEMAFORO 040	DERBY		""	COLISÃO	COLISÃO SEM VITIMAS	1							1		0		""	""	""	""	""	""	""	""	""	""	""	""	""
834	2018-01-29T00:00:00	13:29:00	SEM VÍTIMA	FINALIZADA	ILHA DO RETIRO	RUA SPORT CLUBE DO RECIFE	""	""	EM FRENTE A LOJA OFICIAL DO SPORT/ SENTIDO CIDADE	RUA SPORT CLUBE DO RECIFE	""	EM FRENTE A LOJA OFICIAL DO SPORT/ SENTIDO CIDADE	ILHA DO RETIRO		""	COLISÃO	COLISÃO SEM VÍTIMA	2									0		""	""	""	""	""	""	""	""	""	""	""	""	""