_id	DATA	hora	natureza_acidente	situacao	bairro	endereco	numero	detalhe_endereco_acidente	complemento	endereco_cruzamento	numero_cruzamento	referencia_cruzamento	bairro_cruzamento	num_semaforo	sentido_via	tipo	descricao	auto	moto	ciclom	ciclista	pedestre	onibus	caminhao	viatura	outros	vitimas	vitimasfatais	acidente_verificado	tempo_clima	situacao_semaforo	sinalizacao	condicao_via	conservacao_via	ponto_controle	situacao_placa	velocidade_max_via	mao_direcao	divisao_via1	divisao_via2	divisao_via3
899	2018-01-31T00:00:00	11:48:00	SEM VÍTIMA	FINALIZADA	PINA	AV ANTONIO DE GOES	221	""	APOS A SECRETARIA DE ADMINISTRAÇÃO PRIMEIRA A DIREITA	AV ANTONIO DE GOES	221	APOS A SECRETARIA DE ADMINISTRAÇÃO PRIMEIRA A DIREITA	PINA		""	COLISÃO	COLISAO DE DOIS AUTOS S/V	2									0		""	""	""	""	""	""	""	""	""	""	""	""	""
900	2018-01-31T00:00:00	11:53:00	SEM VÍTIMA	CANCELADA	TORRE	AV BEIRA RIO	1313	""	PROX DO CARREFOUR E/F DO MARTELINHO DE OURO	AV BEIRA RIO	1313	PROX DO CARREFOUR E/F DO MARTELINHO DE OURO	TORRE		""	COLISÃO	COLISAO DE DOIS AUTOS S/V	2									0		""	""	""	""	""	""	""	""	""	""	""	""	""
901	2018-01-31T00:00:00	12:37:00	SEM VÍTIMA	FINALIZADA	BOA VISTA	RUA JOSE DE ALENCAR	""	""	EM FRENTE AO HOTEL BOA VISTA	RUA JOSE DE ALENCAR	""	EM FRENTE AO HOTEL BOA VISTA	BOA VISTA		""	COLISÃO	COLISÃO COM VÍTIMA	2									0		""	""	""	""	""	""	""	""	""	""	""	""	""
902	2018-01-31T00:00:00	12:48:00	SEM VÍTIMA	FINALIZADA	AFLITOS	AV DR MALAQUIAS	""	""	NO SEMÁFORO 215	AV DR MALAQUIAS	""	NO SEMÁFORO 215	AFLITOS		""	COLISÃO	COLISÃO SEM VÍTIMA	2									0		""	""	""	""	""	""	""	""	""	""	""	""	""
903	2018-01-31T00:00:00	13:23:00	SEM VÍTIMA	FINALIZADA	AFOGADOS	RUA NICOLAU PEREIRA	85	""	RE/F DA ESCOLA MUNICIPAL EDITH BRAGA	RUA NICOLAU PEREIRA	85	RE/F DA ESCOLA MUNICIPAL EDITH BRAGA	AFOGADOS		""	COLISÃO	COLISAO DE AUTO E CAMINHAO	1						1			0		""	""	""	""	""	""	""	""	""	""	""	""	""
904	2018-01-31T00:00:00	13:44:00	SEM VÍTIMA	FINALIZADA	JARDIM SÃO PAULO	RUA SENADOR ALBERTO PASQUALINI	247	""	E/F DO BAR BEER NOVE	RUA SENADOR ALBERTO PASQUALINI	247	E/F DO BAR BEER NOVE	JARDIM SÃO PAULO		""	COLISÃO	COLISAO DE AUTO E MOTO S/V	1	1								0		""	""	""	""	""	""	""	""	""	""	""	""	""
905	2018-01-31T00:00:00	14:08:00	SEM VÍTIMA	FINALIZADA	ILHA DO RETIRO	RUA JOAO ELISIO RAMOS	140	""	AO LADO DO EDIFICIO RITA DE CASSIA	RUA JOAO ELISIO RAMOS	140	AO LADO DO EDIFICIO RITA DE CASSIA	ILHA DO RETIRO		""	COLISÃO	COLISÃO SEM VÍTIMA	2									0		""	""	""	""	""	""	""	""	""	""	""	""	""
906	2018-01-31T00:00:00	14:23:00	COM VÍTIMA	FINALIZADA	BOA VIAGEM	AV BOA VIAGEM	3722	""	EM FRENTE AO HOTEL PALACI	AV BOA VIAGEM	3722	EM FRENTE AO HOTEL PALACI	BOA VIAGEM		""	COLISÃO	COLISÃO COM VITIMA SOCORRIDO PELO OS BOMBEIROS	2	1								1		""	""	""	""	""	""	""	""	""	""	""	""	""
907	2018-01-31T00:00:00	14:47:00	SEM VÍTIMA	FINALIZADA	AFLITOS	AV SANTOS DUMONT	""	""	EM FRENTE AO EDIFICIO MONT NEGRO	AV SANTOS DUMONT	""	EM FRENTE AO EDIFICIO MONT NEGRO	AFLITOS		""	COLISÃO	COLISÃO SEM VITIMAS VT 11 QTH	2									0		""	""	""	""	""	""	""	""	""	""	""	""	""
908	2018-01-31T00:00:00	16:07:00	COM VÍTIMA	FINALIZADA	TORRE	RUA JOSE BONIFACIO	""	""	EM FRENTE AO CARREFOUR	RUA JOSE BONIFACIO	""	EM FRENTE AO CARREFOUR	TORRE		""	COLISÃO	COLISÃO COM VÍTIMA	1	1								1		""	""	""	""	""	""	""	""	""	""	""	""	""
909	2018-01-31T00:00:00	16:21:00	SEM VÍTIMA	FINALIZADA	SÃO JOSÉ	TRV DO GASPAR	""	RUA IMPERIAL	NO SEMÁFORO 087, COM RUA IMPERIAL	TRV DO GASPAR	""	NO SEMÁFORO 087, COM RUA IMPERIAL	SÃO JOSÉ		""	COLISÃO	COLISÃO SEM VÍTIMA	1						1			0		""	""	""	""	""	""	""	""	""	""	""	""	""
910	2018-01-31T00:00:00	16:26:00	SEM VÍTIMA	CANCELADA	AFOGADOS	RUA DA PAZ	""	""	SENTIDO LARGO DA PAZ EM FRENTE A LOJA ALUMIAÇO	RUA DA PAZ	""	SENTIDO LARGO DA PAZ EM FRENTE A LOJA ALUMIAÇO	AFOGADOS		""	COLISÃO	COLISÃO SEM VITIMAS	2									0		""	""	""	""	""	""	""	""	""	""	""	""	""
911	2018-01-31T00:00:00	17:35:00	SEM VÍTIMA	FINALIZADA	BOA VIAGEM	AV ENGENHEIRO DOMINGOS FERREIRA	""	""	EM FRENTE AO SPETTUS/ PISTA DA ESQUERDA	AV ENGENHEIRO DOMINGOS FERREIRA	""	EM FRENTE AO SPETTUS/ PISTA DA ESQUERDA	BOA VIAGEM		""	COLISÃO	COLISÃO SEM VÍTIMA	1	1								0		""	""	""	""	""	""	""	""	""	""	""	""	""
912	2018-01-31T00:00:00	17:38:00	COM VÍTIMA	FINALIZADA	BOA VISTA	AV CONDE DA BOA VISTA	""	""	EM FRENTE A LOJA TORA	AV CONDE DA BOA VISTA	""	EM FRENTE A LOJA TORA	BOA VISTA		""	COLISÃO	COLISAO COM VITIMA ENTRE AUTO E MOTO	1	1								1		""	""	""	""	""	""	""	""	""	""	""	""	""
913	2018-01-31T00:00:00	17:42:00	COM VÍTIMA	FINALIZADA	SANTO AMARO	AV DR JAYME DA FONTE	""	AV CRUZ CABUGA	COM AV CRUZ CABUGA POR TRAS DA COMPESA	AV DR JAYME DA FONTE	""	COM AV CRUZ CABUGA POR TRAS DA COMPESA	SANTO AMARO		""	ATROPELAMENTO	ATROPELAMENTO DE UM PEDESTRE COM UMA VITIMA	1				1					1		""	""	""	""	""	""	""	""	""	""	""	""	""
914	2018-01-31T00:00:00	18:04:00	SEM VÍTIMA	CANCELADA	AFLITOS	AV CONS ROSA E SILVA	155	""	ENF AO CLUB PORTUGUES E MEC DONLD´S PROX AO ED NOSSA SONHORA DO SALGUEIRO	AV CONS ROSA E SILVA	155	ENF AO CLUB PORTUGUES E MEC DONLD´S PROX AO ED NOSSA SONHORA DO SALGUEIRO	AFLITOS		""	COLISÃO	HB 20 X PRISMA	2									0		""	""	""	""	""	""	""	""	""	""	""	""	""
915	2018-01-31T00:00:00	18:09:00	SEM VÍTIMA	FINALIZADA	MADALENA	RUA REAL DA TORRE	""	""	EMBAIXO DO TUNEL DA ABOLIÇÃO	RUA REAL DA TORRE	""	EMBAIXO DO TUNEL DA ABOLIÇÃO	MADALENA		""	ENGAVETAMENTO	CINCO AUTOS	5									0		""	""	""	""	""	""	""	""	""	""	""	""	""
916	2018-01-31T00:00:00	18:21:00	COM VÍTIMA	FINALIZADA	TAMARINEIRA	EST DO ARRAIAL	3364	""	ENF A FARMACIA PAGUE MENOS E PROX A RUA BENTO LOYOLA	EST DO ARRAIAL	3364	ENF A FARMACIA PAGUE MENOS E PROX A RUA BENTO LOYOLA	TAMARINEIRA		""	COLISÃO	FOX X MOTO	1	1								1		""	""	""	""	""	""	""	""	""	""	""	""	""
917	2018-01-31T00:00:00	18:25:00	SEM VÍTIMA	FINALIZADA	IMBIRIBEIRA	AV PRESIDENTE DUTRA	""	""	EM FRENTE DO RESTAURANTE SAL E BRASA	AV PRESIDENTE DUTRA	""	EM FRENTE DO RESTAURANTE SAL E BRASA	IMBIRIBEIRA		""	COLISÃO	CAMINHÃO E AUTO	1						1			0		""	""	""	""	""	""	""	""	""	""	""	""	""
918	2018-01-31T00:00:00	18:58:00	SEM VÍTIMA	CANCELADA	BOA VIAGEM	RUA DOS NAVEGANTES	2151	""	ED AZUL MAR E PROX A RUA TEN. JOAO CICERO	RUA DOS NAVEGANTES	2151	ED AZUL MAR E PROX A RUA TEN. JOAO CICERO	BOA VIAGEM		""	COLISÃO	ONIX X AUTO	2									0		""	""	""	""	""	""	""	""	""	""	""	""	""
919	2018-01-31T00:00:00	19:12:00	SEM VÍTIMA	FINALIZADA	BOA VIAGEM	AV MARECHAL JUAREZ TAVORA	313	""	PROX. DO CANAL	AV MARECHAL JUAREZ TAVORA	313	PROX. DO CANAL	BOA VIAGEM		""	COLISÃO	DOIS AUTOS	2									0		""	""	""	""	""	""	""	""	""	""	""	""	""
920	2018-01-31T00:00:00	19:44:00	COM VÍTIMA	FINALIZADA	SANTO AMARO	AV GOVERNADOR AGAMENON MAGALHAES	""	""	ANTES DO VIADULTO PROX. AO CIRCULO MILITAR, SENT. OLINDA	AV GOVERNADOR AGAMENON MAGALHAES	""	ANTES DO VIADULTO PROX. AO CIRCULO MILITAR, SENT. OLINDA	SANTO AMARO		""	COLISÃO	AUTO E MOTO	1	1								1		""	""	""	""	""	""	""	""	""	""	""	""	""
921	2018-01-31T00:00:00	20:09:00	SEM VÍTIMA	FINALIZADA	MADALENA	EST DOS REMEDIOS	2113	""	EM FRENTE Á FARMACIA DROGASIL E BIG BEN	EST DOS REMEDIOS	2113	EM FRENTE Á FARMACIA DROGASIL E BIG BEN	MADALENA		""	COLISÃO	ONIBUS E AUTO	1					1				0		""	""	""	""	""	""	""	""	""	""	""	""	""
922	2018-01-31T00:00:00	20:18:00	COM VÍTIMA	CANCELADA	BOA VIAGEM	AV CONSELHEIRO AGUIAR	592	RUA PEREIRA DA COSTA	CRUZAMENTO COM A RUA PEREIRA COSTA	AV CONSELHEIRO AGUIAR	592	CRUZAMENTO COM A RUA PEREIRA COSTA	BOA VIAGEM		""	COLISÃO	SANDERO X MOTO	1	1								1		""	""	""	""	""	""	""	""	""	""	""	""	""
923	2018-01-31T00:00:00	20:21:00	SEM VÍTIMA	CANCELADA	IBURA	AV DOIS RIOS	72	""	AO LADO POSTO DE GASOLINA BR	AV DOIS RIOS	72	AO LADO POSTO DE GASOLINA BR	IBURA		""	COLISÃO	DOIS AUTOS	2									0		""	""	""	""	""	""	""	""	""	""	""	""	""
924	2018-01-31T00:00:00	20:25:00	COM VÍTIMA	FINALIZADA	APIPUCOS	RUA DOIS IRMAOS	1060	""	ENF AO LAFEPE	RUA DOIS IRMAOS	1060	ENF AO LAFEPE	APIPUCOS		""	COLISÃO	AUTO X MOTO	1	1								1		""	""	""	""	""	""	""	""	""	""	""	""	""
925	2018-01-31T00:00:00	21:54:00	SEM VÍTIMA	FINALIZADA	AFOGADOS	RUA NICOLAU PEREIRA	179	""	PROX. Á ASA	RUA NICOLAU PEREIRA	179	PROX. Á ASA	AFOGADOS		""	COLISÃO	DOIS AUTOS	2									0		""	""	""	""	""	""	""	""	""	""	""	""	""
926	2018-01-31T00:00:00	22:11:00	SEM VÍTIMA	FINALIZADA	AFLITOS	AV CONS ROSA E SILVA	720	""	EM FRENTE Á AUTO ESCOLA PILOTO	AV CONS ROSA E SILVA	720	EM FRENTE Á AUTO ESCOLA PILOTO	AFLITOS		""	COLISÃO	ONIBUS E AUTO, VT-15 NO LOCAL	1					1				0		""	""	""	""	""	""	""	""	""	""	""	""	""
927	2018-02-01T00:00:00	03:07:00	SEM VÍTIMA	CANCELADA	IPUTINGA	RUA JOSE TRIGUEIRO	""	""	PROX DA ESCOLA SÃO DOMINGOS, PROX DO TERRAÇO DAS MARIAS, PROX DA CAPELA SÃO SEBASTIÃO	RUA JOSE TRIGUEIRO	""	PROX DA ESCOLA SÃO DOMINGOS, PROX DO TERRAÇO DAS MARIAS, PROX DA CAPELA SÃO SEBASTIÃO	IPUTINGA		""	CHOQUE	CAMINHÃO CHOCOU-SE EM ALGUNS VEÍCULOS QUE ESTAVAM ESTACIONADOS NA RUA, CHOCOU-SE E EM UM POSTE, EM UM MURO E ENCONTRA-SE ATRAVESSADO NA RUA							1			0		""	""	""	""	""	""	""	""	""	""	""	""	""
928	2018-02-01T00:00:00	07:20:00	COM VÍTIMA	FINALIZADA	ROSARINHO	RUA GENERAL ABREU E LIMA	239	""	EDF. DORNELAS	RUA GENERAL ABREU E LIMA	239	EDF. DORNELAS	ROSARINHO		""	COLISÃO	COLISÃO COM VITIMA	1	1								1		""	""	""	""	""	""	""	""	""	""	""	""	""
929	2018-02-01T00:00:00	07:54:00	COM VÍTIMA	CANCELADA	CAXANGÁ	AV INACIO MONTEIRO	""	""	APOS APOS O MERCADINHO TUDO DE BOM , JUNTO A ACADEMIA JANCIPE	AV INACIO MONTEIRO	""	APOS APOS O MERCADINHO TUDO DE BOM , JUNTO A ACADEMIA JANCIPE	CAXANGÁ		""	COLISÃO	COLISÃO COM VITIMA.. AUTO SE EVADIU DO LOCAL	1	1								1		""	""	""	""	""	""	""	""	""	""	""	""	""
930	2018-02-01T00:00:00	08:01:00	SEM VÍTIMA	FINALIZADA	MADALENA	RUA BENFICA	1103	""	E/F A GALERIA CAMPOLINA CENTER	RUA BENFICA	1103	E/F A GALERIA CAMPOLINA CENTER	MADALENA		""	COLISÃO	SEM VÍTIMAS	1					1				0		""	""	""	""	""	""	""	""	""	""	""	""	""
931	2018-02-01T00:00:00	08:15:00	SEM VÍTIMA	FINALIZADA	MADALENA	RUA REAL DA TORRE	762	""	PROX. AO CERPE	RUA REAL DA TORRE	762	PROX. AO CERPE	MADALENA		""	COLISÃO	DOIS AUTOS S/V	2									0		""	""	""	""	""	""	""	""	""	""	""	""	""
932	2018-02-01T00:00:00	08:37:00	SEM VÍTIMA	FINALIZADA	CAMPO GRANDE	RUA PROFESSOR ANDRADE BEZERRA	1838	""	EM FRENTE A PRIMEIRA IGREJA BATISTA	RUA PROFESSOR ANDRADE BEZERRA	1838	EM FRENTE A PRIMEIRA IGREJA BATISTA	CAMPO GRANDE		""	COLISÃO	AUTO E ONIBUS 	1					1				0		""	""	""	""	""	""	""	""	""	""	""	""	""
933	2018-02-01T00:00:00	09:22:00	SEM VÍTIMA	FINALIZADA	BOA VISTA	AV MONTEVIDEU	67	""	AO CLINICA DE FRATURAS	AV MONTEVIDEU	67	AO CLINICA DE FRATURAS	BOA VISTA		""	COLISÃO	DOIS AUTOS S/V	2									0		""	""	""	""	""	""	""	""	""	""	""	""	""
934	2018-02-01T00:00:00	09:37:00	SEM VÍTIMA	FINALIZADA	IBURA	AV DOM HELDER CAMARA	""	""	C/ AVENIDA RECIFE	AV DOM HELDER CAMARA	""	C/ AVENIDA RECIFE	IBURA		""	COLISÃO	AUTO E MOTOCICLETA	1	1								0		""	""	""	""	""	""	""	""	""	""	""	""	""
935	2018-02-01T00:00:00	09:38:00	SEM VÍTIMA	FINALIZADA	DERBY	RUA DA BAIXA VERDE	""	""	AO LADO DO CAMPKO DO QUARTEL DO DERBY	RUA DA BAIXA VERDE	""	AO LADO DO CAMPKO DO QUARTEL DO DERBY	DERBY		""	COLISÃO	SEM VITIMAS,CTTU NO LOCAL	2									0		""	""	""	""	""	""	""	""	""	""	""	""	""
936	2018-02-01T00:00:00	09:55:00	COM VÍTIMA	FINALIZADA	JARDIM SÃO PAULO	AV SAO PAULO	""	""	SOB O VIADULTO DE WERNECK	AV SAO PAULO	""	SOB O VIADULTO DE WERNECK	JARDIM SÃO PAULO		""	COLISÃO	COLISÃO COM VITIMA	1	1								1		""	""	""	""	""	""	""	""	""	""	""	""	""
937	2018-02-01T00:00:00	10:24:00	SEM VÍTIMA	FINALIZADA	IMBIRIBEIRA	AV VINTE DE JANEIRO	143	RUA DEZ DE JULHO	SEMAFORO 572/CRUZAMENTO COM A RUA 10 DE JULHO	AV VINTE DE JANEIRO	143	SEMAFORO 572/CRUZAMENTO COM A RUA 10 DE JULHO	IMBIRIBEIRA		""	COLISÃO	SEM VITIMAS.	1						1			0		""	""	""	""	""	""	""	""	""	""	""	""	""
938	2018-02-01T00:00:00	10:59:00	SEM VÍTIMA	FINALIZADA	BOA VIAGEM	RUA ANA CAMELO DA SILVA	23	RUA JOSE MARIA DE MIRANDA	CRUZAMENTO COM A RUA JOSE MARIA DE MIRANDA,EM FRENTE A LOJA DE PRODUTOS HOSPITALARES PIO KAREN	RUA ANA CAMELO DA SILVA	23	CRUZAMENTO COM A RUA JOSE MARIA DE MIRANDA,EM FRENTE A LOJA DE PRODUTOS HOSPITALARES PIO KAREN	BOA VIAGEM		""	COLISÃO	SEM VITIMAS		1					1			0		""	""	""	""	""	""	""	""	""	""	""	""	""
939	2018-02-01T00:00:00	11:21:00	SEM VÍTIMA	FINALIZADA	ILHA DO RETIRO	RUA SPORT CLUBE DO RECIFE	""	""	E/F AO CLUBE DO RECIFE, SEMÁFORO 355. SENTIDO SUBÚRBIO	RUA SPORT CLUBE DO RECIFE	""	E/F AO CLUBE DO RECIFE, SEMÁFORO 355. SENTIDO SUBÚRBIO	ILHA DO RETIRO		""	COLISÃO	SEM VÍTIMAS	2									0		""	""	""	""	""	""	""	""	""	""	""	""	""
940	2018-02-01T00:00:00	12:00:00	COM VÍTIMA	CANCELADA	LINHA DO TIRO	RUA ELADIO CAMBOIM	86	""	EM FRENTE AO MERCADINHO PÃO DE OURO	RUA ELADIO CAMBOIM	86	EM FRENTE AO MERCADINHO PÃO DE OURO	LINHA DO TIRO		""	COLISÃO	COLISÃO COM VÍTIMA	1	1								1		""	""	""	""	""	""	""	""	""	""	""	""	""
941	2018-02-01T00:00:00	12:49:00	COM VÍTIMA	FINALIZADA	BOA VIAGEM	AV BOA VIAGEM	2846	""	EM FRENTE A PADARIA BOA VIAGEM	AV BOA VIAGEM	2846	EM FRENTE A PADARIA BOA VIAGEM	BOA VIAGEM		""	ATROPELAMENTO	COM VÍTIMA	1				1					1		""	""	""	""	""	""	""	""	""	""	""	""	""
942	2018-02-01T00:00:00	13:04:00	SEM VÍTIMA	PENDENTE	BAIRRO DO RECIFE	RUA MADRE DE DEUS	300	RUA MARQUES DE OLINDA	COM A RUA MARQUES DE OLINDA E/F AOS CORREIOS	RUA BREJO DA MADRE DE DEUS	300	COM A RUA MARQUES DE OLINDA E/F AOS CORREIOS	BAIRRO DO RECIFE		""	COLISÃO	COLISAO DE DOIS AUTOS S/V	2									0		""	""	""	""	""	""	""	""	""	""	""	""	""
943	2018-02-01T00:00:00	13:07:00	SEM VÍTIMA	FINALIZADA	PRADO	RUA PADRE TEOFILO TWORZ	131	""	EM FRENTE A IGREJA PRESBITERIANA DO PRADO	RUA PADRE TEOFILO TWORZ	131	EM FRENTE A IGREJA PRESBITERIANA DO PRADO	PRADO		""	COLISÃO	COLISÃO SEM VÍTIMA	1					1				0		""	""	""	""	""	""	""	""	""	""	""	""	""
944	2018-02-01T00:00:00	13:50:00	SEM VÍTIMA	FINALIZADA	BOA VIAGEM	RUA RIO AZUL	53	""	POR TRÁS DO COLEGIO AMERICANO/ SENTIDO PIEDADE	RUA RIO AZUL	53	POR TRÁS DO COLEGIO AMERICANO/ SENTIDO PIEDADE	BOA VIAGEM		""	COLISÃO	COLISÃO SEM VÍTIMA	2						1			0		""	""	""	""	""	""	""	""	""	""	""	""	""
945	2018-02-01T00:00:00	14:09:00	SEM VÍTIMA	FINALIZADA	CAXANGÁ	AV CAXANGA	""	""	DEFRENTE UPA, SENTIDO CAMARAGIBE	AV CAXANGA	""	DEFRENTE UPA, SENTIDO CAMARAGIBE	CAXANGÁ		""	COLISÃO	COLISÃO SEM VÍTIMA	1						1			0		""	""	""	""	""	""	""	""	""	""	""	""	""
946	2018-02-01T00:00:00	14:13:00	SEM VÍTIMA	FINALIZADA	TAMARINEIRA	RUA CONEGO BARATA	275	""	EM FRENTE A FERREIRA COSTA	RUA CONEGO BARATA	275	EM FRENTE A FERREIRA COSTA	TAMARINEIRA		""	COLISÃO	COLISÃO SEM VÍTIMA	2									0		""	""	""	""	""	""	""	""	""	""	""	""	""
947	2018-02-01T00:00:00	14:14:00	SEM VÍTIMA	FINALIZADA	SÃO JOSÉ	C SANTA RITA	591	""	E/F DO PIER DUARTE COELHO E DA TORRES GEMEAS	C SANTA RITA	591	E/F DO PIER DUARTE COELHO E DA TORRES GEMEAS	SÃO JOSÉ		""	COLISÃO	COLISAO DE AUTO E ONIBUS S/V	1					1				0		""	""	""	""	""	""	""	""	""	""	""	""	""
948	2018-02-01T00:00:00	14:20:00	SEM VÍTIMA	FINALIZADA	VÁRZEA	AV AFONSO OLINDENSE	1390	""	AO LADO DA SECRETARIA D EDUCAÇÃO	AV AFONSO OLINDENSE	1390	AO LADO DA SECRETARIA D EDUCAÇÃO	VÁRZEA		""	COLISÃO	COLISÃO SEM VÍTIMA	2									0		""	""	""	""	""	""	""	""	""	""	""	""	""
949	2018-02-01T00:00:00	14:32:00	SEM VÍTIMA	FINALIZADA	AFOGADOS	EST DOS REMEDIOS	1197	""	CLEYTON AUTO PEÇAS, SENTIDO CARREFOR	EST DOS REMEDIOS	1197	CLEYTON AUTO PEÇAS, SENTIDO CARREFOR	AFOGADOS		""	COLISÃO	COLISÃO SEM VÍTIMA	2									0		""	""	""	""	""	""	""	""	""	""	""	""	""
950	2018-02-01T00:00:00	14:54:00	COM VÍTIMA	FINALIZADA	SÃO JOSÉ	RUA IMPERIAL	1600	""	NA ESQUINA DA JUSCEPE	RUA IMPERIAL	1600	NA ESQUINA DA JUSCEPE	SÃO JOSÉ		""	COLISÃO	COLISÃO COM VITIMA	1	1								1		""	""	""	""	""	""	""	""	""	""	""	""	""
951	2018-02-01T00:00:00	15:46:00	SEM VÍTIMA	FINALIZADA	BOA VIAGEM	RUA TENENTE JOAO CICERO	""	""	PERTO DO COLEGIO SANTA MARIA	RUA TENENTE JOAO CICERO	""	PERTO DO COLEGIO SANTA MARIA	BOA VIAGEM		""	COLISÃO	COLISÃO SEM VÍTIMA	2									0		""	""	""	""	""	""	""	""	""	""	""	""	""
952	2018-02-01T00:00:00	15:55:00	SEM VÍTIMA	FINALIZADA	SÃO JOSÉ	AV SUL	""	""	E/F AO POSTO BR DA AV SUL	AV SUL	""	E/F AO POSTO BR DA AV SUL	SÃO JOSÉ		""	COLISÃO	COLISAO DE ONIBUS E AUTO S/V	1					1				0		""	""	""	""	""	""	""	""	""	""	""	""	""
953	2018-02-01T00:00:00	16:17:00	SEM VÍTIMA	FINALIZADA	CAXANGÁ	RUA ESTER FOIGEL	72	""	PROX. AO EXTRA, SENTIDO CIDADE	RUA ESTER FOIGEL	72	PROX. AO EXTRA, SENTIDO CIDADE	CAXANGÁ		""	COLISÃO	COLISÃO SEM VÍTIMA	2									0		""	""	""	""	""	""	""	""	""	""	""	""	""
954	2018-02-01T00:00:00	16:30:00	SEM VÍTIMA	FINALIZADA	AFOGADOS	RUA IMPERIAL	1400	""	E/F DO POSTO DE GASOLINA DESATIVADO E O DEPOSITO DA RECEITA FEDERAL	RUA IMPERIAL	1400	E/F DO POSTO DE GASOLINA DESATIVADO E O DEPOSITO DA RECEITA FEDERAL	AFOGADOS		""	COLISÃO	""	3									0		""	""	""	""	""	""	""	""	""	""	""	""	""
955	2018-02-01T00:00:00	16:36:00	SEM VÍTIMA	FINALIZADA	ARRUDA	RUA DO MACHADO	123	""	MERCADINHO DO ARRUDA	RUA DO MACHADO	123	MERCADINHO DO ARRUDA	ARRUDA		""	COLISÃO	COLISÃO SEM VITIMA	2									0		""	""	""	""	""	""	""	""	""	""	""	""	""
956	2018-02-01T00:00:00	16:48:00	SEM VÍTIMA	FINALIZADA	IPSEP	RUA ABDIAS CABRAL DE MOURA	""	RUA PINTOR ANTONIO DE ALBUQUERQUE	COM A RUA OINTOR ANTONIO DE ALBUQUERQUE	RUA ABDIAS CABRAL DE MOURA	""	COM A RUA OINTOR ANTONIO DE ALBUQUERQUE	IPSEP		""	COLISÃO	COLISÃO SEM VITIMA	2									0		""	""	""	""	""	""	""	""	""	""	""	""	""
957	2018-02-01T00:00:00	17:01:00	SEM VÍTIMA	CANCELADA	TAMARINEIRA	RUA CONEGO BARATA	""	""	E/F DO HOSPITAL PEDIATRICO HELENA MOURA	RUA CONEGO BARATA	""	E/F DO HOSPITAL PEDIATRICO HELENA MOURA	TAMARINEIRA		""	COLISÃO	COLISAO DE ONIBUS E AUTO S/V	1					1				0		""	""	""	""	""	""	""	""	""	""	""	""	""
958	2018-02-01T00:00:00	17:30:00	SEM VÍTIMA	FINALIZADA	GRAÇAS	AV RUI BARBOSA	""	""	NA PRAÇA DOS QUATRO CANTOS, LATERAL DA DR BANDEIRA FILHO	AV RUI BARBOSA	""	NA PRAÇA DOS QUATRO CANTOS, LATERAL DA DR BANDEIRA FILHO	GRAÇAS		""	COLISÃO	COLISÃO SEM VITIMA	3									0		""	""	""	""	""	""	""	""	""	""	""	""	""
959	2018-02-01T00:00:00	17:42:00	SEM VÍTIMA	FINALIZADA	IMBIRIBEIRA	RUA JAMAICA	""	""	FACULDADE BOA VIAGEM, SENTIDO LAGOA DO ARAÇA	RUA JAMAICA	""	FACULDADE BOA VIAGEM, SENTIDO LAGOA DO ARAÇA	IMBIRIBEIRA		""	COLISÃO	COLISÃO SEM VITIMA	1					1				0		""	""	""	""	""	""	""	""	""	""	""	""	""
960	2018-02-01T00:00:00	18:02:00	COM VÍTIMA	EQUIPE EM DESLOCAMENTO	TORRE	RUA SOUZA BANDEIRA	415	""	AO LADO DA IGREJA ASSEMBLEIA DE DEUS E COLEGIO LUBIENSKA	RUA SOUZA BANDEIRA	415	AO LADO DA IGREJA ASSEMBLEIA DE DEUS E COLEGIO LUBIENSKA	TORRE		""	COLISÃO	AUTO E MOTO	1	1								1		""	""	""	""	""	""	""	""	""	""	""	""	""
961	2018-02-01T00:00:00	18:46:00	COM VÍTIMA	CANCELADA	PINA	AV ENGENHEIRO DOMINGOS FERREIRA	143	""	PROX AO JCPM SENTIDO BOAVIAGEM	AV ENGENHEIRO DOMINGOS FERREIRA	143	PROX AO JCPM SENTIDO BOAVIAGEM	PINA		""	ATROPELAMENTO	TAXI X PEDESTRE	1				1					1		""	""	""	""	""	""	""	""	""	""	""	""	""
962	2018-02-01T00:00:00	19:05:00	SEM VÍTIMA	CANCELADA	JOANA BEZERRA	AV CENTRAL	""	""	RUA AO LADO DO TERMINAL DE JOANA BEZERRA	AV CENTRAL	""	RUA AO LADO DO TERMINAL DE JOANA BEZERRA	JOANA BEZERRA		""	CHOQUE	VEICULO CHOCOU-SE COM POSTE	1									0		""	""	""	""	""	""	""	""	""	""	""	""	""
963	2018-02-01T00:00:00	19:09:00	SEM VÍTIMA	FINALIZADA	TORRE	AV PROFESSOR ESTEVAO FRANCISCO DA COSTA	120	AV CAXANGA	CRUZAMENTO COM A AV CAXANGA	AV PROFESSOR ESTEVAO FRANCISCO DA COSTA	120	CRUZAMENTO COM A AV CAXANGA	TORRE		""	COLISÃO	ONIBUS X AUTO	1					1				0		""	""	""	""	""	""	""	""	""	""	""	""	""
964	2018-02-01T00:00:00	19:25:00	SEM VÍTIMA	EQUIPE NO LOCAL	BOA VISTA	RUA VELHA	""	""	EM CIMA DA PONTE VELHA	RUA VELHA	""	EM CIMA DA PONTE VELHA	BOA VISTA		""	COLISÃO	VT DA PM E MOTO DA CIVIL		1						1		0		""	""	""	""	""	""	""	""	""	""	""	""	""
965	2018-02-01T00:00:00	19:35:00	SEM VÍTIMA	FINALIZADA	CASA AMARELA	EST DAS UBAIAS,	105	""	ENF AO SUPERMERCADO BOM DE MAIS	EST DAS UBAIAS,	105	ENF AO SUPERMERCADO BOM DE MAIS	CASA AMARELA		""	COLISÃO	ONIBUS X AUTO	1					1				0		""	""	""	""	""	""	""	""	""	""	""	""	""