_id	DATA	hora	natureza_acidente	situacao	bairro	endereco	numero	detalhe_endereco_acidente	complemento	endereco_cruzamento	numero_cruzamento	referencia_cruzamento	bairro_cruzamento	num_semaforo	sentido_via	tipo	descricao	auto	moto	ciclom	ciclista	pedestre	onibus	caminhao	viatura	outros	vitimas	vitimasfatais	acidente_verificado	tempo_clima	situacao_semaforo	sinalizacao	condicao_via	conservacao_via	ponto_controle	situacao_placa	velocidade_max_via	mao_direcao	divisao_via1	divisao_via2	divisao_via3
966	2018-02-01T00:00:00	20:14:00	SEM VÍTIMA	CANCELADA	CAXANGÁ	AV CAXANGA	431	""	EM FRENTE Á CAXANGA VEICULOS E CHURRASCARIA BRAZZETTUS	AV CAXANGA	431	EM FRENTE Á CAXANGA VEICULOS E CHURRASCARIA BRAZZETTUS	CAXANGÁ		""	COLISÃO	AUTO E MOTO	1	1								0		""	""	""	""	""	""	""	""	""	""	""	""	""
967	2018-02-01T00:00:00	20:27:00	SEM VÍTIMA	FINALIZADA	DERBY	AV GOVERNADOR AGAMENON MAGALHAES	""	""	SENTIDO BOA VIAGEM ENF. A PRC DO DERBY VIA PRINCIPAL	AV GOVERNADOR AGAMENON MAGALHAES	""	SENTIDO BOA VIAGEM ENF. A PRC DO DERBY VIA PRINCIPAL	DERBY		""	COLISÃO	CAMINHAO E AUTO	1						1			0		""	""	""	""	""	""	""	""	""	""	""	""	""
968	2018-02-01T00:00:00	22:39:00	SEM VÍTIMA	FINALIZADA	DOIS IRMÃOS	RUA DOIS IRMAOS	""	""	EMBAIXO DO VIADULTO DOIS IRMAO	RUA DOIS IRMAOS	""	EMBAIXO DO VIADULTO DOIS IRMAO	DOIS IRMÃOS		""	COLISÃO	PAILO X AUTO	2									0		""	""	""	""	""	""	""	""	""	""	""	""	""
969	2018-02-01T00:00:00	23:50:00	COM VÍTIMA	FINALIZADA	MACAXEIRA	AV NORTE	7811	""	EM FRENTE DA ACADEMIA DA CIDADE	AV NORTE	7811	EM FRENTE DA ACADEMIA DA CIDADE	MACAXEIRA		""	COLISÃO	AUTO E MOTO	1	1								1		""	""	""	""	""	""	""	""	""	""	""	""	""
970	2018-02-02T00:00:00	01:31:00	""	CANCELADA	AFOGADOS	RUA SAO MIGUEL	""	""	EM FRENTE A MATERNIDADE BANDEIRA FILHO	RUA SAO MIGUEL	""	EM FRENTE A MATERNIDADE BANDEIRA FILHO	AFOGADOS		""	COLISÃO	COLISÃO ENTRE AUTO E CAMINHÃO SEM VÍTIMAS	1						1			0		""	""	""	""	""	""	""	""	""	""	""	""	""
971	2018-02-02T00:00:00	02:34:00	COM VÍTIMA	FINALIZADA	AFOGADOS	RUA SAO MIGUEL	431	""	APOS O DEPATRI, EM FRENTE A ESCOLA NOSSA SENHORA DE FATIMA	RUA SAO MIGUEL	431	APOS O DEPATRI, EM FRENTE A ESCOLA NOSSA SENHORA DE FATIMA	AFOGADOS		""	COLISÃO	AUTO E CAMINHÃO	1						1			1		""	""	""	""	""	""	""	""	""	""	""	""	""
972	2018-02-02T00:00:00	07:30:00	SEM VÍTIMA	FINALIZADA	MADALENA	RUA PROFESSOR BENEDITO MONTEIRO	""	""	EM FRENTE A ESCOLA POLITECNICA	RUA PROFESSOR BENEDITO MONTEIRO	""	EM FRENTE A ESCOLA POLITECNICA	MADALENA		""	COLISÃO	TRES AUTOS	3									0		""	""	""	""	""	""	""	""	""	""	""	""	""
973	2018-02-02T00:00:00	07:39:00	SEM VÍTIMA	FINALIZADA	IMBIRIBEIRA	AV MARECHAL MASCARENHAS DE MORAES	7935	""	EM AO MURO DO AEROPORTO ,SENT/PRAZERES	AV MARECHAL MASCARENHAS DE MORAES	7935	EM AO MURO DO AEROPORTO ,SENT/PRAZERES	IMBIRIBEIRA		""	COLISÃO	SEM VITIMAS	1						1			0		""	""	""	""	""	""	""	""	""	""	""	""	""
974	2018-02-02T00:00:00	07:44:00	SEM VÍTIMA	FINALIZADA	GRAÇAS	AV RUI BARBOSA	""	""	DEFRENTE COM A PRAÇA, NA ESQUINA DO ITAU	AV RUI BARBOSA	""	DEFRENTE COM A PRAÇA, NA ESQUINA DO ITAU	GRAÇAS		""	COLISÃO	COLISÃO SEM VITIMAS	2									0		""	""	""	""	""	""	""	""	""	""	""	""	""
975	2018-02-02T00:00:00	08:03:00	SEM VÍTIMA	CANCELADA	APIPUCOS	RUA DOIS IRMAOS	""	""	LATERAL DO VIADUTO DE DOIS IRMÃO, APOS O TERMINAL DA MACAXEIRA, HA CINQUENTA METROS DO SEMAFORO 416	RUA DOIS IRMAOS	""	LATERAL DO VIADUTO DE DOIS IRMÃO, APOS O TERMINAL DA MACAXEIRA, HA CINQUENTA METROS DO SEMAFORO 416	APIPUCOS		""	COLISÃO	COLISÃO SEM VITIMAS	1						1			0		""	""	""	""	""	""	""	""	""	""	""	""	""
976	2018-02-02T00:00:00	08:39:00	SEM VÍTIMA	FINALIZADA	BONGI	AV GENERAL SAN MARTIN	2163	""	E/F A FARMACIA FARMA CENTER, SENTIDO TERMINAL DE SAN MARTIN	AV GENERAL SAN MARTIN	2163	E/F A FARMACIA FARMA CENTER, SENTIDO TERMINAL DE SAN MARTIN	BONGI		""	COLISÃO	SEM VÍTIMAS	1						1			0		""	""	""	""	""	""	""	""	""	""	""	""	""
977	2018-02-02T00:00:00	09:08:00	SEM VÍTIMA	FINALIZADA	BEBERIBE	AV BEBERIBE	4552	""	E/F A 1º IGREJ A BATISTA, SEMÁFORO 398. SENTIDO CIDADE	AV BEBERIBE	4552	E/F A 1º IGREJ A BATISTA, SEMÁFORO 398. SENTIDO CIDADE	BEBERIBE		""	COLISÃO	SEM VÍTIMAS	2									0		""	""	""	""	""	""	""	""	""	""	""	""	""
978	2018-02-02T00:00:00	09:21:00	SEM VÍTIMA	FINALIZADA	ILHA DO LEITE	AV GOVERNADOR AGAMENON MAGALHAES	4779	""	SENTIDO OLINDA,EM FRENTE AO EMPRESARIAL ISACC NEWTON	AV GOVERNADOR AGAMENON MAGALHAES	4779	SENTIDO OLINDA,EM FRENTE AO EMPRESARIAL ISACC NEWTON	ILHA DO LEITE		""	COLISÃO	SEM VITIMAS	1	2								0		""	""	""	""	""	""	""	""	""	""	""	""	""
979	2018-02-02T00:00:00	09:43:00	SEM VÍTIMA	FINALIZADA	TORRE	RUA CONDE DE IRAJA	128	""	NA DESCIDA DA PONTE DA TORRE SENT/CAXANGA	RUA CONDE DE IRAJA	128	NA DESCIDA DA PONTE DA TORRE SENT/CAXANGA	TORRE		""	COLISÃO	SEM VITIMAS	1						1			0		""	""	""	""	""	""	""	""	""	""	""	""	""
980	2018-02-02T00:00:00	10:06:00	SEM VÍTIMA	FINALIZADA	ILHA DO LEITE	RUA FRANCISCO ALVES	""	""	EM FRENTE AO SEOPE	RUA FRANCISCO ALVES	""	EM FRENTE AO SEOPE	ILHA DO LEITE		""	COLISÃO	SEM VITIMAS	2									0		""	""	""	""	""	""	""	""	""	""	""	""	""
981	2018-02-02T00:00:00	10:08:00	SEM VÍTIMA	FINALIZADA	SANTO AMARO	AV CRUZ CABUGA	""	""	AO LADO DA CAIXA D´AGUA DO TACARUNA	AV CRUZ CABUGA	""	AO LADO DA CAIXA D´AGUA DO TACARUNA	SANTO AMARO		""	COLISÃO	COLISÃO SEM VITIMAS	1					1				0		""	""	""	""	""	""	""	""	""	""	""	""	""
982	2018-02-02T00:00:00	10:49:00	SEM VÍTIMA	FINALIZADA	ROSARINHO	RUA DR JOSE MARIA	866	""	E/F AO EDF. HENRIQUE V	RUA DR JOSE MARIA	866	E/F AO EDF. HENRIQUE V	ROSARINHO		""	COLISÃO	SEM VÍTIMAS	1	1								0		""	""	""	""	""	""	""	""	""	""	""	""	""
983	2018-02-02T00:00:00	10:59:00	SEM VÍTIMA	FINALIZADA	PRADO	RUA JOAO IVO DA SILVA	""	AV ENG ABDIAS DE CARVALHO	CRUZAMENTO COM A AV ABDIAS DE CARVALHO - JUNTO AO SEMAFORO 132	RUA JOAO IVO DA SILVA	""	CRUZAMENTO COM A AV ABDIAS DE CARVALHO - JUNTO AO SEMAFORO 132	PRADO		""	COLISÃO	COLISÃO SEM VITIMAS	1								1	0		""	""	""	""	""	""	""	""	""	""	""	""	""
984	2018-02-02T00:00:00	11:04:00	COM VÍTIMA	FINALIZADA	IBURA	RUA RIO XINGU	193	RUA SANTA LEOPOLDINA	CRUZ/COM A RUA SANTA LEOPOLDINA,RUA DO COLEGIO RITA DE CASSIA	RUA RIO XINGU	193	CRUZ/COM A RUA SANTA LEOPOLDINA,RUA DO COLEGIO RITA DE CASSIA	IBURA		""	COLISÃO COM CICLISTA	COM UMA VITIMA CTTU NO LOCAL		1		1						1		""	""	""	""	""	""	""	""	""	""	""	""	""
985	2018-02-02T00:00:00	11:36:00	SEM VÍTIMA	FINALIZADA	SANTO AMARO	AV CRUZ CABUGA	1806	""	EM FRENTE AO TACARUNA /SENT/OLINDA	AV CRUZ CABUGA	1806	EM FRENTE AO TACARUNA /SENT/OLINDA	SANTO AMARO		""	COLISÃO	SEM VITIMAS	1						1			0		""	""	""	""	""	""	""	""	""	""	""	""	""
986	2018-02-02T00:00:00	11:42:00	SEM VÍTIMA	CANCELADA	IPSEP	AV RECIFE	1540	""	AO LADO DA SÃO PAULO VEICULOS, SENTIDO BOA VIAGEM	AV RECIFE	1540	AO LADO DA SÃO PAULO VEICULOS, SENTIDO BOA VIAGEM	IPSEP		""	COLISÃO	COLISÃO SEM VITIMAS	1						1			0		""	""	""	""	""	""	""	""	""	""	""	""	""
987	2018-02-02T00:00:00	11:54:00	SEM VÍTIMA	FINALIZADA	IPSEP	AV RECIFE	""	""	EM FRENTE AO MAKRO / SENT CEASA	AV RECIFE	""	EM FRENTE AO MAKRO / SENT CEASA	IPSEP		""	COLISÃO	ONIBUS E AUTO	1					1				0		""	""	""	""	""	""	""	""	""	""	""	""	""
988	2018-02-02T00:00:00	12:27:00	SEM VÍTIMA	CANCELADA	ESPINHEIRO	RUA SANTO ELIAS	""	RUA DO ESPINHEIRO	COM A RUA DO ESPINHEIRO E/F DO POSTO IPIRANGA	RUA SANTO ELIAS	""	COM A RUA DO ESPINHEIRO E/F DO POSTO IPIRANGA	ESPINHEIRO		""	COLISÃO	COLISAO DE DOIS AUTOS S/V	2									0		""	""	""	""	""	""	""	""	""	""	""	""	""
989	2018-02-02T00:00:00	12:44:00	SEM VÍTIMA	FINALIZADA	SANTO AMARO	AV NORTE	""	""	NA SUBIDA DA PONTE DA PREFEITURA NO SEMAFORO 243	AV NORTE	""	NA SUBIDA DA PONTE DA PREFEITURA NO SEMAFORO 243	SANTO AMARO		""	COLISÃO	COLISAO DE DOIS AUTOS S/V	2									0		""	""	""	""	""	""	""	""	""	""	""	""	""
990	2018-02-02T00:00:00	12:47:00	SEM VÍTIMA	FINALIZADA	MADALENA	AV VISCONDE DE ALBUQUERQUE	""	""	NO SEMÁFORO 050	AV VISCONDE DE ALBUQUERQUE	""	NO SEMÁFORO 050	MADALENA		""	COLISÃO	COLISÃO SEM VÍTIMA	3									0		""	""	""	""	""	""	""	""	""	""	""	""	""
991	2018-02-02T00:00:00	12:48:00	SEM VÍTIMA	CANCELADA	BOA VIAGEM	RUA DES JOAO PAES	1007	""	PROX DA FERREIRA PINTO DE BOA VIAGEM	RUA DES JOAO PAES	1007	PROX DA FERREIRA PINTO DE BOA VIAGEM	BOA VIAGEM		""	COLISÃO	COLISAO DE TRES AUTOS S/V	3									0		""	""	""	""	""	""	""	""	""	""	""	""	""
992	2018-02-02T00:00:00	12:55:00	COM VÍTIMA	FINALIZADA	COQUEIRAL	RUA FALCAO DE LACERDA	""	""	E/F DA IGREJA CATOLICA NO SEMAFORO 091	RUA FALCAO DE LACERDA	""	E/F DA IGREJA CATOLICA NO SEMAFORO 091	COQUEIRAL		""	COLISÃO	COLISAO DE AUTO E MOTO COM UMA VITIMA	1	1								1		""	""	""	""	""	""	""	""	""	""	""	""	""
993	2018-02-02T00:00:00	12:58:00	SEM VÍTIMA	CANCELADA	GRAÇAS	AV CONS ROSA E SILVA	""	""	EM FRENTE AO CLUBE PORTUGUES, E A PRAÇA DO ENTRONCAMENTO	AV CONS ROSA E SILVA	""	EM FRENTE AO CLUBE PORTUGUES, E A PRAÇA DO ENTRONCAMENTO	GRAÇAS		""	COLISÃO	DOIS AUTOS	2									0		""	""	""	""	""	""	""	""	""	""	""	""	""
994	2018-02-02T00:00:00	13:11:00	COM VÍTIMA	FINALIZADA	IPUTINGA	EST DO BARBALHO	""	""	AO LADO DO WALMART, EM FRENTE A SUPRANO	EST DO BARBALHO	""	AO LADO DO WALMART, EM FRENTE A SUPRANO	IPUTINGA		""	COLISÃO	AUTO E MOTO	1	1								1		""	""	""	""	""	""	""	""	""	""	""	""	""
995	2018-02-02T00:00:00	13:14:00	SEM VÍTIMA	FINALIZADA	GRAÇAS	PRC DO ENTRONCAMENTO	66	""	AO LADO DA PRAÇA DO ENTRONCAMENTO	PRC DO ENTRONCAMENTO	66	AO LADO DA PRAÇA DO ENTRONCAMENTO	GRAÇAS		""	COLISÃO	""	2									0		""	""	""	""	""	""	""	""	""	""	""	""	""
996	2018-02-02T00:00:00	13:24:00	SEM VÍTIMA	FINALIZADA	BOA VIAGEM	RUA BARAO DE SOUZA LEAO	1120	""	PROXIMO AO SUPERMERCADO TREVO	RUA BARAO DE SOUZA LEAO	1120	PROXIMO AO SUPERMERCADO TREVO	BOA VIAGEM		""	COLISÃO	COLISÃO SEM VÍTIMA	2									0		""	""	""	""	""	""	""	""	""	""	""	""	""
997	2018-02-02T00:00:00	13:37:00	COM VÍTIMA	FINALIZADA	MADALENA	AV ENGENHEIRO ABDIAS DE CARVALHO	""	""	EM FRENTE A ESTÁCIO, SENTIDO SUBÚRBIO.	AV ENGENHEIRO ABDIAS DE CARVALHO	""	EM FRENTE A ESTÁCIO, SENTIDO SUBÚRBIO.	MADALENA		""	COLISÃO	COLISÃO COM VÍTIMA, ENVOLVENDO DUAS MOTOS.		2								1		""	""	""	""	""	""	""	""	""	""	""	""	""
998	2018-02-02T00:00:00	14:16:00	SEM VÍTIMA	FINALIZADA	BOA VIAGEM	AV CONSELHEIRO AGUIAR	3303	RUA FELIX DE BRITO	COM RUA FELIX DE BRITO E/F DO BRADESCO S/T CID	AV CONSELHEIRO AGUIAR	3303	COM RUA FELIX DE BRITO E/F DO BRADESCO S/T CID	BOA VIAGEM		""	COLISÃO	COLISAO DE TRESAUTOS S/V	3									0		""	""	""	""	""	""	""	""	""	""	""	""	""
999	2018-02-02T00:00:00	14:47:00	SEM VÍTIMA	FINALIZADA	IPUTINGA	EST DO BARBALHO	738	""	EM FRENTE CONAB	EST DO BARBALHO	738	EM FRENTE CONAB	IPUTINGA		""	COLISÃO	COLISÃO SEM VÍTIMA	1	1								0		""	""	""	""	""	""	""	""	""	""	""	""	""
1000	2018-02-02T00:00:00	15:21:00	SEM VÍTIMA	FINALIZADA	BOA VIAGEM	AV DOM JOAO VI	""	""	EM FRENTE AO RESIDENCIAL BOA VIAGEM/ SENTIDO PIEDADE	AV DOM JOAO VI	""	EM FRENTE AO RESIDENCIAL BOA VIAGEM/ SENTIDO PIEDADE	BOA VIAGEM		""	COLISÃO	COLISÃO SEM VÍTIMA	2									0		""	""	""	""	""	""	""	""	""	""	""	""	""
1001	2018-02-02T00:00:00	15:23:00	SEM VÍTIMA	FINALIZADA	TORRE	RUA ALBERTO PAIVA	""	""	PROX DA PONTE DA TORRE E/F DA TOYOLEX	RUA ALBERTO PAIVA	""	PROX DA PONTE DA TORRE E/F DA TOYOLEX	TORRE		""	COLISÃO	COLISAO DE CAMINHAO E AUTO	1									0		""	""	""	""	""	""	""	""	""	""	""	""	""
1002	2018-02-02T00:00:00	15:57:00	SEM VÍTIMA	FINALIZADA	BOA VIAGEM	RUA JORNALISTA FRANCISCO ALMEIDA	1896	""	EM FRENTE POSTO POLICIAL	RUA JORNALISTA FRANCISCO ALMEIDA	1896	EM FRENTE POSTO POLICIAL	BOA VIAGEM		""	COLISÃO	COLISÃO SEM VÍTIMA	2									0		""	""	""	""	""	""	""	""	""	""	""	""	""
1003	2018-02-02T00:00:00	16:02:00	SEM VÍTIMA	FINALIZADA	ESTÂNCIA	RUA JOAO PESSOA	""	""	POR TRAS DA RECIPÃO	RUA JOAO PESSOA	""	POR TRAS DA RECIPÃO	ESTÂNCIA		""	COLISÃO	COLISAO DE CAMINHAO DO LIXO E AUTO S/V	1						1			0		""	""	""	""	""	""	""	""	""	""	""	""	""
1004	2018-02-02T00:00:00	16:25:00	COM VÍTIMA	FINALIZADA	TOTÓ	AV LIBERDADE	""	""	EM FRENTE AO CEMITERIO PARQUE DAS FLORES, E O POSTO DE GASOLINA JARDIM	AV LIBERDADE	""	EM FRENTE AO CEMITERIO PARQUE DAS FLORES, E O POSTO DE GASOLINA JARDIM	TOTÓ		""	COLISÃO	AUTO E MOTO	1	1								2		""	""	""	""	""	""	""	""	""	""	""	""	""
1005	2018-02-02T00:00:00	16:37:00	SEM VÍTIMA	FINALIZADA	MUSTARDINHA	RUA VINTE E UM DE ABRIL	983	""	EM FRENTE AO CAFE PETINHO	RUA VINTE E UM DE ABRIL	983	EM FRENTE AO CAFE PETINHO	MUSTARDINHA		""	COLISÃO	COLISÃO SEM VÍTIMA	1						1			0		""	""	""	""	""	""	""	""	""	""	""	""	""
1006	2018-02-02T00:00:00	16:41:00	SEM VÍTIMA	FINALIZADA	GRAÇAS	RUA ALBERTO PAIVA	""	""	POR TRAS DA PEDRAGON	RUA ALBERTO PAIVA	""	POR TRAS DA PEDRAGON	GRAÇAS		""	COLISÃO	COLISAO DE CAMINHAO E AUTO S/V	1						1			0		""	""	""	""	""	""	""	""	""	""	""	""	""
1007	2018-02-02T00:00:00	17:09:00	SEM VÍTIMA	FINALIZADA	CASA AMARELA	AV NORTE	""	RUA PADRE LEMOS	COM RUA PADRE LEMOS NA ENTRADA DO VASCO DA GAMA	AV NORTE	""	COM RUA PADRE LEMOS NA ENTRADA DO VASCO DA GAMA	CASA AMARELA		""	COLISÃO	COLISAO DE ONIBUS E KOMBI S/V	1					1				0		""	""	""	""	""	""	""	""	""	""	""	""	""
1008	2018-02-02T00:00:00	17:37:00	SEM VÍTIMA	FINALIZADA	SANTO AMARO	AV CRUZ CABUGA	""	""	EM FRENTE A VICE GOVERNADORIA, SENTIDO OLINDA	AV CRUZ CABUGA	""	EM FRENTE A VICE GOVERNADORIA, SENTIDO OLINDA	SANTO AMARO		""	COLISÃO	VT DA PM E ONIBUS DA CIDADE ALTA						1		1		0		""	""	""	""	""	""	""	""	""	""	""	""	""
1009	2018-02-02T00:00:00	17:43:00	SEM VÍTIMA	FINALIZADA	MADALENA	RUA REAL DA TORRE	246	""	EM FRENTE A LA BATERIA	RUA REAL DA TORRE	246	EM FRENTE A LA BATERIA	MADALENA		""	COLISÃO	COLISÃO SEM VÍTIMA	2									0		""	""	""	""	""	""	""	""	""	""	""	""	""
1010	2018-02-02T00:00:00	17:45:00	SEM VÍTIMA	FINALIZADA	SANTO AMARO	AV DR JAYME DA FONTE	""	AV GOV AGAMENON MAGALHAES	CRUZAMENTO COM A AGAMENON	AV DR JAYME DA FONTE	""	CRUZAMENTO COM A AGAMENON	SANTO AMARO		""	COLISÃO	DOIS AUTOS	2									0		""	""	""	""	""	""	""	""	""	""	""	""	""
1011	2018-02-02T00:00:00	18:33:00	SEM VÍTIMA	FINALIZADA	ARRUDA	AV BEBERIBE	""	RUA COUTO MAGALHAES	CRUZAMENTO COM A RUA COUTO MAGALHAES SEMAFORO 063	AV BEBERIBE	""	CRUZAMENTO COM A RUA COUTO MAGALHAES SEMAFORO 063	ARRUDA		""	COLISÃO	ONIBUS X CLASSIC	1					1				0		""	""	""	""	""	""	""	""	""	""	""	""	""
1012	2018-02-02T00:00:00	19:04:00	SEM VÍTIMA	CANCELADA	CAXANGÁ	AV CAXANGA	""	""	SEMÁFORO 533 / POR BAIXO DO VIADUTO	AV CAXANGA	""	SEMÁFORO 533 / POR BAIXO DO VIADUTO	CAXANGÁ		""	COLISÃO	ENTRE AUTO E CAMINHÃO. S/V	1						1			0		""	""	""	""	""	""	""	""	""	""	""	""	""
1013	2018-02-02T00:00:00	19:11:00	SEM VÍTIMA	CANCELADA	MADALENA	RUA BRAULIO GONCALVES	""	""	JA CHEGANDO NA BEIRA RIO	RUA BRAULIO GONCALVES	""	JA CHEGANDO NA BEIRA RIO	MADALENA		""	COLISÃO	TRES AUTO	3									0		""	""	""	""	""	""	""	""	""	""	""	""	""
1014	2018-02-02T00:00:00	21:48:00	SEM VÍTIMA	CANCELADA	ENCRUZILHADA	AV NORTE	""	AV JOAO DE BARROS	COM A AV JOÃO DE BARROS / E/F A FARMACIA BIG BEN / PROX AO PONTO DE TÁXI	AV NORTE	""	COM A AV JOÃO DE BARROS / E/F A FARMACIA BIG BEN / PROX AO PONTO DE TÁXI	ENCRUZILHADA		""	CHOQUE	CHOQUE ENTRE UM AUTO PASSEIO E UM PRISMA DE CONCRETO, O MESMO SE ENCONTRA JOGADO NO MEIO DA VIA.	1									0		""	""	""	""	""	""	""	""	""	""	""	""	""
1015	2018-02-02T00:00:00	22:52:00	COM VÍTIMA	FINALIZADA	SÃO JOSÉ	RUA GERVASIO PIRES	""	AV MANOEL BORBA	SEMÁFORO 169 / CRUZAMENTO COM A AV MANOEL BORBA	RUA GERVASIO PIRES	""	SEMÁFORO 169 / CRUZAMENTO COM A AV MANOEL BORBA	SÃO JOSÉ		""	COLISÃO	ENTRE 2 AUTOS. C/V (( AS CONDUTORAS APRESETAM EMBRIAGUEZ))	2									1		""	""	""	""	""	""	""	""	""	""	""	""	""
1016	2018-02-03T00:00:00	00:10:00	COM VÍTIMA	FINALIZADA	AFOGADOS	RUA SAO MIGUEL	1401	""	EM FRENTE AO BODE DO NÔ, EM FRENTE AO EMPORIO DIGITAL, PROX DO POSTO IPIRANGA	RUA SAO MIGUEL	1401	EM FRENTE AO BODE DO NÔ, EM FRENTE AO EMPORIO DIGITAL, PROX DO POSTO IPIRANGA	AFOGADOS		""	COLISÃO	COLISÃO ENTRE AUTO E MOTO C/V	1	1								1		""	""	""	""	""	""	""	""	""	""	""	""	""
1017	2018-02-03T00:00:00	00:17:00	SEM VÍTIMA	CANCELADA	AFOGADOS	RUA SAO MIGUEL	""	""	EM FRENTE AS LOJAS AMERICANAS	RUA SAO MIGUEL	""	EM FRENTE AS LOJAS AMERICANAS	AFOGADOS		""	COLISÃO	COLISÃO ENTRE DOIS AUTOS S/V	2									0		""	""	""	""	""	""	""	""	""	""	""	""	""
1018	2018-02-03T00:00:00	07:49:00	COM VÍTIMA	FINALIZADA	ESTÂNCIA	AV DR JOSE RUFINO	528	""	RESIDENCIA. SENTIDO SUBÚRBIO	AV DR JOSE RUFINO	528	RESIDENCIA. SENTIDO SUBÚRBIO	ESTÂNCIA		""	COLISÃO	COM DUAS VÍTIMAS.	1	1								2		""	""	""	""	""	""	""	""	""	""	""	""	""
1019	2018-02-03T00:00:00	08:11:00	SEM VÍTIMA	CANCELADA	AFOGADOS	EST DO BONGI	1235	""	DENTRO DO POSTO PETROBRAS	EST DO BONGI	1235	DENTRO DO POSTO PETROBRAS	AFOGADOS		""	COLISÃO	SEM VÍTIMAS	2									0		""	""	""	""	""	""	""	""	""	""	""	""	""
1020	2018-02-03T00:00:00	08:49:00	SEM VÍTIMA	FINALIZADA	SANTO AMARO	RUA COELHO LEITE	725	""	AO LADO DA CTTU	RUA COELHO LEITE	725	AO LADO DA CTTU	SANTO AMARO		""	COLISÃO	SEM VÍTIMAS	2									0		""	""	""	""	""	""	""	""	""	""	""	""	""
1021	2018-02-03T00:00:00	09:14:00	SEM VÍTIMA	FINALIZADA	AREIAS	AV RECIFE	""	""	NO SEMÁFORO 055/ SENTIDO AEROPORTO	AV RECIFE	""	NO SEMÁFORO 055/ SENTIDO AEROPORTO	AREIAS		""	COLISÃO	COLISÃO SEM VÍTIMA	1						1			0		""	""	""	""	""	""	""	""	""	""	""	""	""
1022	2018-02-03T00:00:00	09:26:00	SEM VÍTIMA	FINALIZADA	VÁRZEA	RUA GENERAL POLIDORO	4507	""	AO LADO ACADEMIA REEF	RUA GENERAL POLIDORO	4507	AO LADO ACADEMIA REEF	VÁRZEA		""	COLISÃO	COLISÃO SEM VÍTIMA	3									0		""	""	""	""	""	""	""	""	""	""	""	""	""
1023	2018-02-03T00:00:00	09:51:00	COM VÍTIMA	FINALIZADA	BOA VIAGEM	RUA ANTONIO FALCAO	499	""	EM FRENTE A PANIFICADORA PAN FALCÃO	RUA ANTONIO FALCAO	499	EM FRENTE A PANIFICADORA PAN FALCÃO	BOA VIAGEM		""	ATROPELAMENTO	COM UMA VITIMA ,SAMU NO LOCAL	1				1					1		""	""	""	""	""	""	""	""	""	""	""	""	""
1024	2018-02-03T00:00:00	10:04:00	SEM VÍTIMA	FINALIZADA	BOA VIAGEM	RUA PADRE CARAPUCEIRO	""	""	EM FRENTE AO WALMART	RUA PADRE CARAPUCEIRO	""	EM FRENTE AO WALMART	BOA VIAGEM		""	COLISÃO	COLISÃO SEM VÍTIMA	2									0		""	""	""	""	""	""	""	""	""	""	""	""	""
1025	2018-02-03T00:00:00	10:08:00	SEM VÍTIMA	FINALIZADA	ARRUDA	EST VELHA DE AGUA FRIA	619	""	EM FRENTE AO BAR DO CHICO,E AO LADO DA DELICATESSE MANÁ/SENT ARRUDA	EST VELHA DE AGUA FRIA	619	EM FRENTE AO BAR DO CHICO,E AO LADO DA DELICATESSE MANÁ/SENT ARRUDA	ARRUDA		""	COLISÃO	SEM VITIMAS	1						1			0		""	""	""	""	""	""	""	""	""	""	""	""	""
1026	2018-02-03T00:00:00	10:29:00	COM VÍTIMA	FINALIZADA	BOA VIAGEM	RUA VISCONDE DE JEQUITINHONHA	1144	""	EM FRENTE AO DISMADE	RUA VISCONDE DE JEQUITINHONHA	1144	EM FRENTE AO DISMADE	BOA VIAGEM		""	COLISÃO COM CICLISTA	COLISÃO COM VÍTIMA ENTRE AUTO E CICLISTA	1			1						1		""	""	""	""	""	""	""	""	""	""	""	""	""
1027	2018-02-03T00:00:00	10:37:00	SEM VÍTIMA	FINALIZADA	ILHA DO LEITE	AV LINS PETIT	465	""	E/F AO ANGELUS CENTER, SEMÁFORO 653	AV LINS PETIT	465	E/F AO ANGELUS CENTER, SEMÁFORO 653	ILHA DO LEITE		""	COLISÃO	SEM VÍTIMAS. SOLICITA O ETILOMETRO	2									0		""	""	""	""	""	""	""	""	""	""	""	""	""
1028	2018-02-03T00:00:00	10:53:00	SEM VÍTIMA	FINALIZADA	AFOGADOS	RUA SAO MIGUEL	1165	""	E/F AO JAYME CORDEIRO	RUA SAO MIGUEL	1165	E/F AO JAYME CORDEIRO	AFOGADOS		""	COLISÃO	SEM VÍTIMAS. VT 13 NO LOCAL	2									0		""	""	""	""	""	""	""	""	""	""	""	""	""
1029	2018-02-03T00:00:00	11:47:00	SEM VÍTIMA	FINALIZADA	BOA VIAGEM	RUA CARLOS PEREIRA FALCAO	4417	""	ENTRE AO BANCO SANTANDER E DO EXTRA	RUA CARLOS PEREIRA FALCAO	4417	ENTRE AO BANCO SANTANDER E DO EXTRA	BOA VIAGEM		""	COLISÃO	COLISAO DE AUTO E MOTO S/V	1	1								0		""	""	""	""	""	""	""	""	""	""	""	""	""
1030	2018-02-03T00:00:00	11:56:00	SEM VÍTIMA	FINALIZADA	GUABIRABA	RUA ALTO JOSE IDALINO	160	""	PROX DA PRAÇA DA GUABIRABA	RUA ALTO JOSE IDALINO	160	PROX DA PRAÇA DA GUABIRABA	GUABIRABA		""	COLISÃO	COLISAO DE DOIS AUTOS S/V	2									0		""	""	""	""	""	""	""	""	""	""	""	""	""