_id	DATA	hora	natureza_acidente	situacao	bairro	endereco	numero	detalhe_endereco_acidente	complemento	endereco_cruzamento	numero_cruzamento	referencia_cruzamento	bairro_cruzamento	num_semaforo	sentido_via	tipo	descricao	auto	moto	ciclom	ciclista	pedestre	onibus	caminhao	viatura	outros	vitimas	vitimasfatais	acidente_verificado	tempo_clima	situacao_semaforo	sinalizacao	condicao_via	conservacao_via	ponto_controle	situacao_placa	velocidade_max_via	mao_direcao	divisao_via1	divisao_via2	divisao_via3
1157	2018-02-07T00:00:00	16:36:00	SEM VÍTIMA	FINALIZADA	IPSEP	AV RECIFE	3419	""	POR TRÁS DO RESIDENCIAL EULER BENTES/ SENTIDO JARDIM SÃO PAULO	AV RECIFE	3419	POR TRÁS DO RESIDENCIAL EULER BENTES/ SENTIDO JARDIM SÃO PAULO	IPSEP		""	COLISÃO	COLISÃO SEM VÍTIMA	2									0		""	""	""	""	""	""	""	""	""	""	""	""	""
1158	2018-02-07T00:00:00	16:56:00	SEM VÍTIMA	EQUIPE EM DESLOCAMENTO	TORRE	RUA LAURA CAMPELO	""	""	APÓS A IGREJA DA TORRE	RUA LAURA CAMPELO	""	APÓS A IGREJA DA TORRE	TORRE		""	COLISÃO	COLISÃO SEM VITIMA	2									0		""	""	""	""	""	""	""	""	""	""	""	""	""
1159	2018-02-07T00:00:00	17:17:00	SEM VÍTIMA	CANCELADA	SANTO ANTÔNIO	RUA PEDRO AFONSO	""	""	CAMPO SANTO	RUA PEDRO AFONSO	""	CAMPO SANTO	SANTO ANTÔNIO		""	COLISÃO	COLISÃO SEM VITIMA	2									0		""	""	""	""	""	""	""	""	""	""	""	""	""
1160	2018-02-07T00:00:00	17:26:00	SEM VÍTIMA	FINALIZADA	CASA FORTE	RUA LEONARDO BEZERRA CAVALCANTE	698	""	EM FRENTE AO WALMART	RUA LEONARDO BEZERRA CAVALCANTE	698	EM FRENTE AO WALMART	CASA FORTE		""	COLISÃO	COLISÃO SEM VITIMAS	2									0		""	""	""	""	""	""	""	""	""	""	""	""	""
1161	2018-02-07T00:00:00	17:37:00	SEM VÍTIMA	EQUIPE EM DESLOCAMENTO	SANTO AMARO	RUA TREZE DE MAIO	""	""	EM FRENTE AO SESC	RUA TREZE DE MAIO	""	EM FRENTE AO SESC	SANTO AMARO		""	COLISÃO	COLISÃO SEM VITIMAS	3									0		""	""	""	""	""	""	""	""	""	""	""	""	""
1162	2018-02-07T00:00:00	19:09:00	SEM VÍTIMA	FINALIZADA	BOA VIAGEM	RUA TENENTE DOMINGOS DE BRITO	1002	""	ENF A FARMACIA DROGASIL	RUA TENENTE DOMINGOS DE BRITO	1002	ENF A FARMACIA DROGASIL	BOA VIAGEM		""	COLISÃO	AUTO E ONIBUS	1					1				0		""	""	""	""	""	""	""	""	""	""	""	""	""
1163	2018-02-07T00:00:00	19:14:00	SEM VÍTIMA	CANCELADA	GRAÇAS	RUA DAS CREOULAS	""	""	EM FRENTE AO RESTAURANTE MACUNAIMA	RUA DAS CREOULAS	""	EM FRENTE AO RESTAURANTE MACUNAIMA	GRAÇAS		""	COLISÃO	COLISÃO SEM VITIMAS										0		""	""	""	""	""	""	""	""	""	""	""	""	""
1164	2018-02-07T00:00:00	19:19:00	SEM VÍTIMA	FINALIZADA	ESPINHEIRO	RUA QUARENTA E OITO	""	RUA DO ESPINHEIRO	NO SEMAFORO 166, CRUZAMENTO COM A RUA DO ESPINHEIRO	RUA QUARENTA E OITO	""	NO SEMAFORO 166, CRUZAMENTO COM A RUA DO ESPINHEIRO	ESPINHEIRO		""	COLISÃO	AUTO E MOTO	1	1								0		""	""	""	""	""	""	""	""	""	""	""	""	""
1165	2018-03-05T00:00:00	06:25:00	SEM VÍTIMA	CANCELADA	""	""	""	""	""	""	""	""	""		""	COLISÃO	""										0		""	""	""	""	""	""	""	""	""	""	""	""	""
1166	2018-02-07T00:00:00	19:28:00	SEM VÍTIMA	FINALIZADA	BAIRRO DO RECIFE	AV ALFREDO LISBOA	""	""	ENF A RECEITA FEDERAL	AV ALFREDO LISBOA	""	ENF A RECEITA FEDERAL	BAIRRO DO RECIFE		""	ENGAVETAMENTO	TRES AUTOS	3									0		""	""	""	""	""	""	""	""	""	""	""	""	""
1167	2018-02-07T00:00:00	19:51:00	SEM VÍTIMA	FINALIZADA	SANTO AMARO	RUA ALVARES DE AZEVEDO	""	""	PROX. AO PROCAPE, NO SEMAFORO 093	RUA ALVARES DE AZEVEDO	""	PROX. AO PROCAPE, NO SEMAFORO 093	SANTO AMARO		""	COLISÃO	ONIBUS E AUTO	1					1				0		""	""	""	""	""	""	""	""	""	""	""	""	""
1168	2018-02-07T00:00:00	20:10:00	SEM VÍTIMA	FINALIZADA	AFOGADOS	EST DOS REMEDIOS	1918	RUA MARIA VIEIRA	COM A RUA MARIA VIEIRA, EM FRENTE Á UMA GALERIA	EST DOS REMEDIOS	1918	COM A RUA MARIA VIEIRA, EM FRENTE Á UMA GALERIA	AFOGADOS		""	COLISÃO	TAXI E AUTO	2									0		""	""	""	""	""	""	""	""	""	""	""	""	""
1169	2018-02-07T00:00:00	20:42:00	SEM VÍTIMA	FINALIZADA	BOA VISTA	AV LINS PETIT	35	""	ENF AO HOSPITAL UNIMAD E PRC CHORA MININO	AV LINS PETIT	35	ENF AO HOSPITAL UNIMAD E PRC CHORA MININO	BOA VISTA		""	COLISÃO	DOIS AUTO	2									0		""	""	""	""	""	""	""	""	""	""	""	""	""
1170	2018-02-07T00:00:00	20:45:00	SEM VÍTIMA	FINALIZADA	BOA VIAGEM	AV FERNANDO SIMOES BARBOSA	""	RUA FAUSTO PINHO	COM A FAUSTO PINHO ALVES, NA ENTRADA DO SHOPPING RECIFE	AV FERNANDO SIMOES BARBOSA	""	COM A FAUSTO PINHO ALVES, NA ENTRADA DO SHOPPING RECIFE	BOA VIAGEM		""	COLISÃO	ONIBUS E AUTO	1					1				0		""	""	""	""	""	""	""	""	""	""	""	""	""
1171	2018-02-07T00:00:00	21:21:00	SEM VÍTIMA	FINALIZADA	AFOGADOS	RUA SAO MIGUEL	268	""	ENF AO DEPATRI	RUA SAO MIGUEL	268	ENF AO DEPATRI	AFOGADOS		""	COLISÃO	DOIS AUTO	2									0		""	""	""	""	""	""	""	""	""	""	""	""	""
1172	2018-02-07T00:00:00	22:12:00	SEM VÍTIMA	FINALIZADA	JORDÃO	RUA DR ALVARO FERRAZ	788	""	EM FRENTE DO TERMINAL DE JORDÃO BAIXO, E FARMACIA DO TRABALHADOR	RUA DR ALVARO FERRAZ	788	EM FRENTE DO TERMINAL DE JORDÃO BAIXO, E FARMACIA DO TRABALHADOR	JORDÃO		""	COLISÃO	AUTO E MOTO	1	1								0		""	""	""	""	""	""	""	""	""	""	""	""	""
1173	2018-02-08T00:00:00	03:59:00	SEM VÍTIMA	FINALIZADA	IMBIRIBEIRA	AV MARECHAL MASCARENHAS DE MORAES	""	RUA JOAO FONTES	COM RUA JOAO FONTES, NO SEMAFORO 471	AV MARECHAL MASCARENHAS DE MORAES	""	COM RUA JOAO FONTES, NO SEMAFORO 471	IMBIRIBEIRA		""	COLISÃO	AUTO E ONIBUS	1					1				0		""	""	""	""	""	""	""	""	""	""	""	""	""
1174	2018-02-08T00:00:00	06:00:00	SEM VÍTIMA	CANCELADA	TAMARINEIRA	AV CONS ROSA E SILVA	""	RUA PADRE ROMA	CRUZ COM A PADRE ROMA EM FRENTE A LOJA CASA JOSE ARAUJO	AV CONS ROSA E SILVA	""	CRUZ COM A PADRE ROMA EM FRENTE A LOJA CASA JOSE ARAUJO	TAMARINEIRA		""	COLISÃO	COLISÃO SEM VITIMAS OBS SOLICITA ETILOMETRO UM DOS CONDUTORES ENCONTRA SE COM SINTOMAS DE EMBRIAGUEZ		2								0		""	""	""	""	""	""	""	""	""	""	""	""	""
1175	2018-02-08T00:00:00	07:12:00	COM VÍTIMA	FINALIZADA	JORDÃO	AV MARIA IRENE	""	""	PRÓXIMO A PRAÇA DO JORDÃO BAIXO - SEMÁFORO 581	AV MARIA IRENE	""	PRÓXIMO A PRAÇA DO JORDÃO BAIXO - SEMÁFORO 581	JORDÃO		""	COLISÃO	COM VÍTIMA		1				1				1		""	""	""	""	""	""	""	""	""	""	""	""	""
1176	2018-02-08T00:00:00	07:41:00	SEM VÍTIMA	FINALIZADA	BOA VISTA	RUA PRINCESA IZABEL	""	""	EM FRENTE A FACULDADE DE DIREITO	RUA PRINCESA IZABEL	""	EM FRENTE A FACULDADE DE DIREITO	BOA VISTA		""	COLISÃO	COLISÃO SEM VITIMA										0		""	""	""	""	""	""	""	""	""	""	""	""	""
1177	2018-02-08T00:00:00	09:07:00	SEM VÍTIMA	FINALIZADA	AFOGADOS	RUA COSME VIANA	""	""	EM FRENTE A TUPAN	RUA COSME VIANA	""	EM FRENTE A TUPAN	AFOGADOS		""	COLISÃO	COLISÃO SEM VÍTIMA	1					1				0		""	""	""	""	""	""	""	""	""	""	""	""	""
1178	2018-02-08T00:00:00	09:25:00	SEM VÍTIMA	CANCELADA	LINHA DO TIRO	RUA URIEL DE HOLANDA	715	""	MB MOTOS	RUA URIEL DE HOLANDA	715	MB MOTOS	LINHA DO TIRO		""	COLISÃO	SEM VÍTIMAS	2									0		""	""	""	""	""	""	""	""	""	""	""	""	""
1179	2018-02-08T00:00:00	09:35:00	SEM VÍTIMA	FINALIZADA	ESPINHEIRO	RUA DO ESPINHEIRO	222	""	""	RUA DO ESPINHEIRO	222	""	ESPINHEIRO		""	COLISÃO	SEM VÍTIMAS	2									0		""	""	""	""	""	""	""	""	""	""	""	""	""
1180	2018-02-08T00:00:00	10:01:00	SEM VÍTIMA	FINALIZADA	BOA VIAGEM	RUA VISCONDE DE JEQUITINHONHA	""	RUA CAPITAO ZUZINHA	SEMAFORO 433 APÓS O CRUZAMENTO COM RUA CAPITÃO ZUZINHA	RUA VISCONDE DE JEQUITINHONHA	""	SEMAFORO 433 APÓS O CRUZAMENTO COM RUA CAPITÃO ZUZINHA	BOA VIAGEM		""	COLISÃO	SEM VÍTIMAS	2									0		""	""	""	""	""	""	""	""	""	""	""	""	""
1181	2018-02-08T00:00:00	10:26:00	SEM VÍTIMA	FINALIZADA	TORREÃO	AV GOVERNADOR AGAMENON MAGALHAES	""	AV JOAO DE BARROS	APÓS O MINISTÉRIO DO TRABALHO, ESQUINA COM A AVENIDA JOÃO DE BARROS, PRÓXIMO A JEEP.	AV GOVERNADOR AGAMENON MAGALHAES	""	APÓS O MINISTÉRIO DO TRABALHO, ESQUINA COM A AVENIDA JOÃO DE BARROS, PRÓXIMO A JEEP.	TORREÃO		""	COLISÃO	COLISÃO SEM VÍTIMAS, ENVOLVENDO 2 AUTOS.	2									0		""	""	""	""	""	""	""	""	""	""	""	""	""
1182	2018-02-08T00:00:00	10:42:00	SEM VÍTIMA	FINALIZADA	CASA FORTE	AV DEZESSETE DE AGOSTO	375	""	APOS O SHOPPING, SENTIDO CENTRO	AV DEZESSETE DE AGOSTO	375	APOS O SHOPPING, SENTIDO CENTRO	CASA FORTE		""	COLISÃO	COLISÃO SEM VITIMA	1						1			0		""	""	""	""	""	""	""	""	""	""	""	""	""
1183	2018-02-08T00:00:00	10:55:00	SEM VÍTIMA	FINALIZADA	DOIS IRMÃOS	RUA RIBEIRO PESSOA	""	""	EM FRENTE A FABRICA DE MILHO PINTO FORMOSO	RUA RIBEIRO PESSOA	""	EM FRENTE A FABRICA DE MILHO PINTO FORMOSO	DOIS IRMÃOS		""	COLISÃO	DOIS AUTOS S/V	2									0		""	""	""	""	""	""	""	""	""	""	""	""	""
1184	2018-02-08T00:00:00	11:38:00	SEM VÍTIMA	FINALIZADA	BOA VIAGEM	RUA DOM JOSE LOPES	871	""	EM FRENTE AO RESTAURANTE GUAIAMUM	RUA DOM JOSE LOPES	871	EM FRENTE AO RESTAURANTE GUAIAMUM	BOA VIAGEM		""	COLISÃO	AUTO E CAMINHAO	1						1			0		""	""	""	""	""	""	""	""	""	""	""	""	""
1185	2018-02-08T00:00:00	12:03:00	SEM VÍTIMA	FINALIZADA	ILHA DO RETIRO	AV ENGENHEIRO ABDIAS DE CARVALHO	""	""	EM FRENTE AO SPORT CLUB	AV ENGENHEIRO ABDIAS DE CARVALHO	""	EM FRENTE AO SPORT CLUB	ILHA DO RETIRO		""	COLISÃO	COM VÍTIMA	1	1								0		""	""	""	""	""	""	""	""	""	""	""	""	""
1186	2018-02-08T00:00:00	12:03:00	SEM VÍTIMA	FINALIZADA	IMBIRIBEIRA	AV MARECHAL MASCARENHAS DE MORAES	666	""	EM FRENTE A LOJA IRMÃOS CARVALHO/ SENTIDO BOA VIAGEM	AV MARECHAL MASCARENHAS DE MORAES	666	EM FRENTE A LOJA IRMÃOS CARVALHO/ SENTIDO BOA VIAGEM	IMBIRIBEIRA		""	COLISÃO	COLISÃO SEM VÍTIMA	1					1				0		""	""	""	""	""	""	""	""	""	""	""	""	""
1187	2018-02-08T00:00:00	13:00:00	SEM VÍTIMA	FINALIZADA	CORDEIRO	AV GENERAL SAN MARTIN	""	""	PRÓXIMO AO COMPAZ	AV GENERAL SAN MARTIN	""	PRÓXIMO AO COMPAZ	CORDEIRO		""	COLISÃO	SEM VITIMA	1	1								0		""	""	""	""	""	""	""	""	""	""	""	""	""
1188	2018-02-08T00:00:00	13:39:00	SEM VÍTIMA	FINALIZADA	IPSEP	AV RECIFE	114	""	APOS O RESTAURANTE SAL E BRASA NO SEMAFORO 319 S/T SUB	AV RECIFE	114	APOS O RESTAURANTE SAL E BRASA NO SEMAFORO 319 S/T SUB	IPSEP		""	COLISÃO	COLISAO DE DOIS AUTOS S/V	2									0		""	""	""	""	""	""	""	""	""	""	""	""	""
1189	2018-02-08T00:00:00	13:46:00	COM VÍTIMA	FINALIZADA	SANTO AMARO	AV MILITAR	""	""	NA DESCIDA DA PONTE DO LIMOEIRO	AV MILITAR	""	NA DESCIDA DA PONTE DO LIMOEIRO	SANTO AMARO		""	COLISÃO	COLISÃO COM VÍTIMA, ENVOLVENDO UMA MOTO E UM AUTO.	1	1								1		""	""	""	""	""	""	""	""	""	""	""	""	""
1190	2018-02-08T00:00:00	13:54:00	SEM VÍTIMA	FINALIZADA	SANTO AMARO	AV CRUZ CABUGA	""	""	EM FRENTE A IGREJA UNIVERSAL	AV CRUZ CABUGA	""	EM FRENTE A IGREJA UNIVERSAL	SANTO AMARO		""	COLISÃO	COLISÃO SEM VÍTIMA	1	1								0		""	""	""	""	""	""	""	""	""	""	""	""	""
1191	2018-02-08T00:00:00	14:02:00	SEM VÍTIMA	FINALIZADA	JARDIM SÃO PAULO	RUA NOSSA SENHORA DE FATIMA	""	""	PRÓXIMO AO RESTAURANTE MARIA MARIA	RUA NOSSA SENHORA DE FATIMA	""	PRÓXIMO AO RESTAURANTE MARIA MARIA	JARDIM SÃO PAULO		""	COLISÃO	COLISÃO SEM VÍTIMA	2									0		""	""	""	""	""	""	""	""	""	""	""	""	""
1192	2018-02-08T00:00:00	14:04:00	SEM VÍTIMA	FINALIZADA	IMBIRIBEIRA	AV MARECHAL MASCARENHAS DE MORAES	""	""	ANTES DO VIA DUTO TANCREDO NEVES, E APOS A JUSTIÇA DO TRABALHO, SENTIDO AFOGADOS	AV MARECHAL MASCARENHAS DE MORAES	""	ANTES DO VIA DUTO TANCREDO NEVES, E APOS A JUSTIÇA DO TRABALHO, SENTIDO AFOGADOS	IMBIRIBEIRA		""	COLISÃO	CAMINHAO E AUTO	1						1			0		""	""	""	""	""	""	""	""	""	""	""	""	""
1193	2018-02-08T00:00:00	14:15:00	SEM VÍTIMA	FINALIZADA	VÁRZEA	RUA ACADEMICO HELIO RAMOS	""	RUA INACIO DE BARROS BARRETO	ESQUINA COM A RUA INÁCIO DE BARROS BARRETO.	RUA ACADEMICO HELIO RAMOS	""	ESQUINA COM A RUA INÁCIO DE BARROS BARRETO.	VÁRZEA		""	COLISÃO	AUTO E ÔNIBUS, SEM VÍTIMAS.	1					1				0		""	""	""	""	""	""	""	""	""	""	""	""	""
1194	2018-02-08T00:00:00	14:28:00	SEM VÍTIMA	FINALIZADA	APIPUCOS	RUA DE APIPUCOS	""	""	PROXIMO AO AÇUDE DE APIPUCOS SENTIDO 2 IRMAOS	RUA DE APIPUCOS	""	PROXIMO AO AÇUDE DE APIPUCOS SENTIDO 2 IRMAOS	APIPUCOS		""	COLISÃO	COLISÃO ENVOLVENDO 02 AUTOS	2									0		""	""	""	""	""	""	""	""	""	""	""	""	""
1195	2018-02-08T00:00:00	14:32:00	COM VÍTIMA	FINALIZADA	AFOGADOS	RUA COSME VIANA	""	PADRE TEOFILO TWORZ	COM PADRE TEÓFILO TWORZ	RUA COSME VIANA	""	COM PADRE TEÓFILO TWORZ	AFOGADOS		""	COLISÃO	COLISÃO COM VÍTIMA, ENVOLVENDO UMA MOTO E UM AUTO.	1	1								1		""	""	""	""	""	""	""	""	""	""	""	""	""
1196	2018-02-08T00:00:00	15:46:00	SEM VÍTIMA	FINALIZADA	CASA FORTE	RUA MARQUES DE TAMANDARE	""	""	AO LADO DO BARCHEF	RUA MARQUES DE TAMANDARE	""	AO LADO DO BARCHEF	CASA FORTE		""	COLISÃO	COLISÃO SEM VÍTIMA	2									0		""	""	""	""	""	""	""	""	""	""	""	""	""
1197	2018-02-08T00:00:00	15:56:00	SEM VÍTIMA	FINALIZADA	AREIAS	AV CAPITAO GREGORIO DE CALDAS	""	""	NA ESQUINA DO HIPER BOMPREÇO	AV CAPITAO GREGORIO DE CALDAS	""	NA ESQUINA DO HIPER BOMPREÇO	AREIAS		""	COLISÃO	AUTO E ONIBUS 	1					1				0		""	""	""	""	""	""	""	""	""	""	""	""	""
1198	2018-02-08T00:00:00	15:59:00	SEM VÍTIMA	FINALIZADA	ESPINHEIRO	RUA CONS PORTELA	161	""	EM FRENTE A ADVOCACIA R	RUA CONS PORTELA	161	EM FRENTE A ADVOCACIA R	ESPINHEIRO		""	COLISÃO	COLISÃO SEM VÍTIMA	1	1								0		""	""	""	""	""	""	""	""	""	""	""	""	""
1199	2018-02-08T00:00:00	17:12:00	SEM VÍTIMA	FINALIZADA	IPSEP	AV RECIFE	2960	""	EM FRENTE A MUNDO DA IMPERMEABILIZAÇÃO/ SENTIDO BR	AV RECIFE	2960	EM FRENTE A MUNDO DA IMPERMEABILIZAÇÃO/ SENTIDO BR	IPSEP		""	COLISÃO	COLISÃO SEM VÍTIMA	2						1			0		""	""	""	""	""	""	""	""	""	""	""	""	""
1200	2018-02-08T00:00:00	17:34:00	SEM VÍTIMA	FINALIZADA	ESPINHEIRO	RUA DA HORA	936	""	EM FRENTE AO LABORATORIO DO HOSPITAL DOS SERVIDORES	RUA DA HORA	936	EM FRENTE AO LABORATORIO DO HOSPITAL DOS SERVIDORES	ESPINHEIRO		""	COLISÃO	COLISÃO SEM VÍTIMA	1								1	0		""	""	""	""	""	""	""	""	""	""	""	""	""
1201	2018-02-08T00:00:00	17:36:00	SEM VÍTIMA	FINALIZADA	JORDÃO	AV MARIA IRENE	1225	""	PROX. AO BOCAO CHINES	AV MARIA IRENE	1225	PROX. AO BOCAO CHINES	JORDÃO		""	COLISÃO	DOIS AUTOS S/V	2									0		""	""	""	""	""	""	""	""	""	""	""	""	""
1202	2018-02-08T00:00:00	17:41:00	SEM VÍTIMA	FINALIZADA	BONGI	EST DOS REMEDIOS	1988	AV ENG ABDIAS DE CARVALHO	COM AV ABDIAS DE CARVALHO E/F DA HC PNEUS PROX DO SPORT NO SEMAFORO 052	EST DOS REMEDIOS	1988	COM AV ABDIAS DE CARVALHO E/F DA HC PNEUS PROX DO SPORT NO SEMAFORO 052	BONGI		""	COLISÃO	COLISAO DE AUTO E CAMINHAO	1						1			0		""	""	""	""	""	""	""	""	""	""	""	""	""
1203	2018-02-08T00:00:00	18:08:00	SEM VÍTIMA	CANCELADA	SANTO ANTÔNIO	RUA PRIMEIRO DE MARCO	""	AV MARTINS DE BARROS	CRUZAMENTO COM AV MARTINS DE BARRO PROX A PONTO MAURICIO DE NASSAU	RUA PRIMEIRO DE MARCO	""	CRUZAMENTO COM AV MARTINS DE BARRO PROX A PONTO MAURICIO DE NASSAU	SANTO ANTÔNIO		""	COLISÃO	CAMINHAO REBOQUE X UNO DA SECRETARIA DA RESOCIALIZAÇAO	1						1			0		""	""	""	""	""	""	""	""	""	""	""	""	""
1204	2018-02-08T00:00:00	19:02:00	SEM VÍTIMA	FINALIZADA	BONGI	RUA ISAAC MARKMAN	""	""	ENFR A CELPE DO BONGI ENTRADA PRINCIPAL	RUA ISAAC MARKMAN	""	ENFR A CELPE DO BONGI ENTRADA PRINCIPAL	BONGI		""	COLISÃO	DOIS AUTO	2									0		""	""	""	""	""	""	""	""	""	""	""	""	""
1205	2018-02-08T00:00:00	19:05:00	SEM VÍTIMA	CANCELADA	PINA	AV CONSELHEIRO AGUIAR	""	RUA TOMÉ GIBSON	SEMÁFORO 002 / CRUZ COM A R TOMÉ GIBSON	AV CONSELHEIRO AGUIAR	""	SEMÁFORO 002 / CRUZ COM A R TOMÉ GIBSON	PINA		""	COLISÃO	ENTRE AUTO E ÔNIBUS. S/V	1					1				0		""	""	""	""	""	""	""	""	""	""	""	""	""
1206	2018-02-08T00:00:00	19:26:00	SEM VÍTIMA	FINALIZADA	CAXANGÁ	AV CAXANGA	400	""	E/F AO SORRISO CIA E PROX AO BANCO SANTANDER E ITAU . SNT CIDADE/SUB / NA VIA DA ESQUERDA	AV CAXANGA	400	E/F AO SORRISO CIA E PROX AO BANCO SANTANDER E ITAU . SNT CIDADE/SUB / NA VIA DA ESQUERDA	CAXANGÁ		""	ENGAVETAMENTO	ENTRE 4 AUTOS	4									0		""	""	""	""	""	""	""	""	""	""	""	""	""
1207	2018-02-08T00:00:00	20:08:00	SEM VÍTIMA	CANCELADA	ILHA DO RETIRO	AV BEIRA RIO	""	""	POR BAIXO DO TUNEL CHICO SCIENCE	AV BEIRA RIO	""	POR BAIXO DO TUNEL CHICO SCIENCE	ILHA DO RETIRO		""	COLISÃO	CAMINHAO X PRISMA	1						1			0		""	""	""	""	""	""	""	""	""	""	""	""	""
1208	2018-02-08T00:00:00	20:18:00	COM VÍTIMA	FINALIZADA	CASA AMARELA	AV NORTE	""	""	ENF AO REI DA PICANHA	AV NORTE	""	ENF AO REI DA PICANHA	CASA AMARELA		""	COLISÃO	MOTO E ONIBUS 			1			1				1		""	""	""	""	""	""	""	""	""	""	""	""	""
1209	2018-02-08T00:00:00	20:36:00	SEM VÍTIMA	FINALIZADA	IMBIRIBEIRA	RUA JOSE DA SILVA LUCENA	273	""	PROX A FACULDADE FGV / E/F A LA MONEX NA RUA DO COLEGIO GGE	RUA JOSE DA SILVA LUCENA	273	PROX A FACULDADE FGV / E/F A LA MONEX NA RUA DO COLEGIO GGE	IMBIRIBEIRA		""	COLISÃO	ENTRE 2 AUTOS. S/V	2									0		""	""	""	""	""	""	""	""	""	""	""	""	""
1210	2018-02-08T00:00:00	20:44:00	SEM VÍTIMA	FINALIZADA	BOA VIAGEM	AV BOA VIAGEM	""	""	SEMÁFORO 120	AV BOA VIAGEM	""	SEMÁFORO 120	BOA VIAGEM		""	ENGAVETAMENTO	ENTRE 3 AUTOS S/V	3									0		""	""	""	""	""	""	""	""	""	""	""	""	""
1211	2018-02-08T00:00:00	21:40:00	SEM VÍTIMA	CANCELADA	BOA VIAGEM	AV FERNANDO SIMOES BARBOSA	S/N	""	ENF AO ANTIGO BOM PREÇO	AV FERNANDO SIMOES BARBOSA	S/N	ENF AO ANTIGO BOM PREÇO	BOA VIAGEM		""	ACID. DE PERCURSO	VEICULO PEGOU FOGO	1									0		""	""	""	""	""	""	""	""	""	""	""	""	""
1212	2018-02-08T00:00:00	22:22:00	SEM VÍTIMA	CANCELADA	ARRUDA	AV BEBERIBE	""	""	NO POSTO BUDEGA ENF A CENTRAL DE ATENDIMENTO AO CIDADAO E PIZZARIA DO CHICAO	AV BEBERIBE	""	NO POSTO BUDEGA ENF A CENTRAL DE ATENDIMENTO AO CIDADAO E PIZZARIA DO CHICAO	ARRUDA		""	COLISÃO	DOIS AUTO	2									0		""	""	""	""	""	""	""	""	""	""	""	""	""
1213	2018-02-08T00:00:00	23:01:00	SEM VÍTIMA	FINALIZADA	BOA VISTA	AV CONDE DA BOA VISTA	""	""	PROX AO SHOPPING ENF AO MUSTANGUE	AV CONDE DA BOA VISTA	""	PROX AO SHOPPING ENF AO MUSTANGUE	BOA VISTA		""	COLISÃO	DOIS AUTO	2									0		""	""	""	""	""	""	""	""	""	""	""	""	""
1214	2018-02-08T00:00:00	23:10:00	SEM VÍTIMA	FINALIZADA	CABANGA	AV SUL	""	RUA NOVA DA CABANGA	CRUZAMENTO COM A R NOVA DA CABANGA / SEMÁFORO 260	AV SUL	""	CRUZAMENTO COM A R NOVA DA CABANGA / SEMÁFORO 260	CABANGA		""	COLISÃO	ENTRE AUTO E ÔNIBUS. S/V	1					1				0		""	""	""	""	""	""	""	""	""	""	""	""	""
1215	2018-02-09T00:00:00	00:25:00	SEM VÍTIMA	FINALIZADA	BOA VIAGEM	AV CONSELHEIRO AGUIAR	""	RUA ARTHUR MUNIZ	CRUZAMENTO COM A RUA ARTUR MUNIZ // AO LADO MC DONALD'S	AV CONSELHEIRO AGUIAR	""	CRUZAMENTO COM A RUA ARTUR MUNIZ // AO LADO MC DONALD'S	BOA VIAGEM		""	COLISÃO	COLISÃO ENTRE DOIS AUTOS SEM VÍTIMAS	2									0		""	""	""	""	""	""	""	""	""	""	""	""	""
1216	2018-02-09T00:00:00	02:54:00	COM VÍTIMA	FINALIZADA	ÁGUA FRIA	AV BEBERIBE	""	""	PRÓX AO MERCADO DE ÁGUA FRIA// EM FRENTE A LOJA MILENA MÓVEIS	AV BEBERIBE	""	PRÓX AO MERCADO DE ÁGUA FRIA// EM FRENTE A LOJA MILENA MÓVEIS	ÁGUA FRIA		""	CHOQUE	VEÍCULO CHOCOU-SE CONTRA UMA ESTRUTURA DE EVENTO MONTADA AO LONGO DA VIA	1									2		""	""	""	""	""	""	""	""	""	""	""	""	""
1217	2018-02-09T00:00:00	06:06:00	COM VÍTIMA	FINALIZADA	CAXANGÁ	AV PROFESSOR ESTEVAO FRANCISCO DA COSTA	""	RUA ODETE MONTEIRO	NO SEMAFORO 589 ESQUINA DO POSTO PETROCAL S/T CID	AV PROFESSOR ESTEVAO FRANCISCO DA COSTA	""	NO SEMAFORO 589 ESQUINA DO POSTO PETROCAL S/T CID	CAXANGÁ		""	COLISÃO	COLISAO AUTO E MOTO COM UMA VITIMA	1	1								1		""	""	""	""	""	""	""	""	""	""	""	""	""
1218	2018-02-09T00:00:00	07:01:00	SEM VÍTIMA	FINALIZADA	COELHOS	RUA DOS COELHOS	""	""	AO LADO DA SAUDE DA FAMILIA, SENTIDO IMIP	RUA DOS COELHOS	""	AO LADO DA SAUDE DA FAMILIA, SENTIDO IMIP	COELHOS		""	COLISÃO	COLISÃO SEM VÍTIMA	3									0		""	""	""	""	""	""	""	""	""	""	""	""	""
1219	2018-02-09T00:00:00	07:06:00	SEM VÍTIMA	FINALIZADA	BOA VIAGEM	AV CONSELHEIRO AGUIAR	""	""	ENTRE AO TEATRO BARRETO JUNIOR E A PADARIA DIPLOMATA	AV CONSELHEIRO AGUIAR	""	ENTRE AO TEATRO BARRETO JUNIOR E A PADARIA DIPLOMATA	BOA VIAGEM		""	COLISÃO	COLISAO DE ONIBUS E AUTO S/V	1					1				0		""	""	""	""	""	""	""	""	""	""	""	""	""
1220	2018-02-09T00:00:00	07:42:00	SEM VÍTIMA	FINALIZADA	SANTO ANTÔNIO	RUA DO SOL	""	""	AO LADO DOS CORREIOS	RUA DO SOL	""	AO LADO DOS CORREIOS	SANTO ANTÔNIO		""	COLISÃO	SEM VÍTIMAS	2									0		""	""	""	""	""	""	""	""	""	""	""	""	""
1221	2018-02-09T00:00:00	07:54:00	SEM VÍTIMA	FINALIZADA	IMBIRIBEIRA	RUA ITACARI	162	""	EM FRENTE A LOJA DRYFLOR PISOS E FORROS	RUA ITACARI	162	EM FRENTE A LOJA DRYFLOR PISOS E FORROS	IMBIRIBEIRA		""	COLISÃO	COLISÃO SEM VITIMAS	2									0		""	""	""	""	""	""	""	""	""	""	""	""	""