_id	DATA	hora	natureza_acidente	situacao	bairro	endereco	numero	detalhe_endereco_acidente	complemento	endereco_cruzamento	numero_cruzamento	referencia_cruzamento	bairro_cruzamento	num_semaforo	sentido_via	tipo	descricao	auto	moto	ciclom	ciclista	pedestre	onibus	caminhao	viatura	outros	vitimas	vitimasfatais	acidente_verificado	tempo_clima	situacao_semaforo	sinalizacao	condicao_via	conservacao_via	ponto_controle	situacao_placa	velocidade_max_via	mao_direcao	divisao_via1	divisao_via2	divisao_via3
1222	2018-02-09T00:00:00	08:01:00	SEM VÍTIMA	FINALIZADA	ARRUDA	RUA DO TRIUNFO	""	RUA DO MACHADO	CRUZ A RUA DO MACHADO POR TRAS DO ARRUDA EM FRENTE AO MERCADINHO DO ARRUDA	RUA DO TRIUNFO	""	CRUZ A RUA DO MACHADO POR TRAS DO ARRUDA EM FRENTE AO MERCADINHO DO ARRUDA	ARRUDA		""	COLISÃO	COLISÃO SEM VITIMAS	2									0		""	""	""	""	""	""	""	""	""	""	""	""	""
1223	2018-02-09T00:00:00	08:18:00	SEM VÍTIMA	FINALIZADA	AFOGADOS	EST DOS REMEDIOS	""	""	SENTIDO LARGO DA PAZ EM BAIXO DO PONTILHÃO DO METRO	EST DOS REMEDIOS	""	SENTIDO LARGO DA PAZ EM BAIXO DO PONTILHÃO DO METRO	AFOGADOS		""	COLISÃO	COLISÃO SEM VITIMAS	2									0		""	""	""	""	""	""	""	""	""	""	""	""	""
1224	2018-02-09T00:00:00	09:14:00	SEM VÍTIMA	FINALIZADA	IMBIRIBEIRA	AV MARECHAL MASCARENHAS DE MORAES	""	""	SENTIDO CIDADE EM FRENTE AOS CORREIOS E A MADER CENTER	AV MARECHAL MASCARENHAS DE MORAES	""	SENTIDO CIDADE EM FRENTE AOS CORREIOS E A MADER CENTER	IMBIRIBEIRA		""	COLISÃO	COLISÃO SEM VITIMAS	3									0		""	""	""	""	""	""	""	""	""	""	""	""	""
1225	2018-02-09T00:00:00	09:27:00	SEM VÍTIMA	FINALIZADA	MADALENA	RUA BENFICA	""	""	E/F DO BRADESCO VT 17 NO LOCAL	RUA BENFICA	""	E/F DO BRADESCO VT 17 NO LOCAL	MADALENA		""	COLISÃO	COLISAO DE ONIBUS E AUTO S/V	1					1				0		""	""	""	""	""	""	""	""	""	""	""	""	""
1226	2018-02-09T00:00:00	09:29:00	COM VÍTIMA	FINALIZADA	ALTO JOSÉ BONIFÁCIO	RUA CORREGO DO EUCLIDES	""	""	PROX AO GIRADOURO DA BOMBA	RUA CORREGO DO EUCLIDES	""	PROX AO GIRADOURO DA BOMBA	ALTO JOSÉ BONIFÁCIO		""	COLISÃO	COLISÃO COM VITIMA A ESPERA DO SAMU GM QTH	1	1								1		""	""	""	""	""	""	""	""	""	""	""	""	""
1227	2018-02-09T00:00:00	09:29:00	SEM VÍTIMA	FINALIZADA	DERBY	AV GOVERNADOR AGAMENON MAGALHAES	""	""	JUNTO AO SEMAFORO 173, SENTIDO CIDADE	AV GOVERNADOR AGAMENON MAGALHAES	""	JUNTO AO SEMAFORO 173, SENTIDO CIDADE	DERBY		""	COLISÃO	COLISÃO SEM VITIMAS	1					1				0		""	""	""	""	""	""	""	""	""	""	""	""	""
1228	2018-02-09T00:00:00	09:39:00	SEM VÍTIMA	FINALIZADA	SÃO JOSÉ	RUA IMPERADOR PEDRO SEGUNDO	""	""	EM FRENTE A PRAÇA 17	RUA IMPERADOR PEDRO SEGUNDO	""	EM FRENTE A PRAÇA 17	SÃO JOSÉ		""	COLISÃO	COLISÃO SEM VITIMAS	1					1				0		""	""	""	""	""	""	""	""	""	""	""	""	""
1229	2018-02-09T00:00:00	09:52:00	SEM VÍTIMA	FINALIZADA	VÁRZEA	AV AFONSO OLINDENSE	""	""	E/F AO INSTITUTO PADRE VENANCIO	AV AFONSO OLINDENSE	""	E/F AO INSTITUTO PADRE VENANCIO	VÁRZEA		""	COLISÃO	SEM VÍTIMAS	1						1			0		""	""	""	""	""	""	""	""	""	""	""	""	""
1230	2018-02-09T00:00:00	09:59:00	COM VÍTIMA	FINALIZADA	AREIAS	AV RECIFE	""	""	SENTIDO CAXANGÁ. SEMÁFORO 617 E/F AO HOSPITAL GERAL DE AREIAS	AV RECIFE	""	SENTIDO CAXANGÁ. SEMÁFORO 617 E/F AO HOSPITAL GERAL DE AREIAS	AREIAS		""	COLISÃO	COM UMA VÍTIMA	1	1								1		""	""	""	""	""	""	""	""	""	""	""	""	""
1231	2018-02-09T00:00:00	10:11:00	SEM VÍTIMA	PENDENTE	DERBY	RUA BENFICA	""	""	NA FRENTE DO INTERNACIONAL, PROX. AO SEMAFORO 515	RUA BENFICA	""	NA FRENTE DO INTERNACIONAL, PROX. AO SEMAFORO 515	DERBY		""	COLISÃO	COLISÃO SEM VITIMAS	2									0		""	""	""	""	""	""	""	""	""	""	""	""	""
1232	2018-02-09T00:00:00	10:33:00	SEM VÍTIMA	FINALIZADA	IPSEP	AV SENADOR ROBERT KENNEDY	""	""	BEIRA CANAL DA VILA DA SUDENE NO TERMINAL DE ONIBUS	AV SENADOR ROBERT KENNEDY	""	BEIRA CANAL DA VILA DA SUDENE NO TERMINAL DE ONIBUS	IPSEP		""	COLISÃO	COLISAO DE AUTO E MOTO S/V	1	1								0		""	""	""	""	""	""	""	""	""	""	""	""	""
1233	2018-02-09T00:00:00	11:20:00	SEM VÍTIMA	FINALIZADA	AFOGADOS	RUA COSME VIANA	761 A	""	E/F A CASA DO BORRACHEIRO. PROX. A SERTTEL	RUA COSME VIANA	761 A	E/F A CASA DO BORRACHEIRO. PROX. A SERTTEL	AFOGADOS		""	COLISÃO	SEM VÍTIMAS		1				1				0		""	""	""	""	""	""	""	""	""	""	""	""	""
1234	2018-02-09T00:00:00	12:03:00	SEM VÍTIMA	FINALIZADA	AFOGADOS	RUA NICOLAU PEREIRA	""	RUA DO ACRE	COM A RUA DO ACRE POR TRAS DO MERCADO DE PEIXE DE AFOGADOS	RUA NICOLAU PEREIRA	""	COM A RUA DO ACRE POR TRAS DO MERCADO DE PEIXE DE AFOGADOS	AFOGADOS		""	COLISÃO	COLISAO DE DOIS AUTOS S/V	2									0		""	""	""	""	""	""	""	""	""	""	""	""	""
1235	2018-02-09T00:00:00	12:17:00	SEM VÍTIMA	FINALIZADA	TEJIPIÓ	AV DR JOSE RUFINO	""	""	NA FRENTE DA ESTAÇÃO	AV DR JOSE RUFINO	""	NA FRENTE DA ESTAÇÃO	TEJIPIÓ		""	COLISÃO	COLISÃO SEM VITIMAS	2								1	0		""	""	""	""	""	""	""	""	""	""	""	""	""
1236	2018-02-09T00:00:00	12:29:00	SEM VÍTIMA	FINALIZADA	PAISSANDU	RUA EPAMINONDAS DE MELO	""	""	APOS O CERPE, SENTIDO HOSP. PORTUGUES	RUA EPAMINONDAS DE MELO	""	APOS O CERPE, SENTIDO HOSP. PORTUGUES	PAISSANDU		""	COLISÃO	COLISÃO SEM VITIMAS	2									0		""	""	""	""	""	""	""	""	""	""	""	""	""
1237	2018-02-09T00:00:00	12:30:00	""	CANCELADA	PAISSANDU	RUA EPAMINONDAS DE MELO	""	""	NA RUA DO SPETTUS PISTA LOCAL S/T COLEGIO GGE	RUA EPAMINONDAS DE MELO	""	NA RUA DO SPETTUS PISTA LOCAL S/T COLEGIO GGE	PAISSANDU		""	COLISÃO	COLISAO DE DOIS AUTOS S/V	2									0		""	""	""	""	""	""	""	""	""	""	""	""	""
1238	2018-02-09T00:00:00	12:40:00	SEM VÍTIMA	CANCELADA	GRAÇAS	AV GOVERNADOR AGAMENON MAGALHAES	""	""	E/F DA MC DONALD´S	AV GOVERNADOR AGAMENON MAGALHAES	""	E/F DA MC DONALD´S	GRAÇAS		""	COLISÃO	COLISAO DE DOIS AUITOS S/V	2									0		""	""	""	""	""	""	""	""	""	""	""	""	""
1239	2018-02-09T00:00:00	12:43:00	SEM VÍTIMA	FINALIZADA	ARRUDA	AV BEBERIBE	""	""	ANTES DO CAMPO DO ARRUDA E/F AO TROCÃO	AV BEBERIBE	""	ANTES DO CAMPO DO ARRUDA E/F AO TROCÃO	ARRUDA		""	COLISÃO	COLISAO DE DOIS AUTOS S/V	2									0		""	""	""	""	""	""	""	""	""	""	""	""	""
1240	2018-02-09T00:00:00	13:49:00	SEM VÍTIMA	FINALIZADA	BOA VISTA	RUA DOM BOSCO	""	AV CONDE DA BOA VISTA	CRUZAMENTO COM COM CONDE DA BOA VISTA, SEMAFORO 021	RUA DOM BOSCO	""	CRUZAMENTO COM COM CONDE DA BOA VISTA, SEMAFORO 021	BOA VISTA		""	COLISÃO	DOIS AUTOS	2									0		""	""	""	""	""	""	""	""	""	""	""	""	""
1241	2018-02-09T00:00:00	14:00:00	SEM VÍTIMA	CANCELADA	VÁRZEA	RUA FRANCISCO TORRES	""	""	AO LADO DO CLUBE CAFUNDO, APOS A PONTE DA CAXANGA, SENTIDO CAMARAGIBE, PRIMEIRA A DIREITA	RUA FRANCISCO TORRES	""	AO LADO DO CLUBE CAFUNDO, APOS A PONTE DA CAXANGA, SENTIDO CAMARAGIBE, PRIMEIRA A DIREITA	VÁRZEA		""	COLISÃO	DOIS AUTOS	2									0		""	""	""	""	""	""	""	""	""	""	""	""	""
1242	2018-02-09T00:00:00	14:37:00	SEM VÍTIMA	CANCELADA	MADALENA	AV VISCONDE DE ALBUQUERQUE	123	""	DE FRENTE A SPUNK	AV VISCONDE DE ALBUQUERQUE	123	DE FRENTE A SPUNK	MADALENA		""	COLISÃO	COLISÃO SEM VITIMA	1	1								0		""	""	""	""	""	""	""	""	""	""	""	""	""
1243	2018-02-09T00:00:00	14:40:00	SEM VÍTIMA	FINALIZADA	SÃO JOSÉ	C SANTA RITA	""	""	EM FRENTE AO 16 PBM	C SANTA RITA	""	EM FRENTE AO 16 PBM	SÃO JOSÉ		""	CHOQUE	PRISMA DE CONCRETO										0		""	""	""	""	""	""	""	""	""	""	""	""	""
1244	2018-02-09T00:00:00	14:42:00	SEM VÍTIMA	FINALIZADA	IPSEP	RUA JEAN EMILE FAVRE	796	""	EM FRENTE A PAGUE MENOS	RUA JEAN EMILE FAVRE	796	EM FRENTE A PAGUE MENOS	IPSEP		""	COLISÃO	DOIS AUTOS S/V	2									0		""	""	""	""	""	""	""	""	""	""	""	""	""
1245	2018-02-09T00:00:00	14:47:00	SEM VÍTIMA	FINALIZADA	DERBY	PRC DO DERBY	""	""	E/F DA PARADA DO BRT NO SEMAFORO 075 S/T RECIFE	PRC DO DERBY	""	E/F DA PARADA DO BRT NO SEMAFORO 075 S/T RECIFE	DERBY		""	COLISÃO	COLISAO DE DOIS AUTOS S/V	2									0		""	""	""	""	""	""	""	""	""	""	""	""	""
1246	2018-02-09T00:00:00	15:15:00	SEM VÍTIMA	CANCELADA	BOA VIAGEM	RUA PADRE BERNADINO PESSOA	""	""	NAVEGANTES	RUA PADRE BERNADINO PESSOA	""	NAVEGANTES	BOA VIAGEM		""	COLISÃO	COLISÃO SEM VITIMA	2									0		""	""	""	""	""	""	""	""	""	""	""	""	""
1247	2018-02-09T00:00:00	15:33:00	SEM VÍTIMA	FINALIZADA	IPSEP	RUA PAMPULHA	""	""	JUNTO AO SEMAFORO 564, SENTIDO BOA VIAGEM	RUA PAMPULHA	""	JUNTO AO SEMAFORO 564, SENTIDO BOA VIAGEM	IPSEP		""	COLISÃO	COLISÃO SEM VITIMA	2									0		""	""	""	""	""	""	""	""	""	""	""	""	""
1248	2018-02-09T00:00:00	15:36:00	SEM VÍTIMA	CANCELADA	MADALENA	AV VISCONDE DE ALBUQUERQUE	""	""	EM FRENTE AO POSTO SHELL, SENTIDO MADALENA	AV VISCONDE DE ALBUQUERQUE	""	EM FRENTE AO POSTO SHELL, SENTIDO MADALENA	MADALENA		""	COLISÃO	AUTO E CAMINHAO	1						1			0		""	""	""	""	""	""	""	""	""	""	""	""	""
1249	2018-02-09T00:00:00	15:40:00	SEM VÍTIMA	FINALIZADA	CASA AMARELA	RUA CORREGO JOSE GRANDE	609	""	NO GIRADOURO, NA ESQUINA DA PADANIFICADORA SENHOR DO BONFIM	RUA CORREGO JOSE GRANDE	609	NO GIRADOURO, NA ESQUINA DA PADANIFICADORA SENHOR DO BONFIM	CASA AMARELA		""	COLISÃO	COLISÃO SEM VITIMA	2									0		""	""	""	""	""	""	""	""	""	""	""	""	""
1250	2018-02-09T00:00:00	15:46:00	SEM VÍTIMA	FINALIZADA	TORRE	RUA PADRE ANCHIETA	473	""	PROX. A CASA DE FESTA DI BRANCO	RUA PADRE ANCHIETA	473	PROX. A CASA DE FESTA DI BRANCO	TORRE		""	ENGAVETAMENTO	ENVOLVENDO 5 AUTOS PASSEIO	5									0		""	""	""	""	""	""	""	""	""	""	""	""	""
1251	2018-02-09T00:00:00	15:47:00	SEM VÍTIMA	FINALIZADA	AFLITOS	AV CONS ROSA E SILVA	""	""	DENTRO DO ESTACIONAMENTO DO PÃO DE AÇÚCAR	AV CONS ROSA E SILVA	""	DENTRO DO ESTACIONAMENTO DO PÃO DE AÇÚCAR	AFLITOS		""	COLISÃO	COLISÃO SEM VITIMA	2									0		""	""	""	""	""	""	""	""	""	""	""	""	""
1252	2018-02-09T00:00:00	16:11:00	SEM VÍTIMA	FINALIZADA	BOA VISTA	RUA DA AURORA	127	""	""	RUA DA AURORA	127	""	BOA VISTA		""	COLISÃO	COLISÃO SEM VITIMA - SITUAÇÃO REPASSADA PELO SI DÁRIO	1						1			0		""	""	""	""	""	""	""	""	""	""	""	""	""
1253	2018-02-09T00:00:00	16:30:00	SEM VÍTIMA	FINALIZADA	IPUTINGA	RUA GASPAR PEREZ	365	""	ANTES DA ANTIGA SEDE DO BOMPREÇO	RUA GASPAR PEREZ	365	ANTES DA ANTIGA SEDE DO BOMPREÇO	IPUTINGA		""	COLISÃO	COLISAO DE AUTO E MOTO S/V	1	1								0		""	""	""	""	""	""	""	""	""	""	""	""	""
1254	2018-02-09T00:00:00	16:32:00	SEM VÍTIMA	FINALIZADA	CAMPO GRANDE	RUA FRANKLIN TAVORA	""	""	PROX. A ESCOLA MARIO MELLO	RUA FRANKLIN TAVORA	""	PROX. A ESCOLA MARIO MELLO	CAMPO GRANDE		""	COLISÃO	COLISÃO SEM VITIMA	1						1			0		""	""	""	""	""	""	""	""	""	""	""	""	""
1255	2018-02-09T00:00:00	16:47:00	COM VÍTIMA	FINALIZADA	SANTO AMARO	AV CRUZ CABUGA	""	""	EM FRENTE AO COLEGIO GINÁSIO PERNAMBUCANO	AV CRUZ CABUGA	""	EM FRENTE AO COLEGIO GINÁSIO PERNAMBUCANO	SANTO AMARO		""	COLISÃO	COLISÃO COM VITIMA	1	1								1		""	""	""	""	""	""	""	""	""	""	""	""	""
1256	2018-02-09T00:00:00	17:14:00	SEM VÍTIMA	EQUIPE EM DESLOCAMENTO	IPSEP	AV RECIFE	""	""	ANTES DO MARTELINHO DE OURO, SENTIDO AEROPORTO	AV RECIFE	""	ANTES DO MARTELINHO DE OURO, SENTIDO AEROPORTO	IPSEP		""	COLISÃO	COLISÃO SEM VITIMA	1	1								0		""	""	""	""	""	""	""	""	""	""	""	""	""
1257	2018-02-09T00:00:00	17:43:00	SEM VÍTIMA	FINALIZADA	IBURA	AV DOM HELDER CAMARA	351	""	PROX. A ESCOLA APOLONO SALES	AV DOM HELDER CAMARA	351	PROX. A ESCOLA APOLONO SALES	IBURA		""	COLISÃO	COLISÃO SEM VITIMA	3									0		""	""	""	""	""	""	""	""	""	""	""	""	""
1258	2018-02-09T00:00:00	18:18:00	""	CANCELADA	IBURA	AV DOM HELDER CAMARA	""	""	PROX A BORRACHARIA RAY	AV DOM HELDER CAMARA	""	PROX A BORRACHARIA RAY	IBURA		""	ENGAVETAMENTO	TRES AUTO OBS::: BATEDORES DA CTTU 19 X 21 NO LOCAL	3									0		""	""	""	""	""	""	""	""	""	""	""	""	""
1259	2018-02-09T00:00:00	18:34:00	SEM VÍTIMA	FINALIZADA	ROSARINHO	AV NORTE	""	""	NA DECIDA DO VIADUTO DA AV NORTE PROX A PRC DA PICANHA SENTIDO CIDADE SUB	AV NORTE	""	NA DECIDA DO VIADUTO DA AV NORTE PROX A PRC DA PICANHA SENTIDO CIDADE SUB	ROSARINHO		""	COLISÃO	ONIBUS X AUTO	1					1				0		""	""	""	""	""	""	""	""	""	""	""	""	""
1260	2018-02-09T00:00:00	18:47:00	COM VÍTIMA	FINALIZADA	PINA	AVENIDA CELSO FURTADO (VIA MANGUE)	""	""	SNT RIO MAR / AO LADO DO ANTIGO AEROCLUBE DO PINA	AVENIDA CELSO FURTADO (VIA MANGUE)	""	SNT RIO MAR / AO LADO DO ANTIGO AEROCLUBE DO PINA	PINA		""	COLISÃO	ENTRE AUTO E MOTO. C/V	1	1								1		""	""	""	""	""	""	""	""	""	""	""	""	""
1261	2018-02-09T00:00:00	19:07:00	SEM VÍTIMA	CANCELADA	BOA VIAGEM	RUA PROF AURELIO DE CASTRO CAVALCANTI	211	""	EM FRENTE AO DEPÓSITO DA SEAWAY - PRÓXIMO A PASSARELA	RUA PROF AURELIO DE CASTRO CAVALCANTI	211	EM FRENTE AO DEPÓSITO DA SEAWAY - PRÓXIMO A PASSARELA	BOA VIAGEM		""	COLISÃO	COLISÃO ENVOLVENDO 02 AUTOS SEM VÍTIMAS	2									0		""	""	""	""	""	""	""	""	""	""	""	""	""
1262	2018-02-09T00:00:00	19:34:00	SEM VÍTIMA	FINALIZADA	IPSEP	RUA HELIO BRANDAO	""	RUA PINTOR ANTONIO ALBUQUERQUE	CRUZAMENTO COM A RUA PINTO ANTONIO DE ALBUQUERQUE SEMAFORO 293	RUA HELIO BRANDAO	""	CRUZAMENTO COM A RUA PINTO ANTONIO DE ALBUQUERQUE SEMAFORO 293	IPSEP		""	COLISÃO	DOIS AUTO	2									0		""	""	""	""	""	""	""	""	""	""	""	""	""
1263	2018-02-09T00:00:00	20:57:00	SEM VÍTIMA	FINALIZADA	CAXANGÁ	AV GENERAL SAN MARTIN	49	""	ESQUINA COM O TERMINAL DA CAXANGÁ	AV GENERAL SAN MARTIN	49	ESQUINA COM O TERMINAL DA CAXANGÁ	CAXANGÁ		""	COLISÃO	ENTRE 2 AUTOS. S/V	2									0		""	""	""	""	""	""	""	""	""	""	""	""	""
1264	2018-02-09T00:00:00	21:41:00	COM VÍTIMA	FINALIZADA	CASA FORTE	AV DEZESSETE DE AGOSTO	""	""	ENF A FARMACIA PAGUE MENOS SEMAFORO 646	AV DEZESSETE DE AGOSTO	""	ENF A FARMACIA PAGUE MENOS SEMAFORO 646	CASA FORTE		""	COLISÃO	FIESTA X AUTO	2									1		""	""	""	""	""	""	""	""	""	""	""	""	""
1265	2018-02-09T00:00:00	22:05:00	SEM VÍTIMA	FINALIZADA	GRAÇAS	RUA DES MARTINS PEREIRA	""	""	APÓS O CLUBE NAUTICO, PRIMEIRA A DIREITA	RUA DES MARTINS PEREIRA	""	APÓS O CLUBE NAUTICO, PRIMEIRA A DIREITA	GRAÇAS		""	COLISÃO	ENTRE 2 AUTOS. S/V	2									0		""	""	""	""	""	""	""	""	""	""	""	""	""
1266	2018-02-09T00:00:00	22:13:00	SEM VÍTIMA	FINALIZADA	BOA VIAGEM	RUA TENENTE DOMINGOS DE BRITO	1009	RUA RIBEIRO DE BRITO	ENF A DROGASIL CRUZAMENTO COM A RIBEIRO DE BRITO	RUA TENENTE DOMINGOS DE BRITO	1009	ENF A DROGASIL CRUZAMENTO COM A RIBEIRO DE BRITO	BOA VIAGEM		""	COLISÃO	DOIS AUTO	2									0		""	""	""	""	""	""	""	""	""	""	""	""	""
1267	2018-02-09T00:00:00	23:27:00	COM VÍTIMA	FINALIZADA	IPSEP	RUA JEAN EMILE FAVRE	""	RUA RIO AMAZONAS	ENFR A PADARIA PAO NORTE CRUZAMENTO COM A RUA RIO AMAZONAS	RUA JEAN EMILE FAVRE	""	ENFR A PADARIA PAO NORTE CRUZAMENTO COM A RUA RIO AMAZONAS	IPSEP		""	COLISÃO	DUAS MOTO		2								1		""	""	""	""	""	""	""	""	""	""	""	""	""
1268	2018-02-10T00:00:00	00:40:00	SEM VÍTIMA	FINALIZADA	SANTANA	RUA JORGE GOMES DE SA	""	""	EM FRENTE AO PARQUE SANTANA	RUA JORGE GOMES DE SA	""	EM FRENTE AO PARQUE SANTANA	SANTANA		""	COLISÃO	COLISÃO ENTRE DOIS AUTOS S/V	2									0		""	""	""	""	""	""	""	""	""	""	""	""	""
1269	2018-02-10T00:00:00	00:58:00	SEM VÍTIMA	FINALIZADA	BOA VIAGEM	RUA PADRE CARAPUCEIRO	""	AV FERNANDO SIMOES BARBOSA	CRUZAMENTO COM A AV. FERNANDO SIMÕES BARBOSA, SEMAFORO 321	RUA PADRE CARAPUCEIRO	""	CRUZAMENTO COM A AV. FERNANDO SIMÕES BARBOSA, SEMAFORO 321	BOA VIAGEM		""	COLISÃO	COLISÃO ENTRE DOIS AUTOS S/V	2									0		""	""	""	""	""	""	""	""	""	""	""	""	""
1270	2018-02-10T00:00:00	01:32:00	SEM VÍTIMA	FINALIZADA	CORDEIRO	AV CAXANGA	""	RUA SOUZA BANDEIRA	CRUZAMENTO COM RUA SOUZA BANDEIRA	AV CAXANGA	""	CRUZAMENTO COM RUA SOUZA BANDEIRA	CORDEIRO		""	COLISÃO	COLISÃO ENTRE DOIS AUTOS S/V	2									0		""	""	""	""	""	""	""	""	""	""	""	""	""
1271	2018-02-10T00:00:00	07:24:00	COM VÍTIMA	FINALIZADA	BOA VIAGEM	AV CONSELHEIRO AGUIAR	""	""	MERCADO DE BOA VIAGEM, PROX. AO PONTO DO AÇAI	AV CONSELHEIRO AGUIAR	""	MERCADO DE BOA VIAGEM, PROX. AO PONTO DO AÇAI	BOA VIAGEM		""	COLISÃO	COLISÃO COM VITIMA	1	1								1		""	""	""	""	""	""	""	""	""	""	""	""	""
1272	2018-02-10T00:00:00	08:07:00	COM VÍTIMA	FINALIZADA	TOTÓ	RUA ONZE DE AGOSTO	550	""	EM FRENTE AO CONDOMINO JARDIM BOTANICO	RUA ONZE DE AGOSTO	550	EM FRENTE AO CONDOMINO JARDIM BOTANICO	TOTÓ		""	COLISÃO	COM UMA VITIMA AGUARDANDO SAMU	1	1								1		""	""	""	""	""	""	""	""	""	""	""	""	""
1273	2018-02-10T00:00:00	09:22:00	SEM VÍTIMA	FINALIZADA	IPSEP	RUA POTENGY	431	""	EM FRENTE A GALERIA POTENGY	RUA POTENGY	431	EM FRENTE A GALERIA POTENGY	IPSEP		""	COLISÃO	TRES AUTOS	3									0		""	""	""	""	""	""	""	""	""	""	""	""	""
1274	2018-02-10T00:00:00	10:47:00	SEM VÍTIMA	FINALIZADA	CAMPO GRANDE	RUA SAO CAETANO	""	AV PROF FRANCISCO DA TRINDADE	POR TRAZ DO CLUB DAA PAES, NO CRUZAMENTO DA SÃO CAETANO COM A PROF. FRANCISCO DA TRINDADE	RUA SAO CAETANO	""	POR TRAZ DO CLUB DAA PAES, NO CRUZAMENTO DA SÃO CAETANO COM A PROF. FRANCISCO DA TRINDADE	CAMPO GRANDE		""	COLISÃO	COLISÃO COLISÃO	2									0		""	""	""	""	""	""	""	""	""	""	""	""	""
1275	2018-02-10T00:00:00	11:30:00	SEM VÍTIMA	FINALIZADA	CAMPO GRANDE	RUA SAO CAETANO	""	AV PROF FRANCISCO DA TRINDADE	POR TRAZ DO CLUB DAA PAES, NO CRUZAMENTO DA SÃO CAETANO COM A PROF. FRANCISCO DA TRINDADE	RUA SAO CAETANO	""	POR TRAZ DO CLUB DAA PAES, NO CRUZAMENTO DA SÃO CAETANO COM A PROF. FRANCISCO DA TRINDADE	CAMPO GRANDE		""	COLISÃO	COLISÃO SEM VITIMA	2									0		""	""	""	""	""	""	""	""	""	""	""	""	""
1276	2018-02-10T00:00:00	12:45:00	COM VÍTIMA	CANCELADA	AREIAS	AV DR JOSE RUFINO	""	""	EM FRENTE A HONDA SENTIDO CIDADE /SUBURBIO	AV DR JOSE RUFINO	""	EM FRENTE A HONDA SENTIDO CIDADE /SUBURBIO	AREIAS		""	COLISÃO	COLISÃO COM VITIMA										1		""	""	""	""	""	""	""	""	""	""	""	""	""
1277	2018-02-10T00:00:00	14:32:00	SEM VÍTIMA	FINALIZADA	IMBIRIBEIRA	AV MARECHAL MASCARENHAS DE MORAES	""	""	SENTIDO BOA VIAGEM PROX AO AEROPORTO EM FRENTE AO POSTO DE GASOLINA IPIRANGA	AV MARECHAL MASCARENHAS DE MORAES	""	SENTIDO BOA VIAGEM PROX AO AEROPORTO EM FRENTE AO POSTO DE GASOLINA IPIRANGA	IMBIRIBEIRA		""	COLISÃO	COLISÃO SEM VITIMAS	2					1				0		""	""	""	""	""	""	""	""	""	""	""	""	""
1278	2018-02-10T00:00:00	14:40:00	SEM VÍTIMA	FINALIZADA	CAMPO GRANDE	RUA VISCONDE DE CAIRU	110	RUA ODORICO MENDES	ESQUINA COM A R ODORICO MENDES	RUA VISCONDE DE CAIRU	110	ESQUINA COM A R ODORICO MENDES	CAMPO GRANDE		""	COLISÃO	ENTRE 2 AUTOS. S/V	2									0		""	""	""	""	""	""	""	""	""	""	""	""	""
1279	2018-02-10T00:00:00	15:19:00	COM VÍTIMA	FINALIZADA	CAXANGÁ	AV CAXANGA	""	""	SENTIDO SUBURBIO CIDADE EM FRENTE A PARADA DO BRT ESTAÇÃO ABOLIÇÃO E A CELPE	AV CAXANGA	""	SENTIDO SUBURBIO CIDADE EM FRENTE A PARADA DO BRT ESTAÇÃO ABOLIÇÃO E A CELPE	CAXANGÁ		""	COLISÃO	COLISÃO COM 1 VITIMA	1	1								1		""	""	""	""	""	""	""	""	""	""	""	""	""
1280	2018-02-10T00:00:00	18:00:00	SEM VÍTIMA	CANCELADA	SANTO AMARO	RUA DOS PALMARES	707	""	AO LADO DO PREDIO DO INSS E CONSELHO MUNICIPAL DE SAUDE	RUA DOS PALMARES	707	AO LADO DO PREDIO DO INSS E CONSELHO MUNICIPAL DE SAUDE	SANTO AMARO		""	COLISÃO	ONIBUS E AUTO	1					1				0		""	""	""	""	""	""	""	""	""	""	""	""	""
1281	2018-02-10T00:00:00	18:43:00	COM VÍTIMA	FINALIZADA	BOA VISTA	AV CONDE DA BOA VISTA	""	""	1º PARADA APÓS O SHOPPING SENTIDO SUBÚRBIO	AV CONDE DA BOA VISTA	""	1º PARADA APÓS O SHOPPING SENTIDO SUBÚRBIO	BOA VISTA		""	ATROPELAMENTO	ÔNIBUS						1				1		""	""	""	""	""	""	""	""	""	""	""	""	""
1282	2018-02-10T00:00:00	19:01:00	COM VÍTIMA	FINALIZADA	CASA FORTE	AV DEZESSETE DE AGOSTO	""	RUA LAURINDO COELHO	COM A RUA LAURINDO COELHO PROX. AO BANCO ITAU, EM FRENTE Á HYUNDAI	AV DEZESSETE DE AGOSTO	""	COM A RUA LAURINDO COELHO PROX. AO BANCO ITAU, EM FRENTE Á HYUNDAI	CASA FORTE		""	COLISÃO	AUTO E MOTO	1	1								1		""	""	""	""	""	""	""	""	""	""	""	""	""
1283	2018-02-10T00:00:00	19:08:00	SEM VÍTIMA	FINALIZADA	BOA VISTA	AV GOVERNADOR AGAMENON MAGALHAES	""	""	E/F A MCDONALDS E AO WALMART / SNT ROSA E SILVA	AV GOVERNADOR AGAMENON MAGALHAES	""	E/F A MCDONALDS E AO WALMART / SNT ROSA E SILVA	BOA VISTA		""	COLISÃO	ENTRE AUTO E ÔNIBUS. S/V	1					1				0		""	""	""	""	""	""	""	""	""	""	""	""	""
1284	2018-02-10T00:00:00	19:10:00	""	CANCELADA	BOA VISTA	AV CONDE DA BOA VISTA	""	""	APOS O SHOPPING BOA VISTA, EM FRENTE Á FAFIRE	AV CONDE DA BOA VISTA	""	APOS O SHOPPING BOA VISTA, EM FRENTE Á FAFIRE	BOA VISTA		""	ATROPELAMENTO	ONIBUS E PEDESTRE					1	1				1		""	""	""	""	""	""	""	""	""	""	""	""	""