_id	DATA	hora	natureza_acidente	situacao	bairro	endereco	numero	detalhe_endereco_acidente	complemento	endereco_cruzamento	numero_cruzamento	referencia_cruzamento	bairro_cruzamento	num_semaforo	sentido_via	tipo	descricao	auto	moto	ciclom	ciclista	pedestre	onibus	caminhao	viatura	outros	vitimas	vitimasfatais	acidente_verificado	tempo_clima	situacao_semaforo	sinalizacao	condicao_via	conservacao_via	ponto_controle	situacao_placa	velocidade_max_via	mao_direcao	divisao_via1	divisao_via2	divisao_via3
1285	2018-02-10T00:00:00	""	SEM VÍTIMA	CANCELADA	MACAXEIRA	RUA TEREZA CARNEIRO	""	""	PROX A ENTRADA DO BOLO DA NOIVA E BARRACA DO SPORT	RUA TEREZA CARNEIRO	""	PROX A ENTRADA DO BOLO DA NOIVA E BARRACA DO SPORT	MACAXEIRA		""	COLISÃO	ENTRE AUTO E MOTO. S/V	1	1								0		""	""	""	""	""	""	""	""	""	""	""	""	""
1286	2018-02-10T00:00:00	21:21:00	SEM VÍTIMA	FINALIZADA	ENCRUZILHADA	EST DE BELEM	1303	RUA MARIO SETE	ESQUINA COM A R MARIO SETE / E/F A PAM DOÇURA	EST DE BELEM	1303	ESQUINA COM A R MARIO SETE / E/F A PAM DOÇURA	ENCRUZILHADA		""	COLISÃO	ENTRE 2 AUTOS. S/V	2									0		""	""	""	""	""	""	""	""	""	""	""	""	""
1287	2018-02-11T00:00:00	01:14:00	COM VÍTIMA	FINALIZADA	SANTO AMARO	AV GOVERNADOR AGAMENON MAGALHAES	""	""	EM FRENTE AO SHOPPING TACARUNA	AV GOVERNADOR AGAMENON MAGALHAES	""	EM FRENTE AO SHOPPING TACARUNA	SANTO AMARO		""	COLISÃO	COLISÃO ENTRE DOIS AUTOS COM VÍTIMAS	2									1		""	""	""	""	""	""	""	""	""	""	""	""	""
1288	2018-02-11T00:00:00	05:14:00	SEM VÍTIMA	FINALIZADA	BOA VIAGEM	RUA VISCONDE DE JEQUITINHONHA	S/N	RUA MARIO DE CASTRO	COM A RUA MÁRIO DE CASTRO	RUA VISCONDE DE JEQUITINHONHA	S/N	COM A RUA MÁRIO DE CASTRO	BOA VIAGEM		""	CHOQUE	CHOCOU-SE NO POSTE DE FERRO COM FOTO CESOR SERTEL	1									0		""	""	""	""	""	""	""	""	""	""	""	""	""
1289	2018-02-11T00:00:00	07:07:00	SEM VÍTIMA	FINALIZADA	IMBIRIBEIRA	AV MARECHAL MASCARENHAS DE MORAES	""	""	FINAL DO MURO DO AEROPORTO ENTRANDO PARA O JORDAO ALTO	AV MARECHAL MASCARENHAS DE MORAES	""	FINAL DO MURO DO AEROPORTO ENTRANDO PARA O JORDAO ALTO	IMBIRIBEIRA		""	CHOQUE	VEICULO CHOCOU-SE COM O MURO DO AEROPORTO	1									0		""	""	""	""	""	""	""	""	""	""	""	""	""
1290	2018-02-11T00:00:00	07:16:00	VÍTIMA FATAL	FINALIZADA	IBURA	AV DOIS RIOS	1483	""	IBURA DE BAIXO NA SUBIDA DO JORDÃO PROX AO POSTO DE GASOLINA BR EM FRENTE AO ARMAZEM FERRAGENS EM BAIXO DO SEMAFORO 351	AV DOIS RIOS	1483	IBURA DE BAIXO NA SUBIDA DO JORDÃO PROX AO POSTO DE GASOLINA BR EM FRENTE AO ARMAZEM FERRAGENS EM BAIXO DO SEMAFORO 351	IBURA		""	COLISÃO	COLISÃO COM 2 VITIMAS		2								2	1	""	""	""	""	""	""	""	""	""	""	""	""	""
1291	2018-02-11T00:00:00	07:20:00	SEM VÍTIMA	CANCELADA	IPSEP	AV RECIFE	""	""	SEMAFORO 393 SENT BOA VIAGEM / EM FRENTE AO POSTO BR	AV RECIFE	""	SEMAFORO 393 SENT BOA VIAGEM / EM FRENTE AO POSTO BR	IPSEP		""	COLISÃO	CARRETA E AUTO	1						1			0		""	""	""	""	""	""	""	""	""	""	""	""	""
1292	2018-02-11T00:00:00	08:57:00	SEM VÍTIMA	FINALIZADA	MADALENA	RUA BENFICA	""	""	EM FRENTE AO MUSEU A ABOLISAO SEMAFORO 257	RUA BENFICA	""	EM FRENTE AO MUSEU A ABOLISAO SEMAFORO 257	MADALENA		""	COLISÃO	ONIBUS E AUTO PASSEIO	1					1				0		""	""	""	""	""	""	""	""	""	""	""	""	""
1293	2018-02-11T00:00:00	14:04:00	SEM VÍTIMA	CANCELADA	AFLITOS	AV CONS ROSA E SILVA	999	""	AO LADO DO CAMPO DO NAUTICO	AV CONS ROSA E SILVA	999	AO LADO DO CAMPO DO NAUTICO	AFLITOS		""	COLISÃO	DOIS AUTOS S/V	2									0		""	""	""	""	""	""	""	""	""	""	""	""	""
1294	2018-02-11T00:00:00	15:22:00	SEM VÍTIMA	FINALIZADA	DERBY	AV GOVERNADOR AGAMENON MAGALHAES	""	""	NA FRENTE DO TRE, SENTIDO BOA VIAGEM	AV GOVERNADOR AGAMENON MAGALHAES	""	NA FRENTE DO TRE, SENTIDO BOA VIAGEM	DERBY		""	COLISÃO	COLISÃO SEM VITIMAS	1	1								0		""	""	""	""	""	""	""	""	""	""	""	""	""
1295	2018-02-11T00:00:00	16:39:00	COM VÍTIMA	FINALIZADA	MUSTARDINHA	AV MANOEL GONCALVES DA LUZ	""	""	EM FRENTE Á GRAFICA ABC	AV MANOEL GONCALVES DA LUZ	""	EM FRENTE Á GRAFICA ABC	MUSTARDINHA		""	COLISÃO	AUTO E MOTO	1	1								1		""	""	""	""	""	""	""	""	""	""	""	""	""
1296	2018-02-11T00:00:00	17:09:00	SEM VÍTIMA	FINALIZADA	CORDEIRO	RUA CLAUDIO BROTHERHOOD	""	RUA MIGUEL VIEIRA	NO CRUSAMENTO COM A MIGUEL VIEIRA, COLEGIO NOVA GERALÇÃO 2000	RUA CLAUDIO BROTHERHOOD	""	NO CRUSAMENTO COM A MIGUEL VIEIRA, COLEGIO NOVA GERALÇÃO 2000	CORDEIRO		""	COLISÃO	COLISÃO SEM VITMA	2									0		""	""	""	""	""	""	""	""	""	""	""	""	""
1297	2018-02-11T00:00:00	17:19:00	COM VÍTIMA	FINALIZADA	MACAXEIRA	AV NORTE	7490	""	EM FRENTE DO RESTAURANTE NORTE GRILL SENT. INTEGRAÇÃO	AV NORTE	7490	EM FRENTE DO RESTAURANTE NORTE GRILL SENT. INTEGRAÇÃO	MACAXEIRA		""	COLISÃO	DUAS MOTOS		2								3		""	""	""	""	""	""	""	""	""	""	""	""	""
1298	2018-02-11T00:00:00	19:33:00	SEM VÍTIMA	CANCELADA	BAIRRO DO RECIFE	PTE BUARQUE DE MACEDO	""	""	ENCIMA DA PONTE	PTE BUARQUE DE MACEDO	""	ENCIMA DA PONTE	BAIRRO DO RECIFE		""	COLISÃO	ONIBUS X TAXI	1					1				0		""	""	""	""	""	""	""	""	""	""	""	""	""
1299	2018-02-11T00:00:00	19:56:00	SEM VÍTIMA	FINALIZADA	FUNDÃO	AV BEBERIBE	2666	""	PROX AO ALTO E BAIXO DEPOIS DO CAMPO DO SANTA CRUZ	AV BEBERIBE	2666	PROX AO ALTO E BAIXO DEPOIS DO CAMPO DO SANTA CRUZ	FUNDÃO		""	ENGAVETAMENTO	TRES AUTO	3									0		""	""	""	""	""	""	""	""	""	""	""	""	""
1300	2018-02-11T00:00:00	20:48:00	COM VÍTIMA	FINALIZADA	CASA AMARELA	AV NORTE	""	""	ENFR AO DESCONTAO DA AV NORTE SENTIDO CENTRO	AV NORTE	""	ENFR AO DESCONTAO DA AV NORTE SENTIDO CENTRO	CASA AMARELA		""	ATROPELAMENTO	MOTO X PEDESTRE		1			1					1		""	""	""	""	""	""	""	""	""	""	""	""	""
1301	2018-02-11T00:00:00	23:39:00	SEM VÍTIMA	FINALIZADA	SANTO ANTÔNIO	PRC DA REPUBLICA	""	AV DANTAS BARRETO	AO LADO DO TEATRO SANTA IZABEL PROX A CAXIA ECONOMICA DE ESQUINA COM AV TANTAS BARRETO	PRC DA REPUBLICA	""	AO LADO DO TEATRO SANTA IZABEL PROX A CAXIA ECONOMICA DE ESQUINA COM AV TANTAS BARRETO	SANTO ANTÔNIO		""	COLISÃO	ONIBUS GLOBO X TAXI	1									0		""	""	""	""	""	""	""	""	""	""	""	""	""
1302	2018-02-12T00:00:00	00:18:00	COM VÍTIMA	FINALIZADA	PORTO DA MADEIRA	AV BEBERIBE	""	""	PRÓXIMO AO ANTIGO BAR DALVA DE OLIVEIRA // PRÓXIMO AO SEST/SENAT	AV BEBERIBE	""	PRÓXIMO AO ANTIGO BAR DALVA DE OLIVEIRA // PRÓXIMO AO SEST/SENAT	PORTO DA MADEIRA		""	COLISÃO	COLISÃO ENTRE MOTO E TÁXI COM VÍTIMAS	1	1								2		""	""	""	""	""	""	""	""	""	""	""	""	""
1303	2018-02-12T00:00:00	00:49:00	SEM VÍTIMA	CANCELADA	SÃO JOSÉ	AV N S DO CARMO	""	RUA IMPERADOR PEDRO II	SEMÁFORO 203 DE ESQUINA CO A LOJA NARCISO	AV N S DO CARMO	""	SEMÁFORO 203 DE ESQUINA CO A LOJA NARCISO	SÃO JOSÉ		""	COLISÃO	SEM VÍTIMAS	2									0		""	""	""	""	""	""	""	""	""	""	""	""	""
1304	2018-02-12T00:00:00	01:20:00	SEM VÍTIMA	FINALIZADA	SÃO JOSÉ	RUA DR JOSE MARIANO	""	PTE VELHA	CRUZAMENTO COM A PONTE VELHA	RUA DR JOSE MARIANO	""	CRUZAMENTO COM A PONTE VELHA	SÃO JOSÉ		""	COLISÃO	COLISÃO ENTRE DOIS AUTOS SEM VÍTIMAS	2									0		""	""	""	""	""	""	""	""	""	""	""	""	""
1305	2018-02-12T00:00:00	03:50:00	SEM VÍTIMA	FINALIZADA	BOA VIAGEM	AV ENGENHEIRO DOMINGOS FERREIRA	2842	""	E/F A TORRE DE MADRID	AV ENGENHEIRO DOMINGOS FERREIRA	2842	E/F A TORRE DE MADRID	BOA VIAGEM		""	COLISÃO	SEM VÍTIMAS	2									0		""	""	""	""	""	""	""	""	""	""	""	""	""
1306	2018-02-12T00:00:00	06:49:00	SEM VÍTIMA	CANCELADA	BOA VIAGEM	RUA MAMANGUAPE	936	""	E/F AO EDF. CHATEAU VERSALES	RUA MAMANGUAPE	936	E/F AO EDF. CHATEAU VERSALES	BOA VIAGEM		""	COLISÃO	SEM VÍTIMAS	1					1				0		""	""	""	""	""	""	""	""	""	""	""	""	""
1307	2018-02-12T00:00:00	07:47:00	SEM VÍTIMA	FINALIZADA	CAXANGÁ	AV CAXANGA	4251	""	NA FRENTE DA CAXANGÁ VEICULO , SENTIDO CIDADE	AV CAXANGA	4251	NA FRENTE DA CAXANGÁ VEICULO , SENTIDO CIDADE	CAXANGÁ		""	COLISÃO	COLISÃO SEM VITIMA	2									0		""	""	""	""	""	""	""	""	""	""	""	""	""
1308	2018-02-12T00:00:00	10:48:00	SEM VÍTIMA	FINALIZADA	ENCRUZILHADA	RUA AMARO COUTINHO	40	""	AO LADO DA BIG BEN EM FRENTE AO MERCADO DA ENCRUZILHADA	RUA AMARO COUTINHO	40	AO LADO DA BIG BEN EM FRENTE AO MERCADO DA ENCRUZILHADA	ENCRUZILHADA		""	COLISÃO	COLISÃO SEM VITIMAS	2									0		""	""	""	""	""	""	""	""	""	""	""	""	""
1309	2018-02-12T00:00:00	12:21:00	SEM VÍTIMA	FINALIZADA	CAMPO GRANDE	RUA JONAS GUERRA	45	""	AO LADO DA ESCOLA MARIO MELO	RUA JONAS GUERRA	45	AO LADO DA ESCOLA MARIO MELO	CAMPO GRANDE		""	COLISÃO	COLISÃO SEM VITIMAS										0		""	""	""	""	""	""	""	""	""	""	""	""	""
1310	2018-02-12T00:00:00	12:44:00	SEM VÍTIMA	CANCELADA	TORRE	RUA JOSE BONIFACIO	1315	""	ESTÃO DENTRO DO CARREFOR, NA ENTRADA PRINCIPAL	RUA JOSE BONIFACIO	1315	ESTÃO DENTRO DO CARREFOR, NA ENTRADA PRINCIPAL	TORRE		""	COLISÃO	COLISÃO SEM VITIMA	2									0		""	""	""	""	""	""	""	""	""	""	""	""	""
1311	2018-02-12T00:00:00	14:26:00	SEM VÍTIMA	FINALIZADA	AFOGADOS	EST DOS REMEDIOS	988	""	PROX AO BAR DO CABOCLINHO EM FRENTE AO POSTO DE GASOLINA IPIRANGA	EST DOS REMEDIOS	988	PROX AO BAR DO CABOCLINHO EM FRENTE AO POSTO DE GASOLINA IPIRANGA	AFOGADOS		""	COLISÃO	COLISÃO SEM VITIMAS	2									0		""	""	""	""	""	""	""	""	""	""	""	""	""
1312	2018-02-12T00:00:00	16:36:00	SEM VÍTIMA	CANCELADA	BOA VIAGEM	AV BOA VIAGEM	3610	""	EM FRENTE AO EDIFICIO PORTO CANOAS	AV BOA VIAGEM	3610	EM FRENTE AO EDIFICIO PORTO CANOAS	BOA VIAGEM		""	COLISÃO	COLISÃO SEM VÍTIMA	2									0		""	""	""	""	""	""	""	""	""	""	""	""	""
1313	2018-02-12T00:00:00	16:59:00	SEM VÍTIMA	FINALIZADA	NOVA DESCOBERTA	TRV DO COMISSARIO	A8	""	APÓS O BAR JOSE PEQUENO	TRV DO COMISSARIO	A8	APÓS O BAR JOSE PEQUENO	NOVA DESCOBERTA		""	CHOQUE	VIATURA DA POLICIA CHOCOU-SE COM CANO DE CONCRETO								1		0		""	""	""	""	""	""	""	""	""	""	""	""	""
1314	2018-02-12T00:00:00	18:30:00	SEM VÍTIMA	FINALIZADA	BOA VISTA	RUA DA SANTA CRUZ	""	""	ENFR AO MERCADO DA BOA VISTA	RUA DA SANTA CRUZ	""	ENFR AO MERCADO DA BOA VISTA	BOA VISTA		""	COLISÃO	ONIBUS X PRISMA	1					1				0		""	""	""	""	""	""	""	""	""	""	""	""	""
1315	2018-02-12T00:00:00	18:43:00	SEM VÍTIMA	FINALIZADA	BOA VIAGEM	RUA JORGE COUCEIRO DA COSTA EIRAS	685	""	PROX A ECOLA ESTADUAL PROFESSORA NALDA ESTINELE	RUA JORGE COUCEIRO DA COSTA EIRAS	685	PROX A ECOLA ESTADUAL PROFESSORA NALDA ESTINELE	BOA VIAGEM		""	COLISÃO	VEICULO X VAN	1					1				0		""	""	""	""	""	""	""	""	""	""	""	""	""
1316	2018-02-12T00:00:00	19:51:00	SEM VÍTIMA	FINALIZADA	AREIAS	AV RECIFE	657	""	EM FRENTE AO LABORATORIO CERPE	AV RECIFE	657	EM FRENTE AO LABORATORIO CERPE	AREIAS		""	COLISÃO	DOIS AUTOS S/V	2									0		""	""	""	""	""	""	""	""	""	""	""	""	""
1317	2018-02-12T00:00:00	20:56:00	SEM VÍTIMA	FINALIZADA	BOA VISTA	RUA DA AURORA	""	""	ENF AO BANCO CENTRAL DO BRASIL E CLUB NAUTICO REMO	RUA DA AURORA	""	ENF AO BANCO CENTRAL DO BRASIL E CLUB NAUTICO REMO	BOA VISTA		""	ENGAVETAMENTO	TAXI X CLASSIC X SANDERO	3									0		""	""	""	""	""	""	""	""	""	""	""	""	""
1318	2018-02-12T00:00:00	21:19:00	SEM VÍTIMA	FINALIZADA	PRADO	AV ENGENHEIRO ABDIAS DE CARVALHO	""	""	AO LADO OPOSTO DO HABIB´S SENTIDO ESPORT OBS::: VT 06 DA CTTU ESTA NO LOCAL	AV ENGENHEIRO ABDIAS DE CARVALHO	""	AO LADO OPOSTO DO HABIB´S SENTIDO ESPORT OBS::: VT 06 DA CTTU ESTA NO LOCAL	PRADO		""	COLISÃO	DOIS AUTO OBS::: VT 06 DA CTTU ESTA NO LOCAL	2									0		""	""	""	""	""	""	""	""	""	""	""	""	""
1319	2018-02-12T00:00:00	22:30:00	SEM VÍTIMA	FINALIZADA	SANTO AMARO	RUA CAPITAO LIMA	""	RUA DA FUNDICAO	CRUZAMENTO DA RUA DA FUNDICAO PROX A ANTENA DA RED GLOBO	RUA CAPITAO LIMA	""	CRUZAMENTO DA RUA DA FUNDICAO PROX A ANTENA DA RED GLOBO	SANTO AMARO		""	COLISÃO	AUTO E MOTO	1	1								0		""	""	""	""	""	""	""	""	""	""	""	""	""
1320	2018-02-12T00:00:00	23:30:00	SEM VÍTIMA	CANCELADA	BEBERIBE	AV BEBERIBE	4446	""	ENF FRANGO AVE DEPOIS DA ROGE PIZZA	AV BEBERIBE	4446	ENF FRANGO AVE DEPOIS DA ROGE PIZZA	BEBERIBE		""	COLISÃO	TAXI X MOTO	1	1								0		""	""	""	""	""	""	""	""	""	""	""	""	""
1321	2018-02-13T00:00:00	04:44:00	SEM VÍTIMA	FINALIZADA	BAIRRO DO RECIFE	CAIS DO APOLO	""	""	EM FRENTE A PCR	CAIS DO APOLO	""	EM FRENTE A PCR	BAIRRO DO RECIFE		""	CAPOTAMENTO	""	1									0		""	""	""	""	""	""	""	""	""	""	""	""	""
1322	2018-02-13T00:00:00	06:55:00	SEM VÍTIMA	CANCELADA	ARRUDA	RUA DAS MOCAS	77	""	EM FRENTE AO EDF SEPTEMB / POR TRS DO ARMAZEM CORAL	RUA DAS MOCAS	77	EM FRENTE AO EDF SEPTEMB / POR TRS DO ARMAZEM CORAL	ARRUDA		""	CHOQUE	TAXI CHOCOU-SE COM O PORTAO DO EDF	1									0		""	""	""	""	""	""	""	""	""	""	""	""	""
1323	2018-02-13T00:00:00	07:11:00	SEM VÍTIMA	CANCELADA	IMBIRIBEIRA	AV MARECHAL MASCARENHAS DE MORAES	1022	""	E/F AO POSTO DE GASOLINA PETROMEGA, SENTIDO BOA VIAGEM. APÓS O SEMÁFORO 396	AV MARECHAL MASCARENHAS DE MORAES	1022	E/F AO POSTO DE GASOLINA PETROMEGA, SENTIDO BOA VIAGEM. APÓS O SEMÁFORO 396	IMBIRIBEIRA		""	COLISÃO	SEM VÍTIMAS	2									0		""	""	""	""	""	""	""	""	""	""	""	""	""
1324	2018-02-13T00:00:00	09:17:00	COM VÍTIMA	FINALIZADA	SANTO AMARO	AV NORTE	XXX	AV CRUZ CABUGA	CRUZAMENTO COM A AVENIDA CRUZ CABUGÁ	AV NORTE	XXX	CRUZAMENTO COM A AVENIDA CRUZ CABUGÁ	SANTO AMARO		""	COLISÃO	COLISÃO ENVOLVENDO VIATURA DA PM-PE E MOTO	2									2		""	""	""	""	""	""	""	""	""	""	""	""	""
1325	2018-02-13T00:00:00	11:29:00	SEM VÍTIMA	FINALIZADA	BOA VIAGEM	RUA DR VICENTE GOMES	""	""	SEMAFORO 060	RUA DR VICENTE GOMES	""	SEMAFORO 060	BOA VIAGEM		""	COLISÃO	AUTO E ONIBUS 	1					1				0		""	""	""	""	""	""	""	""	""	""	""	""	""
1326	2018-02-13T00:00:00	12:13:00	SEM VÍTIMA	CANCELADA	PINA	AV ANTONIO DE GOES	""	""	EM FRENTE AO POSTO PRETOCAL	AV ANTONIO DE GOES	""	EM FRENTE AO POSTO PRETOCAL	PINA		""	COLISÃO	COLISÃO SEM VÍTIMA	1	1								0		""	""	""	""	""	""	""	""	""	""	""	""	""
1327	2018-02-13T00:00:00	12:17:00	SEM VÍTIMA	CANCELADA	SANTO AMARO	RUA DR MARIO MELO FILHO	292	""	EM FRENTE A ESCOLA SILVIO RABELO	RUA DR MARIO MELO FILHO	292	EM FRENTE A ESCOLA SILVIO RABELO	SANTO AMARO		""	COLISÃO	DOIS AUTOS S/V	2									0		""	""	""	""	""	""	""	""	""	""	""	""	""
1328	2018-02-13T00:00:00	12:37:00	SEM VÍTIMA	FINALIZADA	VÁRZEA	AV CAXANGA	""	""	EM FRENTE AO RESIDENCIAL CAXANGA, SEMAFORO 232, SENTIDO VARZEA	AV CAXANGA	""	EM FRENTE AO RESIDENCIAL CAXANGA, SEMAFORO 232, SENTIDO VARZEA	VÁRZEA		""	ENGAVETAMENTO	ENTRE 4 AUTOS PASSEIO	4									0		""	""	""	""	""	""	""	""	""	""	""	""	""
1329	2018-02-13T00:00:00	13:39:00	SEM VÍTIMA	FINALIZADA	ENCRUZILHADA	RUA FERNANDO CESAR	""	""	PROX. AO BAR DO TOINHAO, E A PRAÇA DO CAMINHONEIRO	RUA FERNANDO CESAR	""	PROX. AO BAR DO TOINHAO, E A PRAÇA DO CAMINHONEIRO	ENCRUZILHADA		""	COLISÃO	DOIS AUTOS S/V	2									0		""	""	""	""	""	""	""	""	""	""	""	""	""
1330	2018-02-13T00:00:00	16:15:00	SEM VÍTIMA	FINALIZADA	IMBIRIBEIRA	AV MARECHAL MASCARENHAS DE MORAES	""	""	EM FRENTE AO GERALDAO, SENTIDO PALMARES	AV MARECHAL MASCARENHAS DE MORAES	""	EM FRENTE AO GERALDAO, SENTIDO PALMARES	IMBIRIBEIRA		""	COLISÃO	AUTO E ONIBUS 	1					1				0		""	""	""	""	""	""	""	""	""	""	""	""	""
1331	2018-02-13T00:00:00	19:34:00	SEM VÍTIMA	FINALIZADA	CORDEIRO	AV MARIO ALVARES PEREIRA DE LYRA	323	""	PROX. DO PARAISO DISTRIBUIDORA E MERCADINHO E PADARIA O BARATÃO	AV MARIO ALVARES PEREIRA DE LYRA	323	PROX. DO PARAISO DISTRIBUIDORA E MERCADINHO E PADARIA O BARATÃO	CORDEIRO		""	COLISÃO	DOIS AUTOS S/V	2									0		""	""	""	""	""	""	""	""	""	""	""	""	""
1332	2018-02-13T00:00:00	20:03:00	SEM VÍTIMA	FINALIZADA	CASA AMARELA	RUA PADRE LEMOS	""	""	AO LADO DA FIGUEIRAS CALÇADOS E A IGREJA UNIVERSAL	RUA PADRE LEMOS	""	AO LADO DA FIGUEIRAS CALÇADOS E A IGREJA UNIVERSAL	CASA AMARELA		""	COLISÃO	DOIS AUTO	2									0		""	""	""	""	""	""	""	""	""	""	""	""	""
1333	2018-02-14T00:00:00	00:19:00	SEM VÍTIMA	FINALIZADA	IMBIRIBEIRA	AV MARECHAL MASCARENHAS DE MORAES	""	""	NO POSTO DE GASOLINA PETROCAL, EM FRENTE DO JUIZADO ESPECIAL DO RECIFE	AV MARECHAL MASCARENHAS DE MORAES	""	NO POSTO DE GASOLINA PETROCAL, EM FRENTE DO JUIZADO ESPECIAL DO RECIFE	IMBIRIBEIRA		""	COLISÃO	TAXI E AUTO	2									0		""	""	""	""	""	""	""	""	""	""	""	""	""
1334	2018-02-14T00:00:00	01:45:00	SEM VÍTIMA	FINALIZADA	BOA VISTA	RUA DA AURORA	""	RUA PRINCESA IZABEL	COM A RUA PRINCESA IZABEL	RUA DA AURORA	""	COM A RUA PRINCESA IZABEL	BOA VISTA		""	COLISÃO	DOIS AUTO										0		""	""	""	""	""	""	""	""	""	""	""	""	""
1335	2018-02-14T00:00:00	04:36:00	SEM VÍTIMA	FINALIZADA	BOA VIAGEM	AV ENGENHEIRO DOMINGOS FERREIRA	""	RUA FELIZ DE BRITO E MELO	CRUZAMENTO COM A RUA FÉLIX DE BRITO // LOGO APÓS O CARREFUOR	AV ENGENHEIRO DOMINGOS FERREIRA	""	CRUZAMENTO COM A RUA FÉLIX DE BRITO // LOGO APÓS O CARREFUOR	BOA VIAGEM		""	COLISÃO	COLISÃO ENTRE DOIS AUTOS SEM VÍTIMAS	2									0		""	""	""	""	""	""	""	""	""	""	""	""	""
1336	2018-02-14T00:00:00	07:25:00	COM VÍTIMA	FINALIZADA	TORRÕES	EST DO FORTE DO ARRAIAL N. DO B. JESUS	1615	""	EM FRENTE A LAVANDERIA ROUPA LIMPA HA DERZ METROS DO RESTAURANTE YOKI	EST DO FORTE DO ARRAIAL N. DO B. JESUS	1615	EM FRENTE A LAVANDERIA ROUPA LIMPA HA DERZ METROS DO RESTAURANTE YOKI	TORRÕES		""	COLISÃO COM CICLISTA	COM UMA VITIMA,BOMBEIROS NO LOCAL	1			1						1		""	""	""	""	""	""	""	""	""	""	""	""	""
1337	2018-02-14T00:00:00	08:23:00	COM VÍTIMA	FINALIZADA	SAN MARTIN	AV JOAO CABRAL DE MELO NETO	""	""	EM FRENTE RESTAURANTE E PIZARIA GIGANTE NEGRO	AV JOAO CABRAL DE MELO NETO	""	EM FRENTE RESTAURANTE E PIZARIA GIGANTE NEGRO	SAN MARTIN		""	COLISÃO COM CICLISTA	COLISÃO ENVOLVENDO ALTO E CICLISTA	1			1						1		""	""	""	""	""	""	""	""	""	""	""	""	""
1338	2018-02-14T00:00:00	08:30:00	SEM VÍTIMA	FINALIZADA	ÁGUA FRIA	AV BEBERIBE	""	""	EM FRENTE AO MERCADO D.AGUA FRIA	AV BEBERIBE	""	EM FRENTE AO MERCADO D.AGUA FRIA	ÁGUA FRIA		""	COLISÃO	COLISÃO SEM VITIMAS	1					1				0		""	""	""	""	""	""	""	""	""	""	""	""	""
1339	2018-02-14T00:00:00	10:09:00	COM VÍTIMA	FINALIZADA	AFOGADOS	RUA SAO MIGUEL	670	""	EM FRENTE DA OFICINA MECANICA O PORTUGUES	RUA SAO MIGUEL	670	EM FRENTE DA OFICINA MECANICA O PORTUGUES	AFOGADOS		""	COLISÃO	COM UMA VITIMA AGUARDANDO SOCORRO	1	1								1		""	""	""	""	""	""	""	""	""	""	""	""	""
1340	2018-02-14T00:00:00	10:47:00	SEM VÍTIMA	FINALIZADA	ÁGUA FRIA	RUA ALEGRE	36	AV BEBERIBE	COM A AV BEBERIBE / SENT SUB	RUA ALEGRE	36	COM A AV BEBERIBE / SENT SUB	ÁGUA FRIA		""	COLISÃO	DOIS AUTOS	2									0		""	""	""	""	""	""	""	""	""	""	""	""	""
1341	2018-02-14T00:00:00	11:10:00	SEM VÍTIMA	FINALIZADA	IMBIRIBEIRA	RUA MINISTRO SALGADO FILHO	""	""	DENTRO DO AEROPORTO	RUA MINISTRO SALGADO FILHO	""	DENTRO DO AEROPORTO	IMBIRIBEIRA		""	COLISÃO	SEM VITIMAS CTTU NO LOCAL,VT 29	1					1				0		""	""	""	""	""	""	""	""	""	""	""	""	""
1342	2018-02-14T00:00:00	11:11:00	SEM VÍTIMA	FINALIZADA	IPSEP	AV RECIFE	""	""	SEMAFORO 130 / SENT SUB	AV RECIFE	""	SEMAFORO 130 / SENT SUB	IPSEP		""	COLISÃO	MOTO E AUTO	1	1								0		""	""	""	""	""	""	""	""	""	""	""	""	""
1343	2018-02-14T00:00:00	12:10:00	COM VÍTIMA	FINALIZADA	BOA VISTA	RUA PRINCESA IZABEL	""	RUA DO HOSPICIO	COM RUA HOSPICIO	RUA PRINCESA IZABEL	""	COM RUA HOSPICIO	BOA VISTA		""	COLISÃO	""	1	1								1		""	""	""	""	""	""	""	""	""	""	""	""	""
1344	2018-02-14T00:00:00	12:51:00	SEM VÍTIMA	FINALIZADA	BOA VIAGEM	AV ARMINDO MOURA	500	""	EM FRENTE AO QUARTEL E AO POSTO DE GASOLINA IPIRANGA	AV ARMINDO MOURA	500	EM FRENTE AO QUARTEL E AO POSTO DE GASOLINA IPIRANGA	BOA VIAGEM		""	COLISÃO	COLISÃO SEM VITIMAS	1									0		""	""	""	""	""	""	""	""	""	""	""	""	""
1345	2018-02-14T00:00:00	13:11:00	SEM VÍTIMA	FINALIZADA	SANTO AMARO	RUA FRANCISCO JACINTO	135	""	EM FRENTE AO ESQUINA GRILL	RUA FRANCISCO JACINTO	135	EM FRENTE AO ESQUINA GRILL	SANTO AMARO		""	COLISÃO	COLISÃO SEM VITIMAS	2									0		""	""	""	""	""	""	""	""	""	""	""	""	""
1346	2018-02-14T00:00:00	13:14:00	SEM VÍTIMA	FINALIZADA	BOA VIAGEM	RUA ERNESTO DE PAULA SANTOS	""	RUA DOS NAVEGANTES	CRUZAMENTO COM A NAVEGANTES	RUA ERNESTO DE PAULA SANTOS	""	CRUZAMENTO COM A NAVEGANTES	BOA VIAGEM		""	COLISÃO	DOIS AUTOS	2									0		""	""	""	""	""	""	""	""	""	""	""	""	""
1347	2018-02-14T00:00:00	13:58:00	SEM VÍTIMA	FINALIZADA	IMBIRIBEIRA	RUA DUQUE ESTRADA	""	RUA BARAO DE AGUA BRANCA	COM BARÃO DE ÁGUA BRANCA	RUA DUQUE ESTRADA	""	COM BARÃO DE ÁGUA BRANCA	IMBIRIBEIRA		""	COLISÃO	""	2									0		""	""	""	""	""	""	""	""	""	""	""	""	""