_id	DATA	hora	natureza_acidente	situacao	bairro	endereco	numero	detalhe_endereco_acidente	complemento	endereco_cruzamento	numero_cruzamento	referencia_cruzamento	bairro_cruzamento	num_semaforo	sentido_via	tipo	descricao	auto	moto	ciclom	ciclista	pedestre	onibus	caminhao	viatura	outros	vitimas	vitimasfatais	acidente_verificado	tempo_clima	situacao_semaforo	sinalizacao	condicao_via	conservacao_via	ponto_controle	situacao_placa	velocidade_max_via	mao_direcao	divisao_via1	divisao_via2	divisao_via3
1348	2018-02-14T00:00:00	15:19:00	SEM VÍTIMA	FINALIZADA	BOA VIAGEM	RUA VISCONDE DE JEQUITINHONHA	""	RUA DOM JOSE LOPES	NO CRUZAMENTO COM RUA DOM JOSE LOPES	RUA VISCONDE DE JEQUITINHONHA	""	NO CRUZAMENTO COM RUA DOM JOSE LOPES	BOA VIAGEM		""	COLISÃO	DOIS AUTOS S/V	2									0		""	""	""	""	""	""	""	""	""	""	""	""	""
1349	2018-02-14T00:00:00	16:58:00	COM VÍTIMA	FINALIZADA	MANGABEIRA	AV NORTE	""	""	EM FRENTE AO ARMAZEM CORAL	AV NORTE	""	EM FRENTE AO ARMAZEM CORAL	MANGABEIRA		""	COLISÃO	COLISÃO COM VITIMA GM QTH	1	1								1		""	""	""	""	""	""	""	""	""	""	""	""	""
1350	2018-02-14T00:00:00	17:07:00	SEM VÍTIMA	FINALIZADA	IMBIRIBEIRA	AV MARECHAL MASCARENHAS DE MORAES	""	""	EM FRENTE A INFRAERO/ SENTIDO PRAZERES RECIFE	AV MARECHAL MASCARENHAS DE MORAES	""	EM FRENTE A INFRAERO/ SENTIDO PRAZERES RECIFE	IMBIRIBEIRA		""	COLISÃO	COLISÃO SEM VÍTIMA	2									0		""	""	""	""	""	""	""	""	""	""	""	""	""
1351	2018-02-14T00:00:00	17:47:00	COM VÍTIMA	FINALIZADA	ARRUDA	RUA DO MACHADO	""	""	POR TRAS DO CAMPO	RUA DO MACHADO	""	POR TRAS DO CAMPO	ARRUDA		""	ATROPELAMENTO	TRIO ELETRICO E PEDESTRE					1					1		""	""	""	""	""	""	""	""	""	""	""	""	""
1352	2018-02-14T00:00:00	19:36:00	SEM VÍTIMA	FINALIZADA	MADALENA	RUA JOSE OSORIO	364	""	E/F AO SUPERMERCADO RM EXPRESS E POSTO BR	RUA JOSE OSORIO	364	E/F AO SUPERMERCADO RM EXPRESS E POSTO BR	MADALENA		""	COLISÃO	ENTRE 2 AUTOS. S/V	2									0		""	""	""	""	""	""	""	""	""	""	""	""	""
1353	2018-02-14T00:00:00	19:37:00	SEM VÍTIMA	FINALIZADA	ENGENHO DO MEIO	AV CAMARAO	""	RUA MARIO ALVES PEREIRA DE LIRA	CRUZAMENTO RUA MARIO ALVES PEREIRA DE LIRA PROX AS TORRES GEMIAS (QUEIROS GALVAO)	AV CAMARAO	""	CRUZAMENTO RUA MARIO ALVES PEREIRA DE LIRA PROX AS TORRES GEMIAS (QUEIROS GALVAO)	ENGENHO DO MEIO		""	COLISÃO	DOIS AUTO	2									0		""	""	""	""	""	""	""	""	""	""	""	""	""
1354	2018-02-14T00:00:00	21:16:00	SEM VÍTIMA	FINALIZADA	IPSEP	RUA FRANCISCO BARRETO	115	""	DEPOIS DO ANTIGO BATALHAO DECIMO NONO SENTIDO SUL	RUA FRANCISCO BARRETO	115	DEPOIS DO ANTIGO BATALHAO DECIMO NONO SENTIDO SUL	IPSEP		""	COLISÃO	DOIS AUTO	2									0		""	""	""	""	""	""	""	""	""	""	""	""	""
1355	2018-02-14T00:00:00	22:18:00	COM VÍTIMA	FINALIZADA	CASA AMARELA	RUA CONS NABUCO	210	""	PROX AO BOMPREÇO DE CASA AMARELA ENF AO RESTAURANTE KINAY	RUA CONS NABUCO	210	PROX AO BOMPREÇO DE CASA AMARELA ENF AO RESTAURANTE KINAY	CASA AMARELA		""	COLISÃO	AUTO E MOTO	1	1								1		""	""	""	""	""	""	""	""	""	""	""	""	""
1356	2018-02-14T00:00:00	23:33:00	SEM VÍTIMA	FINALIZADA	DERBY	AV GOVERNADOR AGAMENON MAGALHAES	S/N	""	E/F AO HOSPITAL DA RESTAURAÇÃO . SNT BOA VIAGEM	AV GOVERNADOR AGAMENON MAGALHAES	S/N	E/F AO HOSPITAL DA RESTAURAÇÃO . SNT BOA VIAGEM	DERBY		""	COLISÃO	ENTRE 2 AUTOS. S/V	1						1			0		""	""	""	""	""	""	""	""	""	""	""	""	""
1357	2018-02-15T00:00:00	01:30:00	SEM VÍTIMA	FINALIZADA	ÁGUA FRIA	EST VELHA DE AGUA FRIA	""	AV NORTE	CRUZAMENTO COM AV NORTE // SEMÁFORO 062	EST VELHA DE AGUA FRIA	""	CRUZAMENTO COM AV NORTE // SEMÁFORO 062	ÁGUA FRIA		""	COLISÃO	COLISÃO ENTRE DOIS AUTOS SEM VÍTIMAS	2									0		""	""	""	""	""	""	""	""	""	""	""	""	""
1358	2018-02-15T00:00:00	04:07:00	COM VÍTIMA	FINALIZADA	ÁGUA FRIA	AV BEBERIBE	""	""	EM FRENTE A FEIRA LIVRE DE ÁGUA FRIA	AV BEBERIBE	""	EM FRENTE A FEIRA LIVRE DE ÁGUA FRIA	ÁGUA FRIA		""	CHOQUE	VEÍCULO CHOCOU-SE CONTRA UMA ESTRUTURA DE EVENTO	1									1		""	""	""	""	""	""	""	""	""	""	""	""	""
1359	2018-02-15T00:00:00	06:38:00	SEM VÍTIMA	FINALIZADA	BOA VIAGEM	RUA DOS NAVEGANTES	1706	""	HOTEL MERCULE	RUA DOS NAVEGANTES	1706	HOTEL MERCULE	BOA VIAGEM		""	COLISÃO	DOIS AUTOS	2									0		""	""	""	""	""	""	""	""	""	""	""	""	""
1360	2018-02-15T00:00:00	06:49:00	SEM VÍTIMA	CANCELADA	CAXANGÁ	AV CAXANGA	""	""	SENTIDO SUBURBIO CIDADE EM CIMA DA PONTE DA CAXANGA	AV CAXANGA	""	SENTIDO SUBURBIO CIDADE EM CIMA DA PONTE DA CAXANGA	CAXANGÁ		""	COLISÃO	COLISÃO SEM VITIMAS	1	1								0		""	""	""	""	""	""	""	""	""	""	""	""	""
1361	2018-02-15T00:00:00	06:52:00	SEM VÍTIMA	CANCELADA	PARNAMIRIM	AV RUI BARBOSA	""	""	EM FRENTE AO BANCO SANTANDER	AV RUI BARBOSA	""	EM FRENTE AO BANCO SANTANDER	PARNAMIRIM		""	COLISÃO	SEM VITIMAS	1					1				0		""	""	""	""	""	""	""	""	""	""	""	""	""
1362	2018-02-15T00:00:00	08:12:00	SEM VÍTIMA	FINALIZADA	CASA FORTE	AV DEZESSETE DE AGOSTO	""	""	EM FRENTE AO CPOR	AV DEZESSETE DE AGOSTO	""	EM FRENTE AO CPOR	CASA FORTE		""	COLISÃO	COLISÃO SEM VITIMA	1	1								0		""	""	""	""	""	""	""	""	""	""	""	""	""
1363	2018-02-15T00:00:00	08:42:00	SEM VÍTIMA	FINALIZADA	ILHA DO LEITE	AV FREI MATIAS TEVES	224	RUA SENADOR JOSE HENRIQUE	EM FRENTE AO EDF ALFRED NOBEL / COM A RUA SEN JOSE HENRIQUE	AV FREI MATIAS TEVES	224	EM FRENTE AO EDF ALFRED NOBEL / COM A RUA SEN JOSE HENRIQUE	ILHA DO LEITE		""	COLISÃO	DOIS AUTOS	2									0		""	""	""	""	""	""	""	""	""	""	""	""	""
1364	2018-02-15T00:00:00	09:09:00	SEM VÍTIMA	CANCELADA	PINA	RUA CAPITAO REBELINHO	""	RUA PEREIRA DA COSTA	COM A RUA PEREIRA DA COSTA	RUA CAPITAO REBELINHO	""	COM A RUA PEREIRA DA COSTA	PINA		""	COLISÃO	COLISÃO SEM VITIMA	2									0		""	""	""	""	""	""	""	""	""	""	""	""	""
1365	2018-02-15T00:00:00	09:20:00	SEM VÍTIMA	FINALIZADA	IMBIRIBEIRA	AV MARECHAL MASCARENHAS DE MORAES	""	""	AO LADO DO POSTO SHELL, NA ENTRADA DO ANGAR DO AEROPORTO	AV MARECHAL MASCARENHAS DE MORAES	""	AO LADO DO POSTO SHELL, NA ENTRADA DO ANGAR DO AEROPORTO	IMBIRIBEIRA		""	COLISÃO	DOIS AUTOS	2									0		""	""	""	""	""	""	""	""	""	""	""	""	""
1366	2018-02-15T00:00:00	09:48:00	SEM VÍTIMA	FINALIZADA	PINA	RUA CAPITAO REBELINHO	512	RUA PEREIRA DA COSTA	CRUZ COMA RUA PEREIRA DA COSTA EM FRENTE AO RESTAURANTE FIDALGO	RUA CAPITAO REBELINHO	512	CRUZ COMA RUA PEREIRA DA COSTA EM FRENTE AO RESTAURANTE FIDALGO	PINA		""	COLISÃO	COLISÃO SEM VITIMA	2									0		""	""	""	""	""	""	""	""	""	""	""	""	""
1367	2018-02-15T00:00:00	10:00:00	COM VÍTIMA	FINALIZADA	BOA VISTA	RUA DO PRINCIPE	114	""	EM FRENTE A FARMACIA CANDEIA	RUA DO PRINCIPE	114	EM FRENTE A FARMACIA CANDEIA	BOA VISTA		""	ATROPELAMENTO	ATROPELAMENTO EM SEGUIDA DE COLISÃO PEDESTRE A ESPERA DO SAMU	1	1			1					1		""	""	""	""	""	""	""	""	""	""	""	""	""
1368	2018-02-15T00:00:00	10:14:00	SEM VÍTIMA	FINALIZADA	GRAÇAS	RUA ALBERTO PAIVA	222	""	PROX DA FAMILIA LUCCO DELIVERY, SEMÁFORO 360	RUA ALBERTO PAIVA	222	PROX DA FAMILIA LUCCO DELIVERY, SEMÁFORO 360	GRAÇAS		""	COLISÃO	COLISÃO ENTRE AUTO E MOTO S/V	1	1								0		""	""	""	""	""	""	""	""	""	""	""	""	""
1369	2018-02-15T00:00:00	11:16:00	SEM VÍTIMA	FINALIZADA	AFOGADOS	LARGO DA PAZ	""	""	SENT/IMBIRIBEIRA ,EM FRENTE DA IGREJA PRESBITERIANA	LARGO DA PAZ	""	SENT/IMBIRIBEIRA ,EM FRENTE DA IGREJA PRESBITERIANA	AFOGADOS		""	COLISÃO	SEM VITIMAS						1	1			0		""	""	""	""	""	""	""	""	""	""	""	""	""
1370	2018-02-15T00:00:00	11:27:00	SEM VÍTIMA	FINALIZADA	APIPUCOS	RUA DE APIPUCOS	""	""	EM FRENTE AO AÇUDE DE APIPUCO, EM FRENTE AO PARQUE DE APIPUCOS	RUA DE APIPUCOS	""	EM FRENTE AO AÇUDE DE APIPUCO, EM FRENTE AO PARQUE DE APIPUCOS	APIPUCOS		""	COLISÃO	COLISÃO ENTRE DOIS AUTOS S/V	2									0		""	""	""	""	""	""	""	""	""	""	""	""	""
1371	2018-02-15T00:00:00	11:23:00	SEM VÍTIMA	FINALIZADA	MADALENA	RUA JOSE OSORIO	369	""	EM FRENTE AO RM EXPRESSO	RUA JOSE OSORIO	369	EM FRENTE AO RM EXPRESSO	MADALENA		""	COLISÃO	SEM VITIMAS	2									0		""	""	""	""	""	""	""	""	""	""	""	""	""
1372	2018-02-15T00:00:00	12:15:00	COM VÍTIMA	FINALIZADA	BAIRRO DO RECIFE	CAIS DO APOLO	""	""	NO MARCO ZERO E/F AO BANCO DO BRASIL	CAIS DO APOLO	""	NO MARCO ZERO E/F AO BANCO DO BRASIL	BAIRRO DO RECIFE		""	COLISÃO	COLISAO DE ONIBUS E MOTO COM UMA VITIMA		1				1				1		""	""	""	""	""	""	""	""	""	""	""	""	""
1373	2018-02-15T00:00:00	13:03:00	SEM VÍTIMA	FINALIZADA	MADALENA	AV VISCONDE DE ALBUQUERQUE	400	""	APOS O BOMPREÇO SENTIDO A PONTE DA TORRE	AV VISCONDE DE ALBUQUERQUE	400	APOS O BOMPREÇO SENTIDO A PONTE DA TORRE	MADALENA		""	COLISÃO	DOIS AUTOS	2									0		""	""	""	""	""	""	""	""	""	""	""	""	""
1374	2018-02-15T00:00:00	13:14:00	SEM VÍTIMA	CANCELADA	ROSARINHO	AV NORTE	""	""	APOS A PADARIA DO ROSARINHO E/F AO POSTO BR MANIA S/T SUB	AV NORTE	""	APOS A PADARIA DO ROSARINHO E/F AO POSTO BR MANIA S/T SUB	ROSARINHO		""	COLISÃO	COLISAO DE DOIS AUTOS S/V	2									0		""	""	""	""	""	""	""	""	""	""	""	""	""
1375	2018-02-15T00:00:00	14:29:00	SEM VÍTIMA	FINALIZADA	BOA VIAGEM	AV CONSELHEIRO AGUIAR	3655	""	EM FRENTE AO BANCO ITAU	AV CONSELHEIRO AGUIAR	3655	EM FRENTE AO BANCO ITAU	BOA VIAGEM		""	COLISÃO	AUTO E ONIBUS 	1					1				0		""	""	""	""	""	""	""	""	""	""	""	""	""
1376	2018-02-15T00:00:00	15:06:00	SEM VÍTIMA	FINALIZADA	DOIS UNIDOS	AV HILDEBRANDO DE VASCONCELOS	""	RUA RAU VALENCA	COM A RUA RAU VALENÇA- APÓS O FORRO DO ARLINDO	AV HILDEBRANDO DE VASCONCELOS	""	COM A RUA RAU VALENÇA- APÓS O FORRO DO ARLINDO	DOIS UNIDOS		""	COLISÃO	COLISÃO SEM VITIMA	2									0		""	""	""	""	""	""	""	""	""	""	""	""	""
1377	2018-02-15T00:00:00	15:24:00	SEM VÍTIMA	FINALIZADA	GRAÇAS	AV DR MALAQUIAS	349	""	E/F DO ARMAZEM DE COSTRUÇAO QUATRO CANTOS	AV DR MALAQUIAS	349	E/F DO ARMAZEM DE COSTRUÇAO QUATRO CANTOS	GRAÇAS		""	COLISÃO	COLISAO DE VEICULO OFICIAL E AUTO S/V VT 13 NO LOCAL	1									0		""	""	""	""	""	""	""	""	""	""	""	""	""
1378	2018-02-15T00:00:00	16:10:00	COM VÍTIMA	FINALIZADA	AFOGADOS	LARGO DA PAZ	""	""	SEMAFORO 053	LARGO DA PAZ	""	SEMAFORO 053	AFOGADOS		""	COLISÃO	AUTO E MOTO	1	1								1		""	""	""	""	""	""	""	""	""	""	""	""	""
1379	2018-02-15T00:00:00	16:20:00	SEM VÍTIMA	FINALIZADA	BOA VIAGEM	AV ENGENHEIRO DOMINGOS FERREIRA	""	""	E/F AO SUPERMERCADO EXTRA / SNT PINA	AV ENGENHEIRO DOMINGOS FERREIRA	""	E/F AO SUPERMERCADO EXTRA / SNT PINA	BOA VIAGEM		""	ENGAVETAMENTO	ENTRE 2 AUTOS E ONIBUS. S/V	2					1				0		""	""	""	""	""	""	""	""	""	""	""	""	""
1380	2018-02-15T00:00:00	16:50:00	SEM VÍTIMA	FINALIZADA	AREIAS	RUA AURORA CACOTE	523	""	NA VILA CARDEAL E SILVA E/F DA CARDEAL PET	RUA AURORA CACOTE	523	NA VILA CARDEAL E SILVA E/F DA CARDEAL PET	AREIAS		""	COLISÃO	COLISAO DE TRESAUTOS S/V	3									0		""	""	""	""	""	""	""	""	""	""	""	""	""
1381	2018-02-15T00:00:00	16:56:00	SEM VÍTIMA	FINALIZADA	ILHA DO RETIRO	RUA SPORT CLUBE DO RECIFE	""	""	NA DESCIDA DA PONTE, SNT BR / E/F AO CAMPO DA ILHA DO RETIRO	RUA SPORT CLUBE DO RECIFE	""	NA DESCIDA DA PONTE, SNT BR / E/F AO CAMPO DA ILHA DO RETIRO	ILHA DO RETIRO		""	COLISÃO	ENTRE AUTO E CAMINHÃO. S/V	1						1			0		""	""	""	""	""	""	""	""	""	""	""	""	""
1382	2018-02-15T00:00:00	17:50:00	SEM VÍTIMA	FINALIZADA	IBURA	RUA RIO TAPADO	55	""	""	RUA RIO TAPADO	55	""	IBURA		""	COLISÃO	COLISÃO SEM VITIMA	2									0		""	""	""	""	""	""	""	""	""	""	""	""	""
1383	2018-02-15T00:00:00	17:53:00	SEM VÍTIMA	FINALIZADA	BAIRRO DO RECIFE	PTE DO LIMOEIRO	""	RUA DA AURORA	AO LADO DA PREFEITURA DO RECIFE E ESQUINA COM A R DA AURORA	PTE DO LIMOEIRO	""	AO LADO DA PREFEITURA DO RECIFE E ESQUINA COM A R DA AURORA	BAIRRO DO RECIFE		""	COLISÃO	ENTRE 2 AUTOS .S/V	2									0		""	""	""	""	""	""	""	""	""	""	""	""	""
1384	2018-02-15T00:00:00	17:56:00	SEM VÍTIMA	EQUIPE EM DESLOCAMENTO	IPSEP	AV RECIFE	33	""	PROX AO POSTO TOTAL. SNT ESTÂNCIA	AV RECIFE	33	PROX AO POSTO TOTAL. SNT ESTÂNCIA	IPSEP		""	COLISÃO	ENTRE 2 AUTOS. S/V	2									0		""	""	""	""	""	""	""	""	""	""	""	""	""
1385	2018-02-15T00:00:00	18:08:00	COM VÍTIMA	FINALIZADA	AREIAS	AV RECIFE	""	""	ENF AO RECIDENCIAL INES ANDRE ASA --OBS:- VT 21 DA CTTU ESTA NO LOCAL	AV RECIFE	""	ENF AO RECIDENCIAL INES ANDRE ASA --OBS:- VT 21 DA CTTU ESTA NO LOCAL	AREIAS		""	COLISÃO	MOTO E AUTO	1	1								1		""	""	""	""	""	""	""	""	""	""	""	""	""
1386	2018-02-15T00:00:00	18:19:00	SEM VÍTIMA	FINALIZADA	ESPINHEIRO	AV GOVERNADOR AGAMENON MAGALHAES	""	""	EM FRENTE AO CREA	AV GOVERNADOR AGAMENON MAGALHAES	""	EM FRENTE AO CREA	ESPINHEIRO		""	CHOQUE	CAMINHÃO DERRUBOU UM POSTE							1			0		""	""	""	""	""	""	""	""	""	""	""	""	""
1387	2018-02-15T00:00:00	18:30:00	SEM VÍTIMA	FINALIZADA	SANTO AMARO	AV MARIO MELO	""	""	E/F AO CEMITÉRIO SANTO AMARO E MERCADO RM EXPRESS . SNT SUB / CENTRO	AV MARIO MELO	""	E/F AO CEMITÉRIO SANTO AMARO E MERCADO RM EXPRESS . SNT SUB / CENTRO	SANTO AMARO		""	COLISÃO	ENTRE 2 AUTOS. S/V	2									0		""	""	""	""	""	""	""	""	""	""	""	""	""
1388	2018-02-15T00:00:00	18:32:00	SEM VÍTIMA	CANCELADA	SANTO AMARO	AV CRUZ CABUGA	""	""	ENFR ACADEMIA MILITAR SENTIDO OLINDA	AV CRUZ CABUGA	""	ENFR ACADEMIA MILITAR SENTIDO OLINDA	SANTO AMARO		""	COLISÃO	CAMINHAO REBOQUE X AUTO E MOTO	1	1					1			0		""	""	""	""	""	""	""	""	""	""	""	""	""
1389	2018-02-15T00:00:00	18:48:00	COM VÍTIMA	FINALIZADA	PORTO DA MADEIRA	AV BEBERIBE	""	""	ENF AO COLEGIO NOVENTA GRAU E SEMAFORO 559	AV BEBERIBE	""	ENF AO COLEGIO NOVENTA GRAU E SEMAFORO 559	PORTO DA MADEIRA		""	COLISÃO	AUTO X MOTO	1	1								1		""	""	""	""	""	""	""	""	""	""	""	""	""
1390	2018-02-15T00:00:00	19:49:00	SEM VÍTIMA	FINALIZADA	ESTÂNCIA	AV DR JOSE RUFINO	299	""	ENFR AO COLEGIO VISAO	AV DR JOSE RUFINO	299	ENFR AO COLEGIO VISAO	ESTÂNCIA		""	COLISÃO	MOTO E AUTO	1	1								0		""	""	""	""	""	""	""	""	""	""	""	""	""
1391	2018-02-15T00:00:00	22:35:00	SEM VÍTIMA	CANCELADA	BOA VIAGEM	RUA BRUNO VELOSO	""	""	E/F AO SHOPPING RECIFE	RUA BRUNO VELOSO	""	E/F AO SHOPPING RECIFE	BOA VIAGEM		""	COLISÃO	ENTRE AUTO E ÔNIBUS. S/V	1					1				0		""	""	""	""	""	""	""	""	""	""	""	""	""
1392	2018-02-15T00:00:00	23:25:00	SEM VÍTIMA	FINALIZADA	ILHA DO LEITE	RUA GENERAL JOAQUIM INACIO	""	""	E/F AO POSTO MEGA E ESQUINA COM A PAGUE MENOS	RUA GENERAL JOAQUIM INACIO	""	E/F AO POSTO MEGA E ESQUINA COM A PAGUE MENOS	ILHA DO LEITE		""	COLISÃO	ENTRE 2 AUTOS. S/V	2									0		""	""	""	""	""	""	""	""	""	""	""	""	""
1393	2018-02-16T00:00:00	03:53:00	SEM VÍTIMA	FINALIZADA	BAIRRO DO RECIFE	RUA DR ASCANIO PEIXOTO	""	""	AO LADO DA MARINHA // EM FRENTE AO PRÉDIO VERMELHO	RUA DR ASCANIO PEIXOTO	""	AO LADO DA MARINHA // EM FRENTE AO PRÉDIO VERMELHO	BAIRRO DO RECIFE		""	CHOQUE	VEÍCULO CHOCOU-SE CONTRA O MURO DO PORTO	1									0		""	""	""	""	""	""	""	""	""	""	""	""	""
1394	2018-02-16T00:00:00	06:08:00	SEM VÍTIMA	FINALIZADA	TAMARINEIRA	RUA CONEGO BARATA	618	""	E/F A PADARIA MANÁ, SENTIDO ESTRADA VELHA DE ÁGUA FRIA.	RUA CONEGO BARATA	618	E/F A PADARIA MANÁ, SENTIDO ESTRADA VELHA DE ÁGUA FRIA.	TAMARINEIRA		""	COLISÃO	SEM VÍTIMAS	2									0		""	""	""	""	""	""	""	""	""	""	""	""	""
1395	2018-02-16T00:00:00	06:13:00	SEM VÍTIMA	FINALIZADA	AREIAS	AV RECIFE	1644	""	EM FRENTE A GALETOS / SENT BOA VIAGEM	AV RECIFE	1644	EM FRENTE A GALETOS / SENT BOA VIAGEM	AREIAS		""	COLISÃO	AUTO E CAMINHAO	1						1			0		""	""	""	""	""	""	""	""	""	""	""	""	""
1396	2018-02-16T00:00:00	07:40:00	SEM VÍTIMA	CANCELADA	ILHA DO RETIRO	RUA TABAIARES	1700	""	EM FRENTE A HYUNDAI	RUA TABAIARES	1700	EM FRENTE A HYUNDAI	ILHA DO RETIRO		""	COLISÃO	SEM VITIMAS	1	1								0		""	""	""	""	""	""	""	""	""	""	""	""	""
1397	2018-02-16T00:00:00	07:43:00	COM VÍTIMA	FINALIZADA	SANTO AMARO	AV CRUZ CABUGA	""	""	PRÓXIMO A PARADA DO BRT E LADO OPOSTO A CONCESSIONÁRIA HONDA - SENTIDO OLINDA	AV CRUZ CABUGA	""	PRÓXIMO A PARADA DO BRT E LADO OPOSTO A CONCESSIONÁRIA HONDA - SENTIDO OLINDA	SANTO AMARO		""	COLISÃO	COM VÍTIMA - VÍTIMA SOCORRIDA PELO CBMPE		2								1		""	""	""	""	""	""	""	""	""	""	""	""	""
1398	2018-02-16T00:00:00	08:08:00	SEM VÍTIMA	FINALIZADA	BOA VIAGEM	AV HERCULANO BANDEIRA	636	""	E/F A VICENTE AUTO PEÇAS, SENTIDO PINA., PADARIA FRUTA PÃO	AV HERCULANO BANDEIRA	636	E/F A VICENTE AUTO PEÇAS, SENTIDO PINA., PADARIA FRUTA PÃO	BOA VIAGEM		""	COLISÃO	SEM VÍTIMAS.	2									0		""	""	""	""	""	""	""	""	""	""	""	""	""
1399	2018-02-16T00:00:00	08:41:00	SEM VÍTIMA	FINALIZADA	BAIRRO DO RECIFE	AV MILITAR	""	""	NA CURVA DE ESQUINA COM O POSTO SHELL,NA DESCIDA DA PONTE DO LIMOEIRO SENT/PCR	AV MILITAR	""	NA CURVA DE ESQUINA COM O POSTO SHELL,NA DESCIDA DA PONTE DO LIMOEIRO SENT/PCR	BAIRRO DO RECIFE		""	COLISÃO	SEM VITIMAS	1					1				0		""	""	""	""	""	""	""	""	""	""	""	""	""
1400	2018-02-16T00:00:00	08:45:00	SEM VÍTIMA	CANCELADA	PINA	AV ANTONIO DE GOES	636	""	EM FRENTE A AUTO PEÇAS	AV ANTONIO DE GOES	636	EM FRENTE A AUTO PEÇAS	PINA		""	COLISÃO	DOIS AUTOS	2									0		""	""	""	""	""	""	""	""	""	""	""	""	""
1401	2018-02-16T00:00:00	09:03:00	SEM VÍTIMA	FINALIZADA	ESPINHEIRO	RUA MARQUES DO PARANA	209	RUA ALFREDO DE CARVALHO	E/F AO MARTELINHO DE OURO	RUA MARQUES DO PARANA	209	E/F AO MARTELINHO DE OURO	ESPINHEIRO		""	COLISÃO	SEM VÍTIMAS	2									0		""	""	""	""	""	""	""	""	""	""	""	""	""
1402	2018-02-16T00:00:00	09:30:00	SEM VÍTIMA	FINALIZADA	IMBIRIBEIRA	RUA JOSE DA SILVA LUCENA	38	""	EM FRENTE A ACADEMIA BUNKER EQUILIBRIO CROSSFIT	RUA JOSE DA SILVA LUCENA	38	EM FRENTE A ACADEMIA BUNKER EQUILIBRIO CROSSFIT	IMBIRIBEIRA		""	COLISÃO	DOIS AUTOS	2									0		""	""	""	""	""	""	""	""	""	""	""	""	""
1403	2018-02-16T00:00:00	10:45:00	SEM VÍTIMA	FINALIZADA	BOA VIAGEM	RUA JOAO CARDOSO AIRES	600	""	EM FRENTE AO RESTAURANTE PARK DA PIZZA	RUA JOAO CARDOSO AIRES	600	EM FRENTE AO RESTAURANTE PARK DA PIZZA	BOA VIAGEM		""	COLISÃO	DOIS AUTOS	2									0		""	""	""	""	""	""	""	""	""	""	""	""	""
1404	2018-02-16T00:00:00	10:56:00	SEM VÍTIMA	FINALIZADA	TORRÕES	AV ENGENHEIRO ABDIAS DE CARVALHO	962	""	EM FRENTE A DLP DISTRIBUICOES	AV ENGENHEIRO ABDIAS DE CARVALHO	962	EM FRENTE A DLP DISTRIBUICOES	TORRÕES		""	COLISÃO	DOIS AUTOS	2									0		""	""	""	""	""	""	""	""	""	""	""	""	""
1405	2018-02-16T00:00:00	10:59:00	SEM VÍTIMA	FINALIZADA	PAISSANDU	RUA PAISSANDU	""	""	EM FRENTE AO EMPRESARIAL RENATO DIAS,AO LADO DO COLEGIO GGE	RUA PAISSANDU	""	EM FRENTE AO EMPRESARIAL RENATO DIAS,AO LADO DO COLEGIO GGE	PAISSANDU		""	COLISÃO	SEM VITIMAS	2									0		""	""	""	""	""	""	""	""	""	""	""	""	""
1406	2018-02-16T00:00:00	11:11:00	SEM VÍTIMA	FINALIZADA	CASA FORTE	RUA NESTOR SILVA	""	RUA AFONSO DE ALBUQUERQUE MELO	COM A RUA AFONSO DE ALBUQUERQUE MELO / POR TRAS DO HIPER DE CASA FORTE	RUA NESTOR SILVA	""	COM A RUA AFONSO DE ALBUQUERQUE MELO / POR TRAS DO HIPER DE CASA FORTE	CASA FORTE		""	COLISÃO	""	2									0		""	""	""	""	""	""	""	""	""	""	""	""	""
1407	2018-02-16T00:00:00	11:26:00	SEM VÍTIMA	CANCELADA	BOA VISTA	RUA DA SANTA CRUZ	""	""	E/F A IGREJA DA SANTA CRUZ	RUA DA SANTA CRUZ	""	E/F A IGREJA DA SANTA CRUZ	BOA VISTA		""	COLISÃO	SEM VÍTIMAS	2									0		""	""	""	""	""	""	""	""	""	""	""	""	""
1408	2018-02-16T00:00:00	11:46:00	SEM VÍTIMA	FINALIZADA	PINA	AV HERCULANO BANDEIRA	855	""	EM FRRENTE NEW SEDAN SEMINOVOS	AV HERCULANO BANDEIRA	855	EM FRRENTE NEW SEDAN SEMINOVOS	PINA		""	COLISÃO	SEM VITIMAS	2									0		""	""	""	""	""	""	""	""	""	""	""	""	""
1409	2018-02-16T00:00:00	11:48:00	SEM VÍTIMA	FINALIZADA	DERBY	AV GOVERNADOR AGAMENON MAGALHAES	""	""	SEMAFORO 174 / SENT SUB OLINDA / EM FRENTE A DROGA ZIL	AV GOVERNADOR AGAMENON MAGALHAES	""	SEMAFORO 174 / SENT SUB OLINDA / EM FRENTE A DROGA ZIL	DERBY		""	COLISÃO	DOIS AUTOS	2									0		""	""	""	""	""	""	""	""	""	""	""	""	""
1410	2018-02-16T00:00:00	12:04:00	SEM VÍTIMA	FINALIZADA	BOA VISTA	AV GOVERNADOR AGAMENON MAGALHAES	""	""	SENTIDO OLINDA BEIRA CANAL NA ENTRADA DO CLUBE DOS OFICIAIS	AV GOVERNADOR AGAMENON MAGALHAES	""	SENTIDO OLINDA BEIRA CANAL NA ENTRADA DO CLUBE DOS OFICIAIS	BOA VISTA		""	COLISÃO	COLISÃO SEM VITIMAS	2									0		""	""	""	""	""	""	""	""	""	""	""	""	""
1411	2018-02-16T00:00:00	13:56:00	COM VÍTIMA	FINALIZADA	BOA VISTA	RUA JOSE DE ALENCAR	725	""	EM FRENTE A ALERGO IMUNO	RUA JOSE DE ALENCAR	725	EM FRENTE A ALERGO IMUNO	BOA VISTA		""	COLISÃO	COLISÃO COM VÍTIMA	1	1								1		""	""	""	""	""	""	""	""	""	""	""	""	""