_id	DATA	hora	natureza_acidente	situacao	bairro	endereco	numero	detalhe_endereco_acidente	complemento	endereco_cruzamento	numero_cruzamento	referencia_cruzamento	bairro_cruzamento	num_semaforo	sentido_via	tipo	descricao	auto	moto	ciclom	ciclista	pedestre	onibus	caminhao	viatura	outros	vitimas	vitimasfatais	acidente_verificado	tempo_clima	situacao_semaforo	sinalizacao	condicao_via	conservacao_via	ponto_controle	situacao_placa	velocidade_max_via	mao_direcao	divisao_via1	divisao_via2	divisao_via3
1412	2018-02-16T00:00:00	15:47:00	SEM VÍTIMA	FINALIZADA	SANTO ANTÔNIO	RUA SIQUEIRA CAMPOS	254	AV DANTAS BARRETO	COM AV DANTAS BARRETO PROX DAS SECRETARIA DE EDUCAÇÃO	RUA SIQUEIRA CAMPOS	254	COM AV DANTAS BARRETO PROX DAS SECRETARIA DE EDUCAÇÃO	SANTO ANTÔNIO		""	COLISÃO	COLISAO DE ONIBUS E AUTO S/V	1					1				0		""	""	""	""	""	""	""	""	""	""	""	""	""
1413	2018-02-16T00:00:00	16:00:00	SEM VÍTIMA	FINALIZADA	AFOGADOS	RUA COSME VIANA	95	""	EM FRENTE A OFICINA RECIFE RODAS	RUA COSME VIANA	95	EM FRENTE A OFICINA RECIFE RODAS	AFOGADOS		""	COLISÃO	COLISÃO SEM VITIMAS GM QTH	2									0		""	""	""	""	""	""	""	""	""	""	""	""	""
1414	2018-02-16T00:00:00	17:02:00	SEM VÍTIMA	FINALIZADA	MADALENA	AV ENGENHEIRO ABDIAS DE CARVALHO	1055	""	EM FRENTE AO POSTO BR,SENT/CIDADE	AV ENGENHEIRO ABDIAS DE CARVALHO	1055	EM FRENTE AO POSTO BR,SENT/CIDADE	MADALENA		""	COLISÃO	SEM VITIMAS	3									0		""	""	""	""	""	""	""	""	""	""	""	""	""
1415	2018-02-16T00:00:00	17:08:00	SEM VÍTIMA	FINALIZADA	SANTO AMARO	RUA GOUVEIA DE BARROS	136	""	EM FRENTE A CASA DE APOIO GRAVATA	RUA GOUVEIA DE BARROS	136	EM FRENTE A CASA DE APOIO GRAVATA	SANTO AMARO		""	COLISÃO	COLISÃO SEM VÍTIMA	2									0		""	""	""	""	""	""	""	""	""	""	""	""	""
1416	2018-02-16T00:00:00	17:46:00	COM VÍTIMA	FINALIZADA	NOVA DESCOBERTA	AV VEREADOR OTACILIO AZEVEDO	3021	""	PROX A FABRICA DA KINITOS EM FRENTE A IGREJA CATOLICA	AV VEREADOR OTACILIO AZEVEDO	3021	PROX A FABRICA DA KINITOS EM FRENTE A IGREJA CATOLICA	NOVA DESCOBERTA		""	ATROPELAMENTO	ATROPELAMENTO VITIMA SENDO SOCORRIDA PELOS BOMBEIROS					1					1		""	""	""	""	""	""	""	""	""	""	""	""	""
1417	2018-02-16T00:00:00	18:15:00	SEM VÍTIMA	FINALIZADA	MADALENA	RUA JOSE OSORIO	127	""	EM FRENTE DO EMPORIO DOCES E SALGADOS	RUA JOSE OSORIO	127	EM FRENTE DO EMPORIO DOCES E SALGADOS	MADALENA		""	COLISÃO	ONIBUS E AUTO	1					1				0		""	""	""	""	""	""	""	""	""	""	""	""	""
1418	2018-02-16T00:00:00	18:25:00	COM VÍTIMA	CANCELADA	NOVA DESCOBERTA	AV VEREADOR OTACILIO AZEVEDO	3333	""	APÓS A FABRICA DA PIPOCA KINITOS E E/F A IGREJA. PROX AO HOTEL RAROS	AV VEREADOR OTACILIO AZEVEDO	3333	APÓS A FABRICA DA PIPOCA KINITOS E E/F A IGREJA. PROX AO HOTEL RAROS	NOVA DESCOBERTA		""	ATROPELAMENTO	ENTRE AUTO E CRIANÇA NO LOCAL. C/V	1				1					1		""	""	""	""	""	""	""	""	""	""	""	""	""
1419	2018-02-16T00:00:00	19:33:00	COM VÍTIMA	FINALIZADA	PAISSANDU	AV GOVERNADOR AGAMENON MAGALHAES	""	""	EM FRENTE AO HOSPITAL PORTUGUES SENT. BOA VIAGEM	AV GOVERNADOR AGAMENON MAGALHAES	""	EM FRENTE AO HOSPITAL PORTUGUES SENT. BOA VIAGEM	PAISSANDU		""	COLISÃO	AUTO E MOTO	1	1								1		""	""	""	""	""	""	""	""	""	""	""	""	""
1420	2018-02-16T00:00:00	19:44:00	SEM VÍTIMA	FINALIZADA	MADALENA	RUA JOSE BONIFACIO	""	""	PROX AO HOSPITAL DE ÁVILA, PRC DA MADALENA E E/F AO CENTRO HOSPITAL VETERINÁRIO HARMONIA	RUA JOSE BONIFACIO	""	PROX AO HOSPITAL DE ÁVILA, PRC DA MADALENA E E/F AO CENTRO HOSPITAL VETERINÁRIO HARMONIA	MADALENA		""	COLISÃO	ENTRE ÕNIBUS E AUTO PASSEIO. S/V	1					1				0		""	""	""	""	""	""	""	""	""	""	""	""	""
1421	2018-02-16T00:00:00	20:35:00	SEM VÍTIMA	FINALIZADA	MADALENA	AV VISCONDE DE ALBUQUERQUE	400	RUA LOPEZ DE CARVALHO	CRUZ COM A R LOPEZ DE CARVALHO	AV VISCONDE DE ALBUQUERQUE	400	CRUZ COM A R LOPEZ DE CARVALHO	MADALENA		""	COLISÃO	ENTRE AUTO E MOTO. S/V	2									0		""	""	""	""	""	""	""	""	""	""	""	""	""
1422	2018-02-16T00:00:00	21:04:00	SEM VÍTIMA	FINALIZADA	PINA	RUA NOGUEIRA DE SOUZA	146	""	PROX. DO RESTAURANTE CALDINHO DO NENEM, E EMPRESARIAL JOSE DAVID GIL RODRIGUES	RUA NOGUEIRA DE SOUZA	146	PROX. DO RESTAURANTE CALDINHO DO NENEM, E EMPRESARIAL JOSE DAVID GIL RODRIGUES	PINA		""	COLISÃO	DOIS AUTOS	2									0		""	""	""	""	""	""	""	""	""	""	""	""	""
1423	2018-02-16T00:00:00	23:27:00	SEM VÍTIMA	FINALIZADA	PINA	AV ANTONIO DE GOES	""	RUA MANOEL DE BRITO	CRUZ COM A R MANOEL BRITO E E/F AO EDF JOAQUIM	AV ANTONIO DE GOES	""	CRUZ COM A R MANOEL BRITO E E/F AO EDF JOAQUIM	PINA		""	COLISÃO	ENTRE AUTO E ONIBUS. S/V	2					1				0		""	""	""	""	""	""	""	""	""	""	""	""	""
1424	2018-02-17T00:00:00	00:53:00	SEM VÍTIMA	FINALIZADA	BOA VIAGEM	RUA DEZ DE JULHO	113	""	SEMÁFORO 437, E/F A RESIDENCIA.	RUA DEZ DE JULHO	113	SEMÁFORO 437, E/F A RESIDENCIA.	BOA VIAGEM		""	COLISÃO	SEM VÍTIMAS.	2									0		""	""	""	""	""	""	""	""	""	""	""	""	""
1425	2018-02-17T00:00:00	07:25:00	SEM VÍTIMA	CANCELADA	AREIAS	AV DR JOSE RUFINO	1099	""	EM FRENTE AO SENAI	AV DR JOSE RUFINO	1099	EM FRENTE AO SENAI	AREIAS		""	COLISÃO	DOIS AUTOS	2									0		""	""	""	""	""	""	""	""	""	""	""	""	""
1426	2018-02-17T00:00:00	07:50:00	COM VÍTIMA	FINALIZADA	SANTO AMARO	RUA TREZE DE MAIO	""	""	C/ RUA DOS PALMARES	RUA TREZE DE MAIO	""	C/ RUA DOS PALMARES	SANTO AMARO		""	COLISÃO	""	1	1								1		""	""	""	""	""	""	""	""	""	""	""	""	""
1427	2018-02-17T00:00:00	09:42:00	SEM VÍTIMA	CANCELADA	AREIAS	AV RECIFE	""	""	EN FRENTE AO GALETUS	AV RECIFE	""	EN FRENTE AO GALETUS	AREIAS		""	COLISÃO	COLISÃO SEM VITIMA	2									0		""	""	""	""	""	""	""	""	""	""	""	""	""
1428	2018-02-17T00:00:00	09:55:00	SEM VÍTIMA	FINALIZADA	CAMPO GRANDE	AV PROFESSOR JOSE DOS ANJOS	123	RUA CORREIA DE BRITO	RESIDENCIA BEIRA CANAL CRUZ COM A RUA CORREIA DE BRITO EM FRENTE A COPERATIVA ECO VIDA PALHA DE ARROZ	AV PROFESSOR JOSE DOS ANJOS	123	RESIDENCIA BEIRA CANAL CRUZ COM A RUA CORREIA DE BRITO EM FRENTE A COPERATIVA ECO VIDA PALHA DE ARROZ	CAMPO GRANDE		""	COLISÃO	COLISÃO SEM VITIMAS	3									0		""	""	""	""	""	""	""	""	""	""	""	""	""
1429	2018-02-17T00:00:00	10:21:00	SEM VÍTIMA	CANCELADA	ÁGUA FRIA	RUA JAPARANDUBA	""	""	EM FRENTE AO MERCADO PUBLICO D,AGUA FRIA	RUA JAPARANDUBA	""	EM FRENTE AO MERCADO PUBLICO D,AGUA FRIA	ÁGUA FRIA		""	COLISÃO	COLISÃO SEM VITIMAS	1	1								0		""	""	""	""	""	""	""	""	""	""	""	""	""
1430	2018-02-17T00:00:00	10:53:00	SEM VÍTIMA	CANCELADA	TAMARINEIRA	RUA CONEGO BARATA	""	""	EM FRENTE A FERREIRA COSTA	RUA CONEGO BARATA	""	EM FRENTE A FERREIRA COSTA	TAMARINEIRA		""	COLISÃO	COLISÃO SEM VITIMAS	2									0		""	""	""	""	""	""	""	""	""	""	""	""	""
1431	2018-02-17T00:00:00	10:57:00	SEM VÍTIMA	CANCELADA	SAN MARTIN	AV GENERAL SAN MARTIN	""	""	GIRADOR DE SAN MARTIN / SENT AV RECIFE	AV GENERAL SAN MARTIN	""	GIRADOR DE SAN MARTIN / SENT AV RECIFE	SAN MARTIN		""	COLISÃO	DOIS AUTOS / VT 13 NO QTH CLAUDEMIR	2									0		""	""	""	""	""	""	""	""	""	""	""	""	""
1432	2018-02-17T00:00:00	11:09:00	SEM VÍTIMA	FINALIZADA	BOA VIAGEM	AV ENGENHEIRO DOMINGOS FERREIRA	""	""	EM FRENTE A CONCESSIONARIA AUTO PARVI	AV ENGENHEIRO DOMINGOS FERREIRA	""	EM FRENTE A CONCESSIONARIA AUTO PARVI	BOA VIAGEM		""	COLISÃO	COLISÃO SEM VITIMAS	2									0		""	""	""	""	""	""	""	""	""	""	""	""	""
1433	2018-02-17T00:00:00	11:13:00	SEM VÍTIMA	FINALIZADA	MADALENA	RUA PESSOA DE MELO	299	""	EM FRENTE AO SÃO BRAZ	RUA PESSOA DE MELO	299	EM FRENTE AO SÃO BRAZ	MADALENA		""	COLISÃO	COL.S/V	2									0		""	""	""	""	""	""	""	""	""	""	""	""	""
1434	2018-02-17T00:00:00	11:42:00	SEM VÍTIMA	FINALIZADA	CASA AMARELA	RUA DA HARMONIA	""	""	PROX DA IGREJA DA HARMONIA AO LADO DA FARMACIA INDEPENDENTE	RUA DA HARMONIA	""	PROX DA IGREJA DA HARMONIA AO LADO DA FARMACIA INDEPENDENTE	CASA AMARELA		""	COLISÃO	""	2									0		""	""	""	""	""	""	""	""	""	""	""	""	""
1435	2018-02-17T00:00:00	12:14:00	SEM VÍTIMA	FINALIZADA	BOA VIAGEM	RUA TOME GIBSON	919	""	PROX. AO MALIBU, POR TRAZ DO HOTEL	RUA TOME GIBSON	919	PROX. AO MALIBU, POR TRAZ DO HOTEL	BOA VIAGEM		""	COLISÃO	COLISÃO SEM VITIMAS	2									0		""	""	""	""	""	""	""	""	""	""	""	""	""
1436	2018-02-17T00:00:00	12:15:00	SEM VÍTIMA	FINALIZADA	IBURA	AV JOAO RIO BRANCO DE LIMA	410	""	EM FRENTE A BORRACHARIA SM PNEUS	AV JOAO RIO BRANCO DE LIMA	410	EM FRENTE A BORRACHARIA SM PNEUS	IBURA		""	COLISÃO	SEM VITIMAS	1						1			0		""	""	""	""	""	""	""	""	""	""	""	""	""
1437	2018-02-17T00:00:00	13:02:00	SEM VÍTIMA	CANCELADA	IPUTINGA	AV CAXANGA	4038	""	SENT/DERBY EM FRENTE AO POSTO BR	AV CAXANGA	4038	SENT/DERBY EM FRENTE AO POSTO BR	IPUTINGA		""	COLISÃO	SEM VITIMAS	2									0		""	""	""	""	""	""	""	""	""	""	""	""	""
1438	2018-02-17T00:00:00	13:18:00	SEM VÍTIMA	CANCELADA	CASA FORTE	RUA NESTOR SILVA	""	""	EM FRENTE A MAC DONALDS,PRAÇA JORNALISTA PESSOA DE QUEIROZ	RUA NESTOR SILVA	""	EM FRENTE A MAC DONALDS,PRAÇA JORNALISTA PESSOA DE QUEIROZ	CASA FORTE		""	COLISÃO	SEM VITIMAS	2									0		""	""	""	""	""	""	""	""	""	""	""	""	""
1439	2018-02-17T00:00:00	13:33:00	SEM VÍTIMA	FINALIZADA	IPSEP	AV RECIFE	1260	""	SENT/BR 101,SEMAFORO 319,	AV RECIFE	1260	SENT/BR 101,SEMAFORO 319,	IPSEP		""	COLISÃO	""	1						1			0		""	""	""	""	""	""	""	""	""	""	""	""	""
1440	2018-02-17T00:00:00	13:55:00	SEM VÍTIMA	CANCELADA	DERBY	AV GOVERNADOR AGAMENON MAGALHAES	""	""	EM FRENTE A O HOSPITAL DA RESTAURAÇÃO,SENT/PINA	AV GOVERNADOR AGAMENON MAGALHAES	""	EM FRENTE A O HOSPITAL DA RESTAURAÇÃO,SENT/PINA	DERBY		""	COLISÃO	SEM VITIMAS	1									0		""	""	""	""	""	""	""	""	""	""	""	""	""
1441	2018-02-17T00:00:00	14:22:00	COM VÍTIMA	FINALIZADA	IMBIRIBEIRA	AV MARECHAL MASCARENHAS DE MORAES	""	""	JUNTO AO SEMAFORO 289	AV MARECHAL MASCARENHAS DE MORAES	""	JUNTO AO SEMAFORO 289	IMBIRIBEIRA		""	COLISÃO	COLISÃO SEM VITIMAS	1	1								1		""	""	""	""	""	""	""	""	""	""	""	""	""
1442	2018-02-17T00:00:00	17:42:00	SEM VÍTIMA	FINALIZADA	ILHA DO RETIRO	AV ENGENHEIRO ABDIAS DE CARVALHO	""	""	ENFRENTE AO SPORT CLUB DO RECIFE	AV ENGENHEIRO ABDIAS DE CARVALHO	""	ENFRENTE AO SPORT CLUB DO RECIFE	ILHA DO RETIRO		""	COLISÃO	COLISÃO SEM VITIMAS	2									0		""	""	""	""	""	""	""	""	""	""	""	""	""
1443	2018-02-17T00:00:00	18:32:00	SEM VÍTIMA	FINALIZADA	AFOGADOS	RUA SAO MIGUEL	268	""	ENF AO DEPATR	RUA SAO MIGUEL	268	ENF AO DEPATR	AFOGADOS		""	COLISÃO	ONIBUS X CLASSIC	1					1				0		""	""	""	""	""	""	""	""	""	""	""	""	""
1444	2018-02-17T00:00:00	18:41:00	SEM VÍTIMA	FINALIZADA	ÁGUA FRIA	AV BEBERIBE	""	""	ENFR AO MERCADO DE AGUA FRIA	AV BEBERIBE	""	ENFR AO MERCADO DE AGUA FRIA	ÁGUA FRIA		""	COLISÃO	ONIBUS X FOX	1					1				0		""	""	""	""	""	""	""	""	""	""	""	""	""
1445	2018-02-17T00:00:00	18:44:00	SEM VÍTIMA	FINALIZADA	TORRÕES	RUA ARTUR COUTINHO	520	""	E/F A PADARIA CENTRAL DO PÃO E PROX AO CAMPO DA RODA DE FOGO	RUA ARTUR COUTINHO	520	E/F A PADARIA CENTRAL DO PÃO E PROX AO CAMPO DA RODA DE FOGO	TORRÕES		""	ACID. DE PERCURSO	MOTORISTA PERDEU O CONTROLE DO VEÍCULO, FAZENDO O CAIR EM UM CANAL. O MESMO APRESENTANDO EMBRIGUEZ, ACABOU SE EVADINDO, DEIXANDO O AUTO CAÍDO NO LOCAL.	1									0		""	""	""	""	""	""	""	""	""	""	""	""	""
1446	2018-02-17T00:00:00	19:49:00	COM VÍTIMA	FINALIZADA	PINA	RUA ARQUITETO AUGUSTO REINALDO	193	""	PROX AO ATACADO DA CONSTRUCAO	RUA ARQUITETO AUGUSTO REINALDO	193	PROX AO ATACADO DA CONSTRUCAO	PINA		""	COLISÃO	AUTO X MOTO	1	1								1		""	""	""	""	""	""	""	""	""	""	""	""	""
1447	2018-02-17T00:00:00	20:12:00	COM VÍTIMA	FINALIZADA	SAN MARTIN	AV GENERAL SAN MARTIN	""	""	PROXIMIDADES DA LOMBADA ELETRôNICA / APÓS A CAVALARIA / E/F A LOJA DELAZARI	AV GENERAL SAN MARTIN	""	PROXIMIDADES DA LOMBADA ELETRôNICA / APÓS A CAVALARIA / E/F A LOJA DELAZARI	SAN MARTIN		""	COLISÃO	ENTRE AUTO E MOTO. C/V	1		1							1		""	""	""	""	""	""	""	""	""	""	""	""	""
1448	2018-02-17T00:00:00	20:44:00	SEM VÍTIMA	FINALIZADA	TEJIPIÓ	AV DR JOSE RUFINO	""	RUA DO SANCHO	ENF A ESTAÇAO TEJIPIO SEMAFORO 434 CRUZAMENTO CO A RUA DO SANCHO	AV DR JOSE RUFINO	""	ENF A ESTAÇAO TEJIPIO SEMAFORO 434 CRUZAMENTO CO A RUA DO SANCHO	TEJIPIÓ		""	COLISÃO	ONIBUS X AUTO	1					1				0		""	""	""	""	""	""	""	""	""	""	""	""	""
1449	2018-02-17T00:00:00	21:56:00	SEM VÍTIMA	FINALIZADA	CASA FORTE	AV DEZESSETE DE AGOSTO	892	""	E/F A PIZZARIA HUT E AO EDF CASA GRANDE DE SANTANA. SENTIDO CASA AMARELA	AV DEZESSETE DE AGOSTO	892	E/F A PIZZARIA HUT E AO EDF CASA GRANDE DE SANTANA. SENTIDO CASA AMARELA	CASA FORTE		""	COLISÃO	ENTRE AUTOS, S/V	2									0		""	""	""	""	""	""	""	""	""	""	""	""	""
1450	2018-02-17T00:00:00	22:00:00	COM VÍTIMA	FINALIZADA	ROSARINHO	AV NORTE	""	""	SEMÁFORO 081 E E/F A PADARIA ROSARINHO	AV NORTE	""	SEMÁFORO 081 E E/F A PADARIA ROSARINHO	ROSARINHO		""	COLISÃO	ENTRE AUTO E MOTO. C/V	1	1								1		""	""	""	""	""	""	""	""	""	""	""	""	""
1451	2018-02-17T00:00:00	22:15:00	SEM VÍTIMA	FINALIZADA	ARRUDA	RUA DO TRIUNFO	""	RUA DO MACHADO	CRUZ COM A R DO MACHADO / POR TRÁS DO CAMPO DO ARRUDA	RUA DO TRIUNFO	""	CRUZ COM A R DO MACHADO / POR TRÁS DO CAMPO DO ARRUDA	ARRUDA		""	COLISÃO	ENTRE 2 AUTOS	2									0		""	""	""	""	""	""	""	""	""	""	""	""	""
1452	2018-02-17T00:00:00	22:53:00	SEM VÍTIMA	FINALIZADA	IMBIRIBEIRA	AV MARECHAL MASCARENHAS DE MORAES	""	""	ENF AO AEROPORTO SENTIDO PIEDADE ANTES DA LOMBADA ELETRONICA	AV MARECHAL MASCARENHAS DE MORAES	""	ENF AO AEROPORTO SENTIDO PIEDADE ANTES DA LOMBADA ELETRONICA	IMBIRIBEIRA		""	COLISÃO	TRES AUTO	3									0		""	""	""	""	""	""	""	""	""	""	""	""	""
1453	2018-02-18T00:00:00	06:54:00	SEM VÍTIMA	FINALIZADA	NOVA DESCOBERTA	RUA NOVA DESCOBERTA	""	""	EM FRENTE AO MERCADO PUBLICO NOVA DESCOBERTA	RUA NOVA DESCOBERTA	""	EM FRENTE AO MERCADO PUBLICO NOVA DESCOBERTA	NOVA DESCOBERTA		""	COLISÃO	COLISÃO SEM VITIMAS	1					1				0		""	""	""	""	""	""	""	""	""	""	""	""	""
1454	2018-02-18T00:00:00	12:59:00	COM VÍTIMA	FINALIZADA	SANTO AMARO	AV VISCONDE DE SUASSUNA	""	""	PROXIMO AO SEMÁFORO 032	AV VISCONDE DE SUASSUNA	""	PROXIMO AO SEMÁFORO 032	SANTO AMARO		""	COLISÃO	COLISÃO COM VÍTIMA	1									1		""	""	""	""	""	""	""	""	""	""	""	""	""
1455	2018-02-18T00:00:00	13:17:00	SEM VÍTIMA	FINALIZADA	IMBIRIBEIRA	RUA ARQUITETO LUIZ NUNES	""	""	SENTIDO IPSEP EM FRENTE AO SUPERMERCADO NOVO TEMPO	RUA ARQUITETO LUIZ NUNES	""	SENTIDO IPSEP EM FRENTE AO SUPERMERCADO NOVO TEMPO	IMBIRIBEIRA		""	COLISÃO	COLISÃO SEM VITIMAS	2									0		""	""	""	""	""	""	""	""	""	""	""	""	""
1456	2018-02-18T00:00:00	14:03:00	SEM VÍTIMA	FINALIZADA	BOA VIAGEM	RUA RIO AZUL	""	""	PROX AO COLEGIO MARIA TEREZA EM FRENTE AO SUPERMERCADO TREVO	RUA RIO AZUL	""	PROX AO COLEGIO MARIA TEREZA EM FRENTE AO SUPERMERCADO TREVO	BOA VIAGEM		""	COLISÃO	COLISÃO SEM VITIMAS	3	1								0		""	""	""	""	""	""	""	""	""	""	""	""	""
1457	2018-02-18T00:00:00	15:44:00	SEM VÍTIMA	CANCELADA	BOA VIAGEM	AV BOA VIAGEM	500	RUA PEREIRA DA COSTA	DE ESQUINA COM A RUA PEREIRA COSTA EM FRENTE A CAFETERIA CASA DOS FRIOS	AV BOA VIAGEM	500	DE ESQUINA COM A RUA PEREIRA COSTA EM FRENTE A CAFETERIA CASA DOS FRIOS	BOA VIAGEM		""	COLISÃO	COLISÃO SEM VITIMAS	2									0		""	""	""	""	""	""	""	""	""	""	""	""	""
1458	2018-02-18T00:00:00	17:53:00	COM VÍTIMA	FINALIZADA	JOANA BEZERRA	VIADUTO CAPITAO TEMUDO	""	""	EM CIMA DO VIADUTO CAPITAO TEMUDO SENTIDO BOA VIAGEM O ACESSO QUE VAI PARA A IMPERIAL	VIADUTO CAPITAO TEMUDO	""	EM CIMA DO VIADUTO CAPITAO TEMUDO SENTIDO BOA VIAGEM O ACESSO QUE VAI PARA A IMPERIAL	JOANA BEZERRA		""	CHOQUE	VEICULO X MURETA DE CONCRETO	1									1		""	""	""	""	""	""	""	""	""	""	""	""	""
1459	2018-02-18T00:00:00	18:42:00	SEM VÍTIMA	FINALIZADA	CASA AMARELA	AV DR EURICO CHAVES	677	RUA MARIA CAROLINA	PROX A PANIFICADORA VITORIA E CRUZAMENTO COM A RUA MARIA CAROLINA	AV DR EURICO CHAVES	677	PROX A PANIFICADORA VITORIA E CRUZAMENTO COM A RUA MARIA CAROLINA	CASA AMARELA		""	COLISÃO	ONIBUS GLOBO X AUTO OBS::: CONDUTOR DO AUTO PASSEIO NAO QUER RETIRA O VEICULO DO LOCAL	1					1				0		""	""	""	""	""	""	""	""	""	""	""	""	""
1460	2018-02-18T00:00:00	19:43:00	SEM VÍTIMA	FINALIZADA	IPSEP	RUA PINTOR ANTONIO ALBUQUERQUE	343	""	APOS O MERCADINHO CONVEÇÃO, PROX DA OFICINA DE PINTURA EDIVALDO	RUA PINTOR ANTONIO ALBUQUERQUE	343	APOS O MERCADINHO CONVEÇÃO, PROX DA OFICINA DE PINTURA EDIVALDO	IPSEP		""	CHOQUE	AUTO CHOCOU-SE EM UM AUTO QUE ESTAVA ESTACIONADO S/V	2									0		""	""	""	""	""	""	""	""	""	""	""	""	""
1461	2018-02-18T00:00:00	21:21:00	SEM VÍTIMA	FINALIZADA	DERBY	AV GOVERNADOR AGAMENON MAGALHAES	""	""	PROX DO BANCO BRADESCO PROX DO REAL HOSPITAL PORTUGUÊS, SENTIDO BOA VIAGEM	AV GOVERNADOR AGAMENON MAGALHAES	""	PROX DO BANCO BRADESCO PROX DO REAL HOSPITAL PORTUGUÊS, SENTIDO BOA VIAGEM	DERBY		""	COLISÃO	COLISÃO ENTRE ÔNIBUS E AUTO S/V	1					1				0		""	""	""	""	""	""	""	""	""	""	""	""	""
1462	2018-02-18T00:00:00	21:32:00	SEM VÍTIMA	FINALIZADA	BOA VIAGEM	RUA VISCONDE DE JEQUITINHONHA	680	AV BALTAZAR PASSOS	CRUZAMENTO COM A BALTAZAR PASSOS	RUA VISCONDE DE JEQUITINHONHA	680	CRUZAMENTO COM A BALTAZAR PASSOS	BOA VIAGEM		""	ENGAVETAMENTO	QUATRO VEICULOS	4									0		""	""	""	""	""	""	""	""	""	""	""	""	""
1463	2018-02-19T00:00:00	06:18:00	SEM VÍTIMA	FINALIZADA	BOA VIAGEM	AV ENGENHEIRO DOMINGOS FERREIRA	138	""	E/F AO PONTEIO NA PISTA PRINCIPAL	AV ENGENHEIRO DOMINGOS FERREIRA	138	E/F AO PONTEIO NA PISTA PRINCIPAL	BOA VIAGEM		""	COLISÃO	SEM VÍTIMAS						1	1			0		""	""	""	""	""	""	""	""	""	""	""	""	""
1464	2018-02-19T00:00:00	06:25:00	SEM VÍTIMA	FINALIZADA	BEBERIBE	AV BEBERIBE	""	""	EM FRENTE AO SESC / SENT SUB	AV BEBERIBE	""	EM FRENTE AO SESC / SENT SUB	BEBERIBE		""	COLISÃO	ONIBUS E AUTO	1					1				0		""	""	""	""	""	""	""	""	""	""	""	""	""
1465	2018-02-19T00:00:00	06:38:00	SEM VÍTIMA	FINALIZADA	BOA VISTA	PRC PARQUE AMORIM	""	""	AO LADO DO BOMPREÇO	PRC PARQUE AMORIM	""	AO LADO DO BOMPREÇO	BOA VISTA		""	COLISÃO	SEM VÍTIMAS	1					1				0		""	""	""	""	""	""	""	""	""	""	""	""	""
1466	2018-02-19T00:00:00	07:38:00	SEM VÍTIMA	FINALIZADA	AFOGADOS	AV SUL	""	""	NO SEMAFORO Nº320	AV SUL	""	NO SEMAFORO Nº320	AFOGADOS		""	COLISÃO	COL.S/V .SET.CD	1						1			0		""	""	""	""	""	""	""	""	""	""	""	""	""
1467	2018-02-19T00:00:00	08:53:00	SEM VÍTIMA	FINALIZADA	ÁGUA FRIA	EST VELHA DE AGUA FRIA	1687	""	E/F DA IGREJA UNIVERSAL DO REINO DE DEUS	EST VELHA DE AGUA FRIA	1687	E/F DA IGREJA UNIVERSAL DO REINO DE DEUS	ÁGUA FRIA		""	COLISÃO COM CICLISTA	COLISAO DE ONIBUS COM CICLISTA VT 14 NO LOCAL				1		1				0		""	""	""	""	""	""	""	""	""	""	""	""	""
1468	2018-02-19T00:00:00	09:17:00	SEM VÍTIMA	FINALIZADA	GUABIRABA	AV EMBAIXADOR ASSIS CHATEAUBRIAND	""	""	NO TERMINAL DOS ÔNIBUS DA GUABIRABA	AV EMBAIXADOR ASSIS CHATEAUBRIAND	""	NO TERMINAL DOS ÔNIBUS DA GUABIRABA	GUABIRABA		""	COLISÃO	COL.S//V.	1						1			0		""	""	""	""	""	""	""	""	""	""	""	""	""
1469	2018-02-19T00:00:00	09:28:00	SEM VÍTIMA	FINALIZADA	CAXANGÁ	AV CAXANGA	""	""	NO SEMAFORO 080 E/F DA INTEGRAÇAO DO HOSPITAL GETULIO VARGAS S/T ALDEIA	AV CAXANGA	""	NO SEMAFORO 080 E/F DA INTEGRAÇAO DO HOSPITAL GETULIO VARGAS S/T ALDEIA	CAXANGÁ		""	COLISÃO	COLISAO ONIBUS E AUTO S/V										0		""	""	""	""	""	""	""	""	""	""	""	""	""
1470	2018-02-19T00:00:00	09:28:00	SEM VÍTIMA	FINALIZADA	PARNAMIRIM	RUA SEBASTIAO MALTA ARCOVERDE	173	""	RUA DA FIRMA RENAUX GESTAO E SERVIÇO	RUA SEBASTIAO MALTA ARCOVERDE	173	RUA DA FIRMA RENAUX GESTAO E SERVIÇO	PARNAMIRIM		""	COLISÃO	CARRO FORTE E ONIBUS						1			1	0		""	""	""	""	""	""	""	""	""	""	""	""	""
1471	2018-02-19T00:00:00	09:46:00	SEM VÍTIMA	FINALIZADA	BOA VISTA	AV GOVERNADOR AGAMENON MAGALHAES	""	""	EM FRENTE AO COLEGIO AMERICANO BATISTA	AV GOVERNADOR AGAMENON MAGALHAES	""	EM FRENTE AO COLEGIO AMERICANO BATISTA	BOA VISTA		""	COLISÃO	COL..S/V SET. OLINDA GM JA NO LOCAL	2									0		""	""	""	""	""	""	""	""	""	""	""	""	""
1472	2018-02-19T00:00:00	10:30:00	SEM VÍTIMA	FINALIZADA	SANTO AMARO	AV GOVERNADOR AGAMENON MAGALHAES	2615	""	EM FRENTE AO EDF/BURLE MARX	AV GOVERNADOR AGAMENON MAGALHAES	2615	EM FRENTE AO EDF/BURLE MARX	SANTO AMARO		""	COLISÃO	COL.S/V SET.OLINDA NA VIA LOCAL	3									0		""	""	""	""	""	""	""	""	""	""	""	""	""
1473	2018-02-19T00:00:00	10:34:00	SEM VÍTIMA	FINALIZADA	AFOGADOS	RUA SAO MIGUEL	187	""	EM FRENTE A ACADEMIA BELEZA E SAUDE	RUA SAO MIGUEL	187	EM FRENTE A ACADEMIA BELEZA E SAUDE	AFOGADOS		""	COLISÃO	DOIS AUTOS	2									0		""	""	""	""	""	""	""	""	""	""	""	""	""