_id	DATA	hora	natureza_acidente	situacao	bairro	endereco	numero	detalhe_endereco_acidente	complemento	endereco_cruzamento	numero_cruzamento	referencia_cruzamento	bairro_cruzamento	num_semaforo	sentido_via	tipo	descricao	auto	moto	ciclom	ciclista	pedestre	onibus	caminhao	viatura	outros	vitimas	vitimasfatais	acidente_verificado	tempo_clima	situacao_semaforo	sinalizacao	condicao_via	conservacao_via	ponto_controle	situacao_placa	velocidade_max_via	mao_direcao	divisao_via1	divisao_via2	divisao_via3
1474	2018-02-19T00:00:00	10:38:00	SEM VÍTIMA	FINALIZADA	GRAÇAS	RUA DR VICENTE MEIRA	114	""	E/F AO ESPINHEIRO SHOPPING	RUA DR VICENTE MEIRA	114	E/F AO ESPINHEIRO SHOPPING	GRAÇAS		""	COLISÃO	SEM VÍTIMAS.	2									0		""	""	""	""	""	""	""	""	""	""	""	""	""
1475	2018-02-19T00:00:00	11:56:00	SEM VÍTIMA	FINALIZADA	CASA AMARELA	EST DO ARRAIAL	3863	""	EM FRENTE AO BRADESCO	EST DO ARRAIAL	3863	EM FRENTE AO BRADESCO	CASA AMARELA		""	COLISÃO	ONIBUS E AUTO	1					1				0		""	""	""	""	""	""	""	""	""	""	""	""	""
1476	2018-02-19T00:00:00	12:04:00	SEM VÍTIMA	FINALIZADA	IMBIRIBEIRA	AV MARECHAL MASCARENHAS DE MORAES	""	""	EM FRENTE AO TRIBUNAL DO TRABALHO RECIFE/ SENTIDO CIDADE	AV MARECHAL MASCARENHAS DE MORAES	""	EM FRENTE AO TRIBUNAL DO TRABALHO RECIFE/ SENTIDO CIDADE	IMBIRIBEIRA		""	COLISÃO	COLISÃO SEM VÍTIMA	2									0		""	""	""	""	""	""	""	""	""	""	""	""	""
1477	2018-02-19T00:00:00	12:13:00	COM VÍTIMA	FINALIZADA	CORDEIRO	RUA GOMES TABORDA	""	""	E/F DO SUPERMERCADO IDEAL ATACAREJO S/T AV DO FORTE	RUA GOMES TABORDA	""	E/F DO SUPERMERCADO IDEAL ATACAREJO S/T AV DO FORTE	CORDEIRO		""	COLISÃO	COLISAO DE AUTO E MOTO COM UMA VITIMA	1	1								1		""	""	""	""	""	""	""	""	""	""	""	""	""
1478	2018-02-19T00:00:00	12:34:00	SEM VÍTIMA	CANCELADA	COHAB	AV RIO GRANDE	282	""	PROXIMO A DELEGACIA DO UR1	AV RIO GRANDE	282	PROXIMO A DELEGACIA DO UR1	COHAB		""	COLISÃO	COLISÃO SEM VÍTIMA	2									0		""	""	""	""	""	""	""	""	""	""	""	""	""
1479	2018-02-19T00:00:00	12:45:00	SEM VÍTIMA	FINALIZADA	IBURA	AV ENGENHO SERRA VERDE	500	""	UR3 PROX DA ESQUINA DA CONTRUÇÃO	AV ENGENHO SERRA VERDE	500	UR3 PROX DA ESQUINA DA CONTRUÇÃO	IBURA		""	COLISÃO	COLISAO DE DOIS AUTOS S/V	2									0		""	""	""	""	""	""	""	""	""	""	""	""	""
1480	2018-02-19T00:00:00	12:50:00	SEM VÍTIMA	FINALIZADA	SÃO JOSÉ	AV MARTINS DE BARROS	""	""	NA PRAÇA DESZESSETE PROX DO FORUM TOMÁS DE AQUINO	AV MARTINS DE BARROS	""	NA PRAÇA DESZESSETE PROX DO FORUM TOMÁS DE AQUINO	SÃO JOSÉ		""	COLISÃO	COLISAO DE DOIS AUTOS S/V	2									0		""	""	""	""	""	""	""	""	""	""	""	""	""
1481	2018-02-19T00:00:00	13:58:00	SEM VÍTIMA	FINALIZADA	CASA FORTE	AV DEZESSETE DE AGOSTO	189	""	EM FRENTE A CASA DOS COLCHÕES	AV DEZESSETE DE AGOSTO	189	EM FRENTE A CASA DOS COLCHÕES	CASA FORTE		""	COLISÃO	COLISÃO SEM VÍTIMA	3									0		""	""	""	""	""	""	""	""	""	""	""	""	""
1482	2018-02-19T00:00:00	16:26:00	SEM VÍTIMA	FINALIZADA	BOA VIAGEM	RUA BRUNO VELOSO	""	AV DOMINGOS FERREIRA	ESQUINA COM A DOMINGOS FERREIRA, SEMAFORO 338	RUA BRUNO VELOSO	""	ESQUINA COM A DOMINGOS FERREIRA, SEMAFORO 338	BOA VIAGEM		""	COLISÃO	AUTO E ONIBUS 	1					1				0		""	""	""	""	""	""	""	""	""	""	""	""	""
1483	2018-02-19T00:00:00	16:42:00	SEM VÍTIMA	FINALIZADA	MADALENA	AV VISCONDE DE ALBUQUERQUE	""	""	C / RUA LOPES DE CARVALHO	AV VISCONDE DE ALBUQUERQUE	""	C / RUA LOPES DE CARVALHO	MADALENA		""	COLISÃO	""	1	1								0		""	""	""	""	""	""	""	""	""	""	""	""	""
1484	2018-02-19T00:00:00	16:47:00	COM VÍTIMA	FINALIZADA	IMBIRIBEIRA	AV MARECHAL MASCARENHAS DE MORAES	""	""	EM FRENTE A TAMBAÍ	AV MARECHAL MASCARENHAS DE MORAES	""	EM FRENTE A TAMBAÍ	IMBIRIBEIRA		""	COLISÃO	""	1					1				1		""	""	""	""	""	""	""	""	""	""	""	""	""
1485	2018-02-19T00:00:00	16:50:00	COM VÍTIMA	FINALIZADA	CASA AMARELA	EST DO ARRAIAL	2823	""	PROX AO HOSPITAL AGAMENON MAGALHAES E/F DO EDF TI ARIES	EST DO ARRAIAL	2823	PROX AO HOSPITAL AGAMENON MAGALHAES E/F DO EDF TI ARIES	CASA AMARELA		""	COLISÃO	COLISAO DE AUTO E MOTO COM UMA VITIMA VT 14 NO LOCAL	1	1								1		""	""	""	""	""	""	""	""	""	""	""	""	""
1486	2018-02-19T00:00:00	17:13:00	SEM VÍTIMA	FINALIZADA	IPUTINGA	EST DO BARBALHO	""	""	EM FRENTE AO PORTAO DE VISTORIA DO DETRAN	EST DO BARBALHO	""	EM FRENTE AO PORTAO DE VISTORIA DO DETRAN	IPUTINGA		""	COLISÃO	AUTO E ONIBUS DA MOBI S/V	1					1				0		""	""	""	""	""	""	""	""	""	""	""	""	""
1487	2018-02-19T00:00:00	17:28:00	COM VÍTIMA	FINALIZADA	CASA FORTE	AV DEZESSETE DE AGOSTO	""	""	ENTRE O BARCHEF E O BAR REAL BOTEQUIM	AV DEZESSETE DE AGOSTO	""	ENTRE O BARCHEF E O BAR REAL BOTEQUIM	CASA FORTE		""	COLISÃO	COLISAO DE AUTO E DUAS MOTO COM UMA VITIMA	1	2								4		""	""	""	""	""	""	""	""	""	""	""	""	""
1488	2018-02-19T00:00:00	17:37:00	SEM VÍTIMA	FINALIZADA	ÁGUA FRIA	EST VELHA DE AGUA FRIA	1824	""	PROX. AO MERCADO IDEAL E MILENA MOVEIS	EST VELHA DE AGUA FRIA	1824	PROX. AO MERCADO IDEAL E MILENA MOVEIS	ÁGUA FRIA		""	COLISÃO	AUTO E CAMINHAO	1						1			0		""	""	""	""	""	""	""	""	""	""	""	""	""
1489	2018-02-19T00:00:00	18:01:00	SEM VÍTIMA	FINALIZADA	MADALENA	RUA BENFICA	""	""	PROX. AO CLUBE INTERNACIONAL	RUA BENFICA	""	PROX. AO CLUBE INTERNACIONAL	MADALENA		""	COLISÃO	DOIS AUTOS, PONTO FIXO- GM	2									0		""	""	""	""	""	""	""	""	""	""	""	""	""
1490	2018-02-19T00:00:00	18:17:00	SEM VÍTIMA	FINALIZADA	CAMPO GRANDE	RUA FARIAS NEVES	""	AV FRANKLIN TAVORA	CRUZAMENTO COM AV FRANKLIN TAVORA	RUA FARIAS NEVES	""	CRUZAMENTO COM AV FRANKLIN TAVORA	CAMPO GRANDE		""	COLISÃO	DOIS AUTO	2									0		""	""	""	""	""	""	""	""	""	""	""	""	""
1491	2018-02-19T00:00:00	18:22:00	COM VÍTIMA	CANCELADA	POÇO DA PANELA	RUA MARECHAL RONDON	""	EST DO ENCANAMENTO	TRANSVERSAL COM EST. DO ENCANAMENTO PROX A CASA DE SHOW ESTRIPOLIA	RUA MARECHAL RONDON	""	TRANSVERSAL COM EST. DO ENCANAMENTO PROX A CASA DE SHOW ESTRIPOLIA	POÇO DA PANELA		""	COLISÃO COM CICLISTA	CICLISTA E AUTO	1			1						1		""	""	""	""	""	""	""	""	""	""	""	""	""
1492	2018-02-19T00:00:00	18:30:00	SEM VÍTIMA	FINALIZADA	NOVA DESCOBERTA	RUA ALTO DO REFUGIO	370	""	PROX. Á IGREJA ASSEMBLEIA DE DEUS	RUA ALTO DO REFUGIO	370	PROX. Á IGREJA ASSEMBLEIA DE DEUS	NOVA DESCOBERTA		""	COLISÃO	VT DA POLICIA E MOTO		1						1		0		""	""	""	""	""	""	""	""	""	""	""	""	""
1493	2018-02-19T00:00:00	19:01:00	SEM VÍTIMA	CANCELADA	IMBIRIBEIRA	AV MARECHAL MASCARENHAS DE MORAES	2092	""	PROX PELLEGRINO DISTRIBUIDORA DE AUTO PEÇAS SENTIDO AEROPORTO	AV MARECHAL MASCARENHAS DE MORAES	2092	PROX PELLEGRINO DISTRIBUIDORA DE AUTO PEÇAS SENTIDO AEROPORTO	IMBIRIBEIRA		""	COLISÃO	GOL X TUCSON	2									0		""	""	""	""	""	""	""	""	""	""	""	""	""
1494	2018-02-19T00:00:00	19:02:00	SEM VÍTIMA	FINALIZADA	CORDEIRO	RUA GREGORIO JUNIOR	""	AV CAXANGA	COM AV. CAXANGA AO LADO DA SHINERAY	RUA GREGORIO JUNIOR	""	COM AV. CAXANGA AO LADO DA SHINERAY	CORDEIRO		""	COLISÃO	DOIS AUTOS	2									0		""	""	""	""	""	""	""	""	""	""	""	""	""
1495	2018-02-19T00:00:00	19:07:00	SEM VÍTIMA	FINALIZADA	AFOGADOS	EST DOS REMEDIOS	895	""	ENF AO CABLOQUINHO	EST DOS REMEDIOS	895	ENF AO CABLOQUINHO	AFOGADOS		""	COLISÃO	DOIS AUTO	2									0		""	""	""	""	""	""	""	""	""	""	""	""	""
1496	2018-02-19T00:00:00	19:28:00	SEM VÍTIMA	FINALIZADA	CAMPO GRANDE	RUA SAO CAETANO	317	RUA PROFESSOR FRANCISCO DA TRINDADE	COM A RUA PROFESSOR FRANCISCO TRINDADE, PROX. AO CLUBE DAS PAZ	RUA SAO CAETANO	317	COM A RUA PROFESSOR FRANCISCO TRINDADE, PROX. AO CLUBE DAS PAZ	CAMPO GRANDE		""	COLISÃO	DOIS AUTOS	2									0		""	""	""	""	""	""	""	""	""	""	""	""	""
1497	2018-02-19T00:00:00	20:47:00	SEM VÍTIMA	FINALIZADA	VASCO DA GAMA	RUA VASCO DA GAMA	645	""	PROX. Á IGREJA CATOLICA DO VASCO DA GAMA	RUA VASCO DA GAMA	645	PROX. Á IGREJA CATOLICA DO VASCO DA GAMA	VASCO DA GAMA		""	COLISÃO	ONIBUS E AUTO	1					1				0		""	""	""	""	""	""	""	""	""	""	""	""	""
1498	2018-02-19T00:00:00	21:09:00	COM VÍTIMA	FINALIZADA	BARRO	AV DR JOSE RUFINO	""	""	PROX AO VIADUTO DA BR 101 PROX AO HTEL OLIMPICOS	AV DR JOSE RUFINO	""	PROX AO VIADUTO DA BR 101 PROX AO HTEL OLIMPICOS	BARRO		""	COLISÃO	AUTO E MOTO	1	1								1		""	""	""	""	""	""	""	""	""	""	""	""	""
1499	2018-02-19T00:00:00	21:31:00	COM VÍTIMA	FINALIZADA	ESPINHEIRO	RUA DO ESPINHEIRO	""	RUA SANTO ELIAS	CRUZAMENTO COM A RUA SANTA ELIA PROX AO POSTO IPIRANGA	RUA DO ESPINHEIRO	""	CRUZAMENTO COM A RUA SANTA ELIA PROX AO POSTO IPIRANGA	ESPINHEIRO		""	COLISÃO	ONIBUS GLOBO X AUTO	1					1				1		""	""	""	""	""	""	""	""	""	""	""	""	""
1500	2018-02-19T00:00:00	22:08:00	SEM VÍTIMA	FINALIZADA	CAJUEIRO	AV SEBASTIAO SALAZAR	187	""	APOS O BAR DA FAVA	AV SEBASTIAO SALAZAR	187	APOS O BAR DA FAVA	CAJUEIRO		""	COLISÃO	DOIS AUTOS	2									0		""	""	""	""	""	""	""	""	""	""	""	""	""
1501	2018-02-19T00:00:00	22:26:00	SEM VÍTIMA	FINALIZADA	CAXANGÁ	AV CAXANGA	""	RUA JOSÉ OSÓRIO	NO FINAL DA RUA JOSE OSORIO NO COMEÇO DA AV CAXANGA	AV CAXANGA	""	NO FINAL DA RUA JOSE OSORIO NO COMEÇO DA AV CAXANGA	CAXANGÁ		""	COLISÃO	ONIBUS DA PREFEITURA X AUTO	1					1				0		""	""	""	""	""	""	""	""	""	""	""	""	""
1502	2018-02-20T00:00:00	02:57:00	SEM VÍTIMA	FINALIZADA	IPUTINGA	RUA MAURICIO DE NASSAU	238	""	APOS A LOMBADA ELETRONICA SENT. DETRAN	RUA MAURICIO DE NASSAU	238	APOS A LOMBADA ELETRONICA SENT. DETRAN	IPUTINGA		""	COLISÃO	DUAS VT- DA PM								2		0		""	""	""	""	""	""	""	""	""	""	""	""	""
1503	2018-02-20T00:00:00	06:12:00	SEM VÍTIMA	FINALIZADA	ESTÂNCIA	AV RECIFE	1781	""	PROX AO POSTO TOTAL/BOMPREÇO/RESID INEZ ANDREAZA	AV RECIFE	1781	PROX AO POSTO TOTAL/BOMPREÇO/RESID INEZ ANDREAZA	ESTÂNCIA		""	COLISÃO	COLISÃO CAMIONETA X ÔNIBUS, S/VITIMA	1					1				0		""	""	""	""	""	""	""	""	""	""	""	""	""
1504	2018-02-20T00:00:00	06:30:00	SEM VÍTIMA	FINALIZADA	ESTÂNCIA	AV RECIFE	""	RUA SENADOR ALBERTO PASQUALINI	SEMAFORO 259 / SENT BR / CRUZ COM A RUA SEN ALBERTO PASQUALINI	AV RECIFE	""	SEMAFORO 259 / SENT BR / CRUZ COM A RUA SEN ALBERTO PASQUALINI	ESTÂNCIA		""	COLISÃO	VAN E AUTO	2									0		""	""	""	""	""	""	""	""	""	""	""	""	""
1505	2018-02-20T00:00:00	06:48:00	SEM VÍTIMA	FINALIZADA	CAXANGÁ	AV CAXANGA	1335	""	EM FRENTE AO MERCADO STYLO	AV CAXANGA	1335	EM FRENTE AO MERCADO STYLO	CAXANGÁ		""	COLISÃO	COL.S/V,SET.CD NO VEICULO TEM UMA CRIANÇA MENOR	1	1								0		""	""	""	""	""	""	""	""	""	""	""	""	""
1506	2018-02-20T00:00:00	07:01:00	SEM VÍTIMA	FINALIZADA	BOA VIAGEM	AV BOA VIAGEM	3178	""	EM FRENTE AO EDF FRANCISCO DE PAULA / POSTO 6	AV BOA VIAGEM	3178	EM FRENTE AO EDF FRANCISCO DE PAULA / POSTO 6	BOA VIAGEM		""	COLISÃO	DOIS AUTOS	2									0		""	""	""	""	""	""	""	""	""	""	""	""	""
1507	2018-02-20T00:00:00	07:44:00	SEM VÍTIMA	FINALIZADA	MANGABEIRA	AV NORTE	""	""	SEMÁFORO 096, PALÁCIO DO PÃO. SENTIDO SUBÚRBIO	AV NORTE	""	SEMÁFORO 096, PALÁCIO DO PÃO. SENTIDO SUBÚRBIO	MANGABEIRA		""	COLISÃO	SEM VÍTIMAS	1					1				0		""	""	""	""	""	""	""	""	""	""	""	""	""
1508	2018-02-20T00:00:00	08:51:00	SEM VÍTIMA	FINALIZADA	MACAXEIRA	AV NORTE	6478	""	HA 500 METROS DA INTEGRAÇÃO DA MACAXEIRA NO SENT/INTEGRAÇÃO	AV NORTE	6478	HA 500 METROS DA INTEGRAÇÃO DA MACAXEIRA NO SENT/INTEGRAÇÃO	MACAXEIRA		""	COLISÃO	SEM VITIMAS	1					1				0		""	""	""	""	""	""	""	""	""	""	""	""	""
1509	2018-02-20T00:00:00	09:12:00	SEM VÍTIMA	FINALIZADA	SÃO JOSÉ	AV MARTINS DE BARROS	593	""	AO LADO DO FORO TOMAIS DE AGUINO	AV MARTINS DE BARROS	593	AO LADO DO FORO TOMAIS DE AGUINO	SÃO JOSÉ		""	COLISÃO	COL.S/V	2									0		""	""	""	""	""	""	""	""	""	""	""	""	""
1510	2018-02-20T00:00:00	09:48:00	SEM VÍTIMA	FINALIZADA	AFLITOS	AV DR MALAQUIAS	59	""	EM FRENTE A LOJA ARTE LAR	AV DR MALAQUIAS	59	EM FRENTE A LOJA ARTE LAR	AFLITOS		""	COLISÃO	DOIS AUTOS	2									0		""	""	""	""	""	""	""	""	""	""	""	""	""
1511	2018-02-20T00:00:00	10:35:00	SEM VÍTIMA	FINALIZADA	MADALENA	RUA REAL DA TORRE	""	""	EM FRENTE AO MERCADO PUBLICO DA MADALENA	RUA REAL DA TORRE	""	EM FRENTE AO MERCADO PUBLICO DA MADALENA	MADALENA		""	COLISÃO	COL.S/V, SET.CAXANGA	1					1				0		""	""	""	""	""	""	""	""	""	""	""	""	""
1512	2018-02-20T00:00:00	10:47:00	SEM VÍTIMA	FINALIZADA	AREIAS	AV RECIFE	""	""	EM FRENTE AO RESIDENCIAL IGNES ANDREAZZA / SENT BOA VIAGEM	AV RECIFE	""	EM FRENTE AO RESIDENCIAL IGNES ANDREAZZA / SENT BOA VIAGEM	AREIAS		""	COLISÃO	TRES AUTOS	3									0		""	""	""	""	""	""	""	""	""	""	""	""	""
1513	2018-02-20T00:00:00	11:07:00	SEM VÍTIMA	CANCELADA	BOA VIAGEM	AV CONSELHEIRO AGUIAR	2255	RUA HENRIQUE CAPITULINO	EM FRENTE A LOJA DE COLCHÕES PRÁ DORMIR,CRUZ/ COM A RUA HENRIQUE CAPITULINO	AV CONSELHEIRO AGUIAR	2255	EM FRENTE A LOJA DE COLCHÕES PRÁ DORMIR,CRUZ/ COM A RUA HENRIQUE CAPITULINO	BOA VIAGEM		""	COLISÃO	SEM VITIMAS	2									0		""	""	""	""	""	""	""	""	""	""	""	""	""
1514	2018-02-20T00:00:00	11:27:00	SEM VÍTIMA	FINALIZADA	BOA VISTA	AV MONTEVIDEU	183	""	EM CAMARA MUNICIPAL DO RECIFE ANEXO TRES	AV MONTEVIDEU	183	EM CAMARA MUNICIPAL DO RECIFE ANEXO TRES	BOA VISTA		""	COLISÃO	SEM VITIMAS	1	1								0		""	""	""	""	""	""	""	""	""	""	""	""	""
1515	2018-02-20T00:00:00	11:47:00	SEM VÍTIMA	FINALIZADA	SÃO JOSÉ	RUA DA CONCORDIA	984	""	E/F DA SEDE DO GALO DA MADRUGADA	RUA DA CONCORDIA	984	E/F DA SEDE DO GALO DA MADRUGADA	SÃO JOSÉ		""	COLISÃO	COLISAO DE CAMINHAO E AUTO S/V	1						1			0		""	""	""	""	""	""	""	""	""	""	""	""	""
1516	2018-02-20T00:00:00	12:04:00	SEM VÍTIMA	FINALIZADA	BAIRRO DO RECIFE	CAIS DO APOLO	""	""	EM FRENTE AO TRIBUNAL REGIONAL FEDERAL/ SENTIDO CIDADE	CAIS DO APOLO	""	EM FRENTE AO TRIBUNAL REGIONAL FEDERAL/ SENTIDO CIDADE	BAIRRO DO RECIFE		""	COLISÃO	COLISÃO SEM VÍTIMA	2									0		""	""	""	""	""	""	""	""	""	""	""	""	""
1517	2018-02-20T00:00:00	12:46:00	SEM VÍTIMA	FINALIZADA	SANTO ANTÔNIO	PTE BUARQUE DE MACEDO	""	""	PROX. AO PALACIO DAS PRINCESAS	PTE BUARQUE DE MACEDO	""	PROX. AO PALACIO DAS PRINCESAS	SANTO ANTÔNIO		""	COLISÃO	DOIS AUTOS S/V	2									0		""	""	""	""	""	""	""	""	""	""	""	""	""
1518	2018-02-20T00:00:00	12:48:00	SEM VÍTIMA	FINALIZADA	CASA FORTE	EST DAS UBAIAS,	195	""	EM FRENTE AO EDIFICIO ETERNITY	EST DAS UBAIAS,	195	EM FRENTE AO EDIFICIO ETERNITY	CASA FORTE		""	COLISÃO	COLISÃO SEM VÍTIMA	1	1								0		""	""	""	""	""	""	""	""	""	""	""	""	""
1519	2018-02-20T00:00:00	13:08:00	""	CANCELADA	BAIRRO DO RECIFE	RUA BUARQUE DE MACEDO	""	""	PROX DO PALACIO DAS PRINCESA ANTES DA PONTE S/T RECIFE ANTIGO	RUA BUARQUE DE MACEDO	""	PROX DO PALACIO DAS PRINCESA ANTES DA PONTE S/T RECIFE ANTIGO	BAIRRO DO RECIFE		""	COLISÃO	COLISAO DE DOIS AUTOS S/V	2									0		""	""	""	""	""	""	""	""	""	""	""	""	""
1520	2018-02-20T00:00:00	13:31:00	SEM VÍTIMA	FINALIZADA	BOA VIAGEM	RUA PADRE CARAPUCEIRO	""	""	NA ENTRADA DA PARADA DO SHOPPING RECIFE	RUA PADRE CARAPUCEIRO	""	NA ENTRADA DA PARADA DO SHOPPING RECIFE	BOA VIAGEM		""	COLISÃO	ONIBUS E ONIBUS COMPLEMENTAR						2				0		""	""	""	""	""	""	""	""	""	""	""	""	""
1521	2018-02-20T00:00:00	13:46:00	COM VÍTIMA	FINALIZADA	CORDEIRO	AV CAXANGA	""	""	EM FRENTE AO PERNAMBUCO DA SORTE	AV CAXANGA	""	EM FRENTE AO PERNAMBUCO DA SORTE	CORDEIRO		""	ATROPELAMENTO	""		1								1		""	""	""	""	""	""	""	""	""	""	""	""	""
1522	2018-02-20T00:00:00	14:10:00	SEM VÍTIMA	FINALIZADA	BONGI	AV ENGENHEIRO ABDIAS DE CARVALHO	""	""	E/F DO HABIB´S S/T CID	AV ENGENHEIRO ABDIAS DE CARVALHO	""	E/F DO HABIB´S S/T CID	BONGI		""	COLISÃO	COLISAO DE DOIS AUTOS S/V	2									0		""	""	""	""	""	""	""	""	""	""	""	""	""
1523	2018-02-20T00:00:00	14:26:00	COM VÍTIMA	FINALIZADA	CAMPO GRANDE	RUA ODORICO MENDES	""	""	E/F AO CLUBE DAS PÁS	RUA ODORICO MENDES	""	E/F AO CLUBE DAS PÁS	CAMPO GRANDE		""	COLISÃO	COLISAO DE AUTO E MOTO COM UMA VITIMA	1	1								1		""	""	""	""	""	""	""	""	""	""	""	""	""
1524	2018-02-20T00:00:00	14:38:00	SEM VÍTIMA	FINALIZADA	ILHA DO LEITE	AV GOVERNADOR AGAMENON MAGALHAES	4481	""	EM FRENTE AO BRADESCO/ SENTIDO OLINDA/ PISTA LOCAL	AV GOVERNADOR AGAMENON MAGALHAES	4481	EM FRENTE AO BRADESCO/ SENTIDO OLINDA/ PISTA LOCAL	ILHA DO LEITE		""	COLISÃO	COLISÃO SEM VÍTIMA	1						1			0		""	""	""	""	""	""	""	""	""	""	""	""	""
1525	2018-02-20T00:00:00	14:43:00	SEM VÍTIMA	FINALIZADA	CAMPO GRANDE	RUA PROFESSOR FRANCISCO DA TRINDADE	263	""	APOS O CLUBE DAS PÁS A DIREITA	RUA PROFESSOR FRANCISCO DA TRINDADE	263	APOS O CLUBE DAS PÁS A DIREITA	CAMPO GRANDE		""	COLISÃO	COLISAO DE DOIS AUTOS S/V	2									0		""	""	""	""	""	""	""	""	""	""	""	""	""
1526	2018-02-20T00:00:00	15:11:00	SEM VÍTIMA	FINALIZADA	MADALENA	RUA GALVAO RAPOSO	377	""	E/F A PRAÇA PROFESSOR CALAZANS	RUA GALVAO RAPOSO	377	E/F A PRAÇA PROFESSOR CALAZANS	MADALENA		""	COLISÃO	DOIS AUTOS	2									0		""	""	""	""	""	""	""	""	""	""	""	""	""
1527	2018-02-20T00:00:00	15:18:00	SEM VÍTIMA	FINALIZADA	DERBY	AV GOVERNADOR AGAMENON MAGALHAES	""	""	EM FRENTE A DROGASIL, PROX. AO HR SENTIDO OLINDA	AV GOVERNADOR AGAMENON MAGALHAES	""	EM FRENTE A DROGASIL, PROX. AO HR SENTIDO OLINDA	DERBY		""	COLISÃO	CARRO DA CELPE E AUTO PASSEIO	2									0		""	""	""	""	""	""	""	""	""	""	""	""	""
1528	2018-02-20T00:00:00	15:31:00	SEM VÍTIMA	FINALIZADA	VÁRZEA	RUA AGRICOLANDIA	171	RUA ANTONIO JOSE COELHO	COM RUA ANTONIO JOSE COELHO ESQUINA DO EDF RIO TAPAJOS	RUA AGRICOLANDIA	171	COM RUA ANTONIO JOSE COELHO ESQUINA DO EDF RIO TAPAJOS	VÁRZEA		""	COLISÃO	COLISAO DE DOIS AUTOS S/V	2									0		""	""	""	""	""	""	""	""	""	""	""	""	""
1529	2018-02-20T00:00:00	16:13:00	SEM VÍTIMA	FINALIZADA	SÃO JOSÉ	RUA IMPERIAL	1705	""	EM FRENTE AO ESTACIONAMENTO PRIVATIVO GERALDO ARAUJO	RUA IMPERIAL	1705	EM FRENTE AO ESTACIONAMENTO PRIVATIVO GERALDO ARAUJO	SÃO JOSÉ		""	COLISÃO	COLISÃO SEM VÍTIMA	1	1								0		""	""	""	""	""	""	""	""	""	""	""	""	""
1530	2018-02-20T00:00:00	16:25:00	SEM VÍTIMA	FINALIZADA	GRAÇAS	AV RUI BARBOSA	""	""	AO LADO DO TRIBUNAL REGIONAL ELEITORAL	AV RUI BARBOSA	""	AO LADO DO TRIBUNAL REGIONAL ELEITORAL	GRAÇAS		""	COLISÃO	COLISÃO SEM VÍTIMA	1						1			0		""	""	""	""	""	""	""	""	""	""	""	""	""
1531	2018-02-20T00:00:00	16:41:00	SEM VÍTIMA	CANCELADA	IPUTINGA	AV CAXANGA	2414	""	PROX DO PARQUE DE EXPOSIÇÃO DO CORDEIRO S/T HIPER CAXANGA	AV CAXANGA	2414	PROX DO PARQUE DE EXPOSIÇÃO DO CORDEIRO S/T HIPER CAXANGA	IPUTINGA		""	COLISÃO	COLISAO DE DUAS MOTOS S/V		2								0		""	""	""	""	""	""	""	""	""	""	""	""	""
1532	2018-02-20T00:00:00	16:44:00	SEM VÍTIMA	CANCELADA	DERBY	RUA JENER DE SOUZA	""	""	AO LADO DO QUARTEL DO DERBY	RUA JENER DE SOUZA	""	AO LADO DO QUARTEL DO DERBY	DERBY		""	COLISÃO	COLISÃO SEM VÍTIMA	1	1								0		""	""	""	""	""	""	""	""	""	""	""	""	""
1533	2018-02-20T00:00:00	16:59:00	SEM VÍTIMA	FINALIZADA	DOIS IRMÃOS	RUA MANUEL DE MEDEIROS	""	""	E/F AO HOSPITAL VETERINARIO	RUA MANUEL DE MEDEIROS	""	E/F AO HOSPITAL VETERINARIO	DOIS IRMÃOS		""	COLISÃO	COLISAO DE AUTO E MOTO S/V	1	1								0		""	""	""	""	""	""	""	""	""	""	""	""	""
1534	2018-02-20T00:00:00	17:15:00	COM VÍTIMA	FINALIZADA	CAXANGÁ	AV CAXANGA	""	""	""	AV CAXANGA	""	""	CAXANGÁ		""	COLISÃO	""	1	1								1		""	""	""	""	""	""	""	""	""	""	""	""	""
1535	2018-02-20T00:00:00	17:20:00	SEM VÍTIMA	FINALIZADA	AFOGADOS	EST DOS REMEDIOS	94	""	PROXIMO AO SUPERMERCADO TODO DIA	EST DOS REMEDIOS	94	PROXIMO AO SUPERMERCADO TODO DIA	AFOGADOS		""	COLISÃO	COLISÃO SEM VÍTIMA	1					1				0		""	""	""	""	""	""	""	""	""	""	""	""	""
1536	2018-02-20T00:00:00	17:37:00	SEM VÍTIMA	FINALIZADA	IMBIRIBEIRA	RUA ALEIXO DE ABREU	152	AV DOM JOAO VI	TRANSVERSAL DA AV DOM JOAO VI POR TRAS DO WALMART ESQUINA DO POSTO BR E/F DA INCOMEL MATERIAIS ELETRICOS	RUA ALEIXO DE ABREU	152	TRANSVERSAL DA AV DOM JOAO VI POR TRAS DO WALMART ESQUINA DO POSTO BR E/F DA INCOMEL MATERIAIS ELETRICOS	IMBIRIBEIRA		""	COLISÃO	COLISAO DE DOIS AUTOS S/V	2									0		""	""	""	""	""	""	""	""	""	""	""	""	""
1537	2018-02-20T00:00:00	18:14:00	SEM VÍTIMA	FINALIZADA	BOA VISTA	RUA HENRIQUE DIAS	68	AV GOV AGAMENON MAGALHAES	CRUZAMENTO COM AGAMENON PROX AO EXTRA	RUA HENRIQUE DIAS	68	CRUZAMENTO COM AGAMENON PROX AO EXTRA	BOA VISTA		""	COLISÃO	ONIBUS X AUTO	1					1				0		""	""	""	""	""	""	""	""	""	""	""	""	""