_id	DATA	hora	natureza_acidente	situacao	bairro	endereco	numero	detalhe_endereco_acidente	complemento	endereco_cruzamento	numero_cruzamento	referencia_cruzamento	bairro_cruzamento	num_semaforo	sentido_via	tipo	descricao	auto	moto	ciclom	ciclista	pedestre	onibus	caminhao	viatura	outros	vitimas	vitimasfatais	acidente_verificado	tempo_clima	situacao_semaforo	sinalizacao	condicao_via	conservacao_via	ponto_controle	situacao_placa	velocidade_max_via	mao_direcao	divisao_via1	divisao_via2	divisao_via3
1859	2018-03-01T00:00:00	15:33:00	SEM VÍTIMA	FINALIZADA	BOA VIAGEM	AV BOA VIAGEM	""	RUA RIBEIRO DE BRITO	COM A RIBEIRO DE BRITO	AV BOA VIAGEM	""	COM A RIBEIRO DE BRITO	BOA VIAGEM		""	COLISÃO	COLISÃO SEM VITIMA	2									0		""	""	""	""	""	""	""	""	""	""	""	""	""
1860	2018-03-01T00:00:00	16:29:00	SEM VÍTIMA	FINALIZADA	CASA AMARELA	RUA MANDACARU	356	""	APOS O INSTITUTO RAQUEL DE QUEIROZ	RUA MANDACARU	356	APOS O INSTITUTO RAQUEL DE QUEIROZ	CASA AMARELA		""	COLISÃO	CAMINHÃO E AUTO	1						1			0		""	""	""	""	""	""	""	""	""	""	""	""	""
1861	2018-03-01T00:00:00	16:49:00	SEM VÍTIMA	FINALIZADA	AFOGADOS	RUA SAO MIGUEL	585	""	APÓS O BANCO DO BRASIL	RUA SAO MIGUEL	585	APÓS O BANCO DO BRASIL	AFOGADOS		""	COLISÃO	COLISAO DE TAXI E MOTO S/V	1	1								0		""	""	""	""	""	""	""	""	""	""	""	""	""
1862	2018-03-01T00:00:00	18:31:00	SEM VÍTIMA	FINALIZADA	IMBIRIBEIRA	RUA IZABEL DE SOUZA	315	""	AO LADO DO PELLEGRINO / PROX A FUNILARIA E PINTUR	RUA IZABEL DE SOUZA	315	AO LADO DO PELLEGRINO / PROX A FUNILARIA E PINTUR	IMBIRIBEIRA		""	COLISÃO	ENTRE AUTO E CAMINHÃO.S/V	1						1			0		""	""	""	""	""	""	""	""	""	""	""	""	""
1863	2018-03-01T00:00:00	19:01:00	SEM VÍTIMA	FINALIZADA	ENCRUZILHADA	AV BEBERIBE	""	""	E/F AO EDF ENCRUZILHADA / POR TRÁS DA ACADEMIA YES FITNESS	AV BEBERIBE	""	E/F AO EDF ENCRUZILHADA / POR TRÁS DA ACADEMIA YES FITNESS	ENCRUZILHADA		""	COLISÃO	ENTRE AUTO E MOTO. S/V	1	1								0		""	""	""	""	""	""	""	""	""	""	""	""	""
1864	2018-03-01T00:00:00	19:11:00	SEM VÍTIMA	FINALIZADA	BOA VIAGEM	RUA BALTAZAR PASSOS	310	""	E/F A PAM JOVEM E EDF JARDIM DAS PALMEIRAS	RUA BALTAZAR PASSOS	310	E/F A PAM JOVEM E EDF JARDIM DAS PALMEIRAS	BOA VIAGEM		""	COLISÃO	ENTRE 2 AUTO. S/V	2									0		""	""	""	""	""	""	""	""	""	""	""	""	""
1865	2018-03-01T00:00:00	19:31:00	SEM VÍTIMA	FINALIZADA	IMBIRIBEIRA	AVENIDA CELSO FURTADO (VIA MANGUE)	""	""	ENCIMA DO VIADUTO VIA MANGUE NA SAIDA PARA A IMBIRIBEIRA	AVENIDA CELSO FURTADO (VIA MANGUE)	""	ENCIMA DO VIADUTO VIA MANGUE NA SAIDA PARA A IMBIRIBEIRA	IMBIRIBEIRA		""	COLISÃO	DOIS AUTOS	2									0		""	""	""	""	""	""	""	""	""	""	""	""	""
1866	2018-03-01T00:00:00	19:51:00	SEM VÍTIMA	FINALIZADA	BOA VISTA	RUA DO RIACHUELO	""	""	PROX A FACULDADE DE DIREITO	RUA DO RIACHUELO	""	PROX A FACULDADE DE DIREITO	BOA VISTA		""	COLISÃO	VT DA POLICIA CILVIL X AUTO	1							1		0		""	""	""	""	""	""	""	""	""	""	""	""	""
1867	2018-03-02T00:00:00	05:36:00	SEM VÍTIMA	FINALIZADA	CASA AMARELA	RUA PADRE LEMOS	""	RUA TAQUARITINGA	CRUZAMENTO COM A RUA TAQUARITINGA // EM FRENTE A RICARDO ELETRO	RUA PADRE LEMOS	""	CRUZAMENTO COM A RUA TAQUARITINGA // EM FRENTE A RICARDO ELETRO	CASA AMARELA		""	COLISÃO	COLISÃO ENTRE AUTO E ÔNIBUS S/V		1				1				0		""	""	""	""	""	""	""	""	""	""	""	""	""
1868	2018-03-02T00:00:00	07:50:00	SEM VÍTIMA	FINALIZADA	BOA VIAGEM	RUA VISCONDE DE JEQUITINHONHA	""	""	SEMAFORO 433 / SENT DONA LINDU	RUA VISCONDE DE JEQUITINHONHA	""	SEMAFORO 433 / SENT DONA LINDU	BOA VIAGEM		""	ENGAVETAMENTO	QUATRO AUTOS	4									0		""	""	""	""	""	""	""	""	""	""	""	""	""
1869	2018-03-02T00:00:00	08:18:00	SEM VÍTIMA	FINALIZADA	LINHA DO TIRO	RUA URIEL DE HOLANDA	1059	""	EM FRENTE AO DEPOSITO DE BEBIDAS	RUA URIEL DE HOLANDA	1059	EM FRENTE AO DEPOSITO DE BEBIDAS	LINHA DO TIRO		""	COLISÃO	MOTO AUTO	1	1								0		""	""	""	""	""	""	""	""	""	""	""	""	""
1870	2018-03-02T00:00:00	08:46:00	SEM VÍTIMA	FINALIZADA	BOA VIAGEM	AVENIDA CELSO FURTADO (VIA MANGUE)	""	""	PROX. AO AEROCLUB, SENTIDO PINA	AVENIDA CELSO FURTADO (VIA MANGUE)	""	PROX. AO AEROCLUB, SENTIDO PINA	BOA VIAGEM		""	COLISÃO	COLISÃO SEM VITIMA	2									0		""	""	""	""	""	""	""	""	""	""	""	""	""
1871	2018-03-02T00:00:00	09:07:00	COM VÍTIMA	FINALIZADA	AFOGADOS	EST DOS REMEDIOS	1918	""	EM FRENTE AO CENTRO ESPECIALIZADO DE MEDICINA VETERINARIA	EST DOS REMEDIOS	1918	EM FRENTE AO CENTRO ESPECIALIZADO DE MEDICINA VETERINARIA	AFOGADOS		""	COLISÃO	MOTO E AUTO	1	1								2		""	""	""	""	""	""	""	""	""	""	""	""	""
1872	2018-03-02T00:00:00	09:10:00	SEM VÍTIMA	FINALIZADA	AFOGADOS	RUA MOTOCOLOMBO	2372	""	AO LADO DO TROCÃO, SENTIDO RECIFE	RUA MOTOCOLOMBO	2372	AO LADO DO TROCÃO, SENTIDO RECIFE	AFOGADOS		""	COLISÃO	COLISÃO SEM VITIMA	2									0		""	""	""	""	""	""	""	""	""	""	""	""	""
1873	2018-03-02T00:00:00	09:19:00	SEM VÍTIMA	FINALIZADA	IPUTINGA	RUA MAURICIO DE NASSAU	281	""	APOS A DEP. DO GOE, JUNTO A PANIFICADORA ATLANTICA	RUA MAURICIO DE NASSAU	281	APOS A DEP. DO GOE, JUNTO A PANIFICADORA ATLANTICA	IPUTINGA		""	COLISÃO	COLISÃO SEM VITIMAS	2									0		""	""	""	""	""	""	""	""	""	""	""	""	""
1874	2018-03-02T00:00:00	09:20:00	SEM VÍTIMA	FINALIZADA	DERBY	AV GOVERNADOR AGAMENON MAGALHAES	""	""	EM FRENTE A FACE IMAGEM / SENT BOA VIAGEM	AV GOVERNADOR AGAMENON MAGALHAES	""	EM FRENTE A FACE IMAGEM / SENT BOA VIAGEM	DERBY		""	COLISÃO	MOTO E AUTO / PETRONILO PONTO FIXO	1	1								0		""	""	""	""	""	""	""	""	""	""	""	""	""
1875	2018-03-02T00:00:00	09:40:00	COM VÍTIMA	FINALIZADA	DOIS IRMÃOS	RUA MANUEL DE MEDEIROS	93	""	E/F A RESIDENCIA, SENTIDO CAXANGÁ	RUA MANUEL DE MEDEIROS	93	E/F A RESIDENCIA, SENTIDO CAXANGÁ	DOIS IRMÃOS		""	COLISÃO COM CICLISTA	COM UMA VÍTIMAS JÁ SOCORRIDA PELO SAMU.	1			1						1		""	""	""	""	""	""	""	""	""	""	""	""	""
1876	2018-03-02T00:00:00	10:05:00	SEM VÍTIMA	FINALIZADA	SÃO JOSÉ	RUA IMPERIAL	""	""	EM FRENTE DA SECRETARIA DA FAZENDA	RUA IMPERIAL	""	EM FRENTE DA SECRETARIA DA FAZENDA	SÃO JOSÉ		""	COLISÃO	COL.S/V	1						1			0		""	""	""	""	""	""	""	""	""	""	""	""	""
1877	2018-03-02T00:00:00	10:27:00	SEM VÍTIMA	FINALIZADA	AFOGADOS	EST DOS REMEDIOS	""	RUA SÃO MIGUEL	COM LARGO DA PAZ, SEMÁFORO 053	EST DOS REMEDIOS	""	COM LARGO DA PAZ, SEMÁFORO 053	AFOGADOS		""	COLISÃO	CAMINHÃO E AUTO, SEM VÍTIMAS.	1						1			0		""	""	""	""	""	""	""	""	""	""	""	""	""
1878	2018-03-02T00:00:00	10:39:00	SEM VÍTIMA	FINALIZADA	AFOGADOS	RUA DA PAZ	230	""	EM FRENTE DA AGIPLAN	RUA DA PAZ	230	EM FRENTE DA AGIPLAN	AFOGADOS		""	COLISÃO	COL.S/V .SET.AFOGADOS	1						1			0		""	""	""	""	""	""	""	""	""	""	""	""	""
1879	2018-03-02T00:00:00	10:50:00	SEM VÍTIMA	FINALIZADA	IMBIRIBEIRA	RUA LEONOR SOARES PESSOA	207	""	TEC CRAINER, NA RUA DA SUB ESTAÇÃO DA CELPE	RUA LEONOR SOARES PESSOA	207	TEC CRAINER, NA RUA DA SUB ESTAÇÃO DA CELPE	IMBIRIBEIRA		""	CHOQUE	CAMINHÃO PASSOU E ARRASTOU O POSTE, ESTE CAIU SOBRE OS VEICULOS QUE ESTAVAM ESTACIONADOS NO LOCAL	1	2					2			0		""	""	""	""	""	""	""	""	""	""	""	""	""
1880	2018-03-02T00:00:00	11:08:00	SEM VÍTIMA	FINALIZADA	ENCRUZILHADA	RUA QUARENTA E OITO	525	""	EM FRENTE DA VIDEO TECNICA	RUA QUARENTA E OITO	525	EM FRENTE DA VIDEO TECNICA	ENCRUZILHADA		""	COLISÃO	COL.S/V	2									0		""	""	""	""	""	""	""	""	""	""	""	""	""
1881	2018-03-02T00:00:00	11:18:00	SEM VÍTIMA	FINALIZADA	DERBY	AV GOVERNADOR AGAMENON MAGALHAES	4535	""	EM FRENTE AO INSTITUTO SERVANTES / SENT OLINDA	AV GOVERNADOR AGAMENON MAGALHAES	4535	EM FRENTE AO INSTITUTO SERVANTES / SENT OLINDA	DERBY		""	ENGAVETAMENTO	QUATRO AUTOS	4									0		""	""	""	""	""	""	""	""	""	""	""	""	""
1882	2018-03-02T00:00:00	11:37:00	SEM VÍTIMA	FINALIZADA	BOA VIAGEM	RUA PADRE CABRAL	225	""	EDF, SANTO HENRIQUE	RUA PADRE CABRAL	225	EDF, SANTO HENRIQUE	BOA VIAGEM		""	COLISÃO	COLISÃO SEM VITIMA	2									0		""	""	""	""	""	""	""	""	""	""	""	""	""
1883	2018-03-02T00:00:00	11:45:00	SEM VÍTIMA	FINALIZADA	CORDEIRO	RUA CLAUDIO BROTHERHOOD	275	""	EM FRENTE AO DEPOSITO BETO BEBIDAS	RUA CLAUDIO BROTHERHOOD	275	EM FRENTE AO DEPOSITO BETO BEBIDAS	CORDEIRO		""	COLISÃO	DOIS AUTOS	2									0		""	""	""	""	""	""	""	""	""	""	""	""	""
1884	2018-03-02T00:00:00	11:47:00	SEM VÍTIMA	CANCELADA	AFOGADOS	AV SUL	""	""	APOS A ESTAÇÃO DA LARGO DA PAZ, SENTIDO CENTRO DO RECIFE	AV SUL	""	APOS A ESTAÇÃO DA LARGO DA PAZ, SENTIDO CENTRO DO RECIFE	AFOGADOS		""	COLISÃO	COLISÃO SEM VITIMAS	1					1				0		""	""	""	""	""	""	""	""	""	""	""	""	""
1885	2018-03-02T00:00:00	12:06:00	SEM VÍTIMA	FINALIZADA	PINA	AV ANTONIO DE GOES	""	""	EM FRENTE A PRF	AV ANTONIO DE GOES	""	EM FRENTE A PRF	PINA		""	COLISÃO	DOIS AUTOS S/V	2									0		""	""	""	""	""	""	""	""	""	""	""	""	""
1886	2018-03-02T00:00:00	12:21:00	SEM VÍTIMA	FINALIZADA	ROSARINHO	AV SANTOS DUMONT	458	""	EM FRENTE A FARMACIA EXTRA FARMA	AV SANTOS DUMONT	458	EM FRENTE A FARMACIA EXTRA FARMA	ROSARINHO		""	COLISÃO	COLISÃO SEM VÍTIMA	1	1								0		""	""	""	""	""	""	""	""	""	""	""	""	""
1887	2018-03-02T00:00:00	12:21:00	SEM VÍTIMA	CANCELADA	BONGI	EST DO BONGI	355	""	PROX A FACULDADE NOVA ROMA	EST DO BONGI	355	PROX A FACULDADE NOVA ROMA	BONGI		""	COLISÃO	COLISAO DE DOIS AUTOS S/V										0		""	""	""	""	""	""	""	""	""	""	""	""	""
1888	2018-03-02T00:00:00	12:28:00	SEM VÍTIMA	FINALIZADA	IMBIRIBEIRA	AV MARECHAL MASCARENHAS DE MORAES	1818	""	PROX. A LASER ELETRO, EM FRENTE A HONDA, SENTIDO PRAZERES	AV MARECHAL MASCARENHAS DE MORAES	1818	PROX. A LASER ELETRO, EM FRENTE A HONDA, SENTIDO PRAZERES	IMBIRIBEIRA		""	COLISÃO	AUTO E ONIBUS	1					1				0		""	""	""	""	""	""	""	""	""	""	""	""	""
1889	2018-03-02T00:00:00	12:51:00	COM VÍTIMA	FINALIZADA	PRADO	RUA CARLOS GOMES	""	RUA HERCULES FLORENCE	PROXIMO AO POSTO DE SAÚDE ROMERO MARQUES/ CRUZAMENTO COM A RUA HERCULES FLORENCE	RUA CARLOS GOMES	""	PROXIMO AO POSTO DE SAÚDE ROMERO MARQUES/ CRUZAMENTO COM A RUA HERCULES FLORENCE	PRADO		""	COLISÃO	COLISÃO COM VÍTIMA	1	1								1		""	""	""	""	""	""	""	""	""	""	""	""	""
1890	2018-03-02T00:00:00	12:51:00	SEM VÍTIMA	FINALIZADA	MADALENA	RUA LOPES DE CARVALHO	""	RUA VISCONDE DE ALBUQUERQUE	ESQUINA COM RUA VISCONDE DE ALBUQUERQUE	RUA LOPES DE CARVALHO	""	ESQUINA COM RUA VISCONDE DE ALBUQUERQUE	MADALENA		""	COLISÃO	DOIS AUTOS S/V	2									0		""	""	""	""	""	""	""	""	""	""	""	""	""
1891	2018-03-02T00:00:00	12:55:00	SEM VÍTIMA	FINALIZADA	BOA VISTA	AV MONTEVIDEU	96	""	E/F AO CURSO NUCLEO	AV MONTEVIDEU	96	E/F AO CURSO NUCLEO	BOA VISTA		""	COLISÃO	COLISAO DE TRES AUTOS S/V	3									0		""	""	""	""	""	""	""	""	""	""	""	""	""
1892	2018-03-02T00:00:00	13:05:00	SEM VÍTIMA	CANCELADA	MADALENA	RUA DOM MANOEL DA COSTA	""	RUA PADRE LANDIM	ESQUINA COM RUA PADRE LANDIM	RUA DOM MANOEL DA COSTA	""	ESQUINA COM RUA PADRE LANDIM	MADALENA		""	COLISÃO	AUTO E MOTO	1	1								0		""	""	""	""	""	""	""	""	""	""	""	""	""
1893	2018-03-02T00:00:00	13:55:00	SEM VÍTIMA	CANCELADA	CORDEIRO	AV GENERAL SAN MARTIN	""	""	ANTES DO CRUZAMENTO DO SUPERMERCADO IDEAL ANTIGO KENNEDY E/F A OFICINA CENTRO AUTO MOTIVO S/T SAN MARTIN	AV GENERAL SAN MARTIN	""	ANTES DO CRUZAMENTO DO SUPERMERCADO IDEAL ANTIGO KENNEDY E/F A OFICINA CENTRO AUTO MOTIVO S/T SAN MARTIN	CORDEIRO		""	COLISÃO	COLISAO DE CAMINHAO E AUTO S/V	1						1			0		""	""	""	""	""	""	""	""	""	""	""	""	""
1894	2018-03-02T00:00:00	14:54:00	SEM VÍTIMA	FINALIZADA	BOA VIAGEM	VIADUTO TANCREDO NEVES	""	""	EM CIMA DO VIADUTO S/T CID	VIADUTO TANCREDO NEVES	""	EM CIMA DO VIADUTO S/T CID	BOA VIAGEM		""	COLISÃO	COLISAO DE DOIS AUTOS S/V	2									0		""	""	""	""	""	""	""	""	""	""	""	""	""
1895	2018-03-02T00:00:00	15:06:00	SEM VÍTIMA	FINALIZADA	SAN MARTIN	AV MANOEL GONCALVES DA LUZ	""	""	PROX. A PRAÇA DO ABRIGO, E A FARMACIA MAX SAUDE	AV MANOEL GONCALVES DA LUZ	""	PROX. A PRAÇA DO ABRIGO, E A FARMACIA MAX SAUDE	SAN MARTIN		""	COLISÃO	AUTO E MOTO	1	1								0		""	""	""	""	""	""	""	""	""	""	""	""	""
1896	2018-03-02T00:00:00	15:18:00	SEM VÍTIMA	FINALIZADA	SANTO AMARO	AV DR JAYME DA FONTE	""	""	EM FRENTE A COMPESA	AV DR JAYME DA FONTE	""	EM FRENTE A COMPESA	SANTO AMARO		""	COLISÃO	DOIS AUTOS SV	2									0		""	""	""	""	""	""	""	""	""	""	""	""	""
1897	2018-03-02T00:00:00	15:39:00	SEM VÍTIMA	FINALIZADA	ILHA DO RETIRO	AV BEIRA RIO	230	""	EM FRENTE AO EDIFICIO PORTAL DO CAPIBARIBE	AV BEIRA RIO	230	EM FRENTE AO EDIFICIO PORTAL DO CAPIBARIBE	ILHA DO RETIRO		""	COLISÃO	COLISÃO SEM VÍTIMA	1	1								0		""	""	""	""	""	""	""	""	""	""	""	""	""
1898	2018-03-02T00:00:00	16:01:00	SEM VÍTIMA	CANCELADA	BOA VIAGEM	AV ARMINDO MOURA	581	""	E/F AO QUARTEL DA AERONALTICA	AV ARMINDO MOURA	581	E/F AO QUARTEL DA AERONALTICA	BOA VIAGEM		""	COLISÃO	COLISAO DE TRES AUTOS S/V	3									0		""	""	""	""	""	""	""	""	""	""	""	""	""
1899	2018-03-02T00:00:00	16:15:00	SEM VÍTIMA	FINALIZADA	PRADO	RUA JOAO IVO DA SILVA	""	""	PROXIMO A SUBWAY DA ABDIAS DE CARVALHO	RUA JOAO IVO DA SILVA	""	PROXIMO A SUBWAY DA ABDIAS DE CARVALHO	PRADO		""	COLISÃO	""	1	1								0		""	""	""	""	""	""	""	""	""	""	""	""	""
1900	2018-03-02T00:00:00	16:19:00	COM VÍTIMA	FINALIZADA	BOA VIAGEM	RUA JOAO CARDOSO AIRES	780	""	PROX A VETERINARIO CENTER E/FEDF TORRES CELI	RUA JOAO CARDOSO AIRES	780	PROX A VETERINARIO CENTER E/FEDF TORRES CELI	BOA VIAGEM		""	COLISÃO	COLISAO DE ONIBUS E AUTO COM TRES VITIMAS	1					1				3		""	""	""	""	""	""	""	""	""	""	""	""	""
1901	2018-03-02T00:00:00	16:25:00	COM VÍTIMA	FINALIZADA	IMBIRIBEIRA	AV MARECHAL MASCARENHAS DE MORAES	""	""	EM FRENTE AO AEROPORTO/ SENTIDO AFOGADOS	AV MARECHAL MASCARENHAS DE MORAES	""	EM FRENTE AO AEROPORTO/ SENTIDO AFOGADOS	IMBIRIBEIRA		""	COLISÃO	COLISÃO SEM VÍTIMA	2					1						""	""	""	""	""	""	""	""	""	""	""	""	""
1902	2018-03-02T00:00:00	16:48:00	SEM VÍTIMA	FINALIZADA	BARRO	""	""	RUA ALCOFORADO	NA ENTRADA DO TERMINAL DO BARRO, ESQUINA COM RUA ALCOFORADO, NO SENTIDO SEASA/ IBURA	""	""	NA ENTRADA DO TERMINAL DO BARRO, ESQUINA COM RUA ALCOFORADO, NO SENTIDO SEASA/ IBURA	BARRO		""	COLISÃO	DOIS AUTOS S/V	2									0		""	""	""	""	""	""	""	""	""	""	""	""	""
1903	2018-03-02T00:00:00	16:56:00	SEM VÍTIMA	FINALIZADA	BOA VISTA	RUA DO GIRIQUITI	""	""	POR TRÁS DO SHOPPING BOA VISTA	RUA DO GIRIQUITI	""	POR TRÁS DO SHOPPING BOA VISTA	BOA VISTA		""	COLISÃO	COLISÃO SEM VÍTIMA	1						1			0		""	""	""	""	""	""	""	""	""	""	""	""	""
1904	2018-03-02T00:00:00	17:48:00	COM VÍTIMA	FINALIZADA	IBURA	AV DOM HELDER CAMARA	309	""	EM FRENTE A MOTO SHOW PEÇAS E ACESSORIOS	AV DOM HELDER CAMARA	309	EM FRENTE A MOTO SHOW PEÇAS E ACESSORIOS	IBURA		""	COLISÃO	COLISÃO COM VÍTIMA	1	1								1		""	""	""	""	""	""	""	""	""	""	""	""	""
1905	2018-03-02T00:00:00	18:34:00	COM VÍTIMA	FINALIZADA	IBURA	AV DOIS RIOS	""	""	PROX. A POLICLINICA DO IBURA, NA SUBIDA DA LADEIRA DA COHAB	AV DOIS RIOS	""	PROX. A POLICLINICA DO IBURA, NA SUBIDA DA LADEIRA DA COHAB	IBURA		""	COLISÃO	MOTO E AUTO	1	1								1		""	""	""	""	""	""	""	""	""	""	""	""	""
1906	2018-03-02T00:00:00	18:51:00	SEM VÍTIMA	FINALIZADA	CAMPO GRANDE	RUA PROFESSOR FRANCISCO DA TRINDADE	290	RUA N SRA DA GLORIA	CRUZAMENTO COM A RUA N. S. DA CLORIA E ENTRE A RUA GUAIANAZES	RUA PROFESSOR FRANCISCO DA TRINDADE	290	CRUZAMENTO COM A RUA N. S. DA CLORIA E ENTRE A RUA GUAIANAZES	CAMPO GRANDE		""	COLISÃO	TAXI X AUTO	2									0		""	""	""	""	""	""	""	""	""	""	""	""	""
1907	2018-03-02T00:00:00	19:09:00	SEM VÍTIMA	FINALIZADA	AFOGADOS	PTE DO MOTOCOLOMBO	""	""	EM CIMA DA PONTE, SENT. RECIFE	PTE DO MOTOCOLOMBO	""	EM CIMA DA PONTE, SENT. RECIFE	AFOGADOS		""	COLISÃO	CAMINHÃO E AUTO	1						1			0		""	""	""	""	""	""	""	""	""	""	""	""	""
1908	2018-03-02T00:00:00	19:43:00	SEM VÍTIMA	FINALIZADA	CAXANGÁ	AV CAXANGA	2834	""	EM FRENTE A JBS VEICULOS, SENT. CAMARAGIBE	AV CAXANGA	2834	EM FRENTE A JBS VEICULOS, SENT. CAMARAGIBE	CAXANGÁ		""	ENGAVETAMENTO	TRES AUTOS	3									0		""	""	""	""	""	""	""	""	""	""	""	""	""
1909	2018-03-02T00:00:00	20:36:00	SEM VÍTIMA	FINALIZADA	IMBIRIBEIRA	AV MARECHAL MASCARENHAS DE MORAES	2809	RUA ANTONIO FALCAO	COM ANTONIO FALCÃO, AO LADO DO POSTO DE GASOLINA IPIRANGA	AV MARECHAL MASCARENHAS DE MORAES	2809	COM ANTONIO FALCÃO, AO LADO DO POSTO DE GASOLINA IPIRANGA	IMBIRIBEIRA		""	COLISÃO	CAMINHÃO E AUTO	1						1			0		""	""	""	""	""	""	""	""	""	""	""	""	""
1910	2018-03-02T00:00:00	23:25:00	SEM VÍTIMA	FINALIZADA	BEBERIBE	AV VEREADOR OTACILIO AZEVEDO	1018	""	PROX A RUA TUPIRAÇABA E CONSULTORIO ODONTOLOGICO	AV VEREADOR OTACILIO AZEVEDO	1018	PROX A RUA TUPIRAÇABA E CONSULTORIO ODONTOLOGICO	BEBERIBE		""	COLISÃO	DOIS AUTO	2									0		""	""	""	""	""	""	""	""	""	""	""	""	""
1911	2018-03-03T00:00:00	06:23:00	SEM VÍTIMA	FINALIZADA	BOA VIAGEM	RUA VISCONDE DE JEQUITINHONHA	850	RUA PROF MARIO DE CASTRO	CRUZAMENTO COM A RUA PROF.MARIO DE CASTRO	RUA VISCONDE DE JEQUITINHONHA	850	CRUZAMENTO COM A RUA PROF.MARIO DE CASTRO	BOA VIAGEM		""	COLISÃO	COLISÃO ENTRE AUTO E MOTO S/V	1	1								0		""	""	""	""	""	""	""	""	""	""	""	""	""
1912	2018-03-03T00:00:00	07:28:00	SEM VÍTIMA	FINALIZADA	IMBIRIBEIRA	AV MARECHAL MASCARENHAS DE MORAES	""	""	E/F A RENAULT, SEMÁFORO 534. SENTIDO AFOGADOS	AV MARECHAL MASCARENHAS DE MORAES	""	E/F A RENAULT, SEMÁFORO 534. SENTIDO AFOGADOS	IMBIRIBEIRA		""	COLISÃO	SEM VÍTIMAS	2									0		""	""	""	""	""	""	""	""	""	""	""	""	""
1913	2018-03-03T00:00:00	08:32:00	SEM VÍTIMA	FINALIZADA	ENCRUZILHADA	RUA FERNANDO CESAR	""	""	PROX. A PRAÇA DOS CAMINHOES	RUA FERNANDO CESAR	""	PROX. A PRAÇA DOS CAMINHOES	ENCRUZILHADA		""	COLISÃO	AUTO E MOTO	1	1								0		""	""	""	""	""	""	""	""	""	""	""	""	""
1914	2018-03-03T00:00:00	08:43:00	SEM VÍTIMA	FINALIZADA	SANTO AMARO	AV GOVERNADOR AGAMENON MAGALHAES	""	""	EM FRENTE A CONCESSIONARIA FIORI ,SENT/BOA VIAGEM	AV GOVERNADOR AGAMENON MAGALHAES	""	EM FRENTE A CONCESSIONARIA FIORI ,SENT/BOA VIAGEM	SANTO AMARO		""	COLISÃO	SEM VITIMAS	2									0		""	""	""	""	""	""	""	""	""	""	""	""	""
1915	2018-03-03T00:00:00	09:19:00	SEM VÍTIMA	CANCELADA	IBURA	RUA EMILIO MONTEIRO FONSECA	""	""	EM FRENTE DA ESCOLA VILA OPERARIA DO RECIFE	RUA EMILIO MONTEIRO FONSECA	""	EM FRENTE DA ESCOLA VILA OPERARIA DO RECIFE	IBURA		""	COLISÃO	COL.S/V	1					1				0		""	""	""	""	""	""	""	""	""	""	""	""	""
1916	2018-03-03T00:00:00	10:21:00	SEM VÍTIMA	CANCELADA	CASA FORTE	AV DEZESSETE DE AGOSTO	206	""	SEMAFORO 415	AV DEZESSETE DE AGOSTO	206	SEMAFORO 415	CASA FORTE		""	COLISÃO	DOIS AUTOS S/V	2									0		""	""	""	""	""	""	""	""	""	""	""	""	""
1917	2018-03-03T00:00:00	10:29:00	SEM VÍTIMA	CANCELADA	CASA AMARELA	RUA CASA AMARELA	""	""	E/F A ANTIGA BIG BEM. SENTIDO JAQUEIRA	RUA CASA AMARELA	""	E/F A ANTIGA BIG BEM. SENTIDO JAQUEIRA	CASA AMARELA		""	COLISÃO	SEM VITIMAS	1					1				0		""	""	""	""	""	""	""	""	""	""	""	""	""
1918	2018-03-03T00:00:00	11:19:00	SEM VÍTIMA	FINALIZADA	PINA	RUA NOGUEIRA DE SOUZA	363	""	NA RUA DO CALDINHO DO NENEN	RUA NOGUEIRA DE SOUZA	363	NA RUA DO CALDINHO DO NENEN	PINA		""	COLISÃO	DOIS AUTOS S/V	2									0		""	""	""	""	""	""	""	""	""	""	""	""	""
1919	2018-03-03T00:00:00	12:08:00	SEM VÍTIMA	CANCELADA	IPSEP	RUA PADRE LIMA E SA	686	""	PROX. CHAMBARIL DO JOAO	RUA PADRE LIMA E SA	686	PROX. CHAMBARIL DO JOAO	IPSEP		""	COLISÃO	DOIS AUTOS S/V	2									0		""	""	""	""	""	""	""	""	""	""	""	""	""
1920	2018-03-03T00:00:00	12:26:00	SEM VÍTIMA	FINALIZADA	PINA	AV ANTONIO DE GOES	""	""	AO LADO DA SECRETARIA DE ADMINISTRAÇÃO/ EM FRENTE AO POSTO FEDERAL	AV ANTONIO DE GOES	""	AO LADO DA SECRETARIA DE ADMINISTRAÇÃO/ EM FRENTE AO POSTO FEDERAL	PINA		""	COLISÃO	COLISÃO SEM VÍTIMA	2									0		""	""	""	""	""	""	""	""	""	""	""	""	""
1921	2018-03-03T00:00:00	12:40:00	SEM VÍTIMA	CANCELADA	ILHA DO LEITE	RUA GENERAL JOAQUIM INACIO	545	""	PROX AV AGAMENON MAGALHES E/F A FARMACIA INDEPENDENTE	RUA GENERAL JOAQUIM INACIO	545	PROX AV AGAMENON MAGALHES E/F A FARMACIA INDEPENDENTE	ILHA DO LEITE		""	COLISÃO	COLISAO DE DOIS AUTOS S/V	2									0		""	""	""	""	""	""	""	""	""	""	""	""	""
1922	2018-03-03T00:00:00	12:42:00	SEM VÍTIMA	PENDENTE	BOA VIAGEM	AV CONSELHEIRO AGUIAR	3068	""	PROX. AO ITAU, SEMAFORO 006	AV CONSELHEIRO AGUIAR	3068	PROX. AO ITAU, SEMAFORO 006	BOA VIAGEM		""	ENGAVETAMENTO	TRES AUTOS SV	3									0		""	""	""	""	""	""	""	""	""	""	""	""	""