_id	DATA	hora	natureza_acidente	situacao	bairro	endereco	numero	detalhe_endereco_acidente	complemento	endereco_cruzamento	numero_cruzamento	referencia_cruzamento	bairro_cruzamento	num_semaforo	sentido_via	tipo	descricao	auto	moto	ciclom	ciclista	pedestre	onibus	caminhao	viatura	outros	vitimas	vitimasfatais	acidente_verificado	tempo_clima	situacao_semaforo	sinalizacao	condicao_via	conservacao_via	ponto_controle	situacao_placa	velocidade_max_via	mao_direcao	divisao_via1	divisao_via2	divisao_via3
1923	2018-03-03T00:00:00	12:43:00	SEM VÍTIMA	FINALIZADA	CABANGA	AV SUL	""	""	NO SEMÁFORO 211	AV SUL	""	NO SEMÁFORO 211	CABANGA		""	COLISÃO	COLISÃO SEM VÍTIMA	1					1				0		""	""	""	""	""	""	""	""	""	""	""	""	""
1924	2018-03-03T00:00:00	13:27:00	SEM VÍTIMA	CANCELADA	CAJUEIRO	AV SEBASTIAO SALAZAR	355	""	PROX. AO MERCADINHO NOVO ESTILO	AV SEBASTIAO SALAZAR	355	PROX. AO MERCADINHO NOVO ESTILO	CAJUEIRO		""	COLISÃO	AUTO E MOTO C/V	1	1								0		""	""	""	""	""	""	""	""	""	""	""	""	""
1925	2018-03-03T00:00:00	13:41:00	COM VÍTIMA	FINALIZADA	BOA VIAGEM	AV ENGENHEIRO DOMINGOS FERREIRA	""	RUA BRUNO VELOSO	NO CRUZAMENTO DA BRUNO VELOSO NO SEMAFORO 338	AV ENGENHEIRO DOMINGOS FERREIRA	""	NO CRUZAMENTO DA BRUNO VELOSO NO SEMAFORO 338	BOA VIAGEM		""	CAPOTAMENTO	""	1									1		""	""	""	""	""	""	""	""	""	""	""	""	""
1926	2018-03-03T00:00:00	13:58:00	SEM VÍTIMA	FINALIZADA	BREJO DA GUABIRABA	AV VEREADOR OTACILIO AZEVEDO	420	""	PROX. AO TERMINAL DOS COMPLEMENTAR, EM FRENTE AO COLEGIO SAO CRISTOVAO	AV VEREADOR OTACILIO AZEVEDO	420	PROX. AO TERMINAL DOS COMPLEMENTAR, EM FRENTE AO COLEGIO SAO CRISTOVAO	BREJO DA GUABIRABA		""	COLISÃO	CAMINHAO E MOTO		1					1			0		""	""	""	""	""	""	""	""	""	""	""	""	""
1927	2018-03-03T00:00:00	14:01:00	SEM VÍTIMA	FINALIZADA	ILHA DO LEITE	RUA JOSE DE ALENCAR	269	""	ESQUINA DA UNIMED 3	RUA JOSE DE ALENCAR	269	ESQUINA DA UNIMED 3	ILHA DO LEITE		""	COLISÃO	""	2									0		""	""	""	""	""	""	""	""	""	""	""	""	""
1928	2018-03-03T00:00:00	14:43:00	COM VÍTIMA	FINALIZADA	MADALENA	AV VISCONDE DE ALBUQUERQUE	836	""	E/F ENDO TERAPEUTICA	AV VISCONDE DE ALBUQUERQUE	836	E/F ENDO TERAPEUTICA	MADALENA		""	COLISÃO	COLISAO DE AUTO E MOTO COM UMA VITIMA	1	1								1		""	""	""	""	""	""	""	""	""	""	""	""	""
1929	2018-03-03T00:00:00	15:05:00	SEM VÍTIMA	CANCELADA	MADALENA	RUA JOSE OSORIO	270	""	EM FRENTE A EXTRA FARMA	RUA JOSE OSORIO	270	EM FRENTE A EXTRA FARMA	MADALENA		""	COLISÃO	COLISÃO SEM VÍTIMA	1	1								0		""	""	""	""	""	""	""	""	""	""	""	""	""
1930	2018-03-03T00:00:00	15:29:00	SEM VÍTIMA	FINALIZADA	CABANGA	AV ENGENHEIRO JOSE ESTELITA	""	""	E/F AO CABANGA IATE CLUBE S/T CID	AV ENGENHEIRO JOSE ESTELITA	""	E/F AO CABANGA IATE CLUBE S/T CID	CABANGA		""	COLISÃO	COLISAO DE AUTO E MTO S/V	1	1								0		""	""	""	""	""	""	""	""	""	""	""	""	""
1931	2018-03-03T00:00:00	15:39:00	SEM VÍTIMA	FINALIZADA	MACAXEIRA	RUA IDA	""	""	PRAÇA DO BURIRTI	RUA IDA	""	PRAÇA DO BURIRTI	MACAXEIRA		""	CHOQUE	CHOQUE COM MOTOCICLETA		1								0		""	""	""	""	""	""	""	""	""	""	""	""	""
1932	2018-03-03T00:00:00	16:15:00	SEM VÍTIMA	FINALIZADA	CAXANGÁ	RUA RIBEIRO PESSOA	""	""	EM FRENTE À UPA	RUA RIBEIRO PESSOA	""	EM FRENTE À UPA	CAXANGÁ		""	COLISÃO	COLISÃO ENTRE ÕNIBUS E MOTO		1				1				0		""	""	""	""	""	""	""	""	""	""	""	""	""
1933	2018-03-03T00:00:00	16:56:00	SEM VÍTIMA	FINALIZADA	VÁRZEA	RUA MARIO CAMPELO	286	""	PROX AO CASTELO DO BRENNAND	RUA MARIO CAMPELO	286	PROX AO CASTELO DO BRENNAND	VÁRZEA		""	COLISÃO	COLISAO DE DOIS AUTOS S/V	2									0		""	""	""	""	""	""	""	""	""	""	""	""	""
1934	2018-03-03T00:00:00	20:05:00	SEM VÍTIMA	FINALIZADA	SÃO JOSÉ	RUA IMPERIAL	""	""	SEMAFORO 510 TRV DO RAPOSO	RUA IMPERIAL	""	SEMAFORO 510 TRV DO RAPOSO	SÃO JOSÉ		""	COLISÃO	DOIS AUTO	2									0		""	""	""	""	""	""	""	""	""	""	""	""	""
1935	2018-03-03T00:00:00	20:11:00	COM VÍTIMA	FINALIZADA	BOA VIAGEM	AV BOA VIAGEM	3804	""	ENF AO ED PORTO SEGURO	AV BOA VIAGEM	3804	ENF AO ED PORTO SEGURO	BOA VIAGEM		""	ATROPELAMENTO	AUTO E PEDESTRE	1				1					1		""	""	""	""	""	""	""	""	""	""	""	""	""
1936	2018-03-03T00:00:00	20:24:00	COM VÍTIMA	FINALIZADA	BOA VISTA	AV MANOEL BORBA	""	""	EM FRENTE A BOATE METOPOLE	AV MANOEL BORBA	""	EM FRENTE A BOATE METOPOLE	BOA VISTA		""	COLISÃO	AUTO E MOTO GM VT-02	1	1								1		""	""	""	""	""	""	""	""	""	""	""	""	""
1937	2018-03-03T00:00:00	20:30:00	SEM VÍTIMA	FINALIZADA	JARDIM SÃO PAULO	RUA MAJOR FELICIO	""	""	PROX. A GALERIA SHOPPING JARDIM	RUA MAJOR FELICIO	""	PROX. A GALERIA SHOPPING JARDIM	JARDIM SÃO PAULO		""	COLISÃO	DOIS AUTOS	2									0		""	""	""	""	""	""	""	""	""	""	""	""	""
1938	2018-03-03T00:00:00	20:43:00	SEM VÍTIMA	FINALIZADA	BOA VIAGEM	AV CONSELHEIRO AGUIAR	3900	""	ENF AO BANCO DO BRASIL PROX AO DELTAEXPRESSO	AV CONSELHEIRO AGUIAR	3900	ENF AO BANCO DO BRASIL PROX AO DELTAEXPRESSO	BOA VIAGEM		""	COLISÃO	AUTO E MOTO	1	1								0		""	""	""	""	""	""	""	""	""	""	""	""	""
1939	2018-03-03T00:00:00	21:01:00	SEM VÍTIMA	CANCELADA	VÁRZEA	RUA FRANCISCO LEOPOLDINO	190	""	PROX AO BARREIRAO SOCIETY E ASSEMBLEIA DE DEUS	RUA FRANCISCO LEOPOLDINO	190	PROX AO BARREIRAO SOCIETY E ASSEMBLEIA DE DEUS	VÁRZEA		""	COLISÃO	TAXI X AUTO OBS:: SUSPEITA DE EMBRIAGUEZ	2									0		""	""	""	""	""	""	""	""	""	""	""	""	""
1940	2018-03-03T00:00:00	21:04:00	SEM VÍTIMA	FINALIZADA	CORDEIRO	AV GENERAL SAN MARTIN	624	RUA GOMES TABORDA	COM A RUA GOMES TABORDA, DE ESQUINA COM O POSTO DE GASOLINA TOTAL	AV GENERAL SAN MARTIN	624	COM A RUA GOMES TABORDA, DE ESQUINA COM O POSTO DE GASOLINA TOTAL	CORDEIRO		""	COLISÃO	DOIS AUTOS	2									0		""	""	""	""	""	""	""	""	""	""	""	""	""
1941	2018-03-04T00:00:00	01:08:00	SEM VÍTIMA	FINALIZADA	AFOGADOS	AV SUL	""	""	SEMÁFORO 320	AV SUL	""	SEMÁFORO 320	AFOGADOS		""	CAPOTAMENTO	CONDUTOR PERDEU O CONTROLE DO VEÍCULO E CAPOTOU	1									0		""	""	""	""	""	""	""	""	""	""	""	""	""
1942	2018-03-04T00:00:00	02:38:00	SEM VÍTIMA	FINALIZADA	MADALENA	RUA BENFICA	""	""	EM FRENTE AO BOMPREÇO	RUA BENFICA	""	EM FRENTE AO BOMPREÇO	MADALENA		""	COLISÃO	DOIS AUTOS	2									0		""	""	""	""	""	""	""	""	""	""	""	""	""
1943	2018-03-04T00:00:00	05:28:00	SEM VÍTIMA	FINALIZADA	MANGABEIRA	AV NORTE	""	""	EM FRENTE AO ARMAZÉN CORAL	AV NORTE	""	EM FRENTE AO ARMAZÉN CORAL	MANGABEIRA		""	CHOQUE	VEÍCULO CHOCOU-SE CONTRA OS FERROS DE CONTENÇÃO	1									0		""	""	""	""	""	""	""	""	""	""	""	""	""
1944	2018-03-04T00:00:00	07:22:00	SEM VÍTIMA	FINALIZADA	IBURA	RUA JOAO CORDEIRO DE SOUZA	410	""	E/F A RESIDENCIA. PROX. AO TERMINAL DE UR 2	RUA JOAO CORDEIRO DE SOUZA	410	E/F A RESIDENCIA. PROX. AO TERMINAL DE UR 2	IBURA		""	CHOQUE	VEÍCULO CHOCOU-SE CONTRA O MURO DA RESIDENCIA.	1									0		""	""	""	""	""	""	""	""	""	""	""	""	""
1945	2018-03-04T00:00:00	07:24:00	SEM VÍTIMA	FINALIZADA	BEBERIBE	AV BEBERIBE	301	""	EM FRENTE AO TRT 6/ SENT CIDADE	AV BEBERIBE	301	EM FRENTE AO TRT 6/ SENT CIDADE	BEBERIBE		""	COLISÃO	DOIS AUTOS	2									0		""	""	""	""	""	""	""	""	""	""	""	""	""
1946	2018-03-04T00:00:00	08:16:00	SEM VÍTIMA	CANCELADA	ENGENHO DO MEIO	RUA BOM PASTOR	24	""	EM FRENTE DA GALERIA ZEZINHO	RUA BOM PASTOR	24	EM FRENTE DA GALERIA ZEZINHO	ENGENHO DO MEIO		""	COLISÃO	COL.S/V										0		""	""	""	""	""	""	""	""	""	""	""	""	""
1947	2018-03-04T00:00:00	11:03:00	SEM VÍTIMA	FINALIZADA	GRAÇAS	RUA JACOBINA	106	""	RUA EM FRENTE AO EMPRESARIAL KRONOS	RUA JACOBINA	106	RUA EM FRENTE AO EMPRESARIAL KRONOS	GRAÇAS		""	COLISÃO	SEM VITIMAS	2									0		""	""	""	""	""	""	""	""	""	""	""	""	""
1948	2018-03-04T00:00:00	12:12:00	SEM VÍTIMA	FINALIZADA	BOA VIAGEM	AV BOA VIAGEM	""	AV ARMINDO MOURA	CRUZAMENTO COM ARMINDO MOURA/ NO SEMÁFORO 084	AV BOA VIAGEM	""	CRUZAMENTO COM ARMINDO MOURA/ NO SEMÁFORO 084	BOA VIAGEM		""	COLISÃO	AUTO E CAMINHAO SV	1						1			0		""	""	""	""	""	""	""	""	""	""	""	""	""
1949	2018-03-04T00:00:00	13:07:00	COM VÍTIMA	FINALIZADA	TEJIPIÓ	AV DR JOSE RUFINO	441	""	SEMAFORO 285	AV DR JOSE RUFINO	441	SEMAFORO 285	TEJIPIÓ		""	COLISÃO	AUTO E MOTO C/V	1	1								1		""	""	""	""	""	""	""	""	""	""	""	""	""
1950	2018-03-04T00:00:00	13:35:00	COM VÍTIMA	CANCELADA	SANTO AMARO	AV JOAO DE BARROS	915	""	QUASE EM FRENTE A ESQUINA DA PICANHA	AV JOAO DE BARROS	915	QUASE EM FRENTE A ESQUINA DA PICANHA	SANTO AMARO		""	COLISÃO	AUTO E MOTO	1	1								1		""	""	""	""	""	""	""	""	""	""	""	""	""
1951	2018-03-04T00:00:00	13:37:00	SEM VÍTIMA	FINALIZADA	BOA VIAGEM	AV CONSELHEIRO AGUIAR	970	""	EM FRENTE A PADARIA MIRAMAR	AV CONSELHEIRO AGUIAR	970	EM FRENTE A PADARIA MIRAMAR	BOA VIAGEM		""	COLISÃO	COLISÃO SEM VÍTIMA	2					1				0		""	""	""	""	""	""	""	""	""	""	""	""	""
1952	2018-03-04T00:00:00	14:11:00	COM VÍTIMA	FINALIZADA	BOA VIAGEM	RUA SA E SOUZA	703	""	APÓS A IGREJA DOS MORMOS	RUA SA E SOUZA	703	APÓS A IGREJA DOS MORMOS	BOA VIAGEM		""	COLISÃO	COLISÃO COM VÍTIMA	1	1								1		""	""	""	""	""	""	""	""	""	""	""	""	""
1953	2018-03-04T00:00:00	14:19:00	SEM VÍTIMA	FINALIZADA	BONGI	AV CONSUL VILARES FRAGOSO	260	RUA DR JOAO COSTA	ESQUINA COM RUA DR. JOAO COSTA, POR TRAS DA CAVALARIA	AV CONSUL VILARES FRAGOSO	260	ESQUINA COM RUA DR. JOAO COSTA, POR TRAS DA CAVALARIA	BONGI		""	COLISÃO	DOIS AUTOS S/V	2									0		""	""	""	""	""	""	""	""	""	""	""	""	""
1954	2018-03-04T00:00:00	14:47:00	SEM VÍTIMA	FINALIZADA	IPSEP	RUA ADERBAL DE MELO	135	""	EM FRENTE AO CHAMBARIL DO JOAO	RUA ADERBAL DE MELO	135	EM FRENTE AO CHAMBARIL DO JOAO	IPSEP		""	COLISÃO	DOIS AUTOS S/V	2									0		""	""	""	""	""	""	""	""	""	""	""	""	""
1955	2018-03-04T00:00:00	15:50:00	SEM VÍTIMA	FINALIZADA	ENCRUZILHADA	EST DE BELEM	96	""	PROX. AO ITAU, AO LADO DO CARTORIO	EST DE BELEM	96	PROX. AO ITAU, AO LADO DO CARTORIO	ENCRUZILHADA		""	COLISÃO	DOIS AUTOS SV	2									0		""	""	""	""	""	""	""	""	""	""	""	""	""
1956	2018-03-04T00:00:00	16:01:00	COM VÍTIMA	FINALIZADA	CASA AMARELA	RUA CONS PERETTI	115	""	PROXIMO AO LAFEPE E AO EDIFICIO E GALERIA CASA AMARELA	RUA CONS PERETTI	115	PROXIMO AO LAFEPE E AO EDIFICIO E GALERIA CASA AMARELA	CASA AMARELA		""	COLISÃO	COLISÃO COM VÍTIMA	1					1				1		""	""	""	""	""	""	""	""	""	""	""	""	""
1957	2018-03-04T00:00:00	18:50:00	SEM VÍTIMA	FINALIZADA	VÁRZEA	RUA CABURAI	238	""	PROX AO TERMINAL UR 7 VAZEA AO LADO DE UM CAMPO DE FULTEBOL	RUA CABURAI	238	PROX AO TERMINAL UR 7 VAZEA AO LADO DE UM CAMPO DE FULTEBOL	VÁRZEA		""	ATROPELAMENTO	HB 20 E CAVALO	1								1	0		""	""	""	""	""	""	""	""	""	""	""	""	""
1958	2018-03-04T00:00:00	20:55:00	SEM VÍTIMA	FINALIZADA	IMBIRIBEIRA	RUA ITACARI	""	RUA ITAJAI	CRUZAMENTO COM A RUA ITAJAI	RUA ITACARI	""	CRUZAMENTO COM A RUA ITAJAI	IMBIRIBEIRA		""	COLISÃO	CAMARO X FOR K	2									0		""	""	""	""	""	""	""	""	""	""	""	""	""
1959	2018-03-05T00:00:00	04:33:00	VÍTIMA FATAL	FINALIZADA	BOA VIAGEM	RUA BARAO DE SOUZA LEAO	""	RUA VISCONDE DE JEQUITINHONHA	CRUZAMENTO COM A RUA VISCONDE DE JEQUITINHONHA	RUA BARAO DE SOUZA LEAO	""	CRUZAMENTO COM A RUA VISCONDE DE JEQUITINHONHA	BOA VIAGEM		""	COLISÃO	COLISÃO ENTRE CAMINHÃO E MOTO C/V		1					1				1	""	""	""	""	""	""	""	""	""	""	""	""	""
1960	2018-03-05T00:00:00	06:00:00	COM VÍTIMA	FINALIZADA	PARNAMIRIM	RUA JOAO TUDE DE MELO	""	RUA VIRGINIA LORETO	CRUZAMENTO COM A RUA VIRGINIA LORETO,SEMAFORO 649 AO LADO DO RESTAURANTE GAIAMUM GIGANTE.	RUA JOAO TUDE DE MELO	""	CRUZAMENTO COM A RUA VIRGINIA LORETO,SEMAFORO 649 AO LADO DO RESTAURANTE GAIAMUM GIGANTE.	PARNAMIRIM		""	COLISÃO	COM UMA VITIMA AGUARDANDO SAMU	1	1								1		""	""	""	""	""	""	""	""	""	""	""	""	""
1961	2018-03-05T00:00:00	06:21:00	SEM VÍTIMA	FINALIZADA	DERBY	RUA JENER DE SOUZA	""	""	EM FRENTE AO QUARTEL DO DERBY E A PRAÇA DO DERBY	RUA JENER DE SOUZA	""	EM FRENTE AO QUARTEL DO DERBY E A PRAÇA DO DERBY	DERBY		""	COLISÃO	SEM VITIMAS	2									0		""	""	""	""	""	""	""	""	""	""	""	""	""
1962	2018-03-05T00:00:00	06:32:00	SEM VÍTIMA	FINALIZADA	CAXANGÁ	AV CAXANGA	3751	""	SENTIDO CIDADE, E/F A CAXANGÁ ALUMINIOS	AV CAXANGA	3751	SENTIDO CIDADE, E/F A CAXANGÁ ALUMINIOS	CAXANGÁ		""	COLISÃO	SEM VÍTIMAS	2									0		""	""	""	""	""	""	""	""	""	""	""	""	""
1963	2018-03-05T00:00:00	06:51:00	SEM VÍTIMA	FINALIZADA	IMBIRIBEIRA	AV MARECHAL MASCARENHAS DE MORAES	4115	""	AO LADO DO ATACADO DOS PRESENTES	AV MARECHAL MASCARENHAS DE MORAES	4115	AO LADO DO ATACADO DOS PRESENTES	IMBIRIBEIRA		""	COLISÃO	AUTO E ONIBUS	1					1				0		""	""	""	""	""	""	""	""	""	""	""	""	""
1964	2018-03-05T00:00:00	07:11:00	SEM VÍTIMA	FINALIZADA	BOA VIAGEM	RUA PADRE CABRAL	141	""	ESQUINA DA RUA DO LABORATORIO GILSON CIDRIN	RUA PADRE CABRAL	141	ESQUINA DA RUA DO LABORATORIO GILSON CIDRIN	BOA VIAGEM		""	COLISÃO	DOIS AUTO	2									0		""	""	""	""	""	""	""	""	""	""	""	""	""
1965	2018-03-05T00:00:00	07:28:00	SEM VÍTIMA	FINALIZADA	BOA VIAGEM	RUA ANTONIO FALCAO	""	""	SEMAFORO 648 / EM BAIXO DA VIA MANGUE	RUA ANTONIO FALCAO	""	SEMAFORO 648 / EM BAIXO DA VIA MANGUE	BOA VIAGEM		""	COLISÃO	DOIS AUTOS										0		""	""	""	""	""	""	""	""	""	""	""	""	""
1966	2018-03-05T00:00:00	07:36:00	SEM VÍTIMA	FINALIZADA	MADALENA	EST DOS REMEDIOS	1891	""	AO LADO DA HP PNEUS	EST DOS REMEDIOS	1891	AO LADO DA HP PNEUS	MADALENA		""	COLISÃO	SEM VITIMAS	1					1				0		""	""	""	""	""	""	""	""	""	""	""	""	""
1967	2018-03-05T00:00:00	08:49:00	SEM VÍTIMA	FINALIZADA	IMBIRIBEIRA	AV MARECHAL MASCARENHAS DE MORAES	""	""	EM FRENTE AO AEROPORTO / SENT SUB / EM FRENTE A LOCALIZA	AV MARECHAL MASCARENHAS DE MORAES	""	EM FRENTE AO AEROPORTO / SENT SUB / EM FRENTE A LOCALIZA	IMBIRIBEIRA		""	COLISÃO	ONIBUS E AUTO	1					1				0		""	""	""	""	""	""	""	""	""	""	""	""	""
1968	2018-03-05T00:00:00	08:51:00	SEM VÍTIMA	FINALIZADA	PINA	RUA CACILDA IOLANDA PORCIUNCULA	""	""	POR TRÁS DO DENIT	RUA CACILDA IOLANDA PORCIUNCULA	""	POR TRÁS DO DENIT	PINA		""	COLISÃO	SEM VÍTIMAS BATEDORES NO LOCAL	2									0		""	""	""	""	""	""	""	""	""	""	""	""	""
1969	2018-03-05T00:00:00	09:33:00	COM VÍTIMA	FINALIZADA	BOA VIAGEM	AV CONSELHEIRO AGUIAR	""	RUA RIBEIRO DE BRITO	COM A RUA RIBEIRO DE BRITO NO SEMAFORO 147	AV CONSELHEIRO AGUIAR	""	COM A RUA RIBEIRO DE BRITO NO SEMAFORO 147	BOA VIAGEM		""	ATROPELAMENTO	ONIBUS ATROPELOU UM PEDESTRE						1				1		""	""	""	""	""	""	""	""	""	""	""	""	""
1970	2018-03-05T00:00:00	10:04:00	SEM VÍTIMA	FINALIZADA	IMBIRIBEIRA	AV MARECHAL MASCARENHAS DE MORAES	""	""	EMBAIXO DA PASSARELA,SEMAFORO 570,SENT/CENTRO	AV MARECHAL MASCARENHAS DE MORAES	""	EMBAIXO DA PASSARELA,SEMAFORO 570,SENT/CENTRO	IMBIRIBEIRA		""	COLISÃO	SEM VITIMAS	2									0		""	""	""	""	""	""	""	""	""	""	""	""	""
1971	2018-03-05T00:00:00	10:15:00	SEM VÍTIMA	FINALIZADA	AFOGADOS	RUA DA PAZ	160	""	EM FRENTE A ANTIGA COMERCIAL BATISTA ,SENT/AEROPORTO	RUA DA PAZ	160	EM FRENTE A ANTIGA COMERCIAL BATISTA ,SENT/AEROPORTO	AFOGADOS		""	COLISÃO	SEM VITIMAS	3									0		""	""	""	""	""	""	""	""	""	""	""	""	""
1972	2018-03-05T00:00:00	10:36:00	SEM VÍTIMA	CANCELADA	BARRO	RUA DA ESPERANCA	720	""	EM FRENTE AO DEPOSITO BEBIDAS EM GERAL	RUA DA ESPERANCA	720	EM FRENTE AO DEPOSITO BEBIDAS EM GERAL	BARRO		""	COLISÃO	DOIS AUTOS	2									0		""	""	""	""	""	""	""	""	""	""	""	""	""
1973	2018-03-05T00:00:00	11:12:00	SEM VÍTIMA	FINALIZADA	BOA VIAGEM	RUA VISCONDE DE JEQUITINHONHA	3600	""	E/F A AUTO SUL, SENTIDO PIEDADE	RUA VISCONDE DE JEQUITINHONHA	3600	E/F A AUTO SUL, SENTIDO PIEDADE	BOA VIAGEM		""	COLISÃO	SEM VÍTIMAS	3									0		""	""	""	""	""	""	""	""	""	""	""	""	""
1974	2018-03-05T00:00:00	11:28:00	SEM VÍTIMA	FINALIZADA	SANTO AMARO	AV JOAO DE BARROS	915	""	LADO OPOSTO AO EDF. SURUBIM. NO SEMÁFORO 412. SENTIDO SUBÚRBIO	AV JOAO DE BARROS	915	LADO OPOSTO AO EDF. SURUBIM. NO SEMÁFORO 412. SENTIDO SUBÚRBIO	SANTO AMARO		""	COLISÃO	SEM VÍTIMAS.	2									0		""	""	""	""	""	""	""	""	""	""	""	""	""
1975	2018-03-05T00:00:00	11:29:00	SEM VÍTIMA	CANCELADA	BONGI	AV ENGENHEIRO ABDIAS DE CARVALHO	1867	""	EM FRENTE A QUALITEC,SENT/BR 232	AV ENGENHEIRO ABDIAS DE CARVALHO	1867	EM FRENTE A QUALITEC,SENT/BR 232	BONGI		""	COLISÃO	SEM VITIMAS	2	1								0		""	""	""	""	""	""	""	""	""	""	""	""	""
1976	2018-03-05T00:00:00	11:48:00	SEM VÍTIMA	FINALIZADA	GRAÇAS	RUA DAS PERNAMBUCANAS	112	""	EM FRENTE AO HOSPITAL JAIME DA FONTE	RUA DAS PERNAMBUCANAS	112	EM FRENTE AO HOSPITAL JAIME DA FONTE	GRAÇAS		""	COLISÃO	SEM VITIMAS	2									0		""	""	""	""	""	""	""	""	""	""	""	""	""
1977	2018-03-05T00:00:00	12:19:00	SEM VÍTIMA	FINALIZADA	CAXANGÁ	AV CAXANGA	""	""	E/F AO CAXANGÁ GOLF CLUBE. SNT CIDADE / SUB	AV CAXANGA	""	E/F AO CAXANGÁ GOLF CLUBE. SNT CIDADE / SUB	CAXANGÁ		""	COLISÃO	ENTRE AUTO E ÕNIBUS. S/V	1					1				0		""	""	""	""	""	""	""	""	""	""	""	""	""
1978	2018-03-05T00:00:00	12:22:00	SEM VÍTIMA	FINALIZADA	DERBY	RUA JOAQUIM NABUCO	""	""	E/F AO HR / PRX A RAMPA DE EMERGENCIA	RUA JOAQUIM NABUCO	""	E/F AO HR / PRX A RAMPA DE EMERGENCIA	DERBY		""	COLISÃO	ENTRE 2 AUTOS. S/V	2									0		""	""	""	""	""	""	""	""	""	""	""	""	""
1979	2018-03-05T00:00:00	12:28:00	SEM VÍTIMA	CANCELADA	BOA VIAGEM	RUA BRUNO VELOSO	""	""	NO SEMAFORO 338	RUA BRUNO VELOSO	""	NO SEMAFORO 338	BOA VIAGEM		""	COLISÃO	COLISAO DE ONIBUS E AUTO S/V	1					1				0		""	""	""	""	""	""	""	""	""	""	""	""	""
1980	2018-03-05T00:00:00	12:44:00	SEM VÍTIMA	FINALIZADA	SAN MARTIN	RUA COMENDADOR JOSE VITA	522	""	EM FRENTE AO CONJUNTO RESIDENCIAL 21 DE ABRIL	RUA COMENDADOR JOSE VITA	522	EM FRENTE AO CONJUNTO RESIDENCIAL 21 DE ABRIL	SAN MARTIN		""	COLISÃO	DOIS AUTOS S/V	2									0		""	""	""	""	""	""	""	""	""	""	""	""	""
1981	2018-03-05T00:00:00	13:23:00	SEM VÍTIMA	CANCELADA	IMBIRIBEIRA	RUA ANTONIO FALCAO	""	""	ANTES DO PONTILHAO DO METRO, EM FRENTE AO CONDOMINIO VITA	RUA ANTONIO FALCAO	""	ANTES DO PONTILHAO DO METRO, EM FRENTE AO CONDOMINIO VITA	IMBIRIBEIRA		""	COLISÃO	DOIS AUTOS										0		""	""	""	""	""	""	""	""	""	""	""	""	""
1982	2018-03-05T00:00:00	13:37:00	SEM VÍTIMA	FINALIZADA	CAXANGÁ	RUA SAO MATEUS	""	AV MAURICIO DE NASSAU	COM RUA MAURICIO DE NASSAU NO SEMAFORO 239	RUA SAO MATEUS	""	COM RUA MAURICIO DE NASSAU NO SEMAFORO 239	CAXANGÁ		""	COLISÃO	COLISAO DE AUTO E CAMINHAO S/V	1						1			0		""	""	""	""	""	""	""	""	""	""	""	""	""
1983	2018-03-05T00:00:00	14:12:00	SEM VÍTIMA	FINALIZADA	IPUTINGA	AV CAXANGA	""	""	E/F AO CAXANGÁ GOLF CLUBE	AV CAXANGA	""	E/F AO CAXANGÁ GOLF CLUBE	IPUTINGA		""	ENGAVETAMENTO	ENTRE 3 AUTOS. S/V	3									0		""	""	""	""	""	""	""	""	""	""	""	""	""
1984	2018-03-05T00:00:00	14:34:00	SEM VÍTIMA	FINALIZADA	CAJUEIRO	RUA CORONEL URBANO RIBEIRO DE SENA	2696	""	E/F A RODRIGUES BIKE	RUA CORONEL URBANO RIBEIRO DE SENA	2696	E/F A RODRIGUES BIKE	CAJUEIRO		""	COLISÃO	ENTRE 2 AUTOS. S/V	2									0		""	""	""	""	""	""	""	""	""	""	""	""	""
1985	2018-03-05T00:00:00	14:34:00	SEM VÍTIMA	FINALIZADA	ILHA DO RETIRO	RUA SPORT CLUBE DO RECIFE	""	""	EM FRENTE AO CAMPO DO SPORT, SENTIDO ABDIAS	RUA SPORT CLUBE DO RECIFE	""	EM FRENTE AO CAMPO DO SPORT, SENTIDO ABDIAS	ILHA DO RETIRO		""	COLISÃO	ONIBUS E VT DA PM						1		1		0		""	""	""	""	""	""	""	""	""	""	""	""	""
1986	2018-03-05T00:00:00	14:44:00	COM VÍTIMA	FINALIZADA	CASA AMARELA	RUA CONS PERETTI	""	""	E/F A GILSON CIDRIM PARALELA DA RUA PADRE LEMOS	RUA CONS PERETTI	""	E/F A GILSON CIDRIM PARALELA DA RUA PADRE LEMOS	CASA AMARELA		""	COLISÃO	COLISAO DE AUTO E MOTO COM DUAS VITIMAS	1	1								2		""	""	""	""	""	""	""	""	""	""	""	""	""
1987	2018-03-05T00:00:00	14:55:00	SEM VÍTIMA	FINALIZADA	SANTO AMARO	AV VISCONDE DE SUASSUNA	""	""	E/F AO SENAC	AV VISCONDE DE SUASSUNA	""	E/F AO SENAC	SANTO AMARO		""	COLISÃO	COLISAO DE DOIS AUITOS S/V	2									0		""	""	""	""	""	""	""	""	""	""	""	""	""
1988	2018-03-05T00:00:00	15:03:00	VÍTIMA FATAL	FINALIZADA	JORDÃO	AV MARIA IRENE	""	""	EM FRENTE AO RSTAURANTE QUERO MAIS	AV MARIA IRENE	""	EM FRENTE AO RSTAURANTE QUERO MAIS	JORDÃO		""	ATROPELAMENTO	ATROPELAMENTO ENTRE ONIBUS E PEDESTRE					1	1					1	""	""	""	""	""	""	""	""	""	""	""	""	""
1989	2018-03-05T00:00:00	15:07:00	SEM VÍTIMA	FINALIZADA	BOA VIAGEM	RUA BARAO DE SOUZA LEAO	""	""	E/F A PRACINHA DE BOA VIAGEM	RUA BARAO DE SOUZA LEAO	""	E/F A PRACINHA DE BOA VIAGEM	BOA VIAGEM		""	COLISÃO	COLISAO DE CAMINHAO E AUTOS S/V	1						1			0		""	""	""	""	""	""	""	""	""	""	""	""	""