_id	DATA	hora	natureza_acidente	situacao	bairro	endereco	numero	detalhe_endereco_acidente	complemento	endereco_cruzamento	numero_cruzamento	referencia_cruzamento	bairro_cruzamento	num_semaforo	sentido_via	tipo	descricao	auto	moto	ciclom	ciclista	pedestre	onibus	caminhao	viatura	outros	vitimas	vitimasfatais	acidente_verificado	tempo_clima	situacao_semaforo	sinalizacao	condicao_via	conservacao_via	ponto_controle	situacao_placa	velocidade_max_via	mao_direcao	divisao_via1	divisao_via2	divisao_via3
1990	2018-03-05T00:00:00	15:13:00	SEM VÍTIMA	FINALIZADA	CASA FORTE	AV DEZESSETE DE AGOSTO	""	""	EM FRENTE AO ITAU, ANTES DO PLAZA, PROX. A BIG BEN	AV DEZESSETE DE AGOSTO	""	EM FRENTE AO ITAU, ANTES DO PLAZA, PROX. A BIG BEN	CASA FORTE		""	COLISÃO	DOIS AUTOS	2									0		""	""	""	""	""	""	""	""	""	""	""	""	""
1991	2018-03-05T00:00:00	15:19:00	SEM VÍTIMA	FINALIZADA	CORDEIRO	RUA CLAUDIO BROTHERHOOD	""	RUA AUREO XAVIER	CRUZAMENTO COM RUA AUREO XAVIER, SENTIDO ABDIAS DE CARVALHO	RUA CLAUDIO BROTHERHOOD	""	CRUZAMENTO COM RUA AUREO XAVIER, SENTIDO ABDIAS DE CARVALHO	CORDEIRO		""	COLISÃO	DOIS AUTOS S/V	2									0		""	""	""	""	""	""	""	""	""	""	""	""	""
1992	2018-03-05T00:00:00	15:58:00	COM VÍTIMA	FINALIZADA	AFOGADOS	RUA SAO MIGUEL	""	""	14 BLOG / ENTRADA DA VILA S. MIGUEL ESQUINA BODE DO NÓ	RUA SAO MIGUEL	""	14 BLOG / ENTRADA DA VILA S. MIGUEL ESQUINA BODE DO NÓ	AFOGADOS		""	CHOQUE	CHOQUE COM VITIMA EM OBJETO FIXO	1									1		""	""	""	""	""	""	""	""	""	""	""	""	""
1993	2018-03-05T00:00:00	15:59:00	SEM VÍTIMA	FINALIZADA	IMBIRIBEIRA	RUA PAMPULHA	""	RUA ITAJAI	COM RUA ITAJAI VT 08 NO LOCAL	RUA PAMPULHA	""	COM RUA ITAJAI VT 08 NO LOCAL	IMBIRIBEIRA		""	COLISÃO	COLISAO DE DOIS AUTOS S/V	2									0		""	""	""	""	""	""	""	""	""	""	""	""	""
1994	2018-03-05T00:00:00	16:08:00	SEM VÍTIMA	FINALIZADA	CAXANGÁ	AV CAXANGA	""	""	E/F A PIZZARIA MASSARELA. SNT CIDADE/ SUB	AV CAXANGA	""	E/F A PIZZARIA MASSARELA. SNT CIDADE/ SUB	CAXANGÁ		""	COLISÃO	AUTO E MOTO. S/V	1	1								0		""	""	""	""	""	""	""	""	""	""	""	""	""
1995	2018-03-05T00:00:00	16:44:00	SEM VÍTIMA	FINALIZADA	SAN MARTIN	AV GENERAL SAN MARTIN	""	""	E/F A LOMBADA ELETRONICA E A ACADEMIA DA CIDADE ANTES DO SEMAFORO 326	AV GENERAL SAN MARTIN	""	E/F A LOMBADA ELETRONICA E A ACADEMIA DA CIDADE ANTES DO SEMAFORO 326	SAN MARTIN		""	COLISÃO	COLISAO DE ONIBUS E AUTO S/V						1	1			0		""	""	""	""	""	""	""	""	""	""	""	""	""
1996	2018-03-05T00:00:00	16:49:00	SEM VÍTIMA	CANCELADA	BOA VIAGEM	AV BOA VIAGEM	4700	""	APOS A PRACINHA, E ANTES DO EDF. CASTELINHO	AV BOA VIAGEM	4700	APOS A PRACINHA, E ANTES DO EDF. CASTELINHO	BOA VIAGEM		""	COLISÃO	DOIS AUTOS S/V	2									0		""	""	""	""	""	""	""	""	""	""	""	""	""
1997	2018-03-05T00:00:00	16:49:00	SEM VÍTIMA	FINALIZADA	MADALENA	EST DOS REMEDIOS	""	""	E/F AO POSTO SHELL E LEÇA DE ANDRADE	EST DOS REMEDIOS	""	E/F AO POSTO SHELL E LEÇA DE ANDRADE	MADALENA		""	COLISÃO	ENTRE 2 AUTOS. S/V	1						1			0		""	""	""	""	""	""	""	""	""	""	""	""	""
1998	2018-03-05T00:00:00	17:02:00	SEM VÍTIMA	FINALIZADA	IBURA	LAD DA COHAB	""	""	AV DOIS RIOS / ACESSO A LADEIRA, POR BAIXO DO VIADUTO	LAD DA COHAB	""	AV DOIS RIOS / ACESSO A LADEIRA, POR BAIXO DO VIADUTO	IBURA		""	COLISÃO	ENTRE AUTO E ONIBUS. S/V	1					1				0		""	""	""	""	""	""	""	""	""	""	""	""	""
1999	2018-03-05T00:00:00	17:10:00	COM VÍTIMA	EQUIPE EM DESLOCAMENTO	BOA VIAGEM	RUA PROFESSOR AUGUSTO LINS E SILVA	196	""	EM FRENTE A PADARIA ALEM DO PAO	RUA PROFESSOR AUGUSTO LINS E SILVA	196	EM FRENTE A PADARIA ALEM DO PAO	BOA VIAGEM		""	COLISÃO	AUTO E MOTO	1	1								1		""	""	""	""	""	""	""	""	""	""	""	""	""
2000	2018-03-05T00:00:00	17:19:00	SEM VÍTIMA	CANCELADA	DERBY	AV GOVERNADOR CARLOS DE LIMA CAVALCANTI	""	""	SEMÁFORO 075	AV GOVERNADOR CARLOS DE LIMA CAVALCANTI	""	SEMÁFORO 075	DERBY		""	ENGAVETAMENTO	ENTRE 2 AUTOS E MOTO. S/V	2	1								0		""	""	""	""	""	""	""	""	""	""	""	""	""
2001	2018-03-05T00:00:00	17:26:00	SEM VÍTIMA	FINALIZADA	IMBIRIBEIRA	AV MARECHAL MASCARENHAS DE MORAES	""	""	POSTO SHELL ANTES DO AEROPORTO SENTIDO CID/SUB	AV MARECHAL MASCARENHAS DE MORAES	""	POSTO SHELL ANTES DO AEROPORTO SENTIDO CID/SUB	IMBIRIBEIRA		""	COLISÃO	AUTO E MOTO	2									0		""	""	""	""	""	""	""	""	""	""	""	""	""
2002	2018-03-05T00:00:00	18:00:00	SEM VÍTIMA	FINALIZADA	BOA VIAGEM	RUA VISCONDE DE JEQUITINHONHA	""	RUA DOM JOSE LOPES	CRUZAMENTO COM RUA DOM JOSE LOPES	RUA VISCONDE DE JEQUITINHONHA	""	CRUZAMENTO COM RUA DOM JOSE LOPES	BOA VIAGEM		""	COLISÃO	DOIS AUTOS S/V	2									0		""	""	""	""	""	""	""	""	""	""	""	""	""
2003	2018-03-05T00:00:00	18:12:00	SEM VÍTIMA	FINALIZADA	BOA VISTA	AV OLIVEIRA LIMA	7556	""	DEPOSITO DE BEBIDAS DOMILSON E BOATE MKB	AV OLIVEIRA LIMA	7556	DEPOSITO DE BEBIDAS DOMILSON E BOATE MKB	BOA VISTA		""	COLISÃO	ENTRE 2 AUTOS. S/V	2									0		""	""	""	""	""	""	""	""	""	""	""	""	""
2004	2018-03-05T00:00:00	18:34:00	SEM VÍTIMA	FINALIZADA	AFOGADOS	RUA COSME VIANA	""	""	semáforo 426	RUA COSME VIANA	""	semáforo 426	AFOGADOS		""	COLISÃO	ENTRE 2 AUTOS. S/V	2									0		""	""	""	""	""	""	""	""	""	""	""	""	""
2005	2018-03-05T00:00:00	18:36:00	SEM VÍTIMA	FINALIZADA	BOA VIAGEM	RUA DOS NAVEGANTES	""	RUA ERNESTO DE PAULA SANTOS	CRUZAMENTO COM A ERNESTO DE PAULA SANTOS POR TRAS DA ACADEMIA ESMART FIT	RUA DOS NAVEGANTES	""	CRUZAMENTO COM A ERNESTO DE PAULA SANTOS POR TRAS DA ACADEMIA ESMART FIT	BOA VIAGEM		""	COLISÃO	DOIS AUTO	2									0		""	""	""	""	""	""	""	""	""	""	""	""	""
2006	2018-03-05T00:00:00	18:43:00	SEM VÍTIMA	CANCELADA	SANTO AMARO	AV GOVERNADOR AGAMENON MAGALHAES	""	""	ENF A UPE PISTA LOCAL	AV GOVERNADOR AGAMENON MAGALHAES	""	ENF A UPE PISTA LOCAL	SANTO AMARO		""	COLISÃO	ONIBUS X AUTO	1					1				0		""	""	""	""	""	""	""	""	""	""	""	""	""
2007	2018-03-05T00:00:00	18:43:00	SEM VÍTIMA	FINALIZADA	IMBIRIBEIRA	AV MARECHAL MASCARENHAS DE MORAES	""	""	E/F A IGREJA UNIVERSA. SNT AEROPORTO	AV MARECHAL MASCARENHAS DE MORAES	""	E/F A IGREJA UNIVERSA. SNT AEROPORTO	IMBIRIBEIRA		""	COLISÃO	ENTRE AUTO E ONIBUS. S/V	1					1				0		""	""	""	""	""	""	""	""	""	""	""	""	""
2008	2018-03-05T00:00:00	19:49:00	SEM VÍTIMA	FINALIZADA	IMBIRIBEIRA	AV MARECHAL MASCARENHAS DE MORAES	4490	""	ENF AO ESTACIONAMENTO SANPARK SENTIDO PRAZERES	AV MARECHAL MASCARENHAS DE MORAES	4490	ENF AO ESTACIONAMENTO SANPARK SENTIDO PRAZERES	IMBIRIBEIRA		""	COLISÃO	KOMBI X AUTO	2									0		""	""	""	""	""	""	""	""	""	""	""	""	""
2009	2018-03-05T00:00:00	21:32:00	SEM VÍTIMA	FINALIZADA	CASA AMARELA	EST DO ARRAIAL	4134	""	PROX AO MERCADO DE CASA AMARELA / E/F AO TERMINAL COMPLEMENTAR	EST DO ARRAIAL	4134	PROX AO MERCADO DE CASA AMARELA / E/F AO TERMINAL COMPLEMENTAR	CASA AMARELA		""	COLISÃO	ENTRE 2 ÔNIBUS. S/V						2				0		""	""	""	""	""	""	""	""	""	""	""	""	""
2010	2018-03-05T00:00:00	21:38:00	COM VÍTIMA	FINALIZADA	BONGI	AV ENGENHEIRO ABDIAS DE CARVALHO	240	""	PROX A CHESF / E/F A LOTERIA CANTO DA SORTE / CRUZANDO A UPA	AV ENGENHEIRO ABDIAS DE CARVALHO	240	PROX A CHESF / E/F A LOTERIA CANTO DA SORTE / CRUZANDO A UPA	BONGI		""	COLISÃO	ENTRE AUTO E MOTO. C/V	1	1								1		""	""	""	""	""	""	""	""	""	""	""	""	""
2011	2018-03-06T00:00:00	04:14:00	SEM VÍTIMA	FINALIZADA	IPSEP	AV RECIFE	""	""	PRÓXIMO AO ANTIGO BOMPREÇO // PRÓX AO POSTO FEDERAL	AV RECIFE	""	PRÓXIMO AO ANTIGO BOMPREÇO // PRÓX AO POSTO FEDERAL	IPSEP		""	COLISÃO	COLISÃO ENTRE DOIS AUTOS S/V	2									0		""	""	""	""	""	""	""	""	""	""	""	""	""
2012	2018-03-06T00:00:00	05:16:00	COM VÍTIMA	FINALIZADA	ROSARINHO	AV NORTE	""	""	SEMÁFORO 456 // APÓS A PRAÇA DO ROSARINHO	AV NORTE	""	SEMÁFORO 456 // APÓS A PRAÇA DO ROSARINHO	ROSARINHO		""	COLISÃO	COLISÃO ENTRE AUTO E MOTO C/V	1	1								1		""	""	""	""	""	""	""	""	""	""	""	""	""
2013	2018-03-06T00:00:00	05:47:00	SEM VÍTIMA	FINALIZADA	MADALENA	AV BEIRA RIO	""	RUA JOSE OSORIO	CRUZAMENTO COM AV JOSÉ OSÓRIO // SEMÁFORO 387	AV BEIRA RIO	""	CRUZAMENTO COM AV JOSÉ OSÓRIO // SEMÁFORO 387	MADALENA		""	COLISÃO	COLISÃO ENTRE DOIS AUTOS S/V	2									0		""	""	""	""	""	""	""	""	""	""	""	""	""
2014	2018-03-06T00:00:00	07:25:00	COM VÍTIMA	FINALIZADA	AFOGADOS	RUA SAO MIGUEL	350	""	EM FRENTE AO BANCO DO BRASIL	RUA SAO MIGUEL	350	EM FRENTE AO BANCO DO BRASIL	AFOGADOS		""	COLISÃO COM CICLISTA	MOTO / BICICLETA		1		1						1		""	""	""	""	""	""	""	""	""	""	""	""	""
2015	2018-03-06T00:00:00	08:16:00	COM VÍTIMA	FINALIZADA	MACAXEIRA	AV NORTE	7142	""	SEMAFORO 424,SENT/BR,EM FRENTE A IGREJA ASSEMBLÉIA DE DEUS	AV NORTE	7142	SEMAFORO 424,SENT/BR,EM FRENTE A IGREJA ASSEMBLÉIA DE DEUS	MACAXEIRA		""	COLISÃO	COM VITIMAS ,SAMU NO LOCAL	2						1			2		""	""	""	""	""	""	""	""	""	""	""	""	""
2016	2018-03-06T00:00:00	09:10:00	SEM VÍTIMA	CANCELADA	SANTO AMARO	AV GOVERNADOR AGAMENON MAGALHAES	501	""	SENTIDO TACARUNA. NO POSTO DISLUB	AV GOVERNADOR AGAMENON MAGALHAES	501	SENTIDO TACARUNA. NO POSTO DISLUB	SANTO AMARO		""	COLISÃO	SEM VÍTIMAS	2									0		""	""	""	""	""	""	""	""	""	""	""	""	""
2017	2018-03-06T00:00:00	11:15:00	SEM VÍTIMA	FINALIZADA	AFOGADOS	RUA DA PAZ	""	""	EM FRENTE A ALIMONDA,E AO LADO DA ALUMIAÇO	RUA DA PAZ	""	EM FRENTE A ALIMONDA,E AO LADO DA ALUMIAÇO	AFOGADOS		""	COLISÃO	SEM VITIMAS	2									0		""	""	""	""	""	""	""	""	""	""	""	""	""
2018	2018-03-06T00:00:00	12:29:00	COM VÍTIMA	FINALIZADA	SANTO AMARO	RUA DOS PALMARES	""	""	EM FRENTE AO RM	RUA DOS PALMARES	""	EM FRENTE AO RM	SANTO AMARO		""	ATROPELAMENTO	ATROPELAMENTO COM VÍTIMA	1				1					1		""	""	""	""	""	""	""	""	""	""	""	""	""
2019	2018-03-06T00:00:00	13:09:00	SEM VÍTIMA	FINALIZADA	BOA VIAGEM	RUA PROFESSOR JOAO MEDEIROS	675	""	APOS A DROGASIL E A LOJA CIBELE	RUA PROFESSOR JOAO MEDEIROS	675	APOS A DROGASIL E A LOJA CIBELE	BOA VIAGEM		""	COLISÃO	COLISAO DE DOIS AUTOS S/V	2									0		""	""	""	""	""	""	""	""	""	""	""	""	""
2020	2018-03-06T00:00:00	13:29:00	SEM VÍTIMA	FINALIZADA	ENGENHO DO MEIO	RUA BOM PASTOR	524	""	APOS A CHURRASCARIA A CARRETA	RUA BOM PASTOR	524	APOS A CHURRASCARIA A CARRETA	ENGENHO DO MEIO		""	COLISÃO	COLISAO DE CAMINHAO E AUTO S/V	1						1			0		""	""	""	""	""	""	""	""	""	""	""	""	""
2021	2018-03-06T00:00:00	13:51:00	SEM VÍTIMA	FINALIZADA	VÁRZEA	RUA ABATIA	""	""	SEMAFORO577 ,AO LADO DA FARMACIA ESPERANÇA	RUA ABATIA	""	SEMAFORO577 ,AO LADO DA FARMACIA ESPERANÇA	VÁRZEA		""	COLISÃO	SEM VITIMAS	2									0		""	""	""	""	""	""	""	""	""	""	""	""	""
2022	2018-03-06T00:00:00	15:26:00	SEM VÍTIMA	FINALIZADA	TORRE	RUA CONDE DE IRAJA	1121	""	PROXIMO A IGREJA DA TORRE	RUA CONDE DE IRAJA	1121	PROXIMO A IGREJA DA TORRE	TORRE		""	COLISÃO	COLISÃO SEM VÍTIMA	1							1		0		""	""	""	""	""	""	""	""	""	""	""	""	""
2023	2018-03-06T00:00:00	16:27:00	COM VÍTIMA	FINALIZADA	CASA AMARELA	EST DO ARRAIAL	""	""	SEMAFORO 074	EST DO ARRAIAL	""	SEMAFORO 074	CASA AMARELA		""	COLISÃO COM CICLISTA	AUTO E BICICLETA	1			1						1		""	""	""	""	""	""	""	""	""	""	""	""	""
2024	2018-03-06T00:00:00	16:55:00	SEM VÍTIMA	FINALIZADA	NOVA DESCOBERTA	RUA ALTO DO RESERVATORIO	409	""	EM FRENTE A IGREJA ASSEMBLEIA DE DEUS	RUA ALTO DO RESERVATORIO	409	EM FRENTE A IGREJA ASSEMBLEIA DE DEUS	NOVA DESCOBERTA		""	COLISÃO	COLISÃO SEM VÍTIMA	1					1				0		""	""	""	""	""	""	""	""	""	""	""	""	""
2025	2018-03-06T00:00:00	18:02:00	SEM VÍTIMA	FINALIZADA	CASA AMARELA	RUA DA HARMONIA	""	EST ENCANAMENTO	COM ESTRADA DO ENCANAMENTO	RUA DA HARMONIA	""	COM ESTRADA DO ENCANAMENTO	CASA AMARELA		""	COLISÃO	AUTO E MOTO, SEM VÍTIMA.	1	1								0		""	""	""	""	""	""	""	""	""	""	""	""	""
2026	2018-03-06T00:00:00	18:11:00	SEM VÍTIMA	FINALIZADA	GRAÇAS	RUA DAS CREOULAS	294	RUA JOAQUIM NABUCO	PROX A FARMACIA QUATRO CANTOS / SEMÁFORO 071 - CRUZ COM A RUA JOAQUIM NABUCO / PRX AO DERBY CENTER	RUA DAS CREOULAS	294	PROX A FARMACIA QUATRO CANTOS / SEMÁFORO 071 - CRUZ COM A RUA JOAQUIM NABUCO / PRX AO DERBY CENTER	GRAÇAS		""	COLISÃO	ENTRE AMBULÂNCIA E AUTO PASSEIO. S/V	2									0		""	""	""	""	""	""	""	""	""	""	""	""	""
2027	2018-03-06T00:00:00	20:35:00	SEM VÍTIMA	FINALIZADA	VÁRZEA	AV AFONSO OLINDENSE	""	""	NO FINAL DA AV, APÓS A SECRETARIA DE EDUCAÇÃO / SNT CAXANG/ PROX AO RESIDENCIAL CAXANGA	AV AFONSO OLINDENSE	""	NO FINAL DA AV, APÓS A SECRETARIA DE EDUCAÇÃO / SNT CAXANG/ PROX AO RESIDENCIAL CAXANGA	VÁRZEA		""	COLISÃO	ENTRE AUTO E ÔNIBUS. S/V	1					1				0		""	""	""	""	""	""	""	""	""	""	""	""	""
2028	2018-03-06T00:00:00	21:43:00	SEM VÍTIMA	CANCELADA	IMBIRIBEIRA	RUA ARQUITETO LUIZ NUNES	""	""	SEMÁFORO 635	RUA ARQUITETO LUIZ NUNES	""	SEMÁFORO 635	IMBIRIBEIRA		""	COLISÃO	ENTRE 2 AUTOS. S/V	2									0		""	""	""	""	""	""	""	""	""	""	""	""	""
2029	2018-03-06T00:00:00	22:44:00	COM VÍTIMA	FINALIZADA	IMBIRIBEIRA	RUA SARGENTO SILVINO DE MACEDO	273	""	E/F A LACOMEX	RUA SARGENTO SILVINO DE MACEDO	273	E/F A LACOMEX	IMBIRIBEIRA		""	COLISÃO	ENTRE ONIBUS E AUTO. C/V	1					1				1		""	""	""	""	""	""	""	""	""	""	""	""	""
2030	2018-03-06T00:00:00	23:19:00	COM VÍTIMA	CANCELADA	CAXANGÁ	AV CAXANGA	""	""	""	AV CAXANGA	""	""	CAXANGÁ		""	COLISÃO	ENTRE AUTO E MOTO ( AUTO COLIDIU CONTRA A MOTO POR CIMA DO VIADUTO, SENDO ASSIM O MOTOQUEIRO FOI LANÇADO PARA AV CAXANGÁ ) C/V	1	1								1		""	""	""	""	""	""	""	""	""	""	""	""	""
2031	2018-03-07T00:00:00	00:28:00	SEM VÍTIMA	FINALIZADA	PRADO	AV ENGENHEIRO ABDIAS DE CARVALHO	""	RUA SANTA EDWIRGES	CRUZAMENTO COM A RUA SANTA EDWIRGES, PROX DA ENGEFRIO	AV ENGENHEIRO ABDIAS DE CARVALHO	""	CRUZAMENTO COM A RUA SANTA EDWIRGES, PROX DA ENGEFRIO	PRADO		""	COLISÃO	COLISÃO ENTRE AUTO E AMBULÂNCIA S/V	1							1		0		""	""	""	""	""	""	""	""	""	""	""	""	""
2032	2018-03-07T00:00:00	01:44:00	COM VÍTIMA	FINALIZADA	IPUTINGA	EST DO BARBALHO	XX	""	EM FRENTE AO DETRAN	EST DO BARBALHO	XX	EM FRENTE AO DETRAN	IPUTINGA		""	CAPOTAMENTO	CONDUTOR CHOCOU-SE CONTRA UMA ÁRVORE, EM SEGUIDA CAPOTOU	1									1		""	""	""	""	""	""	""	""	""	""	""	""	""
2033	2018-03-07T00:00:00	04:09:00	SEM VÍTIMA	FINALIZADA	SAN MARTIN	AV ENGENHEIRO ABDIAS DE CARVALHO	""	AV DO FORTE	CRUZAMENTO COM A AVENIDA DO FORTE, SEMAFORO 375	AV ENGENHEIRO ABDIAS DE CARVALHO	""	CRUZAMENTO COM A AVENIDA DO FORTE, SEMAFORO 375	SAN MARTIN		""	CHOQUE	VEÍCULO CHOCOU-SE EM UM POSTE S/V	1									0		""	""	""	""	""	""	""	""	""	""	""	""	""
2034	2018-03-07T00:00:00	05:35:00	SEM VÍTIMA	FINALIZADA	IMBIRIBEIRA	AV MARECHAL MASCARENHAS DE MORAES	""	""	EM FRENTE AO ESTACIONAMENTO DO AEROPORTO	AV MARECHAL MASCARENHAS DE MORAES	""	EM FRENTE AO ESTACIONAMENTO DO AEROPORTO	IMBIRIBEIRA		""	COLISÃO	COLISÃO ENTRE DOIS AUTOS S/V	2									0		""	""	""	""	""	""	""	""	""	""	""	""	""
2035	2018-03-07T00:00:00	06:41:00	SEM VÍTIMA	FINALIZADA	DERBY	AV GOVERNADOR AGAMENON MAGALHAES	""	""	EM FRENTE A PRAÇA DO DERBY / SENT BOA VIAGEM	AV GOVERNADOR AGAMENON MAGALHAES	""	EM FRENTE A PRAÇA DO DERBY / SENT BOA VIAGEM	DERBY		""	COLISÃO	TRES AUTOS	3									0		""	""	""	""	""	""	""	""	""	""	""	""	""
2036	2018-03-07T00:00:00	07:03:00	SEM VÍTIMA	FINALIZADA	AFOGADOS	PTE DO MOTOCOLOMBO	""	""	SOBRE A PONTE, OS SOLICITANTES FORAM INFORMADOS QUE DEVERIAM DESOBSTRUIR A VIA, OS MESMOS SE ENCAMINHARAM PARA A EMPRESA ASA	PTE DO MOTOCOLOMBO	""	SOBRE A PONTE, OS SOLICITANTES FORAM INFORMADOS QUE DEVERIAM DESOBSTRUIR A VIA, OS MESMOS SE ENCAMINHARAM PARA A EMPRESA ASA	AFOGADOS		""	COLISÃO	DOIS AUTOS	1						1			0		""	""	""	""	""	""	""	""	""	""	""	""	""
2037	2018-03-07T00:00:00	07:19:00	SEM VÍTIMA	FINALIZADA	TAMARINEIRA	EST VELHA DE AGUA FRIA	""	""	SEMAFORO 062,EM FRENTE A OFICINA MECANICA TRIAUTOS	EST VELHA DE AGUA FRIA	""	SEMAFORO 062,EM FRENTE A OFICINA MECANICA TRIAUTOS	TAMARINEIRA		""	COLISÃO COM CICLISTA	SEM VITIMAS	1			1						0		""	""	""	""	""	""	""	""	""	""	""	""	""
2038	2018-03-07T00:00:00	07:49:00	SEM VÍTIMA	FINALIZADA	BOA VIAGEM	RUA SETUBAL	212	""	SEMAFORO Nº419	RUA SETUBAL	212	SEMAFORO Nº419	BOA VIAGEM		""	COLISÃO	COL.S/V .VEICULO OFICIAL	2									0		""	""	""	""	""	""	""	""	""	""	""	""	""
2039	2018-03-07T00:00:00	08:07:00	SEM VÍTIMA	FINALIZADA	AFOGADOS	RUA DA PAZ	82	""	EMPRESA ASA	RUA DA PAZ	82	EMPRESA ASA	AFOGADOS		""	COLISÃO	COLISÃO SEM VITIMA	1						1			0		""	""	""	""	""	""	""	""	""	""	""	""	""
2040	2018-03-07T00:00:00	08:17:00	SEM VÍTIMA	FINALIZADA	CASA AMARELA	EST DO ARRAIAL	""	""	AO LADO DO MERCADO DE CASA AMARELA,SEMAFORO 404	EST DO ARRAIAL	""	AO LADO DO MERCADO DE CASA AMARELA,SEMAFORO 404	CASA AMARELA		""	COLISÃO	SEM VITIMAS,CTTU NO LOCAL	2									0		""	""	""	""	""	""	""	""	""	""	""	""	""
2041	2018-03-07T00:00:00	08:41:00	SEM VÍTIMA	FINALIZADA	GRAÇAS	RUA ANTONIO NOVAIS	""	""	PROX AO COLEGIO SÃO LUIZ	RUA ANTONIO NOVAIS	""	PROX AO COLEGIO SÃO LUIZ	GRAÇAS		""	COLISÃO	COLISÃO SEM VITIMA	2									0		""	""	""	""	""	""	""	""	""	""	""	""	""
2042	2018-03-07T00:00:00	08:42:00	SEM VÍTIMA	FINALIZADA	AFOGADOS	RUA SAO MIGUEL	1136	RUA CARLOS PENA FILHA	COM A RUA CARLOS PENA FILHA	RUA SAO MIGUEL	1136	COM A RUA CARLOS PENA FILHA	AFOGADOS		""	COLISÃO	COL.S/V SET..SUB	1	1								0		""	""	""	""	""	""	""	""	""	""	""	""	""
2043	2018-03-07T00:00:00	08:47:00	SEM VÍTIMA	FINALIZADA	ENGENHO DO MEIO	AV VISCONDE DE SAO LEOPOLDO	447	""	EM FRENTE A POSTO DE GASOLINA AO LADO DA REITORIA	AV VISCONDE DE SAO LEOPOLDO	447	EM FRENTE A POSTO DE GASOLINA AO LADO DA REITORIA	ENGENHO DO MEIO		""	COLISÃO	COLISÃO SEM VITIMA	1						1			0		""	""	""	""	""	""	""	""	""	""	""	""	""
2044	2018-03-07T00:00:00	08:56:00	SEM VÍTIMA	FINALIZADA	ENGENHO DO MEIO	RUA MANOEL JOAQUIM DE ALMEIDA	127	""	AO LADO RSTAURANTE GOTA SERENA	RUA MANOEL JOAQUIM DE ALMEIDA	127	AO LADO RSTAURANTE GOTA SERENA	ENGENHO DO MEIO		""	COLISÃO	DOIS AUTOS	2									0		""	""	""	""	""	""	""	""	""	""	""	""	""
2045	2018-03-07T00:00:00	09:04:00	SEM VÍTIMA	FINALIZADA	ESPINHEIRO	RUA DO ESPINHEIRO	""	""	NO ESTACIONAMENTO DA ESPINHEIRO DELICATESSEN, JUNTO AO SEMAFORO 166	RUA DO ESPINHEIRO	""	NO ESTACIONAMENTO DA ESPINHEIRO DELICATESSEN, JUNTO AO SEMAFORO 166	ESPINHEIRO		""	COLISÃO	COLISÃO SEM VITIMA	1							1		0		""	""	""	""	""	""	""	""	""	""	""	""	""
2046	2018-03-07T00:00:00	09:15:00	COM VÍTIMA	FINALIZADA	BOMBA DO HEMETÉRIO	RUA BOMBA DO HEMETERIO	95	""	ESQ COM EDVALDO BEIDAS	RUA BOMBA DO HEMETERIO	95	ESQ COM EDVALDO BEIDAS	BOMBA DO HEMETÉRIO		""	COLISÃO	MOTO E AUTO	1	1								1		""	""	""	""	""	""	""	""	""	""	""	""	""
2047	2018-03-07T00:00:00	09:41:00	SEM VÍTIMA	CANCELADA	IPSEP	RUA HELIO BRANDAO	661	""	RUA DO RESTAURANTE CHAMBARIL	RUA HELIO BRANDAO	661	RUA DO RESTAURANTE CHAMBARIL	IPSEP		""	COLISÃO	SEM VITIMAS	2									0		""	""	""	""	""	""	""	""	""	""	""	""	""
2048	2018-03-07T00:00:00	09:45:00	SEM VÍTIMA	CANCELADA	BOA VISTA	AV MANOEL BORBA	""	RUA DOM BOSCO	CRUZAMENTO COM A RUA DON BOSCO,SEMAFORO 028	AV MANOEL BORBA	""	CRUZAMENTO COM A RUA DON BOSCO,SEMAFORO 028	BOA VISTA		""	COLISÃO	SEM VITIMAS	2									0		""	""	""	""	""	""	""	""	""	""	""	""	""
2049	2018-03-07T00:00:00	10:01:00	SEM VÍTIMA	FINALIZADA	IMBIRIBEIRA	AV MARECHAL MASCARENHAS DE MORAES	706	""	NA FRENTE DA MADEREIRA DO PORTO	AV MARECHAL MASCARENHAS DE MORAES	706	NA FRENTE DA MADEREIRA DO PORTO	IMBIRIBEIRA		""	COLISÃO	COLISÃO SEM VITIMA	2									0		""	""	""	""	""	""	""	""	""	""	""	""	""
2050	2018-03-07T00:00:00	10:15:00	SEM VÍTIMA	FINALIZADA	BOA VIAGEM	AV CONSELHEIRO AGUIAR	355	""	NA FRENTE DA VIA CAR/ PROX A SO CALDINHO	AV CONSELHEIRO AGUIAR	355	NA FRENTE DA VIA CAR/ PROX A SO CALDINHO	BOA VIAGEM		""	COLISÃO	COLISÃO SEM VITIMA	2									0		""	""	""	""	""	""	""	""	""	""	""	""	""
2051	2018-03-07T00:00:00	11:13:00	SEM VÍTIMA	FINALIZADA	BOA VIAGEM	RUA RIBEIRO DE BRITO	241	""	EM FRENTE AO EDF/ALVORADA	RUA RIBEIRO DE BRITO	241	EM FRENTE AO EDF/ALVORADA	BOA VIAGEM		""	COLISÃO	COL.S/V GM JA NO LOCAL	2									0		""	""	""	""	""	""	""	""	""	""	""	""	""
2052	2018-03-07T00:00:00	11:28:00	COM VÍTIMA	FINALIZADA	IMBIRIBEIRA	AV MARECHAL MASCARENHAS DE MORAES	4561	""	EM FRENTE A ALBUQUERQUE PNEUS / SENT CIDADE	AV MARECHAL MASCARENHAS DE MORAES	4561	EM FRENTE A ALBUQUERQUE PNEUS / SENT CIDADE	IMBIRIBEIRA		""	COLISÃO	MOTO E AUTO	1	1								1		""	""	""	""	""	""	""	""	""	""	""	""	""
2053	2018-03-07T00:00:00	11:41:00	SEM VÍTIMA	FINALIZADA	PAISSANDU	RUA JOSE DE ALENCAR	522	RUA VISCONDE DE GOIANA	COM A RUA VISCONDE DE GOIANA	RUA JOSE DE ALENCAR	522	COM A RUA VISCONDE DE GOIANA	PAISSANDU		""	COLISÃO	MOTO E AUTO	1	1								0		""	""	""	""	""	""	""	""	""	""	""	""	""