_id	DATA	hora	natureza_acidente	situacao	bairro	endereco	numero	detalhe_endereco_acidente	complemento	endereco_cruzamento	numero_cruzamento	referencia_cruzamento	bairro_cruzamento	num_semaforo	sentido_via	tipo	descricao	auto	moto	ciclom	ciclista	pedestre	onibus	caminhao	viatura	outros	vitimas	vitimasfatais	acidente_verificado	tempo_clima	situacao_semaforo	sinalizacao	condicao_via	conservacao_via	ponto_controle	situacao_placa	velocidade_max_via	mao_direcao	divisao_via1	divisao_via2	divisao_via3
2119	2018-03-08T00:00:00	23:59:00	SEM VÍTIMA	FINALIZADA	MADALENA	AV ENGENHEIRO ABDIAS DE CARVALHO	""	AV CARLOS GOMES	CRUZAMENTO COM AV CARLOS GOMES // SEMÁFORO 057	AV ENGENHEIRO ABDIAS DE CARVALHO	""	CRUZAMENTO COM AV CARLOS GOMES // SEMÁFORO 057	MADALENA		""	CHOQUE	VIATURA DA PM CHOCOU-SE CONTRA UMA ÁRVORE								1		0		""	""	""	""	""	""	""	""	""	""	""	""	""
2120	2018-03-09T00:00:00	00:37:00	SEM VÍTIMA	FINALIZADA	IMBIRIBEIRA	RUA ENGENHEIRO JOSE BRANDAO CAVALCANTE	""	RUA GENERAL GOES MONTEIRO	PROX DO COLEGIO SANTA BARBARA, ESQUINA COM A RUA GENERAL GOES MONTEIRO	RUA ENGENHEIRO JOSE BRANDAO CAVALCANTE	""	PROX DO COLEGIO SANTA BARBARA, ESQUINA COM A RUA GENERAL GOES MONTEIRO	IMBIRIBEIRA		""	COLISÃO	COLISÃO ENTRE DOIS AUTOS S/V	2									0		""	""	""	""	""	""	""	""	""	""	""	""	""
2121	2018-03-09T00:00:00	02:04:00	SEM VÍTIMA	FINALIZADA	SÃO JOSÉ	AV SUL	""	""	PROX A PRAÇA SERGIO LOUREIRO	AV SUL	""	PROX A PRAÇA SERGIO LOUREIRO	SÃO JOSÉ		""	CHOQUE	AUTO CHOCOU-SE NO CANTO DA VIA S/V	1									0		""	""	""	""	""	""	""	""	""	""	""	""	""
2122	2018-03-09T00:00:00	06:30:00	SEM VÍTIMA	FINALIZADA	ARRUDA	AV BEBERIBE	""	RUA POLIVAR	COM A RUA POLIVAR / EM FRENTE AO ARMAZEM CORAL SENT CIDADE	AV BEBERIBE	""	COM A RUA POLIVAR / EM FRENTE AO ARMAZEM CORAL SENT CIDADE	ARRUDA		""	COLISÃO	DOIS VEICULOS	2									0		""	""	""	""	""	""	""	""	""	""	""	""	""
2123	2018-03-09T00:00:00	07:02:00	SEM VÍTIMA	FINALIZADA	PINA	AV HERCULANO BANDEIRA	640	""	E/F A TOP VEÍCULO, SENTIDO AV BOA VIAGEM	AV HERCULANO BANDEIRA	640	E/F A TOP VEÍCULO, SENTIDO AV BOA VIAGEM	PINA		""	COLISÃO	SEM VÍTIMAS	1	1								0		""	""	""	""	""	""	""	""	""	""	""	""	""
2124	2018-03-09T00:00:00	07:26:00	SEM VÍTIMA	FINALIZADA	SÃO JOSÉ	RUA DO FORTE	104	""	SEMAFORO 199 / NO SEMAFORO	RUA DO FORTE	104	SEMAFORO 199 / NO SEMAFORO	SÃO JOSÉ		""	COLISÃO	PLACAS XXX	3									0		""	""	""	""	""	""	""	""	""	""	""	""	""
2125	2018-03-09T00:00:00	07:28:00	SEM VÍTIMA	FINALIZADA	CASA FORTE	RUA LEONARDO BEZERRA CAVALCANTE	""	""	E/F AO BOMPREÇO DE CASA FORTE, SEMÁFORO 485	RUA LEONARDO BEZERRA CAVALCANTE	""	E/F AO BOMPREÇO DE CASA FORTE, SEMÁFORO 485	CASA FORTE		""	COLISÃO	SEM VÍTIMAS	1	1								0		""	""	""	""	""	""	""	""	""	""	""	""	""
2126	2018-03-09T00:00:00	07:37:00	COM VÍTIMA	FINALIZADA	AFOGADOS	RUA COSME VIANA	""	""	SOB O SEMÁFORO 100	RUA COSME VIANA	""	SOB O SEMÁFORO 100	AFOGADOS		""	COLISÃO	COLISÃO COM VÍTIMA	3									1		""	""	""	""	""	""	""	""	""	""	""	""	""
2127	2018-03-09T00:00:00	07:42:00	SEM VÍTIMA	FINALIZADA	ESPINHEIRO	AV GOVERNADOR AGAMENON MAGALHAES	""	""	PROX. AO WALL MART, JUNTO	AV GOVERNADOR AGAMENON MAGALHAES	""	PROX. AO WALL MART, JUNTO	ESPINHEIRO		""	COLISÃO	COLISÃO SEM VITIMA	3									0		""	""	""	""	""	""	""	""	""	""	""	""	""
2128	2018-03-09T00:00:00	07:56:00	COM VÍTIMA	FINALIZADA	ENCRUZILHADA	RUA JULIAO NETO	352	RUA CEARA	CRUZ COM A RUA CEARA	RUA JULIAO NETO	352	CRUZ COM A RUA CEARA	ENCRUZILHADA		""	COLISÃO	MOTO E AUTO	1	1								1		""	""	""	""	""	""	""	""	""	""	""	""	""
2129	2018-03-09T00:00:00	08:40:00	SEM VÍTIMA	FINALIZADA	JARDIM SÃO PAULO	RUA MARAGOGIPE	""	RUA BARIRI	CRUZ COM A RUA BARIRI /	RUA MARAGOGIPE	""	CRUZ COM A RUA BARIRI /	JARDIM SÃO PAULO		""	COLISÃO	AUTO E MOTO	1	1								0		""	""	""	""	""	""	""	""	""	""	""	""	""
2130	2018-03-09T00:00:00	08:43:00	SEM VÍTIMA	FINALIZADA	PARNAMIRIM	RUA JOAO TUDE DE MELO	91	""	POSTO SHELL, AO LADO DO GAIAMUM GIGANTE	RUA JOAO TUDE DE MELO	91	POSTO SHELL, AO LADO DO GAIAMUM GIGANTE	PARNAMIRIM		""	COLISÃO	COLISÃO SEM VITIMA	2									0		""	""	""	""	""	""	""	""	""	""	""	""	""
2131	2018-03-09T00:00:00	09:24:00	COM VÍTIMA	FINALIZADA	AFLITOS	AV CONS ROSA E SILVA	""	""	E/F A HABIB'S, SEMÁFORO 459 SENTIDO SUBÚRBIO	AV CONS ROSA E SILVA	""	E/F A HABIB'S, SEMÁFORO 459 SENTIDO SUBÚRBIO	AFLITOS		""	COLISÃO	COM UMA VÍTIMA A ESPERA DO SOCORRO.	1	1								1		""	""	""	""	""	""	""	""	""	""	""	""	""
2132	2018-03-09T00:00:00	09:30:00	COM VÍTIMA	FINALIZADA	SANTO AMARO	AV GOVERNADOR AGAMENON MAGALHAES	""	""	VIADUTO DA JOÃO DE BARROS, SENTIDO BOA VIAGEM, NA FRENTE DO MINISTERIO DO TRABALHO	AV GOVERNADOR AGAMENON MAGALHAES	""	VIADUTO DA JOÃO DE BARROS, SENTIDO BOA VIAGEM, NA FRENTE DO MINISTERIO DO TRABALHO	SANTO AMARO		""	COLISÃO	COLISÃO COM VITIMA	1	1								1		""	""	""	""	""	""	""	""	""	""	""	""	""
2133	2018-03-09T00:00:00	09:34:00	SEM VÍTIMA	FINALIZADA	GRAÇAS	RUA CONS PORTELA	""	""	NO SEMAFORO Nº521	RUA CONS PORTELA	""	NO SEMAFORO Nº521	GRAÇAS		""	COLISÃO	COL.S/V	1					1			1	0		""	""	""	""	""	""	""	""	""	""	""	""	""
2134	2018-03-09T00:00:00	09:37:00	""	CANCELADA	SANTO AMARO	AV GOVERNADOR AGAMENON MAGALHAES	""	""	SOBRE O VIADUTO INDEPENDENCIA	AV GOVERNADOR AGAMENON MAGALHAES	""	SOBRE O VIADUTO INDEPENDENCIA	SANTO AMARO		""	COLISÃO	COM UMA VÍTIMA A ESPERA DO SOCORRO.	1	1								1		""	""	""	""	""	""	""	""	""	""	""	""	""
2135	2018-03-09T00:00:00	10:30:00	SEM VÍTIMA	FINALIZADA	JORDÃO	RUA ALBERTO LUNDGREN	450	""	EM FRENTE A BELA MULHER COSMETICOS	RUA ALBERTO LUNDGREN	450	EM FRENTE A BELA MULHER COSMETICOS	JORDÃO		""	ENGAVETAMENTO	ONIBUS /CAMINHAO / AUTO PASSEIO	1					1	1			0		""	""	""	""	""	""	""	""	""	""	""	""	""
2136	2018-03-09T00:00:00	10:33:00	SEM VÍTIMA	FINALIZADA	ESPINHEIRO	RUA DA HORA	456	""	E/F A GALERIA MARIO MELO	RUA DA HORA	456	E/F A GALERIA MARIO MELO	ESPINHEIRO		""	COLISÃO	SEM VÍTIMA	2									0		""	""	""	""	""	""	""	""	""	""	""	""	""
2137	2018-03-09T00:00:00	10:49:00	SEM VÍTIMA	FINALIZADA	BOA VIAGEM	RUA SETUBAL	682	""	ESQ DO EDF TIMONEIRO	RUA SETUBAL	682	ESQ DO EDF TIMONEIRO	BOA VIAGEM		""	COLISÃO	TRES AUTOS	3									0		""	""	""	""	""	""	""	""	""	""	""	""	""
2138	2018-03-09T00:00:00	11:36:00	SEM VÍTIMA	FINALIZADA	ENGENHO DO MEIO	RUA CARLOS DE BRITO	133	""	COLISÃO	RUA CARLOS DE BRITO	133	COLISÃO	ENGENHO DO MEIO		""	COLISÃO	COLISÃO ENTRE DOIS VEÍCULOS	2									0		""	""	""	""	""	""	""	""	""	""	""	""	""
2139	2018-03-09T00:00:00	12:19:00	SEM VÍTIMA	CANCELADA	MACAXEIRA	AV NORTE	""	""	EM FRENTE AO ANTIGO TERMINAL DA MACAXEIRA/ SENTIDO SUBURBIO	AV NORTE	""	EM FRENTE AO ANTIGO TERMINAL DA MACAXEIRA/ SENTIDO SUBURBIO	MACAXEIRA		""	COLISÃO	COLISÃO SEM VITIMA	2									0		""	""	""	""	""	""	""	""	""	""	""	""	""
2140	2018-03-09T00:00:00	12:32:00	SEM VÍTIMA	FINALIZADA	AFOGADOS	EST DOS REMEDIOS	1059	""	AO LADO DA FARMA PAULA	EST DOS REMEDIOS	1059	AO LADO DA FARMA PAULA	AFOGADOS		""	COLISÃO	COLISÃO SEM VITIMA	1	1								0		""	""	""	""	""	""	""	""	""	""	""	""	""
2141	2018-03-09T00:00:00	12:44:00	SEM VÍTIMA	FINALIZADA	IPSEP	AV DOIS RIOS	2330	""	POR TRAS DO NUCLEO DA POLICIA	AV DOIS RIOS	2330	POR TRAS DO NUCLEO DA POLICIA	IPSEP		""	COLISÃO	AUTO E MOTO S/V	1	1								0		""	""	""	""	""	""	""	""	""	""	""	""	""
2142	2018-03-09T00:00:00	13:04:00	SEM VÍTIMA	FINALIZADA	LINHA DO TIRO	RUA URIEL DE HOLANDA	1537	""	EM FRENTE AO ARMAZEM E SERRALHARIA OLIVEIRA	RUA URIEL DE HOLANDA	1537	EM FRENTE AO ARMAZEM E SERRALHARIA OLIVEIRA	LINHA DO TIRO		""	COLISÃO	COLISÃO SEM VITIMA	1					1				0		""	""	""	""	""	""	""	""	""	""	""	""	""
2143	2018-03-09T00:00:00	13:49:00	SEM VÍTIMA	FINALIZADA	DERBY	AV GOVERNADOR AGAMENON MAGALHAES	""	""	EM FRENTE AO WALMART/ SENTIDO OLINDA	AV GOVERNADOR AGAMENON MAGALHAES	""	EM FRENTE AO WALMART/ SENTIDO OLINDA	DERBY		""	COLISÃO	COLISÃO SEM VÍTIMA	2									0		""	""	""	""	""	""	""	""	""	""	""	""	""
2144	2018-03-09T00:00:00	14:48:00	SEM VÍTIMA	FINALIZADA	CASA FORTE	RUA LEONARDO BEZERRA CAVALCANTE	610	""	ANTES DA SAIDA DO BOMPREÇO	RUA LEONARDO BEZERRA CAVALCANTE	610	ANTES DA SAIDA DO BOMPREÇO	CASA FORTE		""	COLISÃO	COLISAO DE TRES AUTOS S/V	3									0		""	""	""	""	""	""	""	""	""	""	""	""	""
2145	2018-03-09T00:00:00	15:02:00	SEM VÍTIMA	CANCELADA	BOA VISTA	RUA DR JOSE MARIANO	776	""	AO LADO DA BATALHA MÁQUINAS	RUA DR JOSE MARIANO	776	AO LADO DA BATALHA MÁQUINAS	BOA VISTA		""	COLISÃO	COLISÃO SEM VÍTIMA	1	1								0		""	""	""	""	""	""	""	""	""	""	""	""	""
2146	2018-03-09T00:00:00	16:01:00	SEM VÍTIMA	FINALIZADA	IPSEP	RUA TOCANTINS	238	""	EM FRENTE AO REAL SUPERMERCADO REAL	RUA TOCANTINS	238	EM FRENTE AO REAL SUPERMERCADO REAL	IPSEP		""	COLISÃO	ENTRE DOIS CAMINHOES							2			0		""	""	""	""	""	""	""	""	""	""	""	""	""
2147	2018-03-09T00:00:00	16:08:00	SEM VÍTIMA	FINALIZADA	BOA VIAGEM	RUA DES JOAO PAES	166	RUA ANIZIO RODRIGUES COELHO	CRUZAMENTO COM RUA ANIZIO RODRIGUES COELHO	RUA DES JOAO PAES	166	CRUZAMENTO COM RUA ANIZIO RODRIGUES COELHO	BOA VIAGEM		""	COLISÃO	TRES AUTOS	3									0		""	""	""	""	""	""	""	""	""	""	""	""	""
2148	2018-03-09T00:00:00	16:16:00	SEM VÍTIMA	FINALIZADA	BOA VIAGEM	AV HERCULANO BANDEIRA	927	""	EM FRENTE A CONCESSIONARIA MERCEDES BENZ	AV HERCULANO BANDEIRA	927	EM FRENTE A CONCESSIONARIA MERCEDES BENZ	BOA VIAGEM		""	COLISÃO	COLISÃO SEM VÍTIMA	3									0		""	""	""	""	""	""	""	""	""	""	""	""	""
2149	2018-03-09T00:00:00	16:23:00	SEM VÍTIMA	FINALIZADA	AFOGADOS	RUA COSME VIANA	""	""	EM FRENTE A PEDRAGON	RUA COSME VIANA	""	EM FRENTE A PEDRAGON	AFOGADOS		""	COLISÃO	AUTO E CAMINHAO	1						1			0		""	""	""	""	""	""	""	""	""	""	""	""	""
2150	2018-03-09T00:00:00	16:25:00	SEM VÍTIMA	FINALIZADA	IMBIRIBEIRA	AV MARECHAL MASCARENHAS DE MORAES	2697	""	E/F AO BANCO SANTANDER AO LADO DA LOJA TROLLER SENT/CID	AV MARECHAL MASCARENHAS DE MORAES	2697	E/F AO BANCO SANTANDER AO LADO DA LOJA TROLLER SENT/CID	IMBIRIBEIRA		""	COLISÃO	COLISAO DE AUTO E CAMINHAO S/V	1						1			0		""	""	""	""	""	""	""	""	""	""	""	""	""
2151	2018-03-09T00:00:00	16:30:00	COM VÍTIMA	CANCELADA	ENCRUZILHADA	EST DE BELEM	XX	""	BANCO ITAÚ	EST DE BELEM	XX	BANCO ITAÚ	ENCRUZILHADA		""	ATROPELAMENTO	AUTO E PEDESTRE	1				1					1		""	""	""	""	""	""	""	""	""	""	""	""	""
2152	2018-03-09T00:00:00	16:39:00	SEM VÍTIMA	FINALIZADA	BOA VISTA	RUA AURORA	""	RUA DO RIACHUELO	ESQUINA DA RUA DO RIACHUELO NO SEMAFORO 579	RUA AURORA	""	ESQUINA DA RUA DO RIACHUELO NO SEMAFORO 579	BOA VISTA		""	COLISÃO	COLISAO DE ONIBUS E AUTO S/V	1					1				0		""	""	""	""	""	""	""	""	""	""	""	""	""
2153	2018-03-09T00:00:00	16:55:00	SEM VÍTIMA	FINALIZADA	BAIRRO DO RECIFE	AV MILITAR	""	""	EM FRENTE AO POSTO SHELL/ SENTIDO AV NORTE	AV MILITAR	""	EM FRENTE AO POSTO SHELL/ SENTIDO AV NORTE	BAIRRO DO RECIFE		""	COLISÃO	COLISÃO SEM VÍTIMA	1						1			0		""	""	""	""	""	""	""	""	""	""	""	""	""
2154	2018-03-09T00:00:00	17:52:00	SEM VÍTIMA	EQUIPE EM DESLOCAMENTO	CASA AMARELA	RUA MANDACARU	585	""	E/F A IGREJA ASSEMBLEIA DE DEUS	RUA MANDACARU	585	E/F A IGREJA ASSEMBLEIA DE DEUS	CASA AMARELA		""	COLISÃO	COLISAO DE DOIS AUTOS S/V	2									0		""	""	""	""	""	""	""	""	""	""	""	""	""
2155	2018-03-09T00:00:00	18:24:00	COM VÍTIMA	FINALIZADA	CAMPO GRANDE	RUA ODORICO MENDES	S/N	""	C/ ESTRADA DE BELÉM	RUA ODORICO MENDES	S/N	C/ ESTRADA DE BELÉM	CAMPO GRANDE		""	COLISÃO	COLISÃO COM VÍTIMA ENVOLVENDO VIATURA PMPE E MOTOCICLETA		1						1		1		""	""	""	""	""	""	""	""	""	""	""	""	""
2156	2018-03-09T00:00:00	18:34:00	SEM VÍTIMA	EQUIPE EM DESLOCAMENTO	PRADO	RUA SANTA EDWIRGES	39	AV ENG ABDIAS DE CARVALHO	PROX AO POSTO PETROBRAS CRUZAMENTO COM AV ABDIAS DE CARVALHO	RUA SANTA EDWIRGES	39	PROX AO POSTO PETROBRAS CRUZAMENTO COM AV ABDIAS DE CARVALHO	PRADO		""	COLISÃO	DOIS AUTO : OBS ::::VT 18 DA CTTU ESTA NO LOCAL	2									0		""	""	""	""	""	""	""	""	""	""	""	""	""
2157	2018-03-09T00:00:00	19:46:00	SEM VÍTIMA	FINALIZADA	VÁRZEA	RUA RODRIGUES FERREIRA	161	""	PROX. AO RESIDENCIAL CAXANGA	RUA RODRIGUES FERREIRA	161	PROX. AO RESIDENCIAL CAXANGA	VÁRZEA		""	COLISÃO	DOIS AUTOS	2									0		""	""	""	""	""	""	""	""	""	""	""	""	""
2158	2018-03-09T00:00:00	20:19:00	SEM VÍTIMA	CANCELADA	ALTO JOSÉ BONIFÁCIO	RUA ALTO JOSE BONIFACIO	1140	""	PROX. A IGREJA BATISTA	RUA ALTO JOSE BONIFACIO	1140	PROX. A IGREJA BATISTA	ALTO JOSÉ BONIFÁCIO		""	CHOQUE	KOMBI CHOCOU-SE COM MURO	1									0		""	""	""	""	""	""	""	""	""	""	""	""	""
2159	2018-03-09T00:00:00	21:07:00	SEM VÍTIMA	FINALIZADA	AFLITOS	AV CONS ROSA E SILVA	197	""	ENF AO CLUB PORTUGUES	AV CONS ROSA E SILVA	197	ENF AO CLUB PORTUGUES	AFLITOS		""	COLISÃO	ONIBUS E AUTO	1					1				0		""	""	""	""	""	""	""	""	""	""	""	""	""
2160	2018-03-09T00:00:00	21:12:00	SEM VÍTIMA	FINALIZADA	CASA FORTE	AV DEZESSETE DE AGOSTO	2133	""	SEMAFORO 646, EM FRERNTE A FUNDAÇÃO JOAQUIM NABUCO	AV DEZESSETE DE AGOSTO	2133	SEMAFORO 646, EM FRERNTE A FUNDAÇÃO JOAQUIM NABUCO	CASA FORTE		""	COLISÃO	DOIS AUTOS	2									0		""	""	""	""	""	""	""	""	""	""	""	""	""
2161	2018-03-09T00:00:00	21:19:00	SEM VÍTIMA	FINALIZADA	COQUEIRAL	RUA ANANIAS CATANHO	21	""	NO TERMINAL TOTO PLANALTO PROX A RUA ALTO PIQUERI	RUA ANANIAS CATANHO	21	NO TERMINAL TOTO PLANALTO PROX A RUA ALTO PIQUERI	COQUEIRAL		""	COLISÃO	ONIBUS X AUTO	1					1				0		""	""	""	""	""	""	""	""	""	""	""	""	""
2162	2018-03-10T00:00:00	00:06:00	SEM VÍTIMA	FINALIZADA	BOA VIAGEM	RUA FRANCISCO DA CUNHA	""	""	PROX. AO CARREFOUR	RUA FRANCISCO DA CUNHA	""	PROX. AO CARREFOUR	BOA VIAGEM		""	COLISÃO	DOIS AUTOS	2									0		""	""	""	""	""	""	""	""	""	""	""	""	""
2163	2018-03-10T00:00:00	06:57:00	SEM VÍTIMA	FINALIZADA	ALTO DO MANDU	RUA VISGUEIRO	67	""	RESIDENCIA. PROX- A ANTIGA PADARIA SILVA ARAÚJO	RUA VISGUEIRO	67	RESIDENCIA. PROX- A ANTIGA PADARIA SILVA ARAÚJO	ALTO DO MANDU		""	CHOQUE	VEÍCULO CHOCOU-SE CONTRA PORTÃO DA RESIDENCIA.										0		""	""	""	""	""	""	""	""	""	""	""	""	""
2164	2018-03-10T00:00:00	09:33:00	SEM VÍTIMA	FINALIZADA	PRADO	RUA GOMES TABORDA	1172	""	E/F A CENTRO SERVICE BOCH	RUA GOMES TABORDA	1172	E/F A CENTRO SERVICE BOCH	PRADO		""	COLISÃO	SEM VÍTIMAS		2								0		""	""	""	""	""	""	""	""	""	""	""	""	""
2165	2018-03-10T00:00:00	10:43:00	COM VÍTIMA	FINALIZADA	TEJIPIÓ	AV DR JOSE RUFINO	""	""	EM FRENTE A ESTAÇÃO TEJIPIÓ	AV DR JOSE RUFINO	""	EM FRENTE A ESTAÇÃO TEJIPIÓ	TEJIPIÓ		""	COLISÃO	COLISÃO COM VÍTIMA.	1	1								1		""	""	""	""	""	""	""	""	""	""	""	""	""
2166	2018-03-10T00:00:00	10:44:00	SEM VÍTIMA	FINALIZADA	BEBERIBE	AV BEBERIBE	""	""	PRAÇA DA CONVENÇÃO	AV BEBERIBE	""	PRAÇA DA CONVENÇÃO	BEBERIBE		""	COLISÃO	COLISÃO SEM VITIMA	1						1			0		""	""	""	""	""	""	""	""	""	""	""	""	""
2167	2018-03-10T00:00:00	10:58:00	SEM VÍTIMA	FINALIZADA	VÁRZEA	AV AFONSO OLINDENSE	244	""	E/F A RESIDENCIA, SENTIDO CAXANGÁ.	AV AFONSO OLINDENSE	244	E/F A RESIDENCIA, SENTIDO CAXANGÁ.	VÁRZEA		""	COLISÃO	SEM VÍTIMAS	1					1				0		""	""	""	""	""	""	""	""	""	""	""	""	""
2168	2018-03-10T00:00:00	12:38:00	SEM VÍTIMA	FINALIZADA	CASA FORTE	AV DEZESSETE DE AGOSTO	976	""	E/F A FARMACIA PAGUE MENOS	AV DEZESSETE DE AGOSTO	976	E/F A FARMACIA PAGUE MENOS	CASA FORTE		""	COLISÃO	COLISAO DE DOIS AUTOS S/V	2									0		""	""	""	""	""	""	""	""	""	""	""	""	""
2169	2018-03-10T00:00:00	13:29:00	COM VÍTIMA	FINALIZADA	ARRUDA	RUA DO MACHADO	""	""	IGREJA SANTO ANTÔNIO	RUA DO MACHADO	""	IGREJA SANTO ANTÔNIO	ARRUDA		""	COLISÃO	COLISÃO COM VITIMAS	1	1								2		""	""	""	""	""	""	""	""	""	""	""	""	""
2170	2018-03-10T00:00:00	13:43:00	SEM VÍTIMA	FINALIZADA	BOA VIAGEM	RUA TENENTE DOMINGOS DE BRITO	""	""	SEMAFORO 330, PROX. AO POSTO SETTA	RUA TENENTE DOMINGOS DE BRITO	""	SEMAFORO 330, PROX. AO POSTO SETTA	BOA VIAGEM		""	COLISÃO	DOIS AUTOS E UMA MOTO	2	1								0		""	""	""	""	""	""	""	""	""	""	""	""	""
2171	2018-03-10T00:00:00	13:47:00	""	CANCELADA	BOA VIAGEM	RUA ERNESTO DE PAULA SANTOS	913	""	ANTES DO PRONTO ATENDIMENTO DA UNIMED E/F AO POSTO SETTA	RUA ERNESTO DE PAULA SANTOS	913	ANTES DO PRONTO ATENDIMENTO DA UNIMED E/F AO POSTO SETTA	BOA VIAGEM		""	COLISÃO	COLISAO DE DOIS AUTOS E UMA MOTO S/V										0		""	""	""	""	""	""	""	""	""	""	""	""	""
2172	2018-03-10T00:00:00	14:10:00	SEM VÍTIMA	FINALIZADA	BOA VIAGEM	AV GENERAL MAC ARTHUR	""	""	NA PISTA LOCAL, AO LADO DO VIA DUTO	AV GENERAL MAC ARTHUR	""	NA PISTA LOCAL, AO LADO DO VIA DUTO	BOA VIAGEM		""	COLISÃO	DOIS AUTOS S/V	2									0		""	""	""	""	""	""	""	""	""	""	""	""	""
2173	2018-03-10T00:00:00	14:34:00	SEM VÍTIMA	FINALIZADA	IMBIRIBEIRA	AV MARECHAL MASCARENHAS DE MORAES	6333	""	APOS O AEROPORTO E/F A ANAC S/T PRAZERES	AV MARECHAL MASCARENHAS DE MORAES	6333	APOS O AEROPORTO E/F A ANAC S/T PRAZERES	IMBIRIBEIRA		""	COLISÃO	""	2									0		""	""	""	""	""	""	""	""	""	""	""	""	""
2174	2018-03-10T00:00:00	16:09:00	SEM VÍTIMA	FINALIZADA	AREIAS	AV RECIFE	""	""	E/F AO SAL E BRASA S/T SUB	AV RECIFE	""	E/F AO SAL E BRASA S/T SUB	AREIAS		""	COLISÃO	COLISAO DE CAMINHAO E AUTO S/V	1						1			0		""	""	""	""	""	""	""	""	""	""	""	""	""
2175	2018-03-10T00:00:00	16:13:00	SEM VÍTIMA	FINALIZADA	CAXANGÁ	AV CAXANGA	""	""	JUNTO A CAXANGÁ GOLF CLUB	AV CAXANGA	""	JUNTO A CAXANGÁ GOLF CLUB	CAXANGÁ		""	COLISÃO	COLISÃO SEM VITIMA	1	1								0		""	""	""	""	""	""	""	""	""	""	""	""	""
2176	2018-03-10T00:00:00	16:24:00	SEM VÍTIMA	FINALIZADA	MACAXEIRA	AV NORTE	""	""	NA ROTATORIA, PROX. AO TERMINAL, SENTIDO CASA AMARELA	AV NORTE	""	NA ROTATORIA, PROX. AO TERMINAL, SENTIDO CASA AMARELA	MACAXEIRA		""	COLISÃO	AUTO E MOTO C/V	1	1								0		""	""	""	""	""	""	""	""	""	""	""	""	""
2177	2018-03-10T00:00:00	17:53:00	SEM VÍTIMA	FINALIZADA	TORRE	RUA MARQUES DE MARICA	88	AV CAXANGA	PARALELA COM AV CAXANGÁ / E-F AO EDF MARQUES DE MARICA	RUA MARQUES DE MARICA	88	PARALELA COM AV CAXANGÁ / E-F AO EDF MARQUES DE MARICA	TORRE		""	COLISÃO	COLISÃO SEM VITIMA	2									0		""	""	""	""	""	""	""	""	""	""	""	""	""
2178	2018-03-10T00:00:00	19:17:00	SEM VÍTIMA	FINALIZADA	BOA VIAGEM	RUA RIBEIRO DE BRITO	1197	RUA CORONEL ANIZIO RODRIGUES MELO	CRUZAMENTO COM A RUA CORONEL ANIZIO RODRIGUES COELHO	RUA RIBEIRO DE BRITO	1197	CRUZAMENTO COM A RUA CORONEL ANIZIO RODRIGUES COELHO	BOA VIAGEM		""	COLISÃO	MICRO ONIBUS X AUTO	1					1				0		""	""	""	""	""	""	""	""	""	""	""	""	""
2179	2018-03-10T00:00:00	20:56:00	SEM VÍTIMA	FINALIZADA	VÁRZEA	AV AFONSO OLINDENSE	""	""	E/F A PRAÇA DA VÁRZEA / PROX AO ARCO MIX	AV AFONSO OLINDENSE	""	E/F A PRAÇA DA VÁRZEA / PROX AO ARCO MIX	VÁRZEA		""	COLISÃO	ENTRE AUTO E ONIBUS. S/V	1					1				0		""	""	""	""	""	""	""	""	""	""	""	""	""
2180	2018-03-10T00:00:00	21:35:00	SEM VÍTIMA	FINALIZADA	JORDÃO	RUA INES MATUTINA	15	""	PROX A DELEGACIA DO JORDAO	RUA INES MATUTINA	15	PROX A DELEGACIA DO JORDAO	JORDÃO		""	COLISÃO	CAMINHAO DESGOVERNADO E AUTO	1						1			0		""	""	""	""	""	""	""	""	""	""	""	""	""
2181	2018-03-10T00:00:00	22:31:00	COM VÍTIMA	CANCELADA	AREIAS	AV RECIFE	S/N	""	PROX AO PAN DE AREIAS SEMAFORO DE Nº617	AV RECIFE	S/N	PROX AO PAN DE AREIAS SEMAFORO DE Nº617	AREIAS		""	ACID. DE PERCURSO	DUAS MOTO PARAM NO SINAL AMARELO, A TERCEIRA MOTO CONTINUA O TRAJETO , COLIDINDO NAS MOTO QUE ESTAVAM PARADAS NO SINAL.		3								1		""	""	""	""	""	""	""	""	""	""	""	""	""
2182	2018-03-10T00:00:00	23:02:00	SEM VÍTIMA	CANCELADA	BOA VISTA	RUA DA UNIAO	""	""	PROX A R DO CANAL / E/F AO EDF GARAGEM CENTRAL	RUA DA UNIAO	""	PROX A R DO CANAL / E/F AO EDF GARAGEM CENTRAL	BOA VISTA		""	COLISÃO	ENTRE 2 AUTOS. S/V	2									0		""	""	""	""	""	""	""	""	""	""	""	""	""
2183	2018-03-11T00:00:00	02:20:00	SEM VÍTIMA	FINALIZADA	ESPINHEIRO	RUA MARQUES DO PARANA	""	FERNANDO ALAIN	CRUZAMENTO COMA RUA DR.FERNANDO ALAIN	RUA MARQUES DO PARANA	""	CRUZAMENTO COMA RUA DR.FERNANDO ALAIN	ESPINHEIRO		""	COLISÃO	COLISÃO ENTRE DOIS AUTOS S/V	2									0		""	""	""	""	""	""	""	""	""	""	""	""	""
2184	2018-03-11T00:00:00	07:44:00	COM VÍTIMA	CANCELADA	JOANA BEZERRA	VIADUTO CAPITAO TEMUDO	""	""	SENT/BOA VIAGEM,NA DESCIDO VIADUTO	VIADUTO CAPITAO TEMUDO	""	SENT/BOA VIAGEM,NA DESCIDO VIADUTO	JOANA BEZERRA		""	COLISÃO COM CICLISTA	COM UMA VITIMA AGUARDANDO SAMU	1			1						1		""	""	""	""	""	""	""	""	""	""	""	""	""