_id	DATA	hora	natureza_acidente	situacao	bairro	endereco	numero	detalhe_endereco_acidente	complemento	endereco_cruzamento	numero_cruzamento	referencia_cruzamento	bairro_cruzamento	num_semaforo	sentido_via	tipo	descricao	auto	moto	ciclom	ciclista	pedestre	onibus	caminhao	viatura	outros	vitimas	vitimasfatais	acidente_verificado	tempo_clima	situacao_semaforo	sinalizacao	condicao_via	conservacao_via	ponto_controle	situacao_placa	velocidade_max_via	mao_direcao	divisao_via1	divisao_via2	divisao_via3
2250	2018-03-13T00:00:00	14:52:00	COM VÍTIMA	FINALIZADA	SANTO AMARO	RUA TREZE DE MAIO	""	""	E/F AO SESC DE SANTO AMARO COM O BAR DO KARRANCAS	RUA TREZE DE MAIO	""	E/F AO SESC DE SANTO AMARO COM O BAR DO KARRANCAS	SANTO AMARO		""	COLISÃO	COLISAO DE AUTO E MOTO COM UMA VITIMA	1	1								1		""	""	""	""	""	""	""	""	""	""	""	""	""
2251	2018-03-13T00:00:00	14:52:00	SEM VÍTIMA	CANCELADA	BOA VIAGEM	AV ENGENHEIRO DOMINGOS FERREIRA	170	""	EM FRENTE AO CONSULTORIO RIDETO ODONTOLOGIA E ESTETICA	AV ENGENHEIRO DOMINGOS FERREIRA	170	EM FRENTE AO CONSULTORIO RIDETO ODONTOLOGIA E ESTETICA	BOA VIAGEM		""	COLISÃO	COLISÃO SEM VÍTIMA	1					1				0		""	""	""	""	""	""	""	""	""	""	""	""	""
2252	2018-03-13T00:00:00	14:59:00	SEM VÍTIMA	FINALIZADA	CAMPO GRANDE	RUA MEM DE SA	93	""	PROXIMO A LOJA GAZIN EXPRESSO	RUA MEM DE SA	93	PROXIMO A LOJA GAZIN EXPRESSO	CAMPO GRANDE		""	COLISÃO	COLISÃO SEM VÍTIMA	2									0		""	""	""	""	""	""	""	""	""	""	""	""	""
2253	2018-03-13T00:00:00	15:25:00	SEM VÍTIMA	FINALIZADA	MACAXEIRA	AV DA RECUPERACAO	""	""	EM FRENTE A INTEGRAÇÃO DA MACAXEIRA NO GIRADOR SENT. AV. NORTE	AV DA RECUPERACAO	""	EM FRENTE A INTEGRAÇÃO DA MACAXEIRA NO GIRADOR SENT. AV. NORTE	MACAXEIRA		""	COLISÃO	CAMNHÃO E AUTO	1						1			0		""	""	""	""	""	""	""	""	""	""	""	""	""
2254	2018-03-13T00:00:00	16:43:00	SEM VÍTIMA	FINALIZADA	DERBY	RUA LUIZ BARBALHO	211	""	EM FRENTE A CLINICA PRONTOPELE	RUA LUIZ BARBALHO	211	EM FRENTE A CLINICA PRONTOPELE	DERBY		""	COLISÃO	DOIS AUTOS	2									0		""	""	""	""	""	""	""	""	""	""	""	""	""
2255	2018-03-13T00:00:00	16:58:00	SEM VÍTIMA	FINALIZADA	IMBIRIBEIRA	AV GENERAL MAC ARTHUR	80	""	EM FRENTE A LAFITTE	AV GENERAL MAC ARTHUR	80	EM FRENTE A LAFITTE	IMBIRIBEIRA		""	COLISÃO	COLISÃO SEM VÍTIMA	2									0		""	""	""	""	""	""	""	""	""	""	""	""	""
2256	2018-03-13T00:00:00	17:00:00	COM VÍTIMA	FINALIZADA	CASA FORTE	AV DEZESSETE DE AGOSTO	675	""	EM FRENTE AO BANCO ITAU, PEOR. AO RESTAURANTE MAMELUCO	AV DEZESSETE DE AGOSTO	675	EM FRENTE AO BANCO ITAU, PEOR. AO RESTAURANTE MAMELUCO	CASA FORTE		""	COLISÃO	DOIS AUTOS E MOTO	2	1								1		""	""	""	""	""	""	""	""	""	""	""	""	""
2257	2018-03-13T00:00:00	17:11:00	SEM VÍTIMA	FINALIZADA	IMBIRIBEIRA	RUA DEZ DE JULHO	""	""	AO LADO DA CAIXA ECONOMICA E/F AO POSTO IPIRANGA	RUA DEZ DE JULHO	""	AO LADO DA CAIXA ECONOMICA E/F AO POSTO IPIRANGA	IMBIRIBEIRA		""	COLISÃO	COLISAO DE ONIBUS E AUTO S/V	1					1				0		""	""	""	""	""	""	""	""	""	""	""	""	""
2258	2018-03-13T00:00:00	17:14:00	SEM VÍTIMA	FINALIZADA	DERBY	AV GOVERNADOR AGAMENON MAGALHAES	""	""	E/F AO CLUBE PORTUGUES S/T OLINDA	AV GOVERNADOR AGAMENON MAGALHAES	""	E/F AO CLUBE PORTUGUES S/T OLINDA	DERBY		""	COLISÃO	COLISAO DE TRES AUTOS S/V	3									0		""	""	""	""	""	""	""	""	""	""	""	""	""
2259	2018-03-13T00:00:00	17:15:00	SEM VÍTIMA	FINALIZADA	BOA VIAGEM	RUA CAPITAO ZUZINHA	""	""	EM FRENTE A SETUBAL CENTER	RUA CAPITAO ZUZINHA	""	EM FRENTE A SETUBAL CENTER	BOA VIAGEM		""	COLISÃO	COLISÃO SEM VÍTIMA	2									0		""	""	""	""	""	""	""	""	""	""	""	""	""
2260	2018-03-13T00:00:00	17:28:00	SEM VÍTIMA	FINALIZADA	BAIRRO DO RECIFE	AV BARBOSA LIMA	53A	""	PROXIMO AO BANCO DO BRASIL	AV BARBOSA LIMA	53A	PROXIMO AO BANCO DO BRASIL	BAIRRO DO RECIFE		""	COLISÃO	COLISÃO SEM VÍTIMA	2									0		""	""	""	""	""	""	""	""	""	""	""	""	""
2261	2018-03-13T00:00:00	18:17:00	SEM VÍTIMA	FINALIZADA	CAXANGÁ	AV CAXANGA	4617	""	EM FRENTE A CONCESSIONÁRIA ITALIANA	AV CAXANGA	4617	EM FRENTE A CONCESSIONÁRIA ITALIANA	CAXANGÁ		""	COLISÃO	UMA CARRETA E UM CARRO	1						1			0		""	""	""	""	""	""	""	""	""	""	""	""	""
2262	2018-03-13T00:00:00	18:54:00	SEM VÍTIMA	FINALIZADA	BONGI	AV ENGENHEIRO ABDIAS DE CARVALHO	""	""	AO LADO DA BIG CAR // SEMÁFORO 057	AV ENGENHEIRO ABDIAS DE CARVALHO	""	AO LADO DA BIG CAR // SEMÁFORO 057	BONGI		""	ENGAVETAMENTO	ENTRE 3 AUTOS. S/V	3									0		""	""	""	""	""	""	""	""	""	""	""	""	""
2263	2018-03-13T00:00:00	19:19:00	SEM VÍTIMA	FINALIZADA	BOA VIAGEM	AV CONSELHEIRO AGUIAR	3621	""	E/F A FRUTARIA E PROX A LOJA AMERICANAS. SNT CENTRO	AV CONSELHEIRO AGUIAR	3621	E/F A FRUTARIA E PROX A LOJA AMERICANAS. SNT CENTRO	BOA VIAGEM		""	COLISÃO	ENTRE AUTO E ôNIBUS. S/V	1					1				0		""	""	""	""	""	""	""	""	""	""	""	""	""
2264	2018-03-13T00:00:00	19:33:00	SEM VÍTIMA	CANCELADA	MADALENA	AV VISCONDE DE ALBUQUERQUE	""	""	E/F A ENTRADA DO SUPER MERCADO BOMPREÇO	AV VISCONDE DE ALBUQUERQUE	""	E/F A ENTRADA DO SUPER MERCADO BOMPREÇO	MADALENA		""	COLISÃO	ENTRE 2 AUTOS. S/V	2									0		""	""	""	""	""	""	""	""	""	""	""	""	""
2265	2018-03-13T00:00:00	19:47:00	SEM VÍTIMA	CANCELADA	ESPINHEIRO	AV JOAO DE BARROS	""	""	SEMÁFORO 089 / PROX A PAGUE MENOS E EXTRA SUPER MERCADO	AV JOAO DE BARROS	""	SEMÁFORO 089 / PROX A PAGUE MENOS E EXTRA SUPER MERCADO	ESPINHEIRO		""	COLISÃO	ENTRE AUTO E ÕNIBUS . S/V	1					1				0		""	""	""	""	""	""	""	""	""	""	""	""	""
2266	2018-03-13T00:00:00	19:51:00	SEM VÍTIMA	FINALIZADA	ARRUDA	RUA PROFESSOR JERONIMO GUEIROS	""	RUA MEN DE SA	SEMÁFORO 495 / CRUZ COM A R RUA MEN DE SÁ	RUA PROFESSOR JERONIMO GUEIROS	""	SEMÁFORO 495 / CRUZ COM A R RUA MEN DE SÁ	ARRUDA		""	COLISÃO	ENTRE 2 AUTOS. S/V	2									0		""	""	""	""	""	""	""	""	""	""	""	""	""
2267	2018-03-13T00:00:00	21:15:00	SEM VÍTIMA	FINALIZADA	BOA VIAGEM	RUA DEZ DE JULHO	210	""	APOS ESTAÇÃO DO METRô AEROPORTO NA 3ª RUA	RUA DEZ DE JULHO	210	APOS ESTAÇÃO DO METRô AEROPORTO NA 3ª RUA	BOA VIAGEM		""	COLISÃO	COLISÃO ENTRE 2 VEICULOS	2									0		""	""	""	""	""	""	""	""	""	""	""	""	""
2268	2018-03-13T00:00:00	22:55:00	SEM VÍTIMA	CANCELADA	CAXANGÁ	AV CAXANGA	""	""	APOS A UPA SENTIDO CAMARAGIBE/ ESTAÇAO BRT PADRE CICERO	AV CAXANGA	""	APOS A UPA SENTIDO CAMARAGIBE/ ESTAÇAO BRT PADRE CICERO	CAXANGÁ		""	COLISÃO	COLISÃO ENTRE CAMINHÃO E ONIBUS						1	1			0		""	""	""	""	""	""	""	""	""	""	""	""	""
2269	2018-03-13T00:00:00	23:16:00	SEM VÍTIMA	FINALIZADA	BOA VIAGEM	RUA ENGENHEIRO LAURO BORBA	""	""	PROXIMO A LANCHONETE BAITA HAMBURG	RUA ENGENHEIRO LAURO BORBA	""	PROXIMO A LANCHONETE BAITA HAMBURG	BOA VIAGEM		""	COLISÃO	VT PM E MOTO SEM VITIMAS		1						1		0		""	""	""	""	""	""	""	""	""	""	""	""	""
2270	2018-03-14T00:00:00	02:01:00	SEM VÍTIMA	FINALIZADA	NOVA DESCOBERTA	RUA ITARAPINA	""	""	EM FRENTE AO COLEGIO MENEZES	RUA ITARAPINA	""	EM FRENTE AO COLEGIO MENEZES	NOVA DESCOBERTA		""	CHOQUE	VIATURA DA PM CHOCOU-SE COM MURO S/V								1		0		""	""	""	""	""	""	""	""	""	""	""	""	""
2271	2018-03-14T00:00:00	06:52:00	COM VÍTIMA	FINALIZADA	PRADO	AV ENGENHEIRO ABDIAS DE CARVALHO	""	""	EM FRENTE AO BORSH SEVICE / SEMAFORO 057 / SENT CIDADE	AV ENGENHEIRO ABDIAS DE CARVALHO	""	EM FRENTE AO BORSH SEVICE / SEMAFORO 057 / SENT CIDADE	PRADO		""	COLISÃO	MOTO E AUTO PASSEIO	1	1								1		""	""	""	""	""	""	""	""	""	""	""	""	""
2272	2018-03-14T00:00:00	06:58:00	SEM VÍTIMA	FINALIZADA	PARNAMIRIM	EST DO ENCANAMENTO	""	""	NO SEMAFORO Nº358	EST DO ENCANAMENTO	""	NO SEMAFORO Nº358	PARNAMIRIM		""	COLISÃO	COL.S/V	1	1								0		""	""	""	""	""	""	""	""	""	""	""	""	""
2273	2018-03-14T00:00:00	07:09:00	SEM VÍTIMA	CANCELADA	TAMARINEIRA	AV NORTE	3889	""	E/F A CIMENTO NASSAU, SENTIDO CIDADE.	AV NORTE	3889	E/F A CIMENTO NASSAU, SENTIDO CIDADE.	TAMARINEIRA		""	COLISÃO	SEM VÍTIMAS	4									0		""	""	""	""	""	""	""	""	""	""	""	""	""
2274	2018-03-14T00:00:00	07:20:00	SEM VÍTIMA	FINALIZADA	CAXANGÁ	AV CAXANGA	""	""	E/F A UPA DA CAXANGÁ, SENTIDO VÁRZEA. PROX. AO SEMÁFORO 281	AV CAXANGA	""	E/F A UPA DA CAXANGÁ, SENTIDO VÁRZEA. PROX. AO SEMÁFORO 281	CAXANGÁ		""	COLISÃO	SEM VÍTIMAS	1						1			0		""	""	""	""	""	""	""	""	""	""	""	""	""
2275	2018-03-14T00:00:00	07:26:00	SEM VÍTIMA	FINALIZADA	PARNAMIRIM	RUA SEBASTIAO MALTA ARCOVERDE	50	""	EM FRENTE A CASA DESIGN	RUA SEBASTIAO MALTA ARCOVERDE	50	EM FRENTE A CASA DESIGN	PARNAMIRIM		""	COLISÃO	COLISÃO SEM VÍTIMA	2						1			0		""	""	""	""	""	""	""	""	""	""	""	""	""
2276	2018-03-14T00:00:00	07:28:00	SEM VÍTIMA	CANCELADA	BOA VIAGEM	RUA DR RAUL LAFAYETTE	3904	AV ENG DOMINGOS FERREIRA	ESQ DA DOMINGOS FERREIRA	RUA DR RAUL LAFAYETTE	3904	ESQ DA DOMINGOS FERREIRA	BOA VIAGEM		""	COLISÃO	DOIS AUTOS										0		""	""	""	""	""	""	""	""	""	""	""	""	""
2277	2018-03-14T00:00:00	07:33:00	COM VÍTIMA	FINALIZADA	CASA AMARELA	AV NORTE	5010	""	EM FRENTE A HONDA/ SENTIDO CIDADE	AV NORTE	5010	EM FRENTE A HONDA/ SENTIDO CIDADE	CASA AMARELA		""	COLISÃO	COLISÃO COM VÍTIMA		1				1				1		""	""	""	""	""	""	""	""	""	""	""	""	""
2278	2018-03-14T00:00:00	07:35:00	SEM VÍTIMA	FINALIZADA	BOA VIAGEM	AV CONSELHEIRO AGUIAR	""	""	NO SEMAFORO Nº146	AV CONSELHEIRO AGUIAR	""	NO SEMAFORO Nº146	BOA VIAGEM		""	COLISÃO	COL.S/V	1					1				0		""	""	""	""	""	""	""	""	""	""	""	""	""
2279	2018-03-14T00:00:00	07:55:00	SEM VÍTIMA	CANCELADA	ENGENHO DO MEIO	RUA BOM PASTOR	451	""	E/F A SUSHI E CIA.	RUA BOM PASTOR	451	E/F A SUSHI E CIA.	ENGENHO DO MEIO		""	COLISÃO	SEM VÍTIMAS	1	1								0		""	""	""	""	""	""	""	""	""	""	""	""	""
2280	2018-03-14T00:00:00	08:10:00	SEM VÍTIMA	FINALIZADA	SANTO AMARO	RUA DO SOL	""	""	EM FRENTE AO TEATRO SANTA ISABEL	RUA DO SOL	""	EM FRENTE AO TEATRO SANTA ISABEL	SANTO AMARO		""	COLISÃO	DOIS AUTOS VT 24 NO QTH	2									0		""	""	""	""	""	""	""	""	""	""	""	""	""
2281	2018-03-14T00:00:00	08:28:00	COM VÍTIMA	FINALIZADA	BOA VIAGEM	AVENIDA CELSO FURTADO (VIA MANGUE)	""	""	NAS PROXIMIDADES DO EXTRA	AVENIDA CELSO FURTADO (VIA MANGUE)	""	NAS PROXIMIDADES DO EXTRA	BOA VIAGEM		""	COLISÃO	COLISÃO ENTRE AUTO E MOTO, COM VÍTIMA	1	1								1		""	""	""	""	""	""	""	""	""	""	""	""	""
2282	2018-03-14T00:00:00	09:15:00	SEM VÍTIMA	FINALIZADA	IMBIRIBEIRA	AV MARECHAL MASCARENHAS DE MORAES	1528	""	E/F AO DEPOSITO DA LASER ELETRO, SENTIDO AFOGADOS. SEMÁFORO 287	AV MARECHAL MASCARENHAS DE MORAES	1528	E/F AO DEPOSITO DA LASER ELETRO, SENTIDO AFOGADOS. SEMÁFORO 287	IMBIRIBEIRA		""	COLISÃO	SEM VÍTIMAS	1					1				0		""	""	""	""	""	""	""	""	""	""	""	""	""
2283	2018-03-14T00:00:00	09:30:00	SEM VÍTIMA	FINALIZADA	MADALENA	RUA REAL DA TORRE	""	""	EM BAIXO DO TUNEO DA ABOLIÇAO	RUA REAL DA TORRE	""	EM BAIXO DO TUNEO DA ABOLIÇAO	MADALENA		""	COLISÃO	TRES AUTOS // VT 14 NO QTH	3									0		""	""	""	""	""	""	""	""	""	""	""	""	""
2284	2018-03-14T00:00:00	10:01:00	SEM VÍTIMA	FINALIZADA	BOA VIAGEM	AV HERCULANO BANDEIRA	855	""	EM FRENTE DA RIQUE MOVES	AV HERCULANO BANDEIRA	855	EM FRENTE DA RIQUE MOVES	BOA VIAGEM		""	COLISÃO	COL.S/V GM JA NO LOCAL PONTO PX	2									0		""	""	""	""	""	""	""	""	""	""	""	""	""
2285	2018-03-14T00:00:00	10:31:00	SEM VÍTIMA	FINALIZADA	VÁRZEA	RUA PROFESSOR ANTONIO COELHO	495	""	AO LADO DO COLEGIO PONTUAL	RUA PROFESSOR ANTONIO COELHO	495	AO LADO DO COLEGIO PONTUAL	VÁRZEA		""	COLISÃO	COLISÃO SEM VÍTIMA	2									0		""	""	""	""	""	""	""	""	""	""	""	""	""
2286	2018-03-14T00:00:00	12:00:00	SEM VÍTIMA	FINALIZADA	IMBIRIBEIRA	AV MARECHAL MASCARENHAS DE MORAES	""	""	NA SAÍDA DA AVENIDA RECIFE, SENTIDO AEROPORTO.	AV MARECHAL MASCARENHAS DE MORAES	""	NA SAÍDA DA AVENIDA RECIFE, SENTIDO AEROPORTO.	IMBIRIBEIRA		""	COLISÃO	COLISÃO SEM VÍTIMA, ENTRE UM AUTO E UM CAMINHÃO.	1						1			0		""	""	""	""	""	""	""	""	""	""	""	""	""
2287	2018-03-14T00:00:00	12:12:00	SEM VÍTIMA	CANCELADA	PINA	RUA MIRANDA FALCAO	50	""	EM FRENTE A GALERIA SANTA RITA	RUA MIRANDA FALCAO	50	EM FRENTE A GALERIA SANTA RITA	PINA		""	COLISÃO	COLISÃO SEM VÍTIMA	2									0		""	""	""	""	""	""	""	""	""	""	""	""	""
2288	2018-03-14T00:00:00	12:18:00	COM VÍTIMA	FINALIZADA	CAXANGÁ	RUA DOUTOR DUSTAN DE CARVALHO SOARES	40B	""	POR TRÁS DO MOTEL TURQUESA	RUA DOUTOR DUSTAN DE CARVALHO SOARES	40B	POR TRÁS DO MOTEL TURQUESA	CAXANGÁ		""	COLISÃO	COLISÃO COM VÍTIMA	1	1								1		""	""	""	""	""	""	""	""	""	""	""	""	""
2289	2018-03-14T00:00:00	12:41:00	SEM VÍTIMA	FINALIZADA	CASA FORTE	RUA SANTANA	33	""	EM FRENTE AO EDIFICIO PORTAL DE CASA FORTE	RUA SANTANA	33	EM FRENTE AO EDIFICIO PORTAL DE CASA FORTE	CASA FORTE		""	COLISÃO	COLISÃO SEM VÍTIMA	2									0		""	""	""	""	""	""	""	""	""	""	""	""	""
2290	2018-03-14T00:00:00	12:48:00	COM VÍTIMA	FINALIZADA	PRADO	RUA CARLOS GOMES	713	""	GALERIA SANTA EDWIRGES	RUA CARLOS GOMES	713	GALERIA SANTA EDWIRGES	PRADO		""	COLISÃO	COLISÃO COM VÍTIMA	1	1								1		""	""	""	""	""	""	""	""	""	""	""	""	""
2291	2018-03-14T00:00:00	13:46:00	COM VÍTIMA	FINALIZADA	SANTO AMARO	AV GOVERNADOR AGAMENON MAGALHAES	""	""	E/F A REITORIA DA UPE	AV GOVERNADOR AGAMENON MAGALHAES	""	E/F A REITORIA DA UPE	SANTO AMARO		""	COLISÃO	COLISAO DE AUTO E MOTO COM UMA VITIMA	1	1								1		""	""	""	""	""	""	""	""	""	""	""	""	""
2292	2018-03-14T00:00:00	14:12:00	SEM VÍTIMA	FINALIZADA	IBURA	RUA PINTOR AGENOR DE ALBUQUERQUE CESAR	50	""	PROXIMO A CLINICA POPULAR	RUA PINTOR AGENOR DE ALBUQUERQUE CESAR	50	PROXIMO A CLINICA POPULAR	IBURA		""	COLISÃO	COLISÃO SEM VÍTIMA	2									0		""	""	""	""	""	""	""	""	""	""	""	""	""
2293	2018-03-14T00:00:00	14:18:00	SEM VÍTIMA	FINALIZADA	SANTO AMARO	AV CRUZ CABUGA	""	""	PROX. AO SHOPPING, SENTIDO OLINDA	AV CRUZ CABUGA	""	PROX. AO SHOPPING, SENTIDO OLINDA	SANTO AMARO		""	COLISÃO	DOIS AUTOS	2									0		""	""	""	""	""	""	""	""	""	""	""	""	""
2294	2018-03-14T00:00:00	14:42:00	SEM VÍTIMA	FINALIZADA	SAN MARTIN	AV GENERAL SAN MARTIN	""	""	SEMAFORO 326, EM FRENTE A PRAÇA DA CAVALARIA	AV GENERAL SAN MARTIN	""	SEMAFORO 326, EM FRENTE A PRAÇA DA CAVALARIA	SAN MARTIN		""	COLISÃO	DOIS AUTOS S/V	2									0		""	""	""	""	""	""	""	""	""	""	""	""	""
2295	2018-03-14T00:00:00	14:53:00	SEM VÍTIMA	FINALIZADA	ROSARINHO	AV SANTOS DUMONT	""	""	AO LADO DA PRAÇA DO ROSARINHO E/F AO POSTO BR	AV SANTOS DUMONT	""	AO LADO DA PRAÇA DO ROSARINHO E/F AO POSTO BR	ROSARINHO		""	COLISÃO	""	1	1								0		""	""	""	""	""	""	""	""	""	""	""	""	""
2296	2018-03-14T00:00:00	14:57:00	SEM VÍTIMA	FINALIZADA	CAXANGÁ	AV CAXANGA	4477	""	EM FRENTE AO GOLF CLUB SENTIDO CAMARGIBE/ CENTRO	AV CAXANGA	4477	EM FRENTE AO GOLF CLUB SENTIDO CAMARGIBE/ CENTRO	CAXANGÁ		""	ENGAVETAMENTO	TRES AUTOS S/V	3									0		""	""	""	""	""	""	""	""	""	""	""	""	""
2297	2018-03-14T00:00:00	15:26:00	SEM VÍTIMA	FINALIZADA	BOA VIAGEM	RUA RIBEIRO DE BRITO	900	""	EM FRENTE AO EMPRESARIAL RIBEIRO DE BRITO	RUA RIBEIRO DE BRITO	900	EM FRENTE AO EMPRESARIAL RIBEIRO DE BRITO	BOA VIAGEM		""	COLISÃO	COLISÃO SEM VÍTIMA	2									0		""	""	""	""	""	""	""	""	""	""	""	""	""
2298	2018-03-14T00:00:00	15:28:00	SEM VÍTIMA	FINALIZADA	ESPINHEIRO	AV GOVERNADOR AGAMENON MAGALHAES	""	""	PISTA LOCAL, EM FRENTE AO PORTUGUES, SENTIDO BOA VIAGEM	AV GOVERNADOR AGAMENON MAGALHAES	""	PISTA LOCAL, EM FRENTE AO PORTUGUES, SENTIDO BOA VIAGEM	ESPINHEIRO		""	COLISÃO	DOIS AUTOS S/V	2									0		""	""	""	""	""	""	""	""	""	""	""	""	""
2299	2018-03-14T00:00:00	16:00:00	SEM VÍTIMA	FINALIZADA	BOA VISTA	RUA DO HOSPICIO	""	""	NO SEMÁFORO 023	RUA DO HOSPICIO	""	NO SEMÁFORO 023	BOA VISTA		""	COLISÃO	COLISÃO SEM VÍTIMA		1						1		0		""	""	""	""	""	""	""	""	""	""	""	""	""
2300	2018-03-14T00:00:00	16:07:00	SEM VÍTIMA	FINALIZADA	BOA VIAGEM	AV ENGENHEIRO DOMINGOS FERREIRA	240	""	ANTES DO CARREFOUR	AV ENGENHEIRO DOMINGOS FERREIRA	240	ANTES DO CARREFOUR	BOA VIAGEM		""	COLISÃO	COLISAO DE ONIBUS E AUTO S/V	1					1				0		""	""	""	""	""	""	""	""	""	""	""	""	""
2301	2018-03-14T00:00:00	17:14:00	SEM VÍTIMA	FINALIZADA	SAN MARTIN	AV GENERAL SAN MARTIN	1371	""	AO LADO DA FACULDADE ESTACIO E/F AO IPA	AV GENERAL SAN MARTIN	1371	AO LADO DA FACULDADE ESTACIO E/F AO IPA	SAN MARTIN		""	COLISÃO	COLISAO DE VT DA POLICIA AUTO S/V	2									0		""	""	""	""	""	""	""	""	""	""	""	""	""
2302	2018-03-14T00:00:00	17:32:00	SEM VÍTIMA	FINALIZADA	ESPINHEIRO	RUA AMELIA	280	RUA DO ESPINHEIRO	CRUZAMENTO COM RUA DO ESPINHEIRO	RUA AMELIA	280	CRUZAMENTO COM RUA DO ESPINHEIRO	ESPINHEIRO		""	COLISÃO	DOIS AUTOS S/V	2									0		""	""	""	""	""	""	""	""	""	""	""	""	""
2303	2018-03-14T00:00:00	17:36:00	SEM VÍTIMA	FINALIZADA	BOA VISTA	RUA DA SOLEDADE	""	""	EM FRENTE AO ALTINO VENTURA	RUA DA SOLEDADE	""	EM FRENTE AO ALTINO VENTURA	BOA VISTA		""	COLISÃO	CAMINHAO PEQUENO E AUTO	1						1			0		""	""	""	""	""	""	""	""	""	""	""	""	""
2304	2018-03-14T00:00:00	18:20:00	SEM VÍTIMA	FINALIZADA	TORRÕES	RUA GOMES TABORDA	1720	""	E/F RESTAURANTE ARROCHADINHO/ GALERIA NORONHA CENTER	RUA GOMES TABORDA	1720	E/F RESTAURANTE ARROCHADINHO/ GALERIA NORONHA CENTER	TORRÕES		""	COLISÃO	COLISÃO SEM VÍTIMA	1					1				0		""	""	""	""	""	""	""	""	""	""	""	""	""
2305	2018-03-14T00:00:00	18:29:00	COM VÍTIMA	FINALIZADA	AREIAS	AV RECIFE	""	RUA GREGORIO CALDAS	PROX. AO WALMART, NO SEMAFORO 494 COM A RUA GREGORIO CALDAS	AV RECIFE	""	PROX. AO WALMART, NO SEMAFORO 494 COM A RUA GREGORIO CALDAS	AREIAS		""	COLISÃO	AUTO E MOTO	1	1								1		""	""	""	""	""	""	""	""	""	""	""	""	""
2306	2018-03-14T00:00:00	18:30:00	SEM VÍTIMA	FINALIZADA	AFOGADOS	RUA DA PAZ	""	""	APOS A ASA INDUSTRIA APOS A PONTE MOTOCOLOBÓ SENTIDO AEROPORTO EM FRENTE A IGREJA UNIVERSAL	RUA DA PAZ	""	APOS A ASA INDUSTRIA APOS A PONTE MOTOCOLOBÓ SENTIDO AEROPORTO EM FRENTE A IGREJA UNIVERSAL	AFOGADOS		""	COLISÃO	COLISÃO SEM VÍTIMA	1						1			0		""	""	""	""	""	""	""	""	""	""	""	""	""
2307	2018-03-14T00:00:00	19:33:00	SEM VÍTIMA	CANCELADA	SANTO AMARO	AV VISCONDE DE SUASSUNA	369	""	EM FRENTE AO EDF. NOBRE	AV VISCONDE DE SUASSUNA	369	EM FRENTE AO EDF. NOBRE	SANTO AMARO		""	COLISÃO	CARRO FORTE E AUTO	1								1	0		""	""	""	""	""	""	""	""	""	""	""	""	""
2308	2018-03-14T00:00:00	20:03:00	SEM VÍTIMA	FINALIZADA	IMBIRIBEIRA	AV MARECHAL MASCARENHAS DE MORAES	""	""	EMBAIXO DO VIADUTO TANCREDO NEVES, SENT. SUBURBIO/ CIDADE	AV MARECHAL MASCARENHAS DE MORAES	""	EMBAIXO DO VIADUTO TANCREDO NEVES, SENT. SUBURBIO/ CIDADE	IMBIRIBEIRA		""	COLISÃO	ONIBUS E AUTO	1					1				0		""	""	""	""	""	""	""	""	""	""	""	""	""
2309	2018-03-14T00:00:00	20:17:00	SEM VÍTIMA	FINALIZADA	TAMARINEIRA	RUA NETO DE MENDONCA	25	""	EM FRENTE AO EDF. MAIA, PROX. AO PARQUE DA JAQUEIRA	RUA NETO DE MENDONCA	25	EM FRENTE AO EDF. MAIA, PROX. AO PARQUE DA JAQUEIRA	TAMARINEIRA		""	COLISÃO	DOIS AUTOS	2									0		""	""	""	""	""	""	""	""	""	""	""	""	""
2310	2018-03-14T00:00:00	21:47:00	SEM VÍTIMA	FINALIZADA	BOA VIAGEM	AV CONSELHEIRO AGUIAR	3645	""	APOS O BANCO ITAU	AV CONSELHEIRO AGUIAR	3645	APOS O BANCO ITAU	BOA VIAGEM		""	COLISÃO	DOIS AUTOS	2									0		""	""	""	""	""	""	""	""	""	""	""	""	""
2311	2018-03-15T00:00:00	""	COM VÍTIMA	FINALIZADA	IMBIRIBEIRA	AV MARECHAL MASCARENHAS DE MORAES	""	""	EM FRENTE A CAIXA ECONÔMICA DO AEROPORTO	AV MARECHAL MASCARENHAS DE MORAES	""	EM FRENTE A CAIXA ECONÔMICA DO AEROPORTO	IMBIRIBEIRA		""	COLISÃO	COLISÃO ENTRE AUTO E CARROÇA COM VÍTIMA	1								1	1		""	""	""	""	""	""	""	""	""	""	""	""	""
2312	2018-03-15T00:00:00	07:34:00	SEM VÍTIMA	CANCELADA	MADALENA	AV CAXANGA	""	""	SOBRE O TÚNEL DA ABOLIÇÃO, SENTIDO DERBY	AV CAXANGA	""	SOBRE O TÚNEL DA ABOLIÇÃO, SENTIDO DERBY	MADALENA		""	COLISÃO	SEM VÍTIMAS	1	1								0		""	""	""	""	""	""	""	""	""	""	""	""	""
2313	2018-03-15T00:00:00	07:41:00	SEM VÍTIMA	FINALIZADA	BOMBA DO HEMETÉRIO	RUA BOMBA DO HEMETERIO	662	""	PROX. A UNIVERSAL, EM FRENTE A DROGARIA POPULA	RUA BOMBA DO HEMETERIO	662	PROX. A UNIVERSAL, EM FRENTE A DROGARIA POPULA	BOMBA DO HEMETÉRIO		""	COLISÃO	COLISAO ENTRE DOIS AUTOS	2									0		""	""	""	""	""	""	""	""	""	""	""	""	""
2314	2018-03-15T00:00:00	08:13:00	SEM VÍTIMA	FINALIZADA	CAXANGÁ	AV CAXANGA	""	""	EM FRENTE AO HOSPITAL SANTA TEREZINHA, E O POSTO DISLUB, SENTIDO CENTRO	AV CAXANGA	""	EM FRENTE AO HOSPITAL SANTA TEREZINHA, E O POSTO DISLUB, SENTIDO CENTRO	CAXANGÁ		""	COLISÃO	DOIS AUTOS SV	2									0		""	""	""	""	""	""	""	""	""	""	""	""	""