_id	DATA	hora	natureza_acidente	situacao	bairro	endereco	numero	detalhe_endereco_acidente	complemento	endereco_cruzamento	numero_cruzamento	referencia_cruzamento	bairro_cruzamento	num_semaforo	sentido_via	tipo	descricao	auto	moto	ciclom	ciclista	pedestre	onibus	caminhao	viatura	outros	vitimas	vitimasfatais	acidente_verificado	tempo_clima	situacao_semaforo	sinalizacao	condicao_via	conservacao_via	ponto_controle	situacao_placa	velocidade_max_via	mao_direcao	divisao_via1	divisao_via2	divisao_via3
2450	2018-03-19T00:00:00	09:50:00	SEM VÍTIMA	FINALIZADA	BOA VISTA	AV MANOEL BORBA	""	""	PRAÇA MARCIEL PINHEIRO	AV MANOEL BORBA	""	PRAÇA MARCIEL PINHEIRO	BOA VISTA		""	CHOQUE	CARROÇA E VIATURA DA PM								1	1	0		""	""	""	""	""	""	""	""	""	""	""	""	""
2451	2018-03-19T00:00:00	10:49:00	SEM VÍTIMA	FINALIZADA	DOIS UNIDOS	AV HILDEBRANDO DE VASCONCELOS	""	""	TERMINAL DE DOIS UNIDOS	AV HILDEBRANDO DE VASCONCELOS	""	TERMINAL DE DOIS UNIDOS	DOIS UNIDOS		""	COLISÃO	MOTO E AUTO	1	1								0		""	""	""	""	""	""	""	""	""	""	""	""	""
2452	2018-03-19T00:00:00	11:02:00	COM VÍTIMA	FINALIZADA	AFOGADOS	RUA IMPERIAL	1600	""	DEFRONTE A JUCEPE	RUA IMPERIAL	1600	DEFRONTE A JUCEPE	AFOGADOS		""	COLISÃO	COLISÃO COM VITIMA	1						1			1		""	""	""	""	""	""	""	""	""	""	""	""	""
2453	2018-03-19T00:00:00	12:20:00	SEM VÍTIMA	FINALIZADA	AFLITOS	AV RUI BARBOSA	""	""	E/F A CASA DOS FRIOS	AV RUI BARBOSA	""	E/F A CASA DOS FRIOS	AFLITOS		""	COLISÃO	COLISAO DE ONIBUS E AUTO S/V	1					1				0		""	""	""	""	""	""	""	""	""	""	""	""	""
2454	2018-03-19T00:00:00	12:48:00	SEM VÍTIMA	FINALIZADA	IMBIRIBEIRA	AV MARECHAL MASCARENHAS DE MORAES	4815	""	EM FRENTE POSTO SHELL/ SENTIDO CIDADE	AV MARECHAL MASCARENHAS DE MORAES	4815	EM FRENTE POSTO SHELL/ SENTIDO CIDADE	IMBIRIBEIRA		""	COLISÃO	COLISÃO SEM VÍTIMA	2									0		""	""	""	""	""	""	""	""	""	""	""	""	""
2455	2018-03-19T00:00:00	13:41:00	SEM VÍTIMA	FINALIZADA	BOA VIAGEM	AV DOM JOAO VI	""	""	ANTES DO TUNEL/ SENTIDO SETUBAL	AV DOM JOAO VI	""	ANTES DO TUNEL/ SENTIDO SETUBAL	BOA VIAGEM		""	COLISÃO	COLISÃO SEM VÍTIMA	2									0		""	""	""	""	""	""	""	""	""	""	""	""	""
2456	2018-03-19T00:00:00	13:48:00	SEM VÍTIMA	FINALIZADA	ROSARINHO	RUA GENERAL ABREU E LIMA	65	""	PROX. A ACADEMIA LIFT	RUA GENERAL ABREU E LIMA	65	PROX. A ACADEMIA LIFT	ROSARINHO		""	ENGAVETAMENTO	TRES AUTOS	3									0		""	""	""	""	""	""	""	""	""	""	""	""	""
2457	2018-03-19T00:00:00	14:02:00	SEM VÍTIMA	FINALIZADA	PASSARINHO	EST DE PASSARINHO	22	""	PROX. A IGREJA ASSEMBLEIA DE DEUS	EST DE PASSARINHO	22	PROX. A IGREJA ASSEMBLEIA DE DEUS	PASSARINHO		""	COLISÃO	DOIS AUTOS	2									0		""	""	""	""	""	""	""	""	""	""	""	""	""
2458	2018-03-19T00:00:00	14:42:00	SEM VÍTIMA	FINALIZADA	IPSEP	AV GENERAL BENTO DA GAMA	102	""	AO LADO DO PIZZARIA ATLANTICO	AV GENERAL BENTO DA GAMA	102	AO LADO DO PIZZARIA ATLANTICO	IPSEP		""	COLISÃO	DOIS AUTOS	2									0		""	""	""	""	""	""	""	""	""	""	""	""	""
2459	2018-03-19T00:00:00	14:59:00	SEM VÍTIMA	FINALIZADA	BOA VISTA	AV CONDE DA BOA VISTA	1650	RUA DOM BOSCO	COM A RUA DOM BOSC, EM FRENTE A FACULDADE UNINTER	AV CONDE DA BOA VISTA	1650	COM A RUA DOM BOSC, EM FRENTE A FACULDADE UNINTER	BOA VISTA		""	COLISÃO	ONIBUS E AUTO	1					1				0		""	""	""	""	""	""	""	""	""	""	""	""	""
2460	2018-03-19T00:00:00	15:16:00	SEM VÍTIMA	FINALIZADA	AFLITOS	RUA DO FUTURO	141	""	EM FRENTE A CLINICA DIAGNOSTICO CARDIACO	RUA DO FUTURO	141	EM FRENTE A CLINICA DIAGNOSTICO CARDIACO	AFLITOS		""	COLISÃO	COLISÃO SEM VÍTIMA	2									0		""	""	""	""	""	""	""	""	""	""	""	""	""
2461	2018-03-19T00:00:00	15:29:00	SEM VÍTIMA	FINALIZADA	ILHA JOANA BEZERRA	AV MARTIN LUTHER KING	""	""	PROX. AO TRF	AV MARTIN LUTHER KING	""	PROX. AO TRF	ILHA JOANA BEZERRA		""	COLISÃO	CAMINHÃO E AUTO. INSP NO LOCAL	1						1			0		""	""	""	""	""	""	""	""	""	""	""	""	""
2462	2018-03-19T00:00:00	15:37:00	SEM VÍTIMA	EQUIPE EM DESLOCAMENTO	VÁRZEA	RUA ISAAC BURIL	""	""	PROX. AO INSTITUTO RICARDO BRENNAND	RUA ISAAC BURIL	""	PROX. AO INSTITUTO RICARDO BRENNAND	VÁRZEA		""	CHOQUE	CAMINHAO CHOCOU-SE COM POSTE E FIOS ESTÃO NA VIA							1			0		""	""	""	""	""	""	""	""	""	""	""	""	""
2463	2018-03-19T00:00:00	15:40:00	SEM VÍTIMA	FINALIZADA	BOA VIAGEM	RUA PEDRO BERGAMO	109	""	EM FRENTE AO EDIFICIO BENIDORM	RUA PEDRO BERGAMO	109	EM FRENTE AO EDIFICIO BENIDORM	BOA VIAGEM		""	COLISÃO	COLISÃO SEM VÍTIMA	2									0		""	""	""	""	""	""	""	""	""	""	""	""	""
2464	2018-03-19T00:00:00	16:55:00	SEM VÍTIMA	FINALIZADA	MADALENA	AV ENGENHEIRO ABDIAS DE CARVALHO	1671	""	AO LADO DO POSTO DE GASOLINA BR	AV ENGENHEIRO ABDIAS DE CARVALHO	1671	AO LADO DO POSTO DE GASOLINA BR	MADALENA		""	COLISÃO COM CICLISTA	AUTO E CICLISTA		1		1						0		""	""	""	""	""	""	""	""	""	""	""	""	""
2465	2018-03-19T00:00:00	17:05:00	SEM VÍTIMA	FINALIZADA	CASA FORTE	AV DEZESSETE DE AGOSTO	500	""	EM FRENTE AO EDF. GARAGEM DO SHOPPING PLAZA	AV DEZESSETE DE AGOSTO	500	EM FRENTE AO EDF. GARAGEM DO SHOPPING PLAZA	CASA FORTE		""	COLISÃO	DOIS AUTOS	1						1			0		""	""	""	""	""	""	""	""	""	""	""	""	""
2466	2018-03-19T00:00:00	17:25:00	SEM VÍTIMA	FINALIZADA	PORTO DA MADEIRA	RUA DALVA DE OLIVEIRA	105	""	AO LADO DO SENAI	RUA DALVA DE OLIVEIRA	105	AO LADO DO SENAI	PORTO DA MADEIRA		""	COLISÃO	COLISAO DE AUTO E CAMINHAO S/V	1						1			0		""	""	""	""	""	""	""	""	""	""	""	""	""
2467	2018-03-19T00:00:00	18:21:00	SEM VÍTIMA	CANCELADA	IPUTINGA	RUA CLAUDIO BROTHERHOOD	""	""	E/F A REPLUBICA DO PÃO E AO LADO DA AUTO ESPORTE	RUA CLAUDIO BROTHERHOOD	""	E/F A REPLUBICA DO PÃO E AO LADO DA AUTO ESPORTE	IPUTINGA		""	COLISÃO	ENTRE MOTO E AUTO. S/V	1	1								0		""	""	""	""	""	""	""	""	""	""	""	""	""
2468	2018-03-19T00:00:00	18:37:00	SEM VÍTIMA	FINALIZADA	CÓRREGO DO JENIPAPO	AV DA RECUPERACAO	14	""	PROX AO TERMINAL DO CÓRREGO DO JENIPAPO	AV DA RECUPERACAO	14	PROX AO TERMINAL DO CÓRREGO DO JENIPAPO	CÓRREGO DO JENIPAPO		""	COLISÃO	COLISÃO ENTRE ONIBUS E CARRO	1					1				0		""	""	""	""	""	""	""	""	""	""	""	""	""
2469	2018-03-19T00:00:00	18:44:00	SEM VÍTIMA	FINALIZADA	IMBIRIBEIRA	AV MARECHAL MASCARENHAS DE MORAES	""	""	E/F A LOJA GRILO SENTIDO AFOGADOS	AV MARECHAL MASCARENHAS DE MORAES	""	E/F A LOJA GRILO SENTIDO AFOGADOS	IMBIRIBEIRA		""	COLISÃO	COLISÃO ENTRE 2 CARROS E 1 MOTO	2	1								0		""	""	""	""	""	""	""	""	""	""	""	""	""
2470	2018-03-19T00:00:00	19:05:00	SEM VÍTIMA	CANCELADA	SANTO AMARO	AV CRUZ CABUGA	""	""	NA SAIDA DO SHOPPING TACARUNA / AO LADO DO PONTO DE TÁXI	AV CRUZ CABUGA	""	NA SAIDA DO SHOPPING TACARUNA / AO LADO DO PONTO DE TÁXI	SANTO AMARO		""	COLISÃO	ENTRE 2 AUTOS. S/V	2									0		""	""	""	""	""	""	""	""	""	""	""	""	""
2471	2018-03-19T00:00:00	19:12:00	SEM VÍTIMA	FINALIZADA	CAXANGÁ	RUA GENERAL POLIDORO	""	""	PROX. AO GOLF CLUB/ E/F AO POSTO SHEL	RUA GENERAL POLIDORO	""	PROX. AO GOLF CLUB/ E/F AO POSTO SHEL	CAXANGÁ		""	COLISÃO	COLISÃO ENTRE 2 CARROS	2									0		""	""	""	""	""	""	""	""	""	""	""	""	""
2472	2018-03-19T00:00:00	19:23:00	SEM VÍTIMA	FINALIZADA	ILHA DO LEITE	AV LINS PETIT	""	""	E/F AO HOSPITAL UNIMED E PRC CHORA MENINO / SEMÁFORO 151	AV LINS PETIT	""	E/F AO HOSPITAL UNIMED E PRC CHORA MENINO / SEMÁFORO 151	ILHA DO LEITE		""	COLISÃO	ENTRE 2 AUTOS. S/V	2									0		""	""	""	""	""	""	""	""	""	""	""	""	""
2473	2018-03-19T00:00:00	19:33:00	SEM VÍTIMA	FINALIZADA	IPSEP	RUA JEAN EMILE FAVRE	""	""	E/F A FACULDADE BOA VIAGEM	RUA JEAN EMILE FAVRE	""	E/F A FACULDADE BOA VIAGEM	IPSEP		""	COLISÃO	COLISÃO ENTRE ENTRE 4 VEICULOS	4									0		""	""	""	""	""	""	""	""	""	""	""	""	""
2474	2018-03-19T00:00:00	19:58:00	SEM VÍTIMA	CANCELADA	IMBIRIBEIRA	AV MARECHAL MASCARENHAS DE MORAES	""	""	MADEREIRA PORTA LARGA/ FERREIRA PINTO	AV MARECHAL MASCARENHAS DE MORAES	""	MADEREIRA PORTA LARGA/ FERREIRA PINTO	IMBIRIBEIRA		""	COLISÃO	COLISÃO ENTRE CARRO E ONIBUS	1					1				0		""	""	""	""	""	""	""	""	""	""	""	""	""
2475	2018-03-19T00:00:00	20:32:00	COM VÍTIMA	FINALIZADA	SANTO AMARO	AV CRUZ CABUGA	""	""	E/F AO SHOPPING TACARUNA E A FÁBRICA TACARUNA / SNT AGAMENON	AV CRUZ CABUGA	""	E/F AO SHOPPING TACARUNA E A FÁBRICA TACARUNA / SNT AGAMENON	SANTO AMARO		""	COLISÃO	ENTRE AUTO E MOTO. C/V	1	1								1		""	""	""	""	""	""	""	""	""	""	""	""	""
2476	2018-03-19T00:00:00	20:47:00	SEM VÍTIMA	FINALIZADA	BOA VIAGEM	RUA MARQUES DE VALENCA	387	""	AO LADO DA IGREJA NOSSA SENHORA DE FÁTIMA	RUA MARQUES DE VALENCA	387	AO LADO DA IGREJA NOSSA SENHORA DE FÁTIMA	BOA VIAGEM		""	COLISÃO	ENTRE 2 AUTOS. S/V	2									0		""	""	""	""	""	""	""	""	""	""	""	""	""
2477	2018-03-19T00:00:00	23:39:00	SEM VÍTIMA	FINALIZADA	SÃO JOSÉ	AV SUL	""	""	PROX A TORRE GEMEAS	AV SUL	""	PROX A TORRE GEMEAS	SÃO JOSÉ		""	COLISÃO	VIATURA DA POLÍCIA BATEU NO POSTE	1									0		""	""	""	""	""	""	""	""	""	""	""	""	""
2478	2018-03-20T00:00:00	06:18:00	SEM VÍTIMA	FINALIZADA	CAXANGÁ	AV CAXANGA	""	""	EM FRENTE A UPA SEMAFORO 281 / SENT SUB	AV CAXANGA	""	EM FRENTE A UPA SEMAFORO 281 / SENT SUB	CAXANGÁ		""	COLISÃO	ONIBUS E AUTO PASSEIO	1					1				0		""	""	""	""	""	""	""	""	""	""	""	""	""
2479	2018-03-20T00:00:00	06:57:00	SEM VÍTIMA	FINALIZADA	IMBIRIBEIRA	RUA JOSE DA SILVA LUCENA	""	""	COLEGIO GGE	RUA JOSE DA SILVA LUCENA	""	COLEGIO GGE	IMBIRIBEIRA		""	COLISÃO	COLISÃO SEM VÍTIMA	2									0		""	""	""	""	""	""	""	""	""	""	""	""	""
2480	2018-03-20T00:00:00	07:48:00	COM VÍTIMA	FINALIZADA	ESTÂNCIA	AV RECIFE	""	""	NA SUBIDA DO VIADUTRO ULISSES GUIMARÃES SENTIDO AEROPORTO- CEASA	AV RECIFE	""	NA SUBIDA DO VIADUTRO ULISSES GUIMARÃES SENTIDO AEROPORTO- CEASA	ESTÂNCIA		""	COLISÃO	COLISÃO E EM SEGUIDA O AUTO PASSEIO CAPOTOU	1						1			1		""	""	""	""	""	""	""	""	""	""	""	""	""
2481	2018-03-20T00:00:00	08:06:00	COM VÍTIMA	CANCELADA	MADALENA	AV ENGENHEIRO ABDIAS DE CARVALHO	""	""	JUNTO A BOBS	AV ENGENHEIRO ABDIAS DE CARVALHO	""	JUNTO A BOBS	MADALENA		""	COLISÃO	COLISÃO COM VITIMA, AUTO PASSEIO E MOTO	1	1								1		""	""	""	""	""	""	""	""	""	""	""	""	""
2482	2018-03-20T00:00:00	08:20:00	SEM VÍTIMA	FINALIZADA	AREIAS	AV DR JOSE RUFINO	""	""	PROX. A CRECHE MIGUEL ARRAES	AV DR JOSE RUFINO	""	PROX. A CRECHE MIGUEL ARRAES	AREIAS		""	COLISÃO	COLISÃO SEM VITIMAS	3									0		""	""	""	""	""	""	""	""	""	""	""	""	""
2483	2018-03-20T00:00:00	09:31:00	SEM VÍTIMA	FINALIZADA	BOA VIAGEM	RUA DOM JOSE LOPES	57	""	EM FRENTE AO RESTAURANTE BODE PARAIBANO	RUA DOM JOSE LOPES	57	EM FRENTE AO RESTAURANTE BODE PARAIBANO	BOA VIAGEM		""	COLISÃO	DOIS AUTOS	2									0		""	""	""	""	""	""	""	""	""	""	""	""	""
2484	2018-03-20T00:00:00	10:02:00	SEM VÍTIMA	FINALIZADA	AREIAS	RUA GENERAL FRANCISCO FIGUEIROA	212	""	EM FRENTE DA IGREJA PRESBITERIANA	RUA GENERAL FRANCISCO FIGUEIROA	212	EM FRENTE DA IGREJA PRESBITERIANA	AREIAS		""	COLISÃO	COL.S/V NO TERMIN AL DOS ÔNIBUS	1					1				0		""	""	""	""	""	""	""	""	""	""	""	""	""
2485	2018-03-20T00:00:00	10:05:00	SEM VÍTIMA	FINALIZADA	GRAÇAS	RUA DONA ANUNCIADA	231	""	E/F AO EDF ITALIA	RUA DONA ANUNCIADA	231	E/F AO EDF ITALIA	GRAÇAS		""	COLISÃO	SEM VÍTIMAS	2									0		""	""	""	""	""	""	""	""	""	""	""	""	""
2486	2018-03-20T00:00:00	10:17:00	SEM VÍTIMA	FINALIZADA	PINA	AV BOA VIAGEM	""	""	JUNTO A O POSTO BR, DEFRONTE AO RECIFE PRAIA HOTEL	AV BOA VIAGEM	""	JUNTO A O POSTO BR, DEFRONTE AO RECIFE PRAIA HOTEL	PINA		""	COLISÃO	COLISÃO SEM VITIMAS	2									0		""	""	""	""	""	""	""	""	""	""	""	""	""
2487	2018-03-20T00:00:00	10:38:00	SEM VÍTIMA	FINALIZADA	SANTO AMARO	AV JOAO DE BARROS	""	""	EM FRENTE A JIPE SENT OLINDA SEMAFORO / SEMAFORO 465	AV JOAO DE BARROS	""	EM FRENTE A JIPE SENT OLINDA SEMAFORO / SEMAFORO 465	SANTO AMARO		""	COLISÃO	DOIS AUTOS	2									0		""	""	""	""	""	""	""	""	""	""	""	""	""
2488	2018-03-20T00:00:00	11:11:00	COM VÍTIMA	FINALIZADA	MADALENA	AV CAXANGA	279	""	BANCO SANTANDER (SENTIDO SUBURBIO / CIDADE)	AV CAXANGA	279	BANCO SANTANDER (SENTIDO SUBURBIO / CIDADE)	MADALENA		""	ATROPELAMENTO	MOTO E PEDESTRE (SEGUNDO O ORIENTADOR AS VITIMAS SÃO O PEDESTRE E O PASSAGEIRO DA MOTOCICLETA)		1								2		""	""	""	""	""	""	""	""	""	""	""	""	""
2489	2018-03-20T00:00:00	11:41:00	SEM VÍTIMA	FINALIZADA	MADALENA	RUA REAL DA TORRE	884	""	EM FRENTE AO PESHOPT CÃES E GATOS	RUA REAL DA TORRE	884	EM FRENTE AO PESHOPT CÃES E GATOS	MADALENA		""	COLISÃO	COLISÃO SEM VÍTIMA	2									0		""	""	""	""	""	""	""	""	""	""	""	""	""
2490	2018-03-20T00:00:00	12:02:00	SEM VÍTIMA	FINALIZADA	BOA VISTA	AV CONDE DA BOA VISTA	""	""	E/F AO COPE S/T	AV CONDE DA BOA VISTA	""	E/F AO COPE S/T	BOA VISTA		""	COLISÃO	COLISAO DE ONIBUS E AUTO S/V	1					1				0		""	""	""	""	""	""	""	""	""	""	""	""	""
2491	2018-03-20T00:00:00	12:54:00	SEM VÍTIMA	FINALIZADA	ILHA DO LEITE	RUA GENERAL JOAQUIM INACIO	830	""	EM FRENTE AO RESTAURANTE SKILLUS	RUA GENERAL JOAQUIM INACIO	830	EM FRENTE AO RESTAURANTE SKILLUS	ILHA DO LEITE		""	COLISÃO	COLISÃO SEM VÍTIMA	3									0		""	""	""	""	""	""	""	""	""	""	""	""	""
2492	2018-03-20T00:00:00	13:13:00	SEM VÍTIMA	FINALIZADA	BOA VISTA	RUA ILDEFONSO LOPES	64	""	RESTAURANTE O VEGETARIANO	RUA ILDEFONSO LOPES	64	RESTAURANTE O VEGETARIANO	BOA VISTA		""	COLISÃO	COLISÃO SEM VITIMAS	2									0		""	""	""	""	""	""	""	""	""	""	""	""	""
2493	2018-03-20T00:00:00	13:40:00	SEM VÍTIMA	FINALIZADA	PAISSANDU	AV PORTUGAL	""	""	APOS O SÃO MARCOS, SENTIDO RECIFE	AV PORTUGAL	""	APOS O SÃO MARCOS, SENTIDO RECIFE	PAISSANDU		""	COLISÃO	COLISÃO SEM VITIMAS	2									0		""	""	""	""	""	""	""	""	""	""	""	""	""
2494	2018-03-20T00:00:00	14:42:00	SEM VÍTIMA	FINALIZADA	SAN MARTIN	RUA TENENTE MINDELO	110	""	PROX O GIRADOURO DE SAN MARTN S/T JARDIM SAO PAULO	RUA TENENTE MINDELO	110	PROX O GIRADOURO DE SAN MARTN S/T JARDIM SAO PAULO	SAN MARTIN		""	COLISÃO	COLISAO DE DOIS AUTOS S/V	2									0		""	""	""	""	""	""	""	""	""	""	""	""	""
2495	2018-03-20T00:00:00	15:21:00	COM VÍTIMA	FINALIZADA	CAXANGÁ	AV MARIO ALVARES PEREIRA DE LYRA	""	""	JUNTO A ACADEMIA DA CIDADE, SENTIDO AV. CAXANGA	AV MARIO ALVARES PEREIRA DE LYRA	""	JUNTO A ACADEMIA DA CIDADE, SENTIDO AV. CAXANGA	CAXANGÁ		""	COLISÃO	COLISÃO COM VITIMA, AUTO PASSEIO E MOTO	2									1		""	""	""	""	""	""	""	""	""	""	""	""	""
2496	2018-03-20T00:00:00	15:22:00	SEM VÍTIMA	FINALIZADA	BOA VIAGEM	RUA JOSE DA SILVA LUCENA	""	""	E/F AO COLEGIO GGE	RUA JOSE DA SILVA LUCENA	""	E/F AO COLEGIO GGE	BOA VIAGEM		""	COLISÃO	COLISAO DE DOIS AUTOS S/V VT 32 NO LOCAL	2									0		""	""	""	""	""	""	""	""	""	""	""	""	""
2497	2018-03-20T00:00:00	15:23:00	SEM VÍTIMA	FINALIZADA	ILHA DO LEITE	RUA GENERAL JOAQUIM INACIO	""	AV LINS PETIT	CRUZAMENTO COM A AV. LINS PETITI/ SEMÁFORO 653	RUA GENERAL JOAQUIM INACIO	""	CRUZAMENTO COM A AV. LINS PETITI/ SEMÁFORO 653	ILHA DO LEITE		""	COLISÃO	COLISÃO SEM VÍTIMA	2									0		""	""	""	""	""	""	""	""	""	""	""	""	""
2498	2018-03-20T00:00:00	15:57:00	SEM VÍTIMA	FINALIZADA	BOA VIAGEM	AV BOA VIAGEM	3610	""	EDIF. PORTO CANOAS	AV BOA VIAGEM	3610	EDIF. PORTO CANOAS	BOA VIAGEM		""	COLISÃO	COLISÃO SEM VITIMAS	2									0		""	""	""	""	""	""	""	""	""	""	""	""	""
2499	2018-03-20T00:00:00	15:51:00	SEM VÍTIMA	FINALIZADA	MADALENA	AV VISCONDE DE ALBUQUERQUE	500	""	VT 20 NO LOCAL	AV VISCONDE DE ALBUQUERQUE	500	VT 20 NO LOCAL	MADALENA		""	COLISÃO	COLISASO DE DOIS ONIBUS S/V						2				0		""	""	""	""	""	""	""	""	""	""	""	""	""
2500	2018-03-20T00:00:00	16:14:00	COM VÍTIMA	FINALIZADA	ENCRUZILHADA	AV NORTE	""	""	EM FRENTE AO BANCO DO BRASIL, SENTIDO SUBÚRBIO.	AV NORTE	""	EM FRENTE AO BANCO DO BRASIL, SENTIDO SUBÚRBIO.	ENCRUZILHADA		""	COLISÃO	COLISÃO AUTO E MOTO, COM VÍTIMA.	1	1								1		""	""	""	""	""	""	""	""	""	""	""	""	""
2501	2018-03-20T00:00:00	16:15:00	SEM VÍTIMA	FINALIZADA	SÃO JOSÉ	RUA IMPERIAL	""	TRV PADRE AZEVEDO	COM A TRAVESSA PADRE AZEVEDO NO SEMAFORO 511	RUA IMPERIAL	""	COM A TRAVESSA PADRE AZEVEDO NO SEMAFORO 511	SÃO JOSÉ		""	COLISÃO	COLISAO DE DOIS AUTOS S/V	2									0		""	""	""	""	""	""	""	""	""	""	""	""	""
2502	2018-03-20T00:00:00	16:34:00	SEM VÍTIMA	FINALIZADA	PARNAMIRIM	RUA JOSE DE GODOY VASCONCELOS	""	AV DEZESSETE DE AGOSTO	COM AV DEZESSETE DE AGOSTO E/F A CULTURA INGLESA E A PRAÇA VILELA	RUA JOSE DE GODOY VASCONCELOS	""	COM AV DEZESSETE DE AGOSTO E/F A CULTURA INGLESA E A PRAÇA VILELA	PARNAMIRIM		""	COLISÃO	COLISAO DE DOIS AUTOS S/V	2									0		""	""	""	""	""	""	""	""	""	""	""	""	""
2503	2018-03-20T00:00:00	16:52:00	SEM VÍTIMA	FINALIZADA	VÁRZEA	RUA EMILIANO BRAGA	""	""	NA FRENTE DA DROGASIL, JUNTO AO BOI NA BRASA	RUA EMILIANO BRAGA	""	NA FRENTE DA DROGASIL, JUNTO AO BOI NA BRASA	VÁRZEA		""	COLISÃO	COLISÃO SEM VITIMAS	1					1				0		""	""	""	""	""	""	""	""	""	""	""	""	""
2504	2018-03-20T00:00:00	17:13:00	SEM VÍTIMA	FINALIZADA	BOA VISTA	PTE PRINCESA IZABEL	""	""	EM CIMA DA PONTE	PTE PRINCESA IZABEL	""	EM CIMA DA PONTE	BOA VISTA		""	COLISÃO	COLISÃO SEM VÍTIMA	1					1	1			0		""	""	""	""	""	""	""	""	""	""	""	""	""
2505	2018-03-20T00:00:00	17:19:00	SEM VÍTIMA	FINALIZADA	ENGENHO DO MEIO	RUA GOVERNADOR LOPO GARRO	353	""	PROX. AO CLUB DA SUDENE	RUA GOVERNADOR LOPO GARRO	353	PROX. AO CLUB DA SUDENE	ENGENHO DO MEIO		""	COLISÃO	COLISÃO SEM VITIMAS	2									0		""	""	""	""	""	""	""	""	""	""	""	""	""
2506	2018-03-20T00:00:00	18:29:00	SEM VÍTIMA	CANCELADA	CAXANGÁ	AV PROFESSOR MORAES REGO	364	""	E/F AO POSTO PETROBRAS	AV PROFESSOR MORAES REGO	364	E/F AO POSTO PETROBRAS	CAXANGÁ		""	COLISÃO	COLISÃO ENTRE CAMINHÃO E CARRO	1						1			0		""	""	""	""	""	""	""	""	""	""	""	""	""
2507	2018-03-20T00:00:00	18:33:00	SEM VÍTIMA	FINALIZADA	DERBY	AV GOVERNADOR AGAMENON MAGALHAES	""	""	EM FRENTE AO CERPE, SENT. BOA VIAGEM	AV GOVERNADOR AGAMENON MAGALHAES	""	EM FRENTE AO CERPE, SENT. BOA VIAGEM	DERBY		""	COLISÃO	ONIBUS E AUTO	1					1				0		""	""	""	""	""	""	""	""	""	""	""	""	""
2508	2018-03-20T00:00:00	18:35:00	SEM VÍTIMA	CANCELADA	VÁRZEA	RUA VALE DO SIRIJI	""	""	E/F A ESCOLA MUNICIPAL PROF. JOÃO DE SOUZA	RUA VALE DO SIRIJI	""	E/F A ESCOLA MUNICIPAL PROF. JOÃO DE SOUZA	VÁRZEA		""	COLISÃO	ONIBUS E AUTO	1					1				0		""	""	""	""	""	""	""	""	""	""	""	""	""
2509	2018-03-20T00:00:00	18:41:00	SEM VÍTIMA	CANCELADA	CAXANGÁ	AV CAXANGA	""	""	PROX AO SINAL 274	AV CAXANGA	""	PROX AO SINAL 274	CAXANGÁ		""	COLISÃO	COLISÃO ENTRE 2 CARRO	2									0		""	""	""	""	""	""	""	""	""	""	""	""	""
2510	2018-03-20T00:00:00	19:04:00	SEM VÍTIMA	FINALIZADA	TEJIPIÓ	RUA FALCAO DE LACERDA	277	""	EM FRENTE A PADARIA AVENIDA	RUA FALCAO DE LACERDA	277	EM FRENTE A PADARIA AVENIDA	TEJIPIÓ		""	COLISÃO	DUAS MOTOS		2								0		""	""	""	""	""	""	""	""	""	""	""	""	""
2511	2018-03-20T00:00:00	22:00:00	SEM VÍTIMA	CANCELADA	BOA VIAGEM	RUA BALTAZAR PASSOS	""	RUA VISCONDE DE JEQUITINHONHA	COM A RUA VISCONDE DE JEQUITINHONHA, PROX. A PADARIA PAN JOVEM	RUA BALTAZAR PASSOS	""	COM A RUA VISCONDE DE JEQUITINHONHA, PROX. A PADARIA PAN JOVEM	BOA VIAGEM		""	COLISÃO	DOIS AUTOS	2									0		""	""	""	""	""	""	""	""	""	""	""	""	""
2512	2018-03-20T00:00:00	23:23:00	SEM VÍTIMA	FINALIZADA	CAMPO GRANDE	RUA PROFESSOR JERONIMO GUEIROS	205	""	PROX A COCA COLA	RUA PROFESSOR JERONIMO GUEIROS	205	PROX A COCA COLA	CAMPO GRANDE		""	COLISÃO	COLISÃO ENTRE 2 AUTOS	2									0		""	""	""	""	""	""	""	""	""	""	""	""	""
2513	2018-03-21T00:00:00	06:09:00	SEM VÍTIMA	FINALIZADA	IBURA	AV PERNAMBUCO	""	""	APOS A PRACINHA DA UR 01 EM FRENTE IGREJA PENTECOSTAL	AV PERNAMBUCO	""	APOS A PRACINHA DA UR 01 EM FRENTE IGREJA PENTECOSTAL	IBURA		""	COLISÃO	COLISÃO SEM VITIMAS	1					1				0		""	""	""	""	""	""	""	""	""	""	""	""	""
2514	2018-03-21T00:00:00	06:50:00	SEM VÍTIMA	FINALIZADA	ESPINHEIRO	RUA DO ESPINHEIRO	""	""	NO SEMAFORO Nº166	RUA DO ESPINHEIRO	""	NO SEMAFORO Nº166	ESPINHEIRO		""	COLISÃO	COL.S/V	1	2								0		""	""	""	""	""	""	""	""	""	""	""	""	""
2515	2018-03-21T00:00:00	06:50:00	SEM VÍTIMA	FINALIZADA	BOA VIAGEM	AV ARMINDO MOURA	""	""	EM BAIXO DO SEMAFORO 441 EM FRENTE A VILA DO SARGENTO DA AERONAUTICA	AV ARMINDO MOURA	""	EM BAIXO DO SEMAFORO 441 EM FRENTE A VILA DO SARGENTO DA AERONAUTICA	BOA VIAGEM		""	COLISÃO	COLISÃO SEM VITIMAS	2									0		""	""	""	""	""	""	""	""	""	""	""	""	""