_id	DATA	hora	natureza_acidente	situacao	bairro	endereco	numero	detalhe_endereco_acidente	complemento	endereco_cruzamento	numero_cruzamento	referencia_cruzamento	bairro_cruzamento	num_semaforo	sentido_via	tipo	descricao	auto	moto	ciclom	ciclista	pedestre	onibus	caminhao	viatura	outros	vitimas	vitimasfatais	acidente_verificado	tempo_clima	situacao_semaforo	sinalizacao	condicao_via	conservacao_via	ponto_controle	situacao_placa	velocidade_max_via	mao_direcao	divisao_via1	divisao_via2	divisao_via3
2516	2018-03-21T00:00:00	07:07:00	SEM VÍTIMA	FINALIZADA	AREIAS	AV RECIFE	""	""	SENT/BOA VIAGEM AO LADO DO MERCADINHO ECONOMICO,	AV RECIFE	""	SENT/BOA VIAGEM AO LADO DO MERCADINHO ECONOMICO,	AREIAS		""	COLISÃO	SEM VITIMAS	1	1								0		""	""	""	""	""	""	""	""	""	""	""	""	""
2517	2018-03-21T00:00:00	07:12:00	COM VÍTIMA	FINALIZADA	IMBIRIBEIRA	AV MARECHAL MASCARENHAS DE MORAES	""	""	SENTIDO CENTRO EM FRENTE A CONCESSIONARIA FORD	AV MARECHAL MASCARENHAS DE MORAES	""	SENTIDO CENTRO EM FRENTE A CONCESSIONARIA FORD	IMBIRIBEIRA		""	COLISÃO	COLISÃO COM VITIMA SOCORRIDA PELOS BOMBEIROS	2						1			1		""	""	""	""	""	""	""	""	""	""	""	""	""
2518	2018-03-21T00:00:00	07:28:00	SEM VÍTIMA	CANCELADA	IPUTINGA	RUA TERRA GRANDE	710	""	AO LADO DO DETRAN	RUA TERRA GRANDE	710	AO LADO DO DETRAN	IPUTINGA		""	COLISÃO	COLISÃO SEM VITIMA	2									0		""	""	""	""	""	""	""	""	""	""	""	""	""
2519	2018-03-21T00:00:00	07:48:00	SEM VÍTIMA	FINALIZADA	CORDEIRO	AV GENERAL SAN MARTIN	478	""	APOS O HOSPITAL GETULIO VARGAS EM FRENTE A SORVETERIA MUG	AV GENERAL SAN MARTIN	478	APOS O HOSPITAL GETULIO VARGAS EM FRENTE A SORVETERIA MUG	CORDEIRO		""	COLISÃO	COLISÃO SEM VITIMAS	1	1								0		""	""	""	""	""	""	""	""	""	""	""	""	""
2520	2018-03-21T00:00:00	07:58:00	SEM VÍTIMA	FINALIZADA	GRAÇAS	RUA DAS GRACAS	142	""	EM FRENTE AO EDF/TARUMÃ	RUA DAS GRACAS	142	EM FRENTE AO EDF/TARUMÃ	GRAÇAS		""	COLISÃO COM CICLISTA	COL.S/V	1									0		""	""	""	""	""	""	""	""	""	""	""	""	""
2521	2018-03-21T00:00:00	08:13:00	SEM VÍTIMA	FINALIZADA	CASA FORTE	RUA LAURINDO COELHO	""	""	NA RUA DA CONCESSIONARIA HYUNDAI EM FRENTE AO EDIFICIO ALAMEDA 17	RUA LAURINDO COELHO	""	NA RUA DA CONCESSIONARIA HYUNDAI EM FRENTE AO EDIFICIO ALAMEDA 17	CASA FORTE		""	COLISÃO	COLISÃO SEM VITIMAS	2									0		""	""	""	""	""	""	""	""	""	""	""	""	""
2522	2018-03-21T00:00:00	08:14:00	SEM VÍTIMA	FINALIZADA	MADALENA	RUA JOSE OSORIO	124	""	CECOSNE E PX SEMAFORO Nº 387	RUA JOSE OSORIO	124	CECOSNE E PX SEMAFORO Nº 387	MADALENA		""	COLISÃO	COL.S/V SET.MADALENA	2									0		""	""	""	""	""	""	""	""	""	""	""	""	""
2523	2018-03-21T00:00:00	08:25:00	SEM VÍTIMA	FINALIZADA	CABANGA	AV SUL	""	""	SENTIDO BOA VIAGEM EM BAIXO DO SEMAFORO 661 EM FRENTE A COMPESA	AV SUL	""	SENTIDO BOA VIAGEM EM BAIXO DO SEMAFORO 661 EM FRENTE A COMPESA	CABANGA		""	COLISÃO	COLISÃO SEM VITIMAS	1					1				0		""	""	""	""	""	""	""	""	""	""	""	""	""
2524	2018-03-21T00:00:00	09:18:00	COM VÍTIMA	FINALIZADA	VÁRZEA	RUA RIBEIRO PESSOA	""	RUA JOAQUIM RIBEIRO	CRUZAMENTO COM RUA JOAQUIM RIBEIRO	RUA RIBEIRO PESSOA	""	CRUZAMENTO COM RUA JOAQUIM RIBEIRO	VÁRZEA		""	COLISÃO	COLISÃO ENTRE AUTO E MOTOCICLETA COM VÍTIMA	1	1								1		""	""	""	""	""	""	""	""	""	""	""	""	""
2525	2018-03-21T00:00:00	10:22:00	SEM VÍTIMA	FINALIZADA	CAMPO GRANDE	RUA OLIVEIRA FONSECA	""	""	PROX AO COLEGIO MARIO MELO EM FRENTE AO EDIFICIO KARINA	RUA OLIVEIRA FONSECA	""	PROX AO COLEGIO MARIO MELO EM FRENTE AO EDIFICIO KARINA	CAMPO GRANDE		""	COLISÃO	COLISÃO SEM VITIMAS	2									0		""	""	""	""	""	""	""	""	""	""	""	""	""
2526	2018-03-21T00:00:00	10:22:00	SEM VÍTIMA	FINALIZADA	IMBIRIBEIRA	RUA DOS TIJOLOS	4505	""	EM FRENTE AO POSTO DE MOLA SÃO JOSE	RUA DOS TIJOLOS	4505	EM FRENTE AO POSTO DE MOLA SÃO JOSE	IMBIRIBEIRA		""	COLISÃO	COL.S/V,SET CD	2									0		""	""	""	""	""	""	""	""	""	""	""	""	""
2527	2018-03-21T00:00:00	10:23:00	SEM VÍTIMA	FINALIZADA	BOA VIAGEM	AV CONSELHEIRO AGUIAR	4368	""	PROX. A HABIBIS	AV CONSELHEIRO AGUIAR	4368	PROX. A HABIBIS	BOA VIAGEM		""	COLISÃO	COLISÃO SEM VITIMAS	2									0		""	""	""	""	""	""	""	""	""	""	""	""	""
2528	2018-03-21T00:00:00	10:33:00	SEM VÍTIMA	FINALIZADA	JORDÃO	AV MARIA IRENE	""	""	EM FRENTE A BASE AREA	AV MARIA IRENE	""	EM FRENTE A BASE AREA	JORDÃO		""	COLISÃO	COLISÃO SEM VITIMAS	2									0		""	""	""	""	""	""	""	""	""	""	""	""	""
2529	2018-03-21T00:00:00	10:38:00	SEM VÍTIMA	FINALIZADA	DERBY	AV GOVERNADOR AGAMENON MAGALHAES	""	""	EM FRENTE AO CLUBE PORTUGUES,SENT/BOA VIAGEM	AV GOVERNADOR AGAMENON MAGALHAES	""	EM FRENTE AO CLUBE PORTUGUES,SENT/BOA VIAGEM	DERBY		""	COLISÃO	SEM VITIMAS						2				0		""	""	""	""	""	""	""	""	""	""	""	""	""
2530	2018-03-21T00:00:00	10:52:00	COM VÍTIMA	FINALIZADA	ENGENHO DO MEIO	RUA PADRE RODRIGUES CAMPELO	100	""	EM FRENTE A A REVENDEDORA BEBA AGUA	RUA PADRE RODRIGUES CAMPELO	100	EM FRENTE A A REVENDEDORA BEBA AGUA	ENGENHO DO MEIO		""	COLISÃO	COLISÃO COM VITIMA SAMU	1	1								1		""	""	""	""	""	""	""	""	""	""	""	""	""
2531	2018-03-21T00:00:00	10:54:00	SEM VÍTIMA	FINALIZADA	BOA VISTA	AV ENGENHEIRO AGAMENON DE MAGALHAES MELO	""	""	AO LADO DO WALMART- PARQUE AMORIM	AV ENGENHEIRO AGAMENON DE MAGALHAES MELO	""	AO LADO DO WALMART- PARQUE AMORIM	BOA VISTA		""	CHOQUE	CHOQUE COM POSTE	1									0		""	""	""	""	""	""	""	""	""	""	""	""	""
2532	2018-03-21T00:00:00	11:00:00	SEM VÍTIMA	FINALIZADA	IMBIRIBEIRA	AV MARECHAL MASCARENHAS DE MORAES	""	""	EM FRENTE DO AERPORTO	AV MARECHAL MASCARENHAS DE MORAES	""	EM FRENTE DO AERPORTO	IMBIRIBEIRA		""	COLISÃO	COL.S/V,SET CD	1						1			0		""	""	""	""	""	""	""	""	""	""	""	""	""
2533	2018-03-21T00:00:00	11:23:00	SEM VÍTIMA	FINALIZADA	IPUTINGA	RUA MAURICIO DE NASSAU	53 B	""	PROX AO PARQUE DO CAIARA	RUA MAURICIO DE NASSAU	""	PROX AO PARQUE DO CAIARA	IPUTINGA		""	COLISÃO	COLISÃO SEM VITIMAS	3									0		""	""	""	""	""	""	""	""	""	""	""	""	""
2534	2018-03-21T00:00:00	12:46:00	SEM VÍTIMA	EQUIPE EM DESLOCAMENTO	BOA VIAGEM	RUA FELIX DE BRITO E MELO	""	AV FERNANDO SIMOES BARBOSA	COM RUA FERNANDO SIMOES BARBOSA E/F AO WALMART	RUA FELIX DE BRITO E MELO	""	COM RUA FERNANDO SIMOES BARBOSA E/F AO WALMART	BOA VIAGEM		""	COLISÃO	COLISAO DE DOIS AUTOS S/V BATEDOR DA MOTO 14 NO LOCAL	2									0		""	""	""	""	""	""	""	""	""	""	""	""	""
2535	2018-03-21T00:00:00	12:55:00	SEM VÍTIMA	FINALIZADA	CAMPO GRANDE	EST DE BELEM	1211	""	EM FRENTE AO POSTO IPIRANGA	EST DE BELEM	1211	EM FRENTE AO POSTO IPIRANGA	CAMPO GRANDE		""	COLISÃO	COLISÃO SEM VITIMAS	2									0		""	""	""	""	""	""	""	""	""	""	""	""	""
2536	2018-03-21T00:00:00	12:59:00	SEM VÍTIMA	FINALIZADA	BOA VISTA	RUA GERVASIO PIRES	""	""	""	RUA GERVASIO PIRES	""	""	BOA VISTA		""	COLISÃO	COLISÃO SEM VITIMAS	1	1								0		""	""	""	""	""	""	""	""	""	""	""	""	""
2537	2018-03-21T00:00:00	13:02:00	SEM VÍTIMA	FINALIZADA	BOA VIAGEM	RUA JOSE ADERVAL CHAVES	230	""	PROX. AO EXTRA, POR TRAS DO COLEGIO NUCLEO	RUA JOSE ADERVAL CHAVES	230	PROX. AO EXTRA, POR TRAS DO COLEGIO NUCLEO	BOA VIAGEM		""	COLISÃO	AUTO E MOTO	1	1								0		""	""	""	""	""	""	""	""	""	""	""	""	""
2538	2018-03-21T00:00:00	13:24:00	COM VÍTIMA	FINALIZADA	BOA VIAGEM	AV DES JOSE NEVES	90	""	ANTES DO POSTO IPIRANGA, SENTIDO SUB/CENTRO	AV DES JOSE NEVES	90	ANTES DO POSTO IPIRANGA, SENTIDO SUB/CENTRO	BOA VIAGEM		""	COLISÃO COM CICLISTA	MOTO E CICLISTA		1		1						1		""	""	""	""	""	""	""	""	""	""	""	""	""
2539	2018-03-21T00:00:00	13:35:00	SEM VÍTIMA	EQUIPE EM DESLOCAMENTO	BOA VIAGEM	RUA DES JOAO PAES	1000	""	PROX AO CLUB SOCIETY	RUA DES JOAO PAES	1000	PROX AO CLUB SOCIETY	BOA VIAGEM		""	COLISÃO	COLISAO DE DOIS AUTOS S/V	2									0		""	""	""	""	""	""	""	""	""	""	""	""	""
2540	2018-03-21T00:00:00	13:48:00	SEM VÍTIMA	FINALIZADA	PARNAMIRIM	EST DO ENCANAMENTO	200	""	ESQUINA DA DROGASIL E/F AO EDF UBAIAS PRINCE	EST DO ENCANAMENTO	200	ESQUINA DA DROGASIL E/F AO EDF UBAIAS PRINCE	PARNAMIRIM		""	COLISÃO	COLISAO DE DOIS AUTOS S/V	2									0		""	""	""	""	""	""	""	""	""	""	""	""	""
2541	2018-03-21T00:00:00	13:50:00	SEM VÍTIMA	EQUIPE EM DESLOCAMENTO	ESPINHEIRO	RUA QUARENTA E OITO	""	""	EM FRENTE A FARMACIA PAGUE MENOS	RUA QUARENTA E OITO	""	EM FRENTE A FARMACIA PAGUE MENOS	ESPINHEIRO		""	COLISÃO	COLISÃO SEM VITIMAS	3									0		""	""	""	""	""	""	""	""	""	""	""	""	""
2542	2018-03-21T00:00:00	14:11:00	SEM VÍTIMA	CANCELADA	BOA VISTA	AV GOVERNADOR AGAMENON MAGALHAES	""	""	""	AV GOVERNADOR AGAMENON MAGALHAES	""	""	BOA VISTA		""	COLISÃO	COLISÃO ENTRE DOIS AUTOS SEM VÍTIMAS	2									0		""	""	""	""	""	""	""	""	""	""	""	""	""
2543	2018-03-21T00:00:00	14:12:00	SEM VÍTIMA	FINALIZADA	TORRE	RUA CONDE DE IRAJA	""	""	NA PONTE DA TORRE	RUA CONDE DE IRAJA	""	NA PONTE DA TORRE	TORRE		""	COLISÃO	COLISAO DE TRES AUTOS S/V	3									0		""	""	""	""	""	""	""	""	""	""	""	""	""
2544	2018-03-21T00:00:00	14:23:00	SEM VÍTIMA	EQUIPE EM DESLOCAMENTO	CASA AMARELA	COR DO BARTOLOMEU	95	""	E/F A PADARIA ANDREA	COR DO BARTOLOMEU	95	E/F A PADARIA ANDREA	CASA AMARELA		""	COLISÃO	COLISAO DE DOIS AAUTOS S/V	2									0		""	""	""	""	""	""	""	""	""	""	""	""	""
2545	2018-03-21T00:00:00	14:51:00	COM VÍTIMA	EQUIPE EM DESLOCAMENTO	BOA VIAGEM	RUA TENENTE JOAO CICERO	486	""	EM FRENTE A ACADEMIA CORPO LIVRE	RUA TENENTE JOAO CICERO	486	EM FRENTE A ACADEMIA CORPO LIVRE	BOA VIAGEM		""	COLISÃO	COLISÃO COM VÍTIMA	1	1								1		""	""	""	""	""	""	""	""	""	""	""	""	""
2546	2018-03-21T00:00:00	14:57:00	SEM VÍTIMA	EQUIPE EM DESLOCAMENTO	SANTO AMARO	RUA MACIEL MONTEIRO	""	""	ESQUINA DO MERCADO PUBLICO DE SANTO AMARO	RUA MACIEL MONTEIRO	""	ESQUINA DO MERCADO PUBLICO DE SANTO AMARO	SANTO AMARO		""	COLISÃO	AUTO E CAMINHAO	1						1			0		""	""	""	""	""	""	""	""	""	""	""	""	""
2547	2018-03-21T00:00:00	15:00:00	SEM VÍTIMA	EQUIPE EM DESLOCAMENTO	APIPUCOS	RUA MANDACARU	485	""	NA SUBIDA DO ALTO DO MANDU	RUA MANDACARU	485	NA SUBIDA DO ALTO DO MANDU	APIPUCOS		""	COLISÃO	COLISAO DE DOIS AUTOS S/V	2									0		""	""	""	""	""	""	""	""	""	""	""	""	""
2548	2018-03-21T00:00:00	15:04:00	COM VÍTIMA	EQUIPE EM DESLOCAMENTO	IMBIRIBEIRA	RUA ARQUITETO LUIZ NUNES	""	AV PINHEIROS	CRUZAMENTO COM A AV. PINHEIROS/ SEMÁFORO 537	RUA ARQUITETO LUIZ NUNES	""	CRUZAMENTO COM A AV. PINHEIROS/ SEMÁFORO 537	IMBIRIBEIRA		""	COLISÃO	COLISÃO COM VÍTIMA	1	1								1		""	""	""	""	""	""	""	""	""	""	""	""	""
2549	2018-03-21T00:00:00	15:42:00	SEM VÍTIMA	FINALIZADA	CAXANGÁ	AV CAXANGA	""	""	EM BAIXO DO VIADUTO NO SEMAFORO 008	AV CAXANGA	""	EM BAIXO DO VIADUTO NO SEMAFORO 008	CAXANGÁ		""	COLISÃO	COLISAO DE DOIS AUTOS S/V	2									0		""	""	""	""	""	""	""	""	""	""	""	""	""
2550	2018-03-21T00:00:00	19:32:00	SEM VÍTIMA	FINALIZADA	CASA AMARELA	RUA DA HARMONIA	""	""	NO SEMAFORO 074	RUA DA HARMONIA	""	NO SEMAFORO 074	CASA AMARELA		""	COLISÃO	DOIS AUTOS	2									0		""	""	""	""	""	""	""	""	""	""	""	""	""
2551	2018-03-21T00:00:00	19:35:00	SEM VÍTIMA	FINALIZADA	DERBY	AV GOVERNADOR AGAMENON MAGALHAES	""	""	EM FRENTE AO MEMORIAL SAO JOSE SENT. OLINDA	AV GOVERNADOR AGAMENON MAGALHAES	""	EM FRENTE AO MEMORIAL SAO JOSE SENT. OLINDA	DERBY		""	COLISÃO	DOIS AUTOS	2									0		""	""	""	""	""	""	""	""	""	""	""	""	""
2552	2018-03-21T00:00:00	20:24:00	SEM VÍTIMA	FINALIZADA	AREIAS	AV DR JOSE RUFINO	""	""	E/F AO 4º BATALHÃO/ APÓS O VIADUTO DO BARRO	AV DR JOSE RUFINO	""	E/F AO 4º BATALHÃO/ APÓS O VIADUTO DO BARRO	AREIAS		""	COLISÃO	COLISÃO 1 AUTO E 1 ÔNIBUS	1					1				0		""	""	""	""	""	""	""	""	""	""	""	""	""
2553	2018-03-21T00:00:00	20:29:00	SEM VÍTIMA	FINALIZADA	BOA VIAGEM	AV BOA VIAGEM	5152	RUA AQUIDABA	ED. CORONADO NA ESQUINA DA RUA AQUIDABÃ	AV BOA VIAGEM	5152	ED. CORONADO NA ESQUINA DA RUA AQUIDABÃ	BOA VIAGEM		""	COLISÃO	COLISÃO 2 AUTOS	2									0		""	""	""	""	""	""	""	""	""	""	""	""	""
2554	2018-03-23T00:00:00	08:43:00	COM VÍTIMA	FINALIZADA	DOIS IRMÃOS	RUA DOIS IRMAOS	""	""	SENMÁFORO 416	RUA DOIS IRMAOS	""	SENMÁFORO 416	DOIS IRMÃOS		""	COLISÃO	""	1	1								1		""	""	""	""	""	""	""	""	""	""	""	""	""
2555	2018-03-22T00:00:00	06:45:00	SEM VÍTIMA	CANCELADA	VÁRZEA	AV AFONSO OLINDENSE	661	""	AO LADO DO COLEGIO SUPLETIVO	AV AFONSO OLINDENSE	661	AO LADO DO COLEGIO SUPLETIVO	VÁRZEA		""	COLISÃO	SEM VITIMAS	2									0		""	""	""	""	""	""	""	""	""	""	""	""	""
2556	2018-03-22T00:00:00	07:47:00	SEM VÍTIMA	FINALIZADA	DERBY	RUA HENRIQUE DIAS	""	""	EM FRENTE AO COLEGIO DA POLICIA MILITAR	RUA HENRIQUE DIAS	""	EM FRENTE AO COLEGIO DA POLICIA MILITAR	DERBY		""	COLISÃO	DOIS AUTOS	2									0		""	""	""	""	""	""	""	""	""	""	""	""	""
2557	2018-03-22T00:00:00	08:50:00	SEM VÍTIMA	FINALIZADA	MADALENA	AV JOSE GONCALVES DE MEDEIROS	336	""	AO LADO DO POSTO IPIRANGA	AV JOSE GONCALVES DE MEDEIROS	336	AO LADO DO POSTO IPIRANGA	MADALENA		""	COLISÃO	COL.S/V ,SET.SUB	2									0		""	""	""	""	""	""	""	""	""	""	""	""	""
2558	2018-03-22T00:00:00	08:52:00	SEM VÍTIMA	FINALIZADA	SANTO AMARO	AV CRUZ CABUGA	""	""	EM FRENTE DA COMPESA,SENT/CIDADE	AV CRUZ CABUGA	""	EM FRENTE DA COMPESA,SENT/CIDADE	SANTO AMARO		""	COLISÃO	SEM VITIMAS	1					1				0		""	""	""	""	""	""	""	""	""	""	""	""	""
2559	2018-03-22T00:00:00	08:57:00	SEM VÍTIMA	FINALIZADA	DERBY	AV GOVERNADOR AGAMENON MAGALHAES	""	""	SENTIDO BOA VIAGEM,EM FRENTE AO RESTAURANTE SPETTUS	AV GOVERNADOR AGAMENON MAGALHAES	""	SENTIDO BOA VIAGEM,EM FRENTE AO RESTAURANTE SPETTUS	DERBY		""	COLISÃO	SEM VITIMAS	1					1				0		""	""	""	""	""	""	""	""	""	""	""	""	""
2560	2018-03-22T00:00:00	09:28:00	COM VÍTIMA	FINALIZADA	CAMPO GRANDE	RUA FRANKLIN TAVORA	""	RUA JERONIMO VILELA	CRUZAMENTO COM A RUA JERONIMO VILELA,SEMAFORO 282	RUA FRANKLIN TAVORA	""	CRUZAMENTO COM A RUA JERONIMO VILELA,SEMAFORO 282	CAMPO GRANDE		""	COLISÃO	COM UMA VITIMA,AGUARDANDO SAMU	1	1								1		""	""	""	""	""	""	""	""	""	""	""	""	""
2561	2018-03-22T00:00:00	09:36:00	SEM VÍTIMA	FINALIZADA	IMBIRIBEIRA	AV SUL	279	""	DENTRO DA ESTAÇAO TANCREDO NEVES	AV SUL	279	DENTRO DA ESTAÇAO TANCREDO NEVES	IMBIRIBEIRA		""	COLISÃO	ONIBUS E AUTO	1					1				0		""	""	""	""	""	""	""	""	""	""	""	""	""
2562	2018-03-22T00:00:00	09:45:00	SEM VÍTIMA	FINALIZADA	SÃO JOSÉ	AV DOM PEDRO I - IMPERADOR	""	""	POR TRAS DO FORO THOMÁZ DE AQUINO	AV DOM PEDRO I - IMPERADOR	""	POR TRAS DO FORO THOMÁZ DE AQUINO	SÃO JOSÉ		""	COLISÃO	COL.S/V	1						1			0		""	""	""	""	""	""	""	""	""	""	""	""	""
2563	2018-03-22T00:00:00	10:16:00	SEM VÍTIMA	FINALIZADA	CASA AMARELA	EST DO ARRAIAL	""	""	SOB O SEMAFORO 074	EST DO ARRAIAL	""	SOB O SEMAFORO 074	CASA AMARELA		""	COLISÃO	""										0		""	""	""	""	""	""	""	""	""	""	""	""	""
2564	2018-03-22T00:00:00	10:27:00	SEM VÍTIMA	FINALIZADA	TORRÕES	AV ENGENHEIRO ABDIAS DE CARVALHO	1886	""	EM FRENTE DA OFICINA VITORINO ALVES	AV ENGENHEIRO ABDIAS DE CARVALHO	1886	EM FRENTE DA OFICINA VITORINO ALVES	TORRÕES		""	COLISÃO	COL.S/V SET.SUB	2									0		""	""	""	""	""	""	""	""	""	""	""	""	""
2565	2018-03-22T00:00:00	10:58:00	SEM VÍTIMA	FINALIZADA	CAMPO GRANDE	EST DE BELEM	""	""	NA FRENTE DA ESCOLA NOBREGA	EST DE BELEM	""	NA FRENTE DA ESCOLA NOBREGA	CAMPO GRANDE		""	COLISÃO	COLISÃO SEM VITIMA	2									0		""	""	""	""	""	""	""	""	""	""	""	""	""
2566	2018-03-22T00:00:00	11:46:00	SEM VÍTIMA	FINALIZADA	BOA VIAGEM	AV ENGENHEIRO DOMINGOS FERREIRA	""	""	NA FRENTE AO LAÇA BURGUE	AV ENGENHEIRO DOMINGOS FERREIRA	""	NA FRENTE AO LAÇA BURGUE	BOA VIAGEM		""	COLISÃO	COLISÃO SEM VITIMA.	2									0		""	""	""	""	""	""	""	""	""	""	""	""	""
2567	2018-03-22T00:00:00	12:29:00	COM VÍTIMA	FINALIZADA	PINA	AV ENGENHEIRO DOMINGOS FERREIRA	""	""	APOS A IGREJINHA NA CURVA E/F AO ARMAZEM BEIRA MAR	AV ENGENHEIRO DOMINGOS FERREIRA	""	APOS A IGREJINHA NA CURVA E/F AO ARMAZEM BEIRA MAR	PINA		""	ATROPELAMENTO	VEICULO ATROPELOU UMA VITIMA	1									1		""	""	""	""	""	""	""	""	""	""	""	""	""
2568	2018-03-22T00:00:00	13:30:00	SEM VÍTIMA	FINALIZADA	DERBY	RUA HENRIQUE DIAS	609	""	EM A FUNDAÇÃO JOAQUIM NABUCO	RUA HENRIQUE DIAS	609	EM A FUNDAÇÃO JOAQUIM NABUCO	DERBY		""	COLISÃO	COLISÃO SEM VÍTIMA	3									0		""	""	""	""	""	""	""	""	""	""	""	""	""
2569	2018-03-22T00:00:00	13:51:00	SEM VÍTIMA	FINALIZADA	SÃO JOSÉ	RUA DA PRAIA	""	""	ANTES DO ATACADO DOS PRESENTES E/F AO ARMAZEM CORAL	RUA DA PRAIA	""	ANTES DO ATACADO DOS PRESENTES E/F AO ARMAZEM CORAL	SÃO JOSÉ		""	COLISÃO	COLISAO DE DEOIS AUTOS S/V	2									0		""	""	""	""	""	""	""	""	""	""	""	""	""
2570	2018-03-22T00:00:00	14:01:00	COM VÍTIMA	FINALIZADA	SANTO AMARO	AV GOVERNADOR AGAMENON MAGALHAES	""	""	PRÓXIMO À UPE, SENTIDO BOA VIAGEM	AV GOVERNADOR AGAMENON MAGALHAES	""	PRÓXIMO À UPE, SENTIDO BOA VIAGEM	SANTO AMARO		""	ACID. DE PERCURSO	""		1								1		""	""	""	""	""	""	""	""	""	""	""	""	""
2571	2018-03-22T00:00:00	14:35:00	SEM VÍTIMA	FINALIZADA	SANTO AMARO	RUA ODORICO MENDES	""	AV GOV AGAMENON MAGALHAES	COM AV AGAMENON NO SEMAFORO 049	RUA ODORICO MENDES	""	COM AV AGAMENON NO SEMAFORO 049	SANTO AMARO		""	COLISÃO	COLISAO DE DOIS AUTOS S/V	2									0		""	""	""	""	""	""	""	""	""	""	""	""	""
2572	2018-03-22T00:00:00	14:52:00	COM VÍTIMA	FINALIZADA	MADALENA	AV BEIRA RIO	879	RUA JANUARIO BARBOSA	COM A RUA JANUARIO BARBOSA E/F AO EDF QUATRO ESTAÇOES	AV BEIRA RIO	879	COM A RUA JANUARIO BARBOSA E/F AO EDF QUATRO ESTAÇOES	MADALENA		""	COLISÃO	COLISAO DE AUTO E MOTO COM DUAS VITIMAS	1	1								2		""	""	""	""	""	""	""	""	""	""	""	""	""
2573	2018-03-22T00:00:00	15:29:00	SEM VÍTIMA	FINALIZADA	AFOGADOS	AV SUL	""	""	E/F AO TERMINAL INTEGRADO DO LARGO DA PAZ	AV SUL	""	E/F AO TERMINAL INTEGRADO DO LARGO DA PAZ	AFOGADOS		""	COLISÃO	COLISAO DE DOIS AUTOS S/V	2									0		""	""	""	""	""	""	""	""	""	""	""	""	""
2574	2018-03-22T00:00:00	15:30:00	SEM VÍTIMA	FINALIZADA	IMBIRIBEIRA	RUA JOSE DA SILVA LUCENA	273	""	EM FRENTE A LACOMEX	RUA JOSE DA SILVA LUCENA	273	EM FRENTE A LACOMEX	IMBIRIBEIRA		""	COLISÃO	COLISÃO SEM VÍTIMA	2									0		""	""	""	""	""	""	""	""	""	""	""	""	""
2575	2018-03-22T00:00:00	15:48:00	SEM VÍTIMA	FINALIZADA	SANTO AMARO	RUA AURORA	547	""	E/F A DELEGACIA DA POLICIA CIVIL	RUA AURORA	547	E/F A DELEGACIA DA POLICIA CIVIL	SANTO AMARO		""	COLISÃO	COLISAO DE DOIS AUTOS S/V	2									0		""	""	""	""	""	""	""	""	""	""	""	""	""
2576	2018-03-22T00:00:00	16:58:00	SEM VÍTIMA	FINALIZADA	CASA AMARELA	RUA DES GOIS CAVALCANTE	""	""	EM FRENTE AO HOSPITAL AGAMENON MAGALHÃES	RUA DES GOIS CAVALCANTE	""	EM FRENTE AO HOSPITAL AGAMENON MAGALHÃES	CASA AMARELA		""	COLISÃO	COLISÃO SEM VÍTIMA	1					1				0		""	""	""	""	""	""	""	""	""	""	""	""	""
2577	2018-03-22T00:00:00	17:54:00	COM VÍTIMA	FINALIZADA	BOA VIAGEM	AV DES JOSE NEVES	""	""	PROX AO RESTAURANTE CANGAÇO E POSTO IPIRANGA / SNT CENTRO, ANTES DO TUNEL	AV DES JOSE NEVES	""	PROX AO RESTAURANTE CANGAÇO E POSTO IPIRANGA / SNT CENTRO, ANTES DO TUNEL	BOA VIAGEM		""	COLISÃO	ENTRE MOTO E AUTO. C/V	1	1								1		""	""	""	""	""	""	""	""	""	""	""	""	""
2578	2018-03-22T00:00:00	18:23:00	SEM VÍTIMA	EQUIPE NO LOCAL	ILHA DO RETIRO	RUA SPORT CLUBE DO RECIFE	""	""	E/F AO CAMPO DO SPORT - AGENTE DE TRÃNSITO NO LOCAL ( GM ROBERTO JUNIOR )	RUA SPORT CLUBE DO RECIFE	""	E/F AO CAMPO DO SPORT - AGENTE DE TRÃNSITO NO LOCAL ( GM ROBERTO JUNIOR )	ILHA DO RETIRO		""	COLISÃO	ENTRE AUTO E CAMINHÃO. S/V	1						1			0		""	""	""	""	""	""	""	""	""	""	""	""	""
2579	2018-03-22T00:00:00	18:38:00	SEM VÍTIMA	FINALIZADA	BEBERIBE	AV BEBERIBE	394	""	FACULDADE SÃO MIGUEL	AV BEBERIBE	394	FACULDADE SÃO MIGUEL	BEBERIBE		""	COLISÃO	COLISÃO SEM VÍTIMA	3									0		""	""	""	""	""	""	""	""	""	""	""	""	""
2580	2018-03-22T00:00:00	18:39:00	SEM VÍTIMA	FINALIZADA	CAMPO GRANDE	RUA ODORICO MENDES	""	""	CRUZANDO A AV AGEMENON, NA RUA DO CLUBE DAZ PAZ / E/F AO FERRO VELHO E ECO ESTAÇÃO AGAMENON	RUA ODORICO MENDES	""	CRUZANDO A AV AGEMENON, NA RUA DO CLUBE DAZ PAZ / E/F AO FERRO VELHO E ECO ESTAÇÃO AGAMENON	CAMPO GRANDE		""	COLISÃO	ENTRE 2 AUTOS. S/V	2									0		""	""	""	""	""	""	""	""	""	""	""	""	""
2581	2018-03-22T00:00:00	19:02:00	SEM VÍTIMA	FINALIZADA	JARDIM SÃO PAULO	RUA LEANDRO BARRETO	""	""	NA DESCIDA DO VIADUTO DE JD. SÃO PAULO/ ACADEMIA WM	RUA LEANDRO BARRETO	""	NA DESCIDA DO VIADUTO DE JD. SÃO PAULO/ ACADEMIA WM	JARDIM SÃO PAULO		""	COLISÃO	""	2									0		""	""	""	""	""	""	""	""	""	""	""	""	""