_id	DATA	hora	natureza_acidente	situacao	bairro	endereco	numero	detalhe_endereco_acidente	complemento	endereco_cruzamento	numero_cruzamento	referencia_cruzamento	bairro_cruzamento	num_semaforo	sentido_via	tipo	descricao	auto	moto	ciclom	ciclista	pedestre	onibus	caminhao	viatura	outros	vitimas	vitimasfatais	acidente_verificado	tempo_clima	situacao_semaforo	sinalizacao	condicao_via	conservacao_via	ponto_controle	situacao_placa	velocidade_max_via	mao_direcao	divisao_via1	divisao_via2	divisao_via3
2582	2018-03-22T00:00:00	19:04:00	SEM VÍTIMA	FINALIZADA	IPSEP	RUA ELIZA LEAL WANDERLEY	65	""	PROX A PIZZARIA ATLÂNTICO, TERCEIRA RUA A DIREITA	RUA ELIZA LEAL WANDERLEY	65	PROX A PIZZARIA ATLÂNTICO, TERCEIRA RUA A DIREITA	IPSEP		""	COLISÃO	ENTRE 2 AUTOS. S/V	2									0		""	""	""	""	""	""	""	""	""	""	""	""	""
2583	2018-03-22T00:00:00	19:07:00	SEM VÍTIMA	FINALIZADA	BOA VIAGEM	AV ENGENHEIRO DOMINGOS FERREIRA	2258	""	FARMÁCIA BIG BEN/ ANTES DO VILA ARENA	AV ENGENHEIRO DOMINGOS FERREIRA	2258	FARMÁCIA BIG BEN/ ANTES DO VILA ARENA	BOA VIAGEM		""	COLISÃO	ENTRE 2 AUTOS. S/V	2									0		""	""	""	""	""	""	""	""	""	""	""	""	""
2584	2018-03-22T00:00:00	19:27:00	SEM VÍTIMA	FINALIZADA	IMBIRIBEIRA	AV RECIFE	""	""	NA DESCIDA DO VIADUTO PRES TRANCREDO NEVES. SNT IPSEP	AV RECIFE	""	NA DESCIDA DO VIADUTO PRES TRANCREDO NEVES. SNT IPSEP	IMBIRIBEIRA		""	COLISÃO	ENTRE 2 AUTOS. S/V	1						1			0		""	""	""	""	""	""	""	""	""	""	""	""	""
2585	2018-03-22T00:00:00	20:48:00	SEM VÍTIMA	FINALIZADA	MACAXEIRA	AV DR EURICO CHAVES	""	""	EM FRENTE A FARMACIA MANDACARU	AV DR EURICO CHAVES	""	EM FRENTE A FARMACIA MANDACARU	MACAXEIRA		""	COLISÃO	AUTO X MOTOCICLETA SEM VITIMA	1	1								0		""	""	""	""	""	""	""	""	""	""	""	""	""
2586	2018-03-22T00:00:00	21:11:00	COM VÍTIMA	FINALIZADA	SANTO AMARO	AV MARIO MELO	""	AV CRUZ CABUGA	CRUZAMENTO COM AV. CRUZ CABUGA, PROXIMO A IGREJA ASSEMBLEIA DE DEUS	AV MARIO MELO	""	CRUZAMENTO COM AV. CRUZ CABUGA, PROXIMO A IGREJA ASSEMBLEIA DE DEUS	SANTO AMARO		""	COLISÃO	ENTRE 2 MOTOCICLISTAS COM VITIMA		2								1		""	""	""	""	""	""	""	""	""	""	""	""	""
2587	2018-03-22T00:00:00	22:12:00	SEM VÍTIMA	FINALIZADA	TEJIPIÓ	RUA FALCAO DE LACERDA	""	RUA QUINZE DE NOVEMBRO	SEMÁFORO 285 / CRUZ COM A R 15 DE NOVEMBRO	RUA FALCAO DE LACERDA	""	SEMÁFORO 285 / CRUZ COM A R 15 DE NOVEMBRO	TEJIPIÓ		""	COLISÃO	ENTRE 2 AUTOS. S/V	2									0		""	""	""	""	""	""	""	""	""	""	""	""	""
2588	2018-03-22T00:00:00	23:25:00	SEM VÍTIMA	FINALIZADA	SANTO AMARO	AV DANTAS BARRETO	""	""	SEMÁFORO 015	AV DANTAS BARRETO	""	SEMÁFORO 015	SANTO AMARO		""	COLISÃO	ENTRE 2 ONIBUS. S/V	2									0		""	""	""	""	""	""	""	""	""	""	""	""	""
2589	2018-03-23T00:00:00	06:10:00	SEM VÍTIMA	FINALIZADA	SÃO JOSÉ	RUA IMPERIAL	1410	""	EM FRENTE AO ANTIGO CAANGA VEICULOS	RUA IMPERIAL	1410	EM FRENTE AO ANTIGO CAANGA VEICULOS	SÃO JOSÉ		""	CHOQUE	CONDUTOR CHOCOU SE COM UMA MURETA	1									0		""	""	""	""	""	""	""	""	""	""	""	""	""
2590	2018-03-23T00:00:00	06:50:00	SEM VÍTIMA	FINALIZADA	COELHOS	RUA DOS COELHOS	""	""	AO LADO DO HOSPITAL IMIP NA DESCIDA DO VIADUTO JOAQUIM CARDOSO	RUA DOS COELHOS	""	AO LADO DO HOSPITAL IMIP NA DESCIDA DO VIADUTO JOAQUIM CARDOSO	COELHOS		""	COLISÃO	COLISÃO SEM VITIMAS	1	1								0		""	""	""	""	""	""	""	""	""	""	""	""	""
2591	2018-03-23T00:00:00	07:20:00	SEM VÍTIMA	FINALIZADA	SANTO AMARO	RUA DA AURORA	547	""	EM FRENTE AO EDF CARTES	RUA DA AURORA	547	EM FRENTE AO EDF CARTES	SANTO AMARO		""	COLISÃO	DOIS AUTOS	2									0		""	""	""	""	""	""	""	""	""	""	""	""	""
2592	2018-03-23T00:00:00	08:55:00	COM VÍTIMA	CANCELADA	PRADO	RUA CARLOS GOMES	""	""	AO LADO DD CANAL EM FRENTE AO POSTO DE SAUDE ROMERO MARCOS	RUA CARLOS GOMES	""	AO LADO DD CANAL EM FRENTE AO POSTO DE SAUDE ROMERO MARCOS	PRADO		""	COLISÃO	COLISÃO COM VITIMA A ESPERA DO SAMU	1	1								1		""	""	""	""	""	""	""	""	""	""	""	""	""
2593	2018-03-23T00:00:00	09:20:00	SEM VÍTIMA	FINALIZADA	BOA VIAGEM	RUA MINISTRO NELSON HUNGRIA	""	RUA BERNARDINO PESSOA	CRUZ COM A RUA BERNARDINO PESSOA EM FRENTE AO COLEGIO SANTA MARIA	RUA MINISTRO NELSON HUNGRIA	""	CRUZ COM A RUA BERNARDINO PESSOA EM FRENTE AO COLEGIO SANTA MARIA	BOA VIAGEM		""	COLISÃO	COLISÃO SEM VITIMAS	2									0		""	""	""	""	""	""	""	""	""	""	""	""	""
2594	2018-03-23T00:00:00	09:27:00	SEM VÍTIMA	CANCELADA	VÁRZEA	RUA RIBEIRO PESSOA	""	""	SEMAFORO 281	RUA RIBEIRO PESSOA	""	SEMAFORO 281	VÁRZEA		""	COLISÃO	DOIS AUTOS	2									0		""	""	""	""	""	""	""	""	""	""	""	""	""
2595	2018-03-23T00:00:00	09:28:00	COM VÍTIMA	FINALIZADA	PRADO	RUA CARLOS GOMES	914	""	EM FRENTE AO MULT JATO	RUA CARLOS GOMES	914	EM FRENTE AO MULT JATO	PRADO		""	COLISÃO	COM VITIMA SENDO SOCORRIDA PELO SAMU	1	1								1		""	""	""	""	""	""	""	""	""	""	""	""	""
2596	2018-03-23T00:00:00	09:47:00	SEM VÍTIMA	FINALIZADA	BOA VISTA	AV CONDE DA BOA VISTA	1463	""	EM FRENTE A GRAFICA NACIONAL	AV CONDE DA BOA VISTA	1463	EM FRENTE A GRAFICA NACIONAL	BOA VISTA		""	COLISÃO	SEM VITIMAS	1					1				0		""	""	""	""	""	""	""	""	""	""	""	""	""
2597	2018-03-23T00:00:00	09:52:00	COM VÍTIMA	FINALIZADA	IMBIRIBEIRA	AV MARECHAL MASCARENHAS DE MORAES	""	""	SOB O VIADUTO TANCREDO NEVES SENTIDO AFOGADOS	AV MARECHAL MASCARENHAS DE MORAES	""	SOB O VIADUTO TANCREDO NEVES SENTIDO AFOGADOS	IMBIRIBEIRA		""	COLISÃO	COLISÃO COM VITIMA	4						1			1		""	""	""	""	""	""	""	""	""	""	""	""	""
2598	2018-03-23T00:00:00	10:34:00	SEM VÍTIMA	FINALIZADA	BOA VIAGEM	RUA BARAO DE SOUZA LEAO	""	RUA VISCONDE DE JEQUITINHONHA	ESQUINA COM A RUA VISCONDE DE JEQUINTINHONHA,SEMAFORO 129	RUA BARAO DE SOUZA LEAO	""	ESQUINA COM A RUA VISCONDE DE JEQUINTINHONHA,SEMAFORO 129	BOA VIAGEM		""	COLISÃO	SEM VITIMAS,VEICULOS NO MEIO DA VIA SEM CONDIÇÕES DE SAIR	3									0		""	""	""	""	""	""	""	""	""	""	""	""	""
2599	2018-03-23T00:00:00	10:37:00	SEM VÍTIMA	CANCELADA	PRADO	AV ENGENHEIRO ABDIAS DE CARVALHO	149	""	EM FRENTE A ESTACIO, E AO POSTO DE GASOLINA DISLUB, SENTIDO CENTRO	AV ENGENHEIRO ABDIAS DE CARVALHO	149	EM FRENTE A ESTACIO, E AO POSTO DE GASOLINA DISLUB, SENTIDO CENTRO	PRADO		""	COLISÃO	DOIS AUTOS S/V	2									0		""	""	""	""	""	""	""	""	""	""	""	""	""
2600	2018-03-23T00:00:00	10:42:00	COM VÍTIMA	FINALIZADA	AFOGADOS	EST DOS REMEDIOS	1988	""	SEMAFORO 052 SENT BENFICA / EM FRENTE A HC PNEUS	EST DOS REMEDIOS	1988	SEMAFORO 052 SENT BENFICA / EM FRENTE A HC PNEUS	AFOGADOS		""	COLISÃO	ONIBUS E VIATURA DO BOMBEIROS						1		1		1		""	""	""	""	""	""	""	""	""	""	""	""	""
2601	2018-03-23T00:00:00	10:57:00	SEM VÍTIMA	FINALIZADA	VASCO DA GAMA	RUA LUIZ CESARIO DE MELO	""	""	EM FRENTE AO TERMINAL DE ONIBUS NOVA TORRE	RUA LUIZ CESARIO DE MELO	""	EM FRENTE AO TERMINAL DE ONIBUS NOVA TORRE	VASCO DA GAMA		""	COLISÃO	COLISÃO SEM VITIMAS	1					1				0		""	""	""	""	""	""	""	""	""	""	""	""	""
2602	2018-03-23T00:00:00	11:51:00	SEM VÍTIMA	FINALIZADA	PRADO	AV ENGENHEIRO ABDIAS DE CARVALHO	""	""	E/F AO HABIB´S S/T CURADO	AV ENGENHEIRO ABDIAS DE CARVALHO	""	E/F AO HABIB´S S/T CURADO	PRADO		""	COLISÃO	""	3									0		""	""	""	""	""	""	""	""	""	""	""	""	""
2603	2018-03-23T00:00:00	12:02:00	SEM VÍTIMA	FINALIZADA	BOA VIAGEM	RUA COSMORAMA	380	""	APOS O COLEGIO MADRE DE DEUS	RUA COSMORAMA	380	APOS O COLEGIO MADRE DE DEUS	BOA VIAGEM		""	COLISÃO	COLISAO DE DOIS AUTOS S/V	2									0		""	""	""	""	""	""	""	""	""	""	""	""	""
2604	2018-03-23T00:00:00	12:28:00	SEM VÍTIMA	FINALIZADA	TORRÕES	AV INACIO MONTEIRO	601	""	E/F AO DEPOSITO SANTA RITA	AV INACIO MONTEIRO	601	E/F AO DEPOSITO SANTA RITA	TORRÕES		""	COLISÃO	COLISAO DE AUTO E MOTO S/V	1	1								0		""	""	""	""	""	""	""	""	""	""	""	""	""
2605	2018-03-23T00:00:00	13:03:00	SEM VÍTIMA	FINALIZADA	BOA VIAGEM	RUA ERNESTO DE PAULA SANTOS	940	""	E/F A UNIMED RECIFE	RUA ERNESTO DE PAULA SANTOS	940	E/F A UNIMED RECIFE	BOA VIAGEM		""	COLISÃO	COLISAO DE DOIS AUTOS S/V	2									0		""	""	""	""	""	""	""	""	""	""	""	""	""
2606	2018-03-23T00:00:00	13:27:00	SEM VÍTIMA	FINALIZADA	DOIS IRMÃOS	AV DEZESSETE DE AGOSTO	""	""	PROX AO HOTEL SENZALA EM BAIXO DO VIADUTO S/T MACAXEIRA	AV DEZESSETE DE AGOSTO	""	PROX AO HOTEL SENZALA EM BAIXO DO VIADUTO S/T MACAXEIRA	DOIS IRMÃOS		""	COLISÃO	COLISAO DE AUTO E CAMINHAO S/V	1						1			0		""	""	""	""	""	""	""	""	""	""	""	""	""
2607	2018-03-23T00:00:00	13:40:00	SEM VÍTIMA	FINALIZADA	ILHA DO RETIRO	RUA BENFICA	""	""	PROX. A BLUE ANGEL	RUA BENFICA	""	PROX. A BLUE ANGEL	ILHA DO RETIRO		""	COLISÃO	COLISÃO DE AUTO E CAMINHÃO S/V	1						1			0		""	""	""	""	""	""	""	""	""	""	""	""	""
2608	2018-03-23T00:00:00	14:18:00	SEM VÍTIMA	FINALIZADA	CORDEIRO	RUA MAURICIO DE NASSAU	350	""	PROX AO GOE	RUA MAURICIO DE NASSAU	350	PROX AO GOE	CORDEIRO		""	COLISÃO	COLISAO DE TRES AUTOS S/V	2									0		""	""	""	""	""	""	""	""	""	""	""	""	""
2609	2018-03-23T00:00:00	15:00:00	SEM VÍTIMA	FINALIZADA	HIPÓDROMO	RUA MEM DE SA	""	""	PROX. A COCA COLA	RUA MEM DE SA	""	PROX. A COCA COLA	HIPÓDROMO		""	COLISÃO	ENTRE COMPLEMENTAR E AUTO PASSEIO	1					1				0		""	""	""	""	""	""	""	""	""	""	""	""	""
2610	2018-03-23T00:00:00	15:38:00	COM VÍTIMA	FINALIZADA	BOA VIAGEM	RUA BALTAZAR PASSOS	""	""	PROX AO PARQUE DONA LINDU SENTIDO CANDEIAS	RUA BALTAZAR PASSOS	""	PROX AO PARQUE DONA LINDU SENTIDO CANDEIAS	BOA VIAGEM		""	COLISÃO	COLISAO COM VEICULO E MOTO	1	1								1		""	""	""	""	""	""	""	""	""	""	""	""	""
2611	2018-03-23T00:00:00	16:33:00	SEM VÍTIMA	FINALIZADA	CORDEIRO	RUA FIRMINO DE BARROS	""	RUA GOMES TABORDA	CRUZAMENTO COM GOMES TABORDA	RUA FIRMINO DE BARROS	""	CRUZAMENTO COM GOMES TABORDA	CORDEIRO		""	COLISÃO	AUTO E MOTO S/V	1	1								0		""	""	""	""	""	""	""	""	""	""	""	""	""
2612	2018-03-23T00:00:00	17:31:00	SEM VÍTIMA	FINALIZADA	BOA VISTA	RUA JOAO FERNANDES VIEIRA	""	""	APOS O BOMPREÇO DO PARQUE AMORIM	RUA JOAO FERNANDES VIEIRA	""	APOS O BOMPREÇO DO PARQUE AMORIM	BOA VISTA		""	COLISÃO	DOIS AUTOS S/V	2									0		""	""	""	""	""	""	""	""	""	""	""	""	""
2613	2018-03-23T00:00:00	16:30:00	SEM VÍTIMA	FINALIZADA	TAMARINEIRA	EST DO ARRAIAL	2846	""	APÓS O HOSPITAL AGAMENON MAGALHAES	EST DO ARRAIAL	2846	APÓS O HOSPITAL AGAMENON MAGALHAES	TAMARINEIRA		""	COLISÃO	""	4									0		""	""	""	""	""	""	""	""	""	""	""	""	""
2614	2018-03-23T00:00:00	17:31:00	SEM VÍTIMA	FINALIZADA	ROSARINHO	RUA BELMIRO CORREIA	""	""	PROX AO POSTO SHELL NA RUA DO ANTIGO COLEGIO ROSA GATTORNO	RUA BELMIRO CORREIA	""	PROX AO POSTO SHELL NA RUA DO ANTIGO COLEGIO ROSA GATTORNO	ROSARINHO		""	COLISÃO	COLISAO DE DOIS AUTOS S/V	2									0		""	""	""	""	""	""	""	""	""	""	""	""	""
2615	2018-03-23T00:00:00	17:37:00	SEM VÍTIMA	FINALIZADA	AFOGADOS	RUA COSME VIANA	""	""	E/F A TUPAN	RUA COSME VIANA	""	E/F A TUPAN	AFOGADOS		""	COLISÃO	""							2			0		""	""	""	""	""	""	""	""	""	""	""	""	""
2616	2018-03-23T00:00:00	18:00:00	COM VÍTIMA	FINALIZADA	IMBIRIBEIRA	AV RECIFE	""	""	EM FRENTE AO SAL E BRASA, SENTIDO AO AEROPORTO	AV RECIFE	""	EM FRENTE AO SAL E BRASA, SENTIDO AO AEROPORTO	IMBIRIBEIRA		""	COLISÃO	AUTO, CAMINHAO E MOTO	1	1					1			1		""	""	""	""	""	""	""	""	""	""	""	""	""
2617	2018-03-23T00:00:00	18:22:00	SEM VÍTIMA	CANCELADA	TORRÕES	AV ENGENHEIRO ABDIAS DE CARVALHO	1668	""	E/F AO YOKI GALETOS E POSTO BR / PROX A UPA DE TORRÕES	AV ENGENHEIRO ABDIAS DE CARVALHO	1668	E/F AO YOKI GALETOS E POSTO BR / PROX A UPA DE TORRÕES	TORRÕES		""	COLISÃO	ENTRE 2 AUTOS. S/V	1						1			0		""	""	""	""	""	""	""	""	""	""	""	""	""
2618	2018-03-23T00:00:00	18:27:00	SEM VÍTIMA	CANCELADA	JORDÃO	AV JULIO CESAR	""	""	BASE AÉREA	AV JULIO CESAR	""	BASE AÉREA	JORDÃO		""	COLISÃO	ENTRE MOTO E CARRO S/V	1	1								0		""	""	""	""	""	""	""	""	""	""	""	""	""
2619	2018-03-23T00:00:00	19:23:00	SEM VÍTIMA	FINALIZADA	CAXANGÁ	AV CAXANGA	""	""	NA ESQUINA DO HOSPITAL STAª TEREZINHA	AV CAXANGA	""	NA ESQUINA DO HOSPITAL STAª TEREZINHA	CAXANGÁ		""	COLISÃO	""	2									0		""	""	""	""	""	""	""	""	""	""	""	""	""
2620	2018-03-23T00:00:00	19:54:00	COM VÍTIMA	CANCELADA	AREIAS	AV RECIFE	""	""	E/F AO MAKRO SENTIDO BR 101	AV RECIFE	""	E/F AO MAKRO SENTIDO BR 101	AREIAS		""	COLISÃO	CAMINHÃO DERRAMOU ÓLEO NA VIA E SE EVADIU DO LOCAL		1					1			1		""	""	""	""	""	""	""	""	""	""	""	""	""
2621	2018-03-23T00:00:00	20:14:00	SEM VÍTIMA	FINALIZADA	BOA VIAGEM	AV FERNANDO SIMOES BARBOSA	""	""	SAIDA DO EDF GARAGEM DO SHOPPING RECIFE - PARTE INTERNA DA CANCELA	AV FERNANDO SIMOES BARBOSA	""	SAIDA DO EDF GARAGEM DO SHOPPING RECIFE - PARTE INTERNA DA CANCELA	BOA VIAGEM		""	COLISÃO	COLISÃO DOIS AUTOS S/VITIMA	2									0		""	""	""	""	""	""	""	""	""	""	""	""	""
2622	2018-03-23T00:00:00	20:47:00	SEM VÍTIMA	FINALIZADA	ILHA DO RETIRO	RUA SPORT CLUBE DO RECIFE	XX	""	E/F A LOJA OFICIAL DO SPORT CLUB DO RECIFE	RUA SPORT CLUBE DO RECIFE	XX	E/F A LOJA OFICIAL DO SPORT CLUB DO RECIFE	ILHA DO RETIRO		""	COLISÃO	COLISÃO 2 AUTOS S/V	2									0		""	""	""	""	""	""	""	""	""	""	""	""	""
2623	2018-03-23T00:00:00	22:03:00	SEM VÍTIMA	FINALIZADA	PINA	AVENIDA CELSO FURTADO (VIA MANGUE)	""	""	AO LADO DO RIO MAR / NA ENTRADA DA VIA MANGUE	AVENIDA CELSO FURTADO (VIA MANGUE)	""	AO LADO DO RIO MAR / NA ENTRADA DA VIA MANGUE	PINA		""	COLISÃO	ENTRE 2 AUTOS. S/VV	2									0		""	""	""	""	""	""	""	""	""	""	""	""	""
2624	2018-03-24T00:00:00	00:00:00	COM VÍTIMA	FINALIZADA	AREIAS	AV RECIFE	""	""	SEMÁFORO 59 // EM FRENTE A FARMÁCIA PAGUE MENOS	AV RECIFE	""	SEMÁFORO 59 // EM FRENTE A FARMÁCIA PAGUE MENOS	AREIAS		""	COLISÃO	COLISÃO ENTRE AUTO E MOTO C/ VÍTIMAS	1	1								2		""	""	""	""	""	""	""	""	""	""	""	""	""
2625	2018-03-24T00:00:00	04:33:00	VÍTIMA FATAL	FINALIZADA	APIPUCOS	RUA DE APIPUCOS	""	""	EM FRENTE AO ARCADIA	RUA DE APIPUCOS	""	EM FRENTE AO ARCADIA	APIPUCOS		""	COLISÃO	COLISÃO ENTRE DOIS CARROS C/V	2									6	1	""	""	""	""	""	""	""	""	""	""	""	""	""
2626	2018-03-24T00:00:00	06:35:00	COM VÍTIMA	FINALIZADA	CASA AMARELA	AV NORTE	""	RUA PADRE LEMOS	COM A RUA PADRE LEMOS	AV NORTE	""	COM A RUA PADRE LEMOS	CASA AMARELA		""	COLISÃO	COLISÃO ENTRE DOIS CARROS C/V	1						1			1		""	""	""	""	""	""	""	""	""	""	""	""	""
2627	2018-03-24T00:00:00	07:19:00	SEM VÍTIMA	FINALIZADA	GRAÇAS	PRC DO ENTRONCAMENTO	""	""	NA PRAÇA DO ENTRONCAMENTO	PRC DO ENTRONCAMENTO	""	NA PRAÇA DO ENTRONCAMENTO	GRAÇAS		""	CHOQUE	CONDUTOR COM SINTOMAS DE EMBRIAGUEZ	1									0		""	""	""	""	""	""	""	""	""	""	""	""	""
2628	2018-03-24T00:00:00	07:30:00	SEM VÍTIMA	FINALIZADA	ESTÂNCIA	AV DR JOSE RUFINO	730	""	E/F AO ARMAZÉM CORAL / APÓS O VIADUTO LOCAL	AV DR JOSE RUFINO	730	E/F AO ARMAZÉM CORAL / APÓS O VIADUTO LOCAL	ESTÂNCIA		""	ENGAVETAMENTO	ENTRE 3 AUTOS. S/V	3									0		""	""	""	""	""	""	""	""	""	""	""	""	""
2629	2018-03-24T00:00:00	08:01:00	SEM VÍTIMA	FINALIZADA	BOA VIAGEM	AV BOA VIAGEM	3456	""	EM FRENTE AO EDF REMBRANDT	AV BOA VIAGEM	3456	EM FRENTE AO EDF REMBRANDT	BOA VIAGEM		""	COLISÃO	SEM VITIMAS,VEICULOS COM AS RODAS TRAVADAS.	2									0		""	""	""	""	""	""	""	""	""	""	""	""	""
2630	2018-03-24T00:00:00	09:15:00	SEM VÍTIMA	FINALIZADA	JARDIM SÃO PAULO	RUA LEOBINA PEREIRA	334	""	RUA DA PIZZARIA DOS GEMEOS	RUA LEOBINA PEREIRA	334	RUA DA PIZZARIA DOS GEMEOS	JARDIM SÃO PAULO		""	CHOQUE	VEICULO CHOCOU-SE COM UM MURO	1									0		""	""	""	""	""	""	""	""	""	""	""	""	""
2631	2018-03-24T00:00:00	09:22:00	COM VÍTIMA	FINALIZADA	SANTO AMARO	AV GOVERNADOR AGAMENON MAGALHAES	""	""	EM FRENTE AO MINISTERIO DO TRABALHO / SENT BOA VIAGEM/	AV GOVERNADOR AGAMENON MAGALHAES	""	EM FRENTE AO MINISTERIO DO TRABALHO / SENT BOA VIAGEM/	SANTO AMARO		""	COLISÃO	COL.COM VITIMA	1	1								1		""	""	""	""	""	""	""	""	""	""	""	""	""
2632	2018-03-24T00:00:00	09:33:00	SEM VÍTIMA	CANCELADA	VÁRZEA	AV PROFESSOR ARTUR DE SA	1010 B	""	PROX AO CEMITÉRIO DA VÁRZEA E FACULDADE FEDERAL	AV PROFESSOR ARTUR DE SA	1010 B	PROX AO CEMITÉRIO DA VÁRZEA E FACULDADE FEDERAL	VÁRZEA		""	COLISÃO	ENTRE 2 AUTOS. S/V	2									0		""	""	""	""	""	""	""	""	""	""	""	""	""
2633	2018-03-24T00:00:00	09:56:00	SEM VÍTIMA	CANCELADA	IMBIRIBEIRA	AV MARECHAL MASCARENHAS DE MORAES	""	""	EM BAIXO DA PASSARELA DE PEDESTRE EM FRENTE AO AEROPORTO / SENT SUB	AV MARECHAL MASCARENHAS DE MORAES	""	EM BAIXO DA PASSARELA DE PEDESTRE EM FRENTE AO AEROPORTO / SENT SUB	IMBIRIBEIRA		""	COLISÃO	ONIBUS E AUTO	1	1								0		""	""	""	""	""	""	""	""	""	""	""	""	""
2634	2018-03-24T00:00:00	10:22:00	COM VÍTIMA	FINALIZADA	MANGABEIRA	AV PROFESSOR JOSE DOS ANJOS	""	AV NORTE	COM AVENIDA NORTE, SEMÁFORO 364.	AV PROFESSOR JOSE DOS ANJOS	""	COM AVENIDA NORTE, SEMÁFORO 364.	MANGABEIRA		""	COLISÃO	COLISÃO COM VÍTIMA, ENTRE AUTO E MOTO	1	1								1		""	""	""	""	""	""	""	""	""	""	""	""	""
2635	2018-03-24T00:00:00	10:38:00	SEM VÍTIMA	FINALIZADA	BOA VIAGEM	RUA ALMIRANTE NELSON FERNANDES	""	""	APOS O COLEGIO SANTOS DUMONT PRIMEIRA A DIREITA	RUA ALMIRANTE NELSON FERNANDES	""	APOS O COLEGIO SANTOS DUMONT PRIMEIRA A DIREITA	BOA VIAGEM		""	COLISÃO	SEM VITIMAS.	2					1				0		""	""	""	""	""	""	""	""	""	""	""	""	""
2636	2018-03-24T00:00:00	10:59:00	SEM VÍTIMA	FINALIZADA	TORRE	AV VISCONDE DE ALBUQUERQUE	""	RUA LOPES DE CARVALHO	COM RUA LOPES DE CARVALHO / EM FRENTE A GALERIA MADALENA CENTER	AV VISCONDE DE ALBUQUERQUE	""	COM RUA LOPES DE CARVALHO / EM FRENTE A GALERIA MADALENA CENTER	TORRE		""	COLISÃO	""	2									0		""	""	""	""	""	""	""	""	""	""	""	""	""
2637	2018-03-24T00:00:00	12:46:00	SEM VÍTIMA	FINALIZADA	IMBIRIBEIRA	AV MARECHAL MASCARENHAS DE MORAES	""	""	NA SAIDA DA AV RECIFE E/F A JUSTIÇA DO TRABALHO	AV MARECHAL MASCARENHAS DE MORAES	""	NA SAIDA DA AV RECIFE E/F A JUSTIÇA DO TRABALHO	IMBIRIBEIRA		""	COLISÃO	COLISAO DE CAMINHAO E AUTO S/V	1						1			0		""	""	""	""	""	""	""	""	""	""	""	""	""
2638	2018-03-24T00:00:00	13:06:00	SEM VÍTIMA	FINALIZADA	MANGABEIRA	AV PROFESSOR JOSE DOS ANJOS	""	AV NORTE	PROXIMO AO POSTO BR/ SENTIDO ARRUDA/ CRUZAMENTO COM A AV. NORTE	AV PROFESSOR JOSE DOS ANJOS	""	PROXIMO AO POSTO BR/ SENTIDO ARRUDA/ CRUZAMENTO COM A AV. NORTE	MANGABEIRA		""	COLISÃO	COLISÃO SEM VÍTIMA	2						1			0		""	""	""	""	""	""	""	""	""	""	""	""	""
2639	2018-03-24T00:00:00	13:33:00	SEM VÍTIMA	FINALIZADA	NOVA DESCOBERTA	RUA CORREGO DA AREIA	881	""	EM FRENTE AO TERMINAL DE ONIBUS DE NOVA DESCOBERTA	RUA CORREGO DA AREIA	881	EM FRENTE AO TERMINAL DE ONIBUS DE NOVA DESCOBERTA	NOVA DESCOBERTA		""	COLISÃO	COLISÃO SEM VITIMAS						1		1		0		""	""	""	""	""	""	""	""	""	""	""	""	""
2640	2018-03-24T00:00:00	13:56:00	SEM VÍTIMA	FINALIZADA	PAISSANDU	PRC DA BANDEIRA	""	""	APOS O VIADUTO CHICO SCIENCE SENTIDO DERBY	PRC DA BANDEIRA	""	APOS O VIADUTO CHICO SCIENCE SENTIDO DERBY	PAISSANDU		""	COLISÃO	COLISÃO SEM VITIMAS	2									0		""	""	""	""	""	""	""	""	""	""	""	""	""
2641	2018-03-24T00:00:00	14:38:00	SEM VÍTIMA	CANCELADA	ROSARINHO	EST DO ARRAIAL	2466	""	EM FRENTE A FARMACIA SANDRA	EST DO ARRAIAL	2466	EM FRENTE A FARMACIA SANDRA	ROSARINHO		""	COLISÃO	COLISÃO SEM VÍTIMA	2									0		""	""	""	""	""	""	""	""	""	""	""	""	""
2642	2018-03-24T00:00:00	14:49:00	SEM VÍTIMA	FINALIZADA	AREIAS	AV DR JOSE RUFINO	1552	""	EM FRENTE A IGREJA PRESBITERIANA	AV DR JOSE RUFINO	1552	EM FRENTE A IGREJA PRESBITERIANA	AREIAS		""	COLISÃO	COLISÃO SEM VÍTIMA	1					1				0		""	""	""	""	""	""	""	""	""	""	""	""	""
2643	2018-03-24T00:00:00	15:30:00	SEM VÍTIMA	FINALIZADA	VÁRZEA	AV PREFEITO ANTONIO PEREIRA	""	""	DENTRO DO TERMINAL RODOVIARIO DO TIP NO PORTAO DE EMBARQUE E DESEMBARQUE	AV PREFEITO ANTONIO PEREIRA	""	DENTRO DO TERMINAL RODOVIARIO DO TIP NO PORTAO DE EMBARQUE E DESEMBARQUE	VÁRZEA		""	COLISÃO	COLISÃO SEM VITIMAS	1					1				0		""	""	""	""	""	""	""	""	""	""	""	""	""
2644	2018-03-24T00:00:00	16:00:00	SEM VÍTIMA	FINALIZADA	AFOGADOS	RUA SAO MIGUEL	""	""	EM FRENTE AO BODE DO NÕ	RUA SAO MIGUEL	""	EM FRENTE AO BODE DO NÕ	AFOGADOS		""	COLISÃO	COLISÃO SEM VITIMAS	1	1								0		""	""	""	""	""	""	""	""	""	""	""	""	""
2645	2018-03-24T00:00:00	17:05:00	COM VÍTIMA	FINALIZADA	VÁRZEA	RUA RODRIGUES FERREIRA	244	""	PROX. A PADARIA CAXANGA	RUA RODRIGUES FERREIRA	244	PROX. A PADARIA CAXANGA	VÁRZEA		""	COLISÃO COM CICLISTA	AUTO E CICLISTA	1			1						1		""	""	""	""	""	""	""	""	""	""	""	""	""