_id	DATA	hora	natureza_acidente	situacao	bairro	endereco	numero	detalhe_endereco_acidente	complemento	endereco_cruzamento	numero_cruzamento	referencia_cruzamento	bairro_cruzamento	num_semaforo	sentido_via	tipo	descricao	auto	moto	ciclom	ciclista	pedestre	onibus	caminhao	viatura	outros	vitimas	vitimasfatais	acidente_verificado	tempo_clima	situacao_semaforo	sinalizacao	condicao_via	conservacao_via	ponto_controle	situacao_placa	velocidade_max_via	mao_direcao	divisao_via1	divisao_via2	divisao_via3
2708	2018-03-26T00:00:00	14:19:00	SEM VÍTIMA	FINALIZADA	AFOGADOS	AV ENGENHEIRO ABDIAS DE CARVALHO	2116	""	EM FRENTE A FARMACIA DROGASIL/ SENTIDO BR	AV ENGENHEIRO ABDIAS DE CARVALHO	2116	EM FRENTE A FARMACIA DROGASIL/ SENTIDO BR	AFOGADOS		""	COLISÃO	COLISÃO SEM VITIMAS	2									0		""	""	""	""	""	""	""	""	""	""	""	""	""
2709	2018-03-26T00:00:00	14:25:00	SEM VÍTIMA	FINALIZADA	BAIRRO DO RECIFE	AV MILITAR	""	""	EM FRENTE AO POSTO DE GASOLINA SHELL	AV MILITAR	""	EM FRENTE AO POSTO DE GASOLINA SHELL	BAIRRO DO RECIFE		""	COLISÃO	COLISÃO SEM VITIMAS GM QTH	1	1								0		""	""	""	""	""	""	""	""	""	""	""	""	""
2710	2018-03-26T00:00:00	14:34:00	SEM VÍTIMA	FINALIZADA	AFLITOS	RUA DES MARTINS PEREIRA	225	""	POR TRAS DO BOMPREÇO DO AFLITOS / EM FRENTE AO EDIFICIO MONALISA	RUA DES MARTINS PEREIRA	225	POR TRAS DO BOMPREÇO DO AFLITOS / EM FRENTE AO EDIFICIO MONALISA	AFLITOS		""	COLISÃO	COLISAO DE DOIS AUTOS S/V	2									0		""	""	""	""	""	""	""	""	""	""	""	""	""
2711	2018-03-26T00:00:00	14:41:00	SEM VÍTIMA	FINALIZADA	ILHA DO LEITE	AV GOVERNADOR AGAMENON MAGALHAES	""	""	SENTIDO BOA VIAGEM EM FRENTE AO HOSPITAL PORTUGUES	AV GOVERNADOR AGAMENON MAGALHAES	""	SENTIDO BOA VIAGEM EM FRENTE AO HOSPITAL PORTUGUES	ILHA DO LEITE		""	COLISÃO	EM FRENTE AO HOSPITAL PORTUGUES	2									0		""	""	""	""	""	""	""	""	""	""	""	""	""
2712	2018-03-26T00:00:00	14:57:00	SEM VÍTIMA	CANCELADA	CORDEIRO	EST DO FORTE DO ARRAIAL N. DO B. JESUS	780	""	AO LADO DO DEPOSITO DA LIQUIGAS	EST DO FORTE DO ARRAIAL N. DO B. JESUS	780	AO LADO DO DEPOSITO DA LIQUIGAS	CORDEIRO		""	COLISÃO	COLISAO DE AUTO E MOTO S/V	1	1								0		""	""	""	""	""	""	""	""	""	""	""	""	""
2713	2018-03-26T00:00:00	15:14:00	COM VÍTIMA	FINALIZADA	CASA AMARELA	AV NORTE	""	""	SENTIDO CIDADE APOS A BARROS LIMA EM FRENTE A CASA DO VASSOUREIRO	AV NORTE	""	SENTIDO CIDADE APOS A BARROS LIMA EM FRENTE A CASA DO VASSOUREIRO	CASA AMARELA		""	COLISÃO	COLISÃO COM VITIMA	1	1								1		""	""	""	""	""	""	""	""	""	""	""	""	""
2714	2018-03-26T00:00:00	15:30:00	SEM VÍTIMA	FINALIZADA	BOA VISTA	AV CONDE DA BOA VISTA	""	""	NA PONTE DUARTE COELHO	AV CONDE DA BOA VISTA	""	NA PONTE DUARTE COELHO	BOA VISTA		""	COLISÃO	COLISAO DE ONIBUS E AUTO S/V GM NO LOCAL	1					1				0		""	""	""	""	""	""	""	""	""	""	""	""	""
2715	2018-03-26T00:00:00	16:17:00	COM VÍTIMA	FINALIZADA	SÃO JOSÉ	AV SUL	1105	""	PROX AO PONTILHAO E/F A OFICINA DO ABELARDO	AV SUL	1105	PROX AO PONTILHAO E/F A OFICINA DO ABELARDO	SÃO JOSÉ		""	COLISÃO	COLISAO DE AUTO E MOTO COM UMA VITIMA	1	1								1		""	""	""	""	""	""	""	""	""	""	""	""	""
2716	2018-03-26T00:00:00	16:26:00	SEM VÍTIMA	FINALIZADA	CORDEIRO	RUA ALFREDO BECKER	32	""	EM FRENTE AO HOSPITAL GETULIO VARGAS	RUA ALFREDO BECKER	32	EM FRENTE AO HOSPITAL GETULIO VARGAS	CORDEIRO		""	COLISÃO	COLISÃO SEM VITIMAS	2									0		""	""	""	""	""	""	""	""	""	""	""	""	""
2717	2018-03-26T00:00:00	17:02:00	SEM VÍTIMA	FINALIZADA	CORDEIRO	RUA RIBEIRO ROMA	100	""	PROX A PADARIA RAINHA DA TORRE EM FRENTE A EMPRESA LOQUIPE	RUA RIBEIRO ROMA	100	PROX A PADARIA RAINHA DA TORRE EM FRENTE A EMPRESA LOQUIPE	CORDEIRO		""	COLISÃO	COLISÃO SEM VITIMAS	1						1			0		""	""	""	""	""	""	""	""	""	""	""	""	""
2718	2018-03-26T00:00:00	17:16:00	COM VÍTIMA	FINALIZADA	MADALENA	RUA BENFICA	""	""	EM FRENTE AO INTERNACIONAL	RUA BENFICA	""	EM FRENTE AO INTERNACIONAL	MADALENA		""	COLISÃO	COLISÃO COM VÍTIMA	1					1				1		""	""	""	""	""	""	""	""	""	""	""	""	""
2719	2018-03-26T00:00:00	17:42:00	SEM VÍTIMA	FINALIZADA	SANTO AMARO	RUA ALEXANDRE MOURA	""	""	AO LADO DO HOSPITAL DA MARINHA	RUA ALEXANDRE MOURA	""	AO LADO DO HOSPITAL DA MARINHA	SANTO AMARO		""	COLISÃO	COLISÃO SEM VÍTIMA	1					1				0		""	""	""	""	""	""	""	""	""	""	""	""	""
2720	2018-03-26T00:00:00	17:46:00	SEM VÍTIMA	FINALIZADA	SANTO ANTÔNIO	C SANTA RITA	""	""	E/F AO GRANDE RECIFE NA SAIDA	C SANTA RITA	""	E/F AO GRANDE RECIFE NA SAIDA	SANTO ANTÔNIO		""	COLISÃO	COLISAO DE AUTO E MOTO S/V	1	1								0		""	""	""	""	""	""	""	""	""	""	""	""	""
2721	2018-03-26T00:00:00	18:07:00	SEM VÍTIMA	CANCELADA	BOA VISTA	RUA DOM BOSCO	""	""	EM FRENTE AO COLEGIO AMERICANO BATISTA	RUA DOM BOSCO	""	EM FRENTE AO COLEGIO AMERICANO BATISTA	BOA VISTA		""	COLISÃO	ONIBUS E AUTO	1					1				0		""	""	""	""	""	""	""	""	""	""	""	""	""
2722	2018-03-26T00:00:00	18:21:00	COM VÍTIMA	CANCELADA	BOA VIAGEM	RUA SETUBAL	156	RUA BARAO DE SOUZA LEAO	COM A RUA BARAO DE SOUSA LEAO, EM FRENTE A CASA DOS DOCES	RUA SETUBAL	156	COM A RUA BARAO DE SOUSA LEAO, EM FRENTE A CASA DOS DOCES	BOA VIAGEM		""	ATROPELAMENTO	AUTO E PEDESTRE	1									1		""	""	""	""	""	""	""	""	""	""	""	""	""
2723	2018-03-26T00:00:00	18:41:00	COM VÍTIMA	FINALIZADA	IMBIRIBEIRA	RUA PINTOR LULA CARDOSO AYRES	108	""	EM FRENTE A CASA DE FARINHA, PROX. AO POSTO SHELL	RUA PINTOR LULA CARDOSO AYRES	108	EM FRENTE A CASA DE FARINHA, PROX. AO POSTO SHELL	IMBIRIBEIRA		""	COLISÃO	AUTO E MOTO	1	1								2		""	""	""	""	""	""	""	""	""	""	""	""	""
2724	2018-03-26T00:00:00	19:12:00	SEM VÍTIMA	FINALIZADA	MADALENA	RUA BENFICA	""	""	PROX. A DPCA	RUA BENFICA	""	PROX. A DPCA	MADALENA		""	COLISÃO	COLISÃO S/V	1						1			0		""	""	""	""	""	""	""	""	""	""	""	""	""
2725	2018-03-26T00:00:00	19:45:00	SEM VÍTIMA	FINALIZADA	IMBIRIBEIRA	AV MARECHAL MASCARENHAS DE MORAES	""	""	EM FRENTE AO GERALDÃO, NO SEMAFORO 290	AV MARECHAL MASCARENHAS DE MORAES	""	EM FRENTE AO GERALDÃO, NO SEMAFORO 290	IMBIRIBEIRA		""	COLISÃO	CAMINHÃO E AUTO	1									0		""	""	""	""	""	""	""	""	""	""	""	""	""
2726	2018-03-26T00:00:00	19:59:00	SEM VÍTIMA	FINALIZADA	BOA VISTA	RUA GERVASIO PIRES	237	""	PROX. AOS CORREIOS E FARMACIA ROVAL	RUA GERVASIO PIRES	237	PROX. AOS CORREIOS E FARMACIA ROVAL	BOA VISTA		""	COLISÃO	DOIS AUTOS	2									0		""	""	""	""	""	""	""	""	""	""	""	""	""
2727	2018-03-26T00:00:00	20:02:00	SEM VÍTIMA	FINALIZADA	ESTÂNCIA	AV CAPITAO GREGORIO DE CALDAS	""	""	AO LADO DO WALMART	AV CAPITAO GREGORIO DE CALDAS	""	AO LADO DO WALMART	ESTÂNCIA		""	COLISÃO COM CICLISTA	COLISÃO ENTRE MOTO E BICICLETA		1		1						0		""	""	""	""	""	""	""	""	""	""	""	""	""
2728	2018-03-26T00:00:00	21:24:00	COM VÍTIMA	CANCELADA	BOA VIAGEM	RUA BARAO DE SOUZA LEAO	""	""	AO LADO DO POSTO DE GASOLINA	RUA BARAO DE SOUZA LEAO	""	AO LADO DO POSTO DE GASOLINA	BOA VIAGEM		""	COLISÃO COM CICLISTA	VEICULO COLIDIU NO CICLISTA E O MESMO FOI SOCORRIDO,PELO SAMU.	1									1		""	""	""	""	""	""	""	""	""	""	""	""	""
2729	2018-03-26T00:00:00	22:11:00	SEM VÍTIMA	FINALIZADA	MADALENA	RUA JOSE OSORIO	""	""	E/F A BIG BEN	RUA JOSE OSORIO	""	E/F A BIG BEN	MADALENA		""	COLISÃO	""	2									0		""	""	""	""	""	""	""	""	""	""	""	""	""
2730	2018-03-26T00:00:00	22:22:00	SEM VÍTIMA	FINALIZADA	BOA VIAGEM	RUA ERNESTO DE PAULA SANTOS	525	""	NO POSTO DE GASOLINA SHELL	RUA ERNESTO DE PAULA SANTOS	525	NO POSTO DE GASOLINA SHELL	BOA VIAGEM		""	COLISÃO	DOIS AUTOS	2									0		""	""	""	""	""	""	""	""	""	""	""	""	""
2731	2018-03-27T00:00:00	07:29:00	SEM VÍTIMA	FINALIZADA	DERBY	RUA JENER DE SOUZA	""	""	EM FRENTE AO QCG PMPE	RUA JENER DE SOUZA	""	EM FRENTE AO QCG PMPE	DERBY		""	COLISÃO	DOIS AUTO PASSEIO	2									0		""	""	""	""	""	""	""	""	""	""	""	""	""
2732	2018-03-27T00:00:00	07:58:00	SEM VÍTIMA	FINALIZADA	BAIRRO DO RECIFE	AV MILITAR	""	""	EM FRENTE A GERENCIA DE ATENÇÃO BASICA ,AO LADO DA PREFEITURA DO RECIFE	AV MILITAR	""	EM FRENTE A GERENCIA DE ATENÇÃO BASICA ,AO LADO DA PREFEITURA DO RECIFE	BAIRRO DO RECIFE		""	COLISÃO	SEM VITIMAS	2									0		""	""	""	""	""	""	""	""	""	""	""	""	""
2733	2018-03-27T00:00:00	08:04:00	""	CANCELADA	AFOGADOS	AV DR JOSE RUFINO	1110	""	NA ESQUINA DA RUA CARLOS PENA FILHO	AV DR JOSE RUFINO	1110	NA ESQUINA DA RUA CARLOS PENA FILHO	AFOGADOS		""	COLISÃO	COLISÃO SEM VITIMA	2									0		""	""	""	""	""	""	""	""	""	""	""	""	""
2734	2018-03-27T00:00:00	08:07:00	COM VÍTIMA	FINALIZADA	TORREÃO	AV NORTE	""	""	SEMAFRO Nº056	AV NORTE	""	SEMAFRO Nº056	TORREÃO		""	COLISÃO	COL.C/V UMA SET.SUB	1	1								1		""	""	""	""	""	""	""	""	""	""	""	""	""
2735	2018-03-27T00:00:00	08:08:00	COM VÍTIMA	FINALIZADA	TEJIPIÓ	AV DR JOSE RUFINO	""	""	EM FRENTE A HONDA	AV DR JOSE RUFINO	""	EM FRENTE A HONDA	TEJIPIÓ		""	COLISÃO	COLISÃO COM VITIMA		2								2		""	""	""	""	""	""	""	""	""	""	""	""	""
2736	2018-03-27T00:00:00	08:13:00	SEM VÍTIMA	FINALIZADA	AFOGADOS	RUA SAO MIGUEL	1136	""	EM FRENTE AO CHINA IN BOX, POSTO DE GASOLINA FEDERAL	RUA SAO MIGUEL	1136	EM FRENTE AO CHINA IN BOX, POSTO DE GASOLINA FEDERAL	AFOGADOS		""	COLISÃO	AUTO E MOTO	1	1								0		""	""	""	""	""	""	""	""	""	""	""	""	""
2737	2018-03-27T00:00:00	08:46:00	SEM VÍTIMA	FINALIZADA	TORREÃO	AV NORTE	""	""	PROX. A CARLOS EQUIPADORA, JUNTO AO SEMAFORO 376	AV NORTE	""	PROX. A CARLOS EQUIPADORA, JUNTO AO SEMAFORO 376	TORREÃO		""	COLISÃO	COLISÃO SEM VITIMA	1	1								0		""	""	""	""	""	""	""	""	""	""	""	""	""
2738	2018-03-27T00:00:00	08:47:00	SEM VÍTIMA	FINALIZADA	AFOGADOS	RUA SAO MIGUEL	1425	""	DEZ METROS APÓS O BODE DO NÕ SENT/SUB	RUA SAO MIGUEL	1425	DEZ METROS APÓS O BODE DO NÕ SENT/SUB	AFOGADOS		""	COLISÃO	SEM VITIMAS	2									0		""	""	""	""	""	""	""	""	""	""	""	""	""
2739	2018-03-27T00:00:00	08:47:00	SEM VÍTIMA	FINALIZADA	SANTO AMARO	AV CRUZ CABUGA	""	""	SEMAFORO Nº523	AV CRUZ CABUGA	""	SEMAFORO Nº523	SANTO AMARO		""	COLISÃO	COL.S/V.SET.CD	1					1				0		""	""	""	""	""	""	""	""	""	""	""	""	""
2740	2018-03-27T00:00:00	09:48:00	SEM VÍTIMA	FINALIZADA	BOA VIAGEM	AV ENGENHEIRO DOMINGOS FERREIRA	2600	""	EM FRENTE A FARMACIA INDEPENDENTE,SEMAFORO 550	AV ENGENHEIRO DOMINGOS FERREIRA	2600	EM FRENTE A FARMACIA INDEPENDENTE,SEMAFORO 550	BOA VIAGEM		""	COLISÃO	SEM VITIMAS	1						1			0		""	""	""	""	""	""	""	""	""	""	""	""	""
2741	2018-03-27T00:00:00	10:26:00	SEM VÍTIMA	FINALIZADA	CORDEIRO	RUA N S DA SAUDE	501	""	RESIDENCIAL CLUB DO AUTOMOVEL	RUA N S DA SAUDE	501	RESIDENCIAL CLUB DO AUTOMOVEL	CORDEIRO		""	COLISÃO	COLISÃO SEM VITIMA	1					1				0		""	""	""	""	""	""	""	""	""	""	""	""	""
2742	2018-03-27T00:00:00	10:30:00	COM VÍTIMA	FINALIZADA	IMBIRIBEIRA	AV MARECHAL MASCARENHAS DE MORAES	2671	""	EM FRENTE AO POSTO BR, SENTIDO RECIFE	AV MARECHAL MASCARENHAS DE MORAES	2671	EM FRENTE AO POSTO BR, SENTIDO RECIFE	IMBIRIBEIRA		""	ATROPELAMENTO	AUTO E PEDESTRE	1				1					1		""	""	""	""	""	""	""	""	""	""	""	""	""
2743	2018-03-27T00:00:00	10:32:00	SEM VÍTIMA	FINALIZADA	AFOGADOS	RUA COSME VIANA	550	""	EM FRENTE DA OFICINA CEMAUTO	RUA COSME VIANA	550	EM FRENTE DA OFICINA CEMAUTO	AFOGADOS		""	COLISÃO	COL.S/V ,SET .IMBIRIBEIRA	1	1								0		""	""	""	""	""	""	""	""	""	""	""	""	""
2744	2018-03-27T00:00:00	10:40:00	SEM VÍTIMA	FINALIZADA	BOA VIAGEM	RUA BARAO DE SOUZA LEAO	565	""	APOS O MAR HOTEL	RUA BARAO DE SOUZA LEAO	565	APOS O MAR HOTEL	BOA VIAGEM		""	COLISÃO	COLISÃO SEM VITIMA	1					1				0		""	""	""	""	""	""	""	""	""	""	""	""	""
2745	2018-03-27T00:00:00	10:53:00	SEM VÍTIMA	CANCELADA	ÁGUA FRIA	RUA JULIO RAMOS	""	""	JUNTO A DELEGACIA	RUA JULIO RAMOS	""	JUNTO A DELEGACIA	ÁGUA FRIA		""	COLISÃO	COLISÃO SEM VITIMA	2									0		""	""	""	""	""	""	""	""	""	""	""	""	""
2746	2018-03-27T00:00:00	10:58:00	SEM VÍTIMA	FINALIZADA	SANTO AMARO	AV GOVERNADOR AGAMENON MAGALHAES	""	""	EM FRENTE AO MINISTERIO DO TRABALHO, SENTIDO DERBY	AV GOVERNADOR AGAMENON MAGALHAES	""	EM FRENTE AO MINISTERIO DO TRABALHO, SENTIDO DERBY	SANTO AMARO		""	COLISÃO	AUTO E CAMINHAO SEM VITIMA	1						1			0		""	""	""	""	""	""	""	""	""	""	""	""	""
2747	2018-03-27T00:00:00	10:58:00	SEM VÍTIMA	FINALIZADA	CASA FORTE	AV DEZESSETE DE AGOSTO	""	""	NA FRENTE DA FARMACIA PAGUE MENOS	AV DEZESSETE DE AGOSTO	""	NA FRENTE DA FARMACIA PAGUE MENOS	CASA FORTE		""	COLISÃO	COLISÃO SEM VITIMA	2									0		""	""	""	""	""	""	""	""	""	""	""	""	""
2748	2018-03-27T00:00:00	10:58:00	SEM VÍTIMA	FINALIZADA	IPUTINGA	RUA SAO MATEUS	1160	""	EM FRENTE AO CONDOMINIO JARDIM FLORENÇA	RUA SAO MATEUS	1160	EM FRENTE AO CONDOMINIO JARDIM FLORENÇA	IPUTINGA		""	COLISÃO	SEM VITIMAS	1						1			0		""	""	""	""	""	""	""	""	""	""	""	""	""
2749	2018-03-27T00:00:00	11:18:00	SEM VÍTIMA	FINALIZADA	BOA VISTA	RUA SETE DE SETEMBRO	""	""	NA FRENTE DO 100% BRASIL	RUA SETE DE SETEMBRO	""	NA FRENTE DO 100% BRASIL	BOA VISTA		""	COLISÃO	COLISÃO SEM VITIMA							1		1	0		""	""	""	""	""	""	""	""	""	""	""	""	""
2750	2018-03-27T00:00:00	11:26:00	SEM VÍTIMA	FINALIZADA	SANTO AMARO	RUA CAPITAO LIMA	""	""	PX DA TV JORNAL	RUA CAPITAO LIMA	""	PX DA TV JORNAL	SANTO AMARO		""	COLISÃO	COL.S/V	1	1								0		""	""	""	""	""	""	""	""	""	""	""	""	""
2751	2018-03-27T00:00:00	11:32:00	SEM VÍTIMA	FINALIZADA	IMBIRIBEIRA	AV SUL	173	""	RESIDENCIAL BOA VIAGEM (DESOCUPADO)	AV SUL	173	RESIDENCIAL BOA VIAGEM (DESOCUPADO)	IMBIRIBEIRA		""	COLISÃO	SEM VITIMAS	1	1								0		""	""	""	""	""	""	""	""	""	""	""	""	""
2752	2018-03-27T00:00:00	11:51:00	COM VÍTIMA	FINALIZADA	BOA VIAGEM	RUA SETUBAL	""	""	LOCALIZA VEICULOS	RUA SETUBAL	""	LOCALIZA VEICULOS	BOA VIAGEM		""	ATROPELAMENTO	ATROPELAMENTO ENVOLVENDO PEDESTRE E MOTOCICLETA		1			1					1		""	""	""	""	""	""	""	""	""	""	""	""	""
2753	2018-03-27T00:00:00	11:54:00	SEM VÍTIMA	FINALIZADA	SANTO AMARO	AV GOVERNADOR AGAMENON MAGALHAES	""	""	APOS O VIADUTO DA AV. NORTE, EM FRENTE AO POSTO DISLUB, SENTIDO OLINDA	AV GOVERNADOR AGAMENON MAGALHAES	""	APOS O VIADUTO DA AV. NORTE, EM FRENTE AO POSTO DISLUB, SENTIDO OLINDA	SANTO AMARO		""	COLISÃO	AUTO E ONIBUS 	1					1				0		""	""	""	""	""	""	""	""	""	""	""	""	""
2754	2018-03-27T00:00:00	11:58:00	SEM VÍTIMA	FINALIZADA	SAN MARTIN	RUA ARSENIO CALACA	175	RUA VISCONDE DE PORTO SEGURO	PROX AO GIRADOURO COM RUA VISCONDE DE PORTO SEGURO E/F A QUITANDA SABOR E CIA	RUA ARSENIO CALACA	175	PROX AO GIRADOURO COM RUA VISCONDE DE PORTO SEGURO E/F A QUITANDA SABOR E CIA	SAN MARTIN		""	COLISÃO	COLISAO DE DOIS AUTOS S/V	2									0		""	""	""	""	""	""	""	""	""	""	""	""	""
2755	2018-03-27T00:00:00	12:11:00	SEM VÍTIMA	FINALIZADA	SANTO ANTÔNIO	AV N S DO CARMO	""	""	EM FRENTE A CASA PIO	AV N S DO CARMO	""	EM FRENTE A CASA PIO	SANTO ANTÔNIO		""	COLISÃO	COLISÃO SEM VITIMA	1					1				0		""	""	""	""	""	""	""	""	""	""	""	""	""
2756	2018-03-27T00:00:00	12:26:00	SEM VÍTIMA	FINALIZADA	IMBIRIBEIRA	AV MARECHAL MASCARENHAS DE MORAES	""	""	E/F AO AEROPORTO S/T CID	AV MARECHAL MASCARENHAS DE MORAES	""	E/F AO AEROPORTO S/T CID	IMBIRIBEIRA		""	COLISÃO	COLISAO DE TAXI E CARRETA S/V	1						1			0		""	""	""	""	""	""	""	""	""	""	""	""	""
2757	2018-03-27T00:00:00	12:32:00	COM VÍTIMA	FINALIZADA	AREIAS	AV RECIFE	""	""	SOBRE O VIADULTO ULISSES GUIMARÃES	AV RECIFE	""	SOBRE O VIADULTO ULISSES GUIMARÃES	AREIAS		""	COLISÃO	AUTO E MOTO COM VÍTIMA	1	1								1		""	""	""	""	""	""	""	""	""	""	""	""	""
2758	2018-03-27T00:00:00	13:03:00	SEM VÍTIMA	FINALIZADA	ESPINHEIRO	AV JOAO DE BARROS	1563	""	EM FRENTE A FEDERAÇAO ESPIRITA	AV JOAO DE BARROS	1563	EM FRENTE A FEDERAÇAO ESPIRITA	ESPINHEIRO		""	COLISÃO	DOIS AUTOS S/V	2									0		""	""	""	""	""	""	""	""	""	""	""	""	""
2759	2018-03-27T00:00:00	13:09:00	SEM VÍTIMA	FINALIZADA	IMBIRIBEIRA	AV MARECHAL MASCARENHAS DE MORAES	""	""	E/F A INFRAERO S/T PRAZERES	AV MARECHAL MASCARENHAS DE MORAES	""	E/F A INFRAERO S/T PRAZERES	IMBIRIBEIRA		""	COLISÃO	COLISAO DE DOIS AUTOS S/V	2									0		""	""	""	""	""	""	""	""	""	""	""	""	""
2760	2018-03-27T00:00:00	13:16:00	SEM VÍTIMA	FINALIZADA	BOA VIAGEM	RUA ERNESTO DE PAULA SANTOS	1172	""	APOS O VIADUTO TANCREDO NEVES, SENTIDO BOA VIAGEM, EM FRENTE A PAGUE MENOS	RUA ERNESTO DE PAULA SANTOS	1172	APOS O VIADUTO TANCREDO NEVES, SENTIDO BOA VIAGEM, EM FRENTE A PAGUE MENOS	BOA VIAGEM		""	COLISÃO	DOIS AUTOS S/V	2									0		""	""	""	""	""	""	""	""	""	""	""	""	""
2761	2018-03-27T00:00:00	13:27:00	SEM VÍTIMA	FINALIZADA	SANTO AMARO	RUA DOS PALMARES	""	""	EM FRENTE AO COMANDO DA GCMR	RUA DOS PALMARES	""	EM FRENTE AO COMANDO DA GCMR	SANTO AMARO		""	COLISÃO	COLI~SO ENTRE 4 VEÍCULOS SENDO QUE O CAUSADOR EVADIU-SE	4									0		""	""	""	""	""	""	""	""	""	""	""	""	""
2762	2018-03-27T00:00:00	13:28:00	SEM VÍTIMA	FINALIZADA	PRADO	AV ENGENHEIRO ABDIAS DE CARVALHO	""	""	NO SEMÁFORO 354/ SENTIDO CIDADE	AV ENGENHEIRO ABDIAS DE CARVALHO	""	NO SEMÁFORO 354/ SENTIDO CIDADE	PRADO		""	COLISÃO	COLISÃO SEM VÍTIMA	1								1	0		""	""	""	""	""	""	""	""	""	""	""	""	""
2763	2018-03-27T00:00:00	13:38:00	COM VÍTIMA	FINALIZADA	CAMPO GRANDE	EST DE BELEM	""	""	EM FRENTE AO ARMAZEM MACHADO	EST DE BELEM	""	EM FRENTE AO ARMAZEM MACHADO	CAMPO GRANDE		""	COLISÃO COM CICLISTA	COM VÍTIMA/ VT 07 NO LOCAL		1		1						2		""	""	""	""	""	""	""	""	""	""	""	""	""
2764	2018-03-27T00:00:00	13:47:00	SEM VÍTIMA	FINALIZADA	SÃO JOSÉ	PTE GIRATORIA	""	""	NA PONTE GIRATÓRIA	PTE GIRATORIA	""	NA PONTE GIRATÓRIA	SÃO JOSÉ		""	COLISÃO	COLISAO DE DOIS AUTOS S/V	2									0		""	""	""	""	""	""	""	""	""	""	""	""	""
2765	2018-03-27T00:00:00	14:16:00	COM VÍTIMA	FINALIZADA	SANTO AMARO	AV JOAO DE BARROS	""	""	E/F AO CLUBE DOS OFICIAIS	AV JOAO DE BARROS	""	E/F AO CLUBE DOS OFICIAIS	SANTO AMARO		""	COLISÃO	COLISAO DE AUTO E MOTO COM UMA VITIMA	1	1								1		""	""	""	""	""	""	""	""	""	""	""	""	""
2766	2018-03-27T00:00:00	14:56:00	SEM VÍTIMA	FINALIZADA	AFOGADOS	AV SUL	""	""	EEM FRENTE AO TERMINAL DO LARGO DA PAZ	AV SUL	""	EEM FRENTE AO TERMINAL DO LARGO DA PAZ	AFOGADOS		""	COLISÃO	AUTO E ONIBUS 	1					1				0		""	""	""	""	""	""	""	""	""	""	""	""	""
2767	2018-03-27T00:00:00	14:59:00	SEM VÍTIMA	FINALIZADA	IPUTINGA	RUA BOM PASTOR	292	""	E/F AO EDF RIO ARAUÁ	RUA BOM PASTOR	292	E/F AO EDF RIO ARAUÁ	IPUTINGA		""	COLISÃO	COLISAO DE DOIS AUTOS S/V VT 15 NO LOCAL	2									0		""	""	""	""	""	""	""	""	""	""	""	""	""
2768	2018-03-27T00:00:00	15:02:00	SEM VÍTIMA	FINALIZADA	BOA VISTA	RUA JOAO FERNANDES VIEIRA	""	""	E/F AO WALMART	RUA JOAO FERNANDES VIEIRA	""	E/F AO WALMART	BOA VISTA		""	COLISÃO	COLISAO DE AUTO E CARRO FORTE COM VOLUMES	2									0		""	""	""	""	""	""	""	""	""	""	""	""	""
2769	2018-03-27T00:00:00	15:21:00	SEM VÍTIMA	FINALIZADA	SÃO JOSÉ	AV SUL	""	""	EM FRENTE A GRANDE RECIFE/ SENTIDO CAIS DE SANTA RITA	AV SUL	""	EM FRENTE A GRANDE RECIFE/ SENTIDO CAIS DE SANTA RITA	SÃO JOSÉ		""	COLISÃO	COLISÃO SEM VÍTIMA	1	1								0		""	""	""	""	""	""	""	""	""	""	""	""	""
2770	2018-03-27T00:00:00	15:24:00	SEM VÍTIMA	FINALIZADA	TORRE	RUA REAL DA TORRE	705	""	EM FRENTE AO EDIFICIO ALDERBAR JUREMA	RUA REAL DA TORRE	705	EM FRENTE AO EDIFICIO ALDERBAR JUREMA	TORRE		""	COLISÃO	COLISÃO SEM VÍTIMA	1					1				0		""	""	""	""	""	""	""	""	""	""	""	""	""
2771	2018-03-27T00:00:00	15:29:00	SEM VÍTIMA	FINALIZADA	BOA VIAGEM	AV BOA VIAGEM	2876	""	E/F A PADARIA BOA VIAGEM	AV BOA VIAGEM	2876	E/F A PADARIA BOA VIAGEM	BOA VIAGEM		""	COLISÃO	COLISAO DE AUTO E MOTO S/V	1	1								0		""	""	""	""	""	""	""	""	""	""	""	""	""
2772	2018-03-27T00:00:00	15:38:00	SEM VÍTIMA	FINALIZADA	BOA VIAGEM	RUA JOSE ADERVAL CHAVES	1920	""	APOS O EXTRA SUPERMERCADO AO LADO DA CASA DOS FRIOS	RUA JOSE ADERVAL CHAVES	1920	APOS O EXTRA SUPERMERCADO AO LADO DA CASA DOS FRIOS	BOA VIAGEM		""	COLISÃO	COLISAO DE DOIS AUTOS S/V	2									0		""	""	""	""	""	""	""	""	""	""	""	""	""
2773	2018-03-27T00:00:00	16:12:00	SEM VÍTIMA	CANCELADA	ESTÂNCIA	AV RECIFE	""	""	NO PONTILHÃO DO METRO/ EM FRENTE A DMFGESSO/ SENTIDO BOA VIAGEM	AV RECIFE	""	NO PONTILHÃO DO METRO/ EM FRENTE A DMFGESSO/ SENTIDO BOA VIAGEM	ESTÂNCIA		""	COLISÃO	COLISÃO SEM VÍTIMA	1	1								0		""	""	""	""	""	""	""	""	""	""	""	""	""
2774	2018-03-27T00:00:00	17:02:00	SEM VÍTIMA	FINALIZADA	TORRE	RUA JOSE DE HOLANDA	1238	""	PROX A PRAÇA DA TORRE	RUA JOSE DE HOLANDA	1238	PROX A PRAÇA DA TORRE	TORRE		""	COLISÃO	COLISAO DE AUTO E MOTO S/V	1	1								0		""	""	""	""	""	""	""	""	""	""	""	""	""