_id	DATA	hora	natureza_acidente	situacao	bairro	endereco	numero	detalhe_endereco_acidente	complemento	endereco_cruzamento	numero_cruzamento	referencia_cruzamento	bairro_cruzamento	num_semaforo	sentido_via	tipo	descricao	auto	moto	ciclom	ciclista	pedestre	onibus	caminhao	viatura	outros	vitimas	vitimasfatais	acidente_verificado	tempo_clima	situacao_semaforo	sinalizacao	condicao_via	conservacao_via	ponto_controle	situacao_placa	velocidade_max_via	mao_direcao	divisao_via1	divisao_via2	divisao_via3
2775	2018-03-27T00:00:00	17:18:00	SEM VÍTIMA	CANCELADA	CABANGA	PTE GOVERNADOR PAULO GUERRA	""	""	NA DESCIDA DO VIA DUTO, APOS A COMPESA EM FRENTE A PARADA DE ONIBUS, SENTIDO PINA	PTE GOVERNADOR PAULO GUERRA	""	NA DESCIDA DO VIA DUTO, APOS A COMPESA EM FRENTE A PARADA DE ONIBUS, SENTIDO PINA	CABANGA		""	COLISÃO	AUTO E ONIBUS 	1					1				0		""	""	""	""	""	""	""	""	""	""	""	""	""
2776	2018-03-27T00:00:00	17:55:00	SEM VÍTIMA	EQUIPE EM DESLOCAMENTO	PINA	AVENIDA CELSO FURTADO (VIA MANGUE)	""	""	SENT. BOA VIAGEM APOS O RADAR	AVENIDA CELSO FURTADO (VIA MANGUE)	""	SENT. BOA VIAGEM APOS O RADAR	PINA		""	ENGAVETAMENTO	TRES AUTOS	3									0		""	""	""	""	""	""	""	""	""	""	""	""	""
2777	2018-03-27T00:00:00	18:06:00	SEM VÍTIMA	FINALIZADA	SANTO AMARO	RUA TREZE DE MAIO	""	AV NORTE	COM AV. NORTE, NO SEMAFORO 036	RUA TREZE DE MAIO	""	COM AV. NORTE, NO SEMAFORO 036	SANTO AMARO		""	COLISÃO	DOIS AUTOS	2									0		""	""	""	""	""	""	""	""	""	""	""	""	""
2778	2018-03-27T00:00:00	18:07:00	SEM VÍTIMA	CANCELADA	BOA VIAGEM	RUA SARGENTO WALDIR CORREIA	""	""	APÓS O CANAL A 1ª ESQUERDA	RUA SARGENTO WALDIR CORREIA	""	APÓS O CANAL A 1ª ESQUERDA	BOA VIAGEM		""	COLISÃO	TRES AUTOS	3									0		""	""	""	""	""	""	""	""	""	""	""	""	""
2779	2018-03-27T00:00:00	18:06:00	SEM VÍTIMA	FINALIZADA	CASA AMARELA	RUA DA HARMONIA	""	EST ENCANAMENTO	COM ESTRADA DO ENCANAMENTO	RUA DA HARMONIA	""	COM ESTRADA DO ENCANAMENTO	CASA AMARELA		""	COLISÃO	DOIS AUTOS	2									0		""	""	""	""	""	""	""	""	""	""	""	""	""
2780	2018-03-27T00:00:00	18:25:00	SEM VÍTIMA	FINALIZADA	BOA VIAGEM	RUA PEDRO PAES DE MENDONCA	""	""	NA ESQUINA DO WALMART	RUA PEDRO PAES DE MENDONCA	""	NA ESQUINA DO WALMART	BOA VIAGEM		""	COLISÃO	""	2									0		""	""	""	""	""	""	""	""	""	""	""	""	""
2781	2018-03-27T00:00:00	18:33:00	SEM VÍTIMA	FINALIZADA	MADALENA	RUA LOPES DE CARVALHO	""	RUA VISCONDE DE ALBUQUERQUE	COM A VISCONDE DE ALBUQUERQUE, APOS O LOJAO DO CABELEIREIRO E GALERIA SPUK	RUA LOPES DE CARVALHO	""	COM A VISCONDE DE ALBUQUERQUE, APOS O LOJAO DO CABELEIREIRO E GALERIA SPUK	MADALENA		""	COLISÃO	AUTO E MOTO	1	1								0		""	""	""	""	""	""	""	""	""	""	""	""	""
2782	2018-03-27T00:00:00	18:38:00	SEM VÍTIMA	FINALIZADA	ARRUDA	AV BEBERIBE	""	AV PROF JOSE DOS ANJOS	COM A PROF. JOSE DOS ANJOS, EM FRENTE AO ESTADIO DO ARRUDA, NO SEMAFORO 131	AV BEBERIBE	""	COM A PROF. JOSE DOS ANJOS, EM FRENTE AO ESTADIO DO ARRUDA, NO SEMAFORO 131	ARRUDA		""	COLISÃO	ONIBUS E AUTO	1					1				0		""	""	""	""	""	""	""	""	""	""	""	""	""
2783	2018-03-27T00:00:00	18:39:00	COM VÍTIMA	FINALIZADA	ILHA JOANA BEZERRA	RUA DES GUERRA BARRETO	""	""	E/F AO FORUM JOANA BEZERRA	RUA DES GUERRA BARRETO	""	E/F AO FORUM JOANA BEZERRA	ILHA JOANA BEZERRA		""	COLISÃO	COLISÃO S/V	1	1								1		""	""	""	""	""	""	""	""	""	""	""	""	""
2784	2018-03-27T00:00:00	18:56:00	""	CANCELADA	ARRUDA	AV BEBERIBE	""	""	AO LADO DO BOMPREÇO	AV BEBERIBE	""	AO LADO DO BOMPREÇO	ARRUDA		""	COLISÃO	COLISÃO S/V	1					1				0		""	""	""	""	""	""	""	""	""	""	""	""	""
2785	2018-03-27T00:00:00	19:08:00	SEM VÍTIMA	FINALIZADA	ILHA DO LEITE	AV GOVERNADOR AGAMENON MAGALHAES	""	""	APOS O VIADULTO SENT. DERBY	AV GOVERNADOR AGAMENON MAGALHAES	""	APOS O VIADULTO SENT. DERBY	ILHA DO LEITE		""	COLISÃO	TRES AUTOS	3									0		""	""	""	""	""	""	""	""	""	""	""	""	""
2786	2018-03-27T00:00:00	20:12:00	SEM VÍTIMA	FINALIZADA	CORDEIRO	RUA CLAUDIO BROTHERHOOD	""	""	E/F AO SUPERMERCADO BOM DEMAIS	RUA CLAUDIO BROTHERHOOD	""	E/F AO SUPERMERCADO BOM DEMAIS	CORDEIRO		""	COLISÃO	COLISÃO S/V	2									0		""	""	""	""	""	""	""	""	""	""	""	""	""
2787	2018-03-27T00:00:00	20:21:00	SEM VÍTIMA	FINALIZADA	AFLITOS	RUA DES MARTINS PEREIRA	344	""	EM FRENTE A EMPRESA VIAGEM DARCY TURISMO	RUA DES MARTINS PEREIRA	344	EM FRENTE A EMPRESA VIAGEM DARCY TURISMO	AFLITOS		""	ENGAVETAMENTO	TRES AUTOS	3									0		""	""	""	""	""	""	""	""	""	""	""	""	""
2788	2018-03-27T00:00:00	22:39:00	SEM VÍTIMA	CANCELADA	TORRE	AV BEIRA RIO	""	""	EM FRENTE AO EMPORIO MARITIMO	AV BEIRA RIO	""	EM FRENTE AO EMPORIO MARITIMO	TORRE		""	COLISÃO	DOIS AUTOS	2									0		""	""	""	""	""	""	""	""	""	""	""	""	""
2789	2018-03-28T00:00:00	06:36:00	SEM VÍTIMA	FINALIZADA	SÃO JOSÉ	RUA IMPERIAL	""	TRV RAPOSO	CRUZAMENTO COM TRAVESSA DO RAPOSO	RUA IMPERIAL	""	CRUZAMENTO COM TRAVESSA DO RAPOSO	SÃO JOSÉ		""	COLISÃO	2 AUTOS S/VITIMA										0		""	""	""	""	""	""	""	""	""	""	""	""	""
2790	2018-03-28T00:00:00	07:03:00	SEM VÍTIMA	FINALIZADA	APIPUCOS	RUA ITATIAIA	""	RUA DOIS IRMÃOS	EM FRENTE AO DECIMO PRIMEIRO BATALHÃO DE ZESSETE DE AGOSTO/CRUZAMENTO COM A RUA DOIS IRMÃOS	RUA ITATIAIA	""	EM FRENTE AO DECIMO PRIMEIRO BATALHÃO DE ZESSETE DE AGOSTO/CRUZAMENTO COM A RUA DOIS IRMÃOS	APIPUCOS		""	COLISÃO	SEM VITIMAS	2									0		""	""	""	""	""	""	""	""	""	""	""	""	""
2791	2018-03-28T00:00:00	07:28:00	SEM VÍTIMA	CANCELADA	ÁGUA FRIA	RUA ZEFERINO AGRA	328	""	COLEGIO ADVENTISTA	RUA ZEFERINO AGRA	328	COLEGIO ADVENTISTA	ÁGUA FRIA		""	COLISÃO	COLISÃO SEM VITIMAS						1			1	0		""	""	""	""	""	""	""	""	""	""	""	""	""
2792	2018-03-28T00:00:00	08:05:00	COM VÍTIMA	FINALIZADA	ENCRUZILHADA	RUA JULIAO NETO	""	RUA OTAVIO DE FREITAS	CRUZAMENTO COM A RUA OTAVIO DE FREITAS	RUA JULIAO NETO	""	CRUZAMENTO COM A RUA OTAVIO DE FREITAS	ENCRUZILHADA		""	COLISÃO	COM UMA VITIMA AGUARDANDO BOMBEIROS	1	1								1		""	""	""	""	""	""	""	""	""	""	""	""	""
2793	2018-03-28T00:00:00	08:21:00	SEM VÍTIMA	FINALIZADA	IPUTINGA	RUA MANOEL JOAQUIM DE ALMEIDA	96	""	E/F A COSTAMED AO LADO DA LOTERICA	RUA MANOEL JOAQUIM DE ALMEIDA	96	E/F A COSTAMED AO LADO DA LOTERICA	IPUTINGA		""	COLISÃO	COLISAO DE AMBULANCIA E AUTO S/V	1							1		0		""	""	""	""	""	""	""	""	""	""	""	""	""
2794	2018-03-28T00:00:00	08:32:00	SEM VÍTIMA	CANCELADA	AFOGADOS	EST DOS REMEDIOS	1397	""	EM FRENTE DA JEEP	EST DOS REMEDIOS	1397	EM FRENTE DA JEEP	AFOGADOS		""	COLISÃO	COL.S/V.SET.CD	2									0		""	""	""	""	""	""	""	""	""	""	""	""	""
2795	2018-03-28T00:00:00	08:39:00	COM VÍTIMA	FINALIZADA	CAXANGÁ	AV CAXANGA	""	""	E/F A AUTO ESCOLA PILOTO S/T SUB	AV CAXANGA	""	E/F A AUTO ESCOLA PILOTO S/T SUB	CAXANGÁ		""	COLISÃO	COLISAO DE AUTO E MOTO COM UMA VITIMA	1	1								1		""	""	""	""	""	""	""	""	""	""	""	""	""
2796	2018-03-28T00:00:00	09:09:00	SEM VÍTIMA	FINALIZADA	PINA	AV ENGENHEIRO DOMINGOS FERREIRA	""	""	NA FRENTE DA CLINICAL CENTER	AV ENGENHEIRO DOMINGOS FERREIRA	""	NA FRENTE DA CLINICAL CENTER	PINA		""	COLISÃO	COLISÃO SEM COLISÃO	3									0		""	""	""	""	""	""	""	""	""	""	""	""	""
2797	2018-03-28T00:00:00	10:40:00	SEM VÍTIMA	FINALIZADA	GRAÇAS	AV CONS ROSA E SILVA	469	""	EDF/MAISON LANGGUTH	AV CONS ROSA E SILVA	469	EDF/MAISON LANGGUTH	GRAÇAS		""	COLISÃO	COL.S/V	1					1				0		""	""	""	""	""	""	""	""	""	""	""	""	""
2798	2018-03-28T00:00:00	10:47:00	""	CANCELADA	ESPINHEIRO	AV CONS ROSA E SILVA	""	""	JUNTO AO HOSP. DOS SERVIDORES	AV CONS ROSA E SILVA	""	JUNTO AO HOSP. DOS SERVIDORES	ESPINHEIRO		""	COLISÃO	COLISÃO SEM VITIMA	1					1				0		""	""	""	""	""	""	""	""	""	""	""	""	""
2799	2018-03-28T00:00:00	11:03:00	SEM VÍTIMA	FINALIZADA	MADALENA	RUA BENFICA	""	""	EM AO POSTO DO EXTRA	RUA BENFICA	""	EM AO POSTO DO EXTRA	MADALENA		""	COLISÃO	COL.S/V,	2									0		""	""	""	""	""	""	""	""	""	""	""	""	""
2800	2018-03-28T00:00:00	12:34:00	SEM VÍTIMA	FINALIZADA	TAMARINEIRA	AV NORTE	4111	""	PROXIMO A SESC/ SENTIDO SUBURBIO	AV NORTE	4111	PROXIMO A SESC/ SENTIDO SUBURBIO	TAMARINEIRA		""	COLISÃO	COLISÃO SEM VITIMA	3					1				0		""	""	""	""	""	""	""	""	""	""	""	""	""
2801	2018-03-28T00:00:00	12:36:00	SEM VÍTIMA	FINALIZADA	VASCO DA GAMA	RUA VASCO DA GAMA	353	""	E/F AO CONJUNTO RESIDENCIAL PROFESSOR ADERBAL GALVAO	RUA VASCO DA GAMA	353	E/F AO CONJUNTO RESIDENCIAL PROFESSOR ADERBAL GALVAO	VASCO DA GAMA		""	COLISÃO	COLISAO DE AUTO E MOTO S/V	1	1								0		""	""	""	""	""	""	""	""	""	""	""	""	""
2802	2018-03-28T00:00:00	13:05:00	SEM VÍTIMA	FINALIZADA	DERBY	AV GOVERNADOR AGAMENON MAGALHAES	""	""	E/F A O COLEGIO BARBOSA LIMA S/T OLINDA	AV GOVERNADOR AGAMENON MAGALHAES	""	E/F A O COLEGIO BARBOSA LIMA S/T OLINDA	DERBY		""	COLISÃO	COLISAO DE DOIS AUTOS S/V	2									0		""	""	""	""	""	""	""	""	""	""	""	""	""
2803	2018-03-28T00:00:00	13:09:00	SEM VÍTIMA	FINALIZADA	AFOGADOS	RUA COSME VIANA	""	""	SEMAFORO 334	RUA COSME VIANA	""	SEMAFORO 334	AFOGADOS		""	COLISÃO COM CICLISTA	AUTO E CICLISTA	1			1						0		""	""	""	""	""	""	""	""	""	""	""	""	""
2804	2018-03-28T00:00:00	13:39:00	SEM VÍTIMA	FINALIZADA	SÃO JOSÉ	RUA IMPERIAL	""	""	NO SEMÁFORO 207	RUA IMPERIAL	""	NO SEMÁFORO 207	SÃO JOSÉ		""	COLISÃO	COLISÃO SEM VITIMA	2									0		""	""	""	""	""	""	""	""	""	""	""	""	""
2805	2018-03-28T00:00:00	14:16:00	COM VÍTIMA	FINALIZADA	BOA VIAGEM	AV HERCULANO BANDEIRA	""	""	E/F A IGREJA DO PINA	AV HERCULANO BANDEIRA	""	E/F A IGREJA DO PINA	BOA VIAGEM		""	COLISÃO	COLISAO DE AUTO E MOTO COM UMA VITIMA	1	1								1		""	""	""	""	""	""	""	""	""	""	""	""	""
2806	2018-03-28T00:00:00	14:58:00	COM VÍTIMA	FINALIZADA	IPSEP	AV RECIFE	1311	""	PROX. AO SAL E BRASA, SENTIDO AEROPORTO	AV RECIFE	1311	PROX. AO SAL E BRASA, SENTIDO AEROPORTO	IPSEP		""	COLISÃO	DOIS AUTO E UMA MOTO	2	1								2		""	""	""	""	""	""	""	""	""	""	""	""	""
2807	2018-03-28T00:00:00	15:00:00	SEM VÍTIMA	CANCELADA	IMBIRIBEIRA	AV MARECHAL MASCARENHAS DE MORAES	""	""	E/F A HYUNDAI S/T AFOGADOS	AV MARECHAL MASCARENHAS DE MORAES	""	E/F A HYUNDAI S/T AFOGADOS	IMBIRIBEIRA		""	COLISÃO	COLISAO AUTO E MOTO S/V	1	1								0		""	""	""	""	""	""	""	""	""	""	""	""	""
2808	2018-03-28T00:00:00	15:12:00	SEM VÍTIMA	CANCELADA	DERBY	AV GOVERNADOR AGAMENON MAGALHAES	""	""	E/F AO HOSPITAL PORTUGUES S/T OLINDA	AV GOVERNADOR AGAMENON MAGALHAES	""	E/F AO HOSPITAL PORTUGUES S/T OLINDA	DERBY		""	COLISÃO	COLISAO DE DOIS AUTOS S/V	2									0		""	""	""	""	""	""	""	""	""	""	""	""	""
2809	2018-03-28T00:00:00	15:59:00	SEM VÍTIMA	FINALIZADA	CAMPO GRANDE	RUA PROFESSOR FRANCISCO DA TRINDADE	290	""	POR TRÁS DO CLUBE DAS PÁS	RUA PROFESSOR FRANCISCO DA TRINDADE	290	POR TRÁS DO CLUBE DAS PÁS	CAMPO GRANDE		""	COLISÃO	COLISÃO COM VÍTIMA	1	1								0		""	""	""	""	""	""	""	""	""	""	""	""	""
2810	2018-03-28T00:00:00	16:15:00	SEM VÍTIMA	FINALIZADA	IPSEP	AV RECIFE	2967	""	AO LADO DO POSTO TOTAL/ SENTIDO AFOGADOS	AV RECIFE	2967	AO LADO DO POSTO TOTAL/ SENTIDO AFOGADOS	IPSEP		""	COLISÃO	COLISÃO SEM VÍTIMA	2									0		""	""	""	""	""	""	""	""	""	""	""	""	""
2811	2018-03-28T00:00:00	16:54:00	SEM VÍTIMA	FINALIZADA	ILHA DO RETIRO	AV JOSE GONCALVES DE MEDEIROS	""	""	POR TRAS DO EXTRA E/F AO SPORT	AV JOSE GONCALVES DE MEDEIROS	""	POR TRAS DO EXTRA E/F AO SPORT	ILHA DO RETIRO		""	COLISÃO	COLISAO DE DOIS AUTOS S/V	2									0		""	""	""	""	""	""	""	""	""	""	""	""	""
2812	2018-03-28T00:00:00	17:24:00	SEM VÍTIMA	FINALIZADA	IPUTINGA	RUA DR JOSE ANASTACIO DA SILVA GUIMARAES	562	""	PROX. A MERCADO COBAL DE CARDOSO	RUA DR JOSE ANASTACIO DA SILVA GUIMARAES	562	PROX. A MERCADO COBAL DE CARDOSO	IPUTINGA		""	COLISÃO	AUTO E ONIBUS DA MOBI	1					1				0		""	""	""	""	""	""	""	""	""	""	""	""	""
2813	2018-03-28T00:00:00	17:34:00	SEM VÍTIMA	FINALIZADA	IPSEP	RUA ARQUITETO LUIZ NUNES	""	""	""	RUA ARQUITETO LUIZ NUNES	""	""	IPSEP		""	ACID. DE PERCURSO	""										0		""	""	""	""	""	""	""	""	""	""	""	""	""
2814	2018-03-28T00:00:00	17:36:00	SEM VÍTIMA	FINALIZADA	DERBY	AV GOVERNADOR AGAMENON MAGALHAES	""	""	E/F AO PORTUGUES NA SUBIDA DO VIADUTO S/T BOA VIAGEM	AV GOVERNADOR AGAMENON MAGALHAES	""	E/F AO PORTUGUES NA SUBIDA DO VIADUTO S/T BOA VIAGEM	DERBY		""	COLISÃO	COLISAO DE AUTO E CAMINHAO S/V	1						1			0		""	""	""	""	""	""	""	""	""	""	""	""	""
2815	2018-03-28T00:00:00	18:11:00	SEM VÍTIMA	CANCELADA	AFOGADOS	RUA VINTE E UM DE ABRIL	""	""	PROX AO CLUBE FERROVIARIO/ PAN DELICIA	RUA VINTE E UM DE ABRIL	""	PROX AO CLUBE FERROVIARIO/ PAN DELICIA	AFOGADOS		""	COLISÃO	COLISÃO S/V	1	1								0		""	""	""	""	""	""	""	""	""	""	""	""	""
2816	2018-03-28T00:00:00	18:21:00	SEM VÍTIMA	FINALIZADA	MADALENA	AV BEIRA RIO	156	""	""	AV BEIRA RIO	156	""	MADALENA		""	ENGAVETAMENTO	""										0		""	""	""	""	""	""	""	""	""	""	""	""	""
2817	2018-03-28T00:00:00	18:47:00	COM VÍTIMA	FINALIZADA	IPSEP	RUA ITAJAI	24	""	E/F A LUTEC / PRÓX AO HOTEL MILENIO	RUA ITAJAI	24	E/F A LUTEC / PRÓX AO HOTEL MILENIO	IPSEP		""	COLISÃO	ENTRE AUTO E MOTO- C/V	1	1								1		""	""	""	""	""	""	""	""	""	""	""	""	""
2818	2018-03-28T00:00:00	18:55:00	SEM VÍTIMA	FINALIZADA	TORREÃO	RUA OTHON PARAISO	""	""	NO FINAL DA RUA DO PRAÇA DA PICANHA	RUA OTHON PARAISO	""	NO FINAL DA RUA DO PRAÇA DA PICANHA	TORREÃO		""	COLISÃO	""	1		1							0		""	""	""	""	""	""	""	""	""	""	""	""	""
2819	2018-03-28T00:00:00	19:20:00	SEM VÍTIMA	CANCELADA	SANTO AMARO	AV GOVERNADOR AGAMENON MAGALHAES	""	""	PRÓX AO SHOPPING TACARUNA, SNT OLINDA / E/F AO POSTO BR	AV GOVERNADOR AGAMENON MAGALHAES	""	PRÓX AO SHOPPING TACARUNA, SNT OLINDA / E/F AO POSTO BR	SANTO AMARO		""	COLISÃO	ENTRE 2 AUTOS. S/V	2									0		""	""	""	""	""	""	""	""	""	""	""	""	""
2820	2018-03-28T00:00:00	19:27:00	SEM VÍTIMA	FINALIZADA	ENCRUZILHADA	AV BEBERIBE	""	""	AO LADO DA FARMACIA PAGUE MENOS / SNT CIDADE-SUB	AV BEBERIBE	""	AO LADO DA FARMACIA PAGUE MENOS / SNT CIDADE-SUB	ENCRUZILHADA		""	COLISÃO	ENTRE AUTO E ÔNIBUS S/V	1					1				0		""	""	""	""	""	""	""	""	""	""	""	""	""
2821	2018-03-28T00:00:00	20:02:00	SEM VÍTIMA	CANCELADA	ILHA DO LEITE	AV GOVERNADOR AGAMENON MAGALHAES	""	RUA PAISSANDU	SENTIDO BOA VIAGEM/OLINDA EMFRENTE AO BANCO ITAÚ.SEMAFORO 069-AGAMENON COM PAISSADÚ	AV GOVERNADOR AGAMENON MAGALHAES	""	SENTIDO BOA VIAGEM/OLINDA EMFRENTE AO BANCO ITAÚ.SEMAFORO 069-AGAMENON COM PAISSADÚ	ILHA DO LEITE		""	ACID. DE PERCURSO	CONDUTOR CAIU NA VIA COM A MOTO .										0		""	""	""	""	""	""	""	""	""	""	""	""	""
2822	2018-03-28T00:00:00	20:08:00	SEM VÍTIMA	FINALIZADA	CORDEIRO	EST DO FORTE DO ARRAIAL N. DO B. JESUS	""	""	2 ESQUINA DA CIAFITY ACADEMIA STD CAXANGA/ TORROES	EST DO FORTE DO ARRAIAL N. DO B. JESUS	""	2 ESQUINA DA CIAFITY ACADEMIA STD CAXANGA/ TORROES	CORDEIRO		""	COLISÃO	COLISÃO S/V	2									0		""	""	""	""	""	""	""	""	""	""	""	""	""
2823	2018-03-28T00:00:00	20:22:00	COM VÍTIMA	FINALIZADA	CASA AMARELA	EST DAS UBAIAS,	147	""	E/F A PADARIA PAREA DELI	EST DAS UBAIAS,	147	E/F A PADARIA PAREA DELI	CASA AMARELA		""	COLISÃO	ENTRE AUTO E MOTO. C/V	1	1								1		""	""	""	""	""	""	""	""	""	""	""	""	""
2824	2018-03-28T00:00:00	21:04:00	SEM VÍTIMA	CANCELADA	CURADO	AV GETULIO VARGAS	3666	""	FABRICA DA GERDAU	AV GETULIO VARGAS	3666	FABRICA DA GERDAU	CURADO		""	COLISÃO	COLISÃO S/V							2			0		""	""	""	""	""	""	""	""	""	""	""	""	""
2825	2018-03-28T00:00:00	22:39:00	SEM VÍTIMA	FINALIZADA	IMBIRIBEIRA	AV MARECHAL MASCARENHAS DE MORAES	141	""	E/F A JUSTIÇA DO TRABALHO. SNT AFOGADOS	AV MARECHAL MASCARENHAS DE MORAES	141	E/F A JUSTIÇA DO TRABALHO. SNT AFOGADOS	IMBIRIBEIRA		""	COLISÃO	ENTRE AUTO E ÕNIBUS. S/V	1					1				0		""	""	""	""	""	""	""	""	""	""	""	""	""
2826	2018-03-28T00:00:00	23:31:00	SEM VÍTIMA	FINALIZADA	PINA	AV ENGENHEIRO DOMINGOS FERREIRA	""	""	NO INICO DA DOMINGOS FERREIRA / E/F AO POSTO TOTAL E PRÓX A IGREJA / SNT BOA VIAGEM	AV ENGENHEIRO DOMINGOS FERREIRA	""	NO INICO DA DOMINGOS FERREIRA / E/F AO POSTO TOTAL E PRÓX A IGREJA / SNT BOA VIAGEM	PINA		""	COLISÃO	ENTRE ONIBUS E AUTO. S/V	1					1				0		""	""	""	""	""	""	""	""	""	""	""	""	""
2827	2018-03-29T00:00:00	00:21:00	SEM VÍTIMA	FINALIZADA	JARDIM SÃO PAULO	RUA LEANDRO BARRETO	""	""	EM FRENTE PADARIA LA ROQUE // EM FRENTE AO MONTE LÍBANO	RUA LEANDRO BARRETO	""	EM FRENTE PADARIA LA ROQUE // EM FRENTE AO MONTE LÍBANO	JARDIM SÃO PAULO		""	COLISÃO	COLISÃO ENTRE AUTO E ÔNIBUS S/V	1					1				0		""	""	""	""	""	""	""	""	""	""	""	""	""
2828	2018-03-29T00:00:00	06:58:00	SEM VÍTIMA	FINALIZADA	BOA VIAGEM	AV BOA VIAGEM	3296	""	EDIF. 14 BIS	AV BOA VIAGEM	3296	EDIF. 14 BIS	BOA VIAGEM		""	COLISÃO	COLISÃO SEM VITIMA	3									0		""	""	""	""	""	""	""	""	""	""	""	""	""
2829	2018-03-29T00:00:00	07:03:00	SEM VÍTIMA	FINALIZADA	MADALENA	AV ENGENHEIRO ABDIAS DE CARVALHO	2116	""	ESQUINA DA DROGASIL COM A BIG BEM	AV ENGENHEIRO ABDIAS DE CARVALHO	2116	ESQUINA DA DROGASIL COM A BIG BEM	MADALENA		""	COLISÃO	COLISÃO SEM VITIMA	2									0		""	""	""	""	""	""	""	""	""	""	""	""	""
2830	2018-03-29T00:00:00	07:26:00	SEM VÍTIMA	FINALIZADA	CORDEIRO	RUA ODETE MONTEIRO	118	""	PETROCAL	RUA ODETE MONTEIRO	118	PETROCAL	CORDEIRO		""	COLISÃO	COLISÃO SEM VITIMA	2									0		""	""	""	""	""	""	""	""	""	""	""	""	""
2831	2018-03-29T00:00:00	07:32:00	""	CANCELADA	IPUTINGA	RUA ODETE MONTEIRO	""	""	EM FRENTE A PETROCAL	RUA ODETE MONTEIRO	""	EM FRENTE A PETROCAL	IPUTINGA		""	COLISÃO	DOIS AUTOS VT 14 NO QTH	2									0		""	""	""	""	""	""	""	""	""	""	""	""	""
2832	2018-03-29T00:00:00	07:38:00	SEM VÍTIMA	FINALIZADA	DERBY	AV GOVERNADOR AGAMENON MAGALHAES	""	""	SEMAFORO 068 / SENT OLINDA / EM FRENTE AO ITAU	AV GOVERNADOR AGAMENON MAGALHAES	""	SEMAFORO 068 / SENT OLINDA / EM FRENTE AO ITAU	DERBY		""	COLISÃO	DOIS AUTOS	2									0		""	""	""	""	""	""	""	""	""	""	""	""	""
2833	2018-03-29T00:00:00	08:33:00	COM VÍTIMA	FINALIZADA	ARRUDA	RUA DAS MOCAS	309	""	RESIDENCIA POR TRAS DO CAMPO DO ARRUDA EM FRENTE AO ARMAZEM SÃO JOÃO	RUA DAS MOCAS	309	RESIDENCIA POR TRAS DO CAMPO DO ARRUDA EM FRENTE AO ARMAZEM SÃO JOÃO	ARRUDA		""	COLISÃO	COLISÃO COM VITIMA A ESPERA DO SAMU	1	1								1		""	""	""	""	""	""	""	""	""	""	""	""	""
2834	2018-03-29T00:00:00	09:30:00	SEM VÍTIMA	FINALIZADA	PINA	AV BOA VIAGEM	""	""	EM FRENTE AO POSTO DE GASOLINA BR	AV BOA VIAGEM	""	EM FRENTE AO POSTO DE GASOLINA BR	PINA		""	COLISÃO	COLISÃO SEM VITIMAS SUB NO QTH	1	1								0		""	""	""	""	""	""	""	""	""	""	""	""	""
2835	2018-03-29T00:00:00	09:31:00	SEM VÍTIMA	CANCELADA	BOA VIAGEM	AV ENGENHEIRO DOMINGOS FERREIRA	683	""	EM FRENTE AO IBIS HOTEL	AV ENGENHEIRO DOMINGOS FERREIRA	683	EM FRENTE AO IBIS HOTEL	BOA VIAGEM		""	COLISÃO	SEM VITIMAS	1	1								0		""	""	""	""	""	""	""	""	""	""	""	""	""
2836	2018-03-29T00:00:00	09:33:00	SEM VÍTIMA	FINALIZADA	CABANGA	AV SUL	""	""	AO LADO DA ESTAÇAO DE TREM / SENT CIDADE	AV SUL	""	AO LADO DA ESTAÇAO DE TREM / SENT CIDADE	CABANGA		""	COLISÃO	DOIS AUTOS	2									0		""	""	""	""	""	""	""	""	""	""	""	""	""
2837	2018-03-29T00:00:00	09:43:00	""	CANCELADA	SÃO JOSÉ	AV SUL	""	""	POR TRAZ DA IGREJA DE SÃO JOSÉ, ANTES DO FORTE DAS 5 PONTAS	AV SUL	""	POR TRAZ DA IGREJA DE SÃO JOSÉ, ANTES DO FORTE DAS 5 PONTAS	SÃO JOSÉ		""	COLISÃO	COLISÃO SEM VITIMA	2									0		""	""	""	""	""	""	""	""	""	""	""	""	""
2838	2018-03-29T00:00:00	10:59:00	COM VÍTIMA	FINALIZADA	BOA VIAGEM	AV ANTONIO DE GOES	""	""	EM BAIXO DO SEMAFORO 103 EM FRENTE AO DNIT	AV ANTONIO DE GOES	""	EM BAIXO DO SEMAFORO 103 EM FRENTE AO DNIT	BOA VIAGEM		""	COLISÃO	COLISÃO COM 1 VITIMA A ESPERA DO SAMU	1	1								1		""	""	""	""	""	""	""	""	""	""	""	""	""
2839	2018-03-29T00:00:00	11:09:00	SEM VÍTIMA	FINALIZADA	BOA VISTA	RUA AURORA	""	""	DEFRONTE AO CINE SÃO LUIZ	RUA AURORA	""	DEFRONTE AO CINE SÃO LUIZ	BOA VISTA		""	COLISÃO	COLISÃO SEM VITIMA	2									0		""	""	""	""	""	""	""	""	""	""	""	""	""
2840	2018-03-29T00:00:00	11:15:00	SEM VÍTIMA	FINALIZADA	AREIAS	AV DR JOSE RUFINO	1099	""	EM FRENTE AO SENAI AO MERCADO PUBLICO DE AREIAS SENTIDO SUBURBIO CIDADE	AV DR JOSE RUFINO	1099	EM FRENTE AO SENAI AO MERCADO PUBLICO DE AREIAS SENTIDO SUBURBIO CIDADE	AREIAS		""	COLISÃO	COLISÃO SEM VITIMAS	1					1				0		""	""	""	""	""	""	""	""	""	""	""	""	""