_id	DATA	hora	natureza_acidente	situacao	bairro	endereco	numero	detalhe_endereco_acidente	complemento	endereco_cruzamento	numero_cruzamento	referencia_cruzamento	bairro_cruzamento	num_semaforo	sentido_via	tipo	descricao	auto	moto	ciclom	ciclista	pedestre	onibus	caminhao	viatura	outros	vitimas	vitimasfatais	acidente_verificado	tempo_clima	situacao_semaforo	sinalizacao	condicao_via	conservacao_via	ponto_controle	situacao_placa	velocidade_max_via	mao_direcao	divisao_via1	divisao_via2	divisao_via3
2841	2018-03-29T00:00:00	11:28:00	""	CANCELADA	BOA VISTA	AV CONDE DA BOA VISTA	""	""	CRUZ COM A RUA DA AURORA EM FRENTE AO CINEMA SÃO LUIZ	AV CONDE DA BOA VISTA	""	CRUZ COM A RUA DA AURORA EM FRENTE AO CINEMA SÃO LUIZ	BOA VISTA		""	COLISÃO	COLISÃO SEM VITIMAS	2									0		""	""	""	""	""	""	""	""	""	""	""	""	""
2842	2018-03-29T00:00:00	12:04:00	SEM VÍTIMA	FINALIZADA	CIDADE UNIVERSITÁRIA	RUA GENERAL POLIDORO	""	""	E/F A PADARIA CDU	RUA GENERAL POLIDORO	""	E/F A PADARIA CDU	CIDADE UNIVERSITÁRIA		""	COLISÃO	""	2									0		""	""	""	""	""	""	""	""	""	""	""	""	""
2843	2018-03-29T00:00:00	12:21:00	SEM VÍTIMA	CANCELADA	IPUTINGA	RUA CORONEL FERNANDO FURTADO	""	""	NO TERMINAL DE ONIBUS DO CAIARA AO LADO DO CLUBE DA EMLURB	RUA CORONEL FERNANDO FURTADO	""	NO TERMINAL DE ONIBUS DO CAIARA AO LADO DO CLUBE DA EMLURB	IPUTINGA		""	COLISÃO	COLISAO DE AUTO E AUTO S/V	1					1				0		""	""	""	""	""	""	""	""	""	""	""	""	""
2844	2018-03-29T00:00:00	13:13:00	SEM VÍTIMA	FINALIZADA	TEJIPIÓ	AV DR JOSE RUFINO	328	""	E/F AO CARTÓRIO LOCAL DE TEJIPIO, SNT JABOATÃO	AV DR JOSE RUFINO	328	E/F AO CARTÓRIO LOCAL DE TEJIPIO, SNT JABOATÃO	TEJIPIÓ		""	COLISÃO	ENTRE 2 AUTOS. S-V	2									0		""	""	""	""	""	""	""	""	""	""	""	""	""
2845	2018-03-29T00:00:00	13:30:00	SEM VÍTIMA	CANCELADA	CORDEIRO	RUA MARIA QUITERIA	168	""	PROX. A DELEGACIA DO CORDEIRO	RUA MARIA QUITERIA	168	PROX. A DELEGACIA DO CORDEIRO	CORDEIRO		""	COLISÃO	DOIS AUTOS	2									0		""	""	""	""	""	""	""	""	""	""	""	""	""
2846	2018-03-29T00:00:00	13:50:00	SEM VÍTIMA	FINALIZADA	IMBIRIBEIRA	AV ENGENHEIRO ALVES DE SOUZA	""	""	SEMÁFORO 634	AV ENGENHEIRO ALVES DE SOUZA	""	SEMÁFORO 634	IMBIRIBEIRA		""	COLISÃO	ENTRE 2 AUTOS. S-V	2									0		""	""	""	""	""	""	""	""	""	""	""	""	""
2847	2018-03-29T00:00:00	14:01:00	SEM VÍTIMA	FINALIZADA	IPSEP	AV RAIMUNDO DINIZ	652	""	PROX AO MARTELINHO DE OURO	AV RAIMUNDO DINIZ	652	PROX AO MARTELINHO DE OURO	IPSEP		""	COLISÃO	COLISAO ENTRE TRES AUTOS S/V	3									0		""	""	""	""	""	""	""	""	""	""	""	""	""
2848	2018-03-29T00:00:00	14:54:00	SEM VÍTIMA	CANCELADA	NOVA DESCOBERTA	RUA NOVA DESCOBERTA	""	""	E/F A LOTERICA DE NOVA DESCOBERTA	RUA NOVA DESCOBERTA	""	E/F A LOTERICA DE NOVA DESCOBERTA	NOVA DESCOBERTA		""	COLISÃO	COLISAO DE ONIBUS E AUTO S/V	1					1				0		""	""	""	""	""	""	""	""	""	""	""	""	""
2849	2018-03-29T00:00:00	14:55:00	SEM VÍTIMA	FINALIZADA	BOA VIAGEM	AV BOA VIAGEM	6986	""	PROX. AO CLUBE DA AERONALTICA	AV BOA VIAGEM	6986	PROX. AO CLUBE DA AERONALTICA	BOA VIAGEM		""	COLISÃO	AUTO E ONIBUS 	1					1				0		""	""	""	""	""	""	""	""	""	""	""	""	""
2850	2018-03-29T00:00:00	15:02:00	SEM VÍTIMA	PENDENTE	CIDADE UNIVERSITÁRIA	AV PROFESSOR LUIZ FREIRE	500	""	E/F AO QUARTEL 7 REGIÃO MILITAR, PRÓX A FEDERAL	AV PROFESSOR LUIZ FREIRE	500	E/F AO QUARTEL 7 REGIÃO MILITAR, PRÓX A FEDERAL	CIDADE UNIVERSITÁRIA		""	COLISÃO	ENTRE 2 AUTOS. S-V	2									0		""	""	""	""	""	""	""	""	""	""	""	""	""
2851	2018-03-29T00:00:00	15:23:00	SEM VÍTIMA	FINALIZADA	BOA VIAGEM	AV ARMINDO MOURA	500	""	E/F A COMAR / SNT BV	AV ARMINDO MOURA	500	E/F A COMAR / SNT BV	BOA VIAGEM		""	COLISÃO	ENTRE 2 AUTOS. S-V	2									0		""	""	""	""	""	""	""	""	""	""	""	""	""
2852	2018-03-29T00:00:00	15:44:00	SEM VÍTIMA	CANCELADA	PARNAMIRIM	RUA DR JOSE DE GOES	284	""	E/F A IGREJA TEMPLO DO RECIFE MORMON	RUA DR JOSE DE GOES	284	E/F A IGREJA TEMPLO DO RECIFE MORMON	PARNAMIRIM		""	COLISÃO	COLISAO ENTRE DOIS AUTOS S/V	2									0		""	""	""	""	""	""	""	""	""	""	""	""	""
2853	2018-03-29T00:00:00	16:27:00	SEM VÍTIMA	FINALIZADA	VÁRZEA	RUA PROFESSOR CHAVES BATISTA	170	""	PROX. AO SAL E BRASA	RUA PROFESSOR CHAVES BATISTA	170	PROX. AO SAL E BRASA	VÁRZEA		""	COLISÃO	AUTO E CAMINHAO S/V	1					1				0		""	""	""	""	""	""	""	""	""	""	""	""	""
2854	2018-03-29T00:00:00	17:17:00	SEM VÍTIMA	FINALIZADA	PRADO	RUA RICARDO SALAZAR	""	""	REF SEMÁFORO 623	RUA RICARDO SALAZAR	""	REF SEMÁFORO 623	PRADO		""	COLISÃO	02 AUTOS PASSEIO	2									0		""	""	""	""	""	""	""	""	""	""	""	""	""
2855	2018-03-29T00:00:00	17:50:00	COM VÍTIMA	FINALIZADA	AFOGADOS	RUA SAO MIGUEL	""	""	E/F AO BANCO DO BRASIL	RUA SAO MIGUEL	""	E/F AO BANCO DO BRASIL	AFOGADOS		""	COLISÃO	ENTRE AUTO E MOTO. C/V	1	1								2		""	""	""	""	""	""	""	""	""	""	""	""	""
2856	2018-03-29T00:00:00	18:04:00	SEM VÍTIMA	FINALIZADA	ARRUDA	RUA DA REGENERACAO	""	RUA DAS MOCAS	PIZZARIA APLANTICO/ NO CRUZAMENTO COM RUA DAS MOÇAS	RUA DA REGENERACAO	""	PIZZARIA APLANTICO/ NO CRUZAMENTO COM RUA DAS MOÇAS	ARRUDA		""	COLISÃO	COLISAO COM MOTORISTA EMBRIAGADO	2									0		""	""	""	""	""	""	""	""	""	""	""	""	""
2857	2018-03-29T00:00:00	18:08:00	SEM VÍTIMA	FINALIZADA	AFOGADOS	RUA COSME VIANA	""	""	PROXIMO AO POSTO SETTA	RUA COSME VIANA	""	PROXIMO AO POSTO SETTA	AFOGADOS		""	COLISÃO	COLISAO ENTRE TRES AUTOS	3									0		""	""	""	""	""	""	""	""	""	""	""	""	""
2858	2018-03-29T00:00:00	18:55:00	SEM VÍTIMA	FINALIZADA	CAXANGÁ	RUA PROFESSOR ARMANDO DE MEIRA LINS	""	""	PRÓX A UPA DA CAXANGÁ / APÓS O POSTO SHEL, PRIMEIRA A DIREITA	RUA PROFESSOR ARMANDO DE MEIRA LINS	""	PRÓX A UPA DA CAXANGÁ / APÓS O POSTO SHEL, PRIMEIRA A DIREITA	CAXANGÁ		""	COLISÃO	ENTRE AUTO E CAMINHÃO . S/V	1						1			0		""	""	""	""	""	""	""	""	""	""	""	""	""
2859	2018-03-29T00:00:00	19:01:00	COM VÍTIMA	FINALIZADA	IMBIRIBEIRA	RUA ITACARI	""	""	CRUZANDO A RUA ITAJAI / E/F A DRIFOR E GOCIL E POR TRÁS DO BANCO ITAU	RUA ITACARI	""	CRUZANDO A RUA ITAJAI / E/F A DRIFOR E GOCIL E POR TRÁS DO BANCO ITAU	IMBIRIBEIRA		""	COLISÃO	ENTRE AUTO E MOTO. C/V	1	1								2		""	""	""	""	""	""	""	""	""	""	""	""	""
2860	2018-03-29T00:00:00	19:10:00	SEM VÍTIMA	FINALIZADA	JOANA BEZERRA	PTE JOSE DE BARROS LIMA	""	""	POR CIMA DO VIADUTO DE JOANA BEZERRA, SNT OLINDA / PRÓX AO FORUM DE JB	PTE JOSE DE BARROS LIMA	""	POR CIMA DO VIADUTO DE JOANA BEZERRA, SNT OLINDA / PRÓX AO FORUM DE JB	JOANA BEZERRA		""	COLISÃO	ENTRE AUTO E ÔNIBUS- S/V	1					1				0		""	""	""	""	""	""	""	""	""	""	""	""	""
2861	2018-03-29T00:00:00	19:39:00	SEM VÍTIMA	CANCELADA	IBURA	AV DOM HELDER CAMARA	""	RUA JOSE DURVAL	ESQUINA COM A R JOSÉ DURVAL CARNEIRO CANTERO / PRÓX AO NÚCLEU DA POLÍCIA DE IBURA DE BAIXO	AV DOM HELDER CAMARA	""	ESQUINA COM A R JOSÉ DURVAL CARNEIRO CANTERO / PRÓX AO NÚCLEU DA POLÍCIA DE IBURA DE BAIXO	IBURA		""	COLISÃO	ENTRE 2 AUTOS. S-V	2									0		""	""	""	""	""	""	""	""	""	""	""	""	""
2862	2018-03-29T00:00:00	21:02:00	SEM VÍTIMA	FINALIZADA	VÁRZEA	AV INACIO DE BARROS BARRETO	""	""	PROX. AO TERMINAL CDU BOA VIAGEM	AV INACIO DE BARROS BARRETO	""	PROX. AO TERMINAL CDU BOA VIAGEM	VÁRZEA		""	COLISÃO	COLISÃO S/V CONDUTOR PERDEU CONTROLE ENTROU EM UMA RESIDÊNCIA	2									0		""	""	""	""	""	""	""	""	""	""	""	""	""
2863	2018-03-29T00:00:00	21:17:00	COM VÍTIMA	FINALIZADA	BOA VISTA	RUA MONTE CASTELO	35	""	PROX AO POSTO IPIRANGA SENTIDO QUARTEL	RUA MONTE CASTELO	35	PROX AO POSTO IPIRANGA SENTIDO QUARTEL	BOA VISTA		""	COLISÃO COM CICLISTA	COLISÃO C/V MOTORISTA QUER SE EVADIR DO LOCAL	1			1						1		""	""	""	""	""	""	""	""	""	""	""	""	""
2864	2018-03-29T00:00:00	23:49:00	SEM VÍTIMA	CANCELADA	VÁRZEA	RUA ENGENHEIRO VASCONCELOS BITTENCOURT	""	""	RUA DA TELHA BRASILIT	RUA ENGENHEIRO VASCONCELOS BITTENCOURT	""	RUA DA TELHA BRASILIT	VÁRZEA		""	COLISÃO	COLISÃO ENTRE DOIS AUTOS S/V	2									0		""	""	""	""	""	""	""	""	""	""	""	""	""
2865	2018-03-30T00:00:00	04:32:00	SEM VÍTIMA	FINALIZADA	TORRE	RUA REAL DA TORRE	""	""	EM FRENTE AO POSTO TORRE, PROX A REAL COCHOES	RUA REAL DA TORRE	""	EM FRENTE AO POSTO TORRE, PROX A REAL COCHOES	TORRE		""	COLISÃO	COLISÃO ENTRE DOIS AUTOS S/V	2									0		""	""	""	""	""	""	""	""	""	""	""	""	""
2866	2018-03-30T00:00:00	06:21:00	COM VÍTIMA	CANCELADA	BOA VIAGEM	RUA COSMORAMA	""	""	SEMAFORO 478,AO LADO COLEGIO MADRE DE DEUS	RUA COSMORAMA	""	SEMAFORO 478,AO LADO COLEGIO MADRE DE DEUS	BOA VIAGEM		""	COLISÃO	COM UMA VITIMA ,AGUARDANDO SAMU	1					1				1		""	""	""	""	""	""	""	""	""	""	""	""	""
2867	2018-03-30T00:00:00	08:15:00	SEM VÍTIMA	FINALIZADA	MADALENA	RUA REAL DA TORRE	""	""	NO TUNEL DA ABOLIÇÃO	RUA REAL DA TORRE	""	NO TUNEL DA ABOLIÇÃO	MADALENA		""	COLISÃO	SEM VITIMAS	2									0		""	""	""	""	""	""	""	""	""	""	""	""	""
2868	2018-03-30T00:00:00	12:42:00	SEM VÍTIMA	FINALIZADA	AREIAS	AV CAPITAO GREGORIO DE CALDAS	""	""	AO LADO DO WALL MART	AV CAPITAO GREGORIO DE CALDAS	""	AO LADO DO WALL MART	AREIAS		""	COLISÃO	COLISÃO SEM VITIMA	1					1				0		""	""	""	""	""	""	""	""	""	""	""	""	""
2869	2018-03-30T00:00:00	13:47:00	SEM VÍTIMA	FINALIZADA	IPSEP	RUA BLUMENAU	164	""	PROX. A FARMACIA SANTA LUZIA	RUA BLUMENAU	164	PROX. A FARMACIA SANTA LUZIA	IPSEP		""	COLISÃO	FDOIS AUTOS S/V	2									0		""	""	""	""	""	""	""	""	""	""	""	""	""
2870	2018-03-30T00:00:00	13:55:00	SEM VÍTIMA	FINALIZADA	CAMPO GRANDE	EST DE BELEM	""	""	EM FRENTE AO POSTO TOTAL/ NO SEMÁFORO 094	EST DE BELEM	""	EM FRENTE AO POSTO TOTAL/ NO SEMÁFORO 094	CAMPO GRANDE		""	COLISÃO	COLISÃO SEM VITIMA	2									0		""	""	""	""	""	""	""	""	""	""	""	""	""
2871	2018-03-30T00:00:00	14:33:00	COM VÍTIMA	FINALIZADA	IMBIRIBEIRA	RUA SARGENTO SILVINO DE MACEDO	620	""	E/F A NAT GEO DISTRIBUIDORA DE PRODUTOS NATURAIS	RUA SARGENTO SILVINO DE MACEDO	620	E/F A NAT GEO DISTRIBUIDORA DE PRODUTOS NATURAIS	IMBIRIBEIRA		""	COLISÃO	AUTO E MOTO COM VITIMA/ O CONTATO INFORMADO E DO SR SEVERINO QUE ENCONTRA-SE NO LOCAL	1	1								1		""	""	""	""	""	""	""	""	""	""	""	""	""
2872	2018-03-30T00:00:00	17:13:00	COM VÍTIMA	FINALIZADA	CORDEIRO	AV CAXANGA	1832	""	PROX. AO HOSPITAL GETULIO VARGAS, SENTIDO CID/SUB	AV CAXANGA	1832	PROX. AO HOSPITAL GETULIO VARGAS, SENTIDO CID/SUB	CORDEIRO		""	COLISÃO COM CICLISTA	ONIBUS DA MOBI E CICLISTA				1		1				1		""	""	""	""	""	""	""	""	""	""	""	""	""
2873	2018-03-30T00:00:00	18:10:00	COM VÍTIMA	CANCELADA	TEJIPIÓ	RUA PAPA JOAO VINTE E TRES	98	""	PROXIMO AO HOSPITAL OTAVIO DE FREITAS	RUA PAPA JOAO VINTE E TRES	98	PROXIMO AO HOSPITAL OTAVIO DE FREITAS	TEJIPIÓ		""	COLISÃO	""	1	1								1		""	""	""	""	""	""	""	""	""	""	""	""	""
2874	2018-03-30T00:00:00	18:40:00	COM VÍTIMA	FINALIZADA	SAN MARTIN	AV GENERAL SAN MARTIN	""	""	EM FRENTE A CAVALARIA	AV GENERAL SAN MARTIN	""	EM FRENTE A CAVALARIA	SAN MARTIN		""	COLISÃO	DUAS MOTOS		2								2		""	""	""	""	""	""	""	""	""	""	""	""	""
2875	2018-03-30T00:00:00	20:47:00	COM VÍTIMA	CANCELADA	IBURA	AV DOIS RIOS	S/N	""	PROXIMO DA LADEIRA DA COAB.	AV DOIS RIOS	S/N	PROXIMO DA LADEIRA DA COAB.	IBURA		""	COLISÃO	ACIDENTE COM MOTO E AUTO NÃO REPASSADA AS PLACAS E AS MARCA E MODELO DOS VEICULOS ENVOLVIDOS.	1	1								1		""	""	""	""	""	""	""	""	""	""	""	""	""
2876	2018-03-30T00:00:00	22:20:00	SEM VÍTIMA	FINALIZADA	CAXANGÁ	AV CAXANGA	1142	""	E/F A BELO AUTO PEÇAS, SNT CIDADE	AV CAXANGA	1142	E/F A BELO AUTO PEÇAS, SNT CIDADE	CAXANGÁ		""	COLISÃO	ENTRE 2 AUTOS. S/V	2									0		""	""	""	""	""	""	""	""	""	""	""	""	""
2877	2018-03-30T00:00:00	23:37:00	COM VÍTIMA	FINALIZADA	IMBIRIBEIRA	RUA ARQUITETO LUIZ NUNES	""	""	PRÓX A FACULDADE BOA VIAGEM / E/F AO CONJUNTO HABITACIONAL, CONHECIDO COMO '' PREDINHOS ''	RUA ARQUITETO LUIZ NUNES	""	PRÓX A FACULDADE BOA VIAGEM / E/F AO CONJUNTO HABITACIONAL, CONHECIDO COMO '' PREDINHOS ''	IMBIRIBEIRA		""	ATROPELAMENTO	** AO ATROPELAR O PEDESTRE, O AUTO ACABOU COLINDO COM OUTRO CARRO NA LOCALIDADE **	2				1					1		""	""	""	""	""	""	""	""	""	""	""	""	""
2878	2018-03-31T00:00:00	05:44:00	COM VÍTIMA	CANCELADA	JORDÃO	AV JULIO CESAR	""	AV MARIA IRENE	CRUZAMENTO COM AV MARIA IRENE // BEIRANDO O CANAL	AV JULIO CESAR	""	CRUZAMENTO COM AV MARIA IRENE // BEIRANDO O CANAL	JORDÃO		""	COLISÃO	COLISÃO ENTRE DOSI AUTOS C/V	1	1								1		""	""	""	""	""	""	""	""	""	""	""	""	""
2879	2018-03-31T00:00:00	05:48:00	SEM VÍTIMA	FINALIZADA	IMBIRIBEIRA	AV MARECHAL MASCARENHAS DE MORAES	""	""	EM FRENTE AO AEROPORTO	AV MARECHAL MASCARENHAS DE MORAES	""	EM FRENTE AO AEROPORTO	IMBIRIBEIRA		""	COLISÃO	COLISÃO ENTRE DOIS AUTOS S/V	2									0		""	""	""	""	""	""	""	""	""	""	""	""	""
2880	2018-03-31T00:00:00	08:05:00	COM VÍTIMA	FINALIZADA	PINA	AV ANTONIO DE GOES	""	""	LADO OPOSTO AO DNIT	AV ANTONIO DE GOES	""	LADO OPOSTO AO DNIT	PINA		""	COLISÃO	COLISAO ENTRE AUTO E MOTO COM VITIMA	1	1								1		""	""	""	""	""	""	""	""	""	""	""	""	""
2881	2018-03-31T00:00:00	08:47:00	SEM VÍTIMA	FINALIZADA	SÃO JOSÉ	AV SATURNINO DE BRITO	297	""	NA ALÇA DO VIADUTO QUE VAI PARA O RIO MAR	AV SATURNINO DE BRITO	297	NA ALÇA DO VIADUTO QUE VAI PARA O RIO MAR	SÃO JOSÉ		""	CHOQUE	SEM VITIMA	1									0		""	""	""	""	""	""	""	""	""	""	""	""	""
2882	2018-03-31T00:00:00	09:24:00	SEM VÍTIMA	FINALIZADA	BOA VIAGEM	RUA PROFESSOR AUGUSTO LINS E SILVA	769	RUA JOÃO CARDOSO AIRES	CRUZ COM A RUA JOÃO CARDOSO AYRES EM FRENTE AO RESIDENCIAL PUERTO BLANCO	RUA PROFESSOR AUGUSTO LINS E SILVA	769	CRUZ COM A RUA JOÃO CARDOSO AYRES EM FRENTE AO RESIDENCIAL PUERTO BLANCO	BOA VIAGEM		""	COLISÃO	COLISÃO SEM VITIMAS	2									0		""	""	""	""	""	""	""	""	""	""	""	""	""
2883	2018-03-31T00:00:00	09:46:00	COM VÍTIMA	FINALIZADA	PAISSANDU	RUA PAISSANDU	""	""	SEMAFORO 069, SENT/ILHADO RETIRO,AO LADO DO PORTUGUES	RUA PAISSANDU	""	SEMAFORO 069, SENT/ILHADO RETIRO,AO LADO DO PORTUGUES	PAISSANDU		""	COLISÃO	COM UMA VITIMA	1	1								1		""	""	""	""	""	""	""	""	""	""	""	""	""
2884	2018-03-31T00:00:00	10:17:00	SEM VÍTIMA	CANCELADA	AFOGADOS	RUA DA PAZ	""	RUA NICOLAU PEREIRA	CRUZ COM A RUA NICOLAU PEREIRA EM FRENTE A LOJA PNEUS FACIL	RUA DA PAZ	""	CRUZ COM A RUA NICOLAU PEREIRA EM FRENTE A LOJA PNEUS FACIL	AFOGADOS		""	COLISÃO	COLISÃO SEM VITIMAS	1						1			0		""	""	""	""	""	""	""	""	""	""	""	""	""
2885	2018-03-31T00:00:00	12:14:00	SEM VÍTIMA	FINALIZADA	CAMPO GRANDE	EST DE BELEM	1273	""	PROX. A SCAVE ENGENHARIA	EST DE BELEM	1273	PROX. A SCAVE ENGENHARIA	CAMPO GRANDE		""	COLISÃO	DOIS AUTOS	2									0		""	""	""	""	""	""	""	""	""	""	""	""	""
2886	2018-03-31T00:00:00	14:01:00	SEM VÍTIMA	FINALIZADA	AREIAS	RUA AURORA CACOTE	523	""	EM FRENTE AO CARDEAL PET, AO LADO DA FARMACIA FARMA FORÇA	RUA AURORA CACOTE	523	EM FRENTE AO CARDEAL PET, AO LADO DA FARMACIA FARMA FORÇA	AREIAS		""	COLISÃO	MOTO E AUTO	1	1								0		""	""	""	""	""	""	""	""	""	""	""	""	""
2887	2018-03-31T00:00:00	14:26:00	SEM VÍTIMA	FINALIZADA	COHAB	RUA DR BENIGNO JORDAO DE VASCONCELOS	975	""	PROX. DO TERMINAL E ESCOLA MUNICIPAL LAGOA ENCANTA	RUA DR BENIGNO JORDAO DE VASCONCELOS	975	PROX. DO TERMINAL E ESCOLA MUNICIPAL LAGOA ENCANTA	COHAB		""	COLISÃO	ONIBUS E CAMINHÃO						1	1			0		""	""	""	""	""	""	""	""	""	""	""	""	""
2888	2018-03-31T00:00:00	14:26:00	SEM VÍTIMA	FINALIZADA	IPSEP	RUA SAO NICOLAU	""	RUA HELIO BRANDÃO	CRUZ COM HELIO BRANDÃO EM FRENTE AO LAVA JATO GARAGEM QUATROCENTOS E DEZ	RUA SAO NICOLAU	""	CRUZ COM HELIO BRANDÃO EM FRENTE AO LAVA JATO GARAGEM QUATROCENTOS E DEZ	IPSEP		""	COLISÃO	COLISÃO SEM VITIMAS	1					1				0		""	""	""	""	""	""	""	""	""	""	""	""	""
2889	2018-03-31T00:00:00	15:49:00	SEM VÍTIMA	FINALIZADA	SANTO AMARO	AV CRUZ CABUGA	""	""	NA ENTRADA DO SHOPPING TACARUNA	AV CRUZ CABUGA	""	NA ENTRADA DO SHOPPING TACARUNA	SANTO AMARO		""	COLISÃO	COLISÃO SEM VITIMAS	2									0		""	""	""	""	""	""	""	""	""	""	""	""	""
2890	2018-03-31T00:00:00	16:12:00	COM VÍTIMA	FINALIZADA	JIQUIÁ	AV DR JOSE RUFINO	2072	""	EM FRENTE AO POSTO DE GASOLINA IPIRANGA	AV DR JOSE RUFINO	2072	EM FRENTE AO POSTO DE GASOLINA IPIRANGA	JIQUIÁ		""	COLISÃO	COLISÃO COM VITIMA	1	1								1		""	""	""	""	""	""	""	""	""	""	""	""	""
2891	2018-03-31T00:00:00	17:01:00	COM VÍTIMA	FINALIZADA	TORRE	RUA REAL DA TORRE	705	""	PROX AO MERCADO DA MADALENA EM FRENTE AO LOJÃO DO CONDOMINIO	RUA REAL DA TORRE	705	PROX AO MERCADO DA MADALENA EM FRENTE AO LOJÃO DO CONDOMINIO	TORRE		""	COLISÃO	COLISÃO COM VITIMA	1	1								1		""	""	""	""	""	""	""	""	""	""	""	""	""
2892	2018-03-31T00:00:00	18:07:00	SEM VÍTIMA	FINALIZADA	FUNDÃO	AV BEBERIBE	""	""	SEMÁFORO 307	AV BEBERIBE	""	SEMÁFORO 307	FUNDÃO		""	COLISÃO	ENTRE AUTO E MOTO. S/V	1	1								0		""	""	""	""	""	""	""	""	""	""	""	""	""
2893	2018-03-31T00:00:00	19:18:00	SEM VÍTIMA	FINALIZADA	SANTO AMARO	AV GOVERNADOR AGAMENON MAGALHAES	""	""	SEMÁFORO 465 / E/F A REITORIA FESP/UPE, SNT OLINDA	AV GOVERNADOR AGAMENON MAGALHAES	""	SEMÁFORO 465 / E/F A REITORIA FESP/UPE, SNT OLINDA	SANTO AMARO		""	ENGAVETAMENTO	ENTRE 3 AUTOS ( UM DOS AUTOS SE EVADIU DO LOCAL, RESTANDO APENAS DOIS) S/V.	3									0		""	""	""	""	""	""	""	""	""	""	""	""	""
2894	2018-03-31T00:00:00	19:50:00	SEM VÍTIMA	FINALIZADA	AFLITOS	AV CONS ROSA E SILVA	950	""	E/F AO INCRA	AV CONS ROSA E SILVA	950	E/F AO INCRA	AFLITOS		""	COLISÃO	ENTRE AUTO E ÔNIBUS, S/V. O CONDUTOR DO AUTO APRESENTA EMBRIAGUEZ	1						1			0		""	""	""	""	""	""	""	""	""	""	""	""	""
2895	2018-03-31T00:00:00	21:49:00	COM VÍTIMA	FINALIZADA	CABANGA	AV SUL	""	RUA NOVA DA CABANGA	SEMÁFORO 260 / CRUZANDO A RUA NOVA DA CABANGA	AV SUL	""	SEMÁFORO 260 / CRUZANDO A RUA NOVA DA CABANGA	CABANGA		""	COLISÃO	ENTRE 2 AUTOS. C/V	2									1		""	""	""	""	""	""	""	""	""	""	""	""	""
2896	2018-03-31T00:00:00	23:56:00	COM VÍTIMA	FINALIZADA	TORREÃO	RUA MARECHAL DEODORO	579	""	EM FRENTE FESTANÇA RECEPÇÕES	RUA MARECHAL DEODORO	579	EM FRENTE FESTANÇA RECEPÇÕES	TORREÃO		""	COLISÃO	COLISÃO ENTRE DOIS AUTOS ONDE UM AUTO APOS A COLISÃO VEIO A CAPOTAR C/V	2									1		""	""	""	""	""	""	""	""	""	""	""	""	""
2897	2018-04-01T00:00:00	03:04:00	SEM VÍTIMA	CANCELADA	SAN MARTIN	RUA COMENDADOR JOSE VITA	""	""	PRÓXIMO A CAVALARIA, 2ª RUA PARARELA	RUA COMENDADOR JOSE VITA	""	PRÓXIMO A CAVALARIA, 2ª RUA PARARELA	SAN MARTIN		""	COLISÃO	COLISÃO ENTRE DOIS AUTOS S/V	2									0		""	""	""	""	""	""	""	""	""	""	""	""	""
2898	2018-04-01T00:00:00	04:18:00	COM VÍTIMA	FINALIZADA	BOA VISTA	AV CONDE DA BOA VISTA	""	""	EM FRENTE AO POSTO SHEL	AV CONDE DA BOA VISTA	""	EM FRENTE AO POSTO SHEL	BOA VISTA		""	COLISÃO	COLISÃO ENTRE AUTO E MOTO C/V	1	1								1		""	""	""	""	""	""	""	""	""	""	""	""	""
2899	2018-04-01T00:00:00	04:33:00	SEM VÍTIMA	FINALIZADA	AFOGADOS	RUA SAO MIGUEL	""	""	EM FRENTE A PRAÇA LARGO DA PAZ, EM FRENTE AO BANCO ITAÚ	RUA SAO MIGUEL	""	EM FRENTE A PRAÇA LARGO DA PAZ, EM FRENTE AO BANCO ITAÚ	AFOGADOS		""	COLISÃO	COLISÃO ENTRE ÔNIBUS E AUTO S/V	1					1				0		""	""	""	""	""	""	""	""	""	""	""	""	""
2900	2018-04-01T00:00:00	04:52:00	COM VÍTIMA	FINALIZADA	ILHA DO RETIRO	RUA SPORT CLUBE DO RECIFE	""	""	EM FRENTE AO ESTÁDIO DO SPORT, SENTIDO BR	RUA SPORT CLUBE DO RECIFE	""	EM FRENTE AO ESTÁDIO DO SPORT, SENTIDO BR	ILHA DO RETIRO		""	COLISÃO	COLISÃO ENTRE DOIS AUTOS C/V	2									1		""	""	""	""	""	""	""	""	""	""	""	""	""
2901	2018-04-01T00:00:00	05:05:00	SEM VÍTIMA	FINALIZADA	CAMPO GRANDE	RUA ODORICO MENDES	""	""	EM FRENTE AO MARTELINHO DE OURO // PRÓXIMO AO SUPERMERCADO RENDE MAIS	RUA ODORICO MENDES	""	EM FRENTE AO MARTELINHO DE OURO // PRÓXIMO AO SUPERMERCADO RENDE MAIS	CAMPO GRANDE		""	CHOQUE	VEÍCULO CHOCOU-SE CONTRA UM POSTE	1									0		""	""	""	""	""	""	""	""	""	""	""	""	""
2902	2018-04-01T00:00:00	06:04:00	SEM VÍTIMA	FINALIZADA	MANGUEIRA	RUA VINTE E UM DE ABRIL	1'768	""	EM FRENTE AO A ASSISTENCIA TECNICA DA SINGER	RUA VINTE E UM DE ABRIL	1'768	EM FRENTE AO A ASSISTENCIA TECNICA DA SINGER	MANGUEIRA		""	COLISÃO	COLISÃO SEM VITIMAS	2									0		""	""	""	""	""	""	""	""	""	""	""	""	""
2903	2018-04-01T00:00:00	09:08:00	COM VÍTIMA	FINALIZADA	IMBIRIBEIRA	AV MARECHAL MASCARENHAS DE MORAES	""	""	SEM 570 SENTIDO SUB CID - AO LADO DO AEROPORTO	AV MARECHAL MASCARENHAS DE MORAES	""	SEM 570 SENTIDO SUB CID - AO LADO DO AEROPORTO	IMBIRIBEIRA		""	COLISÃO	FORD ECOSPORT X MOTO 160 BROS										2		""	""	""	""	""	""	""	""	""	""	""	""	""