_id	DATA	hora	natureza_acidente	situacao	bairro	endereco	numero	detalhe_endereco_acidente	complemento	endereco_cruzamento	numero_cruzamento	referencia_cruzamento	bairro_cruzamento	num_semaforo	sentido_via	tipo	descricao	auto	moto	ciclom	ciclista	pedestre	onibus	caminhao	viatura	outros	vitimas	vitimasfatais	acidente_verificado	tempo_clima	situacao_semaforo	sinalizacao	condicao_via	conservacao_via	ponto_controle	situacao_placa	velocidade_max_via	mao_direcao	divisao_via1	divisao_via2	divisao_via3
2904	2018-04-01T00:00:00	10:15:00	SEM VÍTIMA	FINALIZADA	IPUTINGA	RUA MAURICIO DE NASSAU	430	""	EM FRENTE PRESENTES E CHAVEROS	RUA MAURICIO DE NASSAU	430	EM FRENTE PRESENTES E CHAVEROS	IPUTINGA		""	COLISÃO	COL.S/V.SET.CD	1	1								0		""	""	""	""	""	""	""	""	""	""	""	""	""
2905	2018-04-01T00:00:00	12:30:00	SEM VÍTIMA	FINALIZADA	CASA FORTE	PRC DE CASA FORTE	505	""	EM FRENTE A EMPRESA GRUPO LIDER SEGUROS	PRC DE CASA FORTE	505	EM FRENTE A EMPRESA GRUPO LIDER SEGUROS	CASA FORTE		""	COLISÃO	COLISÃO SEM VITIMAS	2									0		""	""	""	""	""	""	""	""	""	""	""	""	""
2906	2018-04-01T00:00:00	13:02:00	SEM VÍTIMA	FINALIZADA	IPSEP	AV RECIFE	3448	""	EM FRENTE A EMPRESA AÇO RECIFE SENTIDO CAXANGA	AV RECIFE	3448	EM FRENTE A EMPRESA AÇO RECIFE SENTIDO CAXANGA	IPSEP		""	COLISÃO	COLISÃO SEM VITIMAS	3									0		""	""	""	""	""	""	""	""	""	""	""	""	""
2907	2018-04-01T00:00:00	18:08:00	SEM VÍTIMA	CANCELADA	BONGI	AV GENERAL SAN MARTIN	1083	""	EM FRENTE AO CENTRO DE DISTRIBUIÇÃO DOS CORREIOS	AV GENERAL SAN MARTIN	1083	EM FRENTE AO CENTRO DE DISTRIBUIÇÃO DOS CORREIOS	BONGI		""	COLISÃO	ONIBUS E AUTO	1					1				0		""	""	""	""	""	""	""	""	""	""	""	""	""
2908	2018-04-01T00:00:00	18:34:00	SEM VÍTIMA	CANCELADA	SANTO AMARO	AV CRUZ CABUGA	""	""	EM FRENTE AO SHOPPING TACARUNA	AV CRUZ CABUGA	""	EM FRENTE AO SHOPPING TACARUNA	SANTO AMARO		""	COLISÃO	DOIS AUTOS	2									0		""	""	""	""	""	""	""	""	""	""	""	""	""
2909	2018-04-01T00:00:00	19:18:00	SEM VÍTIMA	FINALIZADA	AREIAS	AV DR JOSE RUFINO	""	""	NO POSTO DE GASOLNA SHELL	AV DR JOSE RUFINO	""	NO POSTO DE GASOLNA SHELL	AREIAS		""	COLISÃO	DOIS AUTOS	2									0		""	""	""	""	""	""	""	""	""	""	""	""	""
2910	2018-04-01T00:00:00	19:25:00	SEM VÍTIMA	FINALIZADA	VÁRZEA	RUA GENERAL POLIDORO	""	AV PROFESSOR ARTUR DE SA	PROX. AO POSTO DE GASOLINA BR	RUA GENERAL POLIDORO	""	PROX. AO POSTO DE GASOLINA BR	VÁRZEA		""	COLISÃO	AUTO E ONIBUS	1					1				0		""	""	""	""	""	""	""	""	""	""	""	""	""
2911	2018-04-01T00:00:00	19:51:00	SEM VÍTIMA	FINALIZADA	ENGENHO DO MEIO	RUA ANTONIO CURADO	194	""	PROX. A PRAÇA DO ENGENHO DO MEIO, EM FRENTE AO DEPOSITO BODEGA DO ENGENHO	RUA ANTONIO CURADO	194	PROX. A PRAÇA DO ENGENHO DO MEIO, EM FRENTE AO DEPOSITO BODEGA DO ENGENHO	ENGENHO DO MEIO		""	COLISÃO	DOIS AUTOS	2									0		""	""	""	""	""	""	""	""	""	""	""	""	""
2912	2018-04-01T00:00:00	20:12:00	SEM VÍTIMA	FINALIZADA	JORDÃO	AV MARIA IRENE	255	""	AO LADO DO ATACADÃO JORDÃO	AV MARIA IRENE	255	AO LADO DO ATACADÃO JORDÃO	JORDÃO		""	COLISÃO	DOIS AUTOS	2									0		""	""	""	""	""	""	""	""	""	""	""	""	""
2913	2018-04-01T00:00:00	22:18:00	SEM VÍTIMA	FINALIZADA	IPSEP	AV RECIFE	2309	""	PROX. A BETEL LOCADORA E ENTRADA DO IBURA	AV RECIFE	2309	PROX. A BETEL LOCADORA E ENTRADA DO IBURA	IPSEP		""	COLISÃO	DOIS AUTOS	2									0		""	""	""	""	""	""	""	""	""	""	""	""	""
2914	2018-04-02T00:00:00	00:06:00	SEM VÍTIMA	FINALIZADA	BOA VIAGEM	AV ENGENHEIRO DOMINGOS FERREIRA	""	RUA PROFESSOR JOSE BRANDÃO	CRUZAMENTO COM A RUA PROFESSOR JOSE BRANDÃO, LADO DIREITO DA DOMINGOS FERREIRA	AV ENGENHEIRO DOMINGOS FERREIRA	""	CRUZAMENTO COM A RUA PROFESSOR JOSE BRANDÃO, LADO DIREITO DA DOMINGOS FERREIRA	BOA VIAGEM		""	COLISÃO	COLISÃO ENTRE DOIS AUTOS S/V	2									0		""	""	""	""	""	""	""	""	""	""	""	""	""
2915	2018-04-02T00:00:00	02:51:00	SEM VÍTIMA	FINALIZADA	ÁGUA FRIA	EST VELHA DE AGUA FRIA	1835	""	EM FRENTE O SUERMERCADO IDEAL, EM FRENTE A LEMOS BOMBONIERE, ESQUINA COM A FEIRA NOVA DE ÁGUA FRIA	EST VELHA DE AGUA FRIA	1835	EM FRENTE O SUERMERCADO IDEAL, EM FRENTE A LEMOS BOMBONIERE, ESQUINA COM A FEIRA NOVA DE ÁGUA FRIA	ÁGUA FRIA		""	CHOQUE	AUTO CHOCOU-SE COM MURO S/V, CONDUTOR APRESENTA SINTOMAS DE EMBRIAGUES	1									0		""	""	""	""	""	""	""	""	""	""	""	""	""
2916	2018-04-02T00:00:00	06:08:00	VÍTIMA FATAL	FINALIZADA	AFOGADOS	RUA VINTE E UM DE ABRIL	220	""	PROX. A PIPOQUEIRA VENEZA	RUA VINTE E UM DE ABRIL	220	PROX. A PIPOQUEIRA VENEZA	AFOGADOS		""	COLISÃO	ONIBUS E DUAS MOTOS C/V		2				1				1	1	""	""	""	""	""	""	""	""	""	""	""	""	""
2917	2018-04-02T00:00:00	06:29:00	SEM VÍTIMA	CANCELADA	SANTO AMARO	RUA FRANCISCO JACINTO	273	""	EM FRENTE DA ENTRADA PARA O HOSPITAL OSWALDO CRUZ	RUA FRANCISCO JACINTO	273	EM FRENTE DA ENTRADA PARA O HOSPITAL OSWALDO CRUZ	SANTO AMARO		""	COLISÃO	COL.S/V	2									0		""	""	""	""	""	""	""	""	""	""	""	""	""
2918	2018-04-02T00:00:00	07:56:00	SEM VÍTIMA	FINALIZADA	IMBIRIBEIRA	AV MARECHAL MASCARENHAS DE MORAES	""	""	EM FRENTE AO ANTIGO AEROPORTO, SENTIDO CENTRO	AV MARECHAL MASCARENHAS DE MORAES	""	EM FRENTE AO ANTIGO AEROPORTO, SENTIDO CENTRO	IMBIRIBEIRA		""	COLISÃO	DOIS AUTOS	2									0		""	""	""	""	""	""	""	""	""	""	""	""	""
2919	2018-04-02T00:00:00	08:04:00	SEM VÍTIMA	FINALIZADA	IMBIRIBEIRA	RUA ENGENHEIRO JOSE APOLINARIO	304	""	POR TRÁS DO ARMAZEM CORAL	RUA ENGENHEIRO JOSE APOLINARIO	304	POR TRÁS DO ARMAZEM CORAL	IMBIRIBEIRA		""	COLISÃO	COLISÃO SEM VÍTIMA	1					1				0		""	""	""	""	""	""	""	""	""	""	""	""	""
2920	2018-04-02T00:00:00	08:09:00	SEM VÍTIMA	FINALIZADA	BOA VIAGEM	AV CONSELHEIRO AGUIAR	""	RUA RIBEIRO DE BRITO	COM A RUA RIBEIRO DE BRITO	AV CONSELHEIRO AGUIAR	""	COM A RUA RIBEIRO DE BRITO	BOA VIAGEM		""	COLISÃO	SEM VITIMAS,CTTU NO LOCAL GM VAI FAZER O B.O	2									0		""	""	""	""	""	""	""	""	""	""	""	""	""
2921	2018-04-02T00:00:00	08:57:00	SEM VÍTIMA	FINALIZADA	JORDÃO	AV MARECHAL MASCARENHAS DE MORAES	6997	""	NO RETORNO DO TUNEL DO JORDÃO SENT/IMBIRIBEIRA	AV MARECHAL MASCARENHAS DE MORAES	6997	NO RETORNO DO TUNEL DO JORDÃO SENT/IMBIRIBEIRA	JORDÃO		""	COLISÃO	SEM VITIMAS	1					1				0		""	""	""	""	""	""	""	""	""	""	""	""	""
2922	2018-04-02T00:00:00	09:19:00	SEM VÍTIMA	PENDENTE	TORRE	RUA JOSE BONIFACIO	961	""	ATACADO DOS PRESENTE	RUA JOSE BONIFACIO	961	ATACADO DOS PRESENTE	TORRE		""	COLISÃO	COL.S/V	1	1								0		""	""	""	""	""	""	""	""	""	""	""	""	""
2923	2018-04-02T00:00:00	09:52:00	SEM VÍTIMA	FINALIZADA	BEBERIBE	AV BEBERIBE	4510	""	EM FRENTE AO POSTO DE SAUDE PROFESSOR MONTEIRO DE MORAES	AV BEBERIBE	4510	EM FRENTE AO POSTO DE SAUDE PROFESSOR MONTEIRO DE MORAES	BEBERIBE		""	COLISÃO	SEM VITIMAS	1	1								0		""	""	""	""	""	""	""	""	""	""	""	""	""
2924	2018-04-02T00:00:00	10:18:00	SEM VÍTIMA	FINALIZADA	VÁRZEA	AV CAXANGA	""	RUA SÃO FRANCISCO DE PAULA	ESQUINA COM RUA SAO FRANCISCO DE PAULA, EM FRENTE AO POSTO SHELL, SENTIDO CAMARAGIBE	AV CAXANGA	""	ESQUINA COM RUA SAO FRANCISCO DE PAULA, EM FRENTE AO POSTO SHELL, SENTIDO CAMARAGIBE	VÁRZEA		""	COLISÃO	AUTO E CAMINHAO	1						1			0		""	""	""	""	""	""	""	""	""	""	""	""	""
2925	2018-04-02T00:00:00	10:32:00	SEM VÍTIMA	FINALIZADA	BOA VISTA	AV GOVERNADOR AGAMENON MAGALHAES	""	""	EM FRENTE A WALMART/ SENTIDO OLINDA	AV GOVERNADOR AGAMENON MAGALHAES	""	EM FRENTE A WALMART/ SENTIDO OLINDA	BOA VISTA		""	COLISÃO	COLISÃO SEM VÍTIMA	2									0		""	""	""	""	""	""	""	""	""	""	""	""	""
2926	2018-04-02T00:00:00	10:46:00	SEM VÍTIMA	FINALIZADA	BAIRRO DO RECIFE	AV MILITAR	""	""	EM FRENTE AO POSTO BR	AV MILITAR	""	EM FRENTE AO POSTO BR	BAIRRO DO RECIFE		""	ENGAVETAMENTO	ENGAVETAMENTO DE 3 AUTOS PASSEIO SEM VÍTIMA	3									0		""	""	""	""	""	""	""	""	""	""	""	""	""
2927	2018-04-02T00:00:00	10:46:00	SEM VÍTIMA	FINALIZADA	SANTO AMARO	RUA CAPITAO LIMA	""	RUA DA FUNDICAO	CRUZAMENTO COM RUA DA FUNDIÇAO, POR TRAS DA GLOBO	RUA CAPITAO LIMA	""	CRUZAMENTO COM RUA DA FUNDIÇAO, POR TRAS DA GLOBO	SANTO AMARO		""	COLISÃO	DOIS AUTOS S/V	2									0		""	""	""	""	""	""	""	""	""	""	""	""	""
2928	2018-04-02T00:00:00	10:49:00	SEM VÍTIMA	FINALIZADA	PINA	RUA PAULO GUERRA	""	""	ENCIMA DA PONTE PAULO GUERRA	RUA PAULO GUERRA	""	ENCIMA DA PONTE PAULO GUERRA	PINA		""	COLISÃO	COL.S/V SET. BOA VIAGEM	3									0		""	""	""	""	""	""	""	""	""	""	""	""	""
2929	2018-04-02T00:00:00	11:49:00	SEM VÍTIMA	FINALIZADA	MADALENA	RUA JANUARIO BARBOSA	85	""	PROXIMO A ESCOLA EQUIPE	RUA JANUARIO BARBOSA	85	PROXIMO A ESCOLA EQUIPE	MADALENA		""	COLISÃO	COLISÃO SEM VÍTIMA	2									0		""	""	""	""	""	""	""	""	""	""	""	""	""
2930	2018-04-02T00:00:00	12:14:00	COM VÍTIMA	FINALIZADA	AFOGADOS	RUA MOTOCOLOMBO	190	""	EM FRENTE À IGREJA PRESBITERIANA	RUA MOTOCOLOMBO	190	EM FRENTE À IGREJA PRESBITERIANA	AFOGADOS		""	COLISÃO	AUTO E MOTO COM LESÕES	1	1								1		""	""	""	""	""	""	""	""	""	""	""	""	""
2931	2018-04-02T00:00:00	12:31:00	SEM VÍTIMA	FINALIZADA	BOA VIAGEM	RUA ERNESTO DE PAULA SANTOS	75	""	EM FRENTE AO EDIFICIO VIANNA DO CASTELO	RUA ERNESTO DE PAULA SANTOS	75	EM FRENTE AO EDIFICIO VIANNA DO CASTELO	BOA VIAGEM		""	COLISÃO	COLISÃO SEM VÍTIMA	2									0		""	""	""	""	""	""	""	""	""	""	""	""	""
2932	2018-04-02T00:00:00	12:34:00	SEM VÍTIMA	FINALIZADA	IPUTINGA	RUA TOMAZ GONZAGA	""	""	SEMAFO 280	RUA TOMAZ GONZAGA	""	SEMAFO 280	IPUTINGA		""	COLISÃO	DOIS AUTOS S/V	2									0		""	""	""	""	""	""	""	""	""	""	""	""	""
2933	2018-04-02T00:00:00	12:57:00	SEM VÍTIMA	CANCELADA	JORDÃO	AV GOVERNADOR TORRES GALVAO	16	""	PROXIMO A ESCOLA MUNICIPAL DE JORDÃO BAIXO	AV GOVERNADOR TORRES GALVAO	16	PROXIMO A ESCOLA MUNICIPAL DE JORDÃO BAIXO	JORDÃO		""	COLISÃO	COLISÃO SEM VÍTIMA						2				0		""	""	""	""	""	""	""	""	""	""	""	""	""
2934	2018-04-02T00:00:00	13:26:00	SEM VÍTIMA	FINALIZADA	DERBY	AV GOVERNADOR AGAMENON MAGALHAES	241A	""	EM FRENTE A CENTRAL DO DENTE	AV GOVERNADOR AGAMENON MAGALHAES	241A	EM FRENTE A CENTRAL DO DENTE	DERBY		""	COLISÃO	MOTO E AUTO	1	1								0		""	""	""	""	""	""	""	""	""	""	""	""	""
2935	2018-04-02T00:00:00	13:26:00	SEM VÍTIMA	FINALIZADA	MADALENA	AV VISCONDE DE ALBUQUERQUE	457	""	EM FRENTE A DELICATESSEN ENGENHO MADALENA	AV VISCONDE DE ALBUQUERQUE	457	EM FRENTE A DELICATESSEN ENGENHO MADALENA	MADALENA		""	COLISÃO	COLISÃO SEM VÍTIMA	2									0		""	""	""	""	""	""	""	""	""	""	""	""	""
2936	2018-04-02T00:00:00	13:48:00	SEM VÍTIMA	FINALIZADA	GRAÇAS	RUA JOAO RAMOS	""	RUA BRUNO MAIA	COM A RUA BRUNO MAIA / POR TRAS DA PIZZARIA ATLANTICO	RUA JOAO RAMOS	""	COM A RUA BRUNO MAIA / POR TRAS DA PIZZARIA ATLANTICO	GRAÇAS		""	COLISÃO	AMBULANCIA E AUTO	1							1		0		""	""	""	""	""	""	""	""	""	""	""	""	""
2937	2018-04-02T00:00:00	13:58:00	SEM VÍTIMA	FINALIZADA	ILHA DO RETIRO	AV ENGENHEIRO ABDIAS DE CARVALHO	""	""	EM FRENTE AO SPORT/ SENTIDO CIDADE	AV ENGENHEIRO ABDIAS DE CARVALHO	""	EM FRENTE AO SPORT/ SENTIDO CIDADE	ILHA DO RETIRO		""	COLISÃO	COLISÃO SEM VÍTIMA	1						1			0		""	""	""	""	""	""	""	""	""	""	""	""	""
2938	2018-04-02T00:00:00	14:48:00	COM VÍTIMA	FINALIZADA	BONGI	AV ENGENHEIRO ABDIAS DE CARVALHO	""	RUA BRANDÃO CAVALCANTI	COM A RUA BRANDAO CAVALCANTI / ESTACIONAMENTO DO LABORATORIO CERPE	AV ENGENHEIRO ABDIAS DE CARVALHO	""	COM A RUA BRANDAO CAVALCANTI / ESTACIONAMENTO DO LABORATORIO CERPE	BONGI		""	COLISÃO	MOTO E AUTO	1	1								1		""	""	""	""	""	""	""	""	""	""	""	""	""
2939	2018-04-02T00:00:00	14:49:00	SEM VÍTIMA	FINALIZADA	PINA	AV ANTONIO DE GOES	""	""	EM FRENTE AO EMPRESARIAL NILTON MELO/ SEMÁFORO 277	AV ANTONIO DE GOES	""	EM FRENTE AO EMPRESARIAL NILTON MELO/ SEMÁFORO 277	PINA		""	COLISÃO	COLISÃO SEM VÍTIMA	2									0		""	""	""	""	""	""	""	""	""	""	""	""	""
2940	2018-04-02T00:00:00	14:58:00	SEM VÍTIMA	CANCELADA	BOA VIAGEM	RUA DOS NAVEGANTES	1475	""	EM FRENTE AO EDIFICIO NATALIA	RUA DOS NAVEGANTES	1475	EM FRENTE AO EDIFICIO NATALIA	BOA VIAGEM		""	COLISÃO	COLISÃO SEM VÍTIMA	2									0		""	""	""	""	""	""	""	""	""	""	""	""	""
2941	2018-04-02T00:00:00	15:38:00	SEM VÍTIMA	FINALIZADA	MADALENA	RUA JOAO FERNANDES VIEIRA	""	""	PROX. AO WALMART E A FARMACIA BIG BEN, AO LADO DA PRAÇA PARQUE AMORIM	RUA JOAO FERNANDES VIEIRA	""	PROX. AO WALMART E A FARMACIA BIG BEN, AO LADO DA PRAÇA PARQUE AMORIM	MADALENA		""	COLISÃO	AUTO E ONIBUS 	1					1				0		""	""	""	""	""	""	""	""	""	""	""	""	""
2942	2018-04-02T00:00:00	16:23:00	SEM VÍTIMA	FINALIZADA	CASA AMARELA	RUA PADRE LEMOS	""	""	KINITOS	RUA PADRE LEMOS	""	KINITOS	CASA AMARELA		""	COLISÃO	COLISÃO SEM VITIMA	2									0		""	""	""	""	""	""	""	""	""	""	""	""	""
2943	2018-04-02T00:00:00	16:33:00	SEM VÍTIMA	FINALIZADA	MADALENA	RUA REAL DA TORRE	1060B	""	EM FRENTE A LIVRARIA BOA VISTA	RUA REAL DA TORRE	1060B	EM FRENTE A LIVRARIA BOA VISTA	MADALENA		""	COLISÃO	COLISÃO SEM VÍTIMA	1								1	0		""	""	""	""	""	""	""	""	""	""	""	""	""
2944	2018-04-02T00:00:00	16:34:00	SEM VÍTIMA	FINALIZADA	CIDADE UNIVERSITÁRIA	RUA GENERAL POLIDORO	635	""	EM FRENTE AO CONJUNTO RESIDENCIAL LUAR DO CAMPO, SENTIDO SUB/CID	RUA GENERAL POLIDORO	635	EM FRENTE AO CONJUNTO RESIDENCIAL LUAR DO CAMPO, SENTIDO SUB/CID	CIDADE UNIVERSITÁRIA		""	COLISÃO	AUTO E ONIBUS DA MOBI	1						1			0		""	""	""	""	""	""	""	""	""	""	""	""	""
2945	2018-04-02T00:00:00	16:52:00	COM VÍTIMA	FINALIZADA	SAN MARTIN	AV ENGENHEIRO ABDIAS DE CARVALHO	S/N	""	C/ AV. GENERAL SAN MARTIN	AV ENGENHEIRO ABDIAS DE CARVALHO	S/N	C/ AV. GENERAL SAN MARTIN	SAN MARTIN		""	COLISÃO	COLISÃO ENVOLVENDO CAMINHÃO E MOTOCICLETA COM VÍTIMA		1					1			1		""	""	""	""	""	""	""	""	""	""	""	""	""
2946	2018-04-02T00:00:00	17:01:00	SEM VÍTIMA	FINALIZADA	PINA	AV REPUBLICA DO LIBANO	251	""	EM FRENTE AO EMPRESARIAL RIOMAR	AV REPUBLICA DO LIBANO	251	EM FRENTE AO EMPRESARIAL RIOMAR	PINA		""	COLISÃO	AUTO E ONIBUS S/V	1					1				0		""	""	""	""	""	""	""	""	""	""	""	""	""
2947	2018-04-02T00:00:00	17:15:00	SEM VÍTIMA	FINALIZADA	MADALENA	RUA JOSE OSORIO	865	""	EM FRENTE AS LOJAS AUTO CAR RECIFE	RUA JOSE OSORIO	865	EM FRENTE AS LOJAS AUTO CAR RECIFE	MADALENA		""	COLISÃO	DUAS MOTOS		2								0		""	""	""	""	""	""	""	""	""	""	""	""	""
2948	2018-04-02T00:00:00	17:32:00	SEM VÍTIMA	FINALIZADA	BEBERIBE	AV BEBERIBE	""	""	RETORNO DA PRAÇA DA CONVENÇAO / EM FRENTE AO SUPERMERCADO DO GALEGO / SENT SUB	AV BEBERIBE	""	RETORNO DA PRAÇA DA CONVENÇAO / EM FRENTE AO SUPERMERCADO DO GALEGO / SENT SUB	BEBERIBE		""	COLISÃO	ONIBUS E AUTO PASSEIO	1					1				0		""	""	""	""	""	""	""	""	""	""	""	""	""
2949	2018-04-02T00:00:00	18:03:00	SEM VÍTIMA	CANCELADA	BOA VIAGEM	RUA AVIADOR SEVERIANO LINS	""	""	PROX CENTRO DE NATAÇÃO NIKITA	RUA AVIADOR SEVERIANO LINS	""	PROX CENTRO DE NATAÇÃO NIKITA	BOA VIAGEM		""	COLISÃO	COLISÃO S/V	1						1			0		""	""	""	""	""	""	""	""	""	""	""	""	""
2950	2018-04-02T00:00:00	18:38:00	SEM VÍTIMA	FINALIZADA	TAMARINEIRA	RUA CONEGO BARATA	""	""	E/F A FERREIRA COSTA	RUA CONEGO BARATA	""	E/F A FERREIRA COSTA	TAMARINEIRA		""	COLISÃO	COLISÃO S/V	1	1								0		""	""	""	""	""	""	""	""	""	""	""	""	""
2951	2018-04-02T00:00:00	19:02:00	SEM VÍTIMA	CANCELADA	CORDEIRO	EST DO FORTE DO ARRAIAL N. DO B. JESUS	""	""	PROX AO YOKI	EST DO FORTE DO ARRAIAL N. DO B. JESUS	""	PROX AO YOKI	CORDEIRO		""	COLISÃO	CARRO POPULAR COM CARRO DA PREFEITURA DO RECIFE	2									0		""	""	""	""	""	""	""	""	""	""	""	""	""
2952	2018-04-02T00:00:00	19:28:00	SEM VÍTIMA	FINALIZADA	IMBIRIBEIRA	AV MARECHAL MASCARENHAS DE MORAES	""	""	E/F AO AEROPORTO INTERNACIONAL DOS GUARARAPES E FOCUS. SNT PRAZERES, APÓS O VIADUTO.	AV MARECHAL MASCARENHAS DE MORAES	""	E/F AO AEROPORTO INTERNACIONAL DOS GUARARAPES E FOCUS. SNT PRAZERES, APÓS O VIADUTO.	IMBIRIBEIRA		""	COLISÃO	ENTRE AUTO E CAMINHÃO. S/V	1						1			0		""	""	""	""	""	""	""	""	""	""	""	""	""
2953	2018-04-02T00:00:00	19:37:00	SEM VÍTIMA	FINALIZADA	CORDEIRO	RUA N S DA SAUDE	""	""	PROX.TERMINAL DE ÔNIBUS DA TORRE	RUA N S DA SAUDE	""	PROX.TERMINAL DE ÔNIBUS DA TORRE	CORDEIRO		""	COLISÃO	COLISÃO S/V	1	1								0		""	""	""	""	""	""	""	""	""	""	""	""	""
2954	2018-04-02T00:00:00	19:51:00	COM VÍTIMA	FINALIZADA	BOA VIAGEM	RUA DHALIA	211	""	E/F AO EDF PARADOR DE ARAGON	RUA DHALIA	211	E/F AO EDF PARADOR DE ARAGON	BOA VIAGEM		""	COLISÃO	ENTRE AUTO E MOTO. C/V	1	1								1		""	""	""	""	""	""	""	""	""	""	""	""	""
2955	2018-04-02T00:00:00	20:14:00	SEM VÍTIMA	FINALIZADA	BOA VIAGEM	AV BOA VIAGEM	1230	""	E/F AO EDF. JARDINS	AV BOA VIAGEM	1230	E/F AO EDF. JARDINS	BOA VIAGEM		""	COLISÃO	COLISAO 2 MOTOS S/V		2								0		""	""	""	""	""	""	""	""	""	""	""	""	""
2956	2018-04-02T00:00:00	20:57:00	SEM VÍTIMA	FINALIZADA	DERBY	AV GOVERNADOR AGAMENON MAGALHAES	153	""	E/F A MCDONALD´S/ PROX A PRAÇA DO DERBY	AV GOVERNADOR AGAMENON MAGALHAES	153	E/F A MCDONALD´S/ PROX A PRAÇA DO DERBY	DERBY		""	COLISÃO	COLISAO S/V	2									0		""	""	""	""	""	""	""	""	""	""	""	""	""
2957	2018-04-02T00:00:00	22:45:00	SEM VÍTIMA	FINALIZADA	CAMPO GRANDE	RUA ODORICO MENDES	263	""	E/F AO CLUBE DAS PÁS	RUA ODORICO MENDES	263	E/F AO CLUBE DAS PÁS	CAMPO GRANDE		""	COLISÃO	ENTRE 2 AUTOS. S/V	2									0		""	""	""	""	""	""	""	""	""	""	""	""	""
2958	2018-04-02T00:00:00	23:45:00	SEM VÍTIMA	FINALIZADA	ROSARINHO	AV NORTE	3388	""	AO LADO DO POSTO BR, SENT. CIDADE	AV NORTE	3388	AO LADO DO POSTO BR, SENT. CIDADE	ROSARINHO		""	COLISÃO	MOTO E AUTO	1	1								0		""	""	""	""	""	""	""	""	""	""	""	""	""
2959	2018-04-03T00:00:00	06:42:00	COM VÍTIMA	FINALIZADA	MADALENA	RUA PADRE TEOFILO TWORZ	295	""	RUA DA FACULDADE NOVA ROMA	RUA PADRE TEOFILO TWORZ	295	RUA DA FACULDADE NOVA ROMA	MADALENA		""	COLISÃO	CAMINHAO E AUTO	1						1			1		""	""	""	""	""	""	""	""	""	""	""	""	""
2960	2018-04-03T00:00:00	07:28:00	SEM VÍTIMA	FINALIZADA	AFOGADOS	AV SUL	""	""	EM FRENTE DA ESTÇÃO DO METROR LARGO DA PAZ	AV SUL	""	EM FRENTE DA ESTÇÃO DO METROR LARGO DA PAZ	AFOGADOS		""	COLISÃO	COL.S/V,SET. CD	1						1			0		""	""	""	""	""	""	""	""	""	""	""	""	""
2961	2018-04-03T00:00:00	07:37:00	SEM VÍTIMA	FINALIZADA	DERBY	RUA JOAQUIM NABUCO	""	""	AO LADO DA RESTAURACAO / SEMAFORO 174	RUA JOAQUIM NABUCO	""	AO LADO DA RESTAURACAO / SEMAFORO 174	DERBY		""	COLISÃO	ONIBUS E AUTO PASSEIO	1					1				0		""	""	""	""	""	""	""	""	""	""	""	""	""
2962	2018-04-03T00:00:00	07:50:00	SEM VÍTIMA	FINALIZADA	SÃO JOSÉ	RUA IMPERIAL	2212	""	IMPERIO CAR, SENTIDO AFOGADOS	RUA IMPERIAL	2212	IMPERIO CAR, SENTIDO AFOGADOS	SÃO JOSÉ		""	COLISÃO	COLISÃO SEM VÍTIMA	1	1								0		""	""	""	""	""	""	""	""	""	""	""	""	""
2963	2018-04-03T00:00:00	08:11:00	SEM VÍTIMA	CANCELADA	PINA	RUA MANOEL DE BRITO	272	""	NA FRENTE DO 19º,BATALHÃO ANDRE VIDAL DE NEGREIROS NA DESCIDA DO VIADUTO, SENTIDO CIDADE	RUA MANOEL DE BRITO	272	NA FRENTE DO 19º,BATALHÃO ANDRE VIDAL DE NEGREIROS NA DESCIDA DO VIADUTO, SENTIDO CIDADE	PINA		""	COLISÃO	COLISÃO SEM VITIMA	2									0		""	""	""	""	""	""	""	""	""	""	""	""	""
2964	2018-04-03T00:00:00	08:16:00	SEM VÍTIMA	FINALIZADA	GRAÇAS	PRC DO ENTRONCAMENTO	""	""	EM FRENTE A FHARMAPELE	PRC DO ENTRONCAMENTO	""	EM FRENTE A FHARMAPELE	GRAÇAS		""	COLISÃO	SEM VITIMAS	1						1			0		""	""	""	""	""	""	""	""	""	""	""	""	""
2965	2018-04-03T00:00:00	08:34:00	SEM VÍTIMA	FINALIZADA	CAMPO GRANDE	RUA MARQUES DE BAIPENDI	691	RUA JERONIMO VILELA	COM A RUA JERONIMO VILELA	RUA MARQUES DE BAIPENDI	691	COM A RUA JERONIMO VILELA	CAMPO GRANDE		""	ENGAVETAMENTO	DOIS CAMINHOES E DOIS AUTOS PASSEIO	2						2			0		""	""	""	""	""	""	""	""	""	""	""	""	""
2966	2018-04-03T00:00:00	08:47:00	SEM VÍTIMA	CANCELADA	SAN MARTIN	AV ENGENHEIRO ABDIAS DE CARVALHO	""	""	NA UPA, SENTIDO CENTRO DO RECIFE	AV ENGENHEIRO ABDIAS DE CARVALHO	""	NA UPA, SENTIDO CENTRO DO RECIFE	SAN MARTIN		""	COLISÃO	COLISÃO SEM VITIMA, OS CONDUTORES SE DESLOCARAM ATE A CHESF, PARA PODER DEIXAR A VIA LIVRE	1						1			0		""	""	""	""	""	""	""	""	""	""	""	""	""
2967	2018-04-03T00:00:00	09:14:00	COM VÍTIMA	FINALIZADA	BOA VISTA	RUA JOSE DE ALENCAR	555	""	EM FRENTE DA MERCEARIA DO BRAZ	RUA JOSE DE ALENCAR	555	EM FRENTE DA MERCEARIA DO BRAZ	BOA VISTA		""	COLISÃO	COL.S/V	1	1								1		""	""	""	""	""	""	""	""	""	""	""	""	""
2968	2018-04-03T00:00:00	09:23:00	SEM VÍTIMA	CANCELADA	AFOGADOS	RUA SAO MIGUEL	554	""	EM FRENTE DA GT ASSESORIO DE PEÇA	RUA SAO MIGUEL	554	EM FRENTE DA GT ASSESORIO DE PEÇA	AFOGADOS		""	COLISÃO	COL.S/V	1									0		""	""	""	""	""	""	""	""	""	""	""	""	""