_id	DATA	hora	natureza_acidente	situacao	bairro	endereco	numero	detalhe_endereco_acidente	complemento	endereco_cruzamento	numero_cruzamento	referencia_cruzamento	bairro_cruzamento	num_semaforo	sentido_via	tipo	descricao	auto	moto	ciclom	ciclista	pedestre	onibus	caminhao	viatura	outros	vitimas	vitimasfatais	acidente_verificado	tempo_clima	situacao_semaforo	sinalizacao	condicao_via	conservacao_via	ponto_controle	situacao_placa	velocidade_max_via	mao_direcao	divisao_via1	divisao_via2	divisao_via3
3032	2018-04-05T00:00:00	00:27:00	SEM VÍTIMA	FINALIZADA	SAN MARTIN	AV GENERAL SAN MARTIN	""	""	SEMÁFORO 250 // EM FRENTE A ACADEMIA VBS	AV GENERAL SAN MARTIN	""	SEMÁFORO 250 // EM FRENTE A ACADEMIA VBS	SAN MARTIN		""	COLISÃO	COLISÃO ENTRE DOIS AUTOS S/V	2									0		""	""	""	""	""	""	""	""	""	""	""	""	""
3033	2018-04-05T00:00:00	07:10:00	SEM VÍTIMA	FINALIZADA	TORRE	RUA REAL DA TORRE	1275	AV CONDE DO IRAJA	COM A CONDE DO IRAJA	RUA REAL DA TORRE	1275	COM A CONDE DO IRAJA	TORRE		""	COLISÃO	DOIS AUTOS / ESTACIONADOS DENTRO DO EXTRA BOM POR CONTA DO CONGESTIONAMENTO	2									0		""	""	""	""	""	""	""	""	""	""	""	""	""
3034	2018-04-05T00:00:00	07:25:00	SEM VÍTIMA	CANCELADA	BOA VIAGEM	RUA PADRE CARAPUCEIRO	835	""	E/F AO EDFICIO EVOLUTION SHOPPING PARK	RUA PADRE CARAPUCEIRO	835	E/F AO EDFICIO EVOLUTION SHOPPING PARK	BOA VIAGEM		""	COLISÃO	COLISAO DE DOIS AUTOS S/V	2									0		""	""	""	""	""	""	""	""	""	""	""	""	""
3035	2018-04-05T00:00:00	08:20:00	SEM VÍTIMA	FINALIZADA	MANGABEIRA	AV NORTE	4033	""	AO LADO DO CIMENTO NASSAU,SENT/CIDADE	AV NORTE	4033	AO LADO DO CIMENTO NASSAU,SENT/CIDADE	MANGABEIRA		""	COLISÃO	SEM VITIMAS	1					1				0		""	""	""	""	""	""	""	""	""	""	""	""	""
3036	2018-04-05T00:00:00	08:27:00	SEM VÍTIMA	FINALIZADA	CASA FORTE	AV DEZESSETE DE AGOSTO	1255	""	APOS A PRAÇA, SENTIDO AV PARNAMIRIM	AV DEZESSETE DE AGOSTO	1255	APOS A PRAÇA, SENTIDO AV PARNAMIRIM	CASA FORTE		""	COLISÃO	AUTO E ONIBUS 	1					1				0		""	""	""	""	""	""	""	""	""	""	""	""	""
3037	2018-04-05T00:00:00	08:34:00	SEM VÍTIMA	FINALIZADA	SAN MARTIN	AV GENERAL SAN MARTIN	1449	""	EM FRENTE A FACULDADE ESTACIO / SENT SUB	AV GENERAL SAN MARTIN	1449	EM FRENTE A FACULDADE ESTACIO / SENT SUB	SAN MARTIN		""	COLISÃO	DOIS AUTOS	2									0		""	""	""	""	""	""	""	""	""	""	""	""	""
3038	2018-04-05T00:00:00	08:46:00	SEM VÍTIMA	FINALIZADA	AFOGADOS	LARGO DA PAZ	2292	""	E/F A DISMAR ARCONDICIONADO PARA AUTOS	LARGO DA PAZ	2292	E/F A DISMAR ARCONDICIONADO PARA AUTOS	AFOGADOS		""	COLISÃO	DOIS AUTOS	2									0		""	""	""	""	""	""	""	""	""	""	""	""	""
3039	2018-04-05T00:00:00	08:49:00	SEM VÍTIMA	FINALIZADA	PINA	AV HERCULANO BANDEIRA	587	""	EM FRENTE AO CARTORIO DO ´PINA	AV HERCULANO BANDEIRA	587	EM FRENTE AO CARTORIO DO ´PINA	PINA		""	COLISÃO	DOIS AUTOS	2									0		""	""	""	""	""	""	""	""	""	""	""	""	""
3040	2018-04-05T00:00:00	08:58:00	SEM VÍTIMA	FINALIZADA	TORRE	RUA REAL DA TORRE	""	AV CONDE DO IRAJA	COM A CONDE DO IRAJA / SEMAFORO 106 / AO LADO DO EXTRA BOM	RUA REAL DA TORRE	""	COM A CONDE DO IRAJA / SEMAFORO 106 / AO LADO DO EXTRA BOM	TORRE		""	COLISÃO	CAMINHAO E AUTO PASSEIO	1						1			0		""	""	""	""	""	""	""	""	""	""	""	""	""
3041	2018-04-05T00:00:00	09:00:00	COM VÍTIMA	FINALIZADA	CAMPO GRANDE	EST DE BELEM	201	""	PROX AO COLEGIO JESUS CRUCIFICADO	EST DE BELEM	201	PROX AO COLEGIO JESUS CRUCIFICADO	CAMPO GRANDE		""	COLISÃO	COLISAO DE AUTO E MOTO COM UMA VITIMA	1	1								1		""	""	""	""	""	""	""	""	""	""	""	""	""
3042	2018-04-05T00:00:00	09:33:00	SEM VÍTIMA	FINALIZADA	BOA VISTA	RUA DA SOLEDADE	491	""	POR TRAS DO HOSPITAL ALTINO VENTURA	RUA DA SOLEDADE	491	POR TRAS DO HOSPITAL ALTINO VENTURA	BOA VISTA		""	COLISÃO	COLISAO DE DOIS AUTOS S/V	2									0		""	""	""	""	""	""	""	""	""	""	""	""	""
3043	2018-04-05T00:00:00	09:33:00	SEM VÍTIMA	CANCELADA	CAMPO GRANDE	RUA MARQUES DE BAIPENDI	68	""	AO LADO DA PADARIA PAM BENICIO	RUA MARQUES DE BAIPENDI	68	AO LADO DA PADARIA PAM BENICIO	CAMPO GRANDE		""	COLISÃO	AUTO E MOTO	1	1								0		""	""	""	""	""	""	""	""	""	""	""	""	""
3044	2018-04-05T00:00:00	10:13:00	SEM VÍTIMA	FINALIZADA	ESPINHEIRO	AV JOAO DE BARROS	""	""	EM FRENTE AO SUPERMERCADO EXTRA	AV JOAO DE BARROS	""	EM FRENTE AO SUPERMERCADO EXTRA	ESPINHEIRO		""	COLISÃO	SEM VITMAS	1					1				0		""	""	""	""	""	""	""	""	""	""	""	""	""
3045	2018-04-05T00:00:00	10:21:00	SEM VÍTIMA	FINALIZADA	SANTO ANTÔNIO	RUA DO SOL	""	""	AO LADO DO TEATRO SANTA ISABEL	RUA DO SOL	""	AO LADO DO TEATRO SANTA ISABEL	SANTO ANTÔNIO		""	COLISÃO	SEM VITIMAS	2									0		""	""	""	""	""	""	""	""	""	""	""	""	""
3046	2018-04-05T00:00:00	13:41:00	COM VÍTIMA	FINALIZADA	CAXANGÁ	AV CAXANGA	""	""	EM FRENTE AO WALL MART - SENTIDO CIDADE	AV CAXANGA	""	EM FRENTE AO WALL MART - SENTIDO CIDADE	CAXANGÁ		""	COLISÃO	MOTO E AUTO COM VÍTIMA	1	1								1		""	""	""	""	""	""	""	""	""	""	""	""	""
3047	2018-04-05T00:00:00	13:56:00	SEM VÍTIMA	FINALIZADA	TORRE	AV VISCONDE DE ALBUQUERQUE	400	""	PRÓXIMO A CONCESSIONÁRIA ASTRAL	AV VISCONDE DE ALBUQUERQUE	400	PRÓXIMO A CONCESSIONÁRIA ASTRAL	TORRE		""	COLISÃO	COLISÃO SEM VÍTIMA ENVOLVENDO QUATRO VEÍCULOS	3					1				0		""	""	""	""	""	""	""	""	""	""	""	""	""
3048	2018-04-05T00:00:00	14:00:00	SEM VÍTIMA	FINALIZADA	ILHA DO LEITE	RUA FRANCISCO ALVES	""	""	EM FRENTE A PRAÇA MIGUEL DE SERVANTES	RUA FRANCISCO ALVES	""	EM FRENTE A PRAÇA MIGUEL DE SERVANTES	ILHA DO LEITE		""	COLISÃO	COLISÃO SEM VÍTIMA	1					1				0		""	""	""	""	""	""	""	""	""	""	""	""	""
3049	2018-04-05T00:00:00	14:09:00	SEM VÍTIMA	FINALIZADA	IMBIRIBEIRA	AV MARECHAL MASCARENHAS DE MORAES	""	""	SENTIDO CENTRO EM FRENTE A FACULDADE UNIVERSO	AV MARECHAL MASCARENHAS DE MORAES	""	SENTIDO CENTRO EM FRENTE A FACULDADE UNIVERSO	IMBIRIBEIRA		""	COLISÃO	COLISÃOI SEM VITIMAS	3									0		""	""	""	""	""	""	""	""	""	""	""	""	""
3050	2018-04-05T00:00:00	14:11:00	SEM VÍTIMA	FINALIZADA	BAIRRO DO RECIFE	RUA DO PEIXOTO	""	""	AO LADO DA ESTAÇAO CENTRAL	RUA DO PEIXOTO	""	AO LADO DA ESTAÇAO CENTRAL	BAIRRO DO RECIFE		""	COLISÃO	DOIS AUTOS S/V	2									0		""	""	""	""	""	""	""	""	""	""	""	""	""
3051	2018-04-05T00:00:00	14:15:00	COM VÍTIMA	FINALIZADA	MADALENA	RUA BENFICA	""	""	APOS O MUSEU DA ABOLIÇAO E/F A GPCA	RUA BENFICA	""	APOS O MUSEU DA ABOLIÇAO E/F A GPCA	MADALENA		""	COLISÃO	COLISAO DE AUTO E MOTO COM UMA VITIMA	1	1								1		""	""	""	""	""	""	""	""	""	""	""	""	""
3052	2018-04-05T00:00:00	14:21:00	SEM VÍTIMA	CANCELADA	BOA VISTA	RUA HENRIQUE DIAS	""	""	EM FRENTE AO EXTRA	RUA HENRIQUE DIAS	""	EM FRENTE AO EXTRA	BOA VISTA		""	COLISÃO	COLISÃO SEM VÍTIMA	1					1				0		""	""	""	""	""	""	""	""	""	""	""	""	""
3053	2018-04-05T00:00:00	14:23:00	SEM VÍTIMA	FINALIZADA	BAIRRO DO RECIFE	CAIS DO APOLO	""	""	E/F A A PREFEITURA DO RECIFE S/T CID	CAIS DO APOLO	""	E/F A A PREFEITURA DO RECIFE S/T CID	BAIRRO DO RECIFE		""	COLISÃO	COLISÃO SEM VITIMAS	2									0		""	""	""	""	""	""	""	""	""	""	""	""	""
3054	2018-04-05T00:00:00	14:40:00	COM VÍTIMA	FINALIZADA	BEBERIBE	AV BEBERIBE	""	RUA DALVA DE OLIVEIRA	CRUZ COM A DALVA DE OLIVEIRA EM FRENTE AO SEST SENAT	AV BEBERIBE	""	CRUZ COM A DALVA DE OLIVEIRA EM FRENTE AO SEST SENAT	BEBERIBE		""	COLISÃO	COLISÃO COM 1 VITIMA A ESPERA DO SAMU	1	1								1		""	""	""	""	""	""	""	""	""	""	""	""	""
3055	2018-04-05T00:00:00	15:45:00	COM VÍTIMA	CANCELADA	DERBY	RUA JENER DE SOUZA	""	""	E/F A COVEST	RUA JENER DE SOUZA	""	E/F A COVEST	DERBY		""	COLISÃO	COLIDSAO DE AUTO E MOTO S/V COM UMA VITIMA VT 16 NO LOCAL	1	1								1		""	""	""	""	""	""	""	""	""	""	""	""	""
3056	2018-04-05T00:00:00	15:45:00	SEM VÍTIMA	FINALIZADA	MADALENA	RUA JOSE OSORIO	""	""	NA RUA DO HOSPITAL SANTA JOANA PROX FARMACIA QUATRO CANTOS EM CIMA DA PONTE DA CAPUNGA	RUA JOSE OSORIO	""	NA RUA DO HOSPITAL SANTA JOANA PROX FARMACIA QUATRO CANTOS EM CIMA DA PONTE DA CAPUNGA	MADALENA		""	COLISÃO	COLISÃO SEM VITIMAS	1							1		0		""	""	""	""	""	""	""	""	""	""	""	""	""
3057	2018-04-05T00:00:00	16:10:00	SEM VÍTIMA	FINALIZADA	PINA	AV ENGENHEIRO DOMINGOS FERREIRA	50	""	EM FRENTE AO POSTO DE GASOLINA TOTAL	AV ENGENHEIRO DOMINGOS FERREIRA	50	EM FRENTE AO POSTO DE GASOLINA TOTAL	PINA		""	COLISÃO	COLISÃO COM VITIMA A ESPERA DO SAMU	1	1								0		""	""	""	""	""	""	""	""	""	""	""	""	""
3058	2018-04-05T00:00:00	16:26:00	SEM VÍTIMA	FINALIZADA	CORDEIRO	AV CAXANGA	""	""	SENTIDO CIDADE SUBURBIO APOS A ENTRADA DO HOSPITAL GETULIO VARGAS EM FRENTE AO BANCO ITAU	AV CAXANGA	""	SENTIDO CIDADE SUBURBIO APOS A ENTRADA DO HOSPITAL GETULIO VARGAS EM FRENTE AO BANCO ITAU	CORDEIRO		""	COLISÃO	COLISÃO SEM VITIMAS						2				0		""	""	""	""	""	""	""	""	""	""	""	""	""
3059	2018-04-05T00:00:00	16:34:00	SEM VÍTIMA	FINALIZADA	JOANA BEZERRA	AV BEIRA RIO	""	""	AO LADO DO FORUM	AV BEIRA RIO	""	AO LADO DO FORUM	JOANA BEZERRA		""	COLISÃO	DOIS AUTOS	2									0		""	""	""	""	""	""	""	""	""	""	""	""	""
3060	2018-04-05T00:00:00	16:42:00	SEM VÍTIMA	FINALIZADA	VÁRZEA	RUA CASSILANDIA	106	""	PROXIMO A PADARIA DELICIA DO TRIGO	RUA CASSILANDIA	106	PROXIMO A PADARIA DELICIA DO TRIGO	VÁRZEA		""	COLISÃO	COLISÃO SEM VÍTIMA	2									0		""	""	""	""	""	""	""	""	""	""	""	""	""
3061	2018-04-05T00:00:00	17:05:00	SEM VÍTIMA	FINALIZADA	BOA VISTA	AV CONDE DA BOA VISTA	""	RUA OSVALDO CRUZ	CRUZAMENTO COM RUA OSVALDO CRUZ, SENTIDO AGAMENON MAGALHAES, EM FRENTE AO POSTO SHELL, SEMAFORO 299	AV CONDE DA BOA VISTA	""	CRUZAMENTO COM RUA OSVALDO CRUZ, SENTIDO AGAMENON MAGALHAES, EM FRENTE AO POSTO SHELL, SEMAFORO 299	BOA VISTA		""	COLISÃO	DOIS AUTOS	2									0		""	""	""	""	""	""	""	""	""	""	""	""	""
3062	2018-04-05T00:00:00	17:43:00	SEM VÍTIMA	CANCELADA	VASCO DA GAMA	RUA LUIZ CESARIO DE MELO	""	""	POR TRAS DO SESI	RUA LUIZ CESARIO DE MELO	""	POR TRAS DO SESI	VASCO DA GAMA		""	COLISÃO	COLISAO DE ONIBUS E VAN ESCOLAR S/V	1					1				0		""	""	""	""	""	""	""	""	""	""	""	""	""
3063	2018-04-05T00:00:00	20:40:00	SEM VÍTIMA	FINALIZADA	ENCRUZILHADA	AV BEBERIBE	S/N	RUA FERNANDO CESAR	COM A RUA FERNANDO CESAR	AV BEBERIBE	S/N	COM A RUA FERNANDO CESAR	ENCRUZILHADA		""	COLISÃO	VT 15 AO FAZER FISCALIZAÇÃO ENCONTROU ESSE ACIDENTE.COLISÃO SEGUIDO DE CAPOTAMENTO.	2									0		""	""	""	""	""	""	""	""	""	""	""	""	""
3064	2018-04-06T00:00:00	09:11:00	SEM VÍTIMA	FINALIZADA	BAIRRO DO RECIFE	CAIS DO APOLO	""	PTE MAURICIO DE NASSAU	ESQUINA COM PONTE MAURÍCIO DE NASSAU	CAIS DO APOLO	""	ESQUINA COM PONTE MAURÍCIO DE NASSAU	BAIRRO DO RECIFE		""	COLISÃO	COLISÃO ENTRE AUTO E CAMINHÃO SEM VÍTIMA	1						1			0		""	""	""	""	""	""	""	""	""	""	""	""	""
3065	2018-04-06T00:00:00	09:42:00	COM VÍTIMA	FINALIZADA	SAN MARTIN	AV GENERAL SAN MARTIN	801	""	PRÓXIMO DOS CORREIOS	AV GENERAL SAN MARTIN	801	PRÓXIMO DOS CORREIOS	SAN MARTIN		""	COLISÃO	COLISÃO ENTRE AUTO E MOTO	1	1								1		""	""	""	""	""	""	""	""	""	""	""	""	""
3066	2018-04-06T00:00:00	09:12:00	SEM VÍTIMA	FINALIZADA	PRADO	RUA HERCULES FLORENCE	21	""	POR TRÁS DA BIG CAR	RUA HERCULES FLORENCE	21	POR TRÁS DA BIG CAR	PRADO		""	COLISÃO	ONIBUS E AUTO	1					1				0		""	""	""	""	""	""	""	""	""	""	""	""	""
3067	2018-04-06T00:00:00	09:08:00	SEM VÍTIMA	FINALIZADA	PARNAMIRIM	RUA JOAO TUDE DE MELO	""	""	SEMAFORO 010	RUA JOAO TUDE DE MELO	""	SEMAFORO 010	PARNAMIRIM		""	COLISÃO	COLISÃO SEM VITIMA GM QTH	1					1				0		""	""	""	""	""	""	""	""	""	""	""	""	""
3068	2018-04-06T00:00:00	09:08:00	SEM VÍTIMA	FINALIZADA	TEJIPIÓ	AV DR JOSE RUFINO	2993	""	ESCOLA ALBERTO TORRES	AV DR JOSE RUFINO	2993	ESCOLA ALBERTO TORRES	TEJIPIÓ		""	COLISÃO	SEM VITIMA	1	1								0		""	""	""	""	""	""	""	""	""	""	""	""	""
3069	2018-04-06T00:00:00	09:12:00	SEM VÍTIMA	FINALIZADA	BOA VIAGEM	RUA PEDRO PAES DE MENDONCA	""	""	POR TRAS DO WALMART	RUA PEDRO PAES DE MENDONCA	""	POR TRAS DO WALMART	BOA VIAGEM		""	COLISÃO	RENAULT DUSTER / 7 HONDA CG	1	1								0		""	""	""	""	""	""	""	""	""	""	""	""	""
3070	2018-04-06T00:00:00	09:11:00	SEM VÍTIMA	CANCELADA	BONGI	AV ENGENHEIRO ABDIAS DE CARVALHO	""	""	AO LADO DA ENGEFRIO SENT CIDADE	AV ENGENHEIRO ABDIAS DE CARVALHO	""	AO LADO DA ENGEFRIO SENT CIDADE	BONGI		""	COLISÃO	SEM VITIMA	2									0		""	""	""	""	""	""	""	""	""	""	""	""	""
3071	2018-04-06T00:00:00	10:21:00	SEM VÍTIMA	FINALIZADA	IMBIRIBEIRA	AV MARECHAL MASCARENHAS DE MORAES	1200	""	EM FRENTE A MEIRA LINS SENT/AEROPORTO	AV MARECHAL MASCARENHAS DE MORAES	1200	EM FRENTE A MEIRA LINS SENT/AEROPORTO	IMBIRIBEIRA		""	COLISÃO	SEM VITIMAS	2									0		""	""	""	""	""	""	""	""	""	""	""	""	""
3072	2018-04-06T00:00:00	11:16:00	SEM VÍTIMA	FINALIZADA	MADALENA	RUA DEMOSTENES DE OLINDA	""	""	E/F AO RESTAURANTE MEIO DO MUNDO CAFÉ BISTRÔ	RUA DEMOSTENES DE OLINDA	""	E/F AO RESTAURANTE MEIO DO MUNDO CAFÉ BISTRÔ	MADALENA		""	ENGAVETAMENTO	ENGAVETAMENTO DE CINCO AUTOS S/V	5									0		""	""	""	""	""	""	""	""	""	""	""	""	""
3073	2018-04-06T00:00:00	11:56:00	SEM VÍTIMA	FINALIZADA	IPSEP	RUA SAO NICOLAU	340	""	NO SEMÁFORO 505	RUA SAO NICOLAU	340	NO SEMÁFORO 505	IPSEP		""	COLISÃO	COLISÃO SEM VÍTIMA	1						1			0		""	""	""	""	""	""	""	""	""	""	""	""	""
3074	2018-04-06T00:00:00	11:58:00	SEM VÍTIMA	FINALIZADA	AFOGADOS	RUA SAO MIGUEL	116	""	PROX AO CARTORIO DE SAO MIGUEL	RUA SAO MIGUEL	116	PROX AO CARTORIO DE SAO MIGUEL	AFOGADOS		""	COLISÃO	COLISAO DE ONIBUS E AUTO S/V	1					1				0		""	""	""	""	""	""	""	""	""	""	""	""	""
3075	2018-04-06T00:00:00	12:21:00	SEM VÍTIMA	FINALIZADA	AFOGADOS	RUA COSME VIANA	""	""	EM FRENTE POSTO BT/ AO LADO DEPATRI	RUA COSME VIANA	""	EM FRENTE POSTO BT/ AO LADO DEPATRI	AFOGADOS		""	COLISÃO	COLISÃO SEM VÍTIMA		1					1			0		""	""	""	""	""	""	""	""	""	""	""	""	""
3076	2018-04-06T00:00:00	12:25:00	SEM VÍTIMA	CANCELADA	BOA VIAGEM	AV CONSELHEIRO AGUIAR	""	""	NO SEMAFORO 114	AV CONSELHEIRO AGUIAR	""	NO SEMAFORO 114	BOA VIAGEM		""	COLISÃO	AUTO E CAMINHÃO	1						1			0		""	""	""	""	""	""	""	""	""	""	""	""	""
3077	2018-04-06T00:00:00	12:41:00	SEM VÍTIMA	FINALIZADA	CASA AMARELA	AV PROFESSOR JOSE DOS ANJOS	""	AV NORTE	COM A AVENIDA NORTE	AV PROFESSOR JOSE DOS ANJOS	""	COM A AVENIDA NORTE	CASA AMARELA		""	COLISÃO	ONIBUS E CARROÇA						1				0		""	""	""	""	""	""	""	""	""	""	""	""	""
3078	2018-04-06T00:00:00	12:48:00	COM VÍTIMA	FINALIZADA	AFOGADOS	RUA SAO MIGUEL	443	""	LOGO APOS A RUA SAO MIGUEL EM FRENTE AO POSTO AEREO COBUSTIVEL	RUA SAO MIGUEL	443	LOGO APOS A RUA SAO MIGUEL EM FRENTE AO POSTO AEREO COBUSTIVEL	AFOGADOS		""	COLISÃO	COLISAO ENTRE AUTO E MOTO COM VITIMA	1	1								1		""	""	""	""	""	""	""	""	""	""	""	""	""
3079	2018-04-06T00:00:00	13:01:00	SEM VÍTIMA	FINALIZADA	AFOGADOS	RUA VINTE E UM DE ABRIL	""	""	NO SEMAFORO 334 DA MASTERBOI	RUA VINTE E UM DE ABRIL	""	NO SEMAFORO 334 DA MASTERBOI	AFOGADOS		""	COLISÃO	COLISAO DE DOIS AUTOS S/V	2									0		""	""	""	""	""	""	""	""	""	""	""	""	""
3080	2018-04-06T00:00:00	14:53:00	SEM VÍTIMA	CANCELADA	IPSEP	AV RECIFE	""	""	NA DESCIDA DO VIADUTO TANCREDO NEVES	AV RECIFE	""	NA DESCIDA DO VIADUTO TANCREDO NEVES	IPSEP		""	ENGAVETAMENTO	ENGAVETAMENTO DE QUATRO AUTOS S/V										0		""	""	""	""	""	""	""	""	""	""	""	""	""
3081	2018-04-06T00:00:00	14:49:00	SEM VÍTIMA	FINALIZADA	CORDEIRO	EST DO BARBALHO	""	AV MAURICIO DE NASSAU	COM NAURICIO DE NASSAU	EST DO BARBALHO	""	COM NAURICIO DE NASSAU	CORDEIRO		""	COLISÃO	COLISÃO SEM VITIMA	2									0		""	""	""	""	""	""	""	""	""	""	""	""	""
3082	2018-04-06T00:00:00	15:09:00	SEM VÍTIMA	FINALIZADA	BOA VISTA	PRC PARQUE AMORIM	""	""	AO LADO DO BRADESCO	PRC PARQUE AMORIM	""	AO LADO DO BRADESCO	BOA VISTA		""	COLISÃO	COLISAO ENTRE AUTO E CAMINHAO	1						1			0		""	""	""	""	""	""	""	""	""	""	""	""	""
3083	2018-04-06T00:00:00	16:13:00	SEM VÍTIMA	FINALIZADA	IMBIRIBEIRA	RUA ITAJAI	191	""	PROX. A IGREJA PRESBITERIANA MEMORIAL	RUA ITAJAI	191	PROX. A IGREJA PRESBITERIANA MEMORIAL	IMBIRIBEIRA		""	COLISÃO	DOIS AUTOS	2									0		""	""	""	""	""	""	""	""	""	""	""	""	""
3084	2018-04-06T00:00:00	16:17:00	SEM VÍTIMA	CANCELADA	CORDEIRO	RUA CLAUDIO BROTHERHOOD	328	RUA AUREO XAVIER	CRUZAMENTO COM A RUA AUREO XAVIER	RUA CLAUDIO BROTHERHOOD	328	CRUZAMENTO COM A RUA AUREO XAVIER	CORDEIRO		""	COLISÃO	COLISÃO SEM VITIMA	2									0		""	""	""	""	""	""	""	""	""	""	""	""	""
3085	2018-04-06T00:00:00	16:19:00	SEM VÍTIMA	CANCELADA	ÁGUA FRIA	EST VELHA DE AGUA FRIA	190	""	E/F A FEIRA DE AGUA FRIA	EST VELHA DE AGUA FRIA	190	E/F A FEIRA DE AGUA FRIA	ÁGUA FRIA		""	COLISÃO	COLISAO DE AUTO E ONIBUS S/V	1					1				0		""	""	""	""	""	""	""	""	""	""	""	""	""
3086	2018-04-06T00:00:00	16:40:00	SEM VÍTIMA	FINALIZADA	CAXANGÁ	AV CAXANGA	""	""	EM BAIXO DO VIADUTO/ SENTIDO CAMARAGIBE	AV CAXANGA	""	EM BAIXO DO VIADUTO/ SENTIDO CAMARAGIBE	CAXANGÁ		""	COLISÃO	COLISÃO SEM VÍTIMA	1						1			0		""	""	""	""	""	""	""	""	""	""	""	""	""
3087	2018-04-06T00:00:00	17:23:00	SEM VÍTIMA	FINALIZADA	AREIAS	AV DR JOSE RUFINO	955	""	EM FRENTE A HONDA/ SENTIDO AFOGADOS	AV DR JOSE RUFINO	955	EM FRENTE A HONDA/ SENTIDO AFOGADOS	AREIAS		""	COLISÃO	COLISÃO SEM VÍTIMA	2									0		""	""	""	""	""	""	""	""	""	""	""	""	""
3088	2018-04-06T00:00:00	17:27:00	SEM VÍTIMA	FINALIZADA	IMBIRIBEIRA	AV MARECHAL MASCARENHAS DE MORAES	""	""	ANTES DA GRILO PRESENTES/ EM FRENTE A VOLKSWAGEN/ SENTIDO CIDADE	AV MARECHAL MASCARENHAS DE MORAES	""	ANTES DA GRILO PRESENTES/ EM FRENTE A VOLKSWAGEN/ SENTIDO CIDADE	IMBIRIBEIRA		""	COLISÃO	COLISÃO SEM VÍTIMA	3									0		""	""	""	""	""	""	""	""	""	""	""	""	""
3089	2018-04-06T00:00:00	17:46:00	COM VÍTIMA	FINALIZADA	JORDÃO	AV CENTENARIO ALBERTO SANTOS DUMONT	""	""	NA ENTRADA DO TÚNEL DO JORDÃO	AV CENTENARIO ALBERTO SANTOS DUMONT	""	NA ENTRADA DO TÚNEL DO JORDÃO	JORDÃO		""	COLISÃO	COLISÃO COM VÍTIMA	1	1								1		""	""	""	""	""	""	""	""	""	""	""	""	""
3090	2018-04-06T00:00:00	18:24:00	SEM VÍTIMA	CANCELADA	PARNAMIRIM	AV PARNAMIRIM	""	""	E/F AO BANCO SANTANDER. SNT TORRE	AV PARNAMIRIM	""	E/F AO BANCO SANTANDER. SNT TORRE	PARNAMIRIM		""	COLISÃO	ENTRE AUTO E ÔNIBUS. S/V	1					1				0		""	""	""	""	""	""	""	""	""	""	""	""	""
3091	2018-04-06T00:00:00	19:16:00	SEM VÍTIMA	FINALIZADA	BOA VIAGEM	AV BOA VIAGEM	""	""	E/F AO PARQUE DONA LINDU / SEMÁFORO 001, SNT PIEDADE	AV BOA VIAGEM	""	E/F AO PARQUE DONA LINDU / SEMÁFORO 001, SNT PIEDADE	BOA VIAGEM		""	COLISÃO	ENTRE 2 AUTOS. S/V	2									0		""	""	""	""	""	""	""	""	""	""	""	""	""
3092	2018-04-06T00:00:00	20:09:00	SEM VÍTIMA	FINALIZADA	ARRUDA	AV BEBERIBE	""	""	E/F AO CAMPO DO SANTA CRUZ FC	AV BEBERIBE	""	E/F AO CAMPO DO SANTA CRUZ FC	ARRUDA		""	COLISÃO	ENTRE ÔNIBUS E AUTO. S/V	1					1				0		""	""	""	""	""	""	""	""	""	""	""	""	""
3093	2018-04-06T00:00:00	21:00:00	SEM VÍTIMA	FINALIZADA	APIPUCOS	RUA CORONEL JOAO BATISTA DO REGO BARROS	""	""	PROX AO POSTO DE SAÚDE/USF APIPUCOS	RUA CORONEL JOAO BATISTA DO REGO BARROS	""	PROX AO POSTO DE SAÚDE/USF APIPUCOS	APIPUCOS		""	COLISÃO	ENTRE ÔNIBUS E AUTO. S/V	1					1				0		""	""	""	""	""	""	""	""	""	""	""	""	""
3094	2018-04-06T00:00:00	21:08:00	COM VÍTIMA	FINALIZADA	NOVA DESCOBERTA	RUA CORREGO DA AREIA	""	""	ANTES DA SUBIDA DA BETINHA	RUA CORREGO DA AREIA	""	ANTES DA SUBIDA DA BETINHA	NOVA DESCOBERTA		""	COLISÃO	CLISÃO S/V	1	1								1		""	""	""	""	""	""	""	""	""	""	""	""	""
3095	2018-04-06T00:00:00	21:11:00	SEM VÍTIMA	FINALIZADA	DOIS UNIDOS	AV HILDEBRANDO DE VASCONCELOS	""	""	APÓS A SUBESTAÇÃO DA CELPE/ NA ENTRADA DE DOIS UNIDOS, E/F A BORRACHARIA LOCAL E PRÓX AO CT DO SANTA CRUZ	AV HILDEBRANDO DE VASCONCELOS	""	APÓS A SUBESTAÇÃO DA CELPE/ NA ENTRADA DE DOIS UNIDOS, E/F A BORRACHARIA LOCAL E PRÓX AO CT DO SANTA CRUZ	DOIS UNIDOS		""	COLISÃO	ENBTRE 2 AUTOS. S/V	2									0		""	""	""	""	""	""	""	""	""	""	""	""	""
3096	2018-04-06T00:00:00	21:40:00	SEM VÍTIMA	FINALIZADA	APIPUCOS	RUA DE APIPUCOS	""	""	E/F AO Nº 1060/ APOS O SEMAFORO 540 E/F A ARCADIA RECEPÇÕES	RUA DE APIPUCOS	""	E/F AO Nº 1060/ APOS O SEMAFORO 540 E/F A ARCADIA RECEPÇÕES	APIPUCOS		""	COLISÃO	COLISAO S/V	2									0		""	""	""	""	""	""	""	""	""	""	""	""	""
3097	2018-04-06T00:00:00	22:45:00	SEM VÍTIMA	FINALIZADA	TORRE	AV BEIRA RIO	""	""	NO FINAL DA AV BEIRA RIO / E/F A COMPESA	AV BEIRA RIO	""	NO FINAL DA AV BEIRA RIO / E/F A COMPESA	TORRE		""	COLISÃO	ENTRE 2 AUTOS. S/V	2									0		""	""	""	""	""	""	""	""	""	""	""	""	""