_id	DATA	hora	natureza_acidente	situacao	bairro	endereco	numero	detalhe_endereco_acidente	complemento	endereco_cruzamento	numero_cruzamento	referencia_cruzamento	bairro_cruzamento	num_semaforo	sentido_via	tipo	descricao	auto	moto	ciclom	ciclista	pedestre	onibus	caminhao	viatura	outros	vitimas	vitimasfatais	acidente_verificado	tempo_clima	situacao_semaforo	sinalizacao	condicao_via	conservacao_via	ponto_controle	situacao_placa	velocidade_max_via	mao_direcao	divisao_via1	divisao_via2	divisao_via3
3162	2018-04-09T00:00:00	09:17:00	SEM VÍTIMA	FINALIZADA	SAN MARTIN	RUA DELMIRO GOUVEIA	""	""	ESQ DA CHESF / AO LADO DO PONTO DE TAXI	RUA DELMIRO GOUVEIA	""	ESQ DA CHESF / AO LADO DO PONTO DE TAXI	SAN MARTIN		""	COLISÃO	DOIS AUTOS	2									0		""	""	""	""	""	""	""	""	""	""	""	""	""
3163	2018-04-09T00:00:00	10:39:00	SEM VÍTIMA	FINALIZADA	BOA VIAGEM	RUA RIBEIRO DE BRITO	""	""	HOLLIDAY	RUA RIBEIRO DE BRITO	""	HOLLIDAY	BOA VIAGEM		""	COLISÃO	COLISÃO SEM VITIMAS	2									0		""	""	""	""	""	""	""	""	""	""	""	""	""
3164	2018-04-09T00:00:00	10:45:00	COM VÍTIMA	FINALIZADA	SANTO AMARO	AV NORTE	""	""	EM FRENTE A TVU,SENT/PREFEITURA	AV NORTE	""	EM FRENTE A TVU,SENT/PREFEITURA	SANTO AMARO		""	COLISÃO	COM UMA VITIMA	1	1								1		""	""	""	""	""	""	""	""	""	""	""	""	""
3165	2018-04-09T00:00:00	10:56:00	COM VÍTIMA	FINALIZADA	IMBIRIBEIRA	RUA ITAJAI	408	""	EM FRENTE AO EDF/ MAURICEIA	RUA ITAJAI	408	EM FRENTE AO EDF/ MAURICEIA	IMBIRIBEIRA		""	COLISÃO	COL.C/V,SET.MASCARENHA	2									2		""	""	""	""	""	""	""	""	""	""	""	""	""
3166	2018-04-09T00:00:00	11:19:00	SEM VÍTIMA	FINALIZADA	TORRE	RUA CONDE DE IRAJA	""	""	EM FRENTE A ESCOLA ESTADUAL MACIEL PINHEIRO	RUA CONDE DE IRAJA	""	EM FRENTE A ESCOLA ESTADUAL MACIEL PINHEIRO	TORRE		""	COLISÃO	SEM VITIMAS	1						1			0		""	""	""	""	""	""	""	""	""	""	""	""	""
3167	2018-04-09T00:00:00	12:14:00	SEM VÍTIMA	FINALIZADA	DERBY	RUA JOAQUIM NABUCO	""	""	AO LADO DA RESTAURAÇÃO, SENTIDO AFLITOS	RUA JOAQUIM NABUCO	""	AO LADO DA RESTAURAÇÃO, SENTIDO AFLITOS	DERBY		""	COLISÃO	COLISÃO SEM VÍTIMA	2									0		""	""	""	""	""	""	""	""	""	""	""	""	""
3168	2018-04-09T00:00:00	12:21:00	SEM VÍTIMA	FINALIZADA	MADALENA	AV JOSE GONCALVES DE MEDEIROS	150	""	NA FRENTE DA FARMACIA PAGUE MENOS	AV JOSE GONCALVES DE MEDEIROS	150	NA FRENTE DA FARMACIA PAGUE MENOS	MADALENA		""	COLISÃO	COLISÃO SEM VITIMAS						1			1	0		""	""	""	""	""	""	""	""	""	""	""	""	""
3169	2018-04-09T00:00:00	13:23:00	SEM VÍTIMA	FINALIZADA	BOA VIAGEM	RUA PROFESSOR JOAO MEDEIROS	""	RUA BRUNO VELOSO	COM RUA BRUNO VELOSO ESQUINA DA ACADEMIA R2	RUA PROFESSOR JOAO MEDEIROS	""	COM RUA BRUNO VELOSO ESQUINA DA ACADEMIA R2	BOA VIAGEM		""	COLISÃO	COLISAO DE DOIS AUTOS S/V	2									0		""	""	""	""	""	""	""	""	""	""	""	""	""
3170	2018-04-09T00:00:00	13:31:00	SEM VÍTIMA	FINALIZADA	IBURA	RUA IBIRA	183	""	PROX. AO TERMINAL DE ONIBUS DE TRES CARNEIROS	RUA IBIRA	183	PROX. AO TERMINAL DE ONIBUS DE TRES CARNEIROS	IBURA		""	COLISÃO	COLISÃO SEM VITIMA							1	1		0		""	""	""	""	""	""	""	""	""	""	""	""	""
3171	2018-04-09T00:00:00	13:50:00	SEM VÍTIMA	FINALIZADA	PINA	RUA ARQUITETO AUGUSTO REINALDO	""	""	PROX. A POLICIA RODOVIARIA FEDERAL	RUA ARQUITETO AUGUSTO REINALDO	""	PROX. A POLICIA RODOVIARIA FEDERAL	PINA		""	COLISÃO	COLISÃO SEM VITIMAS	1						1			0		""	""	""	""	""	""	""	""	""	""	""	""	""
3172	2018-04-09T00:00:00	14:01:00	SEM VÍTIMA	FINALIZADA	PAISSANDU	AV GOVERNADOR AGAMENON MAGALHAES	""	RUA PAISSANDU	CRUZAMENTO COM RUA PAISSANDU, PROX. AO HOSPITAL PORTUGUES	AV GOVERNADOR AGAMENON MAGALHAES	""	CRUZAMENTO COM RUA PAISSANDU, PROX. AO HOSPITAL PORTUGUES	PAISSANDU		""	COLISÃO	DOIS AUTOS SEM VITIMA, UM DOS VEICULOS QUEBROU NO CRUZAMENTO E NAO TEM COMO SAIR DA VIA	2									0		""	""	""	""	""	""	""	""	""	""	""	""	""
3173	2018-04-09T00:00:00	14:07:00	COM VÍTIMA	FINALIZADA	IPSEP	RUA JEAN EMILE FAVRE	""	""	INF A FACULDADE BOA VIAGEM	RUA JEAN EMILE FAVRE	""	INF A FACULDADE BOA VIAGEM	IPSEP		""	COLISÃO	COLISAO DE AUTO E MOTO COM UMA VITIMA	1	1								1		""	""	""	""	""	""	""	""	""	""	""	""	""
3174	2018-04-09T00:00:00	14:16:00	SEM VÍTIMA	CANCELADA	DERBY	RUA DAS CREOULAS	""	RUA JOAQUIM NABUCO	ESQUINA COM A RUA JOAQUIM NABUCO, EM FRENTE A FARMACIA QUATRO CANTOS	RUA DAS CREOULAS	""	ESQUINA COM A RUA JOAQUIM NABUCO, EM FRENTE A FARMACIA QUATRO CANTOS	DERBY		""	COLISÃO	DOIS AUTOS S/V	2									0		""	""	""	""	""	""	""	""	""	""	""	""	""
3175	2018-04-09T00:00:00	17:15:00	SEM VÍTIMA	FINALIZADA	TORRE	AV BEIRA RIO	""	""	SOBRE A PONTE DA TORRE	AV BEIRA RIO	""	SOBRE A PONTE DA TORRE	TORRE		""	COLISÃO	SANDERO E HB20	2									0		""	""	""	""	""	""	""	""	""	""	""	""	""
3176	2018-04-09T00:00:00	17:15:00	SEM VÍTIMA	FINALIZADA	TORREÃO	AV NORTE	""	""	EM FRENTE A PÇA DA PICANHA SENTIDO CIDADE	AV NORTE	""	EM FRENTE A PÇA DA PICANHA SENTIDO CIDADE	TORREÃO		""	COLISÃO	SEM VÍTIMA	1	1								0		""	""	""	""	""	""	""	""	""	""	""	""	""
3177	2018-04-09T00:00:00	17:19:00	COM VÍTIMA	CANCELADA	ESTÂNCIA	AV RECIFE	""	""	AO LADO DA ANTIGA FABRICA DA CYROL ROYAL	AV RECIFE	""	AO LADO DA ANTIGA FABRICA DA CYROL ROYAL	ESTÂNCIA		""	COLISÃO	COM VÍTIMA						1	1			1		""	""	""	""	""	""	""	""	""	""	""	""	""
3178	2018-04-09T00:00:00	17:19:00	SEM VÍTIMA	FINALIZADA	BOA VISTA	RUA DOM BOSCO	""	""	PRÓXIMO A EMLURB SENTIDO DERBY	RUA DOM BOSCO	""	PRÓXIMO A EMLURB SENTIDO DERBY	BOA VISTA		""	COLISÃO	""	1					1				0		""	""	""	""	""	""	""	""	""	""	""	""	""
3179	2018-04-09T00:00:00	17:35:00	SEM VÍTIMA	FINALIZADA	CAXANGÁ	AV CAXANGA	624	""	SENTIDO CIDADE E/F G1 VEÍCULOS'	AV CAXANGA	624	SENTIDO CIDADE E/F G1 VEÍCULOS'	CAXANGÁ		""	COLISÃO	ENGAVETAMENTO DE UM ÔNIBUS E DOIS VEÍCULOS	2					1				0		""	""	""	""	""	""	""	""	""	""	""	""	""
3180	2018-04-09T00:00:00	17:38:00	SEM VÍTIMA	FINALIZADA	BOA VIAGEM	AV CONSELHEIRO AGUIAR	""	RUA ANTONIO FALCÃO	CRUZAMENTO COM A RUA ANTÔNIO FALCÃO - SEMÁFORO 006	AV CONSELHEIRO AGUIAR	""	CRUZAMENTO COM A RUA ANTÔNIO FALCÃO - SEMÁFORO 006	BOA VIAGEM		""	COLISÃO	SEM VÍTIMA	2									0		""	""	""	""	""	""	""	""	""	""	""	""	""
3181	2018-04-09T00:00:00	17:39:00	SEM VÍTIMA	FINALIZADA	IMBIRIBEIRA	AV MARECHAL MASCARENHAS DE MORAES	2508	""	SENTIDO CIDADE SUBÚRBIO	AV MARECHAL MASCARENHAS DE MORAES	2508	SENTIDO CIDADE SUBÚRBIO	IMBIRIBEIRA		""	COLISÃO	FIAT/PUNTO X 	2									0		""	""	""	""	""	""	""	""	""	""	""	""	""
3182	2018-04-09T00:00:00	17:40:00	SEM VÍTIMA	FINALIZADA	DERBY	RUA BUENOS AYRES	212	""	""	RUA BUENOS AYRES	212	""	DERBY		""	COLISÃO	SEM VÍTIMA	2									0		""	""	""	""	""	""	""	""	""	""	""	""	""
3183	2018-04-09T00:00:00	17:42:00	COM VÍTIMA	FINALIZADA	PINA	AV HERCULANO BANDEIRA	""	""	AV DOMINGOS FERREIRA	AV HERCULANO BANDEIRA	""	AV DOMINGOS FERREIRA	PINA		""	COLISÃO	FUSCA X MOTO 	1	1								1		""	""	""	""	""	""	""	""	""	""	""	""	""
3184	2018-04-09T00:00:00	17:45:00	SEM VÍTIMA	FINALIZADA	AFOGADOS	EST DOS REMEDIOS	""	""	E/F A JEEP	EST DOS REMEDIOS	""	E/F A JEEP	AFOGADOS		""	COLISÃO	MOTO X JEEP	1	1								0		""	""	""	""	""	""	""	""	""	""	""	""	""
3185	2018-04-09T00:00:00	17:49:00	SEM VÍTIMA	FINALIZADA	BOA VIAGEM	RUA SETUBAL	12	""	PRÓXIMO A FLORICULTURA NO FINAL DA RUA SETÚBAL - FARMÁCIA DROGASIL	RUA SETUBAL	12	PRÓXIMO A FLORICULTURA NO FINAL DA RUA SETÚBAL - FARMÁCIA DROGASIL	BOA VIAGEM		""	COLISÃO	ÔNIBUS X ECOSPORT 	1					1				0		""	""	""	""	""	""	""	""	""	""	""	""	""
3186	2018-04-09T00:00:00	17:57:00	SEM VÍTIMA	CANCELADA	""	AV CAXANGA	""	""	AO LADO DO WALMART - SENTIDO VARZEA	AV CAXANGA	""	AO LADO DO WALMART - SENTIDO VARZEA	""		""	COLISÃO	SEM VÍTIMA	3									0		""	""	""	""	""	""	""	""	""	""	""	""	""
3187	2018-04-09T00:00:00	18:19:00	SEM VÍTIMA	FINALIZADA	IMBIRIBEIRA	AV MARECHAL MASCARENHAS DE MORAES	""	""	E/F AO AEROPORTO ANTIGO SENTIDO JABOATÃO	AV MARECHAL MASCARENHAS DE MORAES	""	E/F AO AEROPORTO ANTIGO SENTIDO JABOATÃO	IMBIRIBEIRA		""	COLISÃO	PALIO X CAMINHÃO	1						1			0		""	""	""	""	""	""	""	""	""	""	""	""	""
3188	2018-04-09T00:00:00	18:28:00	SEM VÍTIMA	FINALIZADA	TORRE	RUA AMELIA	""	AV RUI BARBOSA	CRUZAMENTO COM A AV RUI BARBOSA - DESCIDA DA PONTE E PRÓXIMO AO POSTO DE COMBUSTÍVEL BR	RUA AMELIA	""	CRUZAMENTO COM A AV RUI BARBOSA - DESCIDA DA PONTE E PRÓXIMO AO POSTO DE COMBUSTÍVEL BR	TORRE		""	COLISÃO	SEM VÍTIMA COM VEÍCULO OFICIAL DA PMPE	1					1				0		""	""	""	""	""	""	""	""	""	""	""	""	""
3189	2018-04-09T00:00:00	18:33:00	SEM VÍTIMA	FINALIZADA	PAISSANDU	AV GOVERNADOR AGAMENON MAGALHAES	""	RUA DO PAISSANDU	CRUZAMENTO COM A RUA DO PAISSANDU - PRÓXIMO AO HOSPITAL PORTUGUÊS - SENTIDO BOA VIAGEM	AV GOVERNADOR AGAMENON MAGALHAES	""	CRUZAMENTO COM A RUA DO PAISSANDU - PRÓXIMO AO HOSPITAL PORTUGUÊS - SENTIDO BOA VIAGEM	PAISSANDU		""	COLISÃO	SEM VÍTIMA	1					1				0		""	""	""	""	""	""	""	""	""	""	""	""	""
3190	2018-04-09T00:00:00	21:08:00	SEM VÍTIMA	FINALIZADA	NOVA DESCOBERTA	RUA JORNALISTA WALDETE AGRA	""	""	E/F AO TERMINAL ÔNIBUS DE NOVA DESCOBERTA	RUA JORNALISTA WALDETE AGRA	""	E/F AO TERMINAL ÔNIBUS DE NOVA DESCOBERTA	NOVA DESCOBERTA		""	COLISÃO	ENTRE AUTO E ÔNIBUS. S/V	1					1				0		""	""	""	""	""	""	""	""	""	""	""	""	""
3191	2018-04-09T00:00:00	21:07:00	SEM VÍTIMA	FINALIZADA	AFOGADOS	RUA SAO MIGUEL	""	""	EM FRENTE A GLOBO VIDROS E AO POSTO IPIRANGA, APÓS AO RESTAURANTE DO NÔ	RUA SAO MIGUEL	""	EM FRENTE A GLOBO VIDROS E AO POSTO IPIRANGA, APÓS AO RESTAURANTE DO NÔ	AFOGADOS		""	ENGAVETAMENTO	ENTRE 3 AUTOS. S/V	3									0		""	""	""	""	""	""	""	""	""	""	""	""	""
3192	2018-04-09T00:00:00	19:15:00	SEM VÍTIMA	FINALIZADA	TORRE	RUA REAL DA TORRE	1166	""	PRÓXIMO AO ATACADO DOS PRESENTES	RUA REAL DA TORRE	1166	PRÓXIMO AO ATACADO DOS PRESENTES	TORRE		""	COLISÃO	""	1						1			0		""	""	""	""	""	""	""	""	""	""	""	""	""
3193	2018-04-09T00:00:00	20:04:00	SEM VÍTIMA	CANCELADA	AFOGADOS	RUA NICOLAU PEREIRA	""	""	PRÓXIMO DA POLICLINICA AGAMENON	RUA NICOLAU PEREIRA	""	PRÓXIMO DA POLICLINICA AGAMENON	AFOGADOS		""	COLISÃO	AV SUL AO LADO DA ESTAÇÃO DO METRÔ										0		""	""	""	""	""	""	""	""	""	""	""	""	""
3194	2018-04-09T00:00:00	20:17:00	SEM VÍTIMA	FINALIZADA	ESPINHEIRO	AV JOAO DE BARROS	S/N	RUA DA HORA	CRUZAMENTO COM A RUA DA HORA	AV JOAO DE BARROS	S/N	CRUZAMENTO COM A RUA DA HORA	ESPINHEIRO		""	COLISÃO	PROX, AO POSTO SHELL	2									0		""	""	""	""	""	""	""	""	""	""	""	""	""
3195	2018-04-09T00:00:00	20:40:00	COM VÍTIMA	FINALIZADA	CAXANGÁ	AV CAXANGA	S/N	""	EM FRENTE AO GOLF CLUBE	AV CAXANGA	S/N	EM FRENTE AO GOLF CLUBE	CAXANGÁ		""	COLISÃO	""	1	1								1		""	""	""	""	""	""	""	""	""	""	""	""	""
3196	2018-04-09T00:00:00	21:35:00	SEM VÍTIMA	FINALIZADA	CASA FORTE	AV DEZESSETE DE AGOSTO	""	""	E/F AO PLAZA NA ESQUINA DA MCDONALD´S	AV DEZESSETE DE AGOSTO	""	E/F AO PLAZA NA ESQUINA DA MCDONALD´S	CASA FORTE		""	COLISÃO	COLISÃO S/V	2									0		""	""	""	""	""	""	""	""	""	""	""	""	""
3197	2018-04-09T00:00:00	21:53:00	SEM VÍTIMA	FINALIZADA	CASA FORTE	AV DEZESSETE DE AGOSTO	""	""	EM FRENTE AO PLAZA E A FÁRMACIA PAGUE MENOS	AV DEZESSETE DE AGOSTO	""	EM FRENTE AO PLAZA E A FÁRMACIA PAGUE MENOS	CASA FORTE		""	COLISÃO	COROLLA E FOX	2									0		""	""	""	""	""	""	""	""	""	""	""	""	""
3198	2018-04-10T00:00:00	06:55:00	SEM VÍTIMA	FINALIZADA	SANTO ANTÔNIO	AV DANTAS BARRETO	""	""	N AFRENTE DA IGREJA DE SANTO ANTONIO	AV DANTAS BARRETO	""	N AFRENTE DA IGREJA DE SANTO ANTONIO	SANTO ANTÔNIO		""	COLISÃO	COLISÃO SEM VITIMA	1					1				0		""	""	""	""	""	""	""	""	""	""	""	""	""
3199	2018-04-10T00:00:00	07:56:00	SEM VÍTIMA	FINALIZADA	DERBY	AV GOVERNADOR AGAMENON MAGALHAES	""	RUA LUIZ BARBALHO	SENTIDO OLINDA CRUZ COM A RUA LUIZ BARBALHO EM FRENTE A CLINICA PRONTO PELE	AV GOVERNADOR AGAMENON MAGALHAES	""	SENTIDO OLINDA CRUZ COM A RUA LUIZ BARBALHO EM FRENTE A CLINICA PRONTO PELE	DERBY		""	COLISÃO	COLISÃO SEM VITIMAS	1	1								0		""	""	""	""	""	""	""	""	""	""	""	""	""
3200	2018-04-10T00:00:00	08:00:00	SEM VÍTIMA	FINALIZADA	PARNAMIRIM	AV PARNAMIRIM	95	""	NA FRENTE DO HOSPITAL MARIA LUCINDA	AV PARNAMIRIM	95	NA FRENTE DO HOSPITAL MARIA LUCINDA	PARNAMIRIM		""	COLISÃO	COLISÃO SEM VÍTIMAS						2				0		""	""	""	""	""	""	""	""	""	""	""	""	""
3201	2018-04-10T00:00:00	09:06:00	SEM VÍTIMA	FINALIZADA	CAMPO GRANDE	EST DE BELEM	1799	""	AO LADO DO POSTO TOTAL	EST DE BELEM	1799	AO LADO DO POSTO TOTAL	CAMPO GRANDE		""	COLISÃO	SEM VITIMAS		2								0		""	""	""	""	""	""	""	""	""	""	""	""	""
3202	2018-04-10T00:00:00	09:20:00	SEM VÍTIMA	FINALIZADA	SANTO AMARO	AV NORTE	635	AV CRUZ CABUGA	SENT/PREFEITURA HA 50 METROS DO CRUZAMENTO COM A AVA CRUZ CABUGA	AV NORTE	635	SENT/PREFEITURA HA 50 METROS DO CRUZAMENTO COM A AVA CRUZ CABUGA	SANTO AMARO		""	COLISÃO	SEM VITIMA ,COM UM VEICULO OFICIAL ,TRIBUNAL DE JUSTIÇA	1							1		0		""	""	""	""	""	""	""	""	""	""	""	""	""
3203	2018-04-10T00:00:00	10:26:00	SEM VÍTIMA	FINALIZADA	GRAÇAS	RUA DOM SEBASTIAO LEME	""	""	EM FRENTE A IGREJA DAS GRAÇAS	RUA DOM SEBASTIAO LEME	""	EM FRENTE A IGREJA DAS GRAÇAS	GRAÇAS		""	COLISÃO	SEM VITIMAS	2									0		""	""	""	""	""	""	""	""	""	""	""	""	""
3204	2018-04-10T00:00:00	11:31:00	SEM VÍTIMA	FINALIZADA	COELHOS	RUA DR JOSE MARIANO	""	""	EM FRENTE AO RESTAURANTE SORRISO DA NOITE	RUA DR JOSE MARIANO	""	EM FRENTE AO RESTAURANTE SORRISO DA NOITE	COELHOS		""	COLISÃO	CAMINHAO E AUTO	1						1			0		""	""	""	""	""	""	""	""	""	""	""	""	""
3205	2018-04-10T00:00:00	12:15:00	SEM VÍTIMA	FINALIZADA	IMBIRIBEIRA	AV MARECHAL MASCARENHAS DE MORAES	2713	""	E/F AO POSTO IPIRANGA S/T CID AO LADO DA ASSEMBLEIA DE DEUS	AV MARECHAL MASCARENHAS DE MORAES	2713	E/F AO POSTO IPIRANGA S/T CID AO LADO DA ASSEMBLEIA DE DEUS	IMBIRIBEIRA		""	COLISÃO	COLISAO ENTRE DOIS AUTOS S/V BATEDOR DA MOTO 21 E 22 ESTA NO LOCAL	1						1			0		""	""	""	""	""	""	""	""	""	""	""	""	""
3206	2018-04-10T00:00:00	12:37:00	SEM VÍTIMA	FINALIZADA	MADALENA	AV CAXANGA	3275	""	EM FRENTE A FARMACIA PAGUE MENOS E BIG BEN SENT. CAMARAGIBE	AV CAXANGA	3275	EM FRENTE A FARMACIA PAGUE MENOS E BIG BEN SENT. CAMARAGIBE	MADALENA		""	COLISÃO	ONIBUS E AUTO	1					1				0		""	""	""	""	""	""	""	""	""	""	""	""	""
3207	2018-04-10T00:00:00	12:41:00	SEM VÍTIMA	CANCELADA	TORRE	RUA JOAO DE DEUS	138	RUA PIO NONO	CRUZAMENTO COM A RUA PIO NONO	RUA JOAO DE DEUS	138	CRUZAMENTO COM A RUA PIO NONO	TORRE		""	COLISÃO	DOIS AUTOS S/V	2									0		""	""	""	""	""	""	""	""	""	""	""	""	""
3208	2018-04-10T00:00:00	13:07:00	SEM VÍTIMA	CANCELADA	BOA VISTA	RUA GENERAL JOSE SEMEAO	184	""	PROX AO BLOCO G4 DA UNIVERSIDADE CATÓLICA	RUA GENERAL JOSE SEMEAO	184	PROX AO BLOCO G4 DA UNIVERSIDADE CATÓLICA	BOA VISTA		""	COLISÃO	COLISAO ENTRE DOIS AUTOS S/V	2									0		""	""	""	""	""	""	""	""	""	""	""	""	""
3209	2018-04-10T00:00:00	13:09:00	SEM VÍTIMA	CANCELADA	ENGENHO DO MEIO	AV VISCONDE DE SAO LEOPOLDO	689	""	PROX. A UFPE	AV VISCONDE DE SAO LEOPOLDO	689	PROX. A UFPE	ENGENHO DO MEIO		""	COLISÃO	AUTO E MOTO	1	1								0		""	""	""	""	""	""	""	""	""	""	""	""	""
3210	2018-04-10T00:00:00	13:42:00	SEM VÍTIMA	FINALIZADA	SANTO AMARO	RUA FRANCISCO JACINTO	124	RUA TUPINIQUINS	COM A TUPINIQUINS, PROX. AO RESTAURANTE ESQUINA GRILL	RUA FRANCISCO JACINTO	124	COM A TUPINIQUINS, PROX. AO RESTAURANTE ESQUINA GRILL	SANTO AMARO		""	COLISÃO	MOTO E AUTO	1	1								0		""	""	""	""	""	""	""	""	""	""	""	""	""
3211	2018-04-10T00:00:00	14:22:00	COM VÍTIMA	FINALIZADA	AREIAS	AV RECIFE	""	""	EM FRENTE A GALETUS, SENTIDO IMBIRIBEIRA	AV RECIFE	""	EM FRENTE A GALETUS, SENTIDO IMBIRIBEIRA	AREIAS		""	COLISÃO	AUTO E MOTO DO EB	1	1								1		""	""	""	""	""	""	""	""	""	""	""	""	""
3212	2018-04-10T00:00:00	14:27:00	SEM VÍTIMA	FINALIZADA	DERBY	AV GOVERNADOR AGAMENON MAGALHAES	""	""	SENTIDO BOA VIAGEM, EM FRENTE A PRAÇA DO DERBY	AV GOVERNADOR AGAMENON MAGALHAES	""	SENTIDO BOA VIAGEM, EM FRENTE A PRAÇA DO DERBY	DERBY		""	COLISÃO	DOIS AUTOS S/V	2									0		""	""	""	""	""	""	""	""	""	""	""	""	""
3213	2018-04-10T00:00:00	15:07:00	SEM VÍTIMA	CANCELADA	AREIAS	AV RECIFE	""	""	ENTRE O HOSPITAL PAN DE AREIAS E O RESTAURANTE GALETOS S/T CEASA	AV RECIFE	""	ENTRE O HOSPITAL PAN DE AREIAS E O RESTAURANTE GALETOS S/T CEASA	AREIAS		""	COLISÃO	COLISAO ENTRE DOIS AUTOS S/V	2									0		""	""	""	""	""	""	""	""	""	""	""	""	""
3214	2018-04-10T00:00:00	15:21:00	SEM VÍTIMA	FINALIZADA	IMBIRIBEIRA	RUA ITACARI	57	""	AO LADO DO BANCO ITAU	RUA ITACARI	57	AO LADO DO BANCO ITAU	IMBIRIBEIRA		""	COLISÃO	CAMINHÃO E AUTO	1						1			0		""	""	""	""	""	""	""	""	""	""	""	""	""
3215	2018-04-10T00:00:00	15:37:00	SEM VÍTIMA	CANCELADA	SANTO AMARO	AV VISCONDE DE SUASSUNA	594	""	PROX AO SENAC	AV VISCONDE DE SUASSUNA	594	PROX AO SENAC	SANTO AMARO		""	COLISÃO	COLISAO ENTRE DOIS AUTOS S/V	2									0		""	""	""	""	""	""	""	""	""	""	""	""	""
3216	2018-04-10T00:00:00	15:58:00	SEM VÍTIMA	FINALIZADA	VÁRZEA	RUA DONA MARIA LACERDA	""	""	PROX. AO 12° BATALHAO	RUA DONA MARIA LACERDA	""	PROX. AO 12° BATALHAO	VÁRZEA		""	COLISÃO	COLISAO ENTRE DOIS AUTOS S/V	1						1			0		""	""	""	""	""	""	""	""	""	""	""	""	""
3217	2018-04-10T00:00:00	16:00:00	SEM VÍTIMA	FINALIZADA	IPSEP	RUA JEAN EMILE FAVRE	885	""	APOS O SUPERMERCADO ARCO IRÍS E/F A AUTO PEÇAS MARINGÁ	RUA JEAN EMILE FAVRE	885	APOS O SUPERMERCADO ARCO IRÍS E/F A AUTO PEÇAS MARINGÁ	IPSEP		""	COLISÃO	COLISAO ENTRE VAN E AUTO S/V	2									0		""	""	""	""	""	""	""	""	""	""	""	""	""
3218	2018-04-10T00:00:00	16:22:00	SEM VÍTIMA	FINALIZADA	IPUTINGA	RUA CELESTINO NEVES	209	""	POR TRAS DO RESTAURANTE GOTA SERENA	RUA CELESTINO NEVES	209	POR TRAS DO RESTAURANTE GOTA SERENA	IPUTINGA		""	COLISÃO	DOIS AUTOS S/V	2									0		""	""	""	""	""	""	""	""	""	""	""	""	""
3219	2018-04-10T00:00:00	16:26:00	SEM VÍTIMA	FINALIZADA	ILHA DO LEITE	AV GOVERNADOR AGAMENON MAGALHAES	""	""	AO LADO DA CAIXA ECONOMICA	AV GOVERNADOR AGAMENON MAGALHAES	""	AO LADO DA CAIXA ECONOMICA	ILHA DO LEITE		""	COLISÃO	COLISAO ENTRE DOIS AUTOS	2									0		""	""	""	""	""	""	""	""	""	""	""	""	""
3220	2018-04-10T00:00:00	17:29:00	SEM VÍTIMA	FINALIZADA	ESPINHEIRO	RUA QUARENTA E OITO	52	AV NORTE	ESQUINA COM AV NORTE APOS O EXTRABOM	RUA QUARENTA E OITO	52	ESQUINA COM AV NORTE APOS O EXTRABOM	ESPINHEIRO		""	COLISÃO	COLISAO ENTRE DOIS AUTOS S/V	2									0		""	""	""	""	""	""	""	""	""	""	""	""	""
3221	2018-04-10T00:00:00	17:59:00	COM VÍTIMA	FINALIZADA	CORDEIRO	RUA MAURICIO DE NASSAU	""	""	E/F AO PARQUE CAIARA, SNT IPUTINGA / PRÓX A LOMBADA ELETRÔNICA	RUA MAURICIO DE NASSAU	""	E/F AO PARQUE CAIARA, SNT IPUTINGA / PRÓX A LOMBADA ELETRÔNICA	CORDEIRO		""	COLISÃO	ENTRE AUTO E MOTO. C/V	1	1								2		""	""	""	""	""	""	""	""	""	""	""	""	""
3222	2018-04-10T00:00:00	18:06:00	SEM VÍTIMA	FINALIZADA	CAXANGÁ	AV CAXANGA	""	""	POR BAIXO DO VIADUTO CAXANGÁ E E/F AO BANCO DO BRASIL	AV CAXANGA	""	POR BAIXO DO VIADUTO CAXANGÁ E E/F AO BANCO DO BRASIL	CAXANGÁ		""	COLISÃO	ENTRE AUTO E MOTO. S/V	1	1								0		""	""	""	""	""	""	""	""	""	""	""	""	""
3223	2018-04-10T00:00:00	18:36:00	SEM VÍTIMA	FINALIZADA	DOIS UNIDOS	AV HILDEBRANDO DE VASCONCELOS	""	""	E/F A FÁBRICA DA MINERVA / SNT AO TERMINAL DE DOIS UNIDOS	AV HILDEBRANDO DE VASCONCELOS	""	E/F A FÁBRICA DA MINERVA / SNT AO TERMINAL DE DOIS UNIDOS	DOIS UNIDOS		""	COLISÃO	ENTRE CAMINHÃO E ÕNIBUS. S/V						1	1			0		""	""	""	""	""	""	""	""	""	""	""	""	""
3224	2018-04-10T00:00:00	18:37:00	SEM VÍTIMA	FINALIZADA	BOA VIAGEM	RUA DEZ DE JULHO	""	AV VINTE E TRES DE OUTUBRO	CRUZAMENTO COM A AVENIDA VINTE E TRÊS DE OUTUBRO	RUA DEZ DE JULHO	""	CRUZAMENTO COM A AVENIDA VINTE E TRÊS DE OUTUBRO	BOA VIAGEM		""	COLISÃO	COLISÃO ENTRE DOIS AUTOS	2									0		""	""	""	""	""	""	""	""	""	""	""	""	""
3225	2018-04-10T00:00:00	18:49:00	COM VÍTIMA	FINALIZADA	VASCO DA GAMA	RUA VASCO DA GAMA	S/N	""	E/F AO SESI DO VASCO / PRÓX A DELIVERY	RUA VASCO DA GAMA	S/N	E/F AO SESI DO VASCO / PRÓX A DELIVERY	VASCO DA GAMA		""	COLISÃO	ENTRE AUTO E MOTO. C/V	1		1							1		""	""	""	""	""	""	""	""	""	""	""	""	""
3226	2018-04-10T00:00:00	19:24:00	SEM VÍTIMA	FINALIZADA	AREIAS	AV RECIFE	""	""	E/F AO HOTEL ESTORIL E POSTO TOTAL	AV RECIFE	""	E/F AO HOTEL ESTORIL E POSTO TOTAL	AREIAS		""	COLISÃO	ENTRE 2 AUTOS. S/V	2									0		""	""	""	""	""	""	""	""	""	""	""	""	""