_id	DATA	hora	natureza_acidente	situacao	bairro	endereco	numero	detalhe_endereco_acidente	complemento	endereco_cruzamento	numero_cruzamento	referencia_cruzamento	bairro_cruzamento	num_semaforo	sentido_via	tipo	descricao	auto	moto	ciclom	ciclista	pedestre	onibus	caminhao	viatura	outros	vitimas	vitimasfatais	acidente_verificado	tempo_clima	situacao_semaforo	sinalizacao	condicao_via	conservacao_via	ponto_controle	situacao_placa	velocidade_max_via	mao_direcao	divisao_via1	divisao_via2	divisao_via3
3290	2018-04-12T00:00:00	13:34:00	SEM VÍTIMA	FINALIZADA	CAMPO GRANDE	RUA PROFESSOR FRANCISCO DA TRINDADE	290 B	""	APOS O SUPERMERCADO STILO	RUA PROFESSOR FRANCISCO DA TRINDADE	290 B	APOS O SUPERMERCADO STILO	CAMPO GRANDE		""	COLISÃO	DOIS AUTOS	2									0		""	""	""	""	""	""	""	""	""	""	""	""	""
3291	2018-04-12T00:00:00	13:43:00	SEM VÍTIMA	FINALIZADA	MADALENA	AV VISCONDE DE ALBUQUERQUE	300	""	APOS A ASTRAL VEICULOS	AV VISCONDE DE ALBUQUERQUE	300	APOS A ASTRAL VEICULOS	MADALENA		""	COLISÃO	DOIS AUTOS	2									0		""	""	""	""	""	""	""	""	""	""	""	""	""
3292	2018-04-12T00:00:00	13:47:00	SEM VÍTIMA	FINALIZADA	AFOGADOS	RUA NICOLAU PEREIRA	179	""	EM FRENTE A CLECIO ESCAPAMENTOS	RUA NICOLAU PEREIRA	179	EM FRENTE A CLECIO ESCAPAMENTOS	AFOGADOS		""	COLISÃO	COLISÃO SEM VÍTIMA	1						1			0		""	""	""	""	""	""	""	""	""	""	""	""	""
3293	2018-04-12T00:00:00	13:53:00	""	CANCELADA	TORRE	AV VISCONDE DE ALBUQUERQUE	""	""	COM RUA LOPES DE CARVALHO E/F A LOJA SPUK	AV VISCONDE DE ALBUQUERQUE	""	COM RUA LOPES DE CARVALHO E/F A LOJA SPUK	TORRE		""	COLISÃO COM CICLISTA	COLISAO DE DOIS AUTOS S /V	2			1						0		""	""	""	""	""	""	""	""	""	""	""	""	""
3294	2018-04-12T00:00:00	14:44:00	SEM VÍTIMA	FINALIZADA	ARRUDA	RUA PROFESSOR JERONIMO GUEIROS	55	""	NA RUA DO CANAL, E BAR DO DRAGÃO	RUA PROFESSOR JERONIMO GUEIROS	55	NA RUA DO CANAL, E BAR DO DRAGÃO	ARRUDA		""	COLISÃO	DOIS AUTOS	2									0		""	""	""	""	""	""	""	""	""	""	""	""	""
3295	2018-04-12T00:00:00	""	COM VÍTIMA	FINALIZADA	BOA VIAGEM	RUA VISCONDE DE JEQUITINHONHA	850	""	EDF. CAPITULINA, NO SEMAFORO 158	RUA VISCONDE DE JEQUITINHONHA	850	EDF. CAPITULINA, NO SEMAFORO 158	BOA VIAGEM		""	COLISÃO	MOTO E AUTO	1	1								1		""	""	""	""	""	""	""	""	""	""	""	""	""
3296	2018-04-12T00:00:00	16:12:00	SEM VÍTIMA	FINALIZADA	BOA VISTA	RUA JOSE DE ALENCAR	""	""	EM FRENTE AO RESTAURANTE BODEGA	RUA JOSE DE ALENCAR	""	EM FRENTE AO RESTAURANTE BODEGA	BOA VISTA		""	COLISÃO	COLISÃO SEM VITIMA	3									0		""	""	""	""	""	""	""	""	""	""	""	""	""
3297	2018-04-12T00:00:00	16:33:00	SEM VÍTIMA	FINALIZADA	JIQUIÁ	AV GENERAL SAN MARTIN	1381	RUA GOMES TABORDA	COM GOMES TABORDA, NO SEMAFORO 067	AV GENERAL SAN MARTIN	1381	COM GOMES TABORDA, NO SEMAFORO 067	JIQUIÁ		""	COLISÃO	ONIBUS E AUTO	1					1				0		""	""	""	""	""	""	""	""	""	""	""	""	""
3298	2018-04-12T00:00:00	16:50:00	SEM VÍTIMA	CANCELADA	CORDEIRO	RUA CLAUDIO BROTHERHOOD	92	""	EM FRENTE AO SALOON AUTOMOTIVO	RUA CLAUDIO BROTHERHOOD	92	EM FRENTE AO SALOON AUTOMOTIVO	CORDEIRO		""	COLISÃO	COLISÃO SEM VÍTIMA	1								1	0		""	""	""	""	""	""	""	""	""	""	""	""	""
3299	2018-04-12T00:00:00	16:37:00	COM VÍTIMA	FINALIZADA	PORTO DA MADEIRA	AV BEBERIBE	""	""	EM FRENTE SUVINIR	AV BEBERIBE	""	EM FRENTE SUVINIR	PORTO DA MADEIRA		""	COLISÃO	AUTO E MOTO	1	1								1		""	""	""	""	""	""	""	""	""	""	""	""	""
3300	2018-04-12T00:00:00	17:38:00	SEM VÍTIMA	CANCELADA	ESPINHEIRO	RUA MARQUES DO PARANA	252	""	PROX AO COLEGIO TERCEIRO MILÊNIO NA RUA DA DOCERIA SIMONE BARROS	RUA MARQUES DO PARANA	252	PROX AO COLEGIO TERCEIRO MILÊNIO NA RUA DA DOCERIA SIMONE BARROS	ESPINHEIRO		""	COLISÃO	COLISAO ENTRE DOIS AUTOS S/V	2									0		""	""	""	""	""	""	""	""	""	""	""	""	""
3301	2018-04-12T00:00:00	17:52:00	SEM VÍTIMA	FINALIZADA	BOA VISTA	AV MANOEL BORBA	339	""	EM FRENTE A PADARIA SANTA TEREZINHA	AV MANOEL BORBA	339	EM FRENTE A PADARIA SANTA TEREZINHA	BOA VISTA		""	COLISÃO	COLISÃO SEM VÍTIMA	2									0		""	""	""	""	""	""	""	""	""	""	""	""	""
3302	2018-04-12T00:00:00	18:13:00	VÍTIMA FATAL	FINALIZADA	SANTO ANTÔNIO	RUA DO LIVRAMENTO	""	RUA NOSSA SENHORA DO CARMO	NO CRUZAMENTO DA RUA NOSSA SENHORA DO CARMO/E/F A CASAS LEO	RUA DO LIVRAMENTO	""	NO CRUZAMENTO DA RUA NOSSA SENHORA DO CARMO/E/F A CASAS LEO	SANTO ANTÔNIO		""	COLISÃO	COLISÃO C/V NA FAIXA DE PEDESTRE		1								1	1	""	""	""	""	""	""	""	""	""	""	""	""	""
3303	2018-04-12T00:00:00	18:28:00	SEM VÍTIMA	EQUIPE EM DESLOCAMENTO	ILHA DO RETIRO	AV ENGENHEIRO ABDIAS DE CARVALHO	XX	""	EM FRENTE POSTO IPIRANGA SENTIDO BR	AV ENGENHEIRO ABDIAS DE CARVALHO	XX	EM FRENTE POSTO IPIRANGA SENTIDO BR	ILHA DO RETIRO		""	COLISÃO	COLISAO SEM VITIMA	2									0		""	""	""	""	""	""	""	""	""	""	""	""	""
3304	2018-04-12T00:00:00	19:01:00	SEM VÍTIMA	FINALIZADA	BOA VIAGEM	AV ANTONIO DE GOES	""	""	PRÓX AO RIO MAR E E/F AO POSTO BR, NA FAIXA DA ESQUERDA	AV ANTONIO DE GOES	""	PRÓX AO RIO MAR E E/F AO POSTO BR, NA FAIXA DA ESQUERDA	BOA VIAGEM		""	COLISÃO	ENTRE 2 AUTOS, S/V	2									0		""	""	""	""	""	""	""	""	""	""	""	""	""
3305	2018-04-12T00:00:00	""	SEM VÍTIMA	FINALIZADA	DERBY	AV GOVERNADOR AGAMENON MAGALHAES	""	""	PROX AO MINISTERIO DO TRABALHO	AV GOVERNADOR AGAMENON MAGALHAES	""	PROX AO MINISTERIO DO TRABALHO	DERBY		""	COLISÃO	COLISAO S/V	2									0		""	""	""	""	""	""	""	""	""	""	""	""	""
3306	2018-04-12T00:00:00	19:08:00	SEM VÍTIMA	CANCELADA	IPUTINGA	RUA GASPAR PEREZ	621	""	PRÓX AO EROS HOTEL E AO GALPÃO LOCAL / ESQUINA COM A LAGO VERDE	RUA GASPAR PEREZ	621	PRÓX AO EROS HOTEL E AO GALPÃO LOCAL / ESQUINA COM A LAGO VERDE	IPUTINGA		""	COLISÃO	ENTRE AUTO E MOTO. S/V	1	1								0		""	""	""	""	""	""	""	""	""	""	""	""	""
3307	2018-04-12T00:00:00	20:23:00	SEM VÍTIMA	FINALIZADA	AREIAS	AV DR JOSE RUFINO	""	""	PRÓX A IGREJA DE AREIAS / E/F A SORVETERIA DO BARRO	AV DR JOSE RUFINO	""	PRÓX A IGREJA DE AREIAS / E/F A SORVETERIA DO BARRO	AREIAS		""	COLISÃO	ENTRE 2 AUTOS, S/V	2									0		""	""	""	""	""	""	""	""	""	""	""	""	""
3308	2018-04-12T00:00:00	20:34:00	SEM VÍTIMA	FINALIZADA	AFOGADOS	RUA FRANCISCO SILVEIRA	""	""	APOS A PRAÇA DE AFOGADOS A 1ª DIREITA	RUA FRANCISCO SILVEIRA	""	APOS A PRAÇA DE AFOGADOS A 1ª DIREITA	AFOGADOS		""	COLISÃO	COLISAO S/V		1					1			0		""	""	""	""	""	""	""	""	""	""	""	""	""
3309	2018-04-12T00:00:00	21:10:00	SEM VÍTIMA	FINALIZADA	GRAÇAS	AV CONS ROSA E SILVA	172	""	E/F AO CLUBE PORTUGUÊS	AV CONS ROSA E SILVA	172	E/F AO CLUBE PORTUGUÊS	GRAÇAS		""	ENGAVETAMENTO	ENTRE 3 AUTOS. S/V	3									0		""	""	""	""	""	""	""	""	""	""	""	""	""
3310	2018-04-12T00:00:00	21:27:00	SEM VÍTIMA	FINALIZADA	BOA VIAGEM	AV ENGENHEIRO DOMINGOS FERREIRA	""	""	EM FRENTE AO WALL MART	AV ENGENHEIRO DOMINGOS FERREIRA	""	EM FRENTE AO WALL MART	BOA VIAGEM		""	CHOQUE	CARRETA CHOCOU-SE CONTRA UM GALHO DE UMA ARVORE NO CANTEIRO CENTRAL DA VIA										0		""	""	""	""	""	""	""	""	""	""	""	""	""
3311	2018-04-13T00:00:00	05:20:00	SEM VÍTIMA	FINALIZADA	BOA VIAGEM	RUA CAPITAO ZUZINHA	381	RUA SÁ E SOUZA	CRUZAMENTO COM A RUA SA E SOUZA, EM FRENTE AO EDIFICIO SANTOS DUMONT	RUA CAPITAO ZUZINHA	381	CRUZAMENTO COM A RUA SA E SOUZA, EM FRENTE AO EDIFICIO SANTOS DUMONT	BOA VIAGEM		""	COLISÃO	COLISÃO ENTRE DOIS AUTOS S/V	2									0		""	""	""	""	""	""	""	""	""	""	""	""	""
3312	2018-04-13T00:00:00	06:31:00	SEM VÍTIMA	FINALIZADA	BOA VISTA	RUA DR BANDEIRA FILHO	""	""	EM FRENTE AO SUPERMERCADO WALMART E A FARMACIA PERMANENTE	RUA DR BANDEIRA FILHO	""	EM FRENTE AO SUPERMERCADO WALMART E A FARMACIA PERMANENTE	BOA VISTA		""	COLISÃO	COLISÃO SEM VITIMAS	1						1			0		""	""	""	""	""	""	""	""	""	""	""	""	""
3313	2018-04-13T00:00:00	07:56:00	COM VÍTIMA	FINALIZADA	IMBIRIBEIRA	AV MARECHAL MASCARENHAS DE MORAES	533	""	EM FRENTE A CORPEGAS/ SENTIDO CIDADE	AV MARECHAL MASCARENHAS DE MORAES	533	EM FRENTE A CORPEGAS/ SENTIDO CIDADE	IMBIRIBEIRA		""	COLISÃO	COLISÃO SEM VÍTIMA	3									1		""	""	""	""	""	""	""	""	""	""	""	""	""
3314	2018-04-13T00:00:00	08:30:00	SEM VÍTIMA	FINALIZADA	DERBY	RUA LUIZ BARBALHO	9	""	EM FRENTE A EMLURB	RUA LUIZ BARBALHO	9	EM FRENTE A EMLURB	DERBY		""	COLISÃO	COLISÃO SEM VÍTIMA	2									0		""	""	""	""	""	""	""	""	""	""	""	""	""
3315	2018-04-13T00:00:00	09:21:00	SEM VÍTIMA	CANCELADA	SANTO ANTÔNIO	AV ENGENHEIRO JOSE ESTELITA	""	""	EM FRENTE AOS GALPOES	AV ENGENHEIRO JOSE ESTELITA	""	EM FRENTE AOS GALPOES	SANTO ANTÔNIO		""	COLISÃO	COL.S/V	3									0		""	""	""	""	""	""	""	""	""	""	""	""	""
3316	2018-04-13T00:00:00	09:47:00	SEM VÍTIMA	FINALIZADA	SANTO AMARO	AV GOVERNADOR AGAMENON MAGALHAES	""	""	SEMAFOR Nº048	AV GOVERNADOR AGAMENON MAGALHAES	""	SEMAFOR Nº048	SANTO AMARO		""	COLISÃO	COL.S/V ,SET.DERBY	2									0		""	""	""	""	""	""	""	""	""	""	""	""	""
3317	2018-04-13T00:00:00	09:56:00	SEM VÍTIMA	FINALIZADA	BOA VIAGEM	RUA SETUBAL	638	""	EM FRENTE AO EDIFICIO AMALIA RODRIGUES	RUA SETUBAL	638	EM FRENTE AO EDIFICIO AMALIA RODRIGUES	BOA VIAGEM		""	COLISÃO	COLISÃO SEM VÍTIMA	1						1			0		""	""	""	""	""	""	""	""	""	""	""	""	""
3318	2018-04-13T00:00:00	10:03:00	SEM VÍTIMA	FINALIZADA	JARDIM SÃO PAULO	RUA LEANDRO BARRETO	915	""	EM FRENTE A HAMBUGUERIA BURG GRILL	RUA LEANDRO BARRETO	915	EM FRENTE A HAMBUGUERIA BURG GRILL	JARDIM SÃO PAULO		""	COLISÃO	COLISÃO SEM VÍTIMA	1					1				0		""	""	""	""	""	""	""	""	""	""	""	""	""
3319	2018-04-13T00:00:00	10:44:00	SEM VÍTIMA	FINALIZADA	IMBIRIBEIRA	AV MARECHAL MASCARENHAS DE MORAES	""	""	EM BAIXO DO VIADUTO TANCREDO NEVES	AV MARECHAL MASCARENHAS DE MORAES	""	EM BAIXO DO VIADUTO TANCREDO NEVES	IMBIRIBEIRA		""	COLISÃO	COL.S/V.SET.AEROPORTO	2									0		""	""	""	""	""	""	""	""	""	""	""	""	""
3320	2018-04-13T00:00:00	10:51:00	SEM VÍTIMA	FINALIZADA	JARDIM SÃO PAULO	RUA FREI ATANAZIO	60	RUA FREI FELIX OLIVOLA NARUYA	RESIDENCIA CRUZ COM A RUA FREI FELIX OLIVOLA NARUYA DA LOJA PRONTO BOX	RUA FREI ATANAZIO	60	RESIDENCIA CRUZ COM A RUA FREI FELIX OLIVOLA NARUYA DA LOJA PRONTO BOX	JARDIM SÃO PAULO		""	COLISÃO	COLISÃO SEM VITIMAS	1								1	0		""	""	""	""	""	""	""	""	""	""	""	""	""
3321	2018-04-13T00:00:00	M	SEM VÍTIMA	FINALIZADA	CASA AMARELA	RUA PADRE LEMOS	464	""	EM FRENTE A IGREJA UNIVERSAL / SET SUB	RUA PADRE LEMOS	464	EM FRENTE A IGREJA UNIVERSAL / SET SUB	CASA AMARELA		""	COLISÃO	AUTO E ONIBUS	1					1				0		""	""	""	""	""	""	""	""	""	""	""	""	""
3322	2018-04-13T00:00:00	11:21:00	SEM VÍTIMA	CANCELADA	LINHA DO TIRO	RUA URIEL DE HOLANDA	1467	""	EM FRENTE AO ARMAZEM OLIVEIRA	RUA URIEL DE HOLANDA	1467	EM FRENTE AO ARMAZEM OLIVEIRA	LINHA DO TIRO		""	COLISÃO	CINQUENTINHA / AUTO	1		1							0		""	""	""	""	""	""	""	""	""	""	""	""	""
3323	2018-04-13T00:00:00	11:26:00	COM VÍTIMA	FINALIZADA	TEJIPIÓ	AV DR JOSE RUFINO	""	""	EM FRENTE AO ARMAZEM CORAL/ SENTIDO JABOATÃO	AV DR JOSE RUFINO	""	EM FRENTE AO ARMAZEM CORAL/ SENTIDO JABOATÃO	TEJIPIÓ		""	COLISÃO	COLISÃO COM VÍTIMA		1								2		""	""	""	""	""	""	""	""	""	""	""	""	""
3324	2018-04-13T00:00:00	11:36:00	SEM VÍTIMA	CANCELADA	VÁRZEA	RUA GENERAL POLIDORO	""	""	E/F A CHURRASCARIA KISS	RUA GENERAL POLIDORO	""	E/F A CHURRASCARIA KISS	VÁRZEA		""	COLISÃO	COLISAO ENTRE DOIS AUTOS S/V										0		""	""	""	""	""	""	""	""	""	""	""	""	""
3325	2018-04-13T00:00:00	11:54:00	SEM VÍTIMA	FINALIZADA	PARNAMIRIM	AV PARNAMIRIM	134	""	EM FRENTE A BREMER	AV PARNAMIRIM	134	EM FRENTE A BREMER	PARNAMIRIM		""	COLISÃO	COLISÃO SEM VÍTIMA	1					1				0		""	""	""	""	""	""	""	""	""	""	""	""	""
3326	2018-04-13T00:00:00	12:36:00	COM VÍTIMA	FINALIZADA	IPSEP	AV RECIFE	""	""	EM FRENTE A PIZZARIA ATLÂNTICO/ SENTIDO CDU	AV RECIFE	""	EM FRENTE A PIZZARIA ATLÂNTICO/ SENTIDO CDU	IPSEP		""	COLISÃO	COLISÃO COM VÍTIMA	1	1								1		""	""	""	""	""	""	""	""	""	""	""	""	""
3327	2018-04-13T00:00:00	12:47:00	SEM VÍTIMA	FINALIZADA	IPUTINGA	RUA DR JOSE ANASTACIO DA SILVA GUIMARAES	211	""	PROXIMO AO SUPERMERCADO ECONOMICO	RUA DR JOSE ANASTACIO DA SILVA GUIMARAES	211	PROXIMO AO SUPERMERCADO ECONOMICO	IPUTINGA		""	COLISÃO	COLISÃO SEM VÍTIMA	1						1			0		""	""	""	""	""	""	""	""	""	""	""	""	""
3328	2018-04-13T00:00:00	13:08:00	SEM VÍTIMA	CANCELADA	CORDEIRO	RUA CAPITAO ANTONIO DIAS	""	""	AO LADO DO ARENA CAMARÃO	RUA CAPITAO ANTONIO DIAS	""	AO LADO DO ARENA CAMARÃO	CORDEIRO		""	COLISÃO	COLISÃO SEM VÍTIMA	1						1			0		""	""	""	""	""	""	""	""	""	""	""	""	""
3329	2018-04-13T00:00:00	15:26:00	SEM VÍTIMA	FINALIZADA	SANTO AMARO	RUA AURORA	""	""	NO SEMÁFORO 243	RUA AURORA	""	NO SEMÁFORO 243	SANTO AMARO		""	COLISÃO	COLISÃO SEM VÍTIMA	1	1								0		""	""	""	""	""	""	""	""	""	""	""	""	""
3330	2018-04-13T00:00:00	15:55:00	SEM VÍTIMA	CANCELADA	AFOGADOS	RUA AUGUSTO CALHEIROS	62	""	E/F GREMIO RECREATIVO DA URB RECIFE	RUA AUGUSTO CALHEIROS	62	E/F GREMIO RECREATIVO DA URB RECIFE	AFOGADOS		""	COLISÃO	COLISAO DE DOIS AUTOS S/V	2									0		""	""	""	""	""	""	""	""	""	""	""	""	""
3331	2018-04-13T00:00:00	16:02:00	SEM VÍTIMA	FINALIZADA	CAXANGÁ	AV CAXANGA	""	""	SENTIDO CIDADE EM FRENTE AO POSTO DE GASOLINA FEDERAL E AO PERNAMBIUCO DA SORTE	AV CAXANGA	""	SENTIDO CIDADE EM FRENTE AO POSTO DE GASOLINA FEDERAL E AO PERNAMBIUCO DA SORTE	CAXANGÁ		""	COLISÃO	COLISÃO SEM VITIMAS	3									0		""	""	""	""	""	""	""	""	""	""	""	""	""
3332	2018-04-13T00:00:00	17:25:00	SEM VÍTIMA	FINALIZADA	SANTO AMARO	AV DR JAYME DA FONTE	""	""	ENTRE A BLIZ TA DA CTTU E A COMPESA	AV DR JAYME DA FONTE	""	ENTRE A BLIZ TA DA CTTU E A COMPESA	SANTO AMARO		""	COLISÃO	COLISAO	1						1			0		""	""	""	""	""	""	""	""	""	""	""	""	""
3333	2018-04-13T00:00:00	18:04:00	SEM VÍTIMA	FINALIZADA	DERBY	RUA JORNALISTA TRAJANO CHACON	""	""	AO LADO DO CONDOMINIO ISSAC NEWTON	RUA JORNALISTA TRAJANO CHACON	""	AO LADO DO CONDOMINIO ISSAC NEWTON	DERBY		""	COLISÃO	COLISAO S/V	2									0		""	""	""	""	""	""	""	""	""	""	""	""	""
3334	2018-04-13T00:00:00	18:10:00	SEM VÍTIMA	CANCELADA	BRASÍLIA TEIMOSA	AV ANTONIO DE GOES	""	""	PROX AO JCPM	AV ANTONIO DE GOES	""	PROX AO JCPM	BRASÍLIA TEIMOSA		""	COLISÃO	COLISAO S/V	1					1				0		""	""	""	""	""	""	""	""	""	""	""	""	""
3335	2018-04-13T00:00:00	18:14:00	SEM VÍTIMA	FINALIZADA	GRAÇAS	RUA DAS GRACAS	277	""	PROX. A CAFETERIA SANTA CLARA E FARMACIA BIG BEN	RUA DAS GRACAS	277	PROX. A CAFETERIA SANTA CLARA E FARMACIA BIG BEN	GRAÇAS		""	COLISÃO	MOTO E AUTO	1	1								0		""	""	""	""	""	""	""	""	""	""	""	""	""
3336	2018-04-13T00:00:00	18:15:00	SEM VÍTIMA	FINALIZADA	SANTO AMARO	AV CRUZ CABUGA	""	""	E/F AO SHOPPING TACARUNA	AV CRUZ CABUGA	""	E/F AO SHOPPING TACARUNA	SANTO AMARO		""	COLISÃO	AUTO X MOTO DA CTTU	1	1								0		""	""	""	""	""	""	""	""	""	""	""	""	""
3337	2018-04-13T00:00:00	18:57:00	SEM VÍTIMA	CANCELADA	AFLITOS	AV CONS ROSA E SILVA	614	""	E/F AO PÃO DE AÇUCAR	AV CONS ROSA E SILVA	614	E/F AO PÃO DE AÇUCAR	AFLITOS		""	COLISÃO	COLISÃO SEM VÍTIMA	1					1				0		""	""	""	""	""	""	""	""	""	""	""	""	""
3338	2018-04-13T00:00:00	19:54:00	SEM VÍTIMA	CANCELADA	BEBERIBE	AV BEBERIBE	""	""	FRENTE AO ESTADIO DO SANTA CRUZ	AV BEBERIBE	""	FRENTE AO ESTADIO DO SANTA CRUZ	BEBERIBE		""	COLISÃO	""	2									0		""	""	""	""	""	""	""	""	""	""	""	""	""
3339	2018-04-13T00:00:00	20:47:00	SEM VÍTIMA	FINALIZADA	BOA VIAGEM	AV ENGENHEIRO DOMINGOS FERREIRA	1097	""	EM FRENTE A ESCOLA MUNICIPAL OSVALDO LIMA FILHO	AV ENGENHEIRO DOMINGOS FERREIRA	1097	EM FRENTE A ESCOLA MUNICIPAL OSVALDO LIMA FILHO	BOA VIAGEM		""	COLISÃO	DOIS AUTOS	2									0		""	""	""	""	""	""	""	""	""	""	""	""	""
3340	2018-04-13T00:00:00	22:01:00	SEM VÍTIMA	FINALIZADA	ESTÂNCIA	AV RECIFE	""	""	E/F AO MAKRO	AV RECIFE	""	E/F AO MAKRO	ESTÂNCIA		""	COLISÃO	COLISAO S/V	2									0		""	""	""	""	""	""	""	""	""	""	""	""	""
3341	2018-04-14T00:00:00	00:17:00	SEM VÍTIMA	CANCELADA	TORRE	RUA REAL DA TORRE	1433	""	EM FRENTE A PRAÇA PROFESSOR TRAJANO, EM FRENTE AO CONDOMINIO MORADA REAL DA TORRE	RUA REAL DA TORRE	1433	EM FRENTE A PRAÇA PROFESSOR TRAJANO, EM FRENTE AO CONDOMINIO MORADA REAL DA TORRE	TORRE		""	COLISÃO	COLISÃO ENTRE DOIS AUTOS S/V	2									0		""	""	""	""	""	""	""	""	""	""	""	""	""
3342	2018-04-14T00:00:00	01:18:00	SEM VÍTIMA	FINALIZADA	GRAÇAS	AV RUI BARBOSA	""	RUA SENAFOR ALBERTO PAIVA	CRUZAMENTO COM A RUA SENADOR ALBERTO PAIVA	AV RUI BARBOSA	""	CRUZAMENTO COM A RUA SENADOR ALBERTO PAIVA	GRAÇAS		""	COLISÃO	COLISÃO ENTRE DOIS AUTOS S/V	2									0		""	""	""	""	""	""	""	""	""	""	""	""	""
3343	2018-04-14T00:00:00	06:38:00	COM VÍTIMA	FINALIZADA	CAXANGÁ	AV CAXANGA	""	""	C/ R. RIBEIRO PESSOA PRÓXIMO A UPA	AV CAXANGA	""	C/ R. RIBEIRO PESSOA PRÓXIMO A UPA	CAXANGÁ		""	COLISÃO	DUAS MOTOS										3		""	""	""	""	""	""	""	""	""	""	""	""	""
3344	2018-04-14T00:00:00	07:47:00	SEM VÍTIMA	FINALIZADA	CASA FORTE	RUA MARECHAL RONDON	1986	""	NA RUA DO LABORATORIO MARCELO MAGALHAES	RUA MARECHAL RONDON	1986	NA RUA DO LABORATORIO MARCELO MAGALHAES	CASA FORTE		""	COLISÃO	COL.S/V	2									0		""	""	""	""	""	""	""	""	""	""	""	""	""
3345	2018-04-14T00:00:00	08:29:00	COM VÍTIMA	FINALIZADA	CAXANGÁ	AV CAXANGA	""	""	SOBRE O VIADUTO DO BRT, SENTIDO CIDADE NA FRENTE DO BARÃO DE LUCENA	AV CAXANGA	""	SOBRE O VIADUTO DO BRT, SENTIDO CIDADE NA FRENTE DO BARÃO DE LUCENA	CAXANGÁ		""	COLISÃO COM CICLISTA	COLISÃO COM VITIMA, CICLISTA				1		1				1		""	""	""	""	""	""	""	""	""	""	""	""	""
3346	2018-04-14T00:00:00	09:14:00	SEM VÍTIMA	FINALIZADA	AREIAS	RUA CAPITAO JACINTO DA CRUZ	""	AV RECIFE	EM FRENTE A FARMACIA PAGUE MENOS/CRUZAMENTO COM A AVA RECIFE	RUA CAPITAO JACINTO DA CRUZ	""	EM FRENTE A FARMACIA PAGUE MENOS/CRUZAMENTO COM A AVA RECIFE	AREIAS		""	COLISÃO	SEM VITIMAS	2									0		""	""	""	""	""	""	""	""	""	""	""	""	""
3347	2018-04-14T00:00:00	09:55:00	SEM VÍTIMA	FINALIZADA	BEBERIBE	AV BEBERIBE	2290	""	NA FRENTE DO SOBERANO E MERCADINHO DOIS IRMÃOS	AV BEBERIBE	2290	NA FRENTE DO SOBERANO E MERCADINHO DOIS IRMÃOS	BEBERIBE		""	COLISÃO	COLISÃO SEM VITIMA	2									0		""	""	""	""	""	""	""	""	""	""	""	""	""
3348	2018-04-14T00:00:00	10:45:00	SEM VÍTIMA	FINALIZADA	IBURA	AV DOIS RIOS	""	""	SENT/AV RECIFE,APOS A LINHA DO TREM NA PISTA NOVA	AV DOIS RIOS	""	SENT/AV RECIFE,APOS A LINHA DO TREM NA PISTA NOVA	IBURA		""	COLISÃO	SEM VITIMAS	1					1				0		""	""	""	""	""	""	""	""	""	""	""	""	""
3349	2018-04-14T00:00:00	11:09:00	SEM VÍTIMA	FINALIZADA	IMBIRIBEIRA	RUA PAMPULHA	""	RUA ISABEL DE SOUZA	ESQUINA COM RUA ISABEL DE SOUZA, EM FRENTE A LOJA DA RENAULT	RUA PAMPULHA	""	ESQUINA COM RUA ISABEL DE SOUZA, EM FRENTE A LOJA DA RENAULT	IMBIRIBEIRA		""	COLISÃO	DOIS AUTOS S/V	2									0		""	""	""	""	""	""	""	""	""	""	""	""	""
3350	2018-04-14T00:00:00	11:24:00	COM VÍTIMA	CANCELADA	MADALENA	AV ENGENHEIRO ABDIAS DE CARVALHO	""	""	EM FRENE AO HABIB'S	AV ENGENHEIRO ABDIAS DE CARVALHO	""	EM FRENE AO HABIB'S	MADALENA		""	COLISÃO	COL..C/V.SET.CD	1	1								1		""	""	""	""	""	""	""	""	""	""	""	""	""
3351	2018-04-14T00:00:00	11:43:00	SEM VÍTIMA	FINALIZADA	VÁRZEA	AV CAXANGA	""	""	EM CIMA DA PONTE / SENTIDO CIDADE	AV CAXANGA	""	EM CIMA DA PONTE / SENTIDO CIDADE	VÁRZEA		""	COLISÃO	COLISÃO SEM VÍTIMA	3									0		""	""	""	""	""	""	""	""	""	""	""	""	""
3352	2018-04-14T00:00:00	12:01:00	SEM VÍTIMA	FINALIZADA	MADALENA	AV BEIRA RIO	145	""	PROX. AO INTERNACIONAL	AV BEIRA RIO	145	PROX. AO INTERNACIONAL	MADALENA		""	COLISÃO	AUTO E MOTO	1	1								0		""	""	""	""	""	""	""	""	""	""	""	""	""
3353	2018-04-14T00:00:00	12:05:00	SEM VÍTIMA	FINALIZADA	CORDEIRO	RUA GOMES TABORDA	141	""	PROXIMO A GRAFICA SERV PRINT	RUA GOMES TABORDA	141	PROXIMO A GRAFICA SERV PRINT	CORDEIRO		""	COLISÃO	COLISÃO SEM VÍTIMA	1	1								0		""	""	""	""	""	""	""	""	""	""	""	""	""
3354	2018-04-14T00:00:00	12:18:00	SEM VÍTIMA	FINALIZADA	TORRE	RUA DOM MANOEL DA COSTA	43	""	ENTRTE DOIS VEÍCULOS	RUA DOM MANOEL DA COSTA	43	ENTRTE DOIS VEÍCULOS	TORRE		""	COLISÃO	""	2									0		""	""	""	""	""	""	""	""	""	""	""	""	""
3355	2018-04-14T00:00:00	12:21:00	COM VÍTIMA	FINALIZADA	CASA AMARELA	RUA PADRE LEMOS	""	""	EM FRENTE AO MERCADINHO CANELA	RUA PADRE LEMOS	""	EM FRENTE AO MERCADINHO CANELA	CASA AMARELA		""	COLISÃO	COLISÃO COM VÍTIMA		1	1							2		""	""	""	""	""	""	""	""	""	""	""	""	""