_id	DATA	hora	natureza_acidente	situacao	bairro	endereco	numero	detalhe_endereco_acidente	complemento	endereco_cruzamento	numero_cruzamento	referencia_cruzamento	bairro_cruzamento	num_semaforo	sentido_via	tipo	descricao	auto	moto	ciclom	ciclista	pedestre	onibus	caminhao	viatura	outros	vitimas	vitimasfatais	acidente_verificado	tempo_clima	situacao_semaforo	sinalizacao	condicao_via	conservacao_via	ponto_controle	situacao_placa	velocidade_max_via	mao_direcao	divisao_via1	divisao_via2	divisao_via3
3356	2018-04-14T00:00:00	12:24:00	COM VÍTIMA	FINALIZADA	CASA AMARELA	RUA PADRE LEMOS	767	""	EM FRENTE AO POSTO DE GASOLINA BR, NA BACIA DO VASCO	RUA PADRE LEMOS	767	EM FRENTE AO POSTO DE GASOLINA BR, NA BACIA DO VASCO	CASA AMARELA		""	COLISÃO	AUTO E MOTO	1	1								1		""	""	""	""	""	""	""	""	""	""	""	""	""
3357	2018-04-14T00:00:00	12:26:00	SEM VÍTIMA	CANCELADA	AFOGADOS	LARGO DA PAZ	""	""	E/F AO ITAU	LARGO DA PAZ	""	E/F AO ITAU	AFOGADOS		""	COLISÃO	COLISAO ENTRE DOIS AUTOS S/V	2									0		""	""	""	""	""	""	""	""	""	""	""	""	""
3358	2018-04-14T00:00:00	12:37:00	""	CANCELADA	BOA VIAGEM	RUA ANTONIO FALCAO	""	""	ESQUINA COM A VIA MANGUE, EMBAIXO DO VIADUTO, SEMAFORO 648	RUA ANTONIO FALCAO	""	ESQUINA COM A VIA MANGUE, EMBAIXO DO VIADUTO, SEMAFORO 648	BOA VIAGEM		""	COLISÃO	AUTO E MOTO C/V	1	1								0		""	""	""	""	""	""	""	""	""	""	""	""	""
3359	2018-04-14T00:00:00	12:41:00	SEM VÍTIMA	FINALIZADA	AFLITOS	AV SANTOS DUMONT	435	""	EM FRENTE A GALERIA DUMONT CENTER	AV SANTOS DUMONT	435	EM FRENTE A GALERIA DUMONT CENTER	AFLITOS		""	COLISÃO	COLISÃO ENTRE DOIS AUTOS SEM VÍTIMAS	2									0		""	""	""	""	""	""	""	""	""	""	""	""	""
3360	2018-04-14T00:00:00	12:44:00	SEM VÍTIMA	CANCELADA	IPUTINGA	AV CAXANGA	""	""	EM FRENTE AO POSTO SHELL E AO LADO DO EXTRA/ SENTIDO SUBURBIO	AV CAXANGA	""	EM FRENTE AO POSTO SHELL E AO LADO DO EXTRA/ SENTIDO SUBURBIO	IPUTINGA		""	COLISÃO	COLISÃO SEM VÍTIMA	3									0		""	""	""	""	""	""	""	""	""	""	""	""	""
3361	2018-04-14T00:00:00	12:55:00	COM VÍTIMA	FINALIZADA	BOA VIAGEM	RUA ANTONIO FALCAO	""	RUA EDSON RAMALHO	COM A RUA EDSON A.RAMALHO E/F A NIL MOVEIS PLANEJADOS NO SEMAFORO 648	RUA ANTONIO FALCAO	""	COM A RUA EDSON A.RAMALHO E/F A NIL MOVEIS PLANEJADOS NO SEMAFORO 648	BOA VIAGEM		""	COLISÃO	COLISAO DE AUTO E MOTO COM UMA VITIMA	1	1								1		""	""	""	""	""	""	""	""	""	""	""	""	""
3362	2018-04-14T00:00:00	13:05:00	SEM VÍTIMA	FINALIZADA	ESPINHEIRO	RUA DO ESPINHEIRO	""	AV JOAO DE BARROS	COM A JOAO DE BARROS E/F AO LADO DO EXTRA	RUA DO ESPINHEIRO	""	COM A JOAO DE BARROS E/F AO LADO DO EXTRA	ESPINHEIRO		""	COLISÃO	COLISAO ENTRE DOIS AUTOS S/V	2									0		""	""	""	""	""	""	""	""	""	""	""	""	""
3363	2018-04-14T00:00:00	13:14:00	SEM VÍTIMA	FINALIZADA	SAN MARTIN	AV GENERAL SAN MARTIN	S/N	""	E/F A CAVALARIA	AV GENERAL SAN MARTIN	S/N	E/F A CAVALARIA	SAN MARTIN		""	COLISÃO	COLISAO ENTRE AUTO E CARRETA S/V	1						1			0		""	""	""	""	""	""	""	""	""	""	""	""	""
3364	2018-04-14T00:00:00	14:37:00	SEM VÍTIMA	FINALIZADA	DERBY	AV GOVERNADOR AGAMENON MAGALHAES	""	""	E/F AO COLEGIO BARBOSA LIMA S/T BOA VIAGEM	AV GOVERNADOR AGAMENON MAGALHAES	""	E/F AO COLEGIO BARBOSA LIMA S/T BOA VIAGEM	DERBY		""	COLISÃO	COLISAO ENTRE DOIS AUTOS S/V	2									0		""	""	""	""	""	""	""	""	""	""	""	""	""
3365	2018-04-14T00:00:00	14:40:00	SEM VÍTIMA	CANCELADA	BOA VISTA	RUA DA SANTA CRUZ	""	""	EM FRENTE A IGREJA	RUA DA SANTA CRUZ	""	EM FRENTE A IGREJA	BOA VISTA		""	COLISÃO	AUTO E MOTO S/V	1	1								0		""	""	""	""	""	""	""	""	""	""	""	""	""
3366	2018-04-14T00:00:00	14:48:00	COM VÍTIMA	FINALIZADA	BOA VIAGEM	RUA PROFESSOR AUGUSTO LINS E SILVA	62	""	PROX. A PADARIA ALEM DO PAO, SENTIDO AV.BOA VIAGEM	RUA PROFESSOR AUGUSTO LINS E SILVA	62	PROX. A PADARIA ALEM DO PAO, SENTIDO AV.BOA VIAGEM	BOA VIAGEM		""	COLISÃO	AUTO E MOTO	1	1								1		""	""	""	""	""	""	""	""	""	""	""	""	""
3367	2018-04-14T00:00:00	15:26:00	SEM VÍTIMA	FINALIZADA	ESPINHEIRO	AV GOVERNADOR AGAMENON MAGALHAES	""	""	E/F AO UNIMED PEDIATRICA S/T BOA VIAGEM	AV GOVERNADOR AGAMENON MAGALHAES	""	E/F AO UNIMED PEDIATRICA S/T BOA VIAGEM	ESPINHEIRO		""	COLISÃO	COLISAO ENTRE AUTO E MOTO S/V	1	1								0		""	""	""	""	""	""	""	""	""	""	""	""	""
3368	2018-04-14T00:00:00	17:46:00	SEM VÍTIMA	FINALIZADA	DERBY	PRC DO DERBY	""	""	NA DESCIDA DA PONTE, SENTIDO AGAMENON	PRC DO DERBY	""	NA DESCIDA DA PONTE, SENTIDO AGAMENON	DERBY		""	COLISÃO	DOIS AUTOS S/V	2									0		""	""	""	""	""	""	""	""	""	""	""	""	""
3369	2018-04-14T00:00:00	18:00:00	COM VÍTIMA	CANCELADA	ESPINHEIRO	AV CONS ROSA E SILVA	""	""	E/F AO HOSPITAL DO SERVIDOR DO ESTADO	AV CONS ROSA E SILVA	""	E/F AO HOSPITAL DO SERVIDOR DO ESTADO	ESPINHEIRO		""	COLISÃO	COLISAO C/V	1	1								1		""	""	""	""	""	""	""	""	""	""	""	""	""
3370	2018-04-14T00:00:00	18:04:00	COM VÍTIMA	FINALIZADA	ARRUDA	RUA MARQUES DE BAIPENDI	""	""	PROX. COCA COLA DO ARRUDA	RUA MARQUES DE BAIPENDI	""	PROX. COCA COLA DO ARRUDA	ARRUDA		""	COLISÃO	COLISAO C/V	1	1								1		""	""	""	""	""	""	""	""	""	""	""	""	""
3371	2018-04-14T00:00:00	19:14:00	SEM VÍTIMA	FINALIZADA	AFOGADOS	AV SUL	179	RUA NICOLAU PEREIRA	NO CRUZAM. DA NICOLAU PEREIRA/ EF. A ESTAÇÃO LARGO DA PAZ	AV SUL	179	NO CRUZAM. DA NICOLAU PEREIRA/ EF. A ESTAÇÃO LARGO DA PAZ	AFOGADOS		""	COLISÃO	COLISAO S/V	1						1			0		""	""	""	""	""	""	""	""	""	""	""	""	""
3372	2018-04-15T00:00:00	01:13:00	SEM VÍTIMA	FINALIZADA	VÁRZEA	RUA MARIO CAMPELO	""	""	PROX. AO CASTELO DO BRENNAND IRB	RUA MARIO CAMPELO	""	PROX. AO CASTELO DO BRENNAND IRB	VÁRZEA		""	COLISÃO	COLISAO S/V	2									0		""	""	""	""	""	""	""	""	""	""	""	""	""
3373	2018-04-15T00:00:00	01:19:00	SEM VÍTIMA	FINALIZADA	BOA VIAGEM	RUA PADRE CARAPUCEIRO	""	AV GAL EDSON RAMALHO	CRUZAMENTO COM AV GENERAL EDSON RAMALHO // SEMÁFORO 321	RUA PADRE CARAPUCEIRO	""	CRUZAMENTO COM AV GENERAL EDSON RAMALHO // SEMÁFORO 321	BOA VIAGEM		""	COLISÃO	COLISÃO ENTRE DOIS AUTOS S/V	2									0		""	""	""	""	""	""	""	""	""	""	""	""	""
3374	2018-04-15T00:00:00	01:36:00	SEM VÍTIMA	FINALIZADA	SAN MARTIN	RUA DR FLAVIO FERREIRA DA SILVA MAROJO	""	""	PRÓXIMO A EMPREL // RUA DOS FERROS VELHOS	RUA DR FLAVIO FERREIRA DA SILVA MAROJO	""	PRÓXIMO A EMPREL // RUA DOS FERROS VELHOS	SAN MARTIN		""	COLISÃO	COLISÃO ENTRE DOIS AUTOS S/V	2									0		""	""	""	""	""	""	""	""	""	""	""	""	""
3375	2018-04-15T00:00:00	05:39:00	SEM VÍTIMA	FINALIZADA	BOA VIAGEM	AV BOA VIAGEM	""	""	NO POSTO DE GUARDA-VIDAS 05 // APÓS A PADARIA BOA VIAGEM	AV BOA VIAGEM	""	NO POSTO DE GUARDA-VIDAS 05 // APÓS A PADARIA BOA VIAGEM	BOA VIAGEM		""	COLISÃO	COLISÃO ENTRE DOIS AUTOS S/V	2									0		""	""	""	""	""	""	""	""	""	""	""	""	""
3376	2018-04-15T00:00:00	06:46:00	SEM VÍTIMA	FINALIZADA	BOA VIAGEM	RUA FELIX DE BRITO E MELO	""	""	PROX. AO WALLMART	RUA FELIX DE BRITO E MELO	""	PROX. AO WALLMART	BOA VIAGEM		""	COLISÃO	COLISÃO SEM VITIMA	2									0		""	""	""	""	""	""	""	""	""	""	""	""	""
3377	2018-04-15T00:00:00	08:54:00	SEM VÍTIMA	FINALIZADA	BOA VIAGEM	RUA PADRE CARAPUCEIRO	22	""	EM FRENTE DA GALERIA SANTO ANTONIO	RUA PADRE CARAPUCEIRO	22	EM FRENTE DA GALERIA SANTO ANTONIO	BOA VIAGEM		""	COLISÃO	COL.S/V	2									0		""	""	""	""	""	""	""	""	""	""	""	""	""
3378	2018-04-15T00:00:00	12:00:00	COM VÍTIMA	FINALIZADA	TEJIPIÓ	AV DR JOSE RUFINO	""	""	EM FRENTE A ESCOLA ALBERTO TORRES	AV DR JOSE RUFINO	""	EM FRENTE A ESCOLA ALBERTO TORRES	TEJIPIÓ		""	COLISÃO	COLISÃO 2 AUTOS COM VITIMA										1		""	""	""	""	""	""	""	""	""	""	""	""	""
3379	2018-04-15T00:00:00	12:44:00	SEM VÍTIMA	FINALIZADA	CAXANGÁ	AV CAXANGA	""	""	EM FRENTE AO TI DA CAXANGA NO SENTIDO SUBURBIO	AV CAXANGA	""	EM FRENTE AO TI DA CAXANGA NO SENTIDO SUBURBIO	CAXANGÁ		""	COLISÃO	ÔNIBUS E MOTOCICLETA		1				1				0		""	""	""	""	""	""	""	""	""	""	""	""	""
3380	2018-04-15T00:00:00	13:21:00	SEM VÍTIMA	FINALIZADA	AFOGADOS	EST DOS REMEDIOS	1232	""	SENTIDO AFOGADOS-CENTRO	EST DOS REMEDIOS	1232	SENTIDO AFOGADOS-CENTRO	AFOGADOS		""	COLISÃO	""	2									0		""	""	""	""	""	""	""	""	""	""	""	""	""
3381	2018-04-15T00:00:00	14:34:00	SEM VÍTIMA	FINALIZADA	IMBIRIBEIRA	AV MARECHAL MASCARENHAS DE MORAES	""	""	EM FRENTE AO GERALDÃO SENTIDO PRAZERES	AV MARECHAL MASCARENHAS DE MORAES	""	EM FRENTE AO GERALDÃO SENTIDO PRAZERES	IMBIRIBEIRA		""	COLISÃO	""	2									0		""	""	""	""	""	""	""	""	""	""	""	""	""
3382	2018-04-15T00:00:00	14:47:00	SEM VÍTIMA	FINALIZADA	CAXANGÁ	AV CAXANGA	2834	""	SENTIDO SUBURBIO	AV CAXANGA	2834	SENTIDO SUBURBIO	CAXANGÁ		""	COLISÃO	""	2									0		""	""	""	""	""	""	""	""	""	""	""	""	""
3383	2018-04-15T00:00:00	15:10:00	SEM VÍTIMA	FINALIZADA	IMBIRIBEIRA	AV MARECHAL MASCARENHAS DE MORAES	""	""	E/F A PRAÇA MINISTRO SALGADO FILHO	AV MARECHAL MASCARENHAS DE MORAES	""	E/F A PRAÇA MINISTRO SALGADO FILHO	IMBIRIBEIRA		""	COLISÃO	ÔNIBUS X RENAULT	1						1			0		""	""	""	""	""	""	""	""	""	""	""	""	""
3384	2018-04-15T00:00:00	15:16:00	SEM VÍTIMA	FINALIZADA	BEBERIBE	RUA PORTO REAL	221	""	""	RUA PORTO REAL	221	""	BEBERIBE		""	CHOQUE	PLACA	1									0		""	""	""	""	""	""	""	""	""	""	""	""	""
3385	2018-04-15T00:00:00	""	SEM VÍTIMA	FINALIZADA	FUNDÃO	RUA CORONEL URBANO RIBEIRO DE SENA	""	""	PROX A PIZZARIA VICIOS/ PROX A DELEGACIA DA GUARABIRABA	RUA CORONEL URBANO RIBEIRO DE SENA	""	PROX A PIZZARIA VICIOS/ PROX A DELEGACIA DA GUARABIRABA	FUNDÃO		""	COLISÃO	COLISAO S/V	2									0		""	""	""	""	""	""	""	""	""	""	""	""	""
3386	2018-04-15T00:00:00	23:22:00	SEM VÍTIMA	FINALIZADA	BOA VIAGEM	RUA ERNESTO DE PAULA SANTOS	""	""	APOS O VIADUTO TANCREDO NEVES STD. BOA VIAGEM	RUA ERNESTO DE PAULA SANTOS	""	APOS O VIADUTO TANCREDO NEVES STD. BOA VIAGEM	BOA VIAGEM		""	COLISÃO	COLISAO S/V	2									0		""	""	""	""	""	""	""	""	""	""	""	""	""
3387	2018-04-15T00:00:00	23:24:00	SEM VÍTIMA	FINALIZADA	APIPUCOS	AV DEZESSETE DE AGOSTO	""	""	EF A ESCOLA SILVA JARDIM	AV DEZESSETE DE AGOSTO	""	EF A ESCOLA SILVA JARDIM	APIPUCOS		""	COLISÃO	COLISAO COM VÍTIMA	2									0		""	""	""	""	""	""	""	""	""	""	""	""	""
3388	2018-04-16T00:00:00	05:32:00	COM VÍTIMA	FINALIZADA	ÁGUA FRIA	AV ANIBAL BENEVOLO	""	""	PRÓXIMO AO NÚMERO 1012	AV ANIBAL BENEVOLO	""	PRÓXIMO AO NÚMERO 1012	ÁGUA FRIA		""	COLISÃO	""		2								3		""	""	""	""	""	""	""	""	""	""	""	""	""
3389	2018-04-16T00:00:00	06:28:00	COM VÍTIMA	FINALIZADA	PRADO	RUA JOAO IVO DA SILVA	""	AV ENG ABDIAS DE CARVALHO	CRUZ COM A ABDIAS DE CARVALHO EM FRENTE AO POSTO DE GASOLINA BR	RUA JOAO IVO DA SILVA	""	CRUZ COM A ABDIAS DE CARVALHO EM FRENTE AO POSTO DE GASOLINA BR	PRADO		""	COLISÃO	COLISÃO COM VITIMA	1	1								1		""	""	""	""	""	""	""	""	""	""	""	""	""
3390	2018-04-16T00:00:00	06:32:00	SEM VÍTIMA	FINALIZADA	AREIAS	AV RECIFE	341	""	NA FRENTE DA IGREJA BATISTA DA ESTANCIA, APOS O VIADUTO ULISSES GUIMARÃES	AV RECIFE	341	NA FRENTE DA IGREJA BATISTA DA ESTANCIA, APOS O VIADUTO ULISSES GUIMARÃES	AREIAS		""	COLISÃO	COLISÃO SEM VITIMA	3									0		""	""	""	""	""	""	""	""	""	""	""	""	""
3391	2018-04-16T00:00:00	07:42:00	SEM VÍTIMA	FINALIZADA	SAN MARTIN	AV GENERAL SAN MARTIN	1871	""	PROX A CAVALARIA EM FRENTE A LOMBADA ELETRONICA EM FRENTE A LOJA CORRETOR DE IMOVEIS	AV GENERAL SAN MARTIN	1871	PROX A CAVALARIA EM FRENTE A LOMBADA ELETRONICA EM FRENTE A LOJA CORRETOR DE IMOVEIS	SAN MARTIN		""	COLISÃO	COLISÃO SEM VITIMAS	2									0		""	""	""	""	""	""	""	""	""	""	""	""	""
3392	2018-04-16T00:00:00	07:52:00	SEM VÍTIMA	FINALIZADA	JARDIM SÃO PAULO	AV RECIFE	""	""	AO LADO DA SAIDA DE JARDIM SÃO PAULO,POSTO TOTAL SENT/BOA VIAGEM	AV RECIFE	""	AO LADO DA SAIDA DE JARDIM SÃO PAULO,POSTO TOTAL SENT/BOA VIAGEM	JARDIM SÃO PAULO		""	COLISÃO	SEM VITIMAS	2									0		""	""	""	""	""	""	""	""	""	""	""	""	""
3393	2018-04-16T00:00:00	08:03:00	COM VÍTIMA	CANCELADA	GUABIRABA	AV DA RECUPERACAO	4706	""	APOS A UPA EM FRENTE A EMPRESA F CAIS ENGENHARIA	AV DA RECUPERACAO	4706	APOS A UPA EM FRENTE A EMPRESA F CAIS ENGENHARIA	GUABIRABA		""	COLISÃO	COLISÃO COM VITIMA SOCORRIDA PELO SAMU		2								1		""	""	""	""	""	""	""	""	""	""	""	""	""
3394	2018-04-16T00:00:00	08:09:00	SEM VÍTIMA	FINALIZADA	SÃO JOSÉ	AV ENGENHEIRO JOSE ESTELITA	""	""	SUBIDA DO VIADUTO SENT CIDADE	AV ENGENHEIRO JOSE ESTELITA	""	SUBIDA DO VIADUTO SENT CIDADE	SÃO JOSÉ		""	COLISÃO	TRES AUTOS	3									0		""	""	""	""	""	""	""	""	""	""	""	""	""
3395	2018-04-16T00:00:00	08:46:00	SEM VÍTIMA	CANCELADA	BOA VIAGEM	RUA DEZ DE JULHO	""	""	NA FRENTE A ESTAÇÃO DO METRO, SENTIDO BOA VIAGEM	RUA DEZ DE JULHO	""	NA FRENTE A ESTAÇÃO DO METRO, SENTIDO BOA VIAGEM	BOA VIAGEM		""	COLISÃO	COLISÃO SEM VÍTIMA	2									0		""	""	""	""	""	""	""	""	""	""	""	""	""
3396	2018-04-16T00:00:00	09:01:00	SEM VÍTIMA	FINALIZADA	BOA VIAGEM	AV BOA VIAGEM	58	""	apos o hospital da aeronaltica, junto a igreja com o simbolo do leão e a pousada de reginaldo rossi, sentido zona norte...candeias boa viagem	AV BOA VIAGEM	58	apos o hospital da aeronaltica, junto a igreja com o simbolo do leão e a pousada de reginaldo rossi, sentido zona norte...candeias boa viagem	BOA VIAGEM		""	COLISÃO	COLISÃO SEM VITIMAS	2									0		""	""	""	""	""	""	""	""	""	""	""	""	""
3397	2018-04-16T00:00:00	09:31:00	COM VÍTIMA	FINALIZADA	SANTO AMARO	AV NORTE	""	RUA DA AURORA	CRUZ COM A RUA DA AURORA	AV NORTE	""	CRUZ COM A RUA DA AURORA	SANTO AMARO		""	COLISÃO	COLISÃO COM 1 VITIMA BT VITALINO QTH	2									1		""	""	""	""	""	""	""	""	""	""	""	""	""
3398	2018-04-16T00:00:00	09:51:00	COM VÍTIMA	FINALIZADA	SANTO AMARO	AV GOVERNADOR AGAMENON MAGALHAES	""	""	SENTIDO OLINDA EM FRENTE AO SHOPPING TACARUNA	AV GOVERNADOR AGAMENON MAGALHAES	""	SENTIDO OLINDA EM FRENTE AO SHOPPING TACARUNA	SANTO AMARO		""	COLISÃO	COLISÃO COM VITIMA A ESPERA DO SAMU	1	2								1		""	""	""	""	""	""	""	""	""	""	""	""	""
3399	2018-04-16T00:00:00	10:04:00	SEM VÍTIMA	FINALIZADA	MADALENA	RUA REAL DA TORRE	1022	""	EM FRENTE A CASA DE FESTAS ENCANTOS KIDS	RUA REAL DA TORRE	1022	EM FRENTE A CASA DE FESTAS ENCANTOS KIDS	MADALENA		""	COLISÃO	COLISÃO SEM VITIMAS	2									0		""	""	""	""	""	""	""	""	""	""	""	""	""
3400	2018-04-16T00:00:00	10:27:00	SEM VÍTIMA	FINALIZADA	TORRE	RUA DOM MANOEL DA COSTA	321	""	EM FRENTE AO EDIFICIO MORADA COLONIAL	RUA DOM MANOEL DA COSTA	321	EM FRENTE AO EDIFICIO MORADA COLONIAL	TORRE		""	COLISÃO	COLISÃO SEM VITIMAS VT 15 QTH	1	1								0		""	""	""	""	""	""	""	""	""	""	""	""	""
3401	2018-04-16T00:00:00	11:15:00	SEM VÍTIMA	FINALIZADA	BOA VIAGEM	AV MARECHAL JUAREZ TAVORA	""	""	POSTO BR, SENTIDO ANDEIAS JUNTO AO CANAL	AV MARECHAL JUAREZ TAVORA	""	POSTO BR, SENTIDO ANDEIAS JUNTO AO CANAL	BOA VIAGEM		""	COLISÃO	COLISÃO SEM VITIMAS	2									0		""	""	""	""	""	""	""	""	""	""	""	""	""
3402	2018-04-16T00:00:00	12:15:00	COM VÍTIMA	FINALIZADA	BOA VIAGEM	AV CONSELHEIRO AGUIAR	3572	""	E/F A GALERIA CORTA JACA	AV CONSELHEIRO AGUIAR	3572	E/F A GALERIA CORTA JACA	BOA VIAGEM		""	COLISÃO	COLISAO ENTRE ONIBUS E AUTO C/V, A VITIMA FOI SOCORRIDA POR TERCEIROS	1					1				1		""	""	""	""	""	""	""	""	""	""	""	""	""
3403	2018-04-16T00:00:00	12:30:00	SEM VÍTIMA	FINALIZADA	MUSTARDINHA	RUA VINTE E UM DE ABRIL	""	""	PROX AO GIRADOURO DE SAN MARTIN E/F AO MERCADINHO E FRIGORIFICO DO IRMÃO	RUA VINTE E UM DE ABRIL	""	PROX AO GIRADOURO DE SAN MARTIN E/F AO MERCADINHO E FRIGORIFICO DO IRMÃO	MUSTARDINHA		""	COLISÃO	COLISAO ENTRE CAMINHAO E MOTO S/V VT 17 NO LOCAL		1					1			0		""	""	""	""	""	""	""	""	""	""	""	""	""
3404	2018-04-16T00:00:00	12:34:00	COM VÍTIMA	FINALIZADA	IMBIRIBEIRA	AV MARECHAL MASCARENHAS DE MORAES	""	""	E/F AO FORUM DO JUIZADO ESPECIAL S/T CIDADE	AV MARECHAL MASCARENHAS DE MORAES	""	E/F AO FORUM DO JUIZADO ESPECIAL S/T CIDADE	IMBIRIBEIRA		""	COLISÃO	COLISAO ENTRE MOTO E AUTO COM UMA VITIMA	1	1								1		""	""	""	""	""	""	""	""	""	""	""	""	""
3405	2018-04-16T00:00:00	12:50:00	VÍTIMA FATAL	FINALIZADA	MACAXEIRA	RUA TEREZA CARNEIRO	""	""	EM FRENTE AO POSTO DE SAÚDE DO CORREGO DO EUCALIPTO	RUA TEREZA CARNEIRO	""	EM FRENTE AO POSTO DE SAÚDE DO CORREGO DO EUCALIPTO	MACAXEIRA		""	ATROPELAMENTO	ATROPELAMENTO ÔNIBUS E PEDESTRE					1	1					1	""	""	""	""	""	""	""	""	""	""	""	""	""
3406	2018-04-16T00:00:00	13:51:00	SEM VÍTIMA	CANCELADA	BOA VIAGEM	AV ENGENHEIRO DOMINGOS FERREIRA	3286	""	AUTO E ONIBUS	AV ENGENHEIRO DOMINGOS FERREIRA	3286	AUTO E ONIBUS	BOA VIAGEM		""	COLISÃO	ONIBUS / AUTO	1					1				0		""	""	""	""	""	""	""	""	""	""	""	""	""
3407	2018-04-16T00:00:00	14:25:00	COM VÍTIMA	FINALIZADA	BREJO DA GUABIRABA	AV NORTE	""	""	NA SAIDA DA INTEGRAÇAO DA MACAXEIRA PRIMEIRA PARADA DA AV NORTE S/T CID	AV NORTE	""	NA SAIDA DA INTEGRAÇAO DA MACAXEIRA PRIMEIRA PARADA DA AV NORTE S/T CID	BREJO DA GUABIRABA		""	COLISÃO	COLISAO ENTRE ONIBUS E MOTO COM DUAS VITIMAS		1								2		""	""	""	""	""	""	""	""	""	""	""	""	""
3408	2018-04-16T00:00:00	14:46:00	SEM VÍTIMA	FINALIZADA	IMBIRIBEIRA	AV ENGENHEIRO ALVES DE SOUZA	464	""	PROX. A SUBSTAÇÃO DA CELPE E BAR DA CHARQUE	AV ENGENHEIRO ALVES DE SOUZA	464	PROX. A SUBSTAÇÃO DA CELPE E BAR DA CHARQUE	IMBIRIBEIRA		""	COLISÃO	DOIS AUTOS	2									0		""	""	""	""	""	""	""	""	""	""	""	""	""
3409	2018-04-16T00:00:00	15:16:00	SEM VÍTIMA	FINALIZADA	BOA VISTA	RUA DO RIACHUELO	529	""	AO LADO DO HOSPITAL MILITAR	RUA DO RIACHUELO	529	AO LADO DO HOSPITAL MILITAR	BOA VISTA		""	COLISÃO	COLISAO ENTRE DOIS AUTO S/V	2									0		""	""	""	""	""	""	""	""	""	""	""	""	""
3410	2018-04-16T00:00:00	15:23:00	SEM VÍTIMA	CANCELADA	SAN MARTIN	AV JOAO CABRAL DE MELO NETO	2492	RUA TENENTE MINDELO	COM A RUA TENENTE MINDELO, NO SEMAFORO 250 PROX. AO COLEGIO ADVENTISTA	AV JOAO CABRAL DE MELO NETO	2492	COM A RUA TENENTE MINDELO, NO SEMAFORO 250 PROX. AO COLEGIO ADVENTISTA	SAN MARTIN		""	COLISÃO	DOIS AUTOS	2									0		""	""	""	""	""	""	""	""	""	""	""	""	""
3411	2018-04-16T00:00:00	18:21:00	SEM VÍTIMA	FINALIZADA	ESTÂNCIA	AV DR JOSE RUFINO	""	""	POR BAIXO DO VIADUTO SANTA LUZIA, SNT SUB/CIDADE	AV DR JOSE RUFINO	""	POR BAIXO DO VIADUTO SANTA LUZIA, SNT SUB/CIDADE	ESTÂNCIA		""	COLISÃO	ENTRE AUTO E ÔNIBUS. S/V	1					1				0		""	""	""	""	""	""	""	""	""	""	""	""	""
3412	2018-04-16T00:00:00	18:22:00	SEM VÍTIMA	FINALIZADA	CORDEIRO	RUA DR MIGUEL VIEIRA FERREIRA	275	""	PROX. AO COLEGIO GERAÇÃO 2000 E SUPERMERCADO IDEAL	RUA DR MIGUEL VIEIRA FERREIRA	275	PROX. AO COLEGIO GERAÇÃO 2000 E SUPERMERCADO IDEAL	CORDEIRO		""	COLISÃO	DOIS AUTOS	2									0		""	""	""	""	""	""	""	""	""	""	""	""	""
3413	2018-04-16T00:00:00	18:28:00	SEM VÍTIMA	FINALIZADA	IMBIRIBEIRA	AV MARECHAL MASCARENHAS DE MORAES	""	""	SEMÁFORO 310	AV MARECHAL MASCARENHAS DE MORAES	""	SEMÁFORO 310	IMBIRIBEIRA		""	COLISÃO	ENTRE ÔNIBUS E CAMINHÃO. S/V						1	1			0		""	""	""	""	""	""	""	""	""	""	""	""	""
3414	2018-04-16T00:00:00	18:45:00	COM VÍTIMA	FINALIZADA	AFOGADOS	RUA SAO MIGUEL	685	""	NO SEMAFORO 391, EM FRENTE AO COLEGIO PAN AMERICANO	RUA SAO MIGUEL	685	NO SEMAFORO 391, EM FRENTE AO COLEGIO PAN AMERICANO	AFOGADOS		""	ATROPELAMENTO	AUTO E PEDESTRE, BATEDOR- MOTO 20 E 04 NO LOCAL	1				1					1		""	""	""	""	""	""	""	""	""	""	""	""	""
3415	2018-04-16T00:00:00	20:16:00	COM VÍTIMA	FINALIZADA	IPUTINGA	RUA MAURICIO DE NASSAU	130	""	APÓS A LOMBADA ELETRÔNICA E AO LADO DO EDF SOLAR GENIPABU / SNT BR	RUA MAURICIO DE NASSAU	130	APÓS A LOMBADA ELETRÔNICA E AO LADO DO EDF SOLAR GENIPABU / SNT BR	IPUTINGA		""	COLISÃO	ENTRE MOTO E ÔNIBUS. C/V		1				1				1		""	""	""	""	""	""	""	""	""	""	""	""	""
3416	2018-04-16T00:00:00	21:31:00	SEM VÍTIMA	FINALIZADA	DERBY	AV RUI BARBOSA	""	""	AO LADO DO TRE	AV RUI BARBOSA	""	AO LADO DO TRE	DERBY		""	COLISÃO	COLISÃO DOIS AUTOS SEM VITIMA	2									0		""	""	""	""	""	""	""	""	""	""	""	""	""
3417	2018-04-16T00:00:00	22:24:00	SEM VÍTIMA	CANCELADA	CAXANGÁ	AV CAXANGA	""	RUA DO BOM PASTOR	PRÓX AO HOSPITAL BARÃO DE LUCENA E E/F AO POSTO BR / SEMÁFORO 008, CRUZ COM A RUA DO BOM PASTOR	AV CAXANGA	""	PRÓX AO HOSPITAL BARÃO DE LUCENA E E/F AO POSTO BR / SEMÁFORO 008, CRUZ COM A RUA DO BOM PASTOR	CAXANGÁ		""	COLISÃO	ENTRE 2 AUTOS. S/V	2									0		""	""	""	""	""	""	""	""	""	""	""	""	""