_id	DATA	hora	natureza_acidente	situacao	bairro	endereco	numero	detalhe_endereco_acidente	complemento	endereco_cruzamento	numero_cruzamento	referencia_cruzamento	bairro_cruzamento	num_semaforo	sentido_via	tipo	descricao	auto	moto	ciclom	ciclista	pedestre	onibus	caminhao	viatura	outros	vitimas	vitimasfatais	acidente_verificado	tempo_clima	situacao_semaforo	sinalizacao	condicao_via	conservacao_via	ponto_controle	situacao_placa	velocidade_max_via	mao_direcao	divisao_via1	divisao_via2	divisao_via3
3483	2018-04-18T00:00:00	07:55:00	SEM VÍTIMA	CANCELADA	BOA VIAGEM	RUA RIO AZUL	219	""	EM FRENTE AO POSTO DE GASOLINA SHELL	RUA RIO AZUL	219	EM FRENTE AO POSTO DE GASOLINA SHELL	BOA VIAGEM		""	COLISÃO	COLISÃO SEM VITIMAS	2									0		""	""	""	""	""	""	""	""	""	""	""	""	""
3484	2018-04-18T00:00:00	08:15:00	SEM VÍTIMA	FINALIZADA	BOA VIAGEM	AV BOA VIAGEM	6688	""	EM FRENTE AO EDIFICIO EQUINOCIO	AV BOA VIAGEM	6688	EM FRENTE AO EDIFICIO EQUINOCIO	BOA VIAGEM		""	COLISÃO	COLISÃO SEM VITIMAS	1						1			0		""	""	""	""	""	""	""	""	""	""	""	""	""
3485	2018-04-18T00:00:00	08:26:00	SEM VÍTIMA	FINALIZADA	CAMPO GRANDE	RUA SAO CAETANO	""	RUA PROF FRANCISCO DA TRINDADE	CRUZAMENTO COM A RUA PROF. FRANCISCO DA TRINDADE	RUA SAO CAETANO	""	CRUZAMENTO COM A RUA PROF. FRANCISCO DA TRINDADE	CAMPO GRANDE		""	COLISÃO	DOIS AUTOS										0		""	""	""	""	""	""	""	""	""	""	""	""	""
3486	2018-04-18T00:00:00	08:33:00	SEM VÍTIMA	FINALIZADA	CORDEIRO	AV PROFESSOR ESTEVAO FRANCISCO DA COSTA	121	""	EM FRENTE DA PADARIA RAINHA DA TORRE	AV PROFESSOR ESTEVAO FRANCISCO DA COSTA	121	EM FRENTE DA PADARIA RAINHA DA TORRE	CORDEIRO		""	COLISÃO	COL.S/V .SET..AV CAXANGA	2									0		""	""	""	""	""	""	""	""	""	""	""	""	""
3487	2018-04-18T00:00:00	08:51:00	SEM VÍTIMA	FINALIZADA	IPUTINGA	RUA MAURICIO DE NASSAU	287	""	ESQ DA PREAÇA / LOMBADA ELETRONICA	RUA MAURICIO DE NASSAU	287	ESQ DA PREAÇA / LOMBADA ELETRONICA	IPUTINGA		""	COLISÃO	AUTO PASSEIO E CAMINHAO	1						1			0		""	""	""	""	""	""	""	""	""	""	""	""	""
3488	2018-04-18T00:00:00	09:16:00	SEM VÍTIMA	FINALIZADA	MADALENA	RUA BENFICA	1108	""	SENTIDO DERBY AO LADO DO MARTELINHO DE OURO E A MULT LIDER	RUA BENFICA	1108	SENTIDO DERBY AO LADO DO MARTELINHO DE OURO E A MULT LIDER	MADALENA		""	COLISÃO	COLISÃO SEM VITIMAS	2									0		""	""	""	""	""	""	""	""	""	""	""	""	""
3489	2018-04-18T00:00:00	10:01:00	SEM VÍTIMA	FINALIZADA	AFOGADOS	AV SUL	1148	""	EM FRENTE A UM GALPÃO DE RECICLAGENS	AV SUL	1148	EM FRENTE A UM GALPÃO DE RECICLAGENS	AFOGADOS		""	COLISÃO	COLISÃO SEM VITIMAS	2									0		""	""	""	""	""	""	""	""	""	""	""	""	""
3490	2018-04-18T00:00:00	10:01:00	SEM VÍTIMA	FINALIZADA	CABANGA	VIADUTO CAPITAO TEMUDO	""	""	NO VIADUTO	VIADUTO CAPITAO TEMUDO	""	NO VIADUTO	CABANGA		""	COLISÃO	QUATRO AUTOS SEM VITIMA										0		""	""	""	""	""	""	""	""	""	""	""	""	""
3491	2018-04-18T00:00:00	10:02:00	COM VÍTIMA	FINALIZADA	AFOGADOS	RUA SAO MIGUEL	1140	""	AO LADO DA CHINE IN BOX	RUA SAO MIGUEL	1140	AO LADO DA CHINE IN BOX	AFOGADOS		""	COLISÃO	COLISAO ENTRE AUTO E MOTO COM UMA VITIMA VT 18 NO LOCAL	1	1								1		""	""	""	""	""	""	""	""	""	""	""	""	""
3492	2018-04-18T00:00:00	10:07:00	SEM VÍTIMA	FINALIZADA	PINA	RUA ARQUITETO AUGUSTO REINALDO	1001	""	E/F AO ATACADO DA CONTRUÇÃO	RUA ARQUITETO AUGUSTO REINALDO	1001	E/F AO ATACADO DA CONTRUÇÃO	PINA		""	COLISÃO	COLISAO ENTRE AUTO E ONIBUS S/V GM NO LOCAL	1					1				0		""	""	""	""	""	""	""	""	""	""	""	""	""
3493	2018-04-18T00:00:00	10:33:00	SEM VÍTIMA	CANCELADA	ESTÂNCIA	AV DR JOSE RUFINO	""	""	EM FRENTE AO COLEGIO VISÃO E A LOMBADA ELETRONICA	AV DR JOSE RUFINO	""	EM FRENTE AO COLEGIO VISÃO E A LOMBADA ELETRONICA	ESTÂNCIA		""	COLISÃO	COLISÃO SEM VITIMAS	2									0		""	""	""	""	""	""	""	""	""	""	""	""	""
3494	2018-04-18T00:00:00	11:03:00	SEM VÍTIMA	FINALIZADA	IMBIRIBEIRA	AV MARECHAL MASCARENHAS DE MORAES	474	""	EM FRENTE DA SPORTE CAR	AV MARECHAL MASCARENHAS DE MORAES	474	EM FRENTE DA SPORTE CAR	IMBIRIBEIRA		""	COLISÃO	COL.S/V.SET.SUB	2									0		""	""	""	""	""	""	""	""	""	""	""	""	""
3495	2018-04-18T00:00:00	11:04:00	COM VÍTIMA	FINALIZADA	BOA VIAGEM	RUA FELIX DE BRITO E MELO	""	RUA DOS NAVEGANTES	CRUZ COM A RUA DOS NAVEGANTES EM FRENTE AO EDIFICIO 14 BIS	RUA FELIX DE BRITO E MELO	""	CRUZ COM A RUA DOS NAVEGANTES EM FRENTE AO EDIFICIO 14 BIS	BOA VIAGEM		""	CAPOTAMENTO	COLISÃO EM SEGUIDA DE CAPOTAMENTO VITIMA A ESPERA DO SAMU	2									1		""	""	""	""	""	""	""	""	""	""	""	""	""
3496	2018-04-18T00:00:00	12:01:00	SEM VÍTIMA	FINALIZADA	PINA	AV CONSELHEIRO AGUIAR	S/N	""	E/F A ESCOLA ESTADUAL LANDELINO ROCHA	AV CONSELHEIRO AGUIAR	S/N	E/F A ESCOLA ESTADUAL LANDELINO ROCHA	PINA		""	COLISÃO	COLISAO ENTRE AUTO E MOTO S/V	1	1								0		""	""	""	""	""	""	""	""	""	""	""	""	""
3497	2018-04-18T00:00:00	12:06:00	SEM VÍTIMA	FINALIZADA	MADALENA	RUA BENFICA	""	""	NA SAIDA DO TUNEL CHICO SCIENCE EM FRENTE A PRAÇA DA BANDEIRA	RUA BENFICA	""	NA SAIDA DO TUNEL CHICO SCIENCE EM FRENTE A PRAÇA DA BANDEIRA	MADALENA		""	COLISÃO	DOIS AUTOS	2									0		""	""	""	""	""	""	""	""	""	""	""	""	""
3498	2018-04-18T00:00:00	12:11:00	SEM VÍTIMA	FINALIZADA	AFOGADOS	RUA SAO MIGUEL	""	""	EM FRENTE AO 14º BATALHÃO LOGISTICO DO EXÉRCITO	RUA SAO MIGUEL	""	EM FRENTE AO 14º BATALHÃO LOGISTICO DO EXÉRCITO	AFOGADOS		""	COLISÃO	COLISÃO SEM VÍTIMA	1					1				0		""	""	""	""	""	""	""	""	""	""	""	""	""
3499	2018-04-18T00:00:00	12:36:00	SEM VÍTIMA	FINALIZADA	BOA VIAGEM	RUA JOAO CARDOSO AIRES	700	""	AO LADO DA CLINICA VETERINARIA VET CENTER	RUA JOAO CARDOSO AIRES	700	AO LADO DA CLINICA VETERINARIA VET CENTER	BOA VIAGEM		""	COLISÃO	COLISAO ENTRE DOIS AUTOS S/V	2									0		""	""	""	""	""	""	""	""	""	""	""	""	""
3500	2018-04-18T00:00:00	13:04:00	SEM VÍTIMA	FINALIZADA	TAMARINEIRA	AV SANTOS DUMONT	657	""	EM FRENTE A CASA ROSADA	AV SANTOS DUMONT	657	EM FRENTE A CASA ROSADA	TAMARINEIRA		""	COLISÃO	TAXI E CAMINHÃO	1						1			0		""	""	""	""	""	""	""	""	""	""	""	""	""
3501	2018-04-18T00:00:00	13:50:00	SEM VÍTIMA	FINALIZADA	BOA VIAGEM	AV BOA VIAGEM	""	""	EM FRENTE AO EDF. MARIA ALICE	AV BOA VIAGEM	""	EM FRENTE AO EDF. MARIA ALICE	BOA VIAGEM		""	COLISÃO	COLISAO ENTRE DOIS AUTOS S/V	2									0		""	""	""	""	""	""	""	""	""	""	""	""	""
3502	2018-04-18T00:00:00	14:37:00	SEM VÍTIMA	FINALIZADA	BOA VIAGEM	RUA ERNESTO DE PAULA SANTOS	550	""	E/F AO POSTO SHEL	RUA ERNESTO DE PAULA SANTOS	550	E/F AO POSTO SHEL	BOA VIAGEM		""	COLISÃO	COLISAO ENTRE TRES AUTOS S/V	3									0		""	""	""	""	""	""	""	""	""	""	""	""	""
3503	2018-04-18T00:00:00	14:40:00	SEM VÍTIMA	FINALIZADA	SÃO JOSÉ	RUA IMPERIAL	""	""	NO SEMÁFORO 510	RUA IMPERIAL	""	NO SEMÁFORO 510	SÃO JOSÉ		""	COLISÃO	COLISÃO SEM VÍTIMA	2									0		""	""	""	""	""	""	""	""	""	""	""	""	""
3504	2018-04-18T00:00:00	16:00:00	COM VÍTIMA	CANCELADA	BOA VISTA	RUA DOM BOSCO	913	""	EM FRENTE AO EXTRA	RUA DOM BOSCO	913	EM FRENTE AO EXTRA	BOA VISTA		""	COLISÃO	MOTO E AUTO	1	1								1		""	""	""	""	""	""	""	""	""	""	""	""	""
3505	2018-04-18T00:00:00	16:24:00	COM VÍTIMA	FINALIZADA	SANTO AMARO	AV CRUZ CABUGA	""	""	EM FRENTE AO HOSPITAL DO CANCER	AV CRUZ CABUGA	""	EM FRENTE AO HOSPITAL DO CANCER	SANTO AMARO		""	ATROPELAMENTO	AUTO E PEDESTRE	1				1					1		""	""	""	""	""	""	""	""	""	""	""	""	""
3506	2018-04-18T00:00:00	17:10:00	SEM VÍTIMA	FINALIZADA	TORRE	RUA JOSE BONIFACIO	1315	""	E/F AO CARREFOUR	RUA JOSE BONIFACIO	1315	E/F AO CARREFOUR	TORRE		""	COLISÃO	COLISAO ENTRE DOIS AUTOS S/V	2									0		""	""	""	""	""	""	""	""	""	""	""	""	""
3507	2018-04-18T00:00:00	17:38:00	SEM VÍTIMA	FINALIZADA	MADALENA	RUA BENFICA	748	""	EM FRENTE AO EXTRA DA BENFICA	RUA BENFICA	748	EM FRENTE AO EXTRA DA BENFICA	MADALENA		""	COLISÃO	ONIBUS E AUTO	1					1				0		""	""	""	""	""	""	""	""	""	""	""	""	""
3508	2018-04-18T00:00:00	18:12:00	SEM VÍTIMA	FINALIZADA	IPSEP	AV RECIFE	""	""	NA ENTRADA DO IBURA E E/F AO POSTO SHELL / SEMÁFORO 055	AV RECIFE	""	NA ENTRADA DO IBURA E E/F AO POSTO SHELL / SEMÁFORO 055	IPSEP		""	COLISÃO	ENTRE AUTO E ÕNIBUS. SV	1					1				0		""	""	""	""	""	""	""	""	""	""	""	""	""
3509	2018-04-18T00:00:00	18:16:00	SEM VÍTIMA	FINALIZADA	IMBIRIBEIRA	AV MARECHAL MASCARENHAS DE MORAES	4223	""	SENT. SUBURBIO/ CIDADE, EM FRENTE AO CLUBE RODOVIARIO DE PERNAMBUCO	AV MARECHAL MASCARENHAS DE MORAES	4223	SENT. SUBURBIO/ CIDADE, EM FRENTE AO CLUBE RODOVIARIO DE PERNAMBUCO	IMBIRIBEIRA		""	COLISÃO	ONIBUS E AUTO	1					1				0		""	""	""	""	""	""	""	""	""	""	""	""	""
3510	2018-04-18T00:00:00	18:26:00	SEM VÍTIMA	FINALIZADA	AFOGADOS	AV SUL	""	""	E/F AO TERMINAL LARGO DA PAZ / SNT CIDADE	AV SUL	""	E/F AO TERMINAL LARGO DA PAZ / SNT CIDADE	AFOGADOS		""	COLISÃO	ENTRE CARRO FORTE E AUTO PASSEIO. S/V	2									0		""	""	""	""	""	""	""	""	""	""	""	""	""
3511	2018-04-18T00:00:00	18:27:00	SEM VÍTIMA	FINALIZADA	DERBY	AV GOVERNADOR AGAMENON MAGALHAES	73	""	PROX. AO CLUBE SAUDE	AV GOVERNADOR AGAMENON MAGALHAES	73	PROX. AO CLUBE SAUDE	DERBY		""	COLISÃO	DOIS AUTOS	2									0		""	""	""	""	""	""	""	""	""	""	""	""	""
3512	2018-04-18T00:00:00	18:35:00	SEM VÍTIMA	FINALIZADA	DERBY	RUA JENER DE SOUZA	""	""	(PRAÇA DO DERBY) E/F AO QUARTEL DO DERBY	RUA JENER DE SOUZA	""	(PRAÇA DO DERBY) E/F AO QUARTEL DO DERBY	DERBY		""	COLISÃO	ENTRE 2 AUTOS. S/V	2									0		""	""	""	""	""	""	""	""	""	""	""	""	""
3513	2018-04-18T00:00:00	19:22:00	SEM VÍTIMA	FINALIZADA	ÁGUA FRIA	RUA DA REGENERACAO	1179	""	APOS O CANAL DO ARRUDA, PROX. AOS PREDIOS DESATIVADOS	RUA DA REGENERACAO	1179	APOS O CANAL DO ARRUDA, PROX. AOS PREDIOS DESATIVADOS	ÁGUA FRIA		""	COLISÃO	DOIS AUTOS	2									0		""	""	""	""	""	""	""	""	""	""	""	""	""
3514	2018-04-18T00:00:00	19:36:00	SEM VÍTIMA	FINALIZADA	VASCO DA GAMA	AV VEREADOR OTACILIO AZEVEDO	1093	""	PROX. A UPA DE NOVA DESCOBERTA	AV VEREADOR OTACILIO AZEVEDO	1093	PROX. A UPA DE NOVA DESCOBERTA	VASCO DA GAMA		""	CAPOTAMENTO	CAPOTAMENTO DEVIDO A PERSEGUIÇÃO POLICIAL	1									0		""	""	""	""	""	""	""	""	""	""	""	""	""
3515	2018-04-18T00:00:00	19:36:00	COM VÍTIMA	FINALIZADA	SANTO AMARO	AV CRUZ CABUGA	""	""	E/F AO HOSPITAL NAVAL DE RECIFE (( OU HOSPITAL DA MARINHA )) SNT OLINDA	AV CRUZ CABUGA	""	E/F AO HOSPITAL NAVAL DE RECIFE (( OU HOSPITAL DA MARINHA )) SNT OLINDA	SANTO AMARO		""	COLISÃO	ENTRE AUTO E MOTO. C/V	1	1								1		""	""	""	""	""	""	""	""	""	""	""	""	""
3516	2018-04-18T00:00:00	20:16:00	SEM VÍTIMA	FINALIZADA	AFLITOS	RUA DES MARTINS PEREIRA	132	RUA TELES JUNIOR	COM A RUA TELES JUNIOR, EM FRENTE AO FERNANDO´S BAR	RUA DES MARTINS PEREIRA	132	COM A RUA TELES JUNIOR, EM FRENTE AO FERNANDO´S BAR	AFLITOS		""	COLISÃO	DOIS AUTOS	2									0		""	""	""	""	""	""	""	""	""	""	""	""	""
3517	2018-04-18T00:00:00	20:21:00	SEM VÍTIMA	FINALIZADA	IPSEP	AV RECIFE	""	""	PROX. A ENTRADA DO IBURA EM FRENTE DO POSTO DE GASOLINA SHELL	AV RECIFE	""	PROX. A ENTRADA DO IBURA EM FRENTE DO POSTO DE GASOLINA SHELL	IPSEP		""	COLISÃO	TRES AUTOS	3									0		""	""	""	""	""	""	""	""	""	""	""	""	""
3518	2018-04-18T00:00:00	20:36:00	SEM VÍTIMA	FINALIZADA	BOMBA DO HEMETÉRIO	RUA BOMBA DO HEMETERIO	405	""	EM FRENTE A FUNERARIA CANAA	RUA BOMBA DO HEMETERIO	405	EM FRENTE A FUNERARIA CANAA	BOMBA DO HEMETÉRIO		""	COLISÃO	CAMINHÃO E AUTO	1						1			0		""	""	""	""	""	""	""	""	""	""	""	""	""
3519	2018-04-18T00:00:00	23:05:00	SEM VÍTIMA	FINALIZADA	VÁRZEA	RUA MARECHAL MANOEL LUIS OSORIO	""	""	E/F AO COLÉGIO PONTUAL	RUA MARECHAL MANOEL LUIS OSORIO	""	E/F AO COLÉGIO PONTUAL	VÁRZEA		""	COLISÃO	ENTRE AUTO E CAMINHÃO. S/V	1						1			0		""	""	""	""	""	""	""	""	""	""	""	""	""
3520	2018-04-19T00:00:00	06:44:00	SEM VÍTIMA	FINALIZADA	BEBERIBE	PRC DA CONVENCAO	45	""	AO LADO DA LOJA ESPOSENDE CALÇADOS	PRC DA CONVENCAO	45	AO LADO DA LOJA ESPOSENDE CALÇADOS	BEBERIBE		""	COLISÃO	COLISÃO SEM VITIMAS	1					1				0		""	""	""	""	""	""	""	""	""	""	""	""	""
3521	2018-04-19T00:00:00	08:09:00	SEM VÍTIMA	FINALIZADA	BOA VIAGEM	AV CONSELHEIRO AGUIAR	3600	""	EM FRENTE A ACADEMIA HI	AV CONSELHEIRO AGUIAR	3600	EM FRENTE A ACADEMIA HI	BOA VIAGEM		""	COLISÃO	DOIS AUTOS	2									0		""	""	""	""	""	""	""	""	""	""	""	""	""
3522	2018-04-19T00:00:00	08:57:00	COM VÍTIMA	FINALIZADA	IBURA	AV RECIFE	""	AV DOM HELDER CAMARA	CRUZAMENTO COM A AV DOM HELDER CÂMARA	AV RECIFE	""	CRUZAMENTO COM A AV DOM HELDER CÂMARA	IBURA		""	ATROPELAMENTO	MOTO E PEDESTRE - VÍTIMA SOCORRIDA PELO SANU		1			1					1		""	""	""	""	""	""	""	""	""	""	""	""	""
3523	2018-04-19T00:00:00	09:31:00	SEM VÍTIMA	FINALIZADA	BOA VIAGEM	AV CONSELHEIRO AGUIAR	""	""	EM FRENTE A CAIXA ECONOMICA / SEMAFORO 318	AV CONSELHEIRO AGUIAR	""	EM FRENTE A CAIXA ECONOMICA / SEMAFORO 318	BOA VIAGEM		""	COLISÃO	AUTO PASSEIO / ONIBUS / VT 10 NO QTH	1					1				0		""	""	""	""	""	""	""	""	""	""	""	""	""
3524	2018-04-19T00:00:00	09:32:00	SEM VÍTIMA	FINALIZADA	DERBY	RUA BENFICA	""	""	EM FRENTE AO CLUBE INTERNACIONAL	RUA BENFICA	""	EM FRENTE AO CLUBE INTERNACIONAL	DERBY		""	COLISÃO	COL.	2									0		""	""	""	""	""	""	""	""	""	""	""	""	""
3525	2018-04-19T00:00:00	09:40:00	COM VÍTIMA	FINALIZADA	IBURA	AV RECIFE	""	AV DOM HELDER CAMARA	CRUZAMENTO COM A AV DOM HELDER CÂMARA	AV RECIFE	""	CRUZAMENTO COM A AV DOM HELDER CÂMARA	IBURA		""	ATROPELAMENTO	MOTO E PEDESTRE - VÍTIMA SOCORRIDA PELO SANU		1			1					1		""	""	""	""	""	""	""	""	""	""	""	""	""
3526	2018-04-19T00:00:00	09:51:00	SEM VÍTIMA	FINALIZADA	BONGI	EST DOS REMEDIOS	""	EST VELHA DO BONGI	DE ESQUINA COM A ESTRADA VELHA DO BONGI EM FRENTE AO POSTO DE GASOLINA BR	EST DOS REMEDIOS	""	DE ESQUINA COM A ESTRADA VELHA DO BONGI EM FRENTE AO POSTO DE GASOLINA BR	BONGI		""	COLISÃO	COLISÃO SEM VITIMAS	2									0		""	""	""	""	""	""	""	""	""	""	""	""	""
3527	2018-04-19T00:00:00	10:01:00	SEM VÍTIMA	FINALIZADA	CAJUEIRO	RUA TENENTE WANDERLEY	645	""	TERMINAL DE ONIBUS DO CAJUEIRO	RUA TENENTE WANDERLEY	645	TERMINAL DE ONIBUS DO CAJUEIRO	CAJUEIRO		""	COLISÃO	COLISÃO SEM VITIMAS	1						1			0		""	""	""	""	""	""	""	""	""	""	""	""	""
3528	2018-04-19T00:00:00	10:02:00	SEM VÍTIMA	FINALIZADA	ARRUDA	RUA PETRONILA BOTELHO	171	""	APOS A UPAA PRIMEIRA A DIREITA	RUA PETRONILA BOTELHO	171	APOS A UPAA PRIMEIRA A DIREITA	ARRUDA		""	COLISÃO	DOIS AUTOS	2									0		""	""	""	""	""	""	""	""	""	""	""	""	""
3529	2018-04-19T00:00:00	10:11:00	COM VÍTIMA	CANCELADA	SANTO AMARO	AV JOAO DE BARROS	""	""	NO SEMAFORO Nº412	AV JOAO DE BARROS	""	NO SEMAFORO Nº412	SANTO AMARO		""	COLISÃO	COL..C/V.SET.SUB	1	1								1		""	""	""	""	""	""	""	""	""	""	""	""	""
3530	2018-04-19T00:00:00	10:25:00	SEM VÍTIMA	FINALIZADA	IMBIRIBEIRA	AV MARECHAL MASCARENHAS DE MORAES	""	""	AO LADO DA CAIXA ECONOMICA NA ENTADA PARA RUA CAPITÃO ZUZINHA	AV MARECHAL MASCARENHAS DE MORAES	""	AO LADO DA CAIXA ECONOMICA NA ENTADA PARA RUA CAPITÃO ZUZINHA	IMBIRIBEIRA		""	COLISÃO	COL.S/V.SET.BOA VIAGEM	1					1				0		""	""	""	""	""	""	""	""	""	""	""	""	""
3531	2018-04-19T00:00:00	12:04:00	SEM VÍTIMA	FINALIZADA	TEJIPIÓ	AV DR JOSE RUFINO	""	""	EM FRENTE AO POSTO DE GASOLINA IPIRANGA E A ESTAÇÃO TEJIPIO	AV DR JOSE RUFINO	""	EM FRENTE AO POSTO DE GASOLINA IPIRANGA E A ESTAÇÃO TEJIPIO	TEJIPIÓ		""	COLISÃO	COLISÃO SEM VITIMAS	2									0		""	""	""	""	""	""	""	""	""	""	""	""	""
3532	2018-04-19T00:00:00	12:13:00	SEM VÍTIMA	FINALIZADA	IMBIRIBEIRA	AV TANCREDO NEVES	""	""	NA SAÍDA DA INTEGRAÇÃO - TI TANCREDO NEVES	AV TANCREDO NEVES	""	NA SAÍDA DA INTEGRAÇÃO - TI TANCREDO NEVES	IMBIRIBEIRA		""	COLISÃO	SEM VÍTIMA	1						1			0		""	""	""	""	""	""	""	""	""	""	""	""	""
3533	2018-04-19T00:00:00	12:31:00	SEM VÍTIMA	CANCELADA	IBURA	AV SANTA FE	616	""	EM FRENTE A LOJA TINTAS FREVO E AO COLEGIO JORDÃO EMERECIANO	AV SANTA FE	616	EM FRENTE A LOJA TINTAS FREVO E AO COLEGIO JORDÃO EMERECIANO	IBURA		""	COLISÃO	COLISÃO SEM VITIMAS	1	1								0		""	""	""	""	""	""	""	""	""	""	""	""	""
3534	2018-04-19T00:00:00	12:41:00	SEM VÍTIMA	FINALIZADA	JORDÃO	AV MARIA IRENE	1094	""	NA PRAÇA DO JORDÃO DE BAIXO	AV MARIA IRENE	1094	NA PRAÇA DO JORDÃO DE BAIXO	JORDÃO		""	COLISÃO	COLISAO ENTRE MOTO E AUTO S/V	1	1								0		""	""	""	""	""	""	""	""	""	""	""	""	""
3535	2018-04-19T00:00:00	12:46:00	SEM VÍTIMA	FINALIZADA	BOA VIAGEM	AV BOA VIAGEM	4988	""	NA PRAÇA DE BOA VIAGEM	AV BOA VIAGEM	4988	NA PRAÇA DE BOA VIAGEM	BOA VIAGEM		""	COLISÃO	COLISAO ENTRE DOIS AUTOS S/V	2									0		""	""	""	""	""	""	""	""	""	""	""	""	""
3536	2018-04-19T00:00:00	13:20:00	SEM VÍTIMA	FINALIZADA	BOA VISTA	RUA DO PRINCIPE	""	""	NA FRENTE DO HOSP. MILITAR	RUA DO PRINCIPE	""	NA FRENTE DO HOSP. MILITAR	BOA VISTA		""	COLISÃO	COLISÃO SEM VITIMAS	1					1				0		""	""	""	""	""	""	""	""	""	""	""	""	""
3537	2018-04-19T00:00:00	13:37:00	SEM VÍTIMA	FINALIZADA	IPSEP	RUA HELIO BRANDAO	""	GENERAL BENTO GAMA	COM GENERAL BENTO GAMA NA RUA DA PIZZARIA ATLANTICO	RUA HELIO BRANDAO	""	COM GENERAL BENTO GAMA NA RUA DA PIZZARIA ATLANTICO	IPSEP		""	COLISÃO	COLISAO ENTRE DOIS AUTOS S/V	2									0		""	""	""	""	""	""	""	""	""	""	""	""	""
3538	2018-04-19T00:00:00	13:47:00	SEM VÍTIMA	CANCELADA	SÃO JOSÉ	RUA FLORIANO PEIXOTO	""	""	AO LADO DA ESTAÇÃO DO METRO DE RECIFE EM BAIXO DO SEMAFORO 012	RUA FLORIANO PEIXOTO	""	AO LADO DA ESTAÇÃO DO METRO DE RECIFE EM BAIXO DO SEMAFORO 012	SÃO JOSÉ		""	COLISÃO	COLISÃO SEM VITIMAS		1					1			0		""	""	""	""	""	""	""	""	""	""	""	""	""
3539	2018-04-19T00:00:00	14:55:00	SEM VÍTIMA	FINALIZADA	ILHA JOANA BEZERRA	VDO PAPA JOAO PAULO II	""	""	AO LADO DA INTEGRAÇÃO JOANA BEZERRA E A AACD EM CIMA DO VIADUTO JOANA BEZERRA SENTIDO AGAMENON MAGALHAES	VDO PAPA JOAO PAULO II	""	AO LADO DA INTEGRAÇÃO JOANA BEZERRA E A AACD EM CIMA DO VIADUTO JOANA BEZERRA SENTIDO AGAMENON MAGALHAES	ILHA JOANA BEZERRA		""	COLISÃO	COLISÃO SEM VITIMAS	3									0		""	""	""	""	""	""	""	""	""	""	""	""	""
3540	2018-04-19T00:00:00	15:10:00	SEM VÍTIMA	FINALIZADA	IMBIRIBEIRA	VIADUTO TANCREDO NEVES	""	""	SUBIDA DO VIADUTO TANCREDO NEVES NA SAÍDA DA INTEGRAÇÃO TANCREDO NEVES	VIADUTO TANCREDO NEVES	""	SUBIDA DO VIADUTO TANCREDO NEVES NA SAÍDA DA INTEGRAÇÃO TANCREDO NEVES	IMBIRIBEIRA		""	CHOQUE	SEM VÍTIMA. GRANDE DERRAMAMENTO DE OLEO NA PISTA OCASIONANDO VARIOS TRANSTORNOS NO LOCAL. CONFORME SE DEPREENDE DO PROTOCOLO 2018 10 830, O CAMINHÃO CHOCOU-SE COM OS PRISMAS DE CONCRETO NA SUBIDA DO VIADUTO, SAÍDA DO TI-TANCREDO NEVES.							1			0		""	""	""	""	""	""	""	""	""	""	""	""	""
3541	2018-04-19T00:00:00	15:18:00	SEM VÍTIMA	CANCELADA	IMBIRIBEIRA	AV MARECHAL MASCARENHAS DE MORAES	5109	""	PROX. A LINHA DO TREM DA ENTRADA PARA O AEROPORTO	AV MARECHAL MASCARENHAS DE MORAES	5109	PROX. A LINHA DO TREM DA ENTRADA PARA O AEROPORTO	IMBIRIBEIRA		""	COLISÃO	COLISÃO SEM VITIMAS	1						1			0		""	""	""	""	""	""	""	""	""	""	""	""	""
3542	2018-04-19T00:00:00	15:59:00	COM VÍTIMA	FINALIZADA	ROSARINHO	AV NORTE	3370	""	""	AV NORTE	3370	""	ROSARINHO		""	COLISÃO COM CICLISTA	""		1								1		""	""	""	""	""	""	""	""	""	""	""	""	""
3543	2018-04-19T00:00:00	16:29:00	SEM VÍTIMA	FINALIZADA	BAIRRO DO RECIFE	AV ALFREDO LISBOA	173	""	PROX. AO MARCO ZERO, E O PODER JUDICIARIO, SENTIDO OLINDA	AV ALFREDO LISBOA	173	PROX. AO MARCO ZERO, E O PODER JUDICIARIO, SENTIDO OLINDA	BAIRRO DO RECIFE		""	COLISÃO	COLISÃO SEM VITIMA	3									0		""	""	""	""	""	""	""	""	""	""	""	""	""
3544	2018-04-19T00:00:00	16:47:00	SEM VÍTIMA	FINALIZADA	CAXANGÁ	AV CAXANGA	5312	""	NA FRENTE AO RESIDENCIAL CAXANGÁ E O GOLF CLUB	AV CAXANGA	5312	NA FRENTE AO RESIDENCIAL CAXANGÁ E O GOLF CLUB	CAXANGÁ		""	COLISÃO	COLISÃO SEM VITIMA	2									0		""	""	""	""	""	""	""	""	""	""	""	""	""
3545	2018-04-19T00:00:00	17:06:00	SEM VÍTIMA	CANCELADA	LINHA DO TIRO	RUA URIEL DE HOLANDA	1274	""	EM FRENTE A ESCOLA VISÃO ATUAL	RUA URIEL DE HOLANDA	1274	EM FRENTE A ESCOLA VISÃO ATUAL	LINHA DO TIRO		""	COLISÃO	COLISÃO SEM VITIMAS	1	1								0		""	""	""	""	""	""	""	""	""	""	""	""	""
3546	2018-04-19T00:00:00	17:26:00	SEM VÍTIMA	FINALIZADA	IPUTINGA	RUA PROFESSOR JOAQUIM XAVIER DE BRITO	166	""	EM FRENTE AO ARMAZEM JC ' EM FRENTE AO EDIFICIO IRMÃ DULCE	RUA PROFESSOR JOAQUIM XAVIER DE BRITO	166	EM FRENTE AO ARMAZEM JC ' EM FRENTE AO EDIFICIO IRMÃ DULCE	IPUTINGA		""	COLISÃO	COLISÃO SEM VITIMAS	2									0		""	""	""	""	""	""	""	""	""	""	""	""	""