_id	DATA	hora	natureza_acidente	situacao	bairro	endereco	numero	detalhe_endereco_acidente	complemento	endereco_cruzamento	numero_cruzamento	referencia_cruzamento	bairro_cruzamento	num_semaforo	sentido_via	tipo	descricao	auto	moto	ciclom	ciclista	pedestre	onibus	caminhao	viatura	outros	vitimas	vitimasfatais	acidente_verificado	tempo_clima	situacao_semaforo	sinalizacao	condicao_via	conservacao_via	ponto_controle	situacao_placa	velocidade_max_via	mao_direcao	divisao_via1	divisao_via2	divisao_via3
3547	2018-04-19T00:00:00	17:51:00	SEM VÍTIMA	FINALIZADA	BAIRRO DO RECIFE	AV MARQUES DE OLINDA	""	CAIS DA ALFANDEGA	COM CAIS DA ALFANDEGA, NO SEMAFORO 165	AV MARQUES DE OLINDA	""	COM CAIS DA ALFANDEGA, NO SEMAFORO 165	BAIRRO DO RECIFE		""	COLISÃO	COLISAO ENTRE AUTO E ONIBUS S/V	1					1				0		""	""	""	""	""	""	""	""	""	""	""	""	""
3548	2018-04-19T00:00:00	19:07:00	SEM VÍTIMA	FINALIZADA	SANTO ANTÔNIO	AV SUL	""	""	EF AO PREDIO DA EMTU SENTIDO AFOGADOS	AV SUL	""	EF AO PREDIO DA EMTU SENTIDO AFOGADOS	SANTO ANTÔNIO		""	COLISÃO	COLISAO S/V	1						1			0		""	""	""	""	""	""	""	""	""	""	""	""	""
3549	2018-04-19T00:00:00	19:27:00	SEM VÍTIMA	FINALIZADA	ILHA DO LEITE	AV GOVERNADOR AGAMENON MAGALHAES	""	""	SENT. OLINDA, EM FRENTE AO EMPRESARIAL ISAAC NEWTON	AV GOVERNADOR AGAMENON MAGALHAES	""	SENT. OLINDA, EM FRENTE AO EMPRESARIAL ISAAC NEWTON	ILHA DO LEITE		""	COLISÃO	DOIS AUTOS	2									0		""	""	""	""	""	""	""	""	""	""	""	""	""
3550	2018-04-19T00:00:00	22:33:00	SEM VÍTIMA	FINALIZADA	AFOGADOS	RUA SAO MIGUEL	""	""	PROX A MATERNIDADE BANDEIRA FILHO/ EM FRENTE AO CORREIOS	RUA SAO MIGUEL	""	PROX A MATERNIDADE BANDEIRA FILHO/ EM FRENTE AO CORREIOS	AFOGADOS		""	COLISÃO	COLISAO S/V	2									0		""	""	""	""	""	""	""	""	""	""	""	""	""
3551	2018-04-20T00:00:00	00:06:00	SEM VÍTIMA	FINALIZADA	IPSEP	RUA FRANCISCO BARRETO	467	RUA ITACAMBIRA	ESQUINA COM A RUA ITACAMBIRA, EM FRENTE AO EDIFICIO PARQUE BONDEIRÃO, PROX DO CANTINHO DO AÇAI	RUA FRANCISCO BARRETO	467	ESQUINA COM A RUA ITACAMBIRA, EM FRENTE AO EDIFICIO PARQUE BONDEIRÃO, PROX DO CANTINHO DO AÇAI	IPSEP		""	COLISÃO	COLISÃO ENTRE VIATURA DA PM E AUTO S/V	1							1		0		""	""	""	""	""	""	""	""	""	""	""	""	""
3552	2018-04-20T00:00:00	00:25:00	SEM VÍTIMA	FINALIZADA	CORDEIRO	AV ENGENHEIRO ABDIAS DE CARVALHO	""	AV GAL SAN MARTIN	CRUZAMENTO COM A AVENIDA GENERAL SAN MARTIN, EM FRENTE AO COMPAZ, SENTIDO RECIFE	AV ENGENHEIRO ABDIAS DE CARVALHO	""	CRUZAMENTO COM A AVENIDA GENERAL SAN MARTIN, EM FRENTE AO COMPAZ, SENTIDO RECIFE	CORDEIRO		""	COLISÃO	COLISÃO ENTRE DOIS AUTOS S/V	2									0		""	""	""	""	""	""	""	""	""	""	""	""	""
3553	2018-04-20T00:00:00	01:53:00	SEM VÍTIMA	FINALIZADA	BOA VISTA	RUA DO HOSPICIO	""	RUA RIACHUELO	CRUZAMENTOCOM A RUA RIACHUELO, PROX DA LOJAS AMERICANAS	RUA DO HOSPICIO	""	CRUZAMENTOCOM A RUA RIACHUELO, PROX DA LOJAS AMERICANAS	BOA VISTA		""	COLISÃO	COLISÃO ENTRE DOIS AUTOS S/V	2									0		""	""	""	""	""	""	""	""	""	""	""	""	""
3554	2018-04-20T00:00:00	05:59:00	SEM VÍTIMA	FINALIZADA	SÃO JOSÉ	RUA IMPERIAL	""	TRV PADRE AZEVEDO	CRUZ/COM A TRAVESSA PADRE AZEVEDO,SEMAFORO 511	RUA IMPERIAL	""	CRUZ/COM A TRAVESSA PADRE AZEVEDO,SEMAFORO 511	SÃO JOSÉ		""	COLISÃO	SEM VITIMAS	1					1				0		""	""	""	""	""	""	""	""	""	""	""	""	""
3555	2018-04-20T00:00:00	06:34:00	SEM VÍTIMA	FINALIZADA	SÃO JOSÉ	C SANTA RITA	""	""	SEMAFORO 383,CAIS DE SANTA RITA	C SANTA RITA	""	SEMAFORO 383,CAIS DE SANTA RITA	SÃO JOSÉ		""	COLISÃO	SEM VITIMAS,CRIANÇA DE COLO NO VEÍCULO AUTO PASSEIO	1					1				0		""	""	""	""	""	""	""	""	""	""	""	""	""
3556	2018-04-20T00:00:00	07:58:00	SEM VÍTIMA	FINALIZADA	SANTO AMARO	AV MARIO MELO	""	""	E/F A ASSEMBLEIA DE DEUS, SENTIDO AGAMENON. SEMÁFORO 171	AV MARIO MELO	""	E/F A ASSEMBLEIA DE DEUS, SENTIDO AGAMENON. SEMÁFORO 171	SANTO AMARO		""	COLISÃO	SEM VÍTIMAS	1	1								0		""	""	""	""	""	""	""	""	""	""	""	""	""
3557	2018-04-20T00:00:00	08:46:00	SEM VÍTIMA	CANCELADA	ESPINHEIRO	RUA DO ESPINHEIRO	800	""	EM FRENTE EDF/PIO XII	RUA DO ESPINHEIRO	800	EM FRENTE EDF/PIO XII	ESPINHEIRO		""	COLISÃO	COL.S/V	2									0		""	""	""	""	""	""	""	""	""	""	""	""	""
3558	2018-04-20T00:00:00	08:50:00	SEM VÍTIMA	FINALIZADA	MADALENA	AV BEIRA RIO	80	""	EM FRENTE AO EDF GIARDINO BEIRA RIO	AV BEIRA RIO	80	EM FRENTE AO EDF GIARDINO BEIRA RIO	MADALENA		""	COLISÃO	SEM VITIMAS.	1	1								0		""	""	""	""	""	""	""	""	""	""	""	""	""
3559	2018-04-20T00:00:00	08:50:00	SEM VÍTIMA	FINALIZADA	BOA VIAGEM	AV BOA VIAGEM	3870	""	PROX. AO QUIOSQUE PONTO DO AÇAI	AV BOA VIAGEM	3870	PROX. AO QUIOSQUE PONTO DO AÇAI	BOA VIAGEM		""	COLISÃO	DOIS AUTOS S/V	2									0		""	""	""	""	""	""	""	""	""	""	""	""	""
3560	2018-04-20T00:00:00	08:51:00	COM VÍTIMA	FINALIZADA	AREIAS	RUA IPOJUCA	""	""	EM FRENTE DA PRAÇ DOS EROIS	RUA IPOJUCA	""	EM FRENTE DA PRAÇ DOS EROIS	AREIAS		""	COLISÃO	COL.C/V	1	1								1		""	""	""	""	""	""	""	""	""	""	""	""	""
3561	2018-04-20T00:00:00	09:48:00	SEM VÍTIMA	FINALIZADA	IPSEP	AV RECIFE	3592	""	ANTES DO SAL E BRASA, SENTIDO BOA VIAGEM	AV RECIFE	3592	ANTES DO SAL E BRASA, SENTIDO BOA VIAGEM	IPSEP		""	ENGAVETAMENTO	ENTRE QUATRO VEICULOS	4									0		""	""	""	""	""	""	""	""	""	""	""	""	""
3562	2018-04-20T00:00:00	10:02:00	SEM VÍTIMA	CANCELADA	BOA VIAGEM	RUA RIBEIRO DE BRITO	""	""	NO SEMAFOO Nº496	RUA RIBEIRO DE BRITO	""	NO SEMAFOO Nº496	BOA VIAGEM		""	COLISÃO	COL.S/V. CONDUTORA,ESTA GESTANTE	2									0		""	""	""	""	""	""	""	""	""	""	""	""	""
3563	2018-04-20T00:00:00	10:37:00	SEM VÍTIMA	FINALIZADA	JORDÃO	RUA ALBERTO LUNDGREN	31A	""	E/F A LOJA ATRAÇÃO MODAS. NO LADO DIREITO DA VIA.	RUA ALBERTO LUNDGREN	31A	E/F A LOJA ATRAÇÃO MODAS. NO LADO DIREITO DA VIA.	JORDÃO		""	COLISÃO	SEM VÍTIMAS	1					1				0		""	""	""	""	""	""	""	""	""	""	""	""	""
3564	2018-04-20T00:00:00	11:10:00	SEM VÍTIMA	FINALIZADA	PINA	RUA JOAQUIM CARNEIRO DA SILVA	248	""	EM FRENTE A PRAÇA CATUARINA	RUA JOAQUIM CARNEIRO DA SILVA	248	EM FRENTE A PRAÇA CATUARINA	PINA		""	COLISÃO	SEM VITIMAS	2									0		""	""	""	""	""	""	""	""	""	""	""	""	""
3565	2018-04-20T00:00:00	11:12:00	SEM VÍTIMA	FINALIZADA	ÁGUA FRIA	AV BEBERIBE	2046	""	EM FRENTE A PAGUE MENOS, SENTIDO FUNDAO	AV BEBERIBE	2046	EM FRENTE A PAGUE MENOS, SENTIDO FUNDAO	ÁGUA FRIA		""	COLISÃO	DUAS MOTOS S/V		2								0		""	""	""	""	""	""	""	""	""	""	""	""	""
3566	2018-04-20T00:00:00	11:17:00	SEM VÍTIMA	FINALIZADA	SANTO AMARO	RUA FREI CASSIMIRO	892	""	NO INICIO DA RUA	RUA FREI CASSIMIRO	892	NO INICIO DA RUA	SANTO AMARO		""	COLISÃO	COL.S/V.NO SET.AV CURZ CABUGA	2									0		""	""	""	""	""	""	""	""	""	""	""	""	""
3567	2018-04-20T00:00:00	12:20:00	SEM VÍTIMA	FINALIZADA	BOA VIAGEM	RUA BARAO DE SOUZA LEAO	1153	""	EM FRENTE AO SUPERMERCADO TREVO	RUA BARAO DE SOUZA LEAO	1153	EM FRENTE AO SUPERMERCADO TREVO	BOA VIAGEM		""	COLISÃO	COLISÃO SEM VÍTIMA	2									0		""	""	""	""	""	""	""	""	""	""	""	""	""
3568	2018-04-20T00:00:00	12:39:00	SEM VÍTIMA	FINALIZADA	GRAÇAS	AV RUI BARBOSA	""	""	E/F AO BANCO ITAÚ	AV RUI BARBOSA	""	E/F AO BANCO ITAÚ	GRAÇAS		""	COLISÃO	COLISAO ENTRE AUTO E MOTO S/V	2									0		""	""	""	""	""	""	""	""	""	""	""	""	""
3569	2018-04-20T00:00:00	13:09:00	SEM VÍTIMA	FINALIZADA	CASA AMARELA	AV NORTE	4728	""	EM FRENTE AO ARMAZEM CORAL, SENTIDO MACAXEIRA	AV NORTE	4728	EM FRENTE AO ARMAZEM CORAL, SENTIDO MACAXEIRA	CASA AMARELA		""	ENGAVETAMENTO	TRES AUTOS S/V	3									0		""	""	""	""	""	""	""	""	""	""	""	""	""
3570	2018-04-20T00:00:00	13:10:00	SEM VÍTIMA	FINALIZADA	IBURA	AV DOM HELDER CAMARA	267	""	PROX AO NUCLEO DA POLICIA MILITAR	AV DOM HELDER CAMARA	267	PROX AO NUCLEO DA POLICIA MILITAR	IBURA		""	COLISÃO	COLISAO ENTRE DOIS AUTOS E UM CAMINHAO S/V	2						1			0		""	""	""	""	""	""	""	""	""	""	""	""	""
3571	2018-04-20T00:00:00	13:54:00	SEM VÍTIMA	FINALIZADA	IMBIRIBEIRA	AV MARECHAL MASCARENHAS DE MORAES	""	""	PORTÃO DE DESEMBARQUE NORTE A2	AV MARECHAL MASCARENHAS DE MORAES	""	PORTÃO DE DESEMBARQUE NORTE A2	IMBIRIBEIRA		""	COLISÃO	COLISÃO SEM VITIMA	2									0		""	""	""	""	""	""	""	""	""	""	""	""	""
3572	2018-04-20T00:00:00	15:08:00	SEM VÍTIMA	CANCELADA	JORDÃO	RUA JOSE MARTORANO	""	""	NO TERMINAL DO JORDÃO BAIXO	RUA JOSE MARTORANO	""	NO TERMINAL DO JORDÃO BAIXO	JORDÃO		""	COLISÃO	COLISAO ENTRE ONIBUS E CAMINHAO HR		1					1			0		""	""	""	""	""	""	""	""	""	""	""	""	""
3573	2018-04-20T00:00:00	15:10:00	SEM VÍTIMA	FINALIZADA	JOANA BEZERRA	VIADUTO CAPITAO TEMUDO	""	""	EM CIMA DO VIADUTO/ SENTIDO BOA VIAGEM	VIADUTO CAPITAO TEMUDO	""	EM CIMA DO VIADUTO/ SENTIDO BOA VIAGEM	JOANA BEZERRA		""	COLISÃO COM CICLISTA	COLISÃO SEM VÍTIMA	2			1						0		""	""	""	""	""	""	""	""	""	""	""	""	""
3574	2018-04-20T00:00:00	15:20:00	COM VÍTIMA	FINALIZADA	TORRE	RUA REAL DA TORRE	918	""	EM FRENTE AO WIZARD	RUA REAL DA TORRE	918	EM FRENTE AO WIZARD	TORRE		""	ATROPELAMENTO	COM VÍTIMA	1				2					2		""	""	""	""	""	""	""	""	""	""	""	""	""
3575	2018-04-20T00:00:00	15:22:00	SEM VÍTIMA	FINALIZADA	BOA VISTA	AV CONDE DA BOA VISTA	""	""	S/T DERBY E/F AO POSTO BR	AV CONDE DA BOA VISTA	""	S/T DERBY E/F AO POSTO BR	BOA VISTA		""	COLISÃO	COLISAO ENTRE ONIBUS E AUTO S/V	1					1				0		""	""	""	""	""	""	""	""	""	""	""	""	""
3576	2018-04-20T00:00:00	15:43:00	SEM VÍTIMA	FINALIZADA	MANGUEIRA	RUA ALEXANDRE RODRIGUES FERREIRA	314	""	EM FRENTE AO SUPERMERCADO REDE TEM	RUA ALEXANDRE RODRIGUES FERREIRA	314	EM FRENTE AO SUPERMERCADO REDE TEM	MANGUEIRA		""	COLISÃO	COLISÃO SEM VÍTIMA	1						1			0		""	""	""	""	""	""	""	""	""	""	""	""	""
3577	2018-04-20T00:00:00	15:44:00	SEM VÍTIMA	FINALIZADA	BOA VISTA	RUA DA SOLEDADE	""	""	EM FRENTE AO ALTINO VENTURA	RUA DA SOLEDADE	""	EM FRENTE AO ALTINO VENTURA	BOA VISTA		""	COLISÃO	AUTO E ONIBUS	1					1				0		""	""	""	""	""	""	""	""	""	""	""	""	""
3578	2018-04-20T00:00:00	16:19:00	SEM VÍTIMA	FINALIZADA	DERBY	AV GOVERNADOR AGAMENON MAGALHAES	""	""	PROX A MC DONALD S PISTA LOCAL S/T OLINDA	AV GOVERNADOR AGAMENON MAGALHAES	""	PROX A MC DONALD S PISTA LOCAL S/T OLINDA	DERBY		""	COLISÃO	COLISAO ENTRE ONIBUS E AUTOS S/V	1					1				0		""	""	""	""	""	""	""	""	""	""	""	""	""
3579	2018-04-20T00:00:00	16:47:00	SEM VÍTIMA	FINALIZADA	SAN MARTIN	AV ENGENHEIRO ABDIAS DE CARVALHO	""	""	APÓS O YOK, SENTIDO CENTRO	AV ENGENHEIRO ABDIAS DE CARVALHO	""	APÓS O YOK, SENTIDO CENTRO	SAN MARTIN		""	COLISÃO	COLISÃO ENTRE VT PC E MOTOCICLETA SEM VÍTIMA										0		""	""	""	""	""	""	""	""	""	""	""	""	""
3580	2018-04-20T00:00:00	16:47:00	SEM VÍTIMA	FINALIZADA	BOA VIAGEM	RUA RIBEIRO DE BRITO	1250	""	E/F AO HOTEL NACIONAL INN RECIFE	RUA RIBEIRO DE BRITO	1250	E/F AO HOTEL NACIONAL INN RECIFE	BOA VIAGEM		""	COLISÃO	COLISAO ENTRE DOIS AUTOS S/V	2									0		""	""	""	""	""	""	""	""	""	""	""	""	""
3581	2018-04-20T00:00:00	17:18:00	SEM VÍTIMA	FINALIZADA	PINA	AV CONSELHEIRO AGUIAR	122	""	E/F AO SÓ CALDINHO	AV CONSELHEIRO AGUIAR	122	E/F AO SÓ CALDINHO	PINA		""	COLISÃO	COLISAO ENTRE DOIS AUTOS E UMA MOTO S/V	2	1								0		""	""	""	""	""	""	""	""	""	""	""	""	""
3582	2018-04-20T00:00:00	17:56:00	SEM VÍTIMA	FINALIZADA	BOA VIAGEM	AV CONSELHEIRO AGUIAR	642	""	E/F AO CONSORCIO REALIZA	AV CONSELHEIRO AGUIAR	642	E/F AO CONSORCIO REALIZA	BOA VIAGEM		""	COLISÃO	COLISAO ENTRE DOIS AUTOS S/V	2									0		""	""	""	""	""	""	""	""	""	""	""	""	""
3583	2018-04-20T00:00:00	18:29:00	SEM VÍTIMA	FINALIZADA	TORRÕES	AV ENGENHEIRO ABDIAS DE CARVALHO	""	""	E/F A UPA TORRÕES - DULCE SAMPAIO / SNT CURADO	AV ENGENHEIRO ABDIAS DE CARVALHO	""	E/F A UPA TORRÕES - DULCE SAMPAIO / SNT CURADO	TORRÕES		""	COLISÃO	ENTRE 2 AUTOS. S/V	2									0		""	""	""	""	""	""	""	""	""	""	""	""	""
3584	2018-04-20T00:00:00	19:08:00	SEM VÍTIMA	FINALIZADA	AFOGADOS	RUA NICOLAU PEREIRA	""	""	EF A ASA INDUSTRIA	RUA NICOLAU PEREIRA	""	EF A ASA INDUSTRIA	AFOGADOS		""	ENGAVETAMENTO	COLISAO S/V	2						1			0		""	""	""	""	""	""	""	""	""	""	""	""	""
3585	2018-04-20T00:00:00	20:52:00	COM VÍTIMA	FINALIZADA	MADALENA	RUA NOBRE DE LACERDA	""	MONSENHOR JULIO MARIA	NO CRUZAMENTO COM NOSENHOR JULIO MARIA/CASA DO MAÇOM	RUA NOBRE DE LACERDA	""	NO CRUZAMENTO COM NOSENHOR JULIO MARIA/CASA DO MAÇOM	MADALENA		""	COLISÃO	COLISÃO C/V SAMU NO LOCAL	1	1								2		""	""	""	""	""	""	""	""	""	""	""	""	""
3586	2018-04-20T00:00:00	21:35:00	SEM VÍTIMA	CANCELADA	BOA VIAGEM	RUA ANTONIO FALCAO	240	""	APÓS O MERCADO EXTRA, SNT IMBIRIBEIRA / PRÓX AO SANTANDER SELECT	RUA ANTONIO FALCAO	240	APÓS O MERCADO EXTRA, SNT IMBIRIBEIRA / PRÓX AO SANTANDER SELECT	BOA VIAGEM		""	COLISÃO	ENTRE 2 AUTOS. S/V	2									0		""	""	""	""	""	""	""	""	""	""	""	""	""
3587	2018-04-20T00:00:00	21:45:00	SEM VÍTIMA	FINALIZADA	BOA VISTA	AV MANOEL BORBA	""	RUA JOSE DE ALENCAR	CRUZANDO COM A JOSÉ DE ELENCAR / SEMÁFORO 029	AV MANOEL BORBA	""	CRUZANDO COM A JOSÉ DE ELENCAR / SEMÁFORO 029	BOA VISTA		""	COLISÃO	ENTRE 2 AUTOS. S/V]	2									0		""	""	""	""	""	""	""	""	""	""	""	""	""
3588	2018-04-20T00:00:00	22:26:00	SEM VÍTIMA	FINALIZADA	SANTO AMARO	RUA DOS PALMARES	""	""	NO SEMAFORO 171/ CEMITERIO DE SANTO AMARO	RUA DOS PALMARES	""	NO SEMAFORO 171/ CEMITERIO DE SANTO AMARO	SANTO AMARO		""	COLISÃO	COLISAO S/V	1					1				0		""	""	""	""	""	""	""	""	""	""	""	""	""
3589	2018-04-21T00:00:00	02:48:00	COM VÍTIMA	FINALIZADA	CAXANGÁ	AV CAXANGA	""	""	APOS A UPA, EM FRENTE A IGREJA ASSEMBLEIA DE DEUS NO SEMAFORO 232 SENT. CIDADE	AV CAXANGA	""	APOS A UPA, EM FRENTE A IGREJA ASSEMBLEIA DE DEUS NO SEMAFORO 232 SENT. CIDADE	CAXANGÁ		""	COLISÃO	DOIS AUTOS	2									1		""	""	""	""	""	""	""	""	""	""	""	""	""
3590	2018-04-21T00:00:00	03:32:00	SEM VÍTIMA	FINALIZADA	CIDADE UNIVERSITÁRIA	AV PROFESSOR ARTUR DE SA	236	""	AO LADO DO HOSPITAL DAS CLINICAS	AV PROFESSOR ARTUR DE SA	236	AO LADO DO HOSPITAL DAS CLINICAS	CIDADE UNIVERSITÁRIA		""	COLISÃO	DOIS AUTOS	2									0		""	""	""	""	""	""	""	""	""	""	""	""	""
3591	2018-04-21T00:00:00	07:02:00	SEM VÍTIMA	FINALIZADA	ARRUDA	RUA ALEGRE	""	AV BEBERIBE	CRUZAMENTO COM A AV BEBERIBE	RUA ALEGRE	""	CRUZAMENTO COM A AV BEBERIBE	ARRUDA		""	COLISÃO	SEM VITIMAS										0		""	""	""	""	""	""	""	""	""	""	""	""	""
3592	2018-04-21T00:00:00	08:06:00	SEM VÍTIMA	FINALIZADA	SAN MARTIN	RUA PEDRO BOULITREAU	404	""	RUA DA PRAÇA DO CACHICO / ESTACIONADOS NO LAVA JATO	RUA PEDRO BOULITREAU	404	RUA DA PRAÇA DO CACHICO / ESTACIONADOS NO LAVA JATO	SAN MARTIN		""	COLISÃO	DOIS AUTOS	2									0		""	""	""	""	""	""	""	""	""	""	""	""	""
3593	2018-04-21T00:00:00	11:29:00	SEM VÍTIMA	FINALIZADA	ENGENHO DO MEIO	AV VISCONDE DE SAO LEOPOLDO	""	""	EM FRENTE DA REITORIA UFPE	AV VISCONDE DE SAO LEOPOLDO	""	EM FRENTE DA REITORIA UFPE	ENGENHO DO MEIO		""	COLISÃO	COL.S/V , SET AV .CAXANGA	1					1				0		""	""	""	""	""	""	""	""	""	""	""	""	""
3594	2018-04-21T00:00:00	13:12:00	SEM VÍTIMA	FINALIZADA	IMBIRIBEIRA	AV MARECHAL MASCARENHAS DE MORAES	630	""	EM FRENTE AO ARMAZEM CORAL SENT/ AFOGADOS	AV MARECHAL MASCARENHAS DE MORAES	630	EM FRENTE AO ARMAZEM CORAL SENT/ AFOGADOS	IMBIRIBEIRA		""	COLISÃO	SEM VITIMAS	2									0		""	""	""	""	""	""	""	""	""	""	""	""	""
3595	2018-04-21T00:00:00	13:18:00	SEM VÍTIMA	CANCELADA	IPUTINGA	RUA SAO MATEUS	10	""	NA ESQUINA DA FARMACIA DO TRABALHADOR	RUA SAO MATEUS	10	NA ESQUINA DA FARMACIA DO TRABALHADOR	IPUTINGA		""	COLISÃO COM CICLISTA	SEM VITIMAS	1			1						0		""	""	""	""	""	""	""	""	""	""	""	""	""
3596	2018-04-21T00:00:00	14:05:00	SEM VÍTIMA	FINALIZADA	BOA VIAGEM	AV BOA VIAGEM	3650	""	EM FRENTE AO EDF AMBROSIO TRAJADO	AV BOA VIAGEM	3650	EM FRENTE AO EDF AMBROSIO TRAJADO	BOA VIAGEM		""	COLISÃO	SEM VITIMAS	1	1								0		""	""	""	""	""	""	""	""	""	""	""	""	""
3597	2018-04-21T00:00:00	14:07:00	SEM VÍTIMA	FINALIZADA	SANTO AMARO	AV CRUZ CABUGA	""	""	NA ESQUINA DA ESCOLA DE APRENDIZ DE MARINHEIRO, SENTIDO OLINDA	AV CRUZ CABUGA	""	NA ESQUINA DA ESCOLA DE APRENDIZ DE MARINHEIRO, SENTIDO OLINDA	SANTO AMARO		""	COLISÃO	COLISÃO SEM VITIMA	2									0		""	""	""	""	""	""	""	""	""	""	""	""	""
3598	2018-04-21T00:00:00	14:53:00	SEM VÍTIMA	FINALIZADA	ESPINHEIRO	RUA ALFREDO DE CARVALHO	186	""	RUA AO LADO DA DELEGACIA DO ESPINHEIRO	RUA ALFREDO DE CARVALHO	186	RUA AO LADO DA DELEGACIA DO ESPINHEIRO	ESPINHEIRO		""	COLISÃO	SEM VITIMAS	3									0		""	""	""	""	""	""	""	""	""	""	""	""	""
3599	2018-04-21T00:00:00	14:59:00	SEM VÍTIMA	CANCELADA	DERBY	AV GOVERNADOR AGAMENON MAGALHAES	""	""	NA FRENTE DO AMERICANO BATISTA, ESQUINA DA DROGASIL SENTIDO OLINDA	AV GOVERNADOR AGAMENON MAGALHAES	""	NA FRENTE DO AMERICANO BATISTA, ESQUINA DA DROGASIL SENTIDO OLINDA	DERBY		""	COLISÃO	COLISÃO SEM VITIMA	2									0		""	""	""	""	""	""	""	""	""	""	""	""	""
3600	2018-04-21T00:00:00	16:30:00	COM VÍTIMA	FINALIZADA	CASA FORTE	AV DEZESSETE DE AGOSTO	""	""	COLADO COM O CPOR - OFICINA PARQUE DE MOTOS	AV DEZESSETE DE AGOSTO	""	COLADO COM O CPOR - OFICINA PARQUE DE MOTOS	CASA FORTE		""	COLISÃO	CARRO E MOTO	1	1								2		""	""	""	""	""	""	""	""	""	""	""	""	""
3601	2018-04-21T00:00:00	16:35:00	SEM VÍTIMA	FINALIZADA	PARNAMIRIM	RUA TITO ROSAS	""	""	NA FRENTE DO POSTO SHELL	RUA TITO ROSAS	""	NA FRENTE DO POSTO SHELL	PARNAMIRIM		""	COLISÃO	COLISÃO SEM VITIMA	1					1				0		""	""	""	""	""	""	""	""	""	""	""	""	""
3602	2018-04-21T00:00:00	17:08:00	SEM VÍTIMA	FINALIZADA	SÃO JOSÉ	RUA IMPERIAL	1600	""	NA FRENTE DA JUCEPE	RUA IMPERIAL	1600	NA FRENTE DA JUCEPE	SÃO JOSÉ		""	ATROPELAMENTO ANIMAL	ACIDENTE ENTRE UM AUTO E UM CAVALO/ A CRIANÇA QUE ESTAVA SOB O CAVALO SAIU DO LOCAL	1								1	0		""	""	""	""	""	""	""	""	""	""	""	""	""
3603	2018-04-21T00:00:00	17:15:00	COM VÍTIMA	FINALIZADA	BOA VIAGEM	AV ENGENHEIRO DOMINGOS FERREIRA	""	""	RUA BRUNO VELOEO	AV ENGENHEIRO DOMINGOS FERREIRA	""	RUA BRUNO VELOEO	BOA VIAGEM		""	COLISÃO	CELTA X BMW	2									1		""	""	""	""	""	""	""	""	""	""	""	""	""
3604	2018-04-21T00:00:00	18:42:00	SEM VÍTIMA	FINALIZADA	IMBIRIBEIRA	AV MARECHAL MASCARENHAS DE MORAES	""	""	PROX AO AEROPORTO SENTIDO AFOGADOS	AV MARECHAL MASCARENHAS DE MORAES	""	PROX AO AEROPORTO SENTIDO AFOGADOS	IMBIRIBEIRA		""	COLISÃO	COLISAO S/V	1						1			0		""	""	""	""	""	""	""	""	""	""	""	""	""
3605	2018-04-21T00:00:00	19:36:00	COM VÍTIMA	FINALIZADA	BOA VIAGEM	AV CONSELHEIRO AGUIAR	""	""	EF AO EXTRA	AV CONSELHEIRO AGUIAR	""	EF AO EXTRA	BOA VIAGEM		""	COLISÃO	COLISAO C/ V	1	1								1		""	""	""	""	""	""	""	""	""	""	""	""	""
3606	2018-04-21T00:00:00	20:05:00	COM VÍTIMA	FINALIZADA	IMBIRIBEIRA	RUA JOSE DA SILVA LUCENA	619	""	COLEGIO GGE	RUA JOSE DA SILVA LUCENA	619	COLEGIO GGE	IMBIRIBEIRA		""	COLISÃO	COLISAO C/ V	1	1								1		""	""	""	""	""	""	""	""	""	""	""	""	""
3607	2018-04-21T00:00:00	21:45:00	SEM VÍTIMA	CANCELADA	TEJIPIÓ	AV DR JOSE RUFINO	""	""	E/F A ESCOLA ALBERTO TORRES	AV DR JOSE RUFINO	""	E/F A ESCOLA ALBERTO TORRES	TEJIPIÓ		""	COLISÃO	COLISAO S/V	1					1				0		""	""	""	""	""	""	""	""	""	""	""	""	""
3608	2018-04-21T00:00:00	20:48:00	COM VÍTIMA	FINALIZADA	SANTO AMARO	AV CRUZ CABUGA	""	""	E/F A ASSEMBLEIA DE DEUS SEMAFORO 523	AV CRUZ CABUGA	""	E/F A ASSEMBLEIA DE DEUS SEMAFORO 523	SANTO AMARO		""	COLISÃO	COLISAO C/ V	1	1								1		""	""	""	""	""	""	""	""	""	""	""	""	""
3609	2018-04-21T00:00:00	22:13:00	COM VÍTIMA	CANCELADA	TORRE	RUA CONDE DE IRAJA	""	""	PROXIMIDADES DA IGREJA DA TORRE E E/F A BARBEARIA SÃO VITORINO	RUA CONDE DE IRAJA	""	PROXIMIDADES DA IGREJA DA TORRE E E/F A BARBEARIA SÃO VITORINO	TORRE		""	COLISÃO	ENTRE AUTO E MOTO. C/V	1	1								1		""	""	""	""	""	""	""	""	""	""	""	""	""
3610	2018-04-21T00:00:00	23:08:00	SEM VÍTIMA	FINALIZADA	BOA VIAGEM	RUA ERNESTO DE PAULA SANTOS	""	AV FERNANDO SIMOES BARBOSA	CRUZANDO A AV FERNANDO SIMÕES BARBOSA / ESQUINA CM POSTO SHELL	RUA ERNESTO DE PAULA SANTOS	""	CRUZANDO A AV FERNANDO SIMÕES BARBOSA / ESQUINA CM POSTO SHELL	BOA VIAGEM		""	COLISÃO	ENTRE 2 AUTOS. S/V	2									0		""	""	""	""	""	""	""	""	""	""	""	""	""
3611	2018-04-21T00:00:00	23:09:00	SEM VÍTIMA	FINALIZADA	BEBERIBE	AV BEBERIBE	""	""	PIZZARIA HUT	AV BEBERIBE	""	PIZZARIA HUT	BEBERIBE		""	COLISÃO	FIAT/PALIO - ONIBUS	1					1				0		""	""	""	""	""	""	""	""	""	""	""	""	""