_id	DATA	hora	natureza_acidente	situacao	bairro	endereco	numero	detalhe_endereco_acidente	complemento	endereco_cruzamento	numero_cruzamento	referencia_cruzamento	bairro_cruzamento	num_semaforo	sentido_via	tipo	descricao	auto	moto	ciclom	ciclista	pedestre	onibus	caminhao	viatura	outros	vitimas	vitimasfatais	acidente_verificado	tempo_clima	situacao_semaforo	sinalizacao	condicao_via	conservacao_via	ponto_controle	situacao_placa	velocidade_max_via	mao_direcao	divisao_via1	divisao_via2	divisao_via3
3612	2018-04-21T00:00:00	23:27:00	COM VÍTIMA	FINALIZADA	ARRUDA	RUA PETRONILA BOTELHO	""	""	SEMÁFORO 554 / CAMPO DO ARRUDA PRÓXIMO	RUA PETRONILA BOTELHO	""	SEMÁFORO 554 / CAMPO DO ARRUDA PRÓXIMO	ARRUDA		""	COLISÃO	ENTRE 2 AUTOS. C/V	2									1		""	""	""	""	""	""	""	""	""	""	""	""	""
3613	2018-04-22T00:00:00	01:05:00	COM VÍTIMA	FINALIZADA	AREIAS	AV RECIFE	""	""	EM FRENTE A PAJUÇARA // EM FRENTE A FARMÁCIA PAGUE MENOS / e/f a churrascaria pai jussara , semáforo 619	AV RECIFE	""	EM FRENTE A PAJUÇARA // EM FRENTE A FARMÁCIA PAGUE MENOS / e/f a churrascaria pai jussara , semáforo 619	AREIAS		""	ATROPELAMENTO ANIMAL	MOTO ATROPELOU UM CAVALO		1								1		""	""	""	""	""	""	""	""	""	""	""	""	""
3614	2018-04-22T00:00:00	04:05:00	SEM VÍTIMA	FINALIZADA	ARRUDA	AV BEBERIBE	""	""	E/F AO CAMPO DO SANTA CRUZ FC, SNT BEBERIBE	AV BEBERIBE	""	E/F AO CAMPO DO SANTA CRUZ FC, SNT BEBERIBE	ARRUDA		""	COLISÃO	ENTRE 2 AUTOS. S/V	2									0		""	""	""	""	""	""	""	""	""	""	""	""	""
3615	2018-04-22T00:00:00	06:29:00	SEM VÍTIMA	FINALIZADA	BOA VIAGEM	RUA DES JOAO PAES	""	""	CRUZ/ CORONEL ANIZIO RODRIGUES COELHO,AO LADO DO LAVA JATO BAR ESCRITORIO	RUA DES JOAO PAES	""	CRUZ/ CORONEL ANIZIO RODRIGUES COELHO,AO LADO DO LAVA JATO BAR ESCRITORIO	BOA VIAGEM		""	COLISÃO	SEM VITIMAS	2									0		""	""	""	""	""	""	""	""	""	""	""	""	""
3616	2018-04-22T00:00:00	09:30:00	SEM VÍTIMA	FINALIZADA	IPSEP	AV RECIFE	""	""	EM FRENTE AO POSTO SHEL SENT AEROPORTO / SEMAFORO 055	AV RECIFE	""	EM FRENTE AO POSTO SHEL SENT AEROPORTO / SEMAFORO 055	IPSEP		""	COLISÃO	DOIS AUTOS	2									0		""	""	""	""	""	""	""	""	""	""	""	""	""
3617	2018-04-22T00:00:00	12:43:00	SEM VÍTIMA	CANCELADA	ESPINHEIRO	RUA AMELIA	""	""	PAO DE AÇUCAR/ SHOPPING ESPINHEIRO	RUA AMELIA	""	PAO DE AÇUCAR/ SHOPPING ESPINHEIRO	ESPINHEIRO		""	COLISÃO	COLISAO S/V	2									0		""	""	""	""	""	""	""	""	""	""	""	""	""
3618	2018-04-22T00:00:00	13:11:00	SEM VÍTIMA	FINALIZADA	SAN MARTIN	RUA ITAPEMIRIM	""	AV CONS VILARES FRAGOSO	CRUZAMENTO COM CONS. VILARES FRAGOSO , PROX. A CAVALARIA	RUA ITAPEMIRIM	""	CRUZAMENTO COM CONS. VILARES FRAGOSO , PROX. A CAVALARIA	SAN MARTIN		""	COLISÃO	DOIS AUTOS S/V	2									0		""	""	""	""	""	""	""	""	""	""	""	""	""
3619	2018-04-22T00:00:00	18:27:00	COM VÍTIMA	CANCELADA	BONGI	EST DO BONGI	""	""	E/F A ANTIGA ITAPEMIRIM , SNT MUSTARDINHA	EST DO BONGI	""	E/F A ANTIGA ITAPEMIRIM , SNT MUSTARDINHA	BONGI		""	COLISÃO COM CICLISTA	AUTO X CICLISTA	1			1						1		""	""	""	""	""	""	""	""	""	""	""	""	""
3620	2018-04-22T00:00:00	18:31:00	COM VÍTIMA	FINALIZADA	CASA FORTE	AV DEZESSETE DE AGOSTO	""	""	PROX A VITORIA REGIA/ PRAÇA DE CASA FORTE	AV DEZESSETE DE AGOSTO	""	PROX A VITORIA REGIA/ PRAÇA DE CASA FORTE	CASA FORTE		""	COLISÃO	COLISAO C/V	1	1								1		""	""	""	""	""	""	""	""	""	""	""	""	""
3621	2018-04-22T00:00:00	19:12:00	SEM VÍTIMA	CANCELADA	BOA VIAGEM	RUA SETUBAL	""	""	PROX A PRAÇA DE BOA VIAGEM/NO CRUZ. VICENTE GOMES	RUA SETUBAL	""	PROX A PRAÇA DE BOA VIAGEM/NO CRUZ. VICENTE GOMES	BOA VIAGEM		""	COLISÃO	COLISAO S/V	2									0		""	""	""	""	""	""	""	""	""	""	""	""	""
3622	2018-04-22T00:00:00	19:29:00	SEM VÍTIMA	FINALIZADA	BOA VIAGEM	RUA RIO AZUL	142	RUA VIRIATO CORREIA	CRUZANDO COM A R VIRIATO CORREIA / PRÓX AO CANAL	RUA RIO AZUL	142	CRUZANDO COM A R VIRIATO CORREIA / PRÓX AO CANAL	BOA VIAGEM		""	COLISÃO	ENTRE 2 AUTOS. S/V	2									0		""	""	""	""	""	""	""	""	""	""	""	""	""
3623	2018-04-22T00:00:00	19:29:00	SEM VÍTIMA	FINALIZADA	JOANA BEZERRA	AV BEIRA RIO	""	""	PROX AO METRO JOANA BEZERRA	AV BEIRA RIO	""	PROX AO METRO JOANA BEZERRA	JOANA BEZERRA		""	ATROPELAMENTO ANIMAL	VEICULO COLIDIU COM UM CAVALO										0		""	""	""	""	""	""	""	""	""	""	""	""	""
3624	2018-04-22T00:00:00	19:56:00	SEM VÍTIMA	FINALIZADA	BOA VIAGEM	RUA BRUNO VELOSO	""	""	EF A ACADEMIA R2	RUA BRUNO VELOSO	""	EF A ACADEMIA R2	BOA VIAGEM		""	COLISÃO	COLISAO SV	1					1				0		""	""	""	""	""	""	""	""	""	""	""	""	""
3625	2018-04-23T00:00:00	06:36:00	SEM VÍTIMA	FINALIZADA	BOA VIAGEM	AV DOM JOAO VI	""	RUA PEDRO PAES MENDONCA	SEMAFORO 543 CRUZ/COM A RUA PEDRO PAES MENDONÇA	AV DOM JOAO VI	""	SEMAFORO 543 CRUZ/COM A RUA PEDRO PAES MENDONÇA	BOA VIAGEM		""	COLISÃO	SEM VITIMAS	2									0		""	""	""	""	""	""	""	""	""	""	""	""	""
3626	2018-04-23T00:00:00	07:19:00	COM VÍTIMA	FINALIZADA	BOA VIAGEM	RUA JOAO CARDOSO AIRES	446	""	EM FRENTE AO EDF TEOREMA	RUA JOAO CARDOSO AIRES	446	EM FRENTE AO EDF TEOREMA	BOA VIAGEM		""	COLISÃO	MOTO E AUTO	1	1								1		""	""	""	""	""	""	""	""	""	""	""	""	""
3627	2018-04-23T00:00:00	07:34:00	SEM VÍTIMA	FINALIZADA	CAÇOTE	AV RECIFE	1501	""	SENT/BR 101,EM FRENTE A LOJA DE PISCINAS FIBER	AV RECIFE	1501	SENT/BR 101,EM FRENTE A LOJA DE PISCINAS FIBER	CAÇOTE		""	COLISÃO	SEM VITIMAS	1						1			0		""	""	""	""	""	""	""	""	""	""	""	""	""
3628	2018-04-23T00:00:00	07:44:00	SEM VÍTIMA	FINALIZADA	IPSEP	AV RAIMUNDO DINIZ	3335	""	E/F AO RESIDENCIAL AV RECIFE, SEMÁFORO 247. SENTIDO BR 101	AV RAIMUNDO DINIZ	3335	E/F AO RESIDENCIAL AV RECIFE, SEMÁFORO 247. SENTIDO BR 101	IPSEP		""	COLISÃO	SEM VÍTIMAS	1	1								0		""	""	""	""	""	""	""	""	""	""	""	""	""
3629	2018-04-23T00:00:00	08:22:00	SEM VÍTIMA	FINALIZADA	ENCRUZILHADA	RUA GUADALUPE	34	""	RUA EM FRENTE A PRAÇA DA PICANHA,E AO LADO DA AUTO NORTE EQUIPADORA	RUA GUADALUPE	34	RUA EM FRENTE A PRAÇA DA PICANHA,E AO LADO DA AUTO NORTE EQUIPADORA	ENCRUZILHADA		""	COLISÃO	SEM VITIMAS	1						1			0		""	""	""	""	""	""	""	""	""	""	""	""	""
3630	2018-04-23T00:00:00	08:28:00	SEM VÍTIMA	CANCELADA	IMBIRIBEIRA	AV MARECHAL MASCARENHAS DE MORAES	""	""	AO LADO DO AEROPORTO NO RETORNO DO JORDAO	AV MARECHAL MASCARENHAS DE MORAES	""	AO LADO DO AEROPORTO NO RETORNO DO JORDAO	IMBIRIBEIRA		""	COLISÃO	COL.S/V	1						1			0		""	""	""	""	""	""	""	""	""	""	""	""	""
3631	2018-04-23T00:00:00	09:16:00	SEM VÍTIMA	FINALIZADA	PINA	RUA MANOEL DE BRITO	""	AV ANTONIO DE GOES	CRUZAMENTO COM A AVENIDA ANTONIO DE GÓES,SEMAFORO 103	RUA MANOEL DE BRITO	""	CRUZAMENTO COM A AVENIDA ANTONIO DE GÓES,SEMAFORO 103	PINA		""	COLISÃO	SEM VITIMAS,AGENTE DA CTTU PONTO FIXO VAI FAZER O B.O	1					1				0		""	""	""	""	""	""	""	""	""	""	""	""	""
3632	2018-04-23T00:00:00	09:26:00	SEM VÍTIMA	CANCELADA	SAN MARTIN	AV ENGENHEIRO ABDIAS DE CARVALHO	""	""	E/F A ANTIGA ENTRADA DA CHESF, SENTIDO PRADO.	AV ENGENHEIRO ABDIAS DE CARVALHO	""	E/F A ANTIGA ENTRADA DA CHESF, SENTIDO PRADO.	SAN MARTIN		""	COLISÃO	SEM VÍTIMAS	2									0		""	""	""	""	""	""	""	""	""	""	""	""	""
3633	2018-04-23T00:00:00	09:26:00	SEM VÍTIMA	FINALIZADA	ESTÂNCIA	AV RECIFE	""	""	EM FRENTE AO MAKRO,SENT/BOA VIAGEM	AV RECIFE	""	EM FRENTE AO MAKRO,SENT/BOA VIAGEM	ESTÂNCIA		""	COLISÃO	SEM VITIMAS,CONDUTORA DO ALTO PASSEIO GESTANTE	1						1			0		""	""	""	""	""	""	""	""	""	""	""	""	""
3634	2018-04-23T00:00:00	09:49:00	SEM VÍTIMA	FINALIZADA	NOVA DESCOBERTA	AV CHAGAS FERREIRA	""	""	POR TRÁS DA UPA DE NOVA DESCOBERTA	AV CHAGAS FERREIRA	""	POR TRÁS DA UPA DE NOVA DESCOBERTA	NOVA DESCOBERTA		""	TOMBAMENTO	EQUIPE NO LOCAL AGUARDANDO O MUCK PARA TIRAR O VEÍCULO DO CANAL										0		""	""	""	""	""	""	""	""	""	""	""	""	""
3635	2018-04-23T00:00:00	10:10:00	SEM VÍTIMA	FINALIZADA	SÃO JOSÉ	AV DANTAS BARRETO	1224	""	AO LADO DO EDF SAO RAFAEL	AV DANTAS BARRETO	1224	AO LADO DO EDF SAO RAFAEL	SÃO JOSÉ		""	COLISÃO	DOIS AUTOS	2									0		""	""	""	""	""	""	""	""	""	""	""	""	""
3636	2018-04-23T00:00:00	10:56:00	SEM VÍTIMA	FINALIZADA	AREIAS	AV RECIFE	""	""	E/F AO MAKRO, SENTIDO AEROPORTO	AV RECIFE	""	E/F AO MAKRO, SENTIDO AEROPORTO	AREIAS		""	COLISÃO	SEM VÍTIMAS. VT 10 NO LOCAL	2						1			0		""	""	""	""	""	""	""	""	""	""	""	""	""
3637	2018-04-23T00:00:00	12:07:00	SEM VÍTIMA	FINALIZADA	BOA VISTA	AV GOVERNADOR AGAMENON MAGALHAES	675	""	PARQUE AMORIM E/F A IGREJA DA CAPUNGA	AV GOVERNADOR AGAMENON MAGALHAES	675	PARQUE AMORIM E/F A IGREJA DA CAPUNGA	BOA VISTA		""	COLISÃO	COLISAO ENTRE DOIS AUTOS S/V	2									0		""	""	""	""	""	""	""	""	""	""	""	""	""
3638	2018-04-23T00:00:00	12:37:00	SEM VÍTIMA	FINALIZADA	BEBERIBE	AV BEBERIBE	4553	""	PROX. A OPÇAO MOVEIS, E EM FRENTE AO POSTO DE SAUDE, SEMAFORO 398	AV BEBERIBE	4553	PROX. A OPÇAO MOVEIS, E EM FRENTE AO POSTO DE SAUDE, SEMAFORO 398	BEBERIBE		""	COLISÃO	AUTO E MOTO	1	1								0		""	""	""	""	""	""	""	""	""	""	""	""	""
3639	2018-04-23T00:00:00	12:46:00	SEM VÍTIMA	CANCELADA	IPUTINGA	RUA SANTA LUCIA	146	""	E/F AO SUPERMERCADO RENDE MAIS	RUA SANTA LUCIA	146	E/F AO SUPERMERCADO RENDE MAIS	IPUTINGA		""	COLISÃO	COLISAOO ENTRE AUTO E ONIBUS	1					1				0		""	""	""	""	""	""	""	""	""	""	""	""	""
3640	2018-04-23T00:00:00	12:48:00	COM VÍTIMA	FINALIZADA	IMBIRIBEIRA	AV MARECHAL MASCARENHAS DE MORAES	""	""	EM FRENTE AO BANCO ITAU E AO BANCO SANTADER	AV MARECHAL MASCARENHAS DE MORAES	""	EM FRENTE AO BANCO ITAU E AO BANCO SANTADER	IMBIRIBEIRA		""	COLISÃO	COLISÃO COM VITIMA A ESPERA DO SAMU	1	1								1		""	""	""	""	""	""	""	""	""	""	""	""	""
3641	2018-04-23T00:00:00	12:59:00	COM VÍTIMA	FINALIZADA	COQUEIRAL	RUA GUANABARA	326	""	E/F A IGREJA ASSEMBLEIA E DEUS	RUA GUANABARA	326	E/F A IGREJA ASSEMBLEIA E DEUS	COQUEIRAL		""	COLISÃO	COLISAO ENTRE AUTO E MOTO COM UMA VITIMA	1	1								1		""	""	""	""	""	""	""	""	""	""	""	""	""
3642	2018-04-23T00:00:00	13:03:00	SEM VÍTIMA	FINALIZADA	MADALENA	AV VISCONDE DE ALBUQUERQUE	""	""	EM FRENTE AO MUNDO DO CABELEIREIIRO	AV VISCONDE DE ALBUQUERQUE	""	EM FRENTE AO MUNDO DO CABELEIREIIRO	MADALENA		""	COLISÃO	COLISÃO SEM VITIMAS VT 15 QTH	1						1			0		""	""	""	""	""	""	""	""	""	""	""	""	""
3643	2018-04-23T00:00:00	13:42:00	SEM VÍTIMA	FINALIZADA	BOA VIAGEM	RUA BARAO DE SOUZA LEAO	""	""	ENTRE O MAR HOTEL E O BANCO DO BRASIL	RUA BARAO DE SOUZA LEAO	""	ENTRE O MAR HOTEL E O BANCO DO BRASIL	BOA VIAGEM		""	COLISÃO	COLISAO ENTRE DOIS AUTOS S/V	2									0		""	""	""	""	""	""	""	""	""	""	""	""	""
3644	2018-04-23T00:00:00	14:37:00	SEM VÍTIMA	FINALIZADA	HIPÓDROMO	RUA FONSECA OLIVEIRA	""	""	SEMAFORO 504	RUA FONSECA OLIVEIRA	""	SEMAFORO 504	HIPÓDROMO		""	ENGAVETAMENTO	TRES AUTOS	3									0		""	""	""	""	""	""	""	""	""	""	""	""	""
3645	2018-04-23T00:00:00	15:02:00	SEM VÍTIMA	CANCELADA	SÃO JOSÉ	RUA DA CONCORDIA	206	""	E/F AO TACADÃO DOS ELETROS	RUA DA CONCORDIA	206	E/F AO TACADÃO DOS ELETROS	SÃO JOSÉ		""	COLISÃO	COLISAO ENTRE DOIS AUTOS S/V	2									0		""	""	""	""	""	""	""	""	""	""	""	""	""
3646	2018-04-23T00:00:00	15:27:00	SEM VÍTIMA	FINALIZADA	IMBIRIBEIRA	AV MARECHAL MASCARENHAS DE MORAES	""	""	SENTIDO AEROPORTO EM FRENTE AO MINISTERIO DO TRABALHO	AV MARECHAL MASCARENHAS DE MORAES	""	SENTIDO AEROPORTO EM FRENTE AO MINISTERIO DO TRABALHO	IMBIRIBEIRA		""	COLISÃO	COLISÃO SEM VITIMAAS	1						1			0		""	""	""	""	""	""	""	""	""	""	""	""	""
3647	2018-04-23T00:00:00	15:33:00	COM VÍTIMA	FINALIZADA	IBURA	AV DOIS RIOS	430	""	EM FRENTE A MD TINTAS/ SENTIDO AV. RECIFE	AV DOIS RIOS	430	EM FRENTE A MD TINTAS/ SENTIDO AV. RECIFE	IBURA		""	COLISÃO	COLISÃO COM VÍTIMA	1	1								2		""	""	""	""	""	""	""	""	""	""	""	""	""
3648	2018-04-23T00:00:00	15:40:00	COM VÍTIMA	FINALIZADA	CASA AMARELA	RUA OSCAR DE BARROS	""	AV CONS PERETE	NO CRUZAMENTO DA CONS. PERETE COM OSCAR DE BARROS	RUA OSCAR DE BARROS	""	NO CRUZAMENTO DA CONS. PERETE COM OSCAR DE BARROS	CASA AMARELA		""	COLISÃO	COLISAO ENTRE AUTO E MOTO COM VITIMA	1	1								1		""	""	""	""	""	""	""	""	""	""	""	""	""
3649	2018-04-23T00:00:00	16:38:00	COM VÍTIMA	FINALIZADA	CASA FORTE	AV DEZESSETE DE AGOSTO	2133	""	EM FRENTE AO MUSEU DO NORDESTE	AV DEZESSETE DE AGOSTO	2133	EM FRENTE AO MUSEU DO NORDESTE	CASA FORTE		""	COLISÃO	AUTO E MOTO C/V	1	1								1		""	""	""	""	""	""	""	""	""	""	""	""	""
3650	2018-04-23T00:00:00	16:48:00	SEM VÍTIMA	FINALIZADA	ILHA DO LEITE	RUA MINAS GERAIS	""	""	POR TRAS DO IMIP EM FRENTE A PRAÇA MIGUEL DE CERVANTES	RUA MINAS GERAIS	""	POR TRAS DO IMIP EM FRENTE A PRAÇA MIGUEL DE CERVANTES	ILHA DO LEITE		""	COLISÃO	COLISÃO SEM VITIMAS		1				1				0		""	""	""	""	""	""	""	""	""	""	""	""	""
3651	2018-04-23T00:00:00	17:01:00	SEM VÍTIMA	FINALIZADA	IPUTINGA	RUA SAO MATEUS	1060	""	PROX A FARMACIA DO TRABALHADOR E/F AO CONJUNTO RESIDENCIAL JARDIM RENASCENÇE	RUA SAO MATEUS	1060	PROX A FARMACIA DO TRABALHADOR E/F AO CONJUNTO RESIDENCIAL JARDIM RENASCENÇE	IPUTINGA		""	COLISÃO	COLISAO ENTRE ONIBUS E AUTO S/V	1					1				0		""	""	""	""	""	""	""	""	""	""	""	""	""
3652	2018-04-23T00:00:00	17:31:00	SEM VÍTIMA	FINALIZADA	BOA VISTA	AV JOAO DE BARROS	2615	""	AO LADO DO VIADUTO, PROX. A CELPE	AV JOAO DE BARROS	2615	AO LADO DO VIADUTO, PROX. A CELPE	BOA VISTA		""	COLISÃO	AUTO E ONIBUS DA 	1					1				0		""	""	""	""	""	""	""	""	""	""	""	""	""
3653	2018-04-23T00:00:00	17:39:00	SEM VÍTIMA	FINALIZADA	BOA VIAGEM	RUA RIBEIRO DE BRITO	""	""	PROX A ENTRADA DO CARREFOUR NA SUBIDA DO VIADUTO TANCREDO NEVES	RUA RIBEIRO DE BRITO	""	PROX A ENTRADA DO CARREFOUR NA SUBIDA DO VIADUTO TANCREDO NEVES	BOA VIAGEM		""	COLISÃO	COLISÃO SEM VITIMAS	1						1			0		""	""	""	""	""	""	""	""	""	""	""	""	""
3654	2018-04-23T00:00:00	18:17:00	SEM VÍTIMA	FINALIZADA	IMBIRIBEIRA	RUA ENGENHEIRO JOSE BRANDAO CAVALCANTE	40	AV ENG ALVES DE SOUZA	COM AV. ENG. ALVES DE SOUZA, PROX. A LAGOA DO ARAÇA, E AUTO STOP RECUPERAÇÃO AUTOMOTIVA	RUA ENGENHEIRO JOSE BRANDAO CAVALCANTE	40	COM AV. ENG. ALVES DE SOUZA, PROX. A LAGOA DO ARAÇA, E AUTO STOP RECUPERAÇÃO AUTOMOTIVA	IMBIRIBEIRA		""	COLISÃO	AUTO E ONIBUS COMP.	1					1				0		""	""	""	""	""	""	""	""	""	""	""	""	""
3655	2018-04-23T00:00:00	19:11:00	SEM VÍTIMA	FINALIZADA	DERBY	RUA AMARO BEZERRA	410	""	PROX. AO PET SHOP CAES E GATOS E RICARDO E RIVA CABELEIREIROS	RUA AMARO BEZERRA	410	PROX. AO PET SHOP CAES E GATOS E RICARDO E RIVA CABELEIREIROS	DERBY		""	COLISÃO	CARRO FORTE E AUTO	1								1	0		""	""	""	""	""	""	""	""	""	""	""	""	""
3656	2018-04-23T00:00:00	19:35:00	SEM VÍTIMA	FINALIZADA	BOA VISTA	RUA DAS NINFAS	303	""	E/F A FACULDADE SÃO MIGUEL	RUA DAS NINFAS	303	E/F A FACULDADE SÃO MIGUEL	BOA VISTA		""	COLISÃO	ENTRE 2 AUTOS. S/V	2									0		""	""	""	""	""	""	""	""	""	""	""	""	""
3657	2018-04-23T00:00:00	21:43:00	SEM VÍTIMA	FINALIZADA	IMBIRIBEIRA	AV MARECHAL MASCARENHAS DE MORAES	""	""	NA DESCIDA DO VIADUTO E E/F A AVIS, SNT CIDADE	AV MARECHAL MASCARENHAS DE MORAES	""	NA DESCIDA DO VIADUTO E E/F A AVIS, SNT CIDADE	IMBIRIBEIRA		""	CHOQUE	ENTRE AUTO E MURO NA LOCALIDADE. S/V	1									0		""	""	""	""	""	""	""	""	""	""	""	""	""
3658	2018-04-23T00:00:00	22:33:00	SEM VÍTIMA	FINALIZADA	ENCRUZILHADA	RUA PROFESSOR MIRANDA CURIO	101	""	E/F AO TABERNÁCULO ESPÍRITA APÓSTOLOS DE CRISTO	RUA PROFESSOR MIRANDA CURIO	101	E/F AO TABERNÁCULO ESPÍRITA APÓSTOLOS DE CRISTO	ENCRUZILHADA		""	COLISÃO	ENTRE 2 AUTOS. S/V	2									0		""	""	""	""	""	""	""	""	""	""	""	""	""
3659	2018-04-24T00:00:00	02:57:00	COM VÍTIMA	FINALIZADA	BOA VIAGEM	AVENIDA CELSO FURTADO (VIA MANGUE)	""	""	PRÓXIMO AO EXTRA E POR TRAZ DO ESPAÇO FOCO.	AVENIDA CELSO FURTADO (VIA MANGUE)	""	PRÓXIMO AO EXTRA E POR TRAZ DO ESPAÇO FOCO.	BOA VIAGEM		""	CAPOTAMENTO	VEÍCULO BATEU NUM POSTE E CAPOTOU	1									1		""	""	""	""	""	""	""	""	""	""	""	""	""
3660	2018-04-24T00:00:00	06:28:00	SEM VÍTIMA	FINALIZADA	ESTÂNCIA	AV RECIFE	""	""	EM CIMA DO VIADUTO ULISSES GUIMARÃES / SENT BOA VIAGEM	AV RECIFE	""	EM CIMA DO VIADUTO ULISSES GUIMARÃES / SENT BOA VIAGEM	ESTÂNCIA		""	COLISÃO	DOIS AUTOS	2									0		""	""	""	""	""	""	""	""	""	""	""	""	""
3661	2018-04-24T00:00:00	06:30:00	SEM VÍTIMA	FINALIZADA	PRADO	AV ENGENHEIRO ABDIAS DE CARVALHO	260	""	SENTIDO INTERIOR EM FRENTE AO HABIB´S	AV ENGENHEIRO ABDIAS DE CARVALHO	260	SENTIDO INTERIOR EM FRENTE AO HABIB´S	PRADO		""	COLISÃO	COLISÃO SEM VITIMAS	2									0		""	""	""	""	""	""	""	""	""	""	""	""	""
3662	2018-04-24T00:00:00	06:49:00	COM VÍTIMA	FINALIZADA	JORDÃO	AV MARIA IRENE	261	""	PROX AO QUARTEL DA AERONAUTICA	AV MARIA IRENE	261	PROX AO QUARTEL DA AERONAUTICA	JORDÃO		""	COLISÃO	COLISÃO COM VITIMA A ESPERA DO SAMU	1	1								1		""	""	""	""	""	""	""	""	""	""	""	""	""
3663	2018-04-24T00:00:00	08:03:00	COM VÍTIMA	FINALIZADA	ESTÂNCIA	AV DR JOSE RUFINO	520	""	EM FRENTE AO COMERCIAL GALERIA MARGARIDA	AV DR JOSE RUFINO	520	EM FRENTE AO COMERCIAL GALERIA MARGARIDA	ESTÂNCIA		""	COLISÃO	COLISÃO COM A VITIMA A ESPERA SAMU	1	1								1		""	""	""	""	""	""	""	""	""	""	""	""	""
3664	2018-04-24T00:00:00	08:31:00	SEM VÍTIMA	FINALIZADA	BOA VIAGEM	RUA SA E SOUZA	624	RUA LUIS PIMENTEL	COM A RUA LUIS PIMENTEL /	RUA SA E SOUZA	624	COM A RUA LUIS PIMENTEL /	BOA VIAGEM		""	COLISÃO	DOIS AUTOS / BT NO QTH	2									0		""	""	""	""	""	""	""	""	""	""	""	""	""
3665	2018-04-24T00:00:00	08:37:00	SEM VÍTIMA	FINALIZADA	SANTO AMARO	RUA TREZE DE MAIO	""	""	PROX AO HOSPITAL DO EXERCITO AO LADO DA CAMARA DOS VEREADORES	RUA TREZE DE MAIO	""	PROX AO HOSPITAL DO EXERCITO AO LADO DA CAMARA DOS VEREADORES	SANTO AMARO		""	COLISÃO	COLISÃO SEM VITIMAS						2				0		""	""	""	""	""	""	""	""	""	""	""	""	""
3666	2018-04-24T00:00:00	10:00:00	SEM VÍTIMA	FINALIZADA	JAQUEIRA	RUA DO FUTURO	""	RUA DR JOSE MARIA	COM A RUA DR JOSE MARIA / EM FRENTE AO PARQUE DA JAQUEIRA	RUA DO FUTURO	""	COM A RUA DR JOSE MARIA / EM FRENTE AO PARQUE DA JAQUEIRA	JAQUEIRA		""	COLISÃO	DOIS AUTOS	2									0		""	""	""	""	""	""	""	""	""	""	""	""	""
3667	2018-04-24T00:00:00	10:33:00	SEM VÍTIMA	FINALIZADA	ENCRUZILHADA	AV NORTE	""	""	EM FRENTE DA JACAUNA	AV NORTE	""	EM FRENTE DA JACAUNA	ENCRUZILHADA		""	COLISÃO	COL.S/V.SET.CD	1					1				0		""	""	""	""	""	""	""	""	""	""	""	""	""
3668	2018-04-24T00:00:00	11:12:00	SEM VÍTIMA	FINALIZADA	IMBIRIBEIRA	AV PRESIDENTE DUTRA	451	""	ESTACIONADOS NO POSTO IPIRANGA / AO LADO DO RESTAURANTE SAL E BRASA	AV PRESIDENTE DUTRA	451	ESTACIONADOS NO POSTO IPIRANGA / AO LADO DO RESTAURANTE SAL E BRASA	IMBIRIBEIRA		""	COLISÃO	AUTO ECAMINHAO	1						1			0		""	""	""	""	""	""	""	""	""	""	""	""	""
3669	2018-04-24T00:00:00	11:14:00	SEM VÍTIMA	FINALIZADA	BREJO DE BEBERIBE	RUA ALTO JOSE BONIFACIO	494	""	TERMINAL DOS ONIBUS DO BREJO DE BEBERIBE	RUA ALTO JOSE BONIFACIO	494	TERMINAL DOS ONIBUS DO BREJO DE BEBERIBE	BREJO DE BEBERIBE		""	COLISÃO	SEM VITIMAS	1					1				0		""	""	""	""	""	""	""	""	""	""	""	""	""
3670	2018-04-24T00:00:00	11:21:00	SEM VÍTIMA	FINALIZADA	IMBIRIBEIRA	AV MARECHAL MASCARENHAS DE MORAES	""	""	EM FRENTE AO AEROPORTO	AV MARECHAL MASCARENHAS DE MORAES	""	EM FRENTE AO AEROPORTO	IMBIRIBEIRA		""	COLISÃO	COL.S/V.SET.CD	2									0		""	""	""	""	""	""	""	""	""	""	""	""	""
3671	2018-04-24T00:00:00	12:47:00	COM VÍTIMA	FINALIZADA	AREIAS	AV DR JOSE RUFINO	""	""	PROXIMO A FABRICA YOLANDA	AV DR JOSE RUFINO	""	PROXIMO A FABRICA YOLANDA	AREIAS		""	COLISÃO	COLISÃO COM VITIMA	1	1								1		""	""	""	""	""	""	""	""	""	""	""	""	""
3672	2018-04-24T00:00:00	12:47:00	SEM VÍTIMA	FINALIZADA	ILHA DO RETIRO	RUA SPORT CLUBE DO RECIFE	""	""	NO SEMAFORO 481, EM FRENTE AO SPORT	RUA SPORT CLUBE DO RECIFE	""	NO SEMAFORO 481, EM FRENTE AO SPORT	ILHA DO RETIRO		""	COLISÃO	DOIS AUTOS	2									0		""	""	""	""	""	""	""	""	""	""	""	""	""
3673	2018-04-24T00:00:00	13:22:00	SEM VÍTIMA	FINALIZADA	DOIS IRMÃOS	RUA MANUEL DE MEDEIROS	""	""	EM FRENTE AO BLOCO Z2 DA UFRPE	RUA MANUEL DE MEDEIROS	""	EM FRENTE AO BLOCO Z2 DA UFRPE	DOIS IRMÃOS		""	COLISÃO	COLISÃO SEM VÍTIMA	1						1			0		""	""	""	""	""	""	""	""	""	""	""	""	""
3674	2018-04-24T00:00:00	15:03:00	SEM VÍTIMA	FINALIZADA	IMBIRIBEIRA	AV MARECHAL MASCARENHAS DE MORAES	4773	""	PROX. AO MARTELINHO DE OURO, SENT. AFOGADOS	AV MARECHAL MASCARENHAS DE MORAES	4773	PROX. AO MARTELINHO DE OURO, SENT. AFOGADOS	IMBIRIBEIRA		""	COLISÃO	CAMINHÃO E AUTO	1						1			0		""	""	""	""	""	""	""	""	""	""	""	""	""