_id	DATA	hora	natureza_acidente	situacao	bairro	endereco	numero	detalhe_endereco_acidente	complemento	endereco_cruzamento	numero_cruzamento	referencia_cruzamento	bairro_cruzamento	num_semaforo	sentido_via	tipo	descricao	auto	moto	ciclom	ciclista	pedestre	onibus	caminhao	viatura	outros	vitimas	vitimasfatais	acidente_verificado	tempo_clima	situacao_semaforo	sinalizacao	condicao_via	conservacao_via	ponto_controle	situacao_placa	velocidade_max_via	mao_direcao	divisao_via1	divisao_via2	divisao_via3
3675	2018-04-24T00:00:00	15:25:00	SEM VÍTIMA	FINALIZADA	TORREÃO	AV NORTE	""	""	E/F A PRAÇA DA PICANHA S/T CID	AV NORTE	""	E/F A PRAÇA DA PICANHA S/T CID	TORREÃO		""	COLISÃO	COLISAOP ENTRE DOIS AUTOS S/V	2									0		""	""	""	""	""	""	""	""	""	""	""	""	""
3676	2018-04-24T00:00:00	15:41:00	SEM VÍTIMA	FINALIZADA	AFOGADOS	RUA IMPERIAL	2237	""	E/F AO DEPOSITO DA BRASIL GÁS	RUA IMPERIAL	2237	E/F AO DEPOSITO DA BRASIL GÁS	AFOGADOS		""	COLISÃO	COLISAO ENTRE AUTO E MOTO S/V	1	1								0		""	""	""	""	""	""	""	""	""	""	""	""	""
3677	2018-04-24T00:00:00	15:45:00	COM VÍTIMA	FINALIZADA	JOANA BEZERRA	AV BEIRA RIO	""	""	PROXIMO A ACADEMIA DA CIDADE DE JOANA BEZERRA	AV BEIRA RIO	""	PROXIMO A ACADEMIA DA CIDADE DE JOANA BEZERRA	JOANA BEZERRA		""	COLISÃO	ACIDENTE COM VITIMA	1	1								1		""	""	""	""	""	""	""	""	""	""	""	""	""
3678	2018-04-24T00:00:00	15:56:00	SEM VÍTIMA	FINALIZADA	CAXANGÁ	AV HISTORIAD JORDAO EMERENCIANO	380	RUA ALCIDES CODECEIRA	COM A RUA ALCIDES CODECEIRA, EM FRENTE AO TERMINAL DE ONIBUS	AV HISTORIAD JORDAO EMERENCIANO	380	COM A RUA ALCIDES CODECEIRA, EM FRENTE AO TERMINAL DE ONIBUS	CAXANGÁ		""	COLISÃO	AUTO E ONIBUS BRT	1					1				0		""	""	""	""	""	""	""	""	""	""	""	""	""
3679	2018-04-24T00:00:00	16:09:00	SEM VÍTIMA	FINALIZADA	BOA VIAGEM	AV ENGENHEIRO DOMINGOS FERREIRA	""	""	E/F A O CLINICAL CENTER S/T PIEDADE	AV ENGENHEIRO DOMINGOS FERREIRA	""	E/F A O CLINICAL CENTER S/T PIEDADE	BOA VIAGEM		""	COLISÃO	COLISAO ENTRE ONIBUS E CAMINHAO S/V						1	1			0		""	""	""	""	""	""	""	""	""	""	""	""	""
3680	2018-04-24T00:00:00	16:28:00	SEM VÍTIMA	FINALIZADA	AREIAS	AV RECIFE	1040	""	EM FRENTE A FM VEÍCULOS/ SENTIDO AEROPORTO	AV RECIFE	1040	EM FRENTE A FM VEÍCULOS/ SENTIDO AEROPORTO	AREIAS		""	COLISÃO	COLISÃO SEM VÍTIMA	2									0		""	""	""	""	""	""	""	""	""	""	""	""	""
3681	2018-04-24T00:00:00	16:46:00	COM VÍTIMA	EQUIPE EM DESLOCAMENTO	BOA VISTA	RUA AURORA	XX	""	EM FRENTE AO TRIBUNAL DE CONTAS	RUA AURORA	XX	EM FRENTE AO TRIBUNAL DE CONTAS	BOA VISTA		""	CHOQUE	CHOQUE MOTO X ÁRVORE (COM VITIMA) - ÁRVORE TOMBADA AO CHÃO.		1								1		""	""	""	""	""	""	""	""	""	""	""	""	""
3682	2018-04-24T00:00:00	18:13:00	COM VÍTIMA	EQUIPE EM DESLOCAMENTO	BREJO DA GUABIRABA	AV VEREADOR OTACILIO AZEVEDO	""	""	EM FRENTE A ESCOLA ESTADUAL COMANDANTE LUIZ GOMES	AV VEREADOR OTACILIO AZEVEDO	""	EM FRENTE A ESCOLA ESTADUAL COMANDANTE LUIZ GOMES	BREJO DA GUABIRABA		""	ATROPELAMENTO	MOTO E PEDESTRE		1								1		""	""	""	""	""	""	""	""	""	""	""	""	""
3683	2018-04-24T00:00:00	18:18:00	SEM VÍTIMA	FINALIZADA	TAMARINEIRA	AV NORTE	""	""	PROX AO SESC DE CASA AMARELA	AV NORTE	""	PROX AO SESC DE CASA AMARELA	TAMARINEIRA		""	COLISÃO	COLISAO S/V	2									0		""	""	""	""	""	""	""	""	""	""	""	""	""
3684	2018-04-24T00:00:00	19:31:00	SEM VÍTIMA	FINALIZADA	VÁRZEA	AV PROFESSOR ARTUR DE SA	1310	""	EM FRENTE AO BAR DA KELLY, PROX DO CEMITERIO DA VÁRZEA	AV PROFESSOR ARTUR DE SA	1310	EM FRENTE AO BAR DA KELLY, PROX DO CEMITERIO DA VÁRZEA	VÁRZEA		""	COLISÃO	COLISÃO ENTRE DOIS AUTOS S/V	2									0		""	""	""	""	""	""	""	""	""	""	""	""	""
3685	2018-04-24T00:00:00	20:01:00	SEM VÍTIMA	CANCELADA	BOA VIAGEM	RUA BARAO DE SOUZA LEAO	653	""	EF A FARMACIA PAGUE MENOS/ PROX AO RESTAURANTE COSTA BRAVA	RUA BARAO DE SOUZA LEAO	653	EF A FARMACIA PAGUE MENOS/ PROX AO RESTAURANTE COSTA BRAVA	BOA VIAGEM		""	COLISÃO	COLISAO S/V	1					1				0		""	""	""	""	""	""	""	""	""	""	""	""	""
3686	2018-04-24T00:00:00	20:22:00	SEM VÍTIMA	CANCELADA	IMBIRIBEIRA	AV MARECHAL MASCARENHAS DE MORAES	""	""	PROX AO DESCONTAO SENTIDO AEROPORTO	AV MARECHAL MASCARENHAS DE MORAES	""	PROX AO DESCONTAO SENTIDO AEROPORTO	IMBIRIBEIRA		""	COLISÃO	COLISAO S/V	1						1			0		""	""	""	""	""	""	""	""	""	""	""	""	""
3687	2018-04-24T00:00:00	21:04:00	SEM VÍTIMA	FINALIZADA	CASA FORTE	AV DEZESSETE DE AGOSTO	2413	""	EM FRENTE AO POSTO DISLUB, PROX DO CENTRO MÉDICO SEN. JOSÉ ERMÍRIO DE MORAES	AV DEZESSETE DE AGOSTO	2413	EM FRENTE AO POSTO DISLUB, PROX DO CENTRO MÉDICO SEN. JOSÉ ERMÍRIO DE MORAES	CASA FORTE		""	COLISÃO	COLISÃO ENTRE TRÊS AUTOS S/V	3									0		""	""	""	""	""	""	""	""	""	""	""	""	""
3688	2018-04-24T00:00:00	21:38:00	SEM VÍTIMA	FINALIZADA	TORREÃO	AV NORTE	""	""	EM FRENTE A PRAÇA DA PICANHA	AV NORTE	""	EM FRENTE A PRAÇA DA PICANHA	TORREÃO		""	COLISÃO	COLISÃO ENTRE DOIS AUTOS S/V	2									0		""	""	""	""	""	""	""	""	""	""	""	""	""
3689	2018-04-24T00:00:00	23:47:00	SEM VÍTIMA	FINALIZADA	MADALENA	RUA DEMOSTENES DE OLINDA	121	""	EM FFRENTE O COLEGIO EQUIPE	RUA DEMOSTENES DE OLINDA	121	EM FFRENTE O COLEGIO EQUIPE	MADALENA		""	COLISÃO	COLISÃO ENTRE DOIS AUTOS S/V	2									0		""	""	""	""	""	""	""	""	""	""	""	""	""
3690	2018-04-25T00:00:00	05:53:00	SEM VÍTIMA	FINALIZADA	VÁRZEA	AV CAXANGA	""	""	EM FRENTE A INTEGRAÇÃO CAXANGÁ // EM FRENTE AO GMAG	AV CAXANGA	""	EM FRENTE A INTEGRAÇÃO CAXANGÁ // EM FRENTE AO GMAG	VÁRZEA		""	COLISÃO	COLISÃO ENTRE ÔNIBUS E CAMINHÃO S/V						1	1			0		""	""	""	""	""	""	""	""	""	""	""	""	""
3691	2018-04-25T00:00:00	06:17:00	COM VÍTIMA	FINALIZADA	ENCRUZILHADA	AV BEBERIBE	174	""	EM FRENTE AO POSTO DE GASOLINA SHELL E A FARMACIA DROGASIL	AV BEBERIBE	174	EM FRENTE AO POSTO DE GASOLINA SHELL E A FARMACIA DROGASIL	ENCRUZILHADA		""	COLISÃO	COLISÃO COM VITIMA A ESPERA DO SAMU	1	1								1		""	""	""	""	""	""	""	""	""	""	""	""	""
3692	2018-04-25T00:00:00	07:51:00	SEM VÍTIMA	CANCELADA	BOA VIAGEM	RUA BARAO DE SOUZA LEAO	691	""	ESTACIONADOS NA DROGARIA BONGI	RUA BARAO DE SOUZA LEAO	691	ESTACIONADOS NA DROGARIA BONGI	BOA VIAGEM		""	COLISÃO	DOIS AUTOS	2									0		""	""	""	""	""	""	""	""	""	""	""	""	""
3693	2018-04-25T00:00:00	08:10:00	SEM VÍTIMA	FINALIZADA	NOVA DESCOBERTA	RUA NOVA DESCOBERTA	1123	""	LAGO DONA REGINA	RUA NOVA DESCOBERTA	1123	LAGO DONA REGINA	NOVA DESCOBERTA		""	COLISÃO	COLISÃO COM VIATURA 11 DA CTTU	1									0		""	""	""	""	""	""	""	""	""	""	""	""	""
3694	2018-04-25T00:00:00	08:16:00	SEM VÍTIMA	CANCELADA	BOA VIAGEM	RUA VISCONDE DE JEQUITINHONHA	2200	""	EM FRENTE DA OFINA GOLDEN CAR	RUA VISCONDE DE JEQUITINHONHA	2200	EM FRENTE DA OFINA GOLDEN CAR	BOA VIAGEM		""	COLISÃO	CO.S/V	2									0		""	""	""	""	""	""	""	""	""	""	""	""	""
3695	2018-04-25T00:00:00	08:33:00	SEM VÍTIMA	FINALIZADA	TORRÕES	AV ENGENHEIRO ABDIAS DE CARVALHO	3068	""	EM FRENTE A OFICINA S O S AUTO PEÇAS. SEMÁFORO 272	AV ENGENHEIRO ABDIAS DE CARVALHO	3068	EM FRENTE A OFICINA S O S AUTO PEÇAS. SEMÁFORO 272	TORRÕES		""	COLISÃO	COLISÃO SEM VITIMAS	2									0		""	""	""	""	""	""	""	""	""	""	""	""	""
3696	2018-04-25T00:00:00	08:46:00	COM VÍTIMA	FINALIZADA	CAXANGÁ	AV CAXANGA	""	""	SENTIDO CIDADE. E/F AO POSTO	AV CAXANGA	""	SENTIDO CIDADE. E/F AO POSTO	CAXANGÁ		""	COLISÃO	COM UMA VÍTIMA JÁ SOCORRIDA. VT 09	1	1								1		""	""	""	""	""	""	""	""	""	""	""	""	""
3697	2018-04-25T00:00:00	09:09:00	SEM VÍTIMA	FINALIZADA	IMBIRIBEIRA	AV MARECHAL MASCARENHAS DE MORAES	""	""	MURO O AEROPORTO / SENT SUB	AV MARECHAL MASCARENHAS DE MORAES	""	MURO O AEROPORTO / SENT SUB	IMBIRIBEIRA		""	COLISÃO	CAMINHAO E AUTO	1						1			0		""	""	""	""	""	""	""	""	""	""	""	""	""
3698	2018-04-25T00:00:00	09:38:00	SEM VÍTIMA	FINALIZADA	AREIAS	AV CAPITAO GREGORIO DE CALDAS	16 A	""	EM FRENTE REPOM BEBIDAS	AV CAPITAO GREGORIO DE CALDAS	16 A	EM FRENTE REPOM BEBIDAS	AREIAS		""	COLISÃO	CAMINHAO E AUTO PASSEIO	1						1			0		""	""	""	""	""	""	""	""	""	""	""	""	""
3699	2018-04-25T00:00:00	10:59:00	SEM VÍTIMA	FINALIZADA	ESPINHEIRO	RUA VIGARIO BARRETO	""	""	AO LADO DO HOSPITAL IOR	RUA VIGARIO BARRETO	""	AO LADO DO HOSPITAL IOR	ESPINHEIRO		""	COLISÃO	COL.S/V	2									0		""	""	""	""	""	""	""	""	""	""	""	""	""
3700	2018-04-25T00:00:00	10:59:00	SEM VÍTIMA	FINALIZADA	SANTO AMARO	RUA FREI CASSIMIRO	91	""	E/F A CTTU	RUA FREI CASSIMIRO	91	E/F A CTTU	SANTO AMARO		""	COLISÃO	SEM VÍTIMAS	1						1			0		""	""	""	""	""	""	""	""	""	""	""	""	""
3701	2018-04-25T00:00:00	11:00:00	SEM VÍTIMA	FINALIZADA	CAXANGÁ	AV CAXANGA	1443	""	EM FRENTE A MORTUARIA	AV CAXANGA	1443	EM FRENTE A MORTUARIA	CAXANGÁ		""	COLISÃO	DOIS AUTOS	2									0		""	""	""	""	""	""	""	""	""	""	""	""	""
3702	2018-04-25T00:00:00	11:19:00	SEM VÍTIMA	FINALIZADA	IMBIRIBEIRA	AV MARECHAL MASCARENHAS DE MORAES	4524	""	E/F A JUSTIÇA DO TRABALHO, SENTIDO JABOATÃO	AV MARECHAL MASCARENHAS DE MORAES	4524	E/F A JUSTIÇA DO TRABALHO, SENTIDO JABOATÃO	IMBIRIBEIRA		""	COLISÃO	SEM VÍTIMAS	2									0		""	""	""	""	""	""	""	""	""	""	""	""	""
3703	2018-04-25T00:00:00	12:29:00	SEM VÍTIMA	FINALIZADA	DERBY	AV GOVERNADOR AGAMENON MAGALHAES	""	""	E/F AO HOSPITAL DA RESTAURAÇÃO S/T BOA VIAGEM GM GERSON NO LOCAL	AV GOVERNADOR AGAMENON MAGALHAES	""	E/F AO HOSPITAL DA RESTAURAÇÃO S/T BOA VIAGEM GM GERSON NO LOCAL	DERBY		""	COLISÃO	COLISAO ENTRE ONIBUS E DOIS AUTOS S/V	2					1				0		""	""	""	""	""	""	""	""	""	""	""	""	""
3704	2018-04-25T00:00:00	12:48:00	SEM VÍTIMA	FINALIZADA	CORDEIRO	AV MARIO ALVARES PEREIRA DE LYRA	121	""	RESIDENCIA CANAL DO CAVOCO PROX A FUNASE	AV MARIO ALVARES PEREIRA DE LYRA	121	RESIDENCIA CANAL DO CAVOCO PROX A FUNASE	CORDEIRO		""	COLISÃO	COLISÃO SEM VITIMAS	2									0		""	""	""	""	""	""	""	""	""	""	""	""	""
3705	2018-04-25T00:00:00	13:16:00	SEM VÍTIMA	FINALIZADA	BOA VIAGEM	AV CONSELHEIRO AGUIAR	2642	""	E/F AO GOLDMEDIC PRODUTOS MEDICOS E HOSPITALARES	AV CONSELHEIRO AGUIAR	2642	E/F AO GOLDMEDIC PRODUTOS MEDICOS E HOSPITALARES	BOA VIAGEM		""	COLISÃO	ENTRE DOIS AUTOS S/V	2									0		""	""	""	""	""	""	""	""	""	""	""	""	""
3706	2018-04-25T00:00:00	13:39:00	COM VÍTIMA	FINALIZADA	BAIRRO DO RECIFE	AV ALFREDO LISBOA	""	""	EM FRENTE AO MUSEU CAIS DO SERTÃO	AV ALFREDO LISBOA	""	EM FRENTE AO MUSEU CAIS DO SERTÃO	BAIRRO DO RECIFE		""	COLISÃO	COLISÃO COM VITIMA	2									1		""	""	""	""	""	""	""	""	""	""	""	""	""
3707	2018-04-25T00:00:00	13:48:00	SEM VÍTIMA	FINALIZADA	JARDIM SÃO PAULO	RUA SENADOR ALBERTO PASQUALINI	138	""	E/F AO RESTAURANTE SOMBRA DA MANGUEIRA	RUA SENADOR ALBERTO PASQUALINI	138	E/F AO RESTAURANTE SOMBRA DA MANGUEIRA	JARDIM SÃO PAULO		""	COLISÃO	COLISAO ENTRE DOIS AUTOS S/V	2									0		""	""	""	""	""	""	""	""	""	""	""	""	""
3708	2018-04-25T00:00:00	14:49:00	SEM VÍTIMA	FINALIZADA	TEJIPIÓ	RUA FALCAO DE LACERDA	248	""	E/F A ESTAÇÃO KIDS	RUA FALCAO DE LACERDA	248	E/F A ESTAÇÃO KIDS	TEJIPIÓ		""	COLISÃO	COLISAO ENTRE DOIS AUTOS S/V	2									0		""	""	""	""	""	""	""	""	""	""	""	""	""
3709	2018-04-25T00:00:00	15:22:00	SEM VÍTIMA	CANCELADA	IBURA	AV DOIS RIOS	""	""	PROX AO VIADUTO E/F A IGREJA VERBO DA VIDA	AV DOIS RIOS	""	PROX AO VIADUTO E/F A IGREJA VERBO DA VIDA	IBURA		""	COLISÃO	COLISAO ENTRE TAXI E MOTO S/V	1	1								0		""	""	""	""	""	""	""	""	""	""	""	""	""
3710	2018-04-25T00:00:00	16:13:00	SEM VÍTIMA	FINALIZADA	IMBIRIBEIRA	AV MARECHAL MASCARENHAS DE MORAES	""	""	SENTIDO CIDADDE - LADO OPOSTO AO AEROPORTO	AV MARECHAL MASCARENHAS DE MORAES	""	SENTIDO CIDADDE - LADO OPOSTO AO AEROPORTO	IMBIRIBEIRA		""	COLISÃO	TR~ES VEÍCULOS	2							1		0		""	""	""	""	""	""	""	""	""	""	""	""	""
3711	2018-04-25T00:00:00	16:37:00	SEM VÍTIMA	FINALIZADA	SANTO AMARO	AV DR JAYME DA FONTE	208	""	PROX A COMPESA	AV DR JAYME DA FONTE	208	PROX A COMPESA	SANTO AMARO		""	COLISÃO	COLISÃO SEM VITIMAS	1						1			0		""	""	""	""	""	""	""	""	""	""	""	""	""
3712	2018-04-25T00:00:00	16:38:00	SEM VÍTIMA	FINALIZADA	AFOGADOS	LARGO DA PAZ	""	""	EM FRENTE A BIG BEN	LARGO DA PAZ	""	EM FRENTE A BIG BEN	AFOGADOS		""	COLISÃO	COLISÃO SEM VÍTIMA		2					1			0		""	""	""	""	""	""	""	""	""	""	""	""	""
3713	2018-04-25T00:00:00	16:50:00	SEM VÍTIMA	FINALIZADA	CORDEIRO	AV INACIO MONTEIRO	157	""	EM FRENTE A GALERIA NOSSA SENHORAS DAS GRAÇAS	AV INACIO MONTEIRO	157	EM FRENTE A GALERIA NOSSA SENHORAS DAS GRAÇAS	CORDEIRO		""	COLISÃO	COLISÃO SEM V´TIMA	2									0		""	""	""	""	""	""	""	""	""	""	""	""	""
3714	2018-04-25T00:00:00	17:08:00	SEM VÍTIMA	CANCELADA	CAMPO GRANDE	AV. LUÍS CORRÊA DE BRITO	463	""	EM FRENTE A JOSE DAS MOTOS	AV. LUÍS CORRÊA DE BRITO	463	EM FRENTE A JOSE DAS MOTOS	CAMPO GRANDE		""	COLISÃO	COLISÃO SEM VÍTIMA	1						1			0		""	""	""	""	""	""	""	""	""	""	""	""	""
3715	2018-04-25T00:00:00	18:05:00	SEM VÍTIMA	FINALIZADA	AREIAS	AV RECIFE	1644	""	EM FRENTE AO GALETTUS, SENT. BOA VIAGEM	AV RECIFE	1644	EM FRENTE AO GALETTUS, SENT. BOA VIAGEM	AREIAS		""	COLISÃO	DOIS AUTOS	2									0		""	""	""	""	""	""	""	""	""	""	""	""	""
3716	2018-04-25T00:00:00	18:09:00	SEM VÍTIMA	FINALIZADA	JIQUIÁ	AV GENERAL SAN MARTIN	1480	""	NO SEMAFORO 080, EM FRENTE A ESTAÇÃO BRT	AV GENERAL SAN MARTIN	1480	NO SEMAFORO 080, EM FRENTE A ESTAÇÃO BRT	JIQUIÁ		""	COLISÃO	AUTO E MOTO/GM- PONTO FIXO	1	1								0		""	""	""	""	""	""	""	""	""	""	""	""	""
3717	2018-04-25T00:00:00	18:11:00	SEM VÍTIMA	FINALIZADA	SAN MARTIN	RUA GOMES TABORDA	""	""	PROX AO SUPERMERCADO IDEAL	RUA GOMES TABORDA	""	PROX AO SUPERMERCADO IDEAL	SAN MARTIN		""	COLISÃO	COLISAO S/V	1					1				0		""	""	""	""	""	""	""	""	""	""	""	""	""
3718	2018-04-25T00:00:00	18:57:00	SEM VÍTIMA	FINALIZADA	DERBY	RUA AMARO BEZERRA	""	""	EF AO DERBY CENTER GALERIA	RUA AMARO BEZERRA	""	EF AO DERBY CENTER GALERIA	DERBY		""	COLISÃO	COLISAO S/V	2									0		""	""	""	""	""	""	""	""	""	""	""	""	""
3719	2018-04-25T00:00:00	21:01:00	COM VÍTIMA	FINALIZADA	CASA AMARELA	RUA PADRE LEMOS	""	""	PROX A KINITOS FESTAS	RUA PADRE LEMOS	""	PROX A KINITOS FESTAS	CASA AMARELA		""	COLISÃO	COLISAO C/V	1	1								1		""	""	""	""	""	""	""	""	""	""	""	""	""
3720	2018-04-25T00:00:00	21:33:00	SEM VÍTIMA	FINALIZADA	TORRÕES	RUA PROFESSOR ARTUR COUTINHO	315	""	PROX. A PRAÇA DE RODA DE FOGO E O TERMINAL	RUA PROFESSOR ARTUR COUTINHO	315	PROX. A PRAÇA DE RODA DE FOGO E O TERMINAL	TORRÕES		""	COLISÃO	CAMINHÃO E AUTO	1						1			0		""	""	""	""	""	""	""	""	""	""	""	""	""
3721	2018-04-26T00:00:00	05:36:00	SEM VÍTIMA	CANCELADA	CAXANGÁ	AV CAXANGA	5735	""	AO LADO DA GEMAG ,SENT/CAMARAGIBE SEMAFORO 262	AV CAXANGA	5735	AO LADO DA GEMAG ,SENT/CAMARAGIBE SEMAFORO 262	CAXANGÁ		""	COLISÃO	SEM VITIMAS	2									0		""	""	""	""	""	""	""	""	""	""	""	""	""
3722	2018-04-26T00:00:00	06:07:00	COM VÍTIMA	FINALIZADA	AFOGADOS	RUA VINTE E UM DE ABRIL	541	""	AO LADO DO ANTIGO FERROVIARIO	RUA VINTE E UM DE ABRIL	541	AO LADO DO ANTIGO FERROVIARIO	AFOGADOS		""	COLISÃO	COLISÃO COM UMA VITIMA JÁ SOCORRIDA PELOS BOMBEIROS	1					1				1		""	""	""	""	""	""	""	""	""	""	""	""	""
3723	2018-04-26T00:00:00	07:42:00	SEM VÍTIMA	FINALIZADA	TORRÕES	EST DO FORTE DO ARRAIAL N. DO B. JESUS	512	""	NO FINAL DA AV DO FORTE, APOS A PRAÇA DO 15, SENTIDO ABDIAS DE CARVALHO	EST DO FORTE DO ARRAIAL N. DO B. JESUS	512	NO FINAL DA AV DO FORTE, APOS A PRAÇA DO 15, SENTIDO ABDIAS DE CARVALHO	TORRÕES		""	COLISÃO	AUTO E MOTO	1	1								0		""	""	""	""	""	""	""	""	""	""	""	""	""
3724	2018-04-26T00:00:00	MARINALVA	SEM VÍTIMA	FINALIZADA	BEBERIBE	AV BEBERIBE	""	""	SEMAFORO 575	AV BEBERIBE	""	SEMAFORO 575	BEBERIBE		""	COLISÃO	AUTO E ONIBUS 	1					1				0		""	""	""	""	""	""	""	""	""	""	""	""	""
3725	2018-04-26T00:00:00	08:16:00	SEM VÍTIMA	FINALIZADA	PRADO	AV ENGENHEIRO ABDIAS DE CARVALHO	""	""	EM FRENTE DA FACULDADE ESTACIO	AV ENGENHEIRO ABDIAS DE CARVALHO	""	EM FRENTE DA FACULDADE ESTACIO	PRADO		""	COLISÃO	COL.S/V.SET.CD	3									0		""	""	""	""	""	""	""	""	""	""	""	""	""
3726	2018-04-26T00:00:00	08:25:00	SEM VÍTIMA	FINALIZADA	SANTO AMARO	RUA SAO GERALDO	153	""	PROX. AO JORNAL DO COMERCIO	RUA SAO GERALDO	153	PROX. AO JORNAL DO COMERCIO	SANTO AMARO		""	COLISÃO	AUTO E ONIBUS	1					1				0		""	""	""	""	""	""	""	""	""	""	""	""	""
3727	2018-04-26T00:00:00	08:40:00	SEM VÍTIMA	FINALIZADA	BOA VIAGEM	RUA RIBEIRO DE BRITO	""	""	SEMAFORO Nº147	RUA RIBEIRO DE BRITO	""	SEMAFORO Nº147	BOA VIAGEM		""	COLISÃO	COL.S/V GM JA NO LOCAL	2									0		""	""	""	""	""	""	""	""	""	""	""	""	""
3728	2018-04-26T00:00:00	08:47:00	COM VÍTIMA	FINALIZADA	BOA VISTA	RUA VELHA	S/N	""	SOBRE A PONTE VELHA	RUA VELHA	S/N	SOBRE A PONTE VELHA	BOA VISTA		""	ATROPELAMENTO	COLISÃO ENVOLVENDO AUTO X PEDESTRE	1				1					1		""	""	""	""	""	""	""	""	""	""	""	""	""
3729	2018-04-26T00:00:00	09:34:00	SEM VÍTIMA	CANCELADA	DERBY	RUA BENFICA	""	""	SEMAFORO 590	RUA BENFICA	""	SEMAFORO 590	DERBY		""	COLISÃO	DOIS AUTOS S/V	2									0		""	""	""	""	""	""	""	""	""	""	""	""	""
3730	2018-04-26T00:00:00	09:52:00	SEM VÍTIMA	FINALIZADA	BOA VISTA	RUA PADRE INGLES	""	""	PROXIMO A FACULDADE	RUA PADRE INGLES	""	PROXIMO A FACULDADE	BOA VISTA		""	COLISÃO	COLISÃO SEM VITIMA		2								0		""	""	""	""	""	""	""	""	""	""	""	""	""
3731	2018-04-26T00:00:00	09:54:00	SEM VÍTIMA	FINALIZADA	BOA VIAGEM	AV DOM JOAO VI	""	""	SEMAFORO Nº543	AV DOM JOAO VI	""	SEMAFORO Nº543	BOA VIAGEM		""	COLISÃO	COL.S/V ,GM JA NO LOCAL	2									0		""	""	""	""	""	""	""	""	""	""	""	""	""
3732	2018-04-26T00:00:00	10:17:00	SEM VÍTIMA	FINALIZADA	ILHA DO LEITE	RUA PACIFICO DOS SANTOS	100	""	EM FRENTE AO HOSPITAL SÃO MARCOS	RUA PACIFICO DOS SANTOS	100	EM FRENTE AO HOSPITAL SÃO MARCOS	ILHA DO LEITE		""	COLISÃO	SEM VITIMAS	1						1			0		""	""	""	""	""	""	""	""	""	""	""	""	""
3733	2018-04-26T00:00:00	10:36:00	SEM VÍTIMA	CANCELADA	VÁRZEA	RUA PROFESSOR CHAVES BATISTA	112	""	ESQUINA COM O RESTAURANTE BOI E BRASA	RUA PROFESSOR CHAVES BATISTA	112	ESQUINA COM O RESTAURANTE BOI E BRASA	VÁRZEA		""	COLISÃO	SEM VITIMAS	2									0		""	""	""	""	""	""	""	""	""	""	""	""	""
3734	2018-04-26T00:00:00	11:20:00	SEM VÍTIMA	FINALIZADA	CASA FORTE	RUA DR SAMUEL LINS	187	RUA TIRA DE SOUZA	CRUZAMENTO COM A RUA RITA DE SOUZA,EM FRENTE AO EDF RIO DA PRATA	RUA DR SAMUEL LINS	187	CRUZAMENTO COM A RUA RITA DE SOUZA,EM FRENTE AO EDF RIO DA PRATA	CASA FORTE		""	COLISÃO	SEM VITIMAS	2									0		""	""	""	""	""	""	""	""	""	""	""	""	""
3735	2018-04-26T00:00:00	11:52:00	COM VÍTIMA	FINALIZADA	ILHA DO RETIRO	AV ENGENHEIRO ABDIAS DE CARVALHO	""	""	EM FRENTE AO SEMAFORO 355 ,GIRADOR DO SPORT,AO LADO DO POSTO EXTRA	AV ENGENHEIRO ABDIAS DE CARVALHO	""	EM FRENTE AO SEMAFORO 355 ,GIRADOR DO SPORT,AO LADO DO POSTO EXTRA	ILHA DO RETIRO		""	COLISÃO	COM DUAS VITIMAS SENDO SOCORRIDAS PELO SAMU		2								2		""	""	""	""	""	""	""	""	""	""	""	""	""
3736	2018-04-26T00:00:00	11:30:00	SEM VÍTIMA	FINALIZADA	AFOGADOS	LARGO DA PAZ	396	""	EM FRENTE A PRAÇA, E AO ITAU	LARGO DA PAZ	396	EM FRENTE A PRAÇA, E AO ITAU	AFOGADOS		""	COLISÃO	DOIS AUTOS S/V	2									0		""	""	""	""	""	""	""	""	""	""	""	""	""
3737	2018-04-26T00:00:00	12:36:00	SEM VÍTIMA	FINALIZADA	ILHA DO LEITE	RUA MINAS GERAIS	72	""	EM FRENTE A PRAÇA PROFESSOR FERNANDO FIGUEIRA	RUA MINAS GERAIS	72	EM FRENTE A PRAÇA PROFESSOR FERNANDO FIGUEIRA	ILHA DO LEITE		""	COLISÃO	COLISÃO SEM VITIMA	2									0		""	""	""	""	""	""	""	""	""	""	""	""	""
3738	2018-04-26T00:00:00	13:00:00	SEM VÍTIMA	FINALIZADA	SANTO ANTÔNIO	PTE BUARQUE DE MACEDO	""	""	EM CIMA DA PONTE	PTE BUARQUE DE MACEDO	""	EM CIMA DA PONTE	SANTO ANTÔNIO		""	COLISÃO	COLISÃO SEM VITIMA	1					1				0		""	""	""	""	""	""	""	""	""	""	""	""	""
3739	2018-04-26T00:00:00	13:49:00	SEM VÍTIMA	FINALIZADA	IMBIRIBEIRA	AV MARECHAL MASCARENHAS DE MORAES	465	""	EM FRENTE A JUSTIÇA DO TRABALHO, SENTIDO AFOGADOS	AV MARECHAL MASCARENHAS DE MORAES	465	EM FRENTE A JUSTIÇA DO TRABALHO, SENTIDO AFOGADOS	IMBIRIBEIRA		""	COLISÃO	DOIS AUTOS E UM ONIBUS S/V	2					1				0		""	""	""	""	""	""	""	""	""	""	""	""	""
3740	2018-04-26T00:00:00	13:56:00	SEM VÍTIMA	CANCELADA	ILHA DO LEITE	RUA SENADOR JOSE HENRIQUE	41	""	PROX AO AO HOSPITAL ALBERT SABIN E DA PRAÇA MIGUEL DE CERVANTES	RUA SENADOR JOSE HENRIQUE	41	PROX AO AO HOSPITAL ALBERT SABIN E DA PRAÇA MIGUEL DE CERVANTES	ILHA DO LEITE		""	COLISÃO	COLISAO ENTRE DOIS AUTOS S/V	2									0		""	""	""	""	""	""	""	""	""	""	""	""	""