_id	DATA	hora	natureza_acidente	situacao	bairro	endereco	numero	detalhe_endereco_acidente	complemento	endereco_cruzamento	numero_cruzamento	referencia_cruzamento	bairro_cruzamento	num_semaforo	sentido_via	tipo	descricao	auto	moto	ciclom	ciclista	pedestre	onibus	caminhao	viatura	outros	vitimas	vitimasfatais	acidente_verificado	tempo_clima	situacao_semaforo	sinalizacao	condicao_via	conservacao_via	ponto_controle	situacao_placa	velocidade_max_via	mao_direcao	divisao_via1	divisao_via2	divisao_via3
3741	2018-04-26T00:00:00	14:15:00	SEM VÍTIMA	FINALIZADA	BOA VIAGEM	RUA JOSE PARAISO	""	""	EM FRENTE AO COLEGIO ELO	RUA JOSE PARAISO	""	EM FRENTE AO COLEGIO ELO	BOA VIAGEM		""	COLISÃO	COLISÃO SEM VÍTIMA	1								1	0		""	""	""	""	""	""	""	""	""	""	""	""	""
3742	2018-04-26T00:00:00	14:37:00	SEM VÍTIMA	FINALIZADA	MADALENA	AV ENGENHEIRO ABDIAS DE CARVALHO	145	""	SEMAFORO 132	AV ENGENHEIRO ABDIAS DE CARVALHO	145	SEMAFORO 132	MADALENA		""	COLISÃO	AUTO E CAMINHAO S/V	1						1			0		""	""	""	""	""	""	""	""	""	""	""	""	""
3743	2018-04-26T00:00:00	16:19:00	COM VÍTIMA	FINALIZADA	CASA AMARELA	EST DO ARRAIAL	340	""	EM FRENTE A CLINICA SÃO FRANCISCO	EST DO ARRAIAL	340	EM FRENTE A CLINICA SÃO FRANCISCO	CASA AMARELA		""	COLISÃO COM CICLISTA	""	1			1						1		""	""	""	""	""	""	""	""	""	""	""	""	""
3744	2018-04-26T00:00:00	17:03:00	SEM VÍTIMA	FINALIZADA	VÁRZEA	AV AFONSO OLINDENSE	1753	""	EM FRENTE AENTRADA DO ESTACIONAMENTO DA SECRETARIA DE EDUCAÇÃO	AV AFONSO OLINDENSE	1753	EM FRENTE AENTRADA DO ESTACIONAMENTO DA SECRETARIA DE EDUCAÇÃO	VÁRZEA		""	COLISÃO	COLISÃO SEM VÍTIMA	1	1								0		""	""	""	""	""	""	""	""	""	""	""	""	""
3745	2018-04-26T00:00:00	17:11:00	SEM VÍTIMA	FINALIZADA	BAIRRO DO RECIFE	RUA MADRE DEUS	""	""	PROX. A PONTE GIRATORIA, E AO PAÇO ALFANDEGA, SENTIDO BOA VIAGEM	RUA MADRE DEUS	""	PROX. A PONTE GIRATORIA, E AO PAÇO ALFANDEGA, SENTIDO BOA VIAGEM	BAIRRO DO RECIFE		""	COLISÃO	AUTO E UM MICRO ONIBUS	1					1				0		""	""	""	""	""	""	""	""	""	""	""	""	""
3746	2018-04-26T00:00:00	17:42:00	SEM VÍTIMA	CANCELADA	SANTO AMARO	AV PREFEITO ARTUR LIMA CAVALCANTI	""	""	APOS A PONTE DE LIMOEIRO, SENTIDO OLINDA	AV PREFEITO ARTUR LIMA CAVALCANTI	""	APOS A PONTE DE LIMOEIRO, SENTIDO OLINDA	SANTO AMARO		""	COLISÃO	AUTO E VAN	2									0		""	""	""	""	""	""	""	""	""	""	""	""	""
3747	2018-04-26T00:00:00	18:38:00	COM VÍTIMA	FINALIZADA	CAXANGÁ	AV CAXANGA	""	""	ESTAÇÃO ZUMBI- SEMAFORO 274	AV CAXANGA	""	ESTAÇÃO ZUMBI- SEMAFORO 274	CAXANGÁ		""	ATROPELAMENTO	PEDESTRE A AUTO					1					1		""	""	""	""	""	""	""	""	""	""	""	""	""
3748	2018-04-26T00:00:00	18:42:00	COM VÍTIMA	FINALIZADA	MADALENA	RUA ARLINDO GOUVEIA	""	RUA ANTONIO CAMILO DIAS	CRUZAMENTO COM A RUA ANTONIO CAMILO DIAS	RUA ARLINDO GOUVEIA	""	CRUZAMENTO COM A RUA ANTONIO CAMILO DIAS	MADALENA		""	COLISÃO	COLISAO C/V	1	1								1		""	""	""	""	""	""	""	""	""	""	""	""	""
3749	2018-04-26T00:00:00	18:44:00	SEM VÍTIMA	CANCELADA	ESPINHEIRO	RUA DO ESPINHEIRO	""	RUA SANTO ELIAS	CRUZANDO COM A R SANTO ELIAS	RUA DO ESPINHEIRO	""	CRUZANDO COM A R SANTO ELIAS	ESPINHEIRO		""	COLISÃO	ENTRE AUTOS. S/V	2									0		""	""	""	""	""	""	""	""	""	""	""	""	""
3750	2018-04-26T00:00:00	18:50:00	SEM VÍTIMA	FINALIZADA	GRAÇAS	RUA JOAQUIM NABUCO	""	""	EF A BURGO MESTRE / QUATRO CANTOS	RUA JOAQUIM NABUCO	""	EF A BURGO MESTRE / QUATRO CANTOS	GRAÇAS		""	COLISÃO	""	2									0		""	""	""	""	""	""	""	""	""	""	""	""	""
3751	2018-04-26T00:00:00	19:04:00	COM VÍTIMA	FINALIZADA	CAMPO GRANDE	EST DE BELEM	""	""	PROX AO TERMINAL DE CAMPO GRANDE	EST DE BELEM	""	PROX AO TERMINAL DE CAMPO GRANDE	CAMPO GRANDE		""	COLISÃO	COLISAO C/V	1	1								1		""	""	""	""	""	""	""	""	""	""	""	""	""
3752	2018-04-26T00:00:00	19:17:00	SEM VÍTIMA	FINALIZADA	SÃO JOSÉ	AV SUL	""	""	E/F AO RESTAURANTE PORTELLA / SEMÁFORO 260	AV SUL	""	E/F AO RESTAURANTE PORTELLA / SEMÁFORO 260	SÃO JOSÉ		""	COLISÃO	ENTRE AUTO E MOTO. S/V	1	1								0		""	""	""	""	""	""	""	""	""	""	""	""	""
3753	2018-04-26T00:00:00	19:22:00	SEM VÍTIMA	FINALIZADA	DERBY	RUA JOAQUIM NABUCO	""	""	EF AO HOSPITAL DA RESTAURAÇÃO	RUA JOAQUIM NABUCO	""	EF AO HOSPITAL DA RESTAURAÇÃO	DERBY		""	COLISÃO	COLISAO S/V	1						1			0		""	""	""	""	""	""	""	""	""	""	""	""	""
3754	2018-04-26T00:00:00	19:33:00	SEM VÍTIMA	CANCELADA	BOA VIAGEM	RUA VISCONDE DE JEQUITINHONHA	""	""	NO ESTACIONAMENTO DO SHOPPING NA PRAÇA DE ALIMENTAÇÃO E10	RUA VISCONDE DE JEQUITINHONHA	""	NO ESTACIONAMENTO DO SHOPPING NA PRAÇA DE ALIMENTAÇÃO E10	BOA VIAGEM		""	COLISÃO	COLISAO S/V	2									0		""	""	""	""	""	""	""	""	""	""	""	""	""
3755	2018-04-26T00:00:00	21:13:00	COM VÍTIMA	FINALIZADA	BOA VIAGEM	RUA SA E SOUZA	""	RUA CONEGO ROMEU	EF AO RESTAURANTE LAÇABURGUER/ CRUZAMENTO COM A RUA CONEGO ROMEU	RUA SA E SOUZA	""	EF AO RESTAURANTE LAÇABURGUER/ CRUZAMENTO COM A RUA CONEGO ROMEU	BOA VIAGEM		""	COLISÃO	COLISAO C/V	1	1								1		""	""	""	""	""	""	""	""	""	""	""	""	""
3756	2018-04-26T00:00:00	22:36:00	SEM VÍTIMA	FINALIZADA	TORREÃO	AV NORTE	""	AV MARQUES DO PARANA	COM A RUA MARQUES DO PARANÁ SEMAFORO Nº 056	AV NORTE	""	COM A RUA MARQUES DO PARANÁ SEMAFORO Nº 056	TORREÃO		""	COLISÃO	COLISÃO DOIS AUTOS SEM VITIMAS	2									0		""	""	""	""	""	""	""	""	""	""	""	""	""
3757	2018-04-27T00:00:00	07:05:00	SEM VÍTIMA	FINALIZADA	BOA VISTA	AV LINS PETIT	""	""	EM FRENTE DO HOSPITAL UNIMED RECIFE	AV LINS PETIT	""	EM FRENTE DO HOSPITAL UNIMED RECIFE	BOA VISTA		""	COLISÃO	COL.S/V	2									0		""	""	""	""	""	""	""	""	""	""	""	""	""
3758	2018-04-27T00:00:00	07:49:00	SEM VÍTIMA	FINALIZADA	GRAÇAS	RUA DAS CREOULAS	""	""	NO SEMAFORO Nº102	RUA DAS CREOULAS	""	NO SEMAFORO Nº102	GRAÇAS		""	COLISÃO	COL.S/V	2									0		""	""	""	""	""	""	""	""	""	""	""	""	""
3759	2018-04-27T00:00:00	08:13:00	SEM VÍTIMA	FINALIZADA	PINA	AV BOA VIAGEM	296	""	EM FRENTE AO ESF MARIA VITORIA	AV BOA VIAGEM	296	EM FRENTE AO ESF MARIA VITORIA	PINA		""	COLISÃO	DOIS AUTOS	2									0		""	""	""	""	""	""	""	""	""	""	""	""	""
3760	2018-04-27T00:00:00	08:32:00	SEM VÍTIMA	FINALIZADA	SÃO JOSÉ	AV MARTINS DE BARROS	""	""	E/F A NAGEM	AV MARTINS DE BARROS	""	E/F A NAGEM	SÃO JOSÉ		""	COLISÃO	SEM VÍTIMAS. GM (PONTO FIXO) NO LOCAL	2									0		""	""	""	""	""	""	""	""	""	""	""	""	""
3761	2018-04-27T00:00:00	08:48:00	SEM VÍTIMA	FINALIZADA	AFOGADOS	RUA VINTE E UM DE ABRIL	541	""	EM FRENTE A ANTIGA DISBEL	RUA VINTE E UM DE ABRIL	541	EM FRENTE A ANTIGA DISBEL	AFOGADOS		""	COLISÃO	SEM VITIMAS.	1					1				0		""	""	""	""	""	""	""	""	""	""	""	""	""
3762	2018-04-27T00:00:00	08:56:00	SEM VÍTIMA	FINALIZADA	TEJIPIÓ	RUA APRIGIO GUIMARAES	186	RUA DO SANCHO	CRUZAMENTO COM A RUA DO SANCHO,HA 200 METROS DA IGREJA DO GALO (CATOLICA)	RUA APRIGIO GUIMARAES	186	CRUZAMENTO COM A RUA DO SANCHO,HA 200 METROS DA IGREJA DO GALO (CATOLICA)	TEJIPIÓ		""	COLISÃO	SEM VITIMAS.	2									0		""	""	""	""	""	""	""	""	""	""	""	""	""
3763	2018-04-27T00:00:00	08:59:00	SEM VÍTIMA	FINALIZADA	CAXANGÁ	RUA DOUTOR DUSTAN DE CARVALHO SOARES	138	""	RUA DO LAVA JATO PRIMO JATO	RUA DOUTOR DUSTAN DE CARVALHO SOARES	138	RUA DO LAVA JATO PRIMO JATO	CAXANGÁ		""	COLISÃO	CAMINHAO EAUTO	1						1			0		""	""	""	""	""	""	""	""	""	""	""	""	""
3764	2018-04-27T00:00:00	09:37:00	SEM VÍTIMA	CANCELADA	ILHA DO LEITE	RUA CAPITAO JOSE DA LUZ	87	""	POR TRÁS DO IMIP. E/F A OLANDA ADVOGADOS	RUA CAPITAO JOSE DA LUZ	87	POR TRÁS DO IMIP. E/F A OLANDA ADVOGADOS	ILHA DO LEITE		""	COLISÃO	SEM VÍTIMAS.	2									0		""	""	""	""	""	""	""	""	""	""	""	""	""
3765	2018-04-27T00:00:00	09:39:00	SEM VÍTIMA	FINALIZADA	ESPINHEIRO	RUA AMELIA	111	""	EM FRENTE AO ESPINHEIRO SHOPPING	RUA AMELIA	111	EM FRENTE AO ESPINHEIRO SHOPPING	ESPINHEIRO		""	COLISÃO	SEM VITIMAs	2									0		""	""	""	""	""	""	""	""	""	""	""	""	""
3766	2018-04-27T00:00:00	10:13:00	COM VÍTIMA	FINALIZADA	JAQUEIRA	RUA DEPUTADO PEDRO PIRES FERREIRA	""	""	E/F A GALERIA CRISTAL CENTER	RUA DEPUTADO PEDRO PIRES FERREIRA	""	E/F A GALERIA CRISTAL CENTER	JAQUEIRA		""	COLISÃO	COM UMA VÍTIMA. GM PONTO FIXO NO LOCAL.	1	1								1		""	""	""	""	""	""	""	""	""	""	""	""	""
3767	2018-04-27T00:00:00	10:27:00	COM VÍTIMA	FINALIZADA	DERBY	AV GOVERNADOR AGAMENON MAGALHAES	""	""	AO LADO MAC DONALDS ,SEMAFORO 075,SENT OLINDA	AV GOVERNADOR AGAMENON MAGALHAES	""	AO LADO MAC DONALDS ,SEMAFORO 075,SENT OLINDA	DERBY		""	COLISÃO	COM UMA VITIMA ,AGUARDANDO SAMU	1	1								1		""	""	""	""	""	""	""	""	""	""	""	""	""
3768	2018-04-27T00:00:00	10:48:00	SEM VÍTIMA	FINALIZADA	CASA AMARELA	RUA XAVANTES	150	""	E/F A CLÍNICA OFTALMOLÓGICA	RUA XAVANTES	150	E/F A CLÍNICA OFTALMOLÓGICA	CASA AMARELA		""	COLISÃO	SEM VÍTIMAS										0		""	""	""	""	""	""	""	""	""	""	""	""	""
3769	2018-04-27T00:00:00	11:09:00	SEM VÍTIMA	FINALIZADA	MADALENA	RUA PESSOA DE MELO	""	""	EM FRENTE AO CAFE SAO BRAZ	RUA PESSOA DE MELO	""	EM FRENTE AO CAFE SAO BRAZ	MADALENA		""	COLISÃO	DOIS AUTOS	2									0		""	""	""	""	""	""	""	""	""	""	""	""	""
3770	2018-04-27T00:00:00	11:13:00	SEM VÍTIMA	FINALIZADA	GRAÇAS	RUA DAS CREOULAS	322	RUA JOAQUIM NABUCO	CRUZAMENTO COM RUA JOAQUIM NABUCO,PANIFICADORA DELICATESSEN GRAÇAS	RUA DAS CREOULAS	322	CRUZAMENTO COM RUA JOAQUIM NABUCO,PANIFICADORA DELICATESSEN GRAÇAS	GRAÇAS		""	COLISÃO	SEM VITIMAS, MOTO AZUL, KIA PRETO	1	1								0		""	""	""	""	""	""	""	""	""	""	""	""	""
3771	2018-04-27T00:00:00	11:28:00	SEM VÍTIMA	FINALIZADA	CIDADE UNIVERSITÁRIA	RUA PROFESSOR CHAVES BATISTA	112	""	EM FRENTE AO EDF/MARIA DANIELA	RUA PROFESSOR CHAVES BATISTA	112	EM FRENTE AO EDF/MARIA DANIELA	CIDADE UNIVERSITÁRIA		""	COLISÃO	COL.S/V,SET.CAXANGA	1						1			0		""	""	""	""	""	""	""	""	""	""	""	""	""
3772	2018-04-27T00:00:00	12:22:00	SEM VÍTIMA	FINALIZADA	BOA VIAGEM	RUA CARLOS PEREIRA FALCAO	1351	""	PROX. AO POSTO BR, SENTIDO PRAIA	RUA CARLOS PEREIRA FALCAO	1351	PROX. AO POSTO BR, SENTIDO PRAIA	BOA VIAGEM		""	COLISÃO	DOIS AUTOS	2									0		""	""	""	""	""	""	""	""	""	""	""	""	""
3773	2018-04-27T00:00:00	12:46:00	COM VÍTIMA	FINALIZADA	AFOGADOS	RUA AUGUSTO CALHEIROS	""	""	EM FRENTE A FLAVIO MOTOS	RUA AUGUSTO CALHEIROS	""	EM FRENTE A FLAVIO MOTOS	AFOGADOS		""	COLISÃO	COLISÃO COM VÍTIMA/ VT 32 NO LOCAL		1							1	1		""	""	""	""	""	""	""	""	""	""	""	""	""
3774	2018-04-27T00:00:00	12:49:00	SEM VÍTIMA	FINALIZADA	BOA VISTA	RUA JOSE DE ALENCAR	""	RUA BARÃO DE SÃO BORJA	CRUZAMENTO COM RUA BARAO DE SAO BORJA	RUA JOSE DE ALENCAR	""	CRUZAMENTO COM RUA BARAO DE SAO BORJA	BOA VISTA		""	COLISÃO	DOIS AUTOS	2									0		""	""	""	""	""	""	""	""	""	""	""	""	""
3775	2018-04-27T00:00:00	12:56:00	SEM VÍTIMA	FINALIZADA	PARNAMIRIM	RUA SEBASTIAO ALVES	""	EST ARRAIAL	ESQUINA COM EST DO ARRAIAL, SEMAFORO 421	RUA SEBASTIAO ALVES	""	ESQUINA COM EST DO ARRAIAL, SEMAFORO 421	PARNAMIRIM		""	COLISÃO	DOIS AUTOS, UMA DAS CONDUTORAS APRESENTA SINAIS DE EMBRIAGUES	2									0		""	""	""	""	""	""	""	""	""	""	""	""	""
3776	2018-04-27T00:00:00	12:58:00	""	CANCELADA	BOA VISTA	RUA JOSE DE ALENCAR	""	""	COM RUA BARAO DE SAO BORJA E/F AO RESTAURANTE DONA LILI	RUA JOSE DE ALENCAR	""	COM RUA BARAO DE SAO BORJA E/F AO RESTAURANTE DONA LILI	BOA VISTA		""	COLISÃO	COLISAO ENTRE DOIS AUTOS S/V	2									0		""	""	""	""	""	""	""	""	""	""	""	""	""
3777	2018-04-27T00:00:00	13:25:00	SEM VÍTIMA	FINALIZADA	IPUTINGA	RUA MINISTRO JOAO ALBERTO	20	""	EM FRENTE A DELICATESSEN SANTA HELENA	RUA MINISTRO JOAO ALBERTO	20	EM FRENTE A DELICATESSEN SANTA HELENA	IPUTINGA		""	COLISÃO	COLISÃO SEM VÍTIMA	1								1	0		""	""	""	""	""	""	""	""	""	""	""	""	""
3778	2018-04-27T00:00:00	13:28:00	SEM VÍTIMA	FINALIZADA	TORRE	RUA REAL DA TORRE	""	""	NA PRAÇA DA TORRE E/F A IGREJA DA TORRE	RUA REAL DA TORRE	""	NA PRAÇA DA TORRE E/F A IGREJA DA TORRE	TORRE		""	COLISÃO	COLISAO ENTRE AUTO E ONIBUS	1						1			0		""	""	""	""	""	""	""	""	""	""	""	""	""
3779	2018-04-27T00:00:00	13:58:00	COM VÍTIMA	CANCELADA	BOA VISTA	RUA GERVASIO PIRES	""	""	E/F AO HOTEL CENTRAL	RUA GERVASIO PIRES	""	E/F AO HOTEL CENTRAL	BOA VISTA		""	COLISÃO	COLISAO ENTRE AUTO E MOTO COM UMA VITIMA	1	1								1		""	""	""	""	""	""	""	""	""	""	""	""	""
3780	2018-04-27T00:00:00	14:10:00	SEM VÍTIMA	FINALIZADA	PINA	RUA SANTOS LEITE	88	""	PROX. AO RESTAURANTE CASA DA PICANHA	RUA SANTOS LEITE	88	PROX. AO RESTAURANTE CASA DA PICANHA	PINA		""	COLISÃO	AUTO E CAMINHAO	1						1			0		""	""	""	""	""	""	""	""	""	""	""	""	""
3781	2018-04-27T00:00:00	14:17:00	SEM VÍTIMA	FINALIZADA	ENCRUZILHADA	RUA OLIMPIO DE ARROUXELAS GALVAO	35	""	E/F AO COMERCIO DA ENCRUZILHADA	RUA OLIMPIO DE ARROUXELAS GALVAO	35	E/F AO COMERCIO DA ENCRUZILHADA	ENCRUZILHADA		""	COLISÃO	COLISAO ENTRE DOIS AUTOS S/V	2									0		""	""	""	""	""	""	""	""	""	""	""	""	""
3782	2018-04-27T00:00:00	15:05:00	SEM VÍTIMA	FINALIZADA	BOA VIAGEM	RUA DOS NAVEGANTES	401	""	PROX AO AO CANARIU´S PALACE HOTEL	RUA DOS NAVEGANTES	401	PROX AO AO CANARIU´S PALACE HOTEL	BOA VIAGEM		""	COLISÃO	COLISAO ENTRE DOIS AUTYOS S/V	2									0		""	""	""	""	""	""	""	""	""	""	""	""	""
3783	2018-04-27T00:00:00	15:53:00	SEM VÍTIMA	FINALIZADA	IMBIRIBEIRA	AV MARECHAL MASCARENHAS DE MORAES	""	""	EM FRENTE AO ATACADO DOS PRESENTES/ SENTIDO CENTRO	AV MARECHAL MASCARENHAS DE MORAES	""	EM FRENTE AO ATACADO DOS PRESENTES/ SENTIDO CENTRO	IMBIRIBEIRA		""	COLISÃO	COLISÃO SEM VÍTIMA	1					1				0		""	""	""	""	""	""	""	""	""	""	""	""	""
3784	2018-04-27T00:00:00	16:33:00	SEM VÍTIMA	FINALIZADA	SANTO AMARO	AV MARIO MELO	S/N	""	AO LADO DO COLEGIO IEP SYLVIO RABELLO	AV MARIO MELO	S/N	AO LADO DO COLEGIO IEP SYLVIO RABELLO	SANTO AMARO		""	COLISÃO	COLISAO ENTRE ONIBUS E CARRO DE FUNERARIA	1					1				0		""	""	""	""	""	""	""	""	""	""	""	""	""
3785	2018-04-27T00:00:00	16:59:00	SEM VÍTIMA	FINALIZADA	CABANGA	PTE GOVERNADOR PAULO GUERRA	""	""	EM FRENTE AO CABANGA SENTIDO CIDADE	PTE GOVERNADOR PAULO GUERRA	""	EM FRENTE AO CABANGA SENTIDO CIDADE	CABANGA		""	COLISÃO	AUTO E ONIBUS 	1					1				0		""	""	""	""	""	""	""	""	""	""	""	""	""
3786	2018-04-27T00:00:00	18:27:00	SEM VÍTIMA	FINALIZADA	TORRE	RUA JOAO TUDE DE MELO	""	""	E/F AO POSTO PETRO MEGA/IPIRANGA. AO LADO DO GUIAMUM GIGANTE	RUA JOAO TUDE DE MELO	""	E/F AO POSTO PETRO MEGA/IPIRANGA. AO LADO DO GUIAMUM GIGANTE	TORRE		""	COLISÃO	ENTRE 2 AUTOS. S/V	2									0		""	""	""	""	""	""	""	""	""	""	""	""	""
3787	2018-04-27T00:00:00	18:52:00	COM VÍTIMA	FINALIZADA	AREIAS	AV RECIFE	""	""	E/F A PERNAMBUCO PISCINAS E A PONTE, SNT BR	AV RECIFE	""	E/F A PERNAMBUCO PISCINAS E A PONTE, SNT BR	AREIAS		""	COLISÃO	ENTRE 2 MOTOS. C/V		2								1		""	""	""	""	""	""	""	""	""	""	""	""	""
3788	2018-04-27T00:00:00	19:28:00	SEM VÍTIMA	FINALIZADA	JAQUEIRA	RUA LEONARDO BEZERRA CAVALCANTE	11	""	PRÓX AO HOSPITAL BARÃO MARIA LUCINDA E SHOPPING PLAZA	RUA LEONARDO BEZERRA CAVALCANTE	11	PRÓX AO HOSPITAL BARÃO MARIA LUCINDA E SHOPPING PLAZA	JAQUEIRA		""	COLISÃO	ENTRE 2 AUTOS. S/V	1						1			0		""	""	""	""	""	""	""	""	""	""	""	""	""
3789	2018-04-27T00:00:00	19:34:00	SEM VÍTIMA	FINALIZADA	ZUMBI	RUA GOMES TABORDA	""	RUA FREI TEOFILO DE VIOLETTA	CRUZANDO COM A R FREI TEOFILO DE VIOLETTA / AO LADO DA PIZZARIA MAKY	RUA GOMES TABORDA	""	CRUZANDO COM A R FREI TEOFILO DE VIOLETTA / AO LADO DA PIZZARIA MAKY	ZUMBI		""	COLISÃO	ENTRE AUTO E MOTO. S/V	1	1								0		""	""	""	""	""	""	""	""	""	""	""	""	""
3790	2018-04-27T00:00:00	19:46:00	SEM VÍTIMA	CANCELADA	IBURA	AV DOIS RIOS	""	""	SNT JORDÃO(IBURA DE CIMA) / E/F A IGREJA BATISTA VALE DOIS RIOS. SEMÁFORO 594	AV DOIS RIOS	""	SNT JORDÃO(IBURA DE CIMA) / E/F A IGREJA BATISTA VALE DOIS RIOS. SEMÁFORO 594	IBURA		""	COLISÃO	ENTRE 2 AUTOS. S/V	2									0		""	""	""	""	""	""	""	""	""	""	""	""	""
3791	2018-04-27T00:00:00	20:30:00	COM VÍTIMA	FINALIZADA	BAIRRO DO RECIFE	CAIS DO APOLO	321	""	E/F A POLICIA FEDERAL - SRP	CAIS DO APOLO	321	E/F A POLICIA FEDERAL - SRP	BAIRRO DO RECIFE		""	COLISÃO	ENTRE AUTO E MOTO. C/V	1	1								1		""	""	""	""	""	""	""	""	""	""	""	""	""
3792	2018-04-27T00:00:00	20:34:00	SEM VÍTIMA	FINALIZADA	SANTO AMARO	RUA DA UNIAO	""	RUA MAMEDE DE SIMOES	PRÓX AO ANEXO 1 E AO PARQUE 13 DE MAIO / CRUZ COM A MAMEDE DE SIMÕES	RUA DA UNIAO	""	PRÓX AO ANEXO 1 E AO PARQUE 13 DE MAIO / CRUZ COM A MAMEDE DE SIMÕES	SANTO AMARO		""	COLISÃO	ENTRE 2 AUTOS. S/V	2									0		""	""	""	""	""	""	""	""	""	""	""	""	""
3793	2018-04-27T00:00:00	20:53:00	SEM VÍTIMA	CANCELADA	BOA VIAGEM	RUA VISCONDE DE JEQUITINHONHA	""	RUA ERNESTO DE PAULA SANTOS	NA SUBIDA PARA O SHOPPING RECIFE / DE ESQUINA COM A R ERNESTO DE PAULA SANTOS	RUA VISCONDE DE JEQUITINHONHA	""	NA SUBIDA PARA O SHOPPING RECIFE / DE ESQUINA COM A R ERNESTO DE PAULA SANTOS	BOA VIAGEM		""	COLISÃO	ENTRE AUTO E CAMINHÃO DO LIXO. S/V	1						1			0		""	""	""	""	""	""	""	""	""	""	""	""	""
3794	2018-04-28T00:00:00	01:16:00	SEM VÍTIMA	FINALIZADA	BOA VIAGEM	RUA ERNESTO DE PAULA SANTOS	""	""	EM FRENTE A CASA DE SHOW VILLA ARENA	RUA ERNESTO DE PAULA SANTOS	""	EM FRENTE A CASA DE SHOW VILLA ARENA	BOA VIAGEM		""	COLISÃO	COLISÃO ENTRE DOIS AUTOS S/V	2									0		""	""	""	""	""	""	""	""	""	""	""	""	""
3795	2018-04-28T00:00:00	04:08:00	COM VÍTIMA	FINALIZADA	ARRUDA	AV BEBERIBE	""	AV PROF JOSE DOS ANJOS	CRUZAMENTO COM AV PROF JOSÉ DOS ANJOS	AV BEBERIBE	""	CRUZAMENTO COM AV PROF JOSÉ DOS ANJOS	ARRUDA		""	COLISÃO	""	2									1		""	""	""	""	""	""	""	""	""	""	""	""	""
3796	2018-04-28T00:00:00	05:55:00	SEM VÍTIMA	FINALIZADA	BOA VISTA	AV MANOEL BORBA	465	""	EM FRENTE A BARRACA DO GALEGO, EM FRENTE A BANCA DA BOA VISTA, APOS O POSTO BR, PROX DO SACOLÃO JL	AV MANOEL BORBA	465	EM FRENTE A BARRACA DO GALEGO, EM FRENTE A BANCA DA BOA VISTA, APOS O POSTO BR, PROX DO SACOLÃO JL	BOA VISTA		""	COLISÃO	COLISÃO ENTRE DOIS AUTOS S/V	2									0		""	""	""	""	""	""	""	""	""	""	""	""	""
3797	2018-04-28T00:00:00	06:42:00	SEM VÍTIMA	FINALIZADA	MADALENA	RUA BENFICA	""	""	DEPOIS DO INTERNACIONAL SENTIDO CENTRO	RUA BENFICA	""	DEPOIS DO INTERNACIONAL SENTIDO CENTRO	MADALENA		""	CHOQUE	CHOQUE ENTRE AUTO E POSTE	1									0		""	""	""	""	""	""	""	""	""	""	""	""	""
3798	2018-04-28T00:00:00	07:58:00	SEM VÍTIMA	FINALIZADA	CASA AMARELA	RUA DA HARMONIA	785	""	E/F AO SALÃO DE BELEZA HANDS	RUA DA HARMONIA	785	E/F AO SALÃO DE BELEZA HANDS	CASA AMARELA		""	COLISÃO	SEM VÍTIMAS	3									0		""	""	""	""	""	""	""	""	""	""	""	""	""
3799	2018-04-28T00:00:00	10:15:00	SEM VÍTIMA	FINALIZADA	MADALENA	AV JOSE GONCALVES DE MEDEIROS	997	""	EM FRENTE A OFICINA MAX TROCA,SENT/RUA BENFICA	AV JOSE GONCALVES DE MEDEIROS	997	EM FRENTE A OFICINA MAX TROCA,SENT/RUA BENFICA	MADALENA		""	COLISÃO	SEM VITIMAS	2									0		""	""	""	""	""	""	""	""	""	""	""	""	""
3800	2018-04-28T00:00:00	10:16:00	COM VÍTIMA	FINALIZADA	AFOGADOS	EST DOS REMEDIOS	29	RUA SÃO MIGUEL	CRUZ COM A RUA SÃO MIGUEL EM FRENTE A LOJA NARCISO MAIA	EST DOS REMEDIOS	29	CRUZ COM A RUA SÃO MIGUEL EM FRENTE A LOJA NARCISO MAIA	AFOGADOS		""	ATROPELAMENTO	VITIMA A ESPERA DO SAMU		1			1					1		""	""	""	""	""	""	""	""	""	""	""	""	""
3801	2018-04-28T00:00:00	11:16:00	SEM VÍTIMA	FINALIZADA	SÃO JOSÉ	RUA IMPERIAL	""	TRV RAPOSO	COM A TRAFESSA DO RAPOUSO	RUA IMPERIAL	""	COM A TRAFESSA DO RAPOUSO	SÃO JOSÉ		""	COLISÃO	MOTO E AUTO	1	1								0		""	""	""	""	""	""	""	""	""	""	""	""	""
3802	2018-04-28T00:00:00	11:21:00	SEM VÍTIMA	FINALIZADA	GRAÇAS	RUA JOAQUIM NABUCO	554	""	EM FRENTE A FACULDADE MAURICIO DE NASSAU	RUA JOAQUIM NABUCO	554	EM FRENTE A FACULDADE MAURICIO DE NASSAU	GRAÇAS		""	COLISÃO	COLISÃO SEM VITIMAS	2									0		""	""	""	""	""	""	""	""	""	""	""	""	""
3803	2018-04-28T00:00:00	11:41:00	SEM VÍTIMA	FINALIZADA	CIDADE UNIVERSITÁRIA	RUA MARECHAL MANOEL LUIS OSORIO	351	""	E/F A SINHÁ BOLO, SENTIDO CAXANGÁ.	RUA MARECHAL MANOEL LUIS OSORIO	351	E/F A SINHÁ BOLO, SENTIDO CAXANGÁ.	CIDADE UNIVERSITÁRIA		""	COLISÃO	SEM VÍTIMAS.	1					1				0		""	""	""	""	""	""	""	""	""	""	""	""	""
3804	2018-04-28T00:00:00	12:25:00	SEM VÍTIMA	FINALIZADA	PARNAMIRIM	RUA JOAO TUDE DE MELO	""	""	EM FRENTE AO SHOPPING PARNAMIRIM, SENT. JAQUEIRA	RUA JOAO TUDE DE MELO	""	EM FRENTE AO SHOPPING PARNAMIRIM, SENT. JAQUEIRA	PARNAMIRIM		""	COLISÃO	DOIS AUTOS	2									0		""	""	""	""	""	""	""	""	""	""	""	""	""