_id	DATA	hora	natureza_acidente	situacao	bairro	endereco	numero	detalhe_endereco_acidente	complemento	endereco_cruzamento	numero_cruzamento	referencia_cruzamento	bairro_cruzamento	num_semaforo	sentido_via	tipo	descricao	auto	moto	ciclom	ciclista	pedestre	onibus	caminhao	viatura	outros	vitimas	vitimasfatais	acidente_verificado	tempo_clima	situacao_semaforo	sinalizacao	condicao_via	conservacao_via	ponto_controle	situacao_placa	velocidade_max_via	mao_direcao	divisao_via1	divisao_via2	divisao_via3
3805	2018-04-28T00:00:00	12:33:00	SEM VÍTIMA	FINALIZADA	IMBIRIBEIRA	AV MARECHAL MASCARENHAS DE MORAES	""	""	EM FRENTE AO ATACADO DOS PRESENTES	AV MARECHAL MASCARENHAS DE MORAES	""	EM FRENTE AO ATACADO DOS PRESENTES	IMBIRIBEIRA		""	COLISÃO	CAMINHÃO E AUTO	1						1			0		""	""	""	""	""	""	""	""	""	""	""	""	""
3806	2018-04-28T00:00:00	12:38:00	SEM VÍTIMA	FINALIZADA	MADALENA	AV ENGENHEIRO ABDIAS DE CARVALHO	1745	""	NO SEMAFORO 328, EM FRENTE A FACULDADE ESTACIO	AV ENGENHEIRO ABDIAS DE CARVALHO	1745	NO SEMAFORO 328, EM FRENTE A FACULDADE ESTACIO	MADALENA		""	COLISÃO	DOIS AUTOS	2									0		""	""	""	""	""	""	""	""	""	""	""	""	""
3807	2018-04-28T00:00:00	18:43:00	COM VÍTIMA	EM ABERTO	IPSEP	AV DA COSTA E SILVA	""	""	CRUZANDO A R RAIMUNDO DINIZ / E/F A DELTA ALTO PEÇA	AV DA COSTA E SILVA	""	CRUZANDO A R RAIMUNDO DINIZ / E/F A DELTA ALTO PEÇA	IPSEP		""	COLISÃO	ENTRE AUTO E MOTO. C/V	1	1								1		""	""	""	""	""	""	""	""	""	""	""	""	""
3808	2018-04-28T00:00:00	18:46:00	COM VÍTIMA	FINALIZADA	BOA VISTA	RUA DO HOSPICIO	""	""	E/F AO 13 DE MAIO	RUA DO HOSPICIO	""	E/F AO 13 DE MAIO	BOA VISTA		""	COLISÃO	ENTRE AUTO E MOTO	1	1								1		""	""	""	""	""	""	""	""	""	""	""	""	""
3809	2018-04-28T00:00:00	19:03:00	SEM VÍTIMA	FINALIZADA	BOA VIAGEM	RUA ERNESTO DE PAULA SANTOS	465	""	POSTO BR (DENTRO DO POSTO) APOIS O VIADUTO TRANQUEDO NEVES DO LADO DIREITO	RUA ERNESTO DE PAULA SANTOS	465	POSTO BR (DENTRO DO POSTO) APOIS O VIADUTO TRANQUEDO NEVES DO LADO DIREITO	BOA VIAGEM		""	COLISÃO	FOX E HB 20 OBS: SUSPEITA DE EMBRIAGUEZ	2									0		""	""	""	""	""	""	""	""	""	""	""	""	""
3810	2018-04-28T00:00:00	19:32:00	SEM VÍTIMA	FINALIZADA	BOA VIAGEM	AVENIDA CELSO FURTADO (VIA MANGUE)	""	""	SNT PIEDADE, APÓS A SAÍDA DO SHOPPING RECIFE / PROX AO HIPERBOMPREÇO	AVENIDA CELSO FURTADO (VIA MANGUE)	""	SNT PIEDADE, APÓS A SAÍDA DO SHOPPING RECIFE / PROX AO HIPERBOMPREÇO	BOA VIAGEM		""	COLISÃO	ENTRE 2 AUTOS. S/V	2									0		""	""	""	""	""	""	""	""	""	""	""	""	""
3811	2018-04-28T00:00:00	20:21:00	SEM VÍTIMA	FINALIZADA	BOA VIAGEM	RUA DONA MAGINA PONTUAL	48	""	E/F AO AÇAI / PROX AO RESTAURANTE PONTEIO	RUA DONA MAGINA PONTUAL	48	E/F AO AÇAI / PROX AO RESTAURANTE PONTEIO	BOA VIAGEM		""	COLISÃO	ENTRE 2 AUTOS. S/V	2									0		""	""	""	""	""	""	""	""	""	""	""	""	""
3812	2018-04-28T00:00:00	21:42:00	SEM VÍTIMA	FINALIZADA	DERBY	RUA DOM BOSCO	""	""	ENCIMA DA PONTE DOM BOSCO ENF A RESTAURAÇAO	RUA DOM BOSCO	""	ENCIMA DA PONTE DOM BOSCO ENF A RESTAURAÇAO	DERBY		""	COLISÃO	DOIS AUTO	2									0		""	""	""	""	""	""	""	""	""	""	""	""	""
3813	2018-04-28T00:00:00	21:49:00	SEM VÍTIMA	CANCELADA	APIPUCOS	RUA DE APIPUCOS	50	""	APÓS O LAGO E E/F AO EDF ALAMEDA IMPERIAL	RUA DE APIPUCOS	50	APÓS O LAGO E E/F AO EDF ALAMEDA IMPERIAL	APIPUCOS		""	COLISÃO	ENTRE 2 AUTOS. S-V	2									0		""	""	""	""	""	""	""	""	""	""	""	""	""
3814	2018-04-29T00:00:00	05:50:00	COM VÍTIMA	FINALIZADA	COHAB	LAD DA COHAB	""	AV DOIS RIOS	CRUZAMENTO COM AV DOIS RIOS // PRÓX A POLICLÍNICA DO IBURA	LAD DA COHAB	""	CRUZAMENTO COM AV DOIS RIOS // PRÓX A POLICLÍNICA DO IBURA	COHAB		""	COLISÃO	COLISÃO ENTRE AUTO E MOTO C/V	1	1								1		""	""	""	""	""	""	""	""	""	""	""	""	""
3815	2018-04-29T00:00:00	07:30:00	SEM VÍTIMA	FINALIZADA	SANTO AMARO	RUA DOM MANOEL PEREIRA	157	""	EM FRENTE DO RESTAURANTE MAR E BRASA	RUA DOM MANOEL PEREIRA	157	EM FRENTE DO RESTAURANTE MAR E BRASA	SANTO AMARO		""	COLISÃO	COL.S.V	1	1								0		""	""	""	""	""	""	""	""	""	""	""	""	""
3816	2018-04-29T00:00:00	07:51:00	SEM VÍTIMA	FINALIZADA	PINA	AV HERCULANO BANDEIRA	749	""	EM FRENTE A CAIXA ECONOMICA	AV HERCULANO BANDEIRA	749	EM FRENTE A CAIXA ECONOMICA	PINA		""	COLISÃO	SEM VITIMAS	2									0		""	""	""	""	""	""	""	""	""	""	""	""	""
3817	2018-04-29T00:00:00	08:35:00	SEM VÍTIMA	FINALIZADA	IPUTINGA	AV CAXANGA	4038	""	EM FRENTE DA SUPRAMOR	AV CAXANGA	4038	EM FRENTE DA SUPRAMOR	IPUTINGA		""	COLISÃO	COL.SET .SUB , GM JÁ NO LOCAL	1					1				0		""	""	""	""	""	""	""	""	""	""	""	""	""
3818	2018-04-29T00:00:00	09:31:00	SEM VÍTIMA	FINALIZADA	ESPINHEIRO	AV CONS ROSA E SILVA	197	""	EDF. VILA CRISTINA	AV CONS ROSA E SILVA	197	EDF. VILA CRISTINA	ESPINHEIRO		""	CHOQUE	VEÍCULO CHOCOU-SE CONTRA O GRADIL DO EDF. SEM VÍTIMAS										0		""	""	""	""	""	""	""	""	""	""	""	""	""
3819	2018-04-29T00:00:00	09:41:00	SEM VÍTIMA	FINALIZADA	BOA VIAGEM	AV ENGENHEIRO DOMINGOS FERREIRA	3380	""	EM FRENTE A LOJA FAVORITA	AV ENGENHEIRO DOMINGOS FERREIRA	3380	EM FRENTE A LOJA FAVORITA	BOA VIAGEM		""	COLISÃO	SEM VITIMAS	2									0		""	""	""	""	""	""	""	""	""	""	""	""	""
3820	2018-04-29T00:00:00	09:43:00	SEM VÍTIMA	FINALIZADA	CORDEIRO	AV CAXANGA	""	""	AO LADO DO PARQUE DE EXPOSIÇAO	AV CAXANGA	""	AO LADO DO PARQUE DE EXPOSIÇAO	CORDEIRO		""	COLISÃO	TRES AUTOS / VT 20 NO QTH	3									0		""	""	""	""	""	""	""	""	""	""	""	""	""
3821	2018-04-29T00:00:00	10:52:00	SEM VÍTIMA	FINALIZADA	CORDEIRO	AV CAXANGA	""	""	EM FRENTE A EXPOSIÇÃO DE ANIMAIS	AV CAXANGA	""	EM FRENTE A EXPOSIÇÃO DE ANIMAIS	CORDEIRO		""	COLISÃO	""	1	1								0		""	""	""	""	""	""	""	""	""	""	""	""	""
3822	2018-04-29T00:00:00	11:10:00	SEM VÍTIMA	FINALIZADA	ARRUDA	RUA DAS MOCAS	950	""	POR TRÁS DO CAMPO DO SANTA CRUZ	RUA DAS MOCAS	950	POR TRÁS DO CAMPO DO SANTA CRUZ	ARRUDA		""	COLISÃO	SEM VITIMAS	2									0		""	""	""	""	""	""	""	""	""	""	""	""	""
3823	2018-04-29T00:00:00	12:31:00	SEM VÍTIMA	CANCELADA	SANTO AMARO	AV VISCONDE DE SUASSUNA	634	""	EM FRENTE A EDITORA SCIPIONE	AV VISCONDE DE SUASSUNA	634	EM FRENTE A EDITORA SCIPIONE	SANTO AMARO		""	COLISÃO	COLISÃO SEM VÍTIMA	2									0		""	""	""	""	""	""	""	""	""	""	""	""	""
3824	2018-04-29T00:00:00	12:40:00	SEM VÍTIMA	FINALIZADA	PINA	RUA JOSE PAES DE BARROS	""	""	EM FRENTE A IGREJA DO CAPUCHINHO	RUA JOSE PAES DE BARROS	""	EM FRENTE A IGREJA DO CAPUCHINHO	PINA		""	COLISÃO	COLISÃO SEM VITIMAS	1					1				0		""	""	""	""	""	""	""	""	""	""	""	""	""
3825	2018-04-29T00:00:00	15:52:00	SEM VÍTIMA	FINALIZADA	SANTO AMARO	AV CRUZ CABUGA	""	""	NA FRENTE DO MERCADP DE SANTO AMARO	AV CRUZ CABUGA	""	NA FRENTE DO MERCADP DE SANTO AMARO	SANTO AMARO		""	COLISÃO	COLISÃO SEM VITIMAS	1					1				0		""	""	""	""	""	""	""	""	""	""	""	""	""
3826	2018-04-29T00:00:00	17:21:00	COM VÍTIMA	FINALIZADA	ÁGUA FRIA	RUA JOAO UZEDA LUNA	""	""	UMA RUA ANTES DO SEMÁFORO Nº 405, ANTES DO MERCADO PÚBLICO DE ÁGUA FRIA.	RUA JOAO UZEDA LUNA	""	JUNTO A DELEGACIA DE RODA D FOGO	ÁGUA FRIA		""	COLISÃO	COLISÃO COM VITIMA ENVOLVENDO DUAS MOTOS E UM AUTO	1	2								1		""	""	""	""	""	""	""	""	""	""	""	""	""
3827	2018-04-29T00:00:00	18:37:00	SEM VÍTIMA	FINALIZADA	NOVA DESCOBERTA	ALT DO OLHO D'AGUA	""	""	E/F A IGREJA CATÓLICA DE OLHO D ÁGUA	ALT DO OLHO D'AGUA	""	E/F A IGREJA CATÓLICA DE OLHO D ÁGUA	NOVA DESCOBERTA		""	COLISÃO	ENTRE AUTO E ÕNIBUS. S/V	1					1				0		""	""	""	""	""	""	""	""	""	""	""	""	""
3828	2018-04-29T00:00:00	19:28:00	SEM VÍTIMA	FINALIZADA	JARDIM SÃO PAULO	RUA LEANDRO BARRETO	1025	RUA LORENA	COM A RUA LORENA, PROX. A ACADEMIA WM	RUA LEANDRO BARRETO	1025	COM A RUA LORENA, PROX. A ACADEMIA WM	JARDIM SÃO PAULO		""	COLISÃO	DOIS AUTOS	2									0		""	""	""	""	""	""	""	""	""	""	""	""	""
3829	2018-04-29T00:00:00	19:32:00	SEM VÍTIMA	FINALIZADA	JARDIM SÃO PAULO	RUA MAJOR FELICIO	51	""	NA RUA DO SHOPPING JARDIM, PROX. A CASA DE SHOW GULA	RUA MAJOR FELICIO	51	NA RUA DO SHOPPING JARDIM, PROX. A CASA DE SHOW GULA	JARDIM SÃO PAULO		""	COLISÃO	DOIS AUTOS	2									0		""	""	""	""	""	""	""	""	""	""	""	""	""
3830	2018-04-29T00:00:00	20:12:00	SEM VÍTIMA	CANCELADA	CASA AMARELA	AV DR EURICO CHAVES	""	AV NORTE	E/F A CASA DA MÃE, PRÓX AO POSTO BR E MATERNIDADE / CRUZ COM A AV MIGUEL ARRAES DE ALENCAR	AV DR EURICO CHAVES	""	E/F A CASA DA MÃE, PRÓX AO POSTO BR E MATERNIDADE / CRUZ COM A AV MIGUEL ARRAES DE ALENCAR	CASA AMARELA		""	COLISÃO	ENTRE 2 AUTOS	2									0		""	""	""	""	""	""	""	""	""	""	""	""	""
3831	2018-04-29T00:00:00	21:13:00	SEM VÍTIMA	FINALIZADA	JORDÃO	RUA ALBERTO LUNDGREN	""	""	E/F A PRAÇA DE JORDÃO BAIXO	RUA ALBERTO LUNDGREN	""	E/F A PRAÇA DE JORDÃO BAIXO	JORDÃO		""	COLISÃO	ENTRE AUTO E MOTO. S/V	1	1								0		""	""	""	""	""	""	""	""	""	""	""	""	""
3832	2018-04-29T00:00:00	21:35:00	SEM VÍTIMA	FINALIZADA	ÁGUA FRIA	RUA DA REGENERACAO	541	""	EM FRENTE A LANCHONETE ESTACIONAMENTO BURGUER	RUA DA REGENERACAO	541	EM FRENTE A LANCHONETE ESTACIONAMENTO BURGUER	ÁGUA FRIA		""	COLISÃO	MOTO E AUTO	1	1								0		""	""	""	""	""	""	""	""	""	""	""	""	""
3833	2018-04-29T00:00:00	22:45:00	SEM VÍTIMA	FINALIZADA	IMBIRIBEIRA	RUA PROFESSORA ROSILDA COSTA	295	""	POR TRÁS DO GALPÃO DA SOUZA CRUZ	RUA PROFESSORA ROSILDA COSTA	295	POR TRÁS DO GALPÃO DA SOUZA CRUZ	IMBIRIBEIRA		""	COLISÃO	ENTRE 2 AUTOS. SV	2									0		""	""	""	""	""	""	""	""	""	""	""	""	""
3834	2018-04-30T00:00:00	00:02:00	SEM VÍTIMA	FINALIZADA	ÁGUA FRIA	EST VELHA DE AGUA FRIA	""	RUA SÃO BENTO	ESQUINA COM A RUA SÃO BENTO, EM FRENTE AO POSTO NORTE BRAZ	EST VELHA DE AGUA FRIA	""	ESQUINA COM A RUA SÃO BENTO, EM FRENTE AO POSTO NORTE BRAZ	ÁGUA FRIA		""	COLISÃO	COLISÃO ENTRE DOIS AUTOS S/V	2									0		""	""	""	""	""	""	""	""	""	""	""	""	""
3835	2018-04-30T00:00:00	07:46:00	SEM VÍTIMA	FINALIZADA	ILHA DO LEITE	AV GOVERNADOR AGAMENON MAGALHAES	""	""	SENTIDO SUBURBIO EM FRENTE AO EMPRESARIAL ISAAC NEWTON	AV GOVERNADOR AGAMENON MAGALHAES	""	SENTIDO SUBURBIO EM FRENTE AO EMPRESARIAL ISAAC NEWTON	ILHA DO LEITE		""	COLISÃO	COLISÃO SEM VITIMAS	2									0		""	""	""	""	""	""	""	""	""	""	""	""	""
3836	2018-04-30T00:00:00	07:51:00	SEM VÍTIMA	FINALIZADA	ENCRUZILHADA	RUA MARQUES DE PARANAGUA	382	""	RUA GUADALUPE	RUA MARQUES DE PARANAGUA	382	RUA GUADALUPE	ENCRUZILHADA		""	COLISÃO	MOTO E AUTO	1	1								0		""	""	""	""	""	""	""	""	""	""	""	""	""
3837	2018-04-30T00:00:00	07:56:00	COM VÍTIMA	FINALIZADA	BOA VIAGEM	AV CONSELHEIRO AGUIAR	4635	""	EM FRENTE DAFARMACIA PAGUE MENOS	AV CONSELHEIRO AGUIAR	4635	EM FRENTE DAFARMACIA PAGUE MENOS	BOA VIAGEM		""	COLISÃO	COL.C/V	1	1								1		""	""	""	""	""	""	""	""	""	""	""	""	""
3838	2018-04-30T00:00:00	08:17:00	SEM VÍTIMA	FINALIZADA	IPSEP	RUA SANTOS COSME E DAMIAO	431	""	ESQ DA FARMACIA EXTRA FARMA	RUA SANTOS COSME E DAMIAO	431	ESQ DA FARMACIA EXTRA FARMA	IPSEP		""	COLISÃO	MOTO E AUTO	1	1								0		""	""	""	""	""	""	""	""	""	""	""	""	""
3839	2018-04-30T00:00:00	09:12:00	SEM VÍTIMA	FINALIZADA	BOA VIAGEM	RUA BARAO DE SOUZA LEAO	""	""	EM FRENTE AO POSTO DE GASOLINA BR EM BAIXO DO SEMAFORO 129	RUA BARAO DE SOUZA LEAO	""	EM FRENTE AO POSTO DE GASOLINA BR EM BAIXO DO SEMAFORO 129	BOA VIAGEM		""	COLISÃO	COLISÃO SEM VITIMAS	2									0		""	""	""	""	""	""	""	""	""	""	""	""	""
3840	2018-04-30T00:00:00	09:20:00	COM VÍTIMA	FINALIZADA	JARDIM SÃO PAULO	RUA LEANDRO BARRETO	104	""	EM FRENTE AO CONDOMINIO TORRE DA LIBERDADE	RUA LEANDRO BARRETO	104	EM FRENTE AO CONDOMINIO TORRE DA LIBERDADE	JARDIM SÃO PAULO		""	COLISÃO	MOTO E AUTO	1	1								1		""	""	""	""	""	""	""	""	""	""	""	""	""
3841	2018-04-30T00:00:00	09:39:00	SEM VÍTIMA	FINALIZADA	SANTO AMARO	AV GOVERNADOR AGAMENON MAGALHAES	""	""	EMBAIXO DO VIADUTO DA AV NORTE SENT/ JOÃO DE BARROS	AV GOVERNADOR AGAMENON MAGALHAES	""	EMBAIXO DO VIADUTO DA AV NORTE SENT/ JOÃO DE BARROS	SANTO AMARO		""	COLISÃO	SEM VITIMAS	2									0		""	""	""	""	""	""	""	""	""	""	""	""	""
3842	2018-04-30T00:00:00	10:04:00	SEM VÍTIMA	FINALIZADA	BAIRRO DO RECIFE	RUA SAO JORGE	""	""	POR TRAS DA RECEITA FEDERAL	RUA SAO JORGE	""	POR TRAS DA RECEITA FEDERAL	BAIRRO DO RECIFE		""	COLISÃO	COL.S/V	1							1		0		""	""	""	""	""	""	""	""	""	""	""	""	""
3843	2018-04-30T00:00:00	10:26:00	SEM VÍTIMA	FINALIZADA	CASA FORTE	RUA LEONARDO BEZERRA CAVALCANTE	300	""	EM FRENTE AO EDF ESTAÇÃO JAQUEIRA	RUA LEONARDO BEZERRA CAVALCANTE	300	EM FRENTE AO EDF ESTAÇÃO JAQUEIRA	CASA FORTE		""	COLISÃO	SEM VITIMAS	2									0		""	""	""	""	""	""	""	""	""	""	""	""	""
3844	2018-04-30T00:00:00	11:19:00	SEM VÍTIMA	FINALIZADA	TAMARINEIRA	RUA ISAAC SALAZAR	""	""	EM FRENTE A ESCOLA PARNAMIRIM	RUA ISAAC SALAZAR	""	EM FRENTE A ESCOLA PARNAMIRIM	TAMARINEIRA		""	COLISÃO	COLISÃO SEM VITIMAS	2									0		""	""	""	""	""	""	""	""	""	""	""	""	""
3845	2018-04-30T00:00:00	12:01:00	SEM VÍTIMA	FINALIZADA	ÁGUA FRIA	EST VELHA DE AGUA FRIA	353	""	ESTA NO GIRADOURO, PIZZARIA DIANA, SENTIDO BOMBA DO HEMETERIO	EST VELHA DE AGUA FRIA	353	ESTA NO GIRADOURO, PIZZARIA DIANA, SENTIDO BOMBA DO HEMETERIO	ÁGUA FRIA		""	COLISÃO	COLISÃO SEM VÍTIMAS	1						1			0		""	""	""	""	""	""	""	""	""	""	""	""	""
3846	2018-04-30T00:00:00	12:31:00	SEM VÍTIMA	FINALIZADA	VÁRZEA	RUA VALE DO SIRIJI	""	""	""	RUA VALE DO SIRIJI	""	""	VÁRZEA		""	COLISÃO	COLISÃO ENTRE MICRO ONIBUS E VT CTTU	1					1				0		""	""	""	""	""	""	""	""	""	""	""	""	""
3847	2018-04-30T00:00:00	13:08:00	SEM VÍTIMA	FINALIZADA	MADALENA	AV JOSE GONCALVES DE MEDEIROS	107	""	PORTO SEGURO	AV JOSE GONCALVES DE MEDEIROS	107	PORTO SEGURO	MADALENA		""	COLISÃO	COLISÃO SEM VITIMAS	2									0		""	""	""	""	""	""	""	""	""	""	""	""	""
3848	2018-04-30T00:00:00	13:18:00	COM VÍTIMA	FINALIZADA	ESPINHEIRO	RUA DO ESPINHEIRO	478	""	GALERIA ESPINHEIRO , DENTRO DO POSTO IPIRANGA	RUA DO ESPINHEIRO	478	GALERIA ESPINHEIRO , DENTRO DO POSTO IPIRANGA	ESPINHEIRO		""	COLISÃO	COLISÃO COM VÍTIMA	1	1								1		""	""	""	""	""	""	""	""	""	""	""	""	""
3849	2018-04-30T00:00:00	13:41:00	SEM VÍTIMA	CANCELADA	ESPINHEIRO	RUA AMELIA	316	""	EDIF. TAMATAUBA	RUA AMELIA	316	EDIF. TAMATAUBA	ESPINHEIRO		""	COLISÃO	COLISÃO SEM VITIMAS	2									0		""	""	""	""	""	""	""	""	""	""	""	""	""
3850	2018-04-30T00:00:00	13:41:00	SEM VÍTIMA	FINALIZADA	SAN MARTIN	AV GENERAL SAN MARTIN	""	""	ENTRE A CHESF E A CAVALARIA	AV GENERAL SAN MARTIN	""	ENTRE A CHESF E A CAVALARIA	SAN MARTIN		""	COLISÃO	COLISÃO SEM VÍTIMA	1					1				0		""	""	""	""	""	""	""	""	""	""	""	""	""
3851	2018-04-30T00:00:00	13:52:00	SEM VÍTIMA	FINALIZADA	BOA VIAGEM	RUA ERNESTO DE PAULA SANTOS	1235	""	EM FRENTE A FARMACIA PAGUE MENOS	RUA ERNESTO DE PAULA SANTOS	1235	EM FRENTE A FARMACIA PAGUE MENOS	BOA VIAGEM		""	COLISÃO	COLISÃO SEM VÍTIMA	2									0		""	""	""	""	""	""	""	""	""	""	""	""	""
3852	2018-04-30T00:00:00	14:14:00	SEM VÍTIMA	FINALIZADA	VÁRZEA	AV CAXANGA	""	""	NA FRENTE DO POSTO SHELL, ANTES DA ENTRADA DE DOIS IRMÃOS, SUPER CENTER CAXANGA	AV CAXANGA	""	NA FRENTE DO POSTO SHELL, ANTES DA ENTRADA DE DOIS IRMÃOS, SUPER CENTER CAXANGA	VÁRZEA		""	COLISÃO	COLISÃO SEM VITIMAS	3									0		""	""	""	""	""	""	""	""	""	""	""	""	""
3853	2018-04-30T00:00:00	14:51:00	SEM VÍTIMA	FINALIZADA	SANTO AMARO	AV CRUZ CABUGA	""	""	EM FRENTE AO HOSPITAL DO CÂNCER/ SENTIDO CIDADE	AV CRUZ CABUGA	""	EM FRENTE AO HOSPITAL DO CÂNCER/ SENTIDO CIDADE	SANTO AMARO		""	COLISÃO	COLISÃO SEM VÍTIMA	2									0		""	""	""	""	""	""	""	""	""	""	""	""	""
3854	2018-04-30T00:00:00	16:24:00	SEM VÍTIMA	FINALIZADA	SÃO JOSÉ	PRC SERGIO LORETO	457	""	JUNTO AO POSTO DE GASOLINA BR/ JUNTO AO SEMITÉRIO DE TRENS EO SEMAFORO 311	PRC SERGIO LORETO	457	JUNTO AO POSTO DE GASOLINA BR/ JUNTO AO SEMITÉRIO DE TRENS EO SEMAFORO 311	SÃO JOSÉ		""	CHOQUE	CHOQUE COM UMA ARVORE	1									0		""	""	""	""	""	""	""	""	""	""	""	""	""
3855	2018-04-30T00:00:00	17:58:00	COM VÍTIMA	FINALIZADA	SANTO AMARO	AV PREFEITO ARTUR LIMA CAVALCANTI	""	""	POR TRÃS DO HOSPITAL DA MARINHA ( HOSPITAL NAVAL) SNT OLINDA	AV PREFEITO ARTUR LIMA CAVALCANTI	""	POR TRÃS DO HOSPITAL DA MARINHA ( HOSPITAL NAVAL) SNT OLINDA	SANTO AMARO		""	COLISÃO COM CICLISTA	AUTO X BIKE. C/V	1			1						1		""	""	""	""	""	""	""	""	""	""	""	""	""
3856	2018-04-30T00:00:00	18:46:00	SEM VÍTIMA	FINALIZADA	AREIAS	RUA GENERAL FRANCISCO FIGUEIROA	""	""	E/F AO TERMINAL DE VILA CARDEAL E SILVA	RUA GENERAL FRANCISCO FIGUEIROA	""	E/F AO TERMINAL DE VILA CARDEAL E SILVA	AREIAS		""	COLISÃO	ENTRE AUTO E ÔNIBUS. S/S/V	1					1				0		""	""	""	""	""	""	""	""	""	""	""	""	""
3857	2018-04-30T00:00:00	21:01:00	SEM VÍTIMA	FINALIZADA	CIDADE UNIVERSITÁRIA	AV PROFESSOR LUIZ FREIRE	""	RUA ACADEMICO HELIO RAMOS	COM A RUA ACADEMICO HELIO RAMOS	AV PROFESSOR LUIZ FREIRE	""	COM A RUA ACADEMICO HELIO RAMOS	CIDADE UNIVERSITÁRIA		""	COLISÃO	DOIS AUTOS SEM VITIMAS	2									0		""	""	""	""	""	""	""	""	""	""	""	""	""
3858	2018-04-30T00:00:00	21:44:00	SEM VÍTIMA	FINALIZADA	ALTO JOSÉ BONIFÁCIO	RUA ALTO JOSE BONIFACIO	""	""	NA SUBIDA DA LADEIRA DO ALTO JOSÉ BONIFÁCIO , PROXIMIDADES DA RODINHA	RUA ALTO JOSE BONIFACIO	""	NA SUBIDA DA LADEIRA DO ALTO JOSÉ BONIFÁCIO , PROXIMIDADES DA RODINHA	ALTO JOSÉ BONIFÁCIO		""	COLISÃO	ENTRE AUTO E MOTO. S/V	1	1								0		""	""	""	""	""	""	""	""	""	""	""	""	""
3859	2018-04-30T00:00:00	22:06:00	SEM VÍTIMA	FINALIZADA	ARRUDA	RUA MEM DE SA	254	RUA MARQUES DE BAIPENDI	CRUZAMENTO COM A RUA MARQUES DE BAIPENDI PROX A COCA-COLA	RUA MEM DE SA	254	CRUZAMENTO COM A RUA MARQUES DE BAIPENDI PROX A COCA-COLA	ARRUDA		""	COLISÃO	DOIS AUTO	2									0		""	""	""	""	""	""	""	""	""	""	""	""	""
3860	2018-04-30T00:00:00	23:47:00	SEM VÍTIMA	FINALIZADA	SANTO AMARO	AV VISCONDE DE SUASSUNA	388	""	PROX AO SENAC E ED NOBRE	AV VISCONDE DE SUASSUNA	388	PROX AO SENAC E ED NOBRE	SANTO AMARO		""	COLISÃO	DOIS AUTO	2									0		""	""	""	""	""	""	""	""	""	""	""	""	""
3861	2018-05-01T00:00:00	02:12:00	SEM VÍTIMA	CANCELADA	DERBY	PRC DO DERBY	""	""	EM FRENTE AO DRIVE IN	PRC DO DERBY	""	EM FRENTE AO DRIVE IN	DERBY		""	COLISÃO	COLISÃO ENTRE DOIS AUTOS S/V	2									0		""	""	""	""	""	""	""	""	""	""	""	""	""
3862	2018-05-01T00:00:00	02:14:00	SEM VÍTIMA	CANCELADA	ESPINHEIRO	RUA SANTO ELIAS	""	RUA DO ESPINHEIRO	CRUZAMENTO COM RUA DO ESPINHEIRO // PRÓXIMO AO BAR PÉ DE AÇAÍ	RUA SANTO ELIAS	""	CRUZAMENTO COM RUA DO ESPINHEIRO // PRÓXIMO AO BAR PÉ DE AÇAÍ	ESPINHEIRO		""	COLISÃO	COLISÃO ENTRE DOIS AUTOS S/V	2									0		""	""	""	""	""	""	""	""	""	""	""	""	""
3863	2018-05-01T00:00:00	03:21:00	SEM VÍTIMA	FINALIZADA	DOIS IRMÃOS	EST DOS PINTOS	""	""	EM FRENTE A ESCOLA MUNICIPAL MUNDO ESPERANÇA // FINAL DA ESTRADA, ANTES DA SUBIDA DO TERMINAL DE ÔNIBUS	EST DOS PINTOS	""	EM FRENTE A ESCOLA MUNICIPAL MUNDO ESPERANÇA // FINAL DA ESTRADA, ANTES DA SUBIDA DO TERMINAL DE ÔNIBUS	DOIS IRMÃOS		""	CHOQUE	VIATURA DA PM CHOCOU-SE CONTRA UM POSTE	1									0		""	""	""	""	""	""	""	""	""	""	""	""	""
3864	2018-05-01T00:00:00	03:31:00	SEM VÍTIMA	FINALIZADA	SANTO AMARO	AV GOVERNADOR AGAMENON MAGALHAES	""	RUA ODORICO MENDES	CRUZAMENTO COM A RUA ODORICO MENDES, SENTIDO BOA VIAGEM	AV GOVERNADOR AGAMENON MAGALHAES	""	CRUZAMENTO COM A RUA ODORICO MENDES, SENTIDO BOA VIAGEM	SANTO AMARO		""	COLISÃO	COLISÃO ENTRE DOIS AUTOS S/V	2									0		""	""	""	""	""	""	""	""	""	""	""	""	""
3865	2018-05-01T00:00:00	06:37:00	SEM VÍTIMA	FINALIZADA	TAMARINEIRA	RUA CONEGO BARATA	""	""	EM FRENTE A FERREIRA COSTA	RUA CONEGO BARATA	""	EM FRENTE A FERREIRA COSTA	TAMARINEIRA		""	COLISÃO	COLISÃO SEM VITIMAS	1					1				0		""	""	""	""	""	""	""	""	""	""	""	""	""
3866	2018-05-01T00:00:00	08:25:00	COM VÍTIMA	FINALIZADA	SÃO JOSÉ	RUA IMPERIAL	""	""	EM FRENTE A JUNTA COMERCIAL	RUA IMPERIAL	""	EM FRENTE A JUNTA COMERCIAL	SÃO JOSÉ		""	COLISÃO	MOTO E AUTO	1	1								1		""	""	""	""	""	""	""	""	""	""	""	""	""
3867	2018-05-01T00:00:00	11:30:00	SEM VÍTIMA	FINALIZADA	NOVA DESCOBERTA	RUA TEREZA CARNEIRO	305	""	RESIDENCIA EM FRENTE A BARRACA DO SPORT	RUA TEREZA CARNEIRO	305	RESIDENCIA EM FRENTE A BARRACA DO SPORT	NOVA DESCOBERTA		""	COLISÃO	COLISÃO SEM VITIMAS		1				1				0		""	""	""	""	""	""	""	""	""	""	""	""	""
3868	2018-05-01T00:00:00	12:12:00	COM VÍTIMA	FINALIZADA	PORTO DA MADEIRA	AV BEBERIBE	""	""	EM FRENTE A PADARIA CONTINENTAL	AV BEBERIBE	""	EM FRENTE A PADARIA CONTINENTAL	PORTO DA MADEIRA		""	COLISÃO	COLISÃO COM 1 VITIMA A ESPERA DO SAMU VT 31 QTH	1	1								1		""	""	""	""	""	""	""	""	""	""	""	""	""