_id	DATA	hora	natureza_acidente	situacao	bairro	endereco	numero	detalhe_endereco_acidente	complemento	endereco_cruzamento	numero_cruzamento	referencia_cruzamento	bairro_cruzamento	num_semaforo	sentido_via	tipo	descricao	auto	moto	ciclom	ciclista	pedestre	onibus	caminhao	viatura	outros	vitimas	vitimasfatais	acidente_verificado	tempo_clima	situacao_semaforo	sinalizacao	condicao_via	conservacao_via	ponto_controle	situacao_placa	velocidade_max_via	mao_direcao	divisao_via1	divisao_via2	divisao_via3
3869	2018-05-01T00:00:00	12:20:00	SEM VÍTIMA	FINALIZADA	AREIAS	AV RECIFE	""	""	E/F AO RESTAURANTE SAL E BRASA S/T BOA VIAGEM	AV RECIFE	""	E/F AO RESTAURANTE SAL E BRASA S/T BOA VIAGEM	AREIAS		""	ENGAVETAMENTO	ENGAVETAMENTO ENTRE DOIS AUTOS S/V	3									0		""	""	""	""	""	""	""	""	""	""	""	""	""
3870	2018-05-01T00:00:00	12:41:00	SEM VÍTIMA	FINALIZADA	BOA VISTA	RUA GERVASIO PIRES	""	RUA DO RIACHUELO	COM RUA DO RIACHUELO NO SEMAFORO 175	RUA GERVASIO PIRES	""	COM RUA DO RIACHUELO NO SEMAFORO 175	BOA VISTA		""	COLISÃO	COLISAO ENTRE DOIS AUTOS S/V	2									0		""	""	""	""	""	""	""	""	""	""	""	""	""
3871	2018-05-01T00:00:00	13:48:00	SEM VÍTIMA	FINALIZADA	PARNAMIRIM	RUA JOAO TUDE DE MELO	""	""	APOS O CARREFOUR S/T AV NORTE NA DESCIDA DO VIADUTO	RUA JOAO TUDE DE MELO	""	APOS O CARREFOUR S/T AV NORTE NA DESCIDA DO VIADUTO	PARNAMIRIM		""	COLISÃO	COLISAO ENTRE ONIBUS E AUTO S/V	1					1				0		""	""	""	""	""	""	""	""	""	""	""	""	""
3872	2018-05-01T00:00:00	14:24:00	COM VÍTIMA	FINALIZADA	BOA VISTA	AV CONDE DA BOA VISTA	""	RUA DO HOSPICIO	COM RUA DO HOSPÍCIO	AV CONDE DA BOA VISTA	""	COM RUA DO HOSPÍCIO	BOA VISTA		""	ATROPELAMENTO	ÔNIBUS E PEDESTRE										1		""	""	""	""	""	""	""	""	""	""	""	""	""
3873	2018-05-01T00:00:00	15:47:00	COM VÍTIMA	FINALIZADA	PINA	RUA CAPITAO REBELINHO	""	RUA PEREIRA DA COSTA	COM PEREIRA DA COSTA	RUA CAPITAO REBELINHO	""	COM PEREIRA DA COSTA	PINA		""	COLISÃO	COLISÃO ENTRE 2 AUTOS, COM VÍTIMA.	2									1		""	""	""	""	""	""	""	""	""	""	""	""	""
3874	2018-05-01T00:00:00	17:09:00	COM VÍTIMA	FINALIZADA	IPSEP	AV DA COSTA E SILVA	151	""	E/F A DINAMICA AUTO PEÇAS	AV DA COSTA E SILVA	151	E/F A DINAMICA AUTO PEÇAS	IPSEP		""	COLISÃO	VEICULO CHOCOU COM UM EDFICIO DA VILA DA SUDENE	1									1		""	""	""	""	""	""	""	""	""	""	""	""	""
3875	2018-05-01T00:00:00	18:23:00	COM VÍTIMA	FINALIZADA	BOA VIAGEM	RUA BARAO DE SOUZA LEAO	""	""	EM FRENTE AO BANCO BRADESCO, NO SEMAFORO 407	RUA BARAO DE SOUZA LEAO	""	EM FRENTE AO BANCO BRADESCO, NO SEMAFORO 407	BOA VIAGEM		""	ATROPELAMENTO	DOIS AUTOS E PEDESTRE	2				1					1		""	""	""	""	""	""	""	""	""	""	""	""	""
3876	2018-05-01T00:00:00	19:55:00	SEM VÍTIMA	CANCELADA	ÁGUA FRIA	RUA LADEIRA DE PEDRA	792	""	PROX. AO CLUBE SETE DE SETEMBRO	RUA LADEIRA DE PEDRA	792	PROX. AO CLUBE SETE DE SETEMBRO	ÁGUA FRIA		""	COLISÃO	DOIS AUTOS	2									0		""	""	""	""	""	""	""	""	""	""	""	""	""
3877	2018-05-01T00:00:00	20:08:00	COM VÍTIMA	CANCELADA	SAN MARTIN	RUA VINTE E UM DE ABRIL	2941	RUA PEDRO MELO	PROX A PADARIA PARIS CRUZAMENTO COM RUA PEDRO MELO	RUA VINTE E UM DE ABRIL	2941	PROX A PADARIA PARIS CRUZAMENTO COM RUA PEDRO MELO	SAN MARTIN		""	COLISÃO	DUAS MOTOS		2								3		""	""	""	""	""	""	""	""	""	""	""	""	""
3878	2018-05-01T00:00:00	20:23:00	SEM VÍTIMA	CANCELADA	BOA VIAGEM	AV ENGENHEIRO DOMINGOS FERREIRA	""	RUA TOME GIBSON	CRUZAMENTO COM TOME GIBSON PROX A ESCOLA MUNICIPAL OSWALDO LIMA FILHO	AV ENGENHEIRO DOMINGOS FERREIRA	""	CRUZAMENTO COM TOME GIBSON PROX A ESCOLA MUNICIPAL OSWALDO LIMA FILHO	BOA VIAGEM		""	COLISÃO	AUTO X MOTO	1	1								0		""	""	""	""	""	""	""	""	""	""	""	""	""
3879	2018-05-01T00:00:00	21:59:00	SEM VÍTIMA	CANCELADA	JARDIM SÃO PAULO	AV SAO PAULO	1000	""	ENF AUGUSTO AUTO PEÇAS NO FINAL DA AV SAO PAULO PROX AO POSTO SHELL	AV SAO PAULO	1000	ENF AUGUSTO AUTO PEÇAS NO FINAL DA AV SAO PAULO PROX AO POSTO SHELL	JARDIM SÃO PAULO		""	COLISÃO	DOIS AUTO	2									0		""	""	""	""	""	""	""	""	""	""	""	""	""
3880	2018-05-01T00:00:00	22:02:00	SEM VÍTIMA	FINALIZADA	BAIRRO DO RECIFE	CAIS DO APOLO	""	""	EM FRENTE A PREFEITURA SENT. CIDADE/SUBURBIO	CAIS DO APOLO	""	EM FRENTE A PREFEITURA SENT. CIDADE/SUBURBIO	BAIRRO DO RECIFE		""	COLISÃO	ONIBUS E AUTO	1					1				0		""	""	""	""	""	""	""	""	""	""	""	""	""
3881	2018-05-01T00:00:00	23:22:00	SEM VÍTIMA	FINALIZADA	GRAÇAS	AV RUI BARBOSA	132	""	ENF A FARMACIA DONAFORMULA	AV RUI BARBOSA	132	ENF A FARMACIA DONAFORMULA	GRAÇAS		""	COLISÃO	SAVERO E HB 20	2									0		""	""	""	""	""	""	""	""	""	""	""	""	""
3882	2018-05-01T00:00:00	23:28:00	SEM VÍTIMA	FINALIZADA	BOA VIAGEM	RUA BARAO DE SOUZA LEAO	335	""	ENF AO MEDICAL CENTER E BANCO DO BRASIL	RUA BARAO DE SOUZA LEAO	335	ENF AO MEDICAL CENTER E BANCO DO BRASIL	BOA VIAGEM		""	COLISÃO	ONIBUS VERACRUZ X AUTO	1					1				0		""	""	""	""	""	""	""	""	""	""	""	""	""
3883	2018-05-02T00:00:00	00:25:00	SEM VÍTIMA	FINALIZADA	CURADO	RUA ANDIRA	33	RUA ITAMONTE	PROX DA LOJINHA DOIS IRMÃO, ESQUINA COM A RUA ITAMONTE	RUA ANDIRA	33	PROX DA LOJINHA DOIS IRMÃO, ESQUINA COM A RUA ITAMONTE	CURADO		""	CHOQUE	USUÁRIO INFORMA QUE O VEÍCULO PERDEU O CONTROLE QUANDO ESTAVA DESCENDO A LADEIRA E CHOCOU-SE COM UMA RESIDENCIA ONDE O MESMO ENCONTRA-SE EM CIMA DA CASA C/V	1									0		""	""	""	""	""	""	""	""	""	""	""	""	""
3884	2018-05-02T00:00:00	05:04:00	SEM VÍTIMA	FINALIZADA	AREIAS	AV RECIFE	""	RUA CAPITAO JACINTO DA CRUZ	CRUZAMENTO COM A RUA CAPITÃO JACINTO DA CRUZ, EM FRENTE A FARMACIA PAGUE MENOS, SEMAFORO 059	AV RECIFE	""	CRUZAMENTO COM A RUA CAPITÃO JACINTO DA CRUZ, EM FRENTE A FARMACIA PAGUE MENOS, SEMAFORO 059	AREIAS		""	COLISÃO	COLISÃO ENTRE AUTO E CAMINHÃO S/V	1						1			0		""	""	""	""	""	""	""	""	""	""	""	""	""
3885	2018-05-02T00:00:00	05:37:00	COM VÍTIMA	FINALIZADA	CORDEIRO	RUA GOMES TABORDA	""	""	PROXIMO AO BAILE PERFUMADO	RUA GOMES TABORDA	""	PROXIMO AO BAILE PERFUMADO	CORDEIRO		""	CHOQUE	AUTO CHOCOU-SE CONTRA UMA ÁRVORE	1									1		""	""	""	""	""	""	""	""	""	""	""	""	""
3886	2018-05-02T00:00:00	06:43:00	COM VÍTIMA	CANCELADA	ENGENHO DO MEIO	RUA ANTONIO CURADO	88	""	PRIMEIRA RUA HA DIREITA APÓS O PRESIDIO BOM PASTOR,SENT/ENGENHO DO MEIO	RUA ANTONIO CURADO	88	PRIMEIRA RUA HA DIREITA APÓS O PRESIDIO BOM PASTOR,SENT/ENGENHO DO MEIO	ENGENHO DO MEIO		""	COLISÃO	COM UMA VITIMA AGUARDANDO SAMU	1	1								1		""	""	""	""	""	""	""	""	""	""	""	""	""
3887	2018-05-02T00:00:00	07:45:00	SEM VÍTIMA	FINALIZADA	PRADO	RUA GOMES TABORDA	""	""	EM FRENTE AO CAVALO DOURADO	RUA GOMES TABORDA	""	EM FRENTE AO CAVALO DOURADO	PRADO		""	COLISÃO	COLISÃO SEM VITIMA	2									0		""	""	""	""	""	""	""	""	""	""	""	""	""
3888	2018-05-02T00:00:00	07:49:00	SEM VÍTIMA	FINALIZADA	PINA	RUA CONSUL JOSEPH NOUJAIM	""	RUA NOGUEIRA DE SOUZA	CRUZ. COM A NOGUEIRA DE SOUZA/ BAR BARRACO	RUA CONSUL JOSEPH NOUJAIM	""	CRUZ. COM A NOGUEIRA DE SOUZA/ BAR BARRACO	PINA		""	COLISÃO	COLISAO S/V	2									0		""	""	""	""	""	""	""	""	""	""	""	""	""
3889	2018-05-02T00:00:00	07:50:00	SEM VÍTIMA	FINALIZADA	TEJIPIÓ	AV DR JOSE RUFINO	""	""	NA DESCIDA DO VIADUTO, QUE CRUZA A BR, SENTIDO JABOATAO, PROX. AO BAR RECANTO	AV DR JOSE RUFINO	""	NA DESCIDA DO VIADUTO, QUE CRUZA A BR, SENTIDO JABOATAO, PROX. AO BAR RECANTO	TEJIPIÓ		""	COLISÃO	DOIS AUTOS S/V	2									0		""	""	""	""	""	""	""	""	""	""	""	""	""
3890	2018-05-02T00:00:00	07:51:00	SEM VÍTIMA	CANCELADA	ENCRUZILHADA	RUA PROFESSOR MIRANDA CURIO	""	AV BEBERIBE	CRUZAMENTO COM A AV BEBERIBE,EM FRENTE AO COMERCIAL BECHARA	RUA PROFESSOR MIRANDA CURIO	""	CRUZAMENTO COM A AV BEBERIBE,EM FRENTE AO COMERCIAL BECHARA	ENCRUZILHADA		""	COLISÃO	SEM VITIMAS	2									0		""	""	""	""	""	""	""	""	""	""	""	""	""
3891	2018-05-02T00:00:00	08:22:00	SEM VÍTIMA	FINALIZADA	ILHA DO LEITE	RUA JORNALISTA TRAJANO CHACON	4775	""	AO LADO DO EMPRESARIAL THOMAS EDISON	RUA JORNALISTA TRAJANO CHACON	4775	AO LADO DO EMPRESARIAL THOMAS EDISON	ILHA DO LEITE		""	COLISÃO	AUTO E MOTO S/V	1	1								0		""	""	""	""	""	""	""	""	""	""	""	""	""
3892	2018-05-02T00:00:00	08:30:00	SEM VÍTIMA	FINALIZADA	ILHA DO LEITE	AV GOVERNADOR AGAMENON MAGALHAES	4775	""	EM FRENTE A CAIXA ECONOMICA,SENT/OLINDA	AV GOVERNADOR AGAMENON MAGALHAES	4775	EM FRENTE A CAIXA ECONOMICA,SENT/OLINDA	ILHA DO LEITE		""	COLISÃO	SEM VITIMAS,CTTU NO LOCAL	2									0		""	""	""	""	""	""	""	""	""	""	""	""	""
3893	2018-05-02T00:00:00	08:35:00	SEM VÍTIMA	FINALIZADA	IMBIRIBEIRA	AV MARECHAL MASCARENHAS DE MORAES	""	""	SENTIDO PRAZERES, SEMÁFORO 626.	AV MARECHAL MASCARENHAS DE MORAES	""	SENTIDO PRAZERES, SEMÁFORO 626.	IMBIRIBEIRA		""	COLISÃO	SEM VÍTIMAS	1					1				0		""	""	""	""	""	""	""	""	""	""	""	""	""
3894	2018-05-02T00:00:00	08:48:00	SEM VÍTIMA	FINALIZADA	BOA VIAGEM	AV CONSELHEIRO AGUIAR	""	RUA BRUNO VELOSO	CRUZAMENTO COM A RUA BRUNO VELOSO ,SEMAFORO 146	AV CONSELHEIRO AGUIAR	""	CRUZAMENTO COM A RUA BRUNO VELOSO ,SEMAFORO 146	BOA VIAGEM		""	COLISÃO	SEM VITIMAS	1					1				0		""	""	""	""	""	""	""	""	""	""	""	""	""
3895	2018-05-02T00:00:00	08:59:00	SEM VÍTIMA	FINALIZADA	IPSEP	RUA JEAN EMILE FAVRE	1288	""	EM FRENTE A ACDEMIA YES FTNES	RUA JEAN EMILE FAVRE	1288	EM FRENTE A ACDEMIA YES FTNES	IPSEP		""	COLISÃO	SEM VITIMAS	1	1								0		""	""	""	""	""	""	""	""	""	""	""	""	""
3896	2018-05-02T00:00:00	09:17:00	SEM VÍTIMA	FINALIZADA	COHAB	RUA DOZE DE JUNHO	420	""	EM FRENTE A O CAIC	RUA DOZE DE JUNHO	420	EM FRENTE A O CAIC	COHAB		""	COLISÃO	SEM VITIMAS	1	1								0		""	""	""	""	""	""	""	""	""	""	""	""	""
3897	2018-05-02T00:00:00	09:50:00	SEM VÍTIMA	FINALIZADA	IMBIRIBEIRA	RUA SARGENTO SILVIO DELMAR HOLLEMBACH	""	""	POR TRAS DA TAMBAÍ	RUA SARGENTO SILVIO DELMAR HOLLEMBACH	""	POR TRAS DA TAMBAÍ	IMBIRIBEIRA		""	COLISÃO	COLISAO S/V	1						1			0		""	""	""	""	""	""	""	""	""	""	""	""	""
3898	2018-05-02T00:00:00	10:07:00	SEM VÍTIMA	CANCELADA	AFOGADOS	RUA SAO MIGUEL	""	""	EM FRENTE AO QUARTEL/ SENAR	RUA SAO MIGUEL	""	EM FRENTE AO QUARTEL/ SENAR	AFOGADOS		""	COLISÃO	COLISAO S/V	2									0		""	""	""	""	""	""	""	""	""	""	""	""	""
3899	2018-05-02T00:00:00	10:51:00	SEM VÍTIMA	FINALIZADA	IPESEP	RUA RAIMUNDO DINIZ	""	""	POR TRAS DA DELEGACIA DO IPESEP	RUA RAIMUNDO DINIZ	""	POR TRAS DA DELEGACIA DO IPESEP	IPESEP		""	COLISÃO	""	2									0		""	""	""	""	""	""	""	""	""	""	""	""	""
3900	2018-05-02T00:00:00	11:14:00	COM VÍTIMA	FINALIZADA	SANTO AMARO	AV GOVERNADOR AGAMENON MAGALHAES	""	""	EM FRENTE A UPE, SENTIDO OLINDA	AV GOVERNADOR AGAMENON MAGALHAES	""	EM FRENTE A UPE, SENTIDO OLINDA	SANTO AMARO		""	ATROPELAMENTO	REBOQUE SE DESPRENDEU DE UM AUTO, E ATINGIU UM PEDESTRE	1				1				1	1		""	""	""	""	""	""	""	""	""	""	""	""	""
3901	2018-05-02T00:00:00	11:23:00	SEM VÍTIMA	FINALIZADA	COELHOS	RUA DR JOSE MARIANO	""	""	E/F AO PRIMEIRO TEMPLO DA IGREJA BATISTA RENOVADA DOS COELHOS, AO LADO DO IMIP	RUA DR JOSE MARIANO	""	E/F AO PRIMEIRO TEMPLO DA IGREJA BATISTA RENOVADA DOS COELHOS, AO LADO DO IMIP	COELHOS		""	COLISÃO	SEM VÍTIMAS	2									0		""	""	""	""	""	""	""	""	""	""	""	""	""
3902	2018-05-02T00:00:00	12:09:00	SEM VÍTIMA	FINALIZADA	SANTO AMARO	AV GOVERNADOR AGAMENON MAGALHAES	""	""	APÓS O MINISTERIO PUBLICO/ NO RETORNO/ SENTIDO DERBY	AV GOVERNADOR AGAMENON MAGALHAES	""	APÓS O MINISTERIO PUBLICO/ NO RETORNO/ SENTIDO DERBY	SANTO AMARO		""	COLISÃO	COLISÃO SEM VITIMA	2									0		""	""	""	""	""	""	""	""	""	""	""	""	""
3903	2018-05-02T00:00:00	12:25:00	SEM VÍTIMA	CANCELADA	AFLITOS	AV CONS ROSA E SILVA	1489	""	E/F A FUNASE	AV CONS ROSA E SILVA	1489	E/F A FUNASE	AFLITOS		""	COLISÃO	COLISAO ENTRE DOIS AUTOS S/V	2									0		""	""	""	""	""	""	""	""	""	""	""	""	""
3904	2018-05-02T00:00:00	12:36:00	SEM VÍTIMA	FINALIZADA	PRADO	AV ENGENHEIRO ABDIAS DE CARVALHO	""	""	SEMAFORO 354, EM FRENTE AO POSTO BR	AV ENGENHEIRO ABDIAS DE CARVALHO	""	SEMAFORO 354, EM FRENTE AO POSTO BR	PRADO		""	COLISÃO	DOIS AUTOS S/V	2									0		""	""	""	""	""	""	""	""	""	""	""	""	""
3905	2018-05-02T00:00:00	13:09:00	SEM VÍTIMA	FINALIZADA	IMBIRIBEIRA	AV MARECHAL MASCARENHAS DE MORAES	""	""	EM FRENTE AO POSTO BR, E AO GERALDAO, SENTIDO AEROPORTO, SEMAFORO 289	AV MARECHAL MASCARENHAS DE MORAES	""	EM FRENTE AO POSTO BR, E AO GERALDAO, SENTIDO AEROPORTO, SEMAFORO 289	IMBIRIBEIRA		""	COLISÃO	AUTO E CAMINHAO S/V	1						1			0		""	""	""	""	""	""	""	""	""	""	""	""	""
3906	2018-05-02T00:00:00	13:53:00	SEM VÍTIMA	FINALIZADA	SAN MARTIN	AV CONSUL VILARES FRAGOSO	""	""	AO LADO DA CAVALARIA	AV CONSUL VILARES FRAGOSO	""	AO LADO DA CAVALARIA	SAN MARTIN		""	COLISÃO	COLISÃO SEM VÍTIMA	1								1	0		""	""	""	""	""	""	""	""	""	""	""	""	""
3907	2018-05-02T00:00:00	14:33:00	SEM VÍTIMA	FINALIZADA	MANGABEIRA	RUA DA MANGABEIRA	""	""	E/F AO POSTO DE SAUDE DA MANGABEIRA	RUA DA MANGABEIRA	""	E/F AO POSTO DE SAUDE DA MANGABEIRA	MANGABEIRA		""	COLISÃO	COLISAO ENTRE AUTO E ONIBUS S/V	1					1				0		""	""	""	""	""	""	""	""	""	""	""	""	""
3908	2018-05-02T00:00:00	14:36:00	SEM VÍTIMA	FINALIZADA	ENCRUZILHADA	AV NORTE	""	""	EM FRENTE A PRAÇA A PICANHA, SENTIDO CIDADE	AV NORTE	""	EM FRENTE A PRAÇA A PICANHA, SENTIDO CIDADE	ENCRUZILHADA		""	COLISÃO	DOIS AUTOS	2									0		""	""	""	""	""	""	""	""	""	""	""	""	""
3909	2018-05-02T00:00:00	14:51:00	SEM VÍTIMA	FINALIZADA	CASA AMARELA	AV NORTE	""	""	BACIA DO VASCO	AV NORTE	""	BACIA DO VASCO	CASA AMARELA		""	COLISÃO	COLISÃO SEM VITIMA	1								1	0		""	""	""	""	""	""	""	""	""	""	""	""	""
3910	2018-05-02T00:00:00	14:52:00	COM VÍTIMA	FINALIZADA	TORRE	RUA JOSE BONIFACIO	750	""	EM FRENTE AO EDIFICIO BARÃO DA TORRE	RUA JOSE BONIFACIO	750	EM FRENTE AO EDIFICIO BARÃO DA TORRE	TORRE		""	COLISÃO COM CICLISTA	COLISÃO COM VÍTIMA	1	1		1						1		""	""	""	""	""	""	""	""	""	""	""	""	""
3911	2018-05-02T00:00:00	15:33:00	SEM VÍTIMA	FINALIZADA	BAIRRO DO RECIFE	PRC DA COMUNIDADE LUSO BRASILEIRA	""	""	PROX A PREFEITURA DO RECIFE AO LADO DO FORTE DO BRUM	PRC DA COMUNIDADE LUSO BRASILEIRA	""	PROX A PREFEITURA DO RECIFE AO LADO DO FORTE DO BRUM	BAIRRO DO RECIFE		""	COLISÃO	COLISAO ENTRE ONIBUS E AUTO S/V	1					1				0		""	""	""	""	""	""	""	""	""	""	""	""	""
3912	2018-05-02T00:00:00	15:40:00	SEM VÍTIMA	FINALIZADA	CORDEIRO	EST DO FORTE DO ARRAIAL N. DO B. JESUS	555	""	NA RUA DO COLEGIO ANGLO	EST DO FORTE DO ARRAIAL N. DO B. JESUS	555	NA RUA DO COLEGIO ANGLO	CORDEIRO		""	COLISÃO	DOIS AUTOS S/V	2									0		""	""	""	""	""	""	""	""	""	""	""	""	""
3913	2018-05-02T00:00:00	15:51:00	SEM VÍTIMA	FINALIZADA	DERBY	RUA DR SEVERINO PINHEIRO	""	""	AO LADO DA FACULDADE FAMA ANTES DO GIRADOURO S/T CLUBE INTERNACIONAL	RUA DR SEVERINO PINHEIRO	""	AO LADO DA FACULDADE FAMA ANTES DO GIRADOURO S/T CLUBE INTERNACIONAL	DERBY		""	COLISÃO	COLISAO ENTRE AUTO E MOTO S/V	1	1								0		""	""	""	""	""	""	""	""	""	""	""	""	""
3914	2018-05-02T00:00:00	16:39:00	SEM VÍTIMA	FINALIZADA	SANTO AMARO	AV CRUZ CABUGA	""	""	EM FRENTE A SANTA CASA DE MISERICORDIA/ SENTIDO CIDADE	AV CRUZ CABUGA	""	EM FRENTE A SANTA CASA DE MISERICORDIA/ SENTIDO CIDADE	SANTO AMARO		""	COLISÃO	COLISÃO SEM VÍTIMA	1	1								0		""	""	""	""	""	""	""	""	""	""	""	""	""
3915	2018-05-02T00:00:00	16:47:00	SEM VÍTIMA	FINALIZADA	MADALENA	RUA DR SEVERINO PINHEIRO	""	""	PROX. A QUARTEL DA PM	RUA DR SEVERINO PINHEIRO	""	PROX. A QUARTEL DA PM	MADALENA		""	COLISÃO	AUTO E MOTO	1	1								0		""	""	""	""	""	""	""	""	""	""	""	""	""
3916	2018-05-02T00:00:00	17:01:00	COM VÍTIMA	FINALIZADA	BOA VIAGEM	AV MARECHAL MASCARENHAS DE MORAES	""	""	EM FRENTE AO HOTEL IBIS, SENTIDO CIDADE	AV MARECHAL MASCARENHAS DE MORAES	""	EM FRENTE AO HOTEL IBIS, SENTIDO CIDADE	BOA VIAGEM		""	COLISÃO	KOMBI E MOTO C/V	1	1								1		""	""	""	""	""	""	""	""	""	""	""	""	""
3917	2018-05-02T00:00:00	17:54:00	SEM VÍTIMA	EQUIPE EM DESLOCAMENTO	COQUEIRAL	RUA ALCANTARA	320	""	ENF A CADEMIA TECNCO FORMA	RUA ALCANTARA	320	ENF A CADEMIA TECNCO FORMA	COQUEIRAL		""	COLISÃO	ONIBUS E AUTO	1					1				0		""	""	""	""	""	""	""	""	""	""	""	""	""
3918	2018-05-02T00:00:00	17:58:00	SEM VÍTIMA	FINALIZADA	BOA VISTA	RUA BISPO CARDOSO AYRES	456	""	EM FRENTE A FACULDADE DE CIENCIAS HUMANAS	RUA BISPO CARDOSO AYRES	456	EM FRENTE A FACULDADE DE CIENCIAS HUMANAS	BOA VISTA		""	COLISÃO	DOIS AUTOS	2									0		""	""	""	""	""	""	""	""	""	""	""	""	""
3919	2018-05-02T00:00:00	18:03:00	SEM VÍTIMA	FINALIZADA	ESTÂNCIA	AV RECIFE	""	""	PROX. AO MAKRO, NO SEMAFORO 620 SENT. CAXANGA	AV RECIFE	""	PROX. AO MAKRO, NO SEMAFORO 620 SENT. CAXANGA	ESTÂNCIA		""	COLISÃO	DOIS AUTOS	2									0		""	""	""	""	""	""	""	""	""	""	""	""	""
3920	2018-05-02T00:00:00	18:13:00	SEM VÍTIMA	CANCELADA	BOA VIAGEM	RUA DEZ DE JULHO	""	""	NA SAIDA DO TERMINAL INTEGRADO DO AEROPORTO	RUA DEZ DE JULHO	""	NA SAIDA DO TERMINAL INTEGRADO DO AEROPORTO	BOA VIAGEM		""	COLISÃO	AUTO E ONIBUS	1					1				0		""	""	""	""	""	""	""	""	""	""	""	""	""
3921	2018-05-02T00:00:00	18:36:00	SEM VÍTIMA	EQUIPE EM DESLOCAMENTO	DERBY	RUA AMARO BEZERRA	""	""	PROX AO HOSPITAL SANTA JOANA	RUA AMARO BEZERRA	""	PROX AO HOSPITAL SANTA JOANA	DERBY		""	COLISÃO	DOIS AUTO	2									0		""	""	""	""	""	""	""	""	""	""	""	""	""
3922	2018-05-02T00:00:00	18:57:00	SEM VÍTIMA	FINALIZADA	AFOGADOS	RUA SANTOS ARAUJO	""	""	EM FRENTE AO POSTO DE GASOLINA BP E FACULDADE FAREC	RUA SANTOS ARAUJO	""	EM FRENTE AO POSTO DE GASOLINA BP E FACULDADE FAREC	AFOGADOS		""	COLISÃO	MOTO E AUTO	1	1								0		""	""	""	""	""	""	""	""	""	""	""	""	""
3923	2018-05-02T00:00:00	19:31:00	SEM VÍTIMA	FINALIZADA	GRAÇAS	AV GOVERNADOR AGAMENON MAGALHAES	""	""	SENTIDO OLINDA PROX AO WALMART	AV GOVERNADOR AGAMENON MAGALHAES	""	SENTIDO OLINDA PROX AO WALMART	GRAÇAS		""	COLISÃO	ONIBUS X AUTO	1					1				0		""	""	""	""	""	""	""	""	""	""	""	""	""
3924	2018-05-02T00:00:00	19:37:00	COM VÍTIMA	FINALIZADA	IPUTINGA	AV CAXANGA	3372	""	PROX AO BANCO DO BRASIL SENTIDO CIDADE SUBURBIO	AV CAXANGA	3372	PROX AO BANCO DO BRASIL SENTIDO CIDADE SUBURBIO	IPUTINGA		""	COLISÃO	AUTO E MOTO	1	1								1		""	""	""	""	""	""	""	""	""	""	""	""	""
3925	2018-05-02T00:00:00	19:42:00	SEM VÍTIMA	FINALIZADA	BOMBA DO HEMETÉRIO	RUA ARLINDO CISNEIRO	22	""	PROX AO QUINTAL DO SAMBA	RUA ARLINDO CISNEIRO	22	PROX AO QUINTAL DO SAMBA	BOMBA DO HEMETÉRIO		""	COLISÃO	CAMINHAO DE COLETA E AUTO	1						1			0		""	""	""	""	""	""	""	""	""	""	""	""	""
3926	2018-05-02T00:00:00	19:45:00	SEM VÍTIMA	FINALIZADA	BOA VISTA	RUA DOM BOSCO	""	""	AO LADO DO SUPERMERCADO EXTRA	RUA DOM BOSCO	""	AO LADO DO SUPERMERCADO EXTRA	BOA VISTA		""	COLISÃO	ONIBUS E AUTO	1					1				0		""	""	""	""	""	""	""	""	""	""	""	""	""
3927	2018-05-02T00:00:00	19:46:00	SEM VÍTIMA	CANCELADA	BARRO	AV DR JOSE RUFINO	2146	""	PROX A IGREJA DO BARRO E PIZZA HOT	AV DR JOSE RUFINO	2146	PROX A IGREJA DO BARRO E PIZZA HOT	BARRO		""	COLISÃO	ONUBUS PARTICULAR E AUTO	1					1				0		""	""	""	""	""	""	""	""	""	""	""	""	""
3928	2018-05-02T00:00:00	19:53:00	COM VÍTIMA	FINALIZADA	MADALENA	AV VISCONDE DE ALBUQUERQUE	""	RUA LOPES DE CARVALHO	COM A RUA LOPES DE CARVALHO, APOS A AGENCIA ASTRAL	AV VISCONDE DE ALBUQUERQUE	""	COM A RUA LOPES DE CARVALHO, APOS A AGENCIA ASTRAL	MADALENA		""	COLISÃO	MOTO E AUTO	1	1								1		""	""	""	""	""	""	""	""	""	""	""	""	""
3929	2018-05-02T00:00:00	19:55:00	""	CANCELADA	BOA VISTA	RUA DOM BOSCO	""	""	ENF AO BATALHAO RP SEMAFORO 401	RUA DOM BOSCO	""	ENF AO BATALHAO RP SEMAFORO 401	BOA VISTA		""	COLISÃO	ONIBUS X AUTO	1					1				0		""	""	""	""	""	""	""	""	""	""	""	""	""
3930	2018-05-02T00:00:00	20:11:00	SEM VÍTIMA	FINALIZADA	BARRO	AV DR JOSE RUFINO	2881	""	PROX A ESCOLA CASTELO BRANCO	AV DR JOSE RUFINO	2881	PROX A ESCOLA CASTELO BRANCO	BARRO		""	COLISÃO	TRES AUTO PASSEIO XXXX OBS: VEICULO COM EIXO QUEBRADO NO MEIO DA VIA	3									0		""	""	""	""	""	""	""	""	""	""	""	""	""
3931	2018-05-02T00:00:00	20:19:00	SEM VÍTIMA	FINALIZADA	IPUTINGA	AV CAMARAO	323	AV MARIO PERREIRA LYRA	CRUZAMENTO COM AV MARIO PERREIRA LYRA	AV CAMARAO	323	CRUZAMENTO COM AV MARIO PERREIRA LYRA	IPUTINGA		""	COLISÃO	DOIS AUTO	2									0		""	""	""	""	""	""	""	""	""	""	""	""	""