_id	DATA	hora	natureza_acidente	situacao	bairro	endereco	numero	detalhe_endereco_acidente	complemento	endereco_cruzamento	numero_cruzamento	referencia_cruzamento	bairro_cruzamento	num_semaforo	sentido_via	tipo	descricao	auto	moto	ciclom	ciclista	pedestre	onibus	caminhao	viatura	outros	vitimas	vitimasfatais	acidente_verificado	tempo_clima	situacao_semaforo	sinalizacao	condicao_via	conservacao_via	ponto_controle	situacao_placa	velocidade_max_via	mao_direcao	divisao_via1	divisao_via2	divisao_via3
3932	2018-05-03T00:00:00	07:10:00	SEM VÍTIMA	FINALIZADA	ESPINHEIRO	RUA DA HORA	""	RUA AMELIA	NO CRUZAMENTO COM RUA AMELIA	RUA DA HORA	""	NO CRUZAMENTO COM RUA AMELIA	ESPINHEIRO		""	COLISÃO	COLISAO S/V BATEDORES NO LOCAL MOTO 11 ITALO	2									0		""	""	""	""	""	""	""	""	""	""	""	""	""
3933	2018-05-03T00:00:00	07:23:00	SEM VÍTIMA	FINALIZADA	SÃO JOSÉ	AV MARTINS DE BARROS	""	""	E/F AO POSTO IPIRANGA	AV MARTINS DE BARROS	""	E/F AO POSTO IPIRANGA	SÃO JOSÉ		""	COLISÃO	SEM VÍTIMAS	2									0		""	""	""	""	""	""	""	""	""	""	""	""	""
3934	2018-05-03T00:00:00	07:42:00	SEM VÍTIMA	FINALIZADA	ESPINHEIRO	AV NORTE	1979	""	EM FRENTE DA KIA MOTORS,SENT/CENTRO	AV NORTE	1979	EM FRENTE DA KIA MOTORS,SENT/CENTRO	ESPINHEIRO		""	COLISÃO	SEM VITIMAS	2									0		""	""	""	""	""	""	""	""	""	""	""	""	""
3935	2018-05-03T00:00:00	08:04:00	SEM VÍTIMA	FINALIZADA	PRADO	RUA GOMES TABORDA	226	""	E/F A MADEREIRA SÃO JUDAS TADEU 226	RUA GOMES TABORDA	226	E/F A MADEREIRA SÃO JUDAS TADEU 226	PRADO		""	COLISÃO	SEM VÍTIMAS	1	1								0		""	""	""	""	""	""	""	""	""	""	""	""	""
3936	2018-05-03T00:00:00	08:05:00	COM VÍTIMA	FINALIZADA	HIPÓDROMO	RUA CARLOS FERNANDES	""	RUA PRUDENTE DE MORAES	CRUZAMENTO COM A RUA PRUDENTE DE MORAES	RUA CARLOS FERNANDES	""	CRUZAMENTO COM A RUA PRUDENTE DE MORAES	HIPÓDROMO		""	COLISÃO COM CICLISTA	UMA VITIMA SOCORRIDA PELOS BOMBEIROS VT 11 DA CTTU FAZENDO O B.O	1			1						1		""	""	""	""	""	""	""	""	""	""	""	""	""
3937	2018-05-03T00:00:00	08:19:00	SEM VÍTIMA	FINALIZADA	IMBIRIBEIRA	AV MARECHAL MASCARENHAS DE MORAES	""	""	SENTIDO AEROPORTO, SEMÁFORO 534 E/F A RENAULT.	AV MARECHAL MASCARENHAS DE MORAES	""	SENTIDO AEROPORTO, SEMÁFORO 534 E/F A RENAULT.	IMBIRIBEIRA		""	COLISÃO	SEM VÍTIMAS	2						1			0		""	""	""	""	""	""	""	""	""	""	""	""	""
3938	2018-05-03T00:00:00	08:33:00	COM VÍTIMA	FINALIZADA	CIDADE UNIVERSITÁRIA	AV PROFESSOR ARTUR DE SA	""	""	EM FRENTE AO BAR DA KELLY	AV PROFESSOR ARTUR DE SA	""	EM FRENTE AO BAR DA KELLY	CIDADE UNIVERSITÁRIA		""	COLISÃO	COLISAO COM VITIMA	1	1								1		""	""	""	""	""	""	""	""	""	""	""	""	""
3939	2018-05-03T00:00:00	08:36:00	SEM VÍTIMA	FINALIZADA	BOA VIAGEM	RUA BALTAZAR PASSOS	""	RUA COSMORAMA	COM A RUA COSMORANA	RUA BALTAZAR PASSOS	""	COM A RUA COSMORANA	BOA VIAGEM		""	COLISÃO	DOIS AUTOS / BT 24 / 08 NO QTH	2									0		""	""	""	""	""	""	""	""	""	""	""	""	""
3940	2018-05-03T00:00:00	09:15:00	COM VÍTIMA	FINALIZADA	BOA VISTA	RUA DA SOLEDADE	""	""	EM FRENTE A FARMACIA DA SOLEDADE	RUA DA SOLEDADE	""	EM FRENTE A FARMACIA DA SOLEDADE	BOA VISTA		""	ATROPELAMENTO	MOTO / PEDESTRE		1			1					1		""	""	""	""	""	""	""	""	""	""	""	""	""
3941	2018-05-03T00:00:00	09:17:00	COM VÍTIMA	FINALIZADA	IMBIRIBEIRA	AV MARECHAL MASCARENHAS DE MORAES	""	""	NO SEMAFORO 574/ PROX A RENAULT	AV MARECHAL MASCARENHAS DE MORAES	""	NO SEMAFORO 574/ PROX A RENAULT	IMBIRIBEIRA		""	COLISÃO	BATEDORES MOTO 14 NO LOCAL	1	1								1		""	""	""	""	""	""	""	""	""	""	""	""	""
3942	2018-05-03T00:00:00	09:20:00	SEM VÍTIMA	FINALIZADA	ARRUDA	AV PROFESSOR JOSE DOS ANJOS	100A	""	SENTIDO OLINDA. APÓS A UPA E/F A UMA RESIDENCIA.	AV PROFESSOR JOSE DOS ANJOS	100A	SENTIDO OLINDA. APÓS A UPA E/F A UMA RESIDENCIA.	ARRUDA		""	COLISÃO	SEM VÍTIMAS	1						1			0		""	""	""	""	""	""	""	""	""	""	""	""	""
3943	2018-05-03T00:00:00	09:59:00	SEM VÍTIMA	FINALIZADA	BOA VIAGEM	AV CONSELHEIRO AGUIAR	""	RUA RIBEIRO DE BRITO	CRUZAMENTO COM A RUA RIBEIRO DE BRITO	AV CONSELHEIRO AGUIAR	""	CRUZAMENTO COM A RUA RIBEIRO DE BRITO	BOA VIAGEM		""	COLISÃO	SEM VITIMAS GM PONTO FIXO VAI FAZER B.O	2									0		""	""	""	""	""	""	""	""	""	""	""	""	""
3944	2018-05-03T00:00:00	10:29:00	SEM VÍTIMA	FINALIZADA	GRAÇAS	RUA DR BANDEIRA FILHO	205	""	EM FRENTE AO EDF RAINHA SANTA ISABEL	RUA DR BANDEIRA FILHO	205	EM FRENTE AO EDF RAINHA SANTA ISABEL	GRAÇAS		""	COLISÃO	TRES AUTOS	3									0		""	""	""	""	""	""	""	""	""	""	""	""	""
3945	2018-05-03T00:00:00	11:28:00	SEM VÍTIMA	FINALIZADA	SÃO JOSÉ	C SANTA RITA	""	""	EM FRENTE AO GRANDE RECIFE ,SENTIDO CENTRO	C SANTA RITA	""	EM FRENTE AO GRANDE RECIFE ,SENTIDO CENTRO	SÃO JOSÉ		""	COLISÃO	SEM VITIMAS	3									0		""	""	""	""	""	""	""	""	""	""	""	""	""
3946	2018-05-03T00:00:00	11:30:00	SEM VÍTIMA	FINALIZADA	DERBY	AV GOVERNADOR AGAMENON MAGALHAES	""	""	PROX AO ITAÚ	AV GOVERNADOR AGAMENON MAGALHAES	""	PROX AO ITAÚ	DERBY		""	COLISÃO	COLISAO S/V	2									0		""	""	""	""	""	""	""	""	""	""	""	""	""
3947	2018-05-03T00:00:00	11:43:00	SEM VÍTIMA	FINALIZADA	IPUTINGA	RUA DR VIRGINIO MARQUES	161	""	E/F A RESIDENCIA. NA RUA DA IGREJA CATÓLICA DE IPUTINGA.	RUA DR VIRGINIO MARQUES	161	E/F A RESIDENCIA. NA RUA DA IGREJA CATÓLICA DE IPUTINGA.	IPUTINGA		""	COLISÃO	SEM VÍTIMAS	1						1			0		""	""	""	""	""	""	""	""	""	""	""	""	""
3948	2018-05-03T00:00:00	11:58:00	SEM VÍTIMA	FINALIZADA	BOA VISTA	AV MANOEL BORBA	""	""	EM FRENTE POLICLINICA GOVEIA D BARROS	AV MANOEL BORBA	""	EM FRENTE POLICLINICA GOVEIA D BARROS	BOA VISTA		""	COLISÃO	DOIS AUTOS	2									0		""	""	""	""	""	""	""	""	""	""	""	""	""
3949	2018-05-03T00:00:00	12:00:00	SEM VÍTIMA	FINALIZADA	CASA AMARELA	RUA DA HARMONIA	""	""	EM FRENTE AO COLEGIO VILA SESÁMO	RUA DA HARMONIA	""	EM FRENTE AO COLEGIO VILA SESÁMO	CASA AMARELA		""	COLISÃO	DOIS AUTOS	2									0		""	""	""	""	""	""	""	""	""	""	""	""	""
3950	2018-05-03T00:00:00	12:22:00	SEM VÍTIMA	FINALIZADA	ENGENHO DO MEIO	RUA BOM PASTOR	""	""	NO SEMAFORO 391	RUA BOM PASTOR	""	NO SEMAFORO 391	ENGENHO DO MEIO		""	COLISÃO	COLISAO ENTRE DOIS AUTOS S/V	2									0		""	""	""	""	""	""	""	""	""	""	""	""	""
3951	2018-05-03T00:00:00	12:24:00	SEM VÍTIMA	FINALIZADA	ILHA DO LEITE	RUA GENERAL JOAQUIM INACIO	412	""	POR TRÁS DO COLEGIO SALESIANO	RUA GENERAL JOAQUIM INACIO	412	POR TRÁS DO COLEGIO SALESIANO	ILHA DO LEITE		""	COLISÃO COM CICLISTA	COLISÃO SEM VÍTIMA	1			1						0		""	""	""	""	""	""	""	""	""	""	""	""	""
3952	2018-05-03T00:00:00	13:37:00	SEM VÍTIMA	FINALIZADA	BOA VIAGEM	AV DOM JOAO VI	215	""	AO LADO DO GGE	AV DOM JOAO VI	215	AO LADO DO GGE	BOA VIAGEM		""	COLISÃO	COLISÃO SEM VÍTIMA	1						1			0		""	""	""	""	""	""	""	""	""	""	""	""	""
3953	2018-05-03T00:00:00	13:43:00	SEM VÍTIMA	FINALIZADA	TORRE	AV PROFESSOR ESTEVAO FRANCISCO DA COSTA	36	""	EM FRENTE AO MARTELINHO DE OURO E O POSTO PETROCAL	AV PROFESSOR ESTEVAO FRANCISCO DA COSTA	36	EM FRENTE AO MARTELINHO DE OURO E O POSTO PETROCAL	TORRE		""	COLISÃO	COLISÃO SEM VÍTIMA		2								0		""	""	""	""	""	""	""	""	""	""	""	""	""
3954	2018-05-03T00:00:00	13:58:00	SEM VÍTIMA	FINALIZADA	NOVA DESCOBERTA	RUA NOVA DESCOBERTA	204	""	PROX. AO LARGO DONA REGINA, EM FRENTE AO MERCADO ESTRELA	RUA NOVA DESCOBERTA	204	PROX. AO LARGO DONA REGINA, EM FRENTE AO MERCADO ESTRELA	NOVA DESCOBERTA		""	COLISÃO	CAMINHAO E ONIBUS 						1	1			0		""	""	""	""	""	""	""	""	""	""	""	""	""
3955	2018-05-03T00:00:00	14:02:00	SEM VÍTIMA	CANCELADA	BOA VIAGEM	RUA BRUNO VELOSO	""	""	EM FRENTE AO HOTEL INTERNACIONAL PALACE	RUA BRUNO VELOSO	""	EM FRENTE AO HOTEL INTERNACIONAL PALACE	BOA VIAGEM		""	COLISÃO	COLISÃO SEM VÍTIMA	2									0		""	""	""	""	""	""	""	""	""	""	""	""	""
3956	2018-05-03T00:00:00	14:44:00	SEM VÍTIMA	FINALIZADA	BOA VIAGEM	RUA FELIX DE BRITO E MELO	360	""	PROX. A AMERICA FORD, ANTES O VIADUTO	RUA FELIX DE BRITO E MELO	360	PROX. A AMERICA FORD, ANTES O VIADUTO	BOA VIAGEM		""	COLISÃO	AUTO E ONIBUS 	1					1				0		""	""	""	""	""	""	""	""	""	""	""	""	""
3957	2018-05-03T00:00:00	14:58:00	SEM VÍTIMA	FINALIZADA	IPSEP	AV DOM HELDER CAMARA	""	""	PROX. AO NUCLEO DA PM	AV DOM HELDER CAMARA	""	PROX. AO NUCLEO DA PM	IPSEP		""	COLISÃO	DOIS AUTOS S/V	2									0		""	""	""	""	""	""	""	""	""	""	""	""	""
3958	2018-05-03T00:00:00	15:31:00	COM VÍTIMA	FINALIZADA	BOA VISTA	AV CONDE DA BOA VISTA	""	""	EM FRENTE AO SHOPPING BOA VISTA	AV CONDE DA BOA VISTA	""	EM FRENTE AO SHOPPING BOA VISTA	BOA VISTA		""	ATROPELAMENTO	AUTO E PEDESTRE	1				1					1		""	""	""	""	""	""	""	""	""	""	""	""	""
3959	2018-05-03T00:00:00	15:57:00	SEM VÍTIMA	FINALIZADA	MACAXEIRA	AV NORTE	""	""	EM FRENTE A ANTIGA FABRICA DA MACAXEIRA, SENTIDO CASA AMARELA	AV NORTE	""	EM FRENTE A ANTIGA FABRICA DA MACAXEIRA, SENTIDO CASA AMARELA	MACAXEIRA		""	CHOQUE	VEICULO SE CHOCOU COM UM PRIMA DE CONCRETO	1									0		""	""	""	""	""	""	""	""	""	""	""	""	""
3960	2018-05-03T00:00:00	16:21:00	SEM VÍTIMA	FINALIZADA	BOA VIAGEM	RUA DEZ DE JULHO	2498	""	PROX. A VIDRAÇARIA ABABOX	RUA DEZ DE JULHO	2498	PROX. A VIDRAÇARIA ABABOX	BOA VIAGEM		""	COLISÃO	DOIS AUTOS S/V	2									0		""	""	""	""	""	""	""	""	""	""	""	""	""
3961	2018-05-03T00:00:00	16:22:00	SEM VÍTIMA	FINALIZADA	AREIAS	AV DR JOSE RUFINO	1501	""	EM FRENTE A IGREJA PRESBITERIANA	AV DR JOSE RUFINO	1501	EM FRENTE A IGREJA PRESBITERIANA	AREIAS		""	COLISÃO	COLISÃO SEM VÍTIMA	1	1								0		""	""	""	""	""	""	""	""	""	""	""	""	""
3962	2018-05-03T00:00:00	17:04:00	COM VÍTIMA	FINALIZADA	CASA FORTE	AV DEZESSETE DE AGOSTO	""	""	E/F AO POSTO DISLUB	AV DEZESSETE DE AGOSTO	""	E/F AO POSTO DISLUB	CASA FORTE		""	COLISÃO	COLISAO ENTRE ENTRE AUTO E MOTO COM UMA VITIMA	1	1								1		""	""	""	""	""	""	""	""	""	""	""	""	""
3963	2018-05-03T00:00:00	17:06:00	SEM VÍTIMA	FINALIZADA	IBURA	RUA RIO XINGU	""	""	SEMAFORO 351	RUA RIO XINGU	""	SEMAFORO 351	IBURA		""	COLISÃO	VAN E AUTO	2									0		""	""	""	""	""	""	""	""	""	""	""	""	""
3964	2018-05-03T00:00:00	18:30:00	COM VÍTIMA	FINALIZADA	MADALENA	RUA ARLINDO GOUVEIA	39	""	PRÓX AO CLUBE INTERNACIONAL / E/F AO ESPETINHO DE FERRERINHA E POSTO BR	RUA ARLINDO GOUVEIA	39	PRÓX AO CLUBE INTERNACIONAL / E/F AO ESPETINHO DE FERRERINHA E POSTO BR	MADALENA		""	COLISÃO	ENTRE AUTO E MOTO. C/V	1	1								1		""	""	""	""	""	""	""	""	""	""	""	""	""
3965	2018-05-03T00:00:00	18:35:00	SEM VÍTIMA	FINALIZADA	BONGI	EST DO BONGI	""	""	ENF A IGREJA BATISTA DO BONGI E PROX A DELEGACIA	EST DO BONGI	""	ENF A IGREJA BATISTA DO BONGI E PROX A DELEGACIA	BONGI		""	COLISÃO	CLIO X PALIO	2									0		""	""	""	""	""	""	""	""	""	""	""	""	""
3966	2018-05-03T00:00:00	18:55:00	SEM VÍTIMA	FINALIZADA	BOA VIAGEM	RUA WALDEMAR NERY CARNEIRO MONTEIRO	""	RUA DEZ DE JULHO	CRUZAMENTO COM A DEZ DE JULHO	RUA WALDEMAR NERY CARNEIRO MONTEIRO	""	CRUZAMENTO COM A DEZ DE JULHO	BOA VIAGEM		""	COLISÃO	DOIS AUTO	2									0		""	""	""	""	""	""	""	""	""	""	""	""	""
3967	2018-05-03T00:00:00	18:58:00	SEM VÍTIMA	FINALIZADA	BOA VIAGEM	AV ENGENHEIRO DOMINGOS FERREIRA	""	""	E/F A DELEGACIA BOA VIAGEM	AV ENGENHEIRO DOMINGOS FERREIRA	""	E/F A DELEGACIA BOA VIAGEM	BOA VIAGEM		""	COLISÃO	ENTRE 2 AUTOS (UM DOS AUTOS ENVOLVIDOS FOI FURTADO, SEGUNDO A USUÁRIA) S/V	2									0		""	""	""	""	""	""	""	""	""	""	""	""	""
3968	2018-05-03T00:00:00	19:07:00	SEM VÍTIMA	FINALIZADA	BOA VISTA	RUA DR LEOPOLDO LINS	100	""	AO LADO DA FACULDADE SOPECE	RUA DR LEOPOLDO LINS	100	AO LADO DA FACULDADE SOPECE	BOA VISTA		""	COLISÃO	HB 20 X GOL	2									0		""	""	""	""	""	""	""	""	""	""	""	""	""
3969	2018-05-03T00:00:00	19:41:00	SEM VÍTIMA	FINALIZADA	DOIS IRMÃOS	RUA DOIS IRMAOS	""	""	E/F AO PARQUE DE DOIS IRMÃOS, NA VIA	RUA DOIS IRMAOS	""	E/F AO PARQUE DE DOIS IRMÃOS, NA VIA	DOIS IRMÃOS		""	COLISÃO	ENTRE AUTO E ÔNIBUS. S/V	1					1				0		""	""	""	""	""	""	""	""	""	""	""	""	""
3970	2018-05-03T00:00:00	19:43:00	SEM VÍTIMA	CANCELADA	BOA VISTA	RUA JOAO FERNANDES VIEIRA	644	""	ENF AO HOSPITAL DE FRATURAS	RUA JOAO FERNANDES VIEIRA	644	ENF AO HOSPITAL DE FRATURAS	BOA VISTA		""	COLISÃO	DOIS AUTO	2									0		""	""	""	""	""	""	""	""	""	""	""	""	""
3971	2018-05-03T00:00:00	20:24:00	SEM VÍTIMA	FINALIZADA	TORRÕES	RUA DR MIGUEL VIEIRA FERREIRA	275	RUA CLAUDIO BROTHERHOOD	CRUZAMENTO COM A RUA CLAUDIO BROTHEROOD	RUA DR MIGUEL VIEIRA FERREIRA	275	CRUZAMENTO COM A RUA CLAUDIO BROTHEROOD	TORRÕES		""	COLISÃO	VEICULO DO ESTADO X AUTO	2									0		""	""	""	""	""	""	""	""	""	""	""	""	""
3972	2018-05-03T00:00:00	20:44:00	SEM VÍTIMA	FINALIZADA	BAIRRO DO RECIFE	AV MARTINS DE BARROS	""	""	NA SAIDA DO TERMINAL DO CAIS DE SANTA RITA	AV MARTINS DE BARROS	""	NA SAIDA DO TERMINAL DO CAIS DE SANTA RITA	BAIRRO DO RECIFE		""	COLISÃO	ONIBUS X CAMINHAO XXXX OBS:: VT 21 DA CTTU NO LOCAL						1	1			0		""	""	""	""	""	""	""	""	""	""	""	""	""
3973	2018-05-03T00:00:00	21:54:00	SEM VÍTIMA	CANCELADA	BOA VIAGEM	AV ENGENHEIRO DOMINGOS FERREIRA	""	""	ENF AO HOSPITAL NOSSA SENHORA DAS GRAÇA	AV ENGENHEIRO DOMINGOS FERREIRA	""	ENF AO HOSPITAL NOSSA SENHORA DAS GRAÇA	BOA VIAGEM		""	COLISÃO	ONIBUS E MICRO-ONIBUS						2				0		""	""	""	""	""	""	""	""	""	""	""	""	""
3974	2018-05-04T00:00:00	09:12:00	SEM VÍTIMA	FINALIZADA	SAN MARTIN	AV GENERAL SAN MARTIN	""	""	NA SAÍDA DO ESTACIONAMENTO DOS CORREIOS	AV GENERAL SAN MARTIN	""	NA SAÍDA DO ESTACIONAMENTO DOS CORREIOS	SAN MARTIN		""	COLISÃO	SEM VÍTIMAS	2									0		""	""	""	""	""	""	""	""	""	""	""	""	""
3975	2018-05-04T00:00:00	09:37:00	COM VÍTIMA	FINALIZADA	PARNAMIRIM	RUA PADRE ROMA	558	""	POR TRAS DO PAO DE AÇUCAR	RUA PADRE ROMA	558	POR TRAS DO PAO DE AÇUCAR	PARNAMIRIM		""	COLISÃO	MOTO E AUTO	1	1								1		""	""	""	""	""	""	""	""	""	""	""	""	""
3976	2018-05-04T00:00:00	09:39:00	SEM VÍTIMA	FINALIZADA	IMBIRIBEIRA	AV MARECHAL MASCARENHAS DE MORAES	4900	""	SENT /PRAZERES ,EM FRENTE AO POSTO SHELL	AV MARECHAL MASCARENHAS DE MORAES	4900	SENT /PRAZERES ,EM FRENTE AO POSTO SHELL	IMBIRIBEIRA		""	COLISÃO	SEM VITIMAS	3									0		""	""	""	""	""	""	""	""	""	""	""	""	""
3977	2018-05-04T00:00:00	10:18:00	SEM VÍTIMA	FINALIZADA	GRAÇAS	AV RUI BARBOSA	""	""	EM FRENTE AO COLEGIO MARISTA	AV RUI BARBOSA	""	EM FRENTE AO COLEGIO MARISTA	GRAÇAS		""	COLISÃO	COLISÃO SEM VITIMAS	1	1								0		""	""	""	""	""	""	""	""	""	""	""	""	""
3978	2018-05-04T00:00:00	10:21:00	SEM VÍTIMA	FINALIZADA	SÃO JOSÉ	PRC SERGIO LORETO	""	""	SENT CIDADE / LADO ESQUERDO DA VIA	PRC SERGIO LORETO	""	SENT CIDADE / LADO ESQUERDO DA VIA	SÃO JOSÉ		""	COLISÃO	AUTO PASSEIO E CAMINHAO	1						1			0		""	""	""	""	""	""	""	""	""	""	""	""	""
3979	2018-05-04T00:00:00	10:27:00	COM VÍTIMA	FINALIZADA	ÁGUA FRIA	AV BEBERIBE	1772	""	AO LADO DO MERCADO D.GUA FRIA	AV BEBERIBE	1772	AO LADO DO MERCADO D.GUA FRIA	ÁGUA FRIA		""	COLISÃO	COLISÃO COM VITIMA A ESPERA DO BOMBEIROS	1	1								1		""	""	""	""	""	""	""	""	""	""	""	""	""
3980	2018-05-04T00:00:00	11:08:00	SEM VÍTIMA	FINALIZADA	FUNDÃO	AV BEBERIBE	2785	""	NA PRAÇA DE FUNDÃO	AV BEBERIBE	2785	NA PRAÇA DE FUNDÃO	FUNDÃO		""	COLISÃO	SEM VITIMAS, COLISÃO COM UMA VIATURA DA POLICIA MILITAR	1							1		0		""	""	""	""	""	""	""	""	""	""	""	""	""
3981	2018-05-04T00:00:00	11:45:00	SEM VÍTIMA	FINALIZADA	GRAÇAS	RUA DO FUTURO	""	""	EM FRENTE AO RESTAURANTE QUINA DO FUTURO	RUA DO FUTURO	""	EM FRENTE AO RESTAURANTE QUINA DO FUTURO	GRAÇAS		""	COLISÃO	COLISÃO SEM VITIMAS	2									0		""	""	""	""	""	""	""	""	""	""	""	""	""
3982	2018-05-04T00:00:00	12:29:00	SEM VÍTIMA	FINALIZADA	SANTO AMARO	AV NORTE	""	""	E/F AO QUARTEL DO EXÉRCITO	AV NORTE	""	E/F AO QUARTEL DO EXÉRCITO	SANTO AMARO		""	COLISÃO	COLISÃO ENTRE AUTO E MOTO	1	1								0		""	""	""	""	""	""	""	""	""	""	""	""	""
3983	2018-05-04T00:00:00	12:39:00	SEM VÍTIMA	FINALIZADA	BOA VISTA	RUA DOM BOSCO	908	""	EM FRENTE AO EXTRA, E AO QUARTEL DA PM	RUA DOM BOSCO	908	EM FRENTE AO EXTRA, E AO QUARTEL DA PM	BOA VISTA		""	COLISÃO	AUTO E ONIBUS	1					1				0		""	""	""	""	""	""	""	""	""	""	""	""	""
3984	2018-05-04T00:00:00	12:57:00	COM VÍTIMA	FINALIZADA	SAN MARTIN	AV ENGENHEIRO ABDIAS DE CARVALHO	""	""	EM FRENTE AO CENTRO DE TREINAMENTO DOS CORREIOS	AV ENGENHEIRO ABDIAS DE CARVALHO	""	EM FRENTE AO CENTRO DE TREINAMENTO DOS CORREIOS	SAN MARTIN		""	ACID. DE PERCURSO	MOTOCICLISTA PERDEU O CONTROLE DO VEICULO		1								1		""	""	""	""	""	""	""	""	""	""	""	""	""
3985	2018-05-04T00:00:00	13:09:00	SEM VÍTIMA	FINALIZADA	ESPINHEIRO	RUA QUARENTA E OITO	""	RUA DO ESPINHEIRO	ESQUINA DA PADARIA DO ESPINHEIRO NO SEMAFORO 166	RUA QUARENTA E OITO	""	ESQUINA DA PADARIA DO ESPINHEIRO NO SEMAFORO 166	ESPINHEIRO		""	COLISÃO	COLISAO ENTRE AUTO E CARRO FORTE	1								1	0		""	""	""	""	""	""	""	""	""	""	""	""	""
3986	2018-05-04T00:00:00	13:11:00	""	CANCELADA	ESPINHEIRO	RUA DO ESPINHEIRO	""	""	CRUZ COM A R 48/ SEMÁFORO 166	RUA DO ESPINHEIRO	""	CRUZ COM A R 48/ SEMÁFORO 166	ESPINHEIRO		""	COLISÃO	ENTRE CARRO FORTE E AUTO PASSEIO. S/V	2									0		""	""	""	""	""	""	""	""	""	""	""	""	""
3987	2018-05-04T00:00:00	13:14:00	COM VÍTIMA	FINALIZADA	ÁGUA FRIA	RUA JOSE FERNANDES DE SOUZA	""	""	EM FRENTE AO POSTO BR, E O POSTO IPIRANGA, EM FRENTE TAMBEM AO AO HORFRUT	RUA JOSE FERNANDES DE SOUZA	""	EM FRENTE AO POSTO BR, E O POSTO IPIRANGA, EM FRENTE TAMBEM AO AO HORFRUT	ÁGUA FRIA		""	COLISÃO	AUTO E MOTO CV	1	1								2		""	""	""	""	""	""	""	""	""	""	""	""	""
3988	2018-05-04T00:00:00	13:18:00	SEM VÍTIMA	CANCELADA	BOA VIAGEM	RUA WALDEMAR NERY CARNEIRO MONTEIRO	""	""	PROX. AO COLEGIO MADRE DE DEUS, NA BEIRA CANAL, SENTIDO PIEDADE	RUA WALDEMAR NERY CARNEIRO MONTEIRO	""	PROX. AO COLEGIO MADRE DE DEUS, NA BEIRA CANAL, SENTIDO PIEDADE	BOA VIAGEM		""	COLISÃO	DOIS AUTOS	2									0		""	""	""	""	""	""	""	""	""	""	""	""	""
3989	2018-05-04T00:00:00	13:20:00	SEM VÍTIMA	FINALIZADA	AFOGADOS	AV SUL	""	""	AO LADO DA ESTAÇÃO LARGO DA PAZ / SNT CENTRO	AV SUL	""	AO LADO DA ESTAÇÃO LARGO DA PAZ / SNT CENTRO	AFOGADOS		""	COLISÃO	ENTRE CAMINHÃO ENTRE AUTO, S/V	1						1			0		""	""	""	""	""	""	""	""	""	""	""	""	""
3990	2018-05-04T00:00:00	13:24:00	SEM VÍTIMA	FINALIZADA	BOA VIAGEM	RUA WALDEMAR NERY CARNEIRO MONTEIRO	511	""	NA ESQUINA DO COLEGIO GRANDE PASSO, NA ENTRADA DA BEIRA CANAL	RUA WALDEMAR NERY CARNEIRO MONTEIRO	511	NA ESQUINA DO COLEGIO GRANDE PASSO, NA ENTRADA DA BEIRA CANAL	BOA VIAGEM		""	COLISÃO	DOIS AUTOS SV	2									0		""	""	""	""	""	""	""	""	""	""	""	""	""
3991	2018-05-04T00:00:00	13:29:00	""	CANCELADA	ÁGUA FRIA	RUA DR EUDES COSTA	""	""	NO GIRADOURO DE AGUA FRIA PROX A QUITANDARIA HORTIFRUTI	RUA DR EUDES COSTA	""	NO GIRADOURO DE AGUA FRIA PROX A QUITANDARIA HORTIFRUTI	ÁGUA FRIA		""	COLISÃO	COLISAO ENTRE AUTO E MOTO COM DUAS VITIMAS	1	1								2		""	""	""	""	""	""	""	""	""	""	""	""	""
3992	2018-05-04T00:00:00	13:47:00	SEM VÍTIMA	FINALIZADA	BOA VISTA	RUA CORREDOR DO BISPO	720	""	POR TRAS DO SHOPPING BOA VISTA AO LADO DA BOATE MKB	RUA CORREDOR DO BISPO	720	POR TRAS DO SHOPPING BOA VISTA AO LADO DA BOATE MKB	BOA VISTA		""	COLISÃO	AUTO E CAMINHAO	1						1			0		""	""	""	""	""	""	""	""	""	""	""	""	""
3993	2018-05-04T00:00:00	14:07:00	COM VÍTIMA	FINALIZADA	AFOGADOS	EST DOS REMEDIOS	""	""	NO SEMAFORO 053	EST DOS REMEDIOS	""	NO SEMAFORO 053	AFOGADOS		""	COLISÃO	COLISAO ENTRE MOTO E AUTO COM UMA VITIMAS	1	1								1		""	""	""	""	""	""	""	""	""	""	""	""	""
3994	2018-05-04T00:00:00	14:27:00	SEM VÍTIMA	FINALIZADA	TAMARINEIRA	EST DO ARRAIAL	3638	""	PROX. A CASA DOS DOCES, APOS A IGREJA DA HARMONIA	EST DO ARRAIAL	3638	PROX. A CASA DOS DOCES, APOS A IGREJA DA HARMONIA	TAMARINEIRA		""	COLISÃO	DOIS AUTOS	2									0		""	""	""	""	""	""	""	""	""	""	""	""	""
3995	2018-05-04T00:00:00	14:34:00	SEM VÍTIMA	FINALIZADA	ILHA DO LEITE	AV FREI MATIAS TEVES	S/N	""	POR TRAS DO HVISAO E/F AO CENTRO ADMINISTRATIVO PEDAGOGICO DA PREF. DO RECIFE	AV FREI MATIAS TEVES	S/N	POR TRAS DO HVISAO E/F AO CENTRO ADMINISTRATIVO PEDAGOGICO DA PREF. DO RECIFE	ILHA DO LEITE		""	COLISÃO	COLISAO ENTRE AUTO E MOTO S/V	2	1								0		""	""	""	""	""	""	""	""	""	""	""	""	""
3996	2018-05-04T00:00:00	14:45:00	SEM VÍTIMA	CANCELADA	ROSARINHO	AV NORTE	""	""	APOS A PRAÇA DO ROSARINHO, SENTIDO MACAXEIRA	AV NORTE	""	APOS A PRAÇA DO ROSARINHO, SENTIDO MACAXEIRA	ROSARINHO		""	COLISÃO	DOIS AUTOS	2									0		""	""	""	""	""	""	""	""	""	""	""	""	""