_id	DATA	hora	natureza_acidente	situacao	bairro	endereco	numero	detalhe_endereco_acidente	complemento	endereco_cruzamento	numero_cruzamento	referencia_cruzamento	bairro_cruzamento	num_semaforo	sentido_via	tipo	descricao	auto	moto	ciclom	ciclista	pedestre	onibus	caminhao	viatura	outros	vitimas	vitimasfatais	acidente_verificado	tempo_clima	situacao_semaforo	sinalizacao	condicao_via	conservacao_via	ponto_controle	situacao_placa	velocidade_max_via	mao_direcao	divisao_via1	divisao_via2	divisao_via3
3997	2018-05-04T00:00:00	15:25:00	SEM VÍTIMA	FINALIZADA	PARNAMIRIM	AV PARNAMIRIM	430	""	EM FRENTE AO BANCO SANTADER, SENTIDO JAQUEIRA	AV PARNAMIRIM	430	EM FRENTE AO BANCO SANTADER, SENTIDO JAQUEIRA	PARNAMIRIM		""	COLISÃO	DOIS AUTOS	2									0		""	""	""	""	""	""	""	""	""	""	""	""	""
3998	2018-05-04T00:00:00	15:53:00	SEM VÍTIMA	FINALIZADA	VÁRZEA	AV AFONSO OLINDENSE	606	""	PROX. AO COLEGIO MILENIO	AV AFONSO OLINDENSE	606	PROX. AO COLEGIO MILENIO	VÁRZEA		""	COLISÃO	AUTO E CAMINHAO S/V	1						1			0		""	""	""	""	""	""	""	""	""	""	""	""	""
3999	2018-05-04T00:00:00	16:02:00	SEM VÍTIMA	PENDENTE	JORDÃO	AV MARIA IRENE	""	""	EM FRENTE A ACADEMIA DA CIDADE	AV MARIA IRENE	""	EM FRENTE A ACADEMIA DA CIDADE	JORDÃO		""	COLISÃO	AUTO E ONIBUS DA ASA BRANCA						1			1	0		""	""	""	""	""	""	""	""	""	""	""	""	""
4000	2018-05-04T00:00:00	16:27:00	SEM VÍTIMA	FINALIZADA	BOA VISTA	AV GOVERNADOR AGAMENON MAGALHAES	2805	""	EM FRENTE AO CIRCULO MILITAR, SENTIDO OLINDA, NA VIA LOCAL	AV GOVERNADOR AGAMENON MAGALHAES	2805	EM FRENTE AO CIRCULO MILITAR, SENTIDO OLINDA, NA VIA LOCAL	BOA VISTA		""	ENGAVETAMENTO	TRES AUTOS S/V	3									0		""	""	""	""	""	""	""	""	""	""	""	""	""
4001	2018-05-04T00:00:00	16:55:00	SEM VÍTIMA	FINALIZADA	IPUTINGA	AV CAXANGA	""	""	EM FRENTE AO HOSPITAL BARAO DE LUCENA, SENTIDO CAMARAGIBE	AV CAXANGA	""	EM FRENTE AO HOSPITAL BARAO DE LUCENA, SENTIDO CAMARAGIBE	IPUTINGA		""	COLISÃO	]\\	2									0		""	""	""	""	""	""	""	""	""	""	""	""	""
4002	2018-05-04T00:00:00	17:12:00	SEM VÍTIMA	FINALIZADA	CAMPO GRANDE	RUA PEDRO CELSO	""	RUA SAO CAETANO	PROX. AO CLUBE DAS PAES, CRUZAMENTO COM RUASAO CAETANO	RUA PEDRO CELSO	""	PROX. AO CLUBE DAS PAES, CRUZAMENTO COM RUASAO CAETANO	CAMPO GRANDE		""	COLISÃO	DOIS AUTOS	2									0		""	""	""	""	""	""	""	""	""	""	""	""	""
4003	2018-05-04T00:00:00	18:51:00	SEM VÍTIMA	FINALIZADA	SAN MARTIN	RUA VINTE E UM DE ABRIL	2949	""	E/F AO MERCADINHO PARIS	RUA VINTE E UM DE ABRIL	2949	E/F AO MERCADINHO PARIS	SAN MARTIN		""	COLISÃO	ENTRE ONIBUS E VT POLICIAL. S/V							1	1		0		""	""	""	""	""	""	""	""	""	""	""	""	""
4004	2018-05-04T00:00:00	19:18:00	SEM VÍTIMA	FINALIZADA	AFOGADOS	LARGO DA PAZ	""	""	ENF A ESTAÇAO DO LARGO DA PAZ PROX A UPA	LARGO DA PAZ	""	ENF A ESTAÇAO DO LARGO DA PAZ PROX A UPA	AFOGADOS		""	COLISÃO	CAMINHAO X GOL	1						1			0		""	""	""	""	""	""	""	""	""	""	""	""	""
4005	2018-05-04T00:00:00	19:32:00	SEM VÍTIMA	FINALIZADA	DERBY	AV GOVERNADOR AGAMENON MAGALHAES	""	RUA HENRIQUE DIAS	CRUZAMENTO COM A RUA HENRIQUE DIAS SEMAFORO 068	AV GOVERNADOR AGAMENON MAGALHAES	""	CRUZAMENTO COM A RUA HENRIQUE DIAS SEMAFORO 068	DERBY		""	COLISÃO	DOIS AUTO	2									0		""	""	""	""	""	""	""	""	""	""	""	""	""
4006	2018-05-04T00:00:00	20:23:00	COM VÍTIMA	FINALIZADA	PARNAMIRIM	RUA CONEGO BARATA	""	EST DO ARRAIAL	CRUZANDO COM A EST DO ARRAIAL / E/F A LOJA CASAS JOSÉ ARAUJO. SNT SUB	RUA CONEGO BARATA	""	CRUZANDO COM A EST DO ARRAIAL / E/F A LOJA CASAS JOSÉ ARAUJO. SNT SUB	PARNAMIRIM		""	COLISÃO	ENTRE AUTO E MOTO. C/V	1	1								1		""	""	""	""	""	""	""	""	""	""	""	""	""
4007	2018-05-04T00:00:00	21:31:00	SEM VÍTIMA	CANCELADA	BOA VIAGEM	AV VINTE DE JANEIRO	1080	""	PRÓX AO COLÉGIO DOLRADO E ANTIGA SADIA / PARALELA COM A AV MASCARENHAS. SNT AEROPORTO	AV VINTE DE JANEIRO	1080	PRÓX AO COLÉGIO DOLRADO E ANTIGA SADIA / PARALELA COM A AV MASCARENHAS. SNT AEROPORTO	BOA VIAGEM		""	COLISÃO	ENTRE 2 AUTOS. S/V	2									0		""	""	""	""	""	""	""	""	""	""	""	""	""
4008	2018-05-04T00:00:00	21:37:00	COM VÍTIMA	FINALIZADA	IPSEP	AV RECIFE	""	""	E/F A PIZZARIA ATLÂNTICO. SEMÁFORO 616	AV RECIFE	""	E/F A PIZZARIA ATLÂNTICO. SEMÁFORO 616	IPSEP		""	COLISÃO	ENTRE 2 AUTOS. C/V	2									1		""	""	""	""	""	""	""	""	""	""	""	""	""
4009	2018-05-04T00:00:00	22:07:00	SEM VÍTIMA	FINALIZADA	MADALENA	RUA BENFICA	2464	""	DENTRO DO POSTO SHELL EXTRA ENF: AO BOMPREÇO	RUA BENFICA	2464	DENTRO DO POSTO SHELL EXTRA ENF: AO BOMPREÇO	MADALENA		""	COLISÃO	FOX X FAIT	2									0		""	""	""	""	""	""	""	""	""	""	""	""	""
4010	2018-05-04T00:00:00	23:37:00	SEM VÍTIMA	FINALIZADA	SANTO ANTÔNIO	RUA IMPERADOR PEDRO SEGUNDO	""	""	E/F AO BANCO SANTANDER E NAS PROXIMIDADES Do GABINETE PORTUGUÊS DE LEITURA DE PE / SNT CIDADE/SUB	RUA IMPERADOR PEDRO SEGUNDO	""	E/F AO BANCO SANTANDER E NAS PROXIMIDADES Do GABINETE PORTUGUÊS DE LEITURA DE PE / SNT CIDADE/SUB	SANTO ANTÔNIO		""	COLISÃO	ENTRE ÔNIBUS E AUTO. S/V	1					1				0		""	""	""	""	""	""	""	""	""	""	""	""	""
4011	2018-05-05T00:00:00	06:44:00	SEM VÍTIMA	FINALIZADA	IMBIRIBEIRA	AV MARECHAL MASCARENHAS DE MORAES	""	""	SEMAFORO 631/ PROX A UNIVERSO	AV MARECHAL MASCARENHAS DE MORAES	""	SEMAFORO 631/ PROX A UNIVERSO	IMBIRIBEIRA		""	COLISÃO	COLISAO S/V	2									0		""	""	""	""	""	""	""	""	""	""	""	""	""
4012	2018-05-05T00:00:00	06:46:00	SEM VÍTIMA	FINALIZADA	ESTÂNCIA	AV RECIFE	""	""	EM BAIXO DO SEMAFORO 618 EM FRENTE AO SUPERMERCADO WALMART	AV RECIFE	""	EM BAIXO DO SEMAFORO 618 EM FRENTE AO SUPERMERCADO WALMART	ESTÂNCIA		""	COLISÃO	COLISÃO SEM VITIMAS	1						1			0		""	""	""	""	""	""	""	""	""	""	""	""	""
4013	2018-05-05T00:00:00	07:00:00	COM VÍTIMA	FINALIZADA	DERBY	RUA JOAO FERNANDES VIEIRA	699	""	EM FRENTE A CLINICA VDA E IMAGEM E AO BOM PREÇO DO PARQUE AMORIM	RUA JOAO FERNANDES VIEIRA	699	EM FRENTE A CLINICA VDA E IMAGEM E AO BOM PREÇO DO PARQUE AMORIM	DERBY		""	ATROPELAMENTO	VITIMA A ESPERA DO SAMU		1			1					1		""	""	""	""	""	""	""	""	""	""	""	""	""
4014	2018-05-05T00:00:00	09:11:00	COM VÍTIMA	FINALIZADA	DERBY	AV GOVERNADOR AGAMENON MAGALHAES	""	""	SENTIDO BOA VIAGEM EM FRENTE AO T R E	AV GOVERNADOR AGAMENON MAGALHAES	""	SENTIDO BOA VIAGEM EM FRENTE AO T R E	DERBY		""	COLISÃO	COLISÃO COM VITIMA A ESPERA DO SAMU		1				1				1		""	""	""	""	""	""	""	""	""	""	""	""	""
4015	2018-05-05T00:00:00	09:25:00	SEM VÍTIMA	CANCELADA	TEJIPIÓ	RUA FALCAO DE LACERDA	484	""	E/F A ASA BRANCA MOTOS. SENTIDO JARDIM SÃO PAULO.	RUA FALCAO DE LACERDA	484	E/F A ASA BRANCA MOTOS. SENTIDO JARDIM SÃO PAULO.	TEJIPIÓ		""	COLISÃO	SEM VÍTIMAS	2									0		""	""	""	""	""	""	""	""	""	""	""	""	""
4016	2018-05-05T00:00:00	10:07:00	SEM VÍTIMA	FINALIZADA	AFOGADOS	RUA SAO MIGUEL	116	""	AO LADO DO CARTORIO DE AFOGADOS	RUA SAO MIGUEL	116	AO LADO DO CARTORIO DE AFOGADOS	AFOGADOS		""	COLISÃO	CAMINHAO E AUTO PASSEIO	1						1			0		""	""	""	""	""	""	""	""	""	""	""	""	""
4017	2018-05-05T00:00:00	10:20:00	SEM VÍTIMA	FINALIZADA	PINA	AV ANTONIO DE GOES	306	""	EM FRENTE A OFICINA CENTRAL DAS RODAS	AV ANTONIO DE GOES	306	EM FRENTE A OFICINA CENTRAL DAS RODAS	PINA		""	COLISÃO	COLISÃO SEM VITIMAS	2									0		""	""	""	""	""	""	""	""	""	""	""	""	""
4018	2018-05-05T00:00:00	11:29:00	SEM VÍTIMA	CANCELADA	TORRE	RUA JOAO TUDE DE MELO	""	""	APOS A PONTE DO CARREFOUR SENTIDO SHOPPING PLAZA BEIRA CANAL	RUA JOAO TUDE DE MELO	""	APOS A PONTE DO CARREFOUR SENTIDO SHOPPING PLAZA BEIRA CANAL	TORRE		""	COLISÃO	COLISÃO SEM VITIMAS	2									0		""	""	""	""	""	""	""	""	""	""	""	""	""
4019	2018-05-05T00:00:00	12:31:00	SEM VÍTIMA	CANCELADA	TORRE	RUA JOSE BONIFACIO	232	""	EM FRENTE A VILA BARILOCHE, AO LADO DO POSTO IPIRANGA	RUA JOSE BONIFACIO	232	EM FRENTE A VILA BARILOCHE, AO LADO DO POSTO IPIRANGA	TORRE		""	COLISÃO	COLISAO ENTRE DOIS AUTOS, UM SE EVADIU DO LOCAL, E O OUTRO ESTA NO MEIO DA VIA COM O EIXO QUEBRADO	2									0		""	""	""	""	""	""	""	""	""	""	""	""	""
4020	2018-05-05T00:00:00	12:51:00	SEM VÍTIMA	CANCELADA	MACAXEIRA	RUA ALTO DO PITU	1490	""	PROXIMO AO MERCADINHO BOM DE PREÇO	RUA ALTO DO PITU	1490	PROXIMO AO MERCADINHO BOM DE PREÇO	MACAXEIRA		""	COLISÃO	COLISÃO SEM VÍTIMA	1					1				0		""	""	""	""	""	""	""	""	""	""	""	""	""
4021	2018-05-05T00:00:00	12:57:00	SEM VÍTIMA	FINALIZADA	BOA VIAGEM	RUA GENERAL LUIS MALLET	140	""	EM FRENTE AO EDIFICIO JOANA CAPELEIRO	RUA GENERAL LUIS MALLET	140	EM FRENTE AO EDIFICIO JOANA CAPELEIRO	BOA VIAGEM		""	COLISÃO	COLISÃO SEM VITIMAS	3									0		""	""	""	""	""	""	""	""	""	""	""	""	""
4022	2018-05-05T00:00:00	13:24:00	SEM VÍTIMA	FINALIZADA	IMBIRIBEIRA	AV ENGENHEIRO ALVES DE SOUZA	556	""	EM FRENTE A SUB ESTAÇÃO DA CELPE	AV ENGENHEIRO ALVES DE SOUZA	556	EM FRENTE A SUB ESTAÇÃO DA CELPE	IMBIRIBEIRA		""	COLISÃO	COLISÃO SEM VITIMAS	1	1								0		""	""	""	""	""	""	""	""	""	""	""	""	""
4023	2018-05-05T00:00:00	14:08:00	SEM VÍTIMA	FINALIZADA	IPSEP	AV PRESIDENTE DUTRA	""	""	EM FRENTE AO SAL E BRASA/ SENTIDO BOA VIAGEM	AV PRESIDENTE DUTRA	""	EM FRENTE AO SAL E BRASA/ SENTIDO BOA VIAGEM	IPSEP		""	COLISÃO	COLISÃO SEM VÍTIMA	2					1				0		""	""	""	""	""	""	""	""	""	""	""	""	""
4024	2018-05-05T00:00:00	14:59:00	SEM VÍTIMA	FINALIZADA	CAXANGÁ	AV CAXANGA	""	""	SENTIDO CIDADE EM FRENTE A CONCESSIONARIA FIAT ITALIANA	AV CAXANGA	""	SENTIDO CIDADE EM FRENTE A CONCESSIONARIA FIAT ITALIANA	CAXANGÁ		""	COLISÃO	COLISÃO SEM VITIMAS	4									0		""	""	""	""	""	""	""	""	""	""	""	""	""
4025	2018-05-05T00:00:00	15:46:00	COM VÍTIMA	FINALIZADA	BOA VIAGEM	AVENIDA CELSO FURTADO (VIA MANGUE)	""	""	APOS O SUPERMERCADO EXTRA SENTIDO RIO MAR VIA MANGUE	AVENIDA CELSO FURTADO (VIA MANGUE)	""	APOS O SUPERMERCADO EXTRA SENTIDO RIO MAR VIA MANGUE	BOA VIAGEM		""	COLISÃO	COLISÃO COM VITIMA A ESPERA DO SAMU	1	1								1		""	""	""	""	""	""	""	""	""	""	""	""	""
4026	2018-05-05T00:00:00	16:11:00	SEM VÍTIMA	FINALIZADA	MADALENA	AV VISCONDE DE ALBUQUERQUE	""	""	APÓS O HOSPITAL D´AVILA E E/F A PRAÇA EÇA DE QUEIROZ	AV VISCONDE DE ALBUQUERQUE	""	APÓS O HOSPITAL D´AVILA E E/F A PRAÇA EÇA DE QUEIROZ	MADALENA		""	COLISÃO	2 AUTOS	2									0		""	""	""	""	""	""	""	""	""	""	""	""	""
4027	2018-05-05T00:00:00	16:32:00	SEM VÍTIMA	CANCELADA	SOLEDADE	RUA DO PRINCIPE	232	""	PROX. AO HOSPITAL DO EXERCITO	RUA DO PRINCIPE	232	PROX. AO HOSPITAL DO EXERCITO	SOLEDADE		""	COLISÃO	DOIS ONIBUS						2				0		""	""	""	""	""	""	""	""	""	""	""	""	""
4028	2018-05-05T00:00:00	16:40:00	SEM VÍTIMA	FINALIZADA	TAMARINEIRA	RUA CONEGO BARATA	""	AV NORTE	DE ESQUINA COM A AV NORTE EM BAIXO SEMAFORO 062 DE ESQUINA COM FERREIRA COSTA	RUA CONEGO BARATA	""	DE ESQUINA COM A AV NORTE EM BAIXO SEMAFORO 062 DE ESQUINA COM FERREIRA COSTA	TAMARINEIRA		""	COLISÃO	COLISÃO SEM VITIMAS	2									0		""	""	""	""	""	""	""	""	""	""	""	""	""
4029	2018-05-05T00:00:00	19:04:00	SEM VÍTIMA	CANCELADA	BOA VIAGEM	RUA PADRE BERNADINO PESSOA	""	AV ENG DOMINGOS FERREIRA	COM AV DOMINGOS FERREIRA, ANTES DO CARREFOUR NO SEMAFORO 144	RUA PADRE BERNADINO PESSOA	""	COM AV DOMINGOS FERREIRA, ANTES DO CARREFOUR NO SEMAFORO 144	BOA VIAGEM		""	COLISÃO	DOIS AUTOS	2									0		""	""	""	""	""	""	""	""	""	""	""	""	""
4030	2018-05-05T00:00:00	19:44:00	COM VÍTIMA	FINALIZADA	AFOGADOS	EST DO BONGI	425	""	EM FRENTE A FACULDADE NOVA ROMA	EST DO BONGI	425	EM FRENTE A FACULDADE NOVA ROMA	AFOGADOS		""	COLISÃO	AUTO E MOTO	1	1								1		""	""	""	""	""	""	""	""	""	""	""	""	""
4031	2018-05-05T00:00:00	19:58:00	SEM VÍTIMA	FINALIZADA	MADALENA	RUA BENFICA	""	""	E/F AO SUPERMERCADO BOMPREÇO. SNT CENTRO	RUA BENFICA	""	E/F AO SUPERMERCADO BOMPREÇO. SNT CENTRO	MADALENA		""	COLISÃO	ENTRE ONIBUS E AUTO. S/V	1					1				0		""	""	""	""	""	""	""	""	""	""	""	""	""
4032	2018-05-05T00:00:00	20:56:00	SEM VÍTIMA	FINALIZADA	MADALENA	RUA CAMPOS SALES	160	""	AO LADO DA SUL AMERICA	RUA CAMPOS SALES	160	AO LADO DA SUL AMERICA	MADALENA		""	COLISÃO	ENTRE CAMINHÃO E AUTO. S/V	1						1			0		""	""	""	""	""	""	""	""	""	""	""	""	""
4033	2018-05-05T00:00:00	21:05:00	SEM VÍTIMA	FINALIZADA	ILHA JOANA BEZERRA	AV BEIRA RIO	""	""	EM FRENTE A ACADEMIA DA CIDADE	AV BEIRA RIO	""	EM FRENTE A ACADEMIA DA CIDADE	ILHA JOANA BEZERRA		""	COLISÃO	DOIS AUTOS	2									0		""	""	""	""	""	""	""	""	""	""	""	""	""
4034	2018-05-05T00:00:00	21:42:00	SEM VÍTIMA	FINALIZADA	AFLITOS	AV CONS ROSA E SILVA	197	""	PROX. AO CLUBE PORTUGUES	AV CONS ROSA E SILVA	197	PROX. AO CLUBE PORTUGUES	AFLITOS		""	COLISÃO	ONIBUS E AUTO	1					1				0		""	""	""	""	""	""	""	""	""	""	""	""	""
4035	2018-05-05T00:00:00	22:47:00	COM VÍTIMA	CANCELADA	DERBY	AV GOVERNADOR AGAMENON MAGALHAES	""	""	E/F AO SUPERMERCADO WALMART E PRÓX A MCCDONALDS. SNT OLINDA	AV GOVERNADOR AGAMENON MAGALHAES	""	E/F AO SUPERMERCADO WALMART E PRÓX A MCCDONALDS. SNT OLINDA	DERBY		""	COLISÃO	AUTO E MOTO. C/V	1	1								1		""	""	""	""	""	""	""	""	""	""	""	""	""
4036	2018-05-05T00:00:00	23:17:00	SEM VÍTIMA	FINALIZADA	BOA VIAGEM	RUA RIBEIRO DE BRITO	901	""	E/F AO CENTRO EMPRESARIAL RIBEIRO DE BRITO	RUA RIBEIRO DE BRITO	901	E/F AO CENTRO EMPRESARIAL RIBEIRO DE BRITO	BOA VIAGEM		""	COLISÃO	ENTRE AUTO E MOTO. S/V	1	1								0		""	""	""	""	""	""	""	""	""	""	""	""	""
4037	2018-05-06T00:00:00	00:07:00	SEM VÍTIMA	FINALIZADA	MADALENA	RUA REAL DA TORRE	""	""	PROXIMO AO POSTO	RUA REAL DA TORRE	""	PROXIMO AO POSTO	MADALENA		""	COLISÃO	TRÊS AUTOS S/V	3									0		""	""	""	""	""	""	""	""	""	""	""	""	""
4038	2018-05-06T00:00:00	00:03:00	SEM VÍTIMA	FINALIZADA	DOIS IRMÃOS	RUA DOIS IRMAOS	""	AV DA RECUPERACAO	CRUZAMENTO COM A AV DA RECUPERAÇÃO(BR101) SEMAFORO 416	RUA DOIS IRMAOS	""	CRUZAMENTO COM A AV DA RECUPERAÇÃO(BR101) SEMAFORO 416	DOIS IRMÃOS		""	COLISÃO	COPLISÃO ENTRE DOIS AUTOS S/V	2									0		""	""	""	""	""	""	""	""	""	""	""	""	""
4039	2018-05-06T00:00:00	01:36:00	COM VÍTIMA	FINALIZADA	MADALENA	RUA JOAQUIM NABUCO	""	""	EM FRENTE A UNINASSAU	RUA JOAQUIM NABUCO	""	EM FRENTE A UNINASSAU	MADALENA		""	CHOQUE	MOTO CHOCOU-SE CONTRA UM POSTE C/V		1								1		""	""	""	""	""	""	""	""	""	""	""	""	""
4040	2018-05-06T00:00:00	02:20:00	SEM VÍTIMA	FINALIZADA	BOA VISTA	RUA DAS NINFAS	""	""	PROX DA BOATE METROPOLE	RUA DAS NINFAS	""	PROX DA BOATE METROPOLE	BOA VISTA		""	COLISÃO	COLISÃO ENTRE DOIS AUTOS S/V	2									0		""	""	""	""	""	""	""	""	""	""	""	""	""
4041	2018-05-06T00:00:00	05:27:00	SEM VÍTIMA	FINALIZADA	BOA VIAGEM	AV ENGENHEIRO DOMINGOS FERREIRA	""	RUA RIBEIRO DE BRITO	CRUZAMENTO COM A RUA RIBEIRO DE BRITO, LADO DIREITO DA VIA	AV ENGENHEIRO DOMINGOS FERREIRA	""	CRUZAMENTO COM A RUA RIBEIRO DE BRITO, LADO DIREITO DA VIA	BOA VIAGEM		""	COLISÃO	COLISÃO ENTRE DOIS AUTOS S/V	2									0		""	""	""	""	""	""	""	""	""	""	""	""	""
4042	2018-05-06T00:00:00	05:45:00	COM VÍTIMA	CANCELADA	DOIS IRMÃOS	RUA MANUEL DE MEDEIROS	109	""	EM FRENTE AO COLEGIO LIONS PANAMIRIM, EM FRENTE AO NORDESTE FRIO	RUA MANUEL DE MEDEIROS	109	EM FRENTE AO COLEGIO LIONS PANAMIRIM, EM FRENTE AO NORDESTE FRIO	DOIS IRMÃOS		""	COLISÃO	COLISÃO ENTRE DOIS AUTOS C/V	2									1		""	""	""	""	""	""	""	""	""	""	""	""	""
4043	2018-05-06T00:00:00	07:02:00	SEM VÍTIMA	FINALIZADA	ESTÂNCIA	AV DR JOSE RUFINO	""	""	EM FRENTE AO COLEGIO VISÁO E A EMPRESA ASTROTUR	AV DR JOSE RUFINO	""	EM FRENTE AO COLEGIO VISÁO E A EMPRESA ASTROTUR	ESTÂNCIA		""	COLISÃO	COLISÁO SEM VITIMAS	1					1				0		""	""	""	""	""	""	""	""	""	""	""	""	""
4044	2018-05-06T00:00:00	08:37:00	COM VÍTIMA	FINALIZADA	DOIS UNIDOS	AV HILDEBRANDO DE VASCONCELOS	704	""	EM FRENTE A ACADEMIA TOP FITNESS	AV HILDEBRANDO DE VASCONCELOS	704	EM FRENTE A ACADEMIA TOP FITNESS	DOIS UNIDOS		""	CAPOTAMENTO	COLISÁO EM SEGUIDA DE CAPOTAMENTO COM 1 VITIMA SOCORRIDA PELO SAMU	1	2								1		""	""	""	""	""	""	""	""	""	""	""	""	""
4045	2018-05-06T00:00:00	09:28:00	SEM VÍTIMA	FINALIZADA	BARRO	AV DR JOSE RUFINO	""	""	COLEGIO IMACULADA CONCEIÇÃO, SENTIDO CIDADE	AV DR JOSE RUFINO	""	COLEGIO IMACULADA CONCEIÇÃO, SENTIDO CIDADE	BARRO		""	COLISÃO	COLISÃO SEM VITIMA	1	1								0		""	""	""	""	""	""	""	""	""	""	""	""	""
4046	2018-05-06T00:00:00	09:45:00	SEM VÍTIMA	CANCELADA	BEBERIBE	AV ANIBAL BENEVOLO	1317	""	EM FRETA A GABRIELA MODAS	AV ANIBAL BENEVOLO	1317	EM FRETA A GABRIELA MODAS	BEBERIBE		""	COLISÃO	MOTO E AUTO	1	1								0		""	""	""	""	""	""	""	""	""	""	""	""	""
4047	2018-05-06T00:00:00	10:12:00	SEM VÍTIMA	FINALIZADA	MACAXEIRA	AV NORTE	""	""	SENTIDO CIDADE EM FRENTE A ANTIGA FABRICA DA MACAXEIRA	AV NORTE	""	SENTIDO CIDADE EM FRENTE A ANTIGA FABRICA DA MACAXEIRA	MACAXEIRA		""	COLISÃO	COLISÁO SEM VITIMAS	1					1				0		""	""	""	""	""	""	""	""	""	""	""	""	""
4048	2018-05-06T00:00:00	11:15:00	SEM VÍTIMA	FINALIZADA	IMBIRIBEIRA	AV ANTONIO TORRES GALVAO	""	""	JUNTO AO PONTILHÃO DO METRÔ	AV ANTONIO TORRES GALVAO	""	JUNTO AO PONTILHÃO DO METRÔ	IMBIRIBEIRA		""	COLISÃO	COLISÃO SEM VITIMA	2									0		""	""	""	""	""	""	""	""	""	""	""	""	""
4049	2018-05-06T00:00:00	12:10:00	SEM VÍTIMA	FINALIZADA	MADALENA	RUA BENFICA	411	""	EM FRENTE A CLINICA OFTALMAX	RUA BENFICA	411	EM FRENTE A CLINICA OFTALMAX	MADALENA		""	COLISÃO	COLISÃO SEM VITIMA	2									0		""	""	""	""	""	""	""	""	""	""	""	""	""
4050	2018-05-06T00:00:00	13:09:00	SEM VÍTIMA	FINALIZADA	IMBIRIBEIRA	RUA CORONEL FABRICIANO	""	""	EM FRENTE AO ATACADO DOS PRESENTES, NO SEMAFORO 310	RUA CORONEL FABRICIANO	""	EM FRENTE AO ATACADO DOS PRESENTES, NO SEMAFORO 310	IMBIRIBEIRA		""	COLISÃO	ONIBUS E AUTO	1					1				0		""	""	""	""	""	""	""	""	""	""	""	""	""
4051	2018-05-06T00:00:00	14:29:00	COM VÍTIMA	FINALIZADA	IPUTINGA	RUA PEREIRA COUTINHO FILHO	687	""	PROXIMO AO COLEGIO SANTA TEREZINHA	RUA PEREIRA COUTINHO FILHO	687	PROXIMO AO COLEGIO SANTA TEREZINHA	IPUTINGA		""	COLISÃO	COLISÃO COM VÍTIMA	1		1							1		""	""	""	""	""	""	""	""	""	""	""	""	""
4052	2018-05-06T00:00:00	14:40:00	COM VÍTIMA	FINALIZADA	CASA AMARELA	RUA PADRE LEMOS	""	""	EM FRENTE AO POSTO BR	RUA PADRE LEMOS	""	EM FRENTE AO POSTO BR	CASA AMARELA		""	COLISÃO	COLISÃO COM VÍTIMA	1	1								1		""	""	""	""	""	""	""	""	""	""	""	""	""
4053	2018-05-06T00:00:00	15:17:00	SEM VÍTIMA	FINALIZADA	VÁRZEA	RUA MARECHAL MANOEL LUIS OSORIO	208	""	PROX. AO COLEGIO PONTUAL	RUA MARECHAL MANOEL LUIS OSORIO	208	PROX. AO COLEGIO PONTUAL	VÁRZEA		""	COLISÃO	DOIS AUTOS	2									0		""	""	""	""	""	""	""	""	""	""	""	""	""
4054	2018-05-06T00:00:00	17:01:00	SEM VÍTIMA	FINALIZADA	VÁRZEA	AV AFONSO OLINDENSE	""	""	EM FRENTE AO DOCA PEÇAS E SEVIÇOS DE AR CONDICIONADO, NO SEMAFORO 638	AV AFONSO OLINDENSE	""	EM FRENTE AO DOCA PEÇAS E SEVIÇOS DE AR CONDICIONADO, NO SEMAFORO 638	VÁRZEA		""	COLISÃO COM CICLISTA	MOTO E CICLISTA	1			1						0		""	""	""	""	""	""	""	""	""	""	""	""	""
4055	2018-05-06T00:00:00	19:38:00	SEM VÍTIMA	FINALIZADA	ARRUDA	RUA DAS MOCAS	859	""	ESQUINA COM O RESTAURANTE CACULÉ E PRÓX A BRASILGÁS	RUA DAS MOCAS	859	ESQUINA COM O RESTAURANTE CACULÉ E PRÓX A BRASILGÁS	ARRUDA		""	COLISÃO	ENTRE 2 AUTOS. S/V	2									0		""	""	""	""	""	""	""	""	""	""	""	""	""
4056	2018-05-06T00:00:00	22:35:00	SEM VÍTIMA	CANCELADA	ÁGUA FRIA	RUA LADEIRA DE PEDRA	1183	""	E/F A ESCOLA ESTADUAL GABRIELA MISTRAL	RUA LADEIRA DE PEDRA	1183	E/F A ESCOLA ESTADUAL GABRIELA MISTRAL	ÁGUA FRIA		""	COLISÃO	ENTRE AUTO E ÔNIBUS. S/V	1					1				0		""	""	""	""	""	""	""	""	""	""	""	""	""
4057	2018-05-06T00:00:00	23:10:00	SEM VÍTIMA	FINALIZADA	BOMBA DO HEMETÉRIO	RUA JACOB	""	""	NA ENTRADA DA BOMBA / E-F AO DEPÓSITO DE BEBIDAS DO EDVALDO E PRÓX AO GIGANTE DO SAMBA	RUA JACOB	""	NA ENTRADA DA BOMBA / E-F AO DEPÓSITO DE BEBIDAS DO EDVALDO E PRÓX AO GIGANTE DO SAMBA	BOMBA DO HEMETÉRIO		""	COLISÃO	ENTRE 2 AUTOS. S/V	2									0		""	""	""	""	""	""	""	""	""	""	""	""	""
4058	2018-05-07T00:00:00	00:06:00	SEM VÍTIMA	FINALIZADA	BONGI	RUA GOIANIA	50	""	PRÓXIMO A FARMÁCIA PAGUE MENOS	RUA GOIANIA	50	PRÓXIMO A FARMÁCIA PAGUE MENOS	BONGI		""	COLISÃO	COLISÃO ENTRE DOIS AUTOS S/V	2									0		""	""	""	""	""	""	""	""	""	""	""	""	""
4059	2018-05-07T00:00:00	04:23:00	SEM VÍTIMA	FINALIZADA	AFOGADOS	RUA SAO MIGUEL	""	RUA COSME VIANA	CRUZAMENTO COM A RUA COSME E VIANA, EM FRENTE AO POSTO BR	RUA SAO MIGUEL	""	CRUZAMENTO COM A RUA COSME E VIANA, EM FRENTE AO POSTO BR	AFOGADOS		""	COLISÃO	COLISÃO ENTRE DOIS AUTOS S/V	2									0		""	""	""	""	""	""	""	""	""	""	""	""	""