_id	DATA	hora	natureza_acidente	situacao	bairro	endereco	numero	detalhe_endereco_acidente	complemento	endereco_cruzamento	numero_cruzamento	referencia_cruzamento	bairro_cruzamento	num_semaforo	sentido_via	tipo	descricao	auto	moto	ciclom	ciclista	pedestre	onibus	caminhao	viatura	outros	vitimas	vitimasfatais	acidente_verificado	tempo_clima	situacao_semaforo	sinalizacao	condicao_via	conservacao_via	ponto_controle	situacao_placa	velocidade_max_via	mao_direcao	divisao_via1	divisao_via2	divisao_via3
4060	2018-05-07T00:00:00	06:54:00	SEM VÍTIMA	FINALIZADA	PINA	AV HERCULANO BANDEIRA	990	""	EM FRENTE A JBS VEICULOS	AV HERCULANO BANDEIRA	990	EM FRENTE A JBS VEICULOS	PINA		""	COLISÃO	DOIS AUTOS	2									0		""	""	""	""	""	""	""	""	""	""	""	""	""
4061	2018-05-07T00:00:00	07:05:00	SEM VÍTIMA	FINALIZADA	TORRÕES	AV ENGENHEIRO ABDIAS DE CARVALHO	""	""	SENTIDO CURADO EM FRENTE AO COMPAZ	AV ENGENHEIRO ABDIAS DE CARVALHO	""	SENTIDO CURADO EM FRENTE AO COMPAZ	TORRÕES		""	COLISÃO	COLISÁO SEM VITIMAS	1						1			0		""	""	""	""	""	""	""	""	""	""	""	""	""
4062	2018-05-07T00:00:00	07:05:00	SEM VÍTIMA	FINALIZADA	CAMPO GRANDE	RUA VISCONDE DE CAIRU	122 A	""	SENTIDO SUB / CIDADE	RUA VISCONDE DE CAIRU	122 A	SENTIDO SUB / CIDADE	CAMPO GRANDE		""	COLISÃO	COLISÃO ENTRE DOIS AUTOS SEM VITIMA	2									0		""	""	""	""	""	""	""	""	""	""	""	""	""
4063	2018-05-07T00:00:00	07:33:00	COM VÍTIMA	FINALIZADA	IPSEP	AV RECIFE	""	""	EM FRENTE A HONDA	AV RECIFE	""	EM FRENTE A HONDA	IPSEP		""	ACID. DE PERCURSO	O GARUPA CAIU SOZINHO DA MOTO APÓS PASSAR EM UM BURACO. VÍTIMA COM SUSPEITA DE FRATURAR A COSTELA. SAMU E CIOS COM CHAMADO PARA O LOCAL		1								1		""	""	""	""	""	""	""	""	""	""	""	""	""
4064	2018-05-07T00:00:00	08:21:00	SEM VÍTIMA	FINALIZADA	BOA VIAGEM	AV FERNANDO SIMOES BARBOSA	""	RUA PEDRO PAES MENDONCA	CRUZ COM A RUA PEDRO PAES DE MENDON-A EM FRENTE AO SUPERMERCADO WALMART	AV FERNANDO SIMOES BARBOSA	""	CRUZ COM A RUA PEDRO PAES DE MENDON-A EM FRENTE AO SUPERMERCADO WALMART	BOA VIAGEM		""	COLISÃO	COLISÁO SEM VITIMAS	2									0		""	""	""	""	""	""	""	""	""	""	""	""	""
4065	2018-05-07T00:00:00	08:46:00	COM VÍTIMA	CANCELADA	AREIAS	AV RECIFE	""	""	SENTIDO BOA VIAGEM EM FRENTE A EMPRESA EMLURB	AV RECIFE	""	SENTIDO BOA VIAGEM EM FRENTE A EMPRESA EMLURB	AREIAS		""	ATROPELAMENTO	VITIMA SOCORRIDA POR TERCEIROS		1			1					1		""	""	""	""	""	""	""	""	""	""	""	""	""
4066	2018-05-07T00:00:00	08:50:00	SEM VÍTIMA	FINALIZADA	AREIAS	AV RECIFE	""	""	SENTIDO BOA VIAGEM EM FRENTE AO SUPERMERCADO WALMART	AV RECIFE	""	SENTIDO BOA VIAGEM EM FRENTE AO SUPERMERCADO WALMART	AREIAS		""	COLISÃO	COLISÁO SEM VITIMAS	1					1				0		""	""	""	""	""	""	""	""	""	""	""	""	""
4067	2018-05-07T00:00:00	09:08:00	SEM VÍTIMA	FINALIZADA	JORDÃO	AV MARIA IRENE	""	""	EF A AERONAUTICA APOS O AEROPORTO 1ª DIREITA	AV MARIA IRENE	""	EF A AERONAUTICA APOS O AEROPORTO 1ª DIREITA	JORDÃO		""	COLISÃO	""	1					1				0		""	""	""	""	""	""	""	""	""	""	""	""	""
4068	2018-05-07T00:00:00	09:25:00	COM VÍTIMA	FINALIZADA	BOA VIAGEM	RUA RIBEIRO DE BRITO	""	""	""	RUA RIBEIRO DE BRITO	""	""	BOA VIAGEM		""	ATROPELAMENTO	SEGUNDO INFORMAÇÃO DE TERCEIROS, A VITIMA AO SAIR DO POSTO MEDICO SE JOGOU NA FRENTE DE UM CAMINHÃO DE PLACA NÃO INFORMADA, A EQUIPE FARÁ B.O. COM VITIMA					1					1		""	""	""	""	""	""	""	""	""	""	""	""	""
4069	2018-05-07T00:00:00	10:49:00	SEM VÍTIMA	FINALIZADA	JAQUEIRA	AV RUI BARBOSA	1541	""	EM FRENTE AO COLEGIO DAMAS	AV RUI BARBOSA	1541	EM FRENTE AO COLEGIO DAMAS	JAQUEIRA		""	COLISÃO	COLISÁO SEM VITIMAS	1						1			0		""	""	""	""	""	""	""	""	""	""	""	""	""
4070	2018-05-07T00:00:00	12:08:00	SEM VÍTIMA	FINALIZADA	SAN MARTIN	AV RECIFE	""	""	NA SAIDA DE SAN MARTIN S/T JARDIMSAO PAULO NO SEMAFORO 259	AV RECIFE	""	NA SAIDA DE SAN MARTIN S/T JARDIMSAO PAULO NO SEMAFORO 259	SAN MARTIN		""	COLISÃO	COLISAO ENTRE CAMINHAO E AUTO S/V	1						1			0		""	""	""	""	""	""	""	""	""	""	""	""	""
4071	2018-05-07T00:00:00	12:21:00	SEM VÍTIMA	FINALIZADA	MADALENA	AV CAXANGA	1146	""	AO LADO DO MUSEU DA ABOLIÇÃO	AV CAXANGA	1146	AO LADO DO MUSEU DA ABOLIÇÃO	MADALENA		""	COLISÃO	SEM VITIMAS	1								1	0		""	""	""	""	""	""	""	""	""	""	""	""	""
4072	2018-05-07T00:00:00	12:21:00	SEM VÍTIMA	FINALIZADA	IMBIRIBEIRA	AV MARECHAL MASCARENHAS DE MORAES	""	""	EM FRENTE A ENTRADA DO ASSAI/ SENTIDO AEROPORTO	AV MARECHAL MASCARENHAS DE MORAES	""	EM FRENTE A ENTRADA DO ASSAI/ SENTIDO AEROPORTO	IMBIRIBEIRA		""	COLISÃO	COLISÃO SEM VÍTIMA	1					1				0		""	""	""	""	""	""	""	""	""	""	""	""	""
4073	2018-05-07T00:00:00	12:28:00	SEM VÍTIMA	FINALIZADA	AREIAS	AV RECIFE	""	""	APOS O VIDUTO E/F AO POSTO BR S/T BR	AV RECIFE	""	APOS O VIDUTO E/F AO POSTO BR S/T BR	AREIAS		""	COLISÃO	COLISAO ENTRE CAMINHAO E AUTO S/V	1						1			0		""	""	""	""	""	""	""	""	""	""	""	""	""
4074	2018-05-07T00:00:00	12:59:00	SEM VÍTIMA	FINALIZADA	VÁRZEA	RUA MARECHAL MANOEL LUIS OSORIO	""	""	EM FRENTE AO HAPVIDA E A POSTO PETROBRAS	RUA MARECHAL MANOEL LUIS OSORIO	""	EM FRENTE AO HAPVIDA E A POSTO PETROBRAS	VÁRZEA		""	COLISÃO	COLISÃO SEM VÍTIMA	1						1			0		""	""	""	""	""	""	""	""	""	""	""	""	""
4075	2018-05-07T00:00:00	14:21:00	COM VÍTIMA	FINALIZADA	AFOGADOS	EST DOS REMEDIOS	""	""	NO SEMAFORO 053	EST DOS REMEDIOS	""	NO SEMAFORO 053	AFOGADOS		""	ATROPELAMENTO	A VÍTIMA AO TENTAR ATRAVESSAR A VIA FOI ATRPELADA POR UM ÔNIBUS VT 20 NO LOCAL					1	1				1		""	""	""	""	""	""	""	""	""	""	""	""	""
4076	2018-05-07T00:00:00	14:26:00	SEM VÍTIMA	FINALIZADA	ROSARINHO	AV SANTOS DUMONT	657	RUA DR JOSE MARIA	COM RUA JOSE MARIA E/F A CASA ROSADA	AV SANTOS DUMONT	657	COM RUA JOSE MARIA E/F A CASA ROSADA	ROSARINHO		""	COLISÃO	COLISAO ENTRE DOIS AUTOS S/V	2									0		""	""	""	""	""	""	""	""	""	""	""	""	""
4077	2018-05-07T00:00:00	15:07:00	SEM VÍTIMA	FINALIZADA	SANTO AMARO	RUA VINTE E QUATRO DE AGOSTO	""	""	EM FRENTE A CONTAX	RUA VINTE E QUATRO DE AGOSTO	""	EM FRENTE A CONTAX	SANTO AMARO		""	CHOQUE	SEGUNDO OS ORIENTADORES O VEÍCULO SE CHOCOU COM O PRISMA	1									0		""	""	""	""	""	""	""	""	""	""	""	""	""
4078	2018-05-07T00:00:00	15:42:00	COM VÍTIMA	FINALIZADA	PAISSANDU	AV GOVERNADOR AGAMENON MAGALHAES	""	""	AO LADO DO HOSPITAL PORTUGUES	AV GOVERNADOR AGAMENON MAGALHAES	""	AO LADO DO HOSPITAL PORTUGUES	PAISSANDU		""	COLISÃO	COLISAO ENVOLVENDO AUTO E MOTO COM VITIMA	1	1								1		""	""	""	""	""	""	""	""	""	""	""	""	""
4079	2018-05-07T00:00:00	16:23:00	SEM VÍTIMA	FINALIZADA	IMBIRIBEIRA	AV MARECHAL MASCARENHAS DE MORAES	""	""	ANTES DO SEMÁFORO NUMERO 530, NO SENTIDO SUB / CIDADE	AV MARECHAL MASCARENHAS DE MORAES	""	ANTES DO SEMÁFORO NUMERO 530, NO SENTIDO SUB / CIDADE	IMBIRIBEIRA		""	COLISÃO	COLISÃO LONGITUDINAL ENTRE CAMINHÃO E AUTO PASSEIO.	1						1			0		""	""	""	""	""	""	""	""	""	""	""	""	""
4080	2018-05-07T00:00:00	17:42:00	COM VÍTIMA	FINALIZADA	DERBY	AV GOVERNADOR AGAMENON MAGALHAES	""	""	PROXIMO A PRAÇA DO DERBY	AV GOVERNADOR AGAMENON MAGALHAES	""	PROXIMO A PRAÇA DO DERBY	DERBY		""	COLISÃO	""	1	1								1		""	""	""	""	""	""	""	""	""	""	""	""	""
4081	2018-05-07T00:00:00	18:54:00	SEM VÍTIMA	FINALIZADA	TORRE	RUA JOSE BONIFACIO	626	RUA CONDE DE IRAJA	COM A RUA CONDE DE IRAJA, APOS PADARIA NOVA ARMADA NO SEMAFORO 191	RUA JOSE BONIFACIO	626	COM A RUA CONDE DE IRAJA, APOS PADARIA NOVA ARMADA NO SEMAFORO 191	TORRE		""	ENGAVETAMENTO	TRES AUTOS	3									0		""	""	""	""	""	""	""	""	""	""	""	""	""
4082	2018-05-07T00:00:00	19:01:00	SEM VÍTIMA	FINALIZADA	JOANA BEZERRA	AV GOVERNADOR AGAMENON MAGALHAES	""	""	NO COMEÇO DO VIATUDO JOANA BEZARRA SENTIDO OLINDA	AV GOVERNADOR AGAMENON MAGALHAES	""	NO COMEÇO DO VIATUDO JOANA BEZARRA SENTIDO OLINDA	JOANA BEZERRA		""	COLISÃO	ONIBUS PE 15 X AUTO	1					1				0		""	""	""	""	""	""	""	""	""	""	""	""	""
4083	2018-05-07T00:00:00	19:11:00	SEM VÍTIMA	FINALIZADA	MADALENA	RUA REAL DA TORRE	1201	""	PROX. AO SUPERMERCADO EXTRA BOM E ESCOLA GERAÇÃO VITORIA	RUA REAL DA TORRE	1201	PROX. AO SUPERMERCADO EXTRA BOM E ESCOLA GERAÇÃO VITORIA	MADALENA		""	COLISÃO	ONIBUS E AUTO	1					1				0		""	""	""	""	""	""	""	""	""	""	""	""	""
4084	2018-05-07T00:00:00	19:13:00	SEM VÍTIMA	FINALIZADA	IMBIRIBEIRA	AV MARECHAL MASCARENHAS DE MORAES	""	""	SENTIDO PRAZERES EMBAIXO DO VIADUTO QUE FAZ O RETORNO	AV MARECHAL MASCARENHAS DE MORAES	""	SENTIDO PRAZERES EMBAIXO DO VIADUTO QUE FAZ O RETORNO	IMBIRIBEIRA		""	ENGAVETAMENTO	CARRETA X AUTO X ONIBUS	1					1	1			0		""	""	""	""	""	""	""	""	""	""	""	""	""
4085	2018-05-07T00:00:00	19:29:00	SEM VÍTIMA	FINALIZADA	ESPINHEIRO	AV GOVERNADOR AGAMENON MAGALHAES	""	""	EM FRENTE AO MINISTERIO DO TRABALHO, SENT. BOA VIAGEM	AV GOVERNADOR AGAMENON MAGALHAES	""	EM FRENTE AO MINISTERIO DO TRABALHO, SENT. BOA VIAGEM	ESPINHEIRO		""	COLISÃO	DOIS AUTOS	2									0		""	""	""	""	""	""	""	""	""	""	""	""	""
4086	2018-05-07T00:00:00	19:40:00	SEM VÍTIMA	FINALIZADA	IMBIRIBEIRA	AV MARECHAL MASCARENHAS DE MORAES	""	""	SEMAFORO 386 ENF FERREIRA COSTA SENTIDO AEROPORTO	AV MARECHAL MASCARENHAS DE MORAES	""	SEMAFORO 386 ENF FERREIRA COSTA SENTIDO AEROPORTO	IMBIRIBEIRA		""	COLISÃO	ONIBUS X AUTO	1					1				0		""	""	""	""	""	""	""	""	""	""	""	""	""
4087	2018-05-07T00:00:00	22:14:00	SEM VÍTIMA	FINALIZADA	BOA VISTA	RUA CLUBE NAUTICO CAPIBARIBE	63	""	POR TRAS DO CINEMA SAO LUIZ	RUA CLUBE NAUTICO CAPIBARIBE	63	POR TRAS DO CINEMA SAO LUIZ	BOA VISTA		""	COLISÃO	CAMINHÃO E AUTO	1						1			0		""	""	""	""	""	""	""	""	""	""	""	""	""
4088	2018-05-08T00:00:00	07:24:00	COM VÍTIMA	FINALIZADA	BOA VISTA	AV CONDE DA BOA VISTA	""	""	SEMÁFORO 486, SENTIDO GUARARAPES	AV CONDE DA BOA VISTA	""	SEMÁFORO 486, SENTIDO GUARARAPES	BOA VISTA		""	COLISÃO COM CICLISTA	COM UMA VÍTIMA SENDO SOCORRIDA PELOS BOMBEIROS				1		1				1		""	""	""	""	""	""	""	""	""	""	""	""	""
4089	2018-05-08T00:00:00	07:28:00	COM VÍTIMA	FINALIZADA	ÁGUA FRIA	AV BEBERIBE	951	""	EM FRENTE AO MERCADO PUBLICO DE ÁGUA FRIA	AV BEBERIBE	951	EM FRENTE AO MERCADO PUBLICO DE ÁGUA FRIA	ÁGUA FRIA		""	ATROPELAMENTO	COM UMA VITIMA AGUARDANDO SAMU	1				1					1		""	""	""	""	""	""	""	""	""	""	""	""	""
4090	2018-05-08T00:00:00	07:33:00	SEM VÍTIMA	FINALIZADA	AREIAS	AV TAPAJOS	""	""	EM FRENTE A LOJA DA BR CAMINHÕES ,SEMAFORO 620	AV TAPAJOS	""	EM FRENTE A LOJA DA BR CAMINHÕES ,SEMAFORO 620	AREIAS		""	COLISÃO	COLISAO S/V	3									0		""	""	""	""	""	""	""	""	""	""	""	""	""
4091	2018-05-08T00:00:00	07:43:00	COM VÍTIMA	FINALIZADA	BOA VIAGEM	AV BOA VIAGEM	""	""	E/F A PRACINHA DE BOA VIAGEM, SEMÁFORO 004	AV BOA VIAGEM	""	E/F A PRACINHA DE BOA VIAGEM, SEMÁFORO 004	BOA VIAGEM		""	COLISÃO	COM UMA VÍTIMA À ESPERA DO SAMU	1	1								1		""	""	""	""	""	""	""	""	""	""	""	""	""
4092	2018-05-08T00:00:00	07:44:00	SEM VÍTIMA	FINALIZADA	IPUTINGA	RUA PROFESSOR MUSSA HAZIN	""	""	EF A COLEGIO E CURSO DESAFIO	RUA PROFESSOR MUSSA HAZIN	""	EF A COLEGIO E CURSO DESAFIO	IPUTINGA		""	COLISÃO	COLISAO S/V VIATURA 15 NO LOCAL	1						1			0		""	""	""	""	""	""	""	""	""	""	""	""	""
4093	2018-05-08T00:00:00	07:52:00	SEM VÍTIMA	CANCELADA	BOA VIAGEM	AV ENGENHEIRO DOMINGOS FERREIRA	""	RUA ANTONIO FALCAO	NO CRUZAMENTO DA ANTONIO FALCAO/ EF AO CARREFOUR	AV ENGENHEIRO DOMINGOS FERREIRA	""	NO CRUZAMENTO DA ANTONIO FALCAO/ EF AO CARREFOUR	BOA VIAGEM		""	COLISÃO	COLISAO S/V	2									0		""	""	""	""	""	""	""	""	""	""	""	""	""
4094	2018-05-08T00:00:00	08:38:00	SEM VÍTIMA	CANCELADA	IMBIRIBEIRA	AV MARECHAL MASCARENHAS DE MORAES	2156	""	EM FRENTE A MADEREIRA PORTA LARGA,SENT/PRAZERES	AV MARECHAL MASCARENHAS DE MORAES	2156	EM FRENTE A MADEREIRA PORTA LARGA,SENT/PRAZERES	IMBIRIBEIRA		""	COLISÃO	SEM VITIMAS	2									0		""	""	""	""	""	""	""	""	""	""	""	""	""
4095	2018-05-08T00:00:00	09:08:00	SEM VÍTIMA	FINALIZADA	AFOGADOS	EST DOS REMEDIOS	1341	""	EF OFICINA JEEP	EST DOS REMEDIOS	1341	EF OFICINA JEEP	AFOGADOS		""	COLISÃO	COLISAO S/V	2									0		""	""	""	""	""	""	""	""	""	""	""	""	""
4096	2018-05-08T00:00:00	09:36:00	SEM VÍTIMA	FINALIZADA	IPUTINGA	RUA PROFESSOR JULIO OLIVEIRA	""	""	EF A CAXANGA VEICULO SENTIDO EXTRA	RUA PROFESSOR JULIO OLIVEIRA	""	EF A CAXANGA VEICULO SENTIDO EXTRA	IPUTINGA		""	COLISÃO	COLISAO S/V	1						1			0		""	""	""	""	""	""	""	""	""	""	""	""	""
4097	2018-05-08T00:00:00	09:48:00	SEM VÍTIMA	FINALIZADA	BOA VIAGEM	RUA BALTAZAR PASSOS	301	""	E/F A PADARIA PAN JOVEM	RUA BALTAZAR PASSOS	301	E/F A PADARIA PAN JOVEM	BOA VIAGEM		""	COLISÃO	SEM VÍTIMAS	2									0		""	""	""	""	""	""	""	""	""	""	""	""	""
4098	2018-05-08T00:00:00	10:08:00	SEM VÍTIMA	FINALIZADA	BOA VIAGEM	RUA DR VICENTE GOMES	441	""	E/F A OFICINA MOURA, SEMÁFORO 433	RUA DR VICENTE GOMES	441	E/F A OFICINA MOURA, SEMÁFORO 433	BOA VIAGEM		""	COLISÃO	SEM VÍTIMAS	2									0		""	""	""	""	""	""	""	""	""	""	""	""	""
4099	2018-05-08T00:00:00	11:01:00	SEM VÍTIMA	FINALIZADA	DERBY	AV GOVERNADOR AGAMENON MAGALHAES	""	""	MC DONALD- SENTIDO OLINDA	AV GOVERNADOR AGAMENON MAGALHAES	""	MC DONALD- SENTIDO OLINDA	DERBY		""	COLISÃO	COLISÃO COM VT - RONDAC X FORD KA	2									0		""	""	""	""	""	""	""	""	""	""	""	""	""
4100	2018-05-08T00:00:00	11:17:00	SEM VÍTIMA	FINALIZADA	SÃO JOSÉ	AV SUL	6117	""	PROX. A PRAÇA SERGIO LORETO	AV SUL	6117	PROX. A PRAÇA SERGIO LORETO	SÃO JOSÉ		""	COLISÃO	AUTO E MOTO SV	1	1								0		""	""	""	""	""	""	""	""	""	""	""	""	""
4101	2018-05-08T00:00:00	11:37:00	SEM VÍTIMA	FINALIZADA	VÁRZEA	RUA BARAO DE MURIBECA	54	""	E/F A RESIDENCIA. PROX. AO POSTO DE GASOLINA DA BRENNAND	RUA BARAO DE MURIBECA	54	E/F A RESIDENCIA. PROX. AO POSTO DE GASOLINA DA BRENNAND	VÁRZEA		""	COLISÃO	SEM VÍTIMAS.	1	1								0		""	""	""	""	""	""	""	""	""	""	""	""	""
4102	2018-05-08T00:00:00	13:20:00	SEM VÍTIMA	EQUIPE EM DESLOCAMENTO	ILHA DO LEITE	AV LINS PETIT	""	""	E/F O HOSPITAL DA UNIMED 1 NA PRAÇA CHORA MENINO	AV LINS PETIT	""	E/F O HOSPITAL DA UNIMED 1 NA PRAÇA CHORA MENINO	ILHA DO LEITE		""	COLISÃO	COLISAO ENTRE DOIS AUTOS /V	2									0		""	""	""	""	""	""	""	""	""	""	""	""	""
4103	2018-05-08T00:00:00	13:28:00	SEM VÍTIMA	FINALIZADA	ZUMBI	AV CAXANGA	""	""	EM FRENTE A CAIXA ECONOMICA FEDERAL	AV CAXANGA	""	EM FRENTE A CAIXA ECONOMICA FEDERAL	ZUMBI		""	COLISÃO	COLISÃO ENTRE DOIS AUTOS	2									0		""	""	""	""	""	""	""	""	""	""	""	""	""
4104	2018-05-08T00:00:00	13:47:00	SEM VÍTIMA	CANCELADA	TORRE	RUA JOAO DE DEUS	138	""	AO LADO DA PADARIA NOJA IRAJA	RUA JOAO DE DEUS	138	AO LADO DA PADARIA NOJA IRAJA	TORRE		""	COLISÃO	COLISÃO SEM VÍTIMA	2									0		""	""	""	""	""	""	""	""	""	""	""	""	""
4105	2018-05-08T00:00:00	14:54:00	SEM VÍTIMA	FINALIZADA	PINA	AV ANTONIO DE GOES	""	""	AO LADO DO DNIT, SENTIDO SHOPPING RIO MAR, SEMAFORO 656	AV ANTONIO DE GOES	""	AO LADO DO DNIT, SENTIDO SHOPPING RIO MAR, SEMAFORO 656	PINA		""	ENGAVETAMENTO	TRES AUTOS S/V	3									0		""	""	""	""	""	""	""	""	""	""	""	""	""
4106	2018-05-08T00:00:00	15:34:00	SEM VÍTIMA	FINALIZADA	VÁRZEA	AV CAXANGA	""	""	NO SEMÁFORO 568/ SENTIDO CIDADE	AV CAXANGA	""	NO SEMÁFORO 568/ SENTIDO CIDADE	VÁRZEA		""	COLISÃO	COLISÃO SEM VÍTIMA	1	1								0		""	""	""	""	""	""	""	""	""	""	""	""	""
4107	2018-05-08T00:00:00	16:15:00	SEM VÍTIMA	FINALIZADA	DERBY	AV GOVERNADOR AGAMENON MAGALHAES	""	""	E/F A FACULDADE SAO MIGUEL S/T OLINDA	AV GOVERNADOR AGAMENON MAGALHAES	""	E/F A FACULDADE SAO MIGUEL S/T OLINDA	DERBY		""	COLISÃO	COLISAO ENTRE DOIS AUTOS S/V	2									0		""	""	""	""	""	""	""	""	""	""	""	""	""
4108	2018-05-08T00:00:00	16:18:00	SEM VÍTIMA	CANCELADA	IPUTINGA	RUA LEAL DE BARROS	150	""	E/F AO TERMINAL DO BARBALHO DETRAN	RUA LEAL DE BARROS	150	E/F AO TERMINAL DO BARBALHO DETRAN	IPUTINGA		""	COLISÃO	COLISAO ENTRE ONIBUS E AUTO S/V	1					1				0		""	""	""	""	""	""	""	""	""	""	""	""	""
4109	2018-05-08T00:00:00	16:40:00	SEM VÍTIMA	FINALIZADA	BOA VISTA	AV CONDE DA BOA VISTA	1126	""	APOS A SOLEDADE	AV CONDE DA BOA VISTA	1126	APOS A SOLEDADE	BOA VISTA		""	COLISÃO	COLISÃO SEM VITIMA	1									0		""	""	""	""	""	""	""	""	""	""	""	""	""
4110	2018-05-08T00:00:00	17:06:00	SEM VÍTIMA	CANCELADA	AFOGADOS	RUA NICOLAU PEREIRA	""	""	AO LADO DA CAIXA ECONOMICA	RUA NICOLAU PEREIRA	""	AO LADO DA CAIXA ECONOMICA	AFOGADOS		""	COLISÃO	CAMINHAO E AUTO	1						1			0		""	""	""	""	""	""	""	""	""	""	""	""	""
4111	2018-05-08T00:00:00	17:42:00	SEM VÍTIMA	EQUIPE EM DESLOCAMENTO	SÃO JOSÉ	PTE GIRATORIA	""	""	NA PONTE	PTE GIRATORIA	""	NA PONTE	SÃO JOSÉ		""	COLISÃO	COLISAO ENTRE DOIS AUTOS S/V	2									0		""	""	""	""	""	""	""	""	""	""	""	""	""
4112	2018-05-08T00:00:00	17:42:00	SEM VÍTIMA	FINALIZADA	MUSTARDINHA	RUA VINTE E UM DE ABRIL	""	RUA MANOEL GONÇALVES DA LUZ	SEMAFORO 245, CRUZAMENTO COM RUA MANOEL GONÇALVES DA LUZ	RUA VINTE E UM DE ABRIL	""	SEMAFORO 245, CRUZAMENTO COM RUA MANOEL GONÇALVES DA LUZ	MUSTARDINHA		""	COLISÃO	DOIS AUTOS	2									0		""	""	""	""	""	""	""	""	""	""	""	""	""
4113	2018-05-08T00:00:00	17:48:00	SEM VÍTIMA	FINALIZADA	IMBIRIBEIRA	AV MARECHAL MASCARENHAS DE MORAES	""	""	E/F AO ATACADO DOS PRESENTES S/T CID	AV MARECHAL MASCARENHAS DE MORAES	""	E/F AO ATACADO DOS PRESENTES S/T CID	IMBIRIBEIRA		""	COLISÃO	COLISAO DE ONIBUS E AUTO S/V	1					1				0		""	""	""	""	""	""	""	""	""	""	""	""	""
4114	2018-05-08T00:00:00	18:19:00	SEM VÍTIMA	FINALIZADA	CASA FORTE	EST DAS UBAIAS,	486	""	ENF A ESCOLA SAGRADA FAMILIA	EST DAS UBAIAS,	486	ENF A ESCOLA SAGRADA FAMILIA	CASA FORTE		""	COLISÃO	FAIT X FORD K	2									0		""	""	""	""	""	""	""	""	""	""	""	""	""
4115	2018-05-08T00:00:00	18:29:00	COM VÍTIMA	FINALIZADA	ILHA DO LEITE	PTE JOSE DE BARROS LIMA	""	""	SOBRE A PONTE	PTE JOSE DE BARROS LIMA	""	SOBRE A PONTE	ILHA DO LEITE		""	COLISÃO	COLISÃO VISUALIZADO PELO VIDEO MONITORAMENTO	1	1								1		""	""	""	""	""	""	""	""	""	""	""	""	""
4116	2018-05-08T00:00:00	18:31:00	SEM VÍTIMA	FINALIZADA	SÃO JOSÉ	AV SUL	867	""	EM FRENTE AO HOTEL CRYSTAL, SENT. CIDADE	AV SUL	867	EM FRENTE AO HOTEL CRYSTAL, SENT. CIDADE	SÃO JOSÉ		""	COLISÃO	ONIBUS E AUTO	1					1				0		""	""	""	""	""	""	""	""	""	""	""	""	""
4117	2018-05-08T00:00:00	19:31:00	""	CANCELADA	CASA FORTE	EST DAS UBAIAS,	486	""	COM A RUA CASA FORTE, NA ESQUINA DO COLEGIO SAGRADA FAMILIA	EST DAS UBAIAS,	486	COM A RUA CASA FORTE, NA ESQUINA DO COLEGIO SAGRADA FAMILIA	CASA FORTE		""	COLISÃO	DOIS AUTOS	2									0		""	""	""	""	""	""	""	""	""	""	""	""	""
4118	2018-05-08T00:00:00	19:38:00	SEM VÍTIMA	CANCELADA	VASCO DA GAMA	RUA ALTO DO EUCALIPTO	""	""	DEPOIS DO TERMINAL DO ALTO DO EUCALIPITO	RUA ALTO DO EUCALIPTO	""	DEPOIS DO TERMINAL DO ALTO DO EUCALIPITO	VASCO DA GAMA		""	COLISÃO	TAXISTA ESTA PARADO NO MEIO DA VIA	1									0		""	""	""	""	""	""	""	""	""	""	""	""	""
4119	2018-05-08T00:00:00	20:18:00	COM VÍTIMA	FINALIZADA	AFOGADOS	RUA SAO MIGUEL	""	""	PROX AO RESTAURANTE BODE DO NÔ E AMAZEM CORAL	RUA SAO MIGUEL	""	PROX AO RESTAURANTE BODE DO NÔ E AMAZEM CORAL	AFOGADOS		""	COLISÃO	DOIS AUTO VEICULO COM RADIADOR QUEBRADO NO MEIO DA VIA	2									1		""	""	""	""	""	""	""	""	""	""	""	""	""
4120	2018-05-08T00:00:00	22:26:00	SEM VÍTIMA	CANCELADA	MADALENA	AV VISCONDE DE ALBUQUERQUE	""	""	ANTES DO CRUZAMENTO COM A AV ABDIAS DE CARVALHO	AV VISCONDE DE ALBUQUERQUE	""	ANTES DO CRUZAMENTO COM A AV ABDIAS DE CARVALHO	MADALENA		""	COLISÃO	AUTO X MOTO	1	1								0		""	""	""	""	""	""	""	""	""	""	""	""	""
4121	2018-05-08T00:00:00	22:39:00	SEM VÍTIMA	CANCELADA	VÁRZEA	RUA JOAO SALES MENEZES	""	AV PROF ANTONIO COELHO	CRUZAMENTO COM A AV PROFESSOR ANTONIO COELHO SEMAFORO 651	RUA JOAO SALES MENEZES	""	CRUZAMENTO COM A AV PROFESSOR ANTONIO COELHO SEMAFORO 651	VÁRZEA		""	COLISÃO	DOIS AUTO	2									0		""	""	""	""	""	""	""	""	""	""	""	""	""
4122	2018-05-09T00:00:00	01:55:00	SEM VÍTIMA	CANCELADA	ENCRUZILHADA	RUA DA CORAGEM	152	RUA DONA JULIETA	COM A RUA JULIETA, PROX. A FARMACIA PAGUE MENOS E DO BAR CONFRARIA DO MAR	RUA DA CORAGEM	152	COM A RUA JULIETA, PROX. A FARMACIA PAGUE MENOS E DO BAR CONFRARIA DO MAR	ENCRUZILHADA		""	COLISÃO	DOIS AUTOS	2									0		""	""	""	""	""	""	""	""	""	""	""	""	""