_id	DATA	hora	natureza_acidente	situacao	bairro	endereco	numero	detalhe_endereco_acidente	complemento	endereco_cruzamento	numero_cruzamento	referencia_cruzamento	bairro_cruzamento	num_semaforo	sentido_via	tipo	descricao	auto	moto	ciclom	ciclista	pedestre	onibus	caminhao	viatura	outros	vitimas	vitimasfatais	acidente_verificado	tempo_clima	situacao_semaforo	sinalizacao	condicao_via	conservacao_via	ponto_controle	situacao_placa	velocidade_max_via	mao_direcao	divisao_via1	divisao_via2	divisao_via3
4123	2018-05-09T00:00:00	07:15:00	SEM VÍTIMA	CANCELADA	CASA FORTE	RUA DA HARMONIA	861	EST DO ENCANAMENTO	SEMAFORO 435 / COM EST DO ENCANAMENTO	RUA DA HARMONIA	861	SEMAFORO 435 / COM EST DO ENCANAMENTO	CASA FORTE		""	COLISÃO	ONIBUS E AUTO PASSEITO	1					1				0		""	""	""	""	""	""	""	""	""	""	""	""	""
4124	2018-05-09T00:00:00	08:04:00	SEM VÍTIMA	CANCELADA	IPUTINGA	RUA BOM PASTOR	235	""	EM FRENTE AO CONDOMIO SINHA	RUA BOM PASTOR	235	EM FRENTE AO CONDOMIO SINHA	IPUTINGA		""	COLISÃO	DOIS AUTOS	2									0		""	""	""	""	""	""	""	""	""	""	""	""	""
4125	2018-05-09T00:00:00	08:21:00	SEM VÍTIMA	FINALIZADA	AFLITOS	AV CONS ROSA E SILVA	950	""	PROX. AO BOMPREÇO DA CONS. PORTELA	AV CONS ROSA E SILVA	950	PROX. AO BOMPREÇO DA CONS. PORTELA	AFLITOS		""	COLISÃO	AUTO E ONIBUS	2									0		""	""	""	""	""	""	""	""	""	""	""	""	""
4126	2018-05-09T00:00:00	08:28:00	SEM VÍTIMA	FINALIZADA	GRAÇAS	RUA AMELIA	""	""	SEMAFORO 195,EM FRENTE AO ESPAÇO CASA	RUA AMELIA	""	SEMAFORO 195,EM FRENTE AO ESPAÇO CASA	GRAÇAS		""	COLISÃO	SEM VITIMAS,VEICULOS ESTÃO NA RUA DO ESPINHEIRO 316	1						1			0		""	""	""	""	""	""	""	""	""	""	""	""	""
4127	2018-05-09T00:00:00	08:35:00	SEM VÍTIMA	FINALIZADA	PINA	AV HERCULANO BANDEIRA	""	""	SEMAFORO 137 / LADO DIREITO DA VIA	AV HERCULANO BANDEIRA	""	SEMAFORO 137 / LADO DIREITO DA VIA	PINA		""	COLISÃO	ONIBUS E AUTO PASSEIO	1					1				0		""	""	""	""	""	""	""	""	""	""	""	""	""
4128	2018-05-09T00:00:00	08:56:00	SEM VÍTIMA	FINALIZADA	PARNAMIRIM	RUA DR JOSE MARIA	1038	""	E/F AO EDF ALDO LOPES.	RUA DR JOSE MARIA	1038	E/F AO EDF ALDO LOPES.	PARNAMIRIM		""	COLISÃO	SEM VÍTIMAS	1	1								0		""	""	""	""	""	""	""	""	""	""	""	""	""
4129	2018-05-09T00:00:00	08:59:00	SEM VÍTIMA	FINALIZADA	DERBY	PRC DO DERBY	""	""	SENT/CIDADEAO LADO DO QUARTEL DO DERBY	PRC DO DERBY	""	SENT/CIDADEAO LADO DO QUARTEL DO DERBY	DERBY		""	COLISÃO	SEM VITIMAS.	2									0		""	""	""	""	""	""	""	""	""	""	""	""	""
4130	2018-05-09T00:00:00	09:02:00	SEM VÍTIMA	FINALIZADA	SANTO AMARO	AV PREFEITO ARTUR LIMA CAVALCANTI	""	""	POR TRAS DO HOSPITAL DA MARINHA	AV PREFEITO ARTUR LIMA CAVALCANTI	""	POR TRAS DO HOSPITAL DA MARINHA	SANTO AMARO		""	COLISÃO	VIATURA POLICIA CIVIL DESCARECTERIZADA / AUTO PASSEIO	1							1		0		""	""	""	""	""	""	""	""	""	""	""	""	""
4131	2018-05-09T00:00:00	09:02:00	COM VÍTIMA	FINALIZADA	IMBIRIBEIRA	AV MARECHAL MASCARENHAS DE MORAES	""	""	NO SEMÁFORO 530 NO SENTIDO AFOGADOS	AV MARECHAL MASCARENHAS DE MORAES	""	NO SEMÁFORO 530 NO SENTIDO AFOGADOS	IMBIRIBEIRA		""	COLISÃO	DOIS CAMINHÕES IMPRENSSARAM UMA MOTOCICLETA . SITUAÇÃO VERIFICADA TAMBÉM PELO VÍDEO MONITORAMENTO. VÍTIMA EM ATENDIMENTO PELO SAMU.		1					2			1		""	""	""	""	""	""	""	""	""	""	""	""	""
4132	2018-05-09T00:00:00	09:06:00	SEM VÍTIMA	FINALIZADA	PINA	AV HERCULANO BANDEIRA	581	""	EM FRENTE AO POSTO DO INSS	AV HERCULANO BANDEIRA	581	EM FRENTE AO POSTO DO INSS	PINA		""	COLISÃO	AUTO E ONIS 	1					1				0		""	""	""	""	""	""	""	""	""	""	""	""	""
4133	2018-05-09T00:00:00	09:27:00	SEM VÍTIMA	FINALIZADA	CIDADE UNIVERSITÁRIA	RUA ACADEMICO HELIO RAMOS	77	""	RUA POR TRAS DA FEDERAL	RUA ACADEMICO HELIO RAMOS	77	RUA POR TRAS DA FEDERAL	CIDADE UNIVERSITÁRIA		""	COLISÃO	AUTO E ONIBUS 	1					1				0		""	""	""	""	""	""	""	""	""	""	""	""	""
4134	2018-05-09T00:00:00	09:44:00	COM VÍTIMA	FINALIZADA	ARRUDA	RUA DO MACHADO	415	""	PROX. AO MERCADINHO DO ARRUDA	RUA DO MACHADO	415	PROX. AO MERCADINHO DO ARRUDA	ARRUDA		""	COLISÃO	AUTO E MOTO	1	1								1		""	""	""	""	""	""	""	""	""	""	""	""	""
4135	2018-05-09T00:00:00	09:52:00	SEM VÍTIMA	FINALIZADA	IPUTINGA	RUA ENGENHEIRO MOACYR PARAHYBA	222	""	E/F A RESIDENCIA. AO LADO DA LOJA AUTO FILME	RUA ENGENHEIRO MOACYR PARAHYBA	222	E/F A RESIDENCIA. AO LADO DA LOJA AUTO FILME	IPUTINGA		""	COLISÃO	SEM VÍTIMAS	2									0		""	""	""	""	""	""	""	""	""	""	""	""	""
4136	2018-05-09T00:00:00	10:17:00	SEM VÍTIMA	FINALIZADA	SÃO JOSÉ	RUA CATALAO	105	""	EM FRENTE A BARBEARIA CABELO	RUA CATALAO	105	EM FRENTE A BARBEARIA CABELO	SÃO JOSÉ		""	COLISÃO	SEM VITIMAS	1						1			0		""	""	""	""	""	""	""	""	""	""	""	""	""
4137	2018-05-09T00:00:00	10:38:00	SEM VÍTIMA	FINALIZADA	MADALENA	RUA CARLOS ESTEVAO	43	""	AO LADO DE MARCELO EQUIPADORA, DA ESTRADA DOS REMÉDIOS	RUA CARLOS ESTEVAO	43	AO LADO DE MARCELO EQUIPADORA, DA ESTRADA DOS REMÉDIOS	MADALENA		""	COLISÃO	SEM VITIMAS	2									0		""	""	""	""	""	""	""	""	""	""	""	""	""
4138	2018-05-09T00:00:00	11:05:00	SEM VÍTIMA	FINALIZADA	BOA VIAGEM	AV ENGENHEIRO DOMINGOS FERREIRA	2324	""	E/F A AMARELO MEL, SENTIDO PIEDADE.	AV ENGENHEIRO DOMINGOS FERREIRA	2324	E/F A AMARELO MEL, SENTIDO PIEDADE.	BOA VIAGEM		""	COLISÃO	SEM VÍTIMAS	1	1								0		""	""	""	""	""	""	""	""	""	""	""	""	""
4139	2018-05-09T00:00:00	11:15:00	COM VÍTIMA	FINALIZADA	IMBIRIBEIRA	AV MARECHAL MASCARENHAS DE MORAES	""	""	PROXIMO AO GERALDÃO	AV MARECHAL MASCARENHAS DE MORAES	""	PROXIMO AO GERALDÃO	IMBIRIBEIRA		""	COLISÃO	COM VÍTIMA		2								1		""	""	""	""	""	""	""	""	""	""	""	""	""
4140	2018-05-09T00:00:00	11:37:00	SEM VÍTIMA	FINALIZADA	SÃO JOSÉ	RUA VELHA	59	""	EM FRENTE AO ESTACIONAMENTO IMPERATRIZ	RUA VELHA	59	EM FRENTE AO ESTACIONAMENTO IMPERATRIZ	SÃO JOSÉ		""	COLISÃO	SEM VITIMAS	1					1				0		""	""	""	""	""	""	""	""	""	""	""	""	""
4141	2018-05-09T00:00:00	11:57:00	""	CANCELADA	IMBIRIBEIRA	AV MARECHAL MASCARENHAS DE MORAES	2666	""	PROX. AO GERALDAO, SENTIDO AEROPORTO	AV MARECHAL MASCARENHAS DE MORAES	2666	PROX. AO GERALDAO, SENTIDO AEROPORTO	IMBIRIBEIRA		""	COLISÃO	DUAS MOTOS		2								1		""	""	""	""	""	""	""	""	""	""	""	""	""
4142	2018-05-09T00:00:00	12:02:00	""	CANCELADA	BOA VISTA	RUA AURORA	""	""	NO SEMÁFORO 209	RUA AURORA	""	NO SEMÁFORO 209	BOA VISTA		""	COLISÃO	COLISÃO SEM VÍTIMA	1					1				0		""	""	""	""	""	""	""	""	""	""	""	""	""
4143	2018-05-09T00:00:00	12:08:00	SEM VÍTIMA	FINALIZADA	BOA VISTA	RUA DOM BOSCO	""	""	EM FRENTE AO POSTO BR	RUA DOM BOSCO	""	EM FRENTE AO POSTO BR	BOA VISTA		""	COLISÃO	COLISÃO SEM VÍTIMA	1	1								0		""	""	""	""	""	""	""	""	""	""	""	""	""
4144	2018-05-09T00:00:00	12:24:00	COM VÍTIMA	CANCELADA	BOA VIAGEM	RUA ERNESTO DE PAULA SANTOS	""	""	EM FRENTE A FACULDADE MAURICIO DE NASSAU E O POSTO BR	RUA ERNESTO DE PAULA SANTOS	""	EM FRENTE A FACULDADE MAURICIO DE NASSAU E O POSTO BR	BOA VIAGEM		""	COLISÃO	COLISÃO COM VÍTIMA		1								1		""	""	""	""	""	""	""	""	""	""	""	""	""
4145	2018-05-09T00:00:00	12:26:00	COM VÍTIMA	FINALIZADA	DERBY	RUA JENER DE SOUZA	""	""	AO LADO DO QUARTEL DO DERBY SENTIDO CENTRO	RUA JENER DE SOUZA	""	AO LADO DO QUARTEL DO DERBY SENTIDO CENTRO	DERBY		""	COLISÃO	COLISAO ENTRE AUTO E MOTO COM VITIMA	1	1								1		""	""	""	""	""	""	""	""	""	""	""	""	""
4146	2018-05-09T00:00:00	12:55:00	COM VÍTIMA	FINALIZADA	SANTO AMARO	AV NORTE	""	""	PROX. AO CEMITERIO DOS INGLESES, SEMAFORO 587	AV NORTE	""	PROX. AO CEMITERIO DOS INGLESES, SEMAFORO 587	SANTO AMARO		""	COLISÃO COM CICLISTA	MOTO E CICLISTA, COM DUAS VITIMAS		1		1						2		""	""	""	""	""	""	""	""	""	""	""	""	""
4147	2018-05-09T00:00:00	13:59:00	SEM VÍTIMA	FINALIZADA	FUNDÃO	AV BEBERIBE	2840	""	EM FRENTE A IGREJA BATISTA	AV BEBERIBE	2840	EM FRENTE A IGREJA BATISTA	FUNDÃO		""	COLISÃO	AUTO E CAMINHAO	1						1			0		""	""	""	""	""	""	""	""	""	""	""	""	""
4148	2018-05-09T00:00:00	14:14:00	SEM VÍTIMA	CANCELADA	BOA VIAGEM	RUA VISCONDE DE JEQUITINHONHA	""	""	POR TRAS DO COLEGIO INTEGRAL	RUA VISCONDE DE JEQUITINHONHA	""	POR TRAS DO COLEGIO INTEGRAL	BOA VIAGEM		""	COLISÃO	COLISAO ENTRE AUTO E MOTO S/V	1	1								0		""	""	""	""	""	""	""	""	""	""	""	""	""
4149	2018-05-09T00:00:00	14:21:00	SEM VÍTIMA	FINALIZADA	GRAÇAS	RUA JOAO RAMOS	60	""	EM FRENTE A O DEPOSITO VIVA ÁGUA	RUA JOAO RAMOS	60	EM FRENTE A O DEPOSITO VIVA ÁGUA	GRAÇAS		""	COLISÃO	COLISÃO SEM VÍTIMA	3									0		""	""	""	""	""	""	""	""	""	""	""	""	""
4150	2018-05-09T00:00:00	15:49:00	SEM VÍTIMA	FINALIZADA	BOA VIAGEM	AVENIDA CELSO FURTADO (VIA MANGUE)	""	""	PROX AO WALMART	AVENIDA CELSO FURTADO (VIA MANGUE)	""	PROX AO WALMART	BOA VIAGEM		""	ENGAVETAMENTO	ENGAVETAMENTO ENTRE TRES AUTOS S/V	3									0		""	""	""	""	""	""	""	""	""	""	""	""	""
4151	2018-05-09T00:00:00	15:52:00	SEM VÍTIMA	FINALIZADA	BOA VISTA	RUA DAS NINFAS	189	""	EM FRENTE A METROPOLE	RUA DAS NINFAS	189	EM FRENTE A METROPOLE	BOA VISTA		""	COLISÃO	DOIS AUTOS S/V	2									0		""	""	""	""	""	""	""	""	""	""	""	""	""
4152	2018-05-09T00:00:00	16:26:00	SEM VÍTIMA	FINALIZADA	COELHOS	RUA DOS COELHOS	""	""	EM FRENTE AO IMIP	RUA DOS COELHOS	""	EM FRENTE AO IMIP	COELHOS		""	COLISÃO	AUTO E CAMINHAO	1					1				0		""	""	""	""	""	""	""	""	""	""	""	""	""
4153	2018-05-09T00:00:00	17:48:00	SEM VÍTIMA	FINALIZADA	DERBY	RUA BENFICA	""	""	NA SAÍDA DO QUARTEL DO CHOQUE	RUA BENFICA	""	NA SAÍDA DO QUARTEL DO CHOQUE	DERBY		""	COLISÃO	ÔNIBUS E AUTO	1					1				0		""	""	""	""	""	""	""	""	""	""	""	""	""
4154	2018-05-09T00:00:00	17:52:00	SEM VÍTIMA	FINALIZADA	SANTO AMARO	RUA 10 DE NOVEMBRO	""	""	A 100 METROS DA AV NORTE NO SENTIDO CIDADE SUBÚRBIO	RUA 10 DE NOVEMBRO	""	A 100 METROS DA AV NORTE NO SENTIDO CIDADE SUBÚRBIO	SANTO AMARO		""	COLISÃO	ÔNIBUS E AUTO	1					1				0		""	""	""	""	""	""	""	""	""	""	""	""	""
4155	2018-05-09T00:00:00	18:09:00	SEM VÍTIMA	FINALIZADA	MADALENA	RUA DOM JOAO DE SOUZA	732	""	PRÓXIMO A DROGARIA MADALENA / CRUZANDO A R REAL DA TORRRE E E/F A FOTO VARELA	RUA DOM JOAO DE SOUZA	732	PRÓXIMO A DROGARIA MADALENA / CRUZANDO A R REAL DA TORRRE E E/F A FOTO VARELA	MADALENA		""	COLISÃO	ENTRE AUTO E CAMINHÃO. S/V	1						1			0		""	""	""	""	""	""	""	""	""	""	""	""	""
4156	2018-05-09T00:00:00	18:22:00	""	CANCELADA	SÃO JOSÉ	C SANTA RITA	""	""	ENTRE O POSTO DE GASOLINA IPIRANGA E FORUM THOMAZ DE AQUINO	C SANTA RITA	""	ENTRE O POSTO DE GASOLINA IPIRANGA E FORUM THOMAZ DE AQUINO	SÃO JOSÉ		""	COLISÃO	ONIBUS SAO JUDAS TADEU X FAIT UNO X AUTO	2					1				0		""	""	""	""	""	""	""	""	""	""	""	""	""
4157	2018-05-09T00:00:00	18:50:00	SEM VÍTIMA	FINALIZADA	SANTO ANTÔNIO	AV MARTINS DE BARROS	""	AV NOSSA SENHORA DO CARMO	CRUZAMENTO COM A AV NOSSA SENHORA DO CARMO / PRÓX AO POSTO IPIRANGA	AV MARTINS DE BARROS	""	CRUZAMENTO COM A AV NOSSA SENHORA DO CARMO / PRÓX AO POSTO IPIRANGA	SANTO ANTÔNIO		""	ENGAVETAMENTO	ENTRE ÔNIBUS E DOIS AUTOS. S/V	2					1				0		""	""	""	""	""	""	""	""	""	""	""	""	""
4158	2018-05-09T00:00:00	19:15:00	SEM VÍTIMA	CANCELADA	SANTO AMARO	AV NORTE	""	""	E/F A 7 REGIÃO MILITAR	AV NORTE	""	E/F A 7 REGIÃO MILITAR	SANTO AMARO		""	COLISÃO	ENTRE 2 AUTOS. S/V	2									0		""	""	""	""	""	""	""	""	""	""	""	""	""
4159	2018-05-09T00:00:00	19:18:00	SEM VÍTIMA	CANCELADA	IBURA	RUA VALE DO ITAJAI	107	""	PRO A UPA	RUA VALE DO ITAJAI	107	PRO A UPA	IBURA		""	COLISÃO	DUAS MOTOS		2								0		""	""	""	""	""	""	""	""	""	""	""	""	""
4160	2018-05-09T00:00:00	19:32:00	SEM VÍTIMA	FINALIZADA	MADALENA	RUA BENFICA	""	""	LADO OPOSTO DO Nº 521	RUA BENFICA	""	LADO OPOSTO DO Nº 521	MADALENA		""	COLISÃO	ONIBUS CHEV/ SPIN	1					1				0		""	""	""	""	""	""	""	""	""	""	""	""	""
4161	2018-05-09T00:00:00	21:56:00	SEM VÍTIMA	CANCELADA	MADALENA	RUA DEMOCRITO DE SOUZA FILHO	156	""	ENF MARIA LINA E MARIA LARA NA RUA DO ANTIGO RESTAURANTE ESTRELA DO MAR	RUA DEMOCRITO DE SOUZA FILHO	156	ENF MARIA LINA E MARIA LARA NA RUA DO ANTIGO RESTAURANTE ESTRELA DO MAR	MADALENA		""	COLISÃO	DOPIS AUTO	2									0		""	""	""	""	""	""	""	""	""	""	""	""	""
4162	2018-05-10T00:00:00	00:11:00	SEM VÍTIMA	FINALIZADA	TORRÕES	AV ENGENHEIRO ABDIAS DE CARVALHO	""	""	EM FRENTE A UPA	AV ENGENHEIRO ABDIAS DE CARVALHO	""	EM FRENTE A UPA	TORRÕES		""	COLISÃO	COLISÃO ENTRE AUTO E CAMINHÃO S/V	1						1			0		""	""	""	""	""	""	""	""	""	""	""	""	""
4163	2018-05-10T00:00:00	07:33:00	SEM VÍTIMA	FINALIZADA	CORDEIRO	AV CAXANGA	""	""	SENTIDO CIDADE EM FRENTE AO BANCO SANTANDER	AV CAXANGA	""	SENTIDO CIDADE EM FRENTE AO BANCO SANTANDER	CORDEIRO		""	COLISÃO	COLISÃO SEM VITIMAS	1					1				0		""	""	""	""	""	""	""	""	""	""	""	""	""
4164	2018-05-10T00:00:00	07:56:00	SEM VÍTIMA	FINALIZADA	AFOGADOS	LARGO DA PAZ	""	""	EM FRENTE A ESTACAO LARGO DA PAZ / SENT CIDADE	LARGO DA PAZ	""	EM FRENTE A ESTACAO LARGO DA PAZ / SENT CIDADE	AFOGADOS		""	COLISÃO	DOIS AUTOS S/V	2									0		""	""	""	""	""	""	""	""	""	""	""	""	""
4165	2018-05-10T00:00:00	08:04:00	COM VÍTIMA	FINALIZADA	BOA VIAGEM	AV GENERAL MAC ARTHUR	""	""	EM FRENTE AO CONDOMINIO LEPARC	AV GENERAL MAC ARTHUR	""	EM FRENTE AO CONDOMINIO LEPARC	BOA VIAGEM		""	COLISÃO	COM UMA VITIMA AGUARDANDO SAMU	1	1								1		""	""	""	""	""	""	""	""	""	""	""	""	""
4166	2018-05-10T00:00:00	08:38:00	COM VÍTIMA	FINALIZADA	CASA FORTE	AV DEZESSETE DE AGOSTO	690	""	EM FRENTE A HYUNDAI	AV DEZESSETE DE AGOSTO	690	EM FRENTE A HYUNDAI	CASA FORTE		""	COLISÃO	COM UMA VITIMA AGUARDANDO SAMU,LOCAL DESCARACTERIZADO	1	1								1		""	""	""	""	""	""	""	""	""	""	""	""	""
4167	2018-05-10T00:00:00	08:40:00	SEM VÍTIMA	FINALIZADA	IMBIRIBEIRA	AV MARECHAL MASCARENHAS DE MORAES	""	""	SENTIDO PRAZERES EM FRENTE AO ESTACIONAMENTO DO AEROPORTO	AV MARECHAL MASCARENHAS DE MORAES	""	SENTIDO PRAZERES EM FRENTE AO ESTACIONAMENTO DO AEROPORTO	IMBIRIBEIRA		""	COLISÃO	COLISÃO SEM VITIMAS						1	1			0		""	""	""	""	""	""	""	""	""	""	""	""	""
4168	2018-05-10T00:00:00	08:49:00	COM VÍTIMA	FINALIZADA	IBURA	RUA SEVERINO GALDINO DE OLIVEIRA	125	RUA DOZE DE JULHO	CRUZAMENTO COM A RUA DOZE DE JULHO,AO LADO DO BAR MINGAU DE CACHORRO DO GALEGO	RUA SEVERINO GALDINO DE OLIVEIRA	125	CRUZAMENTO COM A RUA DOZE DE JULHO,AO LADO DO BAR MINGAU DE CACHORRO DO GALEGO	IBURA		""	COLISÃO	COM UMA VITIMA AGUARDANDO SAMU	1	1								1		""	""	""	""	""	""	""	""	""	""	""	""	""
4169	2018-05-10T00:00:00	09:07:00	SEM VÍTIMA	FINALIZADA	DERBY	RUA JENER DE SOUZA	""	""	EM FRENTE AO QUARTEL DO DERBY	RUA JENER DE SOUZA	""	EM FRENTE AO QUARTEL DO DERBY	DERBY		""	COLISÃO	SEM VITIMAS	2									0		""	""	""	""	""	""	""	""	""	""	""	""	""
4170	2018-05-10T00:00:00	10:01:00	SEM VÍTIMA	FINALIZADA	IMBIRIBEIRA	AV MARECHAL MASCARENHAS DE MORAES	6997	""	AO LADO DO CANAL DO JORDÃO SENT/AEROPORTO	AV MARECHAL MASCARENHAS DE MORAES	6997	AO LADO DO CANAL DO JORDÃO SENT/AEROPORTO	IMBIRIBEIRA		""	COLISÃO	SEM VITIMAS	1						1			0		""	""	""	""	""	""	""	""	""	""	""	""	""
4171	2018-05-10T00:00:00	10:50:00	SEM VÍTIMA	FINALIZADA	IMBIRIBEIRA	AV MARECHAL MASCARENHAS DE MORAES	""	""	SENTIDO PRAZERES EM FRENTE AO AEROPORTO	AV MARECHAL MASCARENHAS DE MORAES	""	SENTIDO PRAZERES EM FRENTE AO AEROPORTO	IMBIRIBEIRA		""	COLISÃO	COLISÃO SEM VITIMAS	1						1			0		""	""	""	""	""	""	""	""	""	""	""	""	""
4172	2018-05-10T00:00:00	10:51:00	SEM VÍTIMA	FINALIZADA	TORRE	RUA DOM MANOEL DA COSTA	104	""	SEMAFORO 252	RUA DOM MANOEL DA COSTA	104	SEMAFORO 252	TORRE		""	COLISÃO	DOIS AUTOS	2									0		""	""	""	""	""	""	""	""	""	""	""	""	""
4173	2018-05-10T00:00:00	11:05:00	SEM VÍTIMA	FINALIZADA	BOA VISTA	RUA HENRIQUE DIAS	""	""	AO LADO DO HOSPITAL MEMORIAL SAO JOSE	RUA HENRIQUE DIAS	""	AO LADO DO HOSPITAL MEMORIAL SAO JOSE	BOA VISTA		""	COLISÃO	AUTO PASSEIO E ONIBUS	1					1				0		""	""	""	""	""	""	""	""	""	""	""	""	""
4174	2018-05-10T00:00:00	11:07:00	SEM VÍTIMA	CANCELADA	AREIAS	RUA PARENTE VIANA	25	""	RESIDENCIA POR TRAS DO TERMINAL DA VILA TAMANDARE	RUA PARENTE VIANA	25	RESIDENCIA POR TRAS DO TERMINAL DA VILA TAMANDARE	AREIAS		""	CHOQUE	CONDUTOR ADENTROU EM UMA RESIDENCIA SEM VITIMAS										0		""	""	""	""	""	""	""	""	""	""	""	""	""
4175	2018-05-10T00:00:00	11:50:00	SEM VÍTIMA	FINALIZADA	ILHA DO RETIRO	RUA SPORT CLUBE DO RECIFE	""	""	AO LDO DO SUPERMERCADO EXTRA	RUA SPORT CLUBE DO RECIFE	""	AO LDO DO SUPERMERCADO EXTRA	ILHA DO RETIRO		""	COLISÃO	ONIBUS E AUTO	1					1				0		""	""	""	""	""	""	""	""	""	""	""	""	""
4176	2018-05-10T00:00:00	12:18:00	SEM VÍTIMA	FINALIZADA	SANTO AMARO	AV GOVERNADOR AGAMENON MAGALHAES	""	""	E/F A REITORIA DA UPE, SNT OLINDA / SEMÁFORO 108 - EM FRENTE AO DRT	AV GOVERNADOR AGAMENON MAGALHAES	""	E/F A REITORIA DA UPE, SNT OLINDA / SEMÁFORO 108 - EM FRENTE AO DRT	SANTO AMARO		""	COLISÃO	ENTRE 2 AUTOS. S/V	2									0		""	""	""	""	""	""	""	""	""	""	""	""	""
4177	2018-05-10T00:00:00	13:06:00	SEM VÍTIMA	PENDENTE	IPSEP	AV RECIFE	""	""	SEMÁFORO 055 - CRUZANDO A RUA PINTOR ANTÔNIO DE ALBUQUERQUE	AV RECIFE	""	SEMÁFORO 055 - CRUZANDO A RUA PINTOR ANTÔNIO DE ALBUQUERQUE	IPSEP		""	COLISÃO	ENTRE CAMINHÃO E MOTO. S/V		1					1			0		""	""	""	""	""	""	""	""	""	""	""	""	""
4178	2018-05-10T00:00:00	13:11:00	SEM VÍTIMA	FINALIZADA	ESPINHEIRO	RUA QUARENTA E OITO	""	RUA CONSELHEIRO PORTELA	COM RUA CONSELHEIRO PORTELA NO SEMAFORO 011	RUA QUARENTA E OITO	""	COM RUA CONSELHEIRO PORTELA NO SEMAFORO 011	ESPINHEIRO		""	COLISÃO	COLISAOP ENTRE COLETIVO E AUTO S/V	1					1				0		""	""	""	""	""	""	""	""	""	""	""	""	""
4179	2018-05-10T00:00:00	13:26:00	SEM VÍTIMA	FINALIZADA	PORTO DA MADEIRA	AV BEBERIBE	3530	""	E/F AO EDF JOÃO PAULO ll / AO LADO DO SEST SENAT	AV BEBERIBE	3530	E/F AO EDF JOÃO PAULO ll / AO LADO DO SEST SENAT	PORTO DA MADEIRA		""	ENGAVETAMENTO	ENTRE 3 AUTOS ( O TERCEIRO VEÍCULO ACABOU SE EVADINDO DO LOCAL ) S/V	3									0		""	""	""	""	""	""	""	""	""	""	""	""	""
4180	2018-05-10T00:00:00	13:40:00	SEM VÍTIMA	FINALIZADA	BOA VIAGEM	AV ENGENHEIRO DOMINGOS FERREIRA	""	""	E/F AO WALMART SUPERMERCADO(ANTIGO BOMPREÇO)	AV ENGENHEIRO DOMINGOS FERREIRA	""	E/F AO WALMART SUPERMERCADO(ANTIGO BOMPREÇO)	BOA VIAGEM		""	COLISÃO	ENTRE 2 AUTOS. S/V	2									0		""	""	""	""	""	""	""	""	""	""	""	""	""
4181	2018-05-10T00:00:00	16:09:00	SEM VÍTIMA	FINALIZADA	AFOGADOS	EST DOS REMEDIOS	""	AV ENG ABDIAS DE CARVALHO	COM AV ABDIAS DE CARVALHO E/F A BOB S S/T CID	EST DOS REMEDIOS	""	COM AV ABDIAS DE CARVALHO E/F A BOB S S/T CID	AFOGADOS		""	COLISÃO	COLISAO ENTRE DOIS AUTOS S/V	2									0		""	""	""	""	""	""	""	""	""	""	""	""	""
4182	2018-05-10T00:00:00	16:57:00	SEM VÍTIMA	FINALIZADA	BOA VIAGEM	AV ENGENHEIRO DOMINGOS FERREIRA	3380	""	E/F A LOJA ICASA, APÓS O CARREFOUR // PRÓX AS FARMÁCIAS EXTRA FARMA E BIGBEN	AV ENGENHEIRO DOMINGOS FERREIRA	3380	E/F A LOJA ICASA, APÓS O CARREFOUR // PRÓX AS FARMÁCIAS EXTRA FARMA E BIGBEN	BOA VIAGEM		""	COLISÃO	ENTRE ÔNIBUS E AUTO. S/V	1					1				0		""	""	""	""	""	""	""	""	""	""	""	""	""
4183	2018-05-10T00:00:00	17:20:00	COM VÍTIMA	FINALIZADA	APIPUCOS	RUA DE APIPUCOS	117	""	LADO OPOSTO A RUA DOM MALAN	RUA DE APIPUCOS	117	LADO OPOSTO A RUA DOM MALAN	APIPUCOS		""	COLISÃO	COLISÃO COM VITIMA	1	1								1		""	""	""	""	""	""	""	""	""	""	""	""	""
4184	2018-05-10T00:00:00	17:43:00	SEM VÍTIMA	EQUIPE EM DESLOCAMENTO	TORRE	RUA JOSE BONIFACIO	""	""	SOBRE O VIADUTO DO CARREFOUR	RUA JOSE BONIFACIO	""	SOBRE O VIADUTO DO CARREFOUR	TORRE		""	COLISÃO	COISAO ENTRE ONIBUS E AUTO S/V	1					1				0		""	""	""	""	""	""	""	""	""	""	""	""	""
4185	2018-05-10T00:00:00	18:09:00	SEM VÍTIMA	CANCELADA	ENCRUZILHADA	RUA AMARO COUTINHO	""	""	E/F AO BAR DO TONHÃO / ATRÁS DO MERCADO DA ENCRUZILHADA	RUA AMARO COUTINHO	""	E/F AO BAR DO TONHÃO / ATRÁS DO MERCADO DA ENCRUZILHADA	ENCRUZILHADA		""	ENGAVETAMENTO	ENTRE 3 AUTOS. S/V	3									0		""	""	""	""	""	""	""	""	""	""	""	""	""
4186	2018-05-10T00:00:00	18:27:00	SEM VÍTIMA	CANCELADA	TORRE	RUA REAL DA TORRE	1309	""	E/F A FARMÁCIA SÃO PAULO	RUA REAL DA TORRE	1309	E/F A FARMÁCIA SÃO PAULO	TORRE		""	COLISÃO	ENTRE AUTO E CAMINHÃO. S/V	1						1			0		""	""	""	""	""	""	""	""	""	""	""	""	""
4187	2018-05-10T00:00:00	18:35:00	""	FINALIZADA	TORRE	RUA JOSE BONIFACIO	1309	""	SENTIDO AFOGADOS PROX A DROGARIA SAO PAULO	RUA JOSE BONIFACIO	1309	SENTIDO AFOGADOS PROX A DROGARIA SAO PAULO	TORRE		""	COLISÃO	MECEDEZ BAU X CORSA	1						1			0		""	""	""	""	""	""	""	""	""	""	""	""	""