_id	DATA	hora	natureza_acidente	situacao	bairro	endereco	numero	detalhe_endereco_acidente	complemento	endereco_cruzamento	numero_cruzamento	referencia_cruzamento	bairro_cruzamento	num_semaforo	sentido_via	tipo	descricao	auto	moto	ciclom	ciclista	pedestre	onibus	caminhao	viatura	outros	vitimas	vitimasfatais	acidente_verificado	tempo_clima	situacao_semaforo	sinalizacao	condicao_via	conservacao_via	ponto_controle	situacao_placa	velocidade_max_via	mao_direcao	divisao_via1	divisao_via2	divisao_via3
4252	2018-05-11T00:00:00	22:06:00	COM VÍTIMA	CANCELADA	IBURA	AV DOM HELDER CAMARA	""	""	APOS A LINHA DO TREM SENTIDO CIDADE SUBURBIO	AV DOM HELDER CAMARA	""	APOS A LINHA DO TREM SENTIDO CIDADE SUBURBIO	IBURA		""	COLISÃO	AUTO X MOTOCICLETA, VITIMA FOI SOCORRIDA POR MEIOS PRÓPRIOS										1		""	""	""	""	""	""	""	""	""	""	""	""	""
4253	2018-05-11T00:00:00	23:02:00	SEM VÍTIMA	PENDENTE	ILHA DO RETIRO	AV ENGENHEIRO ABDIAS DE CARVALHO	""	""	E/F A LANCHONETE BOBS	AV ENGENHEIRO ABDIAS DE CARVALHO	""	E/F A LANCHONETE BOBS	ILHA DO RETIRO		""	COLISÃO	ENTRE 2 AUTOS. S/V	2									0		""	""	""	""	""	""	""	""	""	""	""	""	""
4254	2018-05-11T00:00:00	23:24:00	SEM VÍTIMA	PENDENTE	IPSEP	RUA ITACARI	""	RUA ITAJAI	ESQUINA COM A R ITAJAI / PRÓX AO PREDIO DA OI	RUA ITACARI	""	ESQUINA COM A R ITAJAI / PRÓX AO PREDIO DA OI	IPSEP		""	COLISÃO	ENTRE 2 AUTOS. S/V	2									0		""	""	""	""	""	""	""	""	""	""	""	""	""
4255	2018-05-12T00:00:00	01:06:00	SEM VÍTIMA	FINALIZADA	TORRÕES	RUA ZUMBI DOS PALMARES	465	""	EM FRENTE A EYSHILLA MÓVEIS // PRÓX A LOJA DE FERREIRINHA	RUA ZUMBI DOS PALMARES	465	EM FRENTE A EYSHILLA MÓVEIS // PRÓX A LOJA DE FERREIRINHA	TORRÕES		""	ENGAVETAMENTO	ENGAVETAMENTE ENVONVELDO 4 VEÍCULOS, S/V.	4									0		""	""	""	""	""	""	""	""	""	""	""	""	""
4256	2018-05-12T00:00:00	08:00:00	COM VÍTIMA	FINALIZADA	BOA VISTA	RUA DO PROGRESSO	269	RUA DAS NINFAS	RUA DAS NINFAS / AO LADO DA GALERIA ESQUINA PROGRESSO	RUA DO PROGRESSO	269	RUA DAS NINFAS / AO LADO DA GALERIA ESQUINA PROGRESSO	BOA VISTA		""	COLISÃO	MOTO E AUTO	1	1								1		""	""	""	""	""	""	""	""	""	""	""	""	""
4257	2018-05-12T00:00:00	09:45:00	SEM VÍTIMA	CANCELADA	DERBY	AV GOVERNADOR AGAMENON MAGALHAES	""	""	EM FRENTE A PRAÇA DO DERBY / SEMAFORO 075	AV GOVERNADOR AGAMENON MAGALHAES	""	EM FRENTE A PRAÇA DO DERBY / SEMAFORO 075	DERBY		""	COLISÃO	COLISAO SEM VITIMA	1	1								0		""	""	""	""	""	""	""	""	""	""	""	""	""
4258	2018-05-12T00:00:00	09:47:00	SEM VÍTIMA	FINALIZADA	IMBIRIBEIRA	AV MARECHAL MASCARENHAS DE MORAES	""	""	E,M FRENTE AGRO FLORES / SENT CIDADE	AV MARECHAL MASCARENHAS DE MORAES	""	E,M FRENTE AGRO FLORES / SENT CIDADE	IMBIRIBEIRA		""	COLISÃO	DOIS AUTOS	2									0		""	""	""	""	""	""	""	""	""	""	""	""	""
4259	2018-05-12T00:00:00	09:52:00	SEM VÍTIMA	FINALIZADA	SAN MARTIN	AV GENERAL SAN MARTIN	134	""	E/F A RESIDENCIA, SENTIDO AV RECIFE	AV GENERAL SAN MARTIN	134	E/F A RESIDENCIA, SENTIDO AV RECIFE	SAN MARTIN		""	COLISÃO	SEM VÍTIMAS		2								0		""	""	""	""	""	""	""	""	""	""	""	""	""
4260	2018-05-12T00:00:00	09:53:00	SEM VÍTIMA	FINALIZADA	CAXANGÁ	RUA RIBEIRO PESSOA	""	""	PROX A UPA SENTIDO CIDADE/ SEMAFORO 281	RUA RIBEIRO PESSOA	""	PROX A UPA SENTIDO CIDADE/ SEMAFORO 281	CAXANGÁ		""	COLISÃO	COLISAO S/V	1					1				0		""	""	""	""	""	""	""	""	""	""	""	""	""
4261	2018-05-12T00:00:00	10:21:00	COM VÍTIMA	FINALIZADA	PINA	AV ENGENHEIRO DOMINGOS FERREIRA	""	""	EM FRENTE A UNIDADE DE SAUDE JOÃO RODRIGUES PCR	AV ENGENHEIRO DOMINGOS FERREIRA	""	EM FRENTE A UNIDADE DE SAUDE JOÃO RODRIGUES PCR	PINA		""	COLISÃO	COM UMA VITIMA										1		""	""	""	""	""	""	""	""	""	""	""	""	""
4262	2018-05-12T00:00:00	10:51:00	SEM VÍTIMA	FINALIZADA	GRAÇAS	RUA DO FUTURO	""	RUA AMELIA	COM RUA AMELIA	RUA DO FUTURO	""	COM RUA AMELIA	GRAÇAS		""	COLISÃO	COLISÃO SEM VITIMA	2									0		""	""	""	""	""	""	""	""	""	""	""	""	""
4263	2018-05-12T00:00:00	10:51:00	COM VÍTIMA	FINALIZADA	BOA VISTA	RUA DO PRINCIPE	""	""	EM FRENTE A UNIVERSIDADE CATÓLICA	RUA DO PRINCIPE	""	EM FRENTE A UNIVERSIDADE CATÓLICA	BOA VISTA		""	COLISÃO	COLISÃO COM VITIMA	1	1								1		""	""	""	""	""	""	""	""	""	""	""	""	""
4264	2018-05-12T00:00:00	11:17:00	SEM VÍTIMA	FINALIZADA	IBURA	AV DOIS RIOS	423	""	SESI DO IBURA	AV DOIS RIOS	423	SESI DO IBURA	IBURA		""	COLISÃO	COLISÃO SEM VITIMA	1						1			0		""	""	""	""	""	""	""	""	""	""	""	""	""
4265	2018-05-12T00:00:00	11:29:00	SEM VÍTIMA	CANCELADA	IPUTINGA	AV CAXANGA	2363	""	SUB/CID	AV CAXANGA	2363	SUB/CID	IPUTINGA		""	COLISÃO	DOIS AUTOS	2									0		""	""	""	""	""	""	""	""	""	""	""	""	""
4266	2018-05-12T00:00:00	11:33:00	SEM VÍTIMA	CANCELADA	BOA VIAGEM	RUA BELMONTE	20	""	EM FRENTE A VIA MOVEIS	RUA BELMONTE	20	EM FRENTE A VIA MOVEIS	BOA VIAGEM		""	COLISÃO	SEM VITIMA	2									0		""	""	""	""	""	""	""	""	""	""	""	""	""
4267	2018-05-12T00:00:00	12:21:00	SEM VÍTIMA	CANCELADA	ROSARINHO	RUA DR JOSE MARIA	980	""	EM FRENTE A PRAÇA NOSSA SENHORA DE FATIMA	RUA DR JOSE MARIA	980	EM FRENTE A PRAÇA NOSSA SENHORA DE FATIMA	ROSARINHO		""	COLISÃO	DOIS AUTOS	2									0		""	""	""	""	""	""	""	""	""	""	""	""	""
4268	2018-05-12T00:00:00	12:25:00	SEM VÍTIMA	PENDENTE	IPSEP	RUA JEAN EMILE FAVRE	890	""	EM FRENTE A AUTO PEÇAS MARINGA E FARMACIA BIG BEN	RUA JEAN EMILE FAVRE	890	EM FRENTE A AUTO PEÇAS MARINGA E FARMACIA BIG BEN	IPSEP		""	COLISÃO	DOIS AUTOS	2									0		""	""	""	""	""	""	""	""	""	""	""	""	""
4269	2018-05-12T00:00:00	12:29:00	COM VÍTIMA	FINALIZADA	CAJUEIRO	AV CIDADE DE MONTEIRO	80	""	AO LADO DO ARMAZEM CORAL	AV CIDADE DE MONTEIRO	80	AO LADO DO ARMAZEM CORAL	CAJUEIRO		""	COLISÃO	AUTO E MOTO	1	1								1		""	""	""	""	""	""	""	""	""	""	""	""	""
4270	2018-05-12T00:00:00	12:55:00	SEM VÍTIMA	FINALIZADA	DERBY	AV GOVERNADOR AGAMENON MAGALHAES	137	""	EM FRENTE AO PRONTOPELE SENT. OLINDA	AV GOVERNADOR AGAMENON MAGALHAES	137	EM FRENTE AO PRONTOPELE SENT. OLINDA	DERBY		""	COLISÃO	DOIS AUTOS	2									0		""	""	""	""	""	""	""	""	""	""	""	""	""
4271	2018-05-12T00:00:00	13:28:00	SEM VÍTIMA	FINALIZADA	SANTO AMARO	AV GOVERNADOR AGAMENON MAGALHAES	""	""	ESTÃO NO POSTO BR AO LADO DO TACARUNA,NO SENT/OLINDA	AV GOVERNADOR AGAMENON MAGALHAES	""	ESTÃO NO POSTO BR AO LADO DO TACARUNA,NO SENT/OLINDA	SANTO AMARO		""	COLISÃO	SEM VITIMAS	2									0		""	""	""	""	""	""	""	""	""	""	""	""	""
4272	2018-05-12T00:00:00	13:38:00	SEM VÍTIMA	FINALIZADA	ESPINHEIRO	AV JOAO DE BARROS	2010	""	EM FRENTE A LOJA AMERICANAS	AV JOAO DE BARROS	2010	EM FRENTE A LOJA AMERICANAS	ESPINHEIRO		""	COLISÃO	ONIBUS E AUTO	1					1				0		""	""	""	""	""	""	""	""	""	""	""	""	""
4273	2018-05-12T00:00:00	14:07:00	SEM VÍTIMA	FINALIZADA	ILHA DO LEITE	RUA FRANCISCO ALVES	""	""	EM FRENTE A PRAÇA MIGUEL DE CERVANTES, SEMAFORO 508	RUA FRANCISCO ALVES	""	EM FRENTE A PRAÇA MIGUEL DE CERVANTES, SEMAFORO 508	ILHA DO LEITE		""	COLISÃO	DOIS AUTOS	1					1				0		""	""	""	""	""	""	""	""	""	""	""	""	""
4274	2018-05-12T00:00:00	15:33:00	SEM VÍTIMA	CANCELADA	IMBIRIBEIRA	RUA JALISCO	51-A	""	EM FRENTE AIO POSTO DE SAUDE,POR TRÁS DO GERALDÃO	RUA JALISCO	51-A	EM FRENTE AIO POSTO DE SAUDE,POR TRÁS DO GERALDÃO	IMBIRIBEIRA		""	COLISÃO	SEM VITIMAS	3									0		""	""	""	""	""	""	""	""	""	""	""	""	""
4275	2018-05-12T00:00:00	15:39:00	SEM VÍTIMA	FINALIZADA	MADALENA	RUA BENFICA	""	""	AO LADO DO POSTO SHELL ,SENT/CIDADE	RUA BENFICA	""	AO LADO DO POSTO SHELL ,SENT/CIDADE	MADALENA		""	COLISÃO	SEM VITIMAS,OS VEICULOS NÃO TEM CONDIÇÕES DE SEREM REMOVIDOS	2									0		""	""	""	""	""	""	""	""	""	""	""	""	""
4276	2018-05-12T00:00:00	16:29:00	SEM VÍTIMA	FINALIZADA	PAISSANDU	AV GOVERNADOR AGAMENON MAGALHAES	""	""	EM FRENTE AO HOSPITAL PORTUGUES, SENTIDO BOA VIAGEM	AV GOVERNADOR AGAMENON MAGALHAES	""	EM FRENTE AO HOSPITAL PORTUGUES, SENTIDO BOA VIAGEM	PAISSANDU		""	COLISÃO	DOIS AUTOS S/V	2									0		""	""	""	""	""	""	""	""	""	""	""	""	""
4277	2018-05-12T00:00:00	17:29:00	SEM VÍTIMA	FINALIZADA	BOA VIAGEM	RUA JEAN MERMOZ	6166	AV BOA VIAGEM	ESQUINA COM AV. BOA VIAGEM	RUA JEAN MERMOZ	6166	ESQUINA COM AV. BOA VIAGEM	BOA VIAGEM		""	COLISÃO	COLISAO ENTRE DOIS AUTOS	2									0		""	""	""	""	""	""	""	""	""	""	""	""	""
4278	2018-05-12T00:00:00	18:46:00	SEM VÍTIMA	CANCELADA	IPSEP	AV RAIMUNDO DINIZ	154	RUA MACHADO DE ASSIS	CRUZAMENTO COM A RUA MACHADO DE ASSIS	AV RAIMUNDO DINIZ	154	CRUZAMENTO COM A RUA MACHADO DE ASSIS	IPSEP		""	COLISÃO	DOIS AUTOS OBS::: SUSPEITA DE EMBRIAGUEZ	2									0		""	""	""	""	""	""	""	""	""	""	""	""	""
4279	2018-05-12T00:00:00	18:55:00	COM VÍTIMA	FINALIZADA	JARDIM SÃO PAULO	AV RECIFE	""	""	ENF A PANIFICADORA RECIPAO ENF A ENTRADA DA ESTAÇAO SANTA LUZIA SAIDA DE JARDIM SAO PAULO	AV RECIFE	""	ENF A PANIFICADORA RECIPAO ENF A ENTRADA DA ESTAÇAO SANTA LUZIA SAIDA DE JARDIM SAO PAULO	JARDIM SÃO PAULO		""	COLISÃO	AUTO E CHINERAY	1		1							1		""	""	""	""	""	""	""	""	""	""	""	""	""
4280	2018-05-12T00:00:00	19:56:00	SEM VÍTIMA	CANCELADA	IPSEP	AV RECIFE	""	""	E/F A PIZZARIA ATLÂNTICO	AV RECIFE	""	E/F A PIZZARIA ATLÂNTICO	IPSEP		""	COLISÃO	ENTRE AUTO E CARROÇA ( O MESMO FOI ORIENTADO A REGISTRAR O B.O NA DELEGACIA) S/V	1								1	0		""	""	""	""	""	""	""	""	""	""	""	""	""
4281	2018-05-12T00:00:00	20:23:00	SEM VÍTIMA	CANCELADA	BOMBA DO HEMETÉRIO	RUA CORREGO DO EUCLIDES	""	""	PROX A RODINHA	RUA CORREGO DO EUCLIDES	""	PROX A RODINHA	BOMBA DO HEMETÉRIO		""	COLISÃO	CAMINHAO DE LIMPESA URBANA E MOTO		1					1			0		""	""	""	""	""	""	""	""	""	""	""	""	""
4282	2018-05-12T00:00:00	23:22:00	COM VÍTIMA	FINALIZADA	SÃO JOSÉ	RUA IMPERIAL	""	TRV DO RAPOSO	SEMAFORO 510 CRUZAMENTO COM A TRV DO RAPOUSO	RUA IMPERIAL	""	SEMAFORO 510 CRUZAMENTO COM A TRV DO RAPOUSO	SÃO JOSÉ		""	COLISÃO	ONIBUS E AUTO	1					1				1		""	""	""	""	""	""	""	""	""	""	""	""	""
4283	2018-05-13T00:00:00	02:26:00	COM VÍTIMA	FINALIZADA	ARRUDA	AV BEBERIBE	""	AV PROFESSOR JOSE DOS ANJOS	CRUZAMENTO COM A AV PROFESSOR JOSE DOS ANJOS	AV BEBERIBE	""	CRUZAMENTO COM A AV PROFESSOR JOSE DOS ANJOS	ARRUDA		""	COLISÃO	COLISÃO ENTRE DOIS AUTOS C/V	2									1		""	""	""	""	""	""	""	""	""	""	""	""	""
4284	2018-05-13T00:00:00	08:32:00	SEM VÍTIMA	FINALIZADA	ESTÂNCIA	AV DR JOSE RUFINO	321	""	EM FRENTE AO COLEGIO DECISAO, SENTIDO AFOGADOS	AV DR JOSE RUFINO	321	EM FRENTE AO COLEGIO DECISAO, SENTIDO AFOGADOS	ESTÂNCIA		""	COLISÃO	AUTO E ONIBUS 	1					1				0		""	""	""	""	""	""	""	""	""	""	""	""	""
4285	2018-05-13T00:00:00	11:18:00	SEM VÍTIMA	FINALIZADA	BOA VIAGEM	AV BOA VIAGEM	3984	""	APOS O HOTEL MERCURE	AV BOA VIAGEM	3984	APOS O HOTEL MERCURE	BOA VIAGEM		""	CHOQUE	VEICULO SE CHOCOU NO GELO BAIANO, MOTORISTA APRESENTA SINAIS DE EMBRIAGUES	1									0		""	""	""	""	""	""	""	""	""	""	""	""	""
4286	2018-05-13T00:00:00	12:58:00	COM VÍTIMA	FINALIZADA	MANGABEIRA	AV NORTE	""	AV PROFESSOR JOSE DOS ANJOS	EM FRENTE AO SESC, SENTIDO SUB/CIDADE, SEMAFORO 394	AV NORTE	""	EM FRENTE AO SESC, SENTIDO SUB/CIDADE, SEMAFORO 394	MANGABEIRA		""	COLISÃO	AUTO E MOTO	1	1								1		""	""	""	""	""	""	""	""	""	""	""	""	""
4287	2018-05-13T00:00:00	13:01:00	SEM VÍTIMA	FINALIZADA	BOA VIAGEM	RUA JOAO CARDOSO AIRES	1005	RUA CAMBOIM	NO CRUZAMENTO COM RUA CAMBUI	RUA JOAO CARDOSO AIRES	1005	NO CRUZAMENTO COM RUA CAMBUI	BOA VIAGEM		""	COLISÃO	DOIS AUTOS	2									0		""	""	""	""	""	""	""	""	""	""	""	""	""
4288	2018-05-13T00:00:00	13:57:00	COM VÍTIMA	FINALIZADA	ENCRUZILHADA	AV BEBERIBE	484	""	PROX. A ACADEMIA YES, SENTIDO ARRUDA	AV BEBERIBE	484	PROX. A ACADEMIA YES, SENTIDO ARRUDA	ENCRUZILHADA		""	COLISÃO	AUTO E MOTO C/V	1	1								1		""	""	""	""	""	""	""	""	""	""	""	""	""
4289	2018-05-13T00:00:00	14:00:00	SEM VÍTIMA	FINALIZADA	NOVA DESCOBERTA	RUA BETINHA	100	""	AO LADO DA JHY INFORMATICA	RUA BETINHA	100	AO LADO DA JHY INFORMATICA	NOVA DESCOBERTA		""	COLISÃO	COLISÃO SEM VÍTIMA	1	1								0		""	""	""	""	""	""	""	""	""	""	""	""	""
4290	2018-05-13T00:00:00	14:54:00	SEM VÍTIMA	CANCELADA	JAQUEIRA	RUA DO FUTURO	""	""	NO SEMÁFORO 406 E EMFRENTE AO PARQUE DA JAQUEIRA	RUA DO FUTURO	""	NO SEMÁFORO 406 E EMFRENTE AO PARQUE DA JAQUEIRA	JAQUEIRA		""	COLISÃO	COLISÃO SEM VÍTIMA	1					1				0		""	""	""	""	""	""	""	""	""	""	""	""	""
4291	2018-05-13T00:00:00	15:04:00	SEM VÍTIMA	FINALIZADA	AREIAS	AV DR JOSE RUFINO	""	""	EM FRENTE AO BODE DO NÔ	AV DR JOSE RUFINO	""	EM FRENTE AO BODE DO NÔ	AREIAS		""	COLISÃO	COLISÃO SEM VÍTIMA	1	1								0		""	""	""	""	""	""	""	""	""	""	""	""	""
4292	2018-05-13T00:00:00	16:11:00	COM VÍTIMA	CANCELADA	IBURA	AV DOIS RIOS	""	""	EM FRENTE AO POSTO BR	AV DOIS RIOS	""	EM FRENTE AO POSTO BR	IBURA		""	COLISÃO	COLISÃO COM VÍTIMA										1		""	""	""	""	""	""	""	""	""	""	""	""	""
4293	2018-05-13T00:00:00	16:49:00	SEM VÍTIMA	FINALIZADA	BREJO DA GUABIRABA	RUA PORTELANDIA	475	""	PRÓXIMO AO TERMINAL DE ÔNIBUS	RUA PORTELANDIA	475	PRÓXIMO AO TERMINAL DE ÔNIBUS	BREJO DA GUABIRABA		""	CHOQUE	CHOQUE ENVOLVENDO UMA VIATURA DA CTTU E UMA PEDRA.	1									0		""	""	""	""	""	""	""	""	""	""	""	""	""
4294	2018-05-13T00:00:00	18:11:00	COM VÍTIMA	CANCELADA	ROSARINHO	RUA COUTO MAGALHAES	128	RUA GERSON BARROS PINAGE	CRUZAMENTO COM RUA GERSON BARROS PINAGE	RUA COUTO MAGALHAES	128	CRUZAMENTO COM RUA GERSON BARROS PINAGE	ROSARINHO		""	COLISÃO	AUTO E TAXI	2									1		""	""	""	""	""	""	""	""	""	""	""	""	""
4295	2018-05-13T00:00:00	19:30:00	SEM VÍTIMA	CANCELADA	BOA VIAGEM	RUA COSMORAMA	""	RUA JOAO CARDOSO AIRES	COM A RUA JOAO CARDOSO AIRES, NO SEMAFORO 478	RUA COSMORAMA	""	COM A RUA JOAO CARDOSO AIRES, NO SEMAFORO 478	BOA VIAGEM		""	COLISÃO	DOIS AUTOS	2									0		""	""	""	""	""	""	""	""	""	""	""	""	""
4296	2018-05-13T00:00:00	21:47:00	SEM VÍTIMA	CANCELADA	BARRO	AV DR JOSE RUFINO	1897	""	EM FRENTE A GALERIA BARRO	AV DR JOSE RUFINO	1897	EM FRENTE A GALERIA BARRO	BARRO		""	COLISÃO	DOIS AUTOS	2									0		""	""	""	""	""	""	""	""	""	""	""	""	""
4297	2018-05-14T00:00:00	02:14:00	COM VÍTIMA	CANCELADA	CASA AMARELA	RUA DA HARMONIA	100	""	APOS O COSTURARTE, PROX DO BOTECO DA HARMONIA	RUA DA HARMONIA	100	APOS O COSTURARTE, PROX DO BOTECO DA HARMONIA	CASA AMARELA		""	CHOQUE	VEÍCULO CHOCOU-SE EM UMA ÁRVORE C/V	1									2		""	""	""	""	""	""	""	""	""	""	""	""	""
4298	2018-05-14T00:00:00	06:02:00	COM VÍTIMA	FINALIZADA	MUSTARDINHA	AV MANOEL GONCALVES DA LUZ	""	""	PRÓXIMO AO SESI	AV MANOEL GONCALVES DA LUZ	""	PRÓXIMO AO SESI	MUSTARDINHA		""	ATROPELAMENTO	""					1	1				1		""	""	""	""	""	""	""	""	""	""	""	""	""
4299	2018-05-14T00:00:00	06:43:00	SEM VÍTIMA	CANCELADA	SANTO AMARO	AV GOVERNADOR AGAMENON MAGALHAES	""	""	SENTIDO BOA VISTA EM FRENTE AO MINISTERIO DO TRABALHO	AV GOVERNADOR AGAMENON MAGALHAES	""	SENTIDO BOA VISTA EM FRENTE AO MINISTERIO DO TRABALHO	SANTO AMARO		""	COLISÃO	COLISÃO SEM VITIMAS	3									0		""	""	""	""	""	""	""	""	""	""	""	""	""
4300	2018-05-14T00:00:00	08:53:00	COM VÍTIMA	FINALIZADA	IPUTINGA	AV INACIO MONTEIRO	448	""	E/F A SUCENA MERCADO	AV INACIO MONTEIRO	448	E/F A SUCENA MERCADO	IPUTINGA		""	COLISÃO	COM UMA VÍTIMA JÁ SOCORRIDA PELO SAMU	1	1								1		""	""	""	""	""	""	""	""	""	""	""	""	""
4301	2018-05-14T00:00:00	09:08:00	COM VÍTIMA	CANCELADA	ARRUDA	AV BEBERIBE	XX	RUA COUTO MAGALHAES	CRUZAMENTO COM A RUA COUTO MAGALHÃES	AV BEBERIBE	XX	CRUZAMENTO COM A RUA COUTO MAGALHÃES	ARRUDA		""	COLISÃO	AUTOPASSEIO X MOTO	1	1								1		""	""	""	""	""	""	""	""	""	""	""	""	""
4302	2018-05-14T00:00:00	09:19:00	SEM VÍTIMA	FINALIZADA	IMBIRIBEIRA	AV MARECHAL MASCARENHAS DE MORAES	""	""	EM FRENTE A MADEIREIRA PORTA LARGA	AV MARECHAL MASCARENHAS DE MORAES	""	EM FRENTE A MADEIREIRA PORTA LARGA	IMBIRIBEIRA		""	COLISÃO	COLISÃO SEM VITIMAS	1						1			0		""	""	""	""	""	""	""	""	""	""	""	""	""
4303	2018-05-14T00:00:00	09:29:00	SEM VÍTIMA	CANCELADA	SÃO JOSÉ	C SANTA RITA	""	""	DENTRO DO TERMINAL DO CAIS DE SANTA RITA, NO LADO ESQUERDO DA VIA.	C SANTA RITA	""	DENTRO DO TERMINAL DO CAIS DE SANTA RITA, NO LADO ESQUERDO DA VIA.	SÃO JOSÉ		""	COLISÃO	SEM VÍTIMAS	1					1				0		""	""	""	""	""	""	""	""	""	""	""	""	""
4304	2018-05-14T00:00:00	10:22:00	SEM VÍTIMA	CANCELADA	ILHA DO RETIRO	AV ENGENHEIRO ABDIAS DE CARVALHO	""	""	EF AO CLUBE DO SPORT	AV ENGENHEIRO ABDIAS DE CARVALHO	""	EF AO CLUBE DO SPORT	ILHA DO RETIRO		""	COLISÃO	COLISÃO S/V COM MOTO E CARROÇA DE CAVALO										0		""	""	""	""	""	""	""	""	""	""	""	""	""
4305	2018-05-14T00:00:00	11:29:00	SEM VÍTIMA	FINALIZADA	BOA VIAGEM	RUA CAPITAO ZUZINHA	100	""	E/F A PIZZARIA DOMINO´S	RUA CAPITAO ZUZINHA	100	E/F A PIZZARIA DOMINO´S	BOA VIAGEM		""	COLISÃO	COLISAO ENTRE CAMINHAO E AUTO	1						1			0		""	""	""	""	""	""	""	""	""	""	""	""	""
4306	2018-05-14T00:00:00	11:31:00	SEM VÍTIMA	FINALIZADA	SANTO AMARO	RUA FREI CASSIMIRO	914 A	RUA TREZE DE MAIO	CRUZ COM A RUA TREZE DE MAIO EM FRENTE A BORRACHARIA NORDESTE	RUA FREI CASSIMIRO	914 A	CRUZ COM A RUA TREZE DE MAIO EM FRENTE A BORRACHARIA NORDESTE	SANTO AMARO		""	COLISÃO	COLISÃO SEM VITIMAS	2									0		""	""	""	""	""	""	""	""	""	""	""	""	""
4307	2018-05-14T00:00:00	12:57:00	SEM VÍTIMA	FINALIZADA	IMBIRIBEIRA	AV ENGENHEIRO ALVES DE SOUZA	356	""	EM FRENTE A EMPRESA METISA	AV ENGENHEIRO ALVES DE SOUZA	356	EM FRENTE A EMPRESA METISA	IMBIRIBEIRA		""	COLISÃO	COLISÃO SEM VITIMAS	3									0		""	""	""	""	""	""	""	""	""	""	""	""	""
4308	2018-05-14T00:00:00	15:00:00	SEM VÍTIMA	PENDENTE	DERBY	RUA JENER DE SOUZA	""	""	EM FRENTE AO QUARTEL	RUA JENER DE SOUZA	""	EM FRENTE AO QUARTEL	DERBY		""	COLISÃO	COLISÃO SEM VÍTIMA	2									0		""	""	""	""	""	""	""	""	""	""	""	""	""
4309	2018-05-14T00:00:00	15:03:00	SEM VÍTIMA	FINALIZADA	ILHA JOANA BEZERRA	AV DES GUERRA BARRETO	""	""	SENTIDO DERBY EM FRENTE AO FORUM JOANA BEZERRA	AV DES GUERRA BARRETO	""	SENTIDO DERBY EM FRENTE AO FORUM JOANA BEZERRA	ILHA JOANA BEZERRA		""	COLISÃO	COLISÃO SEM VITIMAS	4						1			0		""	""	""	""	""	""	""	""	""	""	""	""	""
4310	2018-05-14T00:00:00	15:12:00	SEM VÍTIMA	CANCELADA	BONGI	EST DO BONGI	""	""	E/F A DELEGACIA DO BONGI	EST DO BONGI	""	E/F A DELEGACIA DO BONGI	BONGI		""	COLISÃO	COLISAO ENTRE DOIS AUTOS S/V	2									0		""	""	""	""	""	""	""	""	""	""	""	""	""
4311	2018-05-14T00:00:00	15:29:00	SEM VÍTIMA	FINALIZADA	JORDÃO	AV DOIS RIOS	S/N	""	EM FRENTE A POLICLINICA PROFESSOR ARNALDO MARQUES	AV DOIS RIOS	S/N	EM FRENTE A POLICLINICA PROFESSOR ARNALDO MARQUES	JORDÃO		""	COLISÃO	COLISÃO SEM VITIMAS	1	1								0		""	""	""	""	""	""	""	""	""	""	""	""	""
4312	2018-05-14T00:00:00	15:48:00	SEM VÍTIMA	CANCELADA	PINA	AV HERCULANO BANDEIRA	""	""	NO SEMAFORO 138 E/F A PADARIA DIPLOMATA	AV HERCULANO BANDEIRA	""	NO SEMAFORO 138 E/F A PADARIA DIPLOMATA	PINA		""	COLISÃO	COLISAP ENTRE DOIS AUTOS S/V	2									0		""	""	""	""	""	""	""	""	""	""	""	""	""
4313	2018-05-14T00:00:00	15:53:00	SEM VÍTIMA	CANCELADA	PINA	AVENIDA CELSO FURTADO (VIA MANGUE)	""	""	NA ENTRADA DA VIA MANGUE	AVENIDA CELSO FURTADO (VIA MANGUE)	""	NA ENTRADA DA VIA MANGUE	PINA		""	COLISÃO	COLISAO ENTRE DOIS AUTOS S/V	2									0		""	""	""	""	""	""	""	""	""	""	""	""	""
4314	2018-05-14T00:00:00	15:56:00	SEM VÍTIMA	CANCELADA	PRADO	AV ENGENHEIRO ABDIAS DE CARVALHO	""	""	EM FRENTE AO POSTO PETROBARS / SENTIDO BR	AV ENGENHEIRO ABDIAS DE CARVALHO	""	EM FRENTE AO POSTO PETROBARS / SENTIDO BR	PRADO		""	COLISÃO	COLISÃO SEM VÍTIMA	1								1	0		""	""	""	""	""	""	""	""	""	""	""	""	""
4315	2018-05-14T00:00:00	16:43:00	SEM VÍTIMA	FINALIZADA	VÁRZEA	AV AFONSO OLINDENSE	1520	""	EM FRENTE A SECRETARIA DE EDUCAÇÃO DE PERNAMBUCO	AV AFONSO OLINDENSE	1520	EM FRENTE A SECRETARIA DE EDUCAÇÃO DE PERNAMBUCO	VÁRZEA		""	COLISÃO	COLISÃO SEM VITIMAS	2									0		""	""	""	""	""	""	""	""	""	""	""	""	""
4316	2018-05-14T00:00:00	17:33:00	SEM VÍTIMA	CANCELADA	MADALENA	AV VISCONDE DE ALBUQUERQUE	""	RUA LOPES DE CARVALHO	COM A RUA LOPES DE CARVALHO E/F A GALERIA SPUK	AV VISCONDE DE ALBUQUERQUE	""	COM A RUA LOPES DE CARVALHO E/F A GALERIA SPUK	MADALENA		""	COLISÃO	COLISAO ENTRE TAXI E AUTO S/V	2									0		""	""	""	""	""	""	""	""	""	""	""	""	""
4317	2018-05-14T00:00:00	18:04:00	SEM VÍTIMA	CANCELADA	SANTO AMARO	PTE DO LIMOEIRO	""	""	NO INICIO DA PONTE, SENT. OLINDA	PTE DO LIMOEIRO	""	NO INICIO DA PONTE, SENT. OLINDA	SANTO AMARO		""	COLISÃO	DOIS AUTOS	2									0		""	""	""	""	""	""	""	""	""	""	""	""	""