_id	DATA	hora	natureza_acidente	situacao	bairro	endereco	numero	detalhe_endereco_acidente	complemento	endereco_cruzamento	numero_cruzamento	referencia_cruzamento	bairro_cruzamento	num_semaforo	sentido_via	tipo	descricao	auto	moto	ciclom	ciclista	pedestre	onibus	caminhao	viatura	outros	vitimas	vitimasfatais	acidente_verificado	tempo_clima	situacao_semaforo	sinalizacao	condicao_via	conservacao_via	ponto_controle	situacao_placa	velocidade_max_via	mao_direcao	divisao_via1	divisao_via2	divisao_via3
4318	2018-05-14T00:00:00	18:08:00	SEM VÍTIMA	CANCELADA	MADALENA	RUA BENFICA	""	""	PRAÇA EM FRENTE AO CLUBE INTERNACIONAL- SENTIDO DERBY	RUA BENFICA	""	PRAÇA EM FRENTE AO CLUBE INTERNACIONAL- SENTIDO DERBY	MADALENA		""	COLISÃO	COLISÃO SEM VITIMAS	1					1				0		""	""	""	""	""	""	""	""	""	""	""	""	""
4319	2018-05-14T00:00:00	18:50:00	SEM VÍTIMA	CANCELADA	AFOGADOS	EST DOS REMEDIOS	895	""	EM FRENTE AO CABOCLINHO	EST DOS REMEDIOS	895	EM FRENTE AO CABOCLINHO	AFOGADOS		""	COLISÃO	MOTO E CAMINHÃO		1					1			0		""	""	""	""	""	""	""	""	""	""	""	""	""
4320	2018-05-14T00:00:00	19:05:00	SEM VÍTIMA	CANCELADA	SANTO AMARO	AV GOVERNADOR AGAMENON MAGALHAES	""	""	ENF AO CIRCULO MILITAR ANTES DO VIADUTO DA JOAO DE BARROS SENTIDO OLINDA PISTA LOCAL	AV GOVERNADOR AGAMENON MAGALHAES	""	ENF AO CIRCULO MILITAR ANTES DO VIADUTO DA JOAO DE BARROS SENTIDO OLINDA PISTA LOCAL	SANTO AMARO		""	COLISÃO	DOIS AUTO	2									0		""	""	""	""	""	""	""	""	""	""	""	""	""
4321	2018-05-14T00:00:00	20:09:00	SEM VÍTIMA	CANCELADA	IPUTINGA	AV CAXANGA	""	""	AO LADO DO VIADUTO DO BRT SENTIDO SUBURBIO	AV CAXANGA	""	AO LADO DO VIADUTO DO BRT SENTIDO SUBURBIO	IPUTINGA		""	COLISÃO	AUTO E MOTO	1	1								0		""	""	""	""	""	""	""	""	""	""	""	""	""
4322	2018-05-14T00:00:00	21:28:00	SEM VÍTIMA	CANCELADA	SÃO JOSÉ	C SANTA RITA	""	""	EM FRENTE AS TORRES GEMEAS E 16° BATALHÃO	C SANTA RITA	""	EM FRENTE AS TORRES GEMEAS E 16° BATALHÃO	SÃO JOSÉ		""	COLISÃO	ONIBUS E AUTO	1					1				0		""	""	""	""	""	""	""	""	""	""	""	""	""
4323	2018-05-15T00:00:00	06:12:00	SEM VÍTIMA	FINALIZADA	ILHA DO LEITE	AV GOVERNADOR AGAMENON MAGALHAES	""	""	PISTA LOCAL, EM FRENTE AO HOSPITAL PORTUGUÊS, SENTIDO SUL	AV GOVERNADOR AGAMENON MAGALHAES	""	PISTA LOCAL, EM FRENTE AO HOSPITAL PORTUGUÊS, SENTIDO SUL	ILHA DO LEITE		""	COLISÃO	COLISÃO - AUTO X CARRETA - S/VITIMA	1						1			0		""	""	""	""	""	""	""	""	""	""	""	""	""
4324	2018-05-15T00:00:00	06:45:00	SEM VÍTIMA	CANCELADA	SÍTIO DOS PINTOS	""	95	""	RUA VEREADOR PETRUS CÂMARA/ EM FRENTE AO CAMPO DO FUTEBOL SITIO DOS PINTOS	""	95	RUA VEREADOR PETRUS CÂMARA/ EM FRENTE AO CAMPO DO FUTEBOL SITIO DOS PINTOS	SÍTIO DOS PINTOS		""	COLISÃO	COLISÃO SEM VÍTIMA	2									0		""	""	""	""	""	""	""	""	""	""	""	""	""
4325	2018-05-15T00:00:00	07:20:00	SEM VÍTIMA	FINALIZADA	SANTO AMARO	AV GOVERNADOR AGAMENON MAGALHAES	1902	""	SUPER GÁS BRAS/ CORPVS SEGURANÇA	AV GOVERNADOR AGAMENON MAGALHAES	1902	SUPER GÁS BRAS/ CORPVS SEGURANÇA	SANTO AMARO		""	COLISÃO	COLISAO S/V	1						1			0		""	""	""	""	""	""	""	""	""	""	""	""	""
4326	2018-05-15T00:00:00	09:32:00	COM VÍTIMA	FINALIZADA	BOA VIAGEM	AV ENGENHEIRO DOMINGOS FERREIRA	""	""	EM FRENTE A FACULDADE ANCHIETA	AV ENGENHEIRO DOMINGOS FERREIRA	""	EM FRENTE A FACULDADE ANCHIETA	BOA VIAGEM		""	COLISÃO	COLISÃO COM VÍTIMA, ENTRE AUTO E MOTO	1	1								1		""	""	""	""	""	""	""	""	""	""	""	""	""
4327	2018-05-15T00:00:00	09:55:00	COM VÍTIMA	CANCELADA	BARRO	AV DR JOSE RUFINO	""	""	E/F A IGREJA DO BARRO NO POSTO DE GASOLINA	AV DR JOSE RUFINO	""	E/F A IGREJA DO BARRO NO POSTO DE GASOLINA	BARRO		""	COLISÃO	MOTO X AUTO										1		""	""	""	""	""	""	""	""	""	""	""	""	""
4328	2018-05-15T00:00:00	09:55:00	SEM VÍTIMA	FINALIZADA	TORREÃO	AV NORTE	1726	""	SENTIDO CENTRO, SEMÁFORO 375. E/F A SUMUCAR	AV NORTE	1726	SENTIDO CENTRO, SEMÁFORO 375. E/F A SUMUCAR	TORREÃO		""	COLISÃO	SEM VÍTIMAS	2									0		""	""	""	""	""	""	""	""	""	""	""	""	""
4329	2018-05-15T00:00:00	10:17:00	SEM VÍTIMA	CANCELADA	CAXANGÁ	RUA DELMIRO GOUVEIA	""	""	APOS A UPA S/T CAMARAGIBE	RUA DELMIRO GOUVEIA	""	APOS A UPA S/T CAMARAGIBE	CAXANGÁ		""	COLISÃO	COLISAO ENTRE ONIBUS E AUTO S/V	1					1				0		""	""	""	""	""	""	""	""	""	""	""	""	""
4330	2018-05-15T00:00:00	10:39:00	SEM VÍTIMA	FINALIZADA	ILHA DO RETIRO	RUA SPORT CLUBE DO RECIFE	""	""	NA SAIDA DO TÚNEL DO SPORT S/T DERBY	RUA SPORT CLUBE DO RECIFE	""	NA SAIDA DO TÚNEL DO SPORT S/T DERBY	ILHA DO RETIRO		""	COLISÃO	COLISAO ENTRE AUTO E MOTO S/V	1	1								0		""	""	""	""	""	""	""	""	""	""	""	""	""
4331	2018-05-15T00:00:00	10:58:00	SEM VÍTIMA	FINALIZADA	IPSEP	AV RECIFE	""	""	SEMÁFORO 616, SENTIDO BOA VIAGEM. E/F AO ANTIGO BOMPREÇO.	AV RECIFE	""	SEMÁFORO 616, SENTIDO BOA VIAGEM. E/F AO ANTIGO BOMPREÇO.	IPSEP		""	COLISÃO	SEM VÍTIMAS. BATEDORES NO LOCAL	1						1			0		""	""	""	""	""	""	""	""	""	""	""	""	""
4332	2018-05-15T00:00:00	11:42:00	SEM VÍTIMA	FINALIZADA	CORDEIRO	RUA MAURICIO DE NASSAU	""	""	PROX AO GOE	RUA MAURICIO DE NASSAU	""	PROX AO GOE	CORDEIRO		""	COLISÃO	COLISAO ENTRE DOIS AUTOS S/V	2									0		""	""	""	""	""	""	""	""	""	""	""	""	""
4333	2018-05-15T00:00:00	12:30:00	SEM VÍTIMA	CANCELADA	TORRE	AV BEIRA RIO	887	""	E/F ACADEMIA DA CIDADE E O RESTAURANTE IMPORIO MARITIMO	AV BEIRA RIO	887	PROX AO HOSPITAL JAIME DA FONTE	TORRE		""	COLISÃO	COLISAO ENTRE DOIS AUTOS S/V	2									0		""	""	""	""	""	""	""	""	""	""	""	""	""
4334	2018-05-15T00:00:00	12:30:00	SEM VÍTIMA	FINALIZADA	PRADO	AV ENGENHEIRO ABDIAS DE CARVALHO	12	""	EM FRENTE A BIGCAR/ SENTIDO CIDADE	AV ENGENHEIRO ABDIAS DE CARVALHO	12	EM FRENTE A BIGCAR/ SENTIDO CIDADE	PRADO		""	COLISÃO	COLISÃO SEM VÍTIMA	2									0		""	""	""	""	""	""	""	""	""	""	""	""	""
4335	2018-05-15T00:00:00	12:46:00	SEM VÍTIMA	FINALIZADA	TORRÕES	RUA DEZESSEIS DE OUTUBRO	""	""	NO TERMINAL DO TORROES NO CAMPO DO QUINZE	RUA DEZESSEIS DE OUTUBRO	""	NO TERMINAL DO TORROES NO CAMPO DO QUINZE	TORRÕES		""	COLISÃO	COLISAO ENTRE VT DA POLICIA E AUTO S/V	2									0		""	""	""	""	""	""	""	""	""	""	""	""	""
4336	2018-05-15T00:00:00	13:05:00	SEM VÍTIMA	FINALIZADA	IMBIRIBEIRA	AV MARECHAL MASCARENHAS DE MORAES	4728	""	EM FRENTE AO HOTEL AEROPORTO/ SENTIDO PRAZERES	AV MARECHAL MASCARENHAS DE MORAES	4728	EM FRENTE AO HOTEL AEROPORTO/ SENTIDO PRAZERES	IMBIRIBEIRA		""	COLISÃO	COLISÃO SEM VÍTIMA	2									0		""	""	""	""	""	""	""	""	""	""	""	""	""
4337	2018-05-15T00:00:00	13:11:00	SEM VÍTIMA	FINALIZADA	GRAÇAS	AV RUI BARBOSA	320	""	EM FRENTE AO TRE	AV RUI BARBOSA	320	EM FRENTE AO TRE	GRAÇAS		""	COLISÃO	COLISÃO SEM VÍTIMA	2									0		""	""	""	""	""	""	""	""	""	""	""	""	""
4338	2018-05-15T00:00:00	13:13:00	SEM VÍTIMA	FINALIZADA	CAXANGÁ	AV PROFESSOR JOAQUIM CAVALCANTI	""	""	APOS O WALMART A PRIMEIRA A DIREITA	AV PROFESSOR JOAQUIM CAVALCANTI	""	APOS O WALMART A PRIMEIRA A DIREITA	CAXANGÁ		""	COLISÃO	DOIS AUTOS	2									0		""	""	""	""	""	""	""	""	""	""	""	""	""
4339	2018-05-15T00:00:00	13:25:00	SEM VÍTIMA	FINALIZADA	ROSARINHO	AV CONS ROSA E SILVA	""	AV SANTOS DUMONT	COM RUA SANTO DUMONT PROX A COUNRY CLUB	AV CONS ROSA E SILVA	""	COM RUA SANTO DUMONT PROX A COUNRY CLUB	ROSARINHO		""	COLISÃO	COLISAO DE TAXI E MOTO S/V	1	1								0		""	""	""	""	""	""	""	""	""	""	""	""	""
4340	2018-05-15T00:00:00	14:29:00	SEM VÍTIMA	FINALIZADA	IMBIRIBEIRA	AV SUL	277	AV GENERAL MAC ARTHUR	COM A AV GENERAL MAC ARTHUR / AO LADO DA ESTAÇAO ANTONIO FALCAO	AV SUL	277	COM A AV GENERAL MAC ARTHUR / AO LADO DA ESTAÇAO ANTONIO FALCAO	IMBIRIBEIRA		""	COLISÃO	DOIS AUTOS	2									0		""	""	""	""	""	""	""	""	""	""	""	""	""
4341	2018-05-15T00:00:00	14:41:00	SEM VÍTIMA	FINALIZADA	MADALENA	RUA JOSE OSORIO	124	""	APOS A PONTE DA CAPUNGA E/F A FUNDAÇÃO CECOSNE	RUA JOSE OSORIO	124	APOS A PONTE DA CAPUNGA E/F A FUNDAÇÃO CECOSNE	MADALENA		""	COLISÃO	COLISAO ENTRE ENTRE DOIS AUTOS S/V	2									0		""	""	""	""	""	""	""	""	""	""	""	""	""
4342	2018-05-15T00:00:00	15:50:00	SEM VÍTIMA	FINALIZADA	BOA VIAGEM	RUA MARQUES DE VALENCA	55	""	PROX A IGREJA NOSSA SENHORA DE FATIMA	RUA MARQUES DE VALENCA	55	PROX A IGREJA NOSSA SENHORA DE FATIMA	BOA VIAGEM		""	COLISÃO	COLISAO ENTRE DOIS AUTOS S/V	2									0		""	""	""	""	""	""	""	""	""	""	""	""	""
4343	2018-05-15T00:00:00	17:06:00	SEM VÍTIMA	FINALIZADA	PAISSANDU	RUA PAISSANDU	419	""	EM FRENTE AO ESCRITORIO MORADA DA PAZ	RUA PAISSANDU	419	EM FRENTE AO ESCRITORIO MORADA DA PAZ	PAISSANDU		""	COLISÃO	COLISÃO SEM VÍTIMA	2									0		""	""	""	""	""	""	""	""	""	""	""	""	""
4344	2018-05-15T00:00:00	17:17:00	SEM VÍTIMA	FINALIZADA	MADALENA	RUA BENFICA	""	""	EM FRENTE AO MUSEU DA ABOLIÇÃO	RUA BENFICA	""	EM FRENTE AO MUSEU DA ABOLIÇÃO	MADALENA		""	COLISÃO	COLISÃO SEM VÍTIMA	1					1				0		""	""	""	""	""	""	""	""	""	""	""	""	""
4345	2018-05-15T00:00:00	18:02:00	SEM VÍTIMA	FINALIZADA	BOA VIAGEM	RUA VISCONDE DE JEQUITINHONHA	""	""	E/F AO RESTAURANTE PONTEIO, SNT PIEDADE	RUA VISCONDE DE JEQUITINHONHA	""	E/F AO RESTAURANTE PONTEIO, SNT PIEDADE	BOA VIAGEM		""	COLISÃO	ENTRE 2 AUTOS. S/V	2									0		""	""	""	""	""	""	""	""	""	""	""	""	""
4346	2018-05-15T00:00:00	18:51:00	SEM VÍTIMA	CANCELADA	IMBIRIBEIRA	AV MARECHAL MASCARENHAS DE MORAES	""	""	ENF AO AEROPORTO ANTES DA ENTRADA DO JOJRDAO	AV MARECHAL MASCARENHAS DE MORAES	""	ENF AO AEROPORTO ANTES DA ENTRADA DO JOJRDAO	IMBIRIBEIRA		""	COLISÃO	DOIS AUTOS	2									0		""	""	""	""	""	""	""	""	""	""	""	""	""
4347	2018-05-15T00:00:00	19:27:00	""	CANCELADA	MADALENA	AV VISCONDE DE ALBUQUERQUE	""	""	CRUZAMENTO COM A NA RUA LOPES DE CARVALHO	AV VISCONDE DE ALBUQUERQUE	""	CRUZAMENTO COM A NA RUA LOPES DE CARVALHO	MADALENA		""	COLISÃO	DOIS AUTO	2									0		""	""	""	""	""	""	""	""	""	""	""	""	""
4348	2018-05-15T00:00:00	19:27:00	SEM VÍTIMA	CANCELADA	ESTÂNCIA	AV RECIFE	""	""	E/F AO POSTO TOTAL, SNT CAXANGÁ	AV RECIFE	""	E/F AO POSTO TOTAL, SNT CAXANGÁ	ESTÂNCIA		""	COLISÃO	ENNTRE 2 AUTOS. S/V	2									0		""	""	""	""	""	""	""	""	""	""	""	""	""
4349	2018-05-15T00:00:00	19:33:00	SEM VÍTIMA	FINALIZADA	MADALENA	AV VISCONDE DE ALBUQUERQUE	""	""	E/F ASTRAL VEÍCULOS	AV VISCONDE DE ALBUQUERQUE	""	E/F ASTRAL VEÍCULOS	MADALENA		""	COLISÃO	ENTRE 2 AUTOS. S/V	2									0		""	""	""	""	""	""	""	""	""	""	""	""	""
4350	2018-05-15T00:00:00	19:36:00	SEM VÍTIMA	EQUIPE EM DESLOCAMENTO	BOA VIAGEM	AV ENGENHEIRO DOMINGOS FERREIRA	""	RUA PROF JOSE BRANDAO	DE ESQUINA COM A RUA PRF JOSE BRADAO	AV ENGENHEIRO DOMINGOS FERREIRA	""	DE ESQUINA COM A RUA PRF JOSE BRADAO	BOA VIAGEM		""	COLISÃO	ONIBUS X HB 20	1					1				0		""	""	""	""	""	""	""	""	""	""	""	""	""
4351	2018-05-15T00:00:00	19:57:00	SEM VÍTIMA	FINALIZADA	BOA VIAGEM	RUA SETUBAL	638	""	E/F AO EDF AMALIA RODRIGUES	RUA SETUBAL	638	E/F AO EDF AMALIA RODRIGUES	BOA VIAGEM		""	ENGAVETAMENTO	ENTRE 4 AUTS. S/V	4									0		""	""	""	""	""	""	""	""	""	""	""	""	""
4352	2018-05-15T00:00:00	20:15:00	SEM VÍTIMA	CANCELADA	TORRÕES	RUA DR MIGUEL VIEIRA FERREIRA	""	RUA PROF JOAQUIM XAVIER DE BRITO	CRUZAMENTO COM A RUA PROF JOAQUIM CHAVIE DE BRITO SEMAFORO 541	RUA DR MIGUEL VIEIRA FERREIRA	""	CRUZAMENTO COM A RUA PROF JOAQUIM CHAVIE DE BRITO SEMAFORO 541	TORRÕES		""	COLISÃO	DOIS AUTO	2									0		""	""	""	""	""	""	""	""	""	""	""	""	""
4353	2018-05-15T00:00:00	21:07:00	COM VÍTIMA	FINALIZADA	DERBY	PRC DO DERBY	""	""	EM FRENTE A PRAÇA DO DERBY	PRC DO DERBY	""	EM FRENTE A PRAÇA DO DERBY	DERBY		""	COLISÃO	AUTO E MOTO	1	1								1		""	""	""	""	""	""	""	""	""	""	""	""	""
4354	2018-05-15T00:00:00	21:08:00	""	CANCELADA	BOA VIAGEM	RUA SETUBAL	638	""	ENF AO ED AMALHA RODRIGUES	RUA SETUBAL	638	ENF AO ED AMALHA RODRIGUES	BOA VIAGEM		""	COLISÃO	TRES AUTOS	3									0		""	""	""	""	""	""	""	""	""	""	""	""	""
4355	2018-05-16T00:00:00	05:53:00	COM VÍTIMA	FINALIZADA	PINA	AV HERCULANO BANDEIRA	""	""	EM FRENTE AO ATACADO DA CONSTRUÇÃO,SEMAFORO 660	AV HERCULANO BANDEIRA	""	EM FRENTE AO ATACADO DA CONSTRUÇÃO,SEMAFORO 660	PINA		""	COLISÃO	COM UMA VITIMA AGUARDANDO SAMU		1				1				1		""	""	""	""	""	""	""	""	""	""	""	""	""
4356	2018-05-16T00:00:00	08:35:00	COM VÍTIMA	FINALIZADA	MUSTARDINHA	AV MANOEL GONCALVES DA LUZ	140	""	EM FRENTE AO POSTO TOTAL,E AO COLEGIO ESTADUAL OTHON PARAISO	AV MANOEL GONCALVES DA LUZ	140	EM FRENTE AO POSTO TOTAL,E AO COLEGIO ESTADUAL OTHON PARAISO	MUSTARDINHA		""	ATROPELAMENTO	ATROPELAMENTO DE MENOR EM FRENTE A ESCOLA,SAMU NO LOCAL	1				1					1		""	""	""	""	""	""	""	""	""	""	""	""	""
4357	2018-05-16T00:00:00	08:38:00	COM VÍTIMA	CANCELADA	BOA VIAGEM	AV BOA VIAGEM	""	""	E/F AO CLUBE DA AERONÁUTICA, SENTIDO IMBIRIBEIRA. SEMÁFORO 150	AV BOA VIAGEM	""	E/F AO CLUBE DA AERONÁUTICA, SENTIDO IMBIRIBEIRA. SEMÁFORO 150	BOA VIAGEM		""	COLISÃO	COM UMA VÍTIMA EM ATENDIMENTO PELO SAMU	1	1								1		""	""	""	""	""	""	""	""	""	""	""	""	""
4358	2018-05-16T00:00:00	09:16:00	SEM VÍTIMA	FINALIZADA	COELHOS	PTE JOAQUIM CARDOSO	""	""	SENTIDO AFOGADOS NO INICIO DO VIADUTO JOAQUIM CARDOSO	PTE JOAQUIM CARDOSO	""	SENTIDO AFOGADOS NO INICIO DO VIADUTO JOAQUIM CARDOSO	COELHOS		""	COLISÃO	COLISÃO SEM VITIMAS	2									0		""	""	""	""	""	""	""	""	""	""	""	""	""
4359	2018-05-16T00:00:00	09:20:00	SEM VÍTIMA	CANCELADA	IMBIRIBEIRA	AV MARECHAL MASCARENHAS DE MORAES	""	""	SENTIDO CABO APOS A UPA EM FRENTE A CONECSSIONARIA TOYOLEX	AV MARECHAL MASCARENHAS DE MORAES	""	SENTIDO CABO APOS A UPA EM FRENTE A CONECSSIONARIA TOYOLEX	IMBIRIBEIRA		""	COLISÃO	COLISÃO SEM VITIMAS	1	1								0		""	""	""	""	""	""	""	""	""	""	""	""	""
4360	2018-05-16T00:00:00	09:23:00	SEM VÍTIMA	FINALIZADA	GRAÇAS	RUA JOAQUIM NABUCO	""	RUA GUILHERME PINTO	COM A RUA GUILHERME PINTO / SEMAFORO 498	RUA JOAQUIM NABUCO	""	COM A RUA GUILHERME PINTO / SEMAFORO 498	GRAÇAS		""	COLISÃO	DOIS AUTOS	1						1			0		""	""	""	""	""	""	""	""	""	""	""	""	""
4361	2018-05-16T00:00:00	09:43:00	SEM VÍTIMA	FINALIZADA	IBURA	AV RECIFE	""	""	SEMAFORO 055	AV RECIFE	""	SEMAFORO 055	IBURA		""	COLISÃO	COLISÃO SEM VITIMAS	2									0		""	""	""	""	""	""	""	""	""	""	""	""	""
4362	2018-05-16T00:00:00	09:46:00	COM VÍTIMA	FINALIZADA	ESTÂNCIA	AV RECIFE	""	""	DE FRONTE AO WALMART	AV RECIFE	""	DE FRONTE AO WALMART	ESTÂNCIA		""	COLISÃO	COLISÃO COM VÍTIMA	1	1								1		""	""	""	""	""	""	""	""	""	""	""	""	""
4363	2018-05-16T00:00:00	10:05:00	SEM VÍTIMA	FINALIZADA	BOA VIAGEM	RUA FRANCISCO DA CUNHA	1038	RUA ANTONIO FALCAO	COM A RUA ANTONIO FALCAO	RUA FRANCISCO DA CUNHA	1038	COM A RUA ANTONIO FALCAO	BOA VIAGEM		""	COLISÃO	DOIS AUTOS	2									0		""	""	""	""	""	""	""	""	""	""	""	""	""
4364	2018-05-16T00:00:00	10:22:00	SEM VÍTIMA	FINALIZADA	DERBY	AV GOVERNADOR AGAMENON MAGALHAES	""	""	EM FRENTE AO BANCO BRADESCO ,SENT/BOA VIAGEM,SEMAFORO 650	AV GOVERNADOR AGAMENON MAGALHAES	""	EM FRENTE AO BANCO BRADESCO ,SENT/BOA VIAGEM,SEMAFORO 650	DERBY		""	COLISÃO	SEM VITIMAS	1					1				0		""	""	""	""	""	""	""	""	""	""	""	""	""
4365	2018-05-16T00:00:00	10:37:00	COM VÍTIMA	FINALIZADA	CAMPO GRANDE	RUA JERONIMO VILELA	99	RUA MARQUES DE ABRANTES	COM A RUA MARQUES DE ABRANTES	RUA JERONIMO VILELA	99	COM A RUA MARQUES DE ABRANTES	CAMPO GRANDE		""	COLISÃO	MOTO E AUTO	1	1								1		""	""	""	""	""	""	""	""	""	""	""	""	""
4366	2018-05-16T00:00:00	11:13:00	SEM VÍTIMA	CANCELADA	VÁRZEA	RUA ACADEMICO HELIO RAMOS	386	""	EM BAIXO DO SEMAFORO 520 PROX A PRAÇA DA VARZEA	RUA ACADEMICO HELIO RAMOS	386	EM BAIXO DO SEMAFORO 520 PROX A PRAÇA DA VARZEA	VÁRZEA		""	COLISÃO	COLISÃO SEM VITIMAS	1					1				0		""	""	""	""	""	""	""	""	""	""	""	""	""
4367	2018-05-16T00:00:00	11:43:00	COM VÍTIMA	FINALIZADA	ILHA DO RETIRO	RUA SPORT CLUBE DO RECIFE	""	""	E/F AO CLUBE DO SPORTE S/T DERBY	RUA SPORT CLUBE DO RECIFE	""	E/F AO CLUBE DO SPORTE S/T DERBY	ILHA DO RETIRO		""	COLISÃO	COLISAO ENTRE DOIS AUTOS S/V	2									1		""	""	""	""	""	""	""	""	""	""	""	""	""
4368	2018-05-16T00:00:00	11:46:00	SEM VÍTIMA	FINALIZADA	IBURA	RUA EMILIO MONTEIRO FONSECA	1531	""	E/F A RESIDENCIA. PROX. AO POSTO DE SAÚDE DA VILA OPERÁRIA	RUA EMILIO MONTEIRO FONSECA	1531	E/F A RESIDENCIA. PROX. AO POSTO DE SAÚDE DA VILA OPERÁRIA	IBURA		""	COLISÃO	SEM VÍTIMAS	1	1								0		""	""	""	""	""	""	""	""	""	""	""	""	""
4369	2018-05-16T00:00:00	11:56:00	SEM VÍTIMA	CANCELADA	ESPINHEIRO	AV CONS ROSA E SILVA	327	""	E/F A OEDF.. JARDIM PEDROSA	AV CONS ROSA E SILVA	327	E/F A OEDF.. JARDIM PEDROSA	ESPINHEIRO		""	COLISÃO	SEM VÍTIMAS	1					1				0		""	""	""	""	""	""	""	""	""	""	""	""	""
4370	2018-05-16T00:00:00	12:47:00	SEM VÍTIMA	PENDENTE	CASA AMARELA	RUA CONEGO BARATA	""	""	SEMÁFORO	RUA CONEGO BARATA	""	SEMÁFORO	CASA AMARELA		""	COLISÃO	""	3									0		""	""	""	""	""	""	""	""	""	""	""	""	""
4371	2018-05-16T00:00:00	12:50:00	SEM VÍTIMA	CANCELADA	BOA VISTA	RUA JOSE DE ALENCAR	""	""	AO LADO DA PADARIA SANTA TEREZINHA	RUA JOSE DE ALENCAR	""	AO LADO DA PADARIA SANTA TEREZINHA	BOA VISTA		""	COLISÃO	COLISÃO SEM VÍTIMA	2									0		""	""	""	""	""	""	""	""	""	""	""	""	""
4372	2018-05-16T00:00:00	13:31:00	SEM VÍTIMA	FINALIZADA	GRAÇAS	RUA DO FUTURO	855	""	AO LADO DO NAAC	RUA DO FUTURO	855	AO LADO DO NAAC	GRAÇAS		""	COLISÃO	ENTRE CAMINHÃO E AUTO. S/V	1						1			0		""	""	""	""	""	""	""	""	""	""	""	""	""
4373	2018-05-16T00:00:00	14:01:00	SEM VÍTIMA	PENDENTE	MADALENA	RUA PADRE ANCHIETA	""	""	EM FRENTE A MASSA NOBRE	RUA PADRE ANCHIETA	""	EM FRENTE A MASSA NOBRE	MADALENA		""	COLISÃO	COLISÃO SEM VÍTIMA	2									0		""	""	""	""	""	""	""	""	""	""	""	""	""
4374	2018-05-16T00:00:00	14:48:00	SEM VÍTIMA	FINALIZADA	AFOGADOS	RUA SAO MIGUEL	431	""	PROX AO BANCO DO BRASIL	RUA SAO MIGUEL	431	PROX AO BANCO DO BRASIL	AFOGADOS		""	COLISÃO	COLISAO ENTRE MOTO E AUTO S/V	1	1								0		""	""	""	""	""	""	""	""	""	""	""	""	""
4375	2018-05-16T00:00:00	15:06:00	SEM VÍTIMA	FINALIZADA	VASCO DA GAMA	AV VEREADOR OTACILIO AZEVEDO	4571	""	EM FRENTE AO ASSEMBLEIA DE DEUS	AV VEREADOR OTACILIO AZEVEDO	4571	EM FRENTE AO ASSEMBLEIA DE DEUS	VASCO DA GAMA		""	COLISÃO	COLISÃO SEM VÍTIMA	1						1			0		""	""	""	""	""	""	""	""	""	""	""	""	""
4376	2018-05-16T00:00:00	15:09:00	SEM VÍTIMA	FINALIZADA	GRAÇAS	RUA JOAQUIM NABUCO	""	""	""	RUA JOAQUIM NABUCO	""	""	GRAÇAS		""	COLISÃO	""	1	1								0		""	""	""	""	""	""	""	""	""	""	""	""	""
4377	2018-05-16T00:00:00	15:14:00	SEM VÍTIMA	CANCELADA	MADALENA	RUA MONSENHOR JULIO MARIA	176	RUA JOAO IVO	ESQUINA DO POSTO VIA DA RUA JOAO IVO	RUA MONSENHOR JULIO MARIA	176	ESQUINA DO POSTO VIA DA RUA JOAO IVO	MADALENA		""	COLISÃO	COLISAO ENTRE DOIS AUTOS S/V	2									0		""	""	""	""	""	""	""	""	""	""	""	""	""
4378	2018-05-16T00:00:00	15:17:00	COM VÍTIMA	FINALIZADA	PORTO DA MADEIRA	AV BEBERIBE	3759	""	EM FRENTE AO POSTO PETRAL	AV BEBERIBE	3759	EM FRENTE AO POSTO PETRAL	PORTO DA MADEIRA		""	COLISÃO	COLISÃO COM VÍTIMA	1	1								1		""	""	""	""	""	""	""	""	""	""	""	""	""
4379	2018-05-16T00:00:00	15:28:00	SEM VÍTIMA	FINALIZADA	TORRÕES	RUA DR MIGUEL VIEIRA FERREIRA	149	""	PROXIMO A ASSEMBLEIA DE DEUS	RUA DR MIGUEL VIEIRA FERREIRA	149	PROXIMO A ASSEMBLEIA DE DEUS	TORRÕES		""	COLISÃO	COLISÃO SEM VÍTIMA							2			0		""	""	""	""	""	""	""	""	""	""	""	""	""
4380	2018-05-16T00:00:00	15:47:00	SEM VÍTIMA	FINALIZADA	SÃO JOSÉ	RUA RIO CAPIBARIBE	""	""	POR TRAS DA CASA DA CULTURA E/F A SDS NA PONTE VELHA	RUA RIO CAPIBARIBE	""	POR TRAS DA CASA DA CULTURA E/F A SDS NA PONTE VELHA	SÃO JOSÉ		""	COLISÃO	COLISAO ENTRE DOIS AUTOS S/V	2									0		""	""	""	""	""	""	""	""	""	""	""	""	""
4381	2018-05-16T00:00:00	16:33:00	COM VÍTIMA	FINALIZADA	BOA VIAGEM	RUA JOSE DA SILVA LUCENA	515	""	PROXIDADES DO COLÉGIO GGE / POR TRÁS DO SHOPPING RECIFE	RUA JOSE DA SILVA LUCENA	515	PROXIDADES DO COLÉGIO GGE / POR TRÁS DO SHOPPING RECIFE	BOA VIAGEM		""	COLISÃO	ENTRE MOTO E MOTO. C/V	1	1								2		""	""	""	""	""	""	""	""	""	""	""	""	""
4382	2018-05-16T00:00:00	16:40:00	SEM VÍTIMA	CANCELADA	IPSEP	RUA ADERBAL DE MELO	53	""	E/F AO CHANBARIL E FEIJOADA DO JOAO	RUA ADERBAL DE MELO	53	E/F AO CHANBARIL E FEIJOADA DO JOAO	IPSEP		""	COLISÃO	COLISAO ENTRE DOIS AUTOS S/V	1	1								0		""	""	""	""	""	""	""	""	""	""	""	""	""