_id	DATA	hora	natureza_acidente	situacao	bairro	endereco	numero	detalhe_endereco_acidente	complemento	endereco_cruzamento	numero_cruzamento	referencia_cruzamento	bairro_cruzamento	num_semaforo	sentido_via	tipo	descricao	auto	moto	ciclom	ciclista	pedestre	onibus	caminhao	viatura	outros	vitimas	vitimasfatais	acidente_verificado	tempo_clima	situacao_semaforo	sinalizacao	condicao_via	conservacao_via	ponto_controle	situacao_placa	velocidade_max_via	mao_direcao	divisao_via1	divisao_via2	divisao_via3
4383	2018-05-16T00:00:00	16:54:00	SEM VÍTIMA	FINALIZADA	AFOGADOS	RUA SAO MIGUEL	""	""	PROXIMO AO BANCO DO BRASIL	RUA SAO MIGUEL	""	PROXIMO AO BANCO DO BRASIL	AFOGADOS		""	COLISÃO	COLISÃO SEM VITIMA	2									0		""	""	""	""	""	""	""	""	""	""	""	""	""
4384	2018-05-16T00:00:00	17:30:00	SEM VÍTIMA	CANCELADA	BOA VIAGEM	RUA PROFESSOR AUGUSTO LINS E SILVA	62	""	PROX A PADARIA ALÉM DO PÃO	RUA PROFESSOR AUGUSTO LINS E SILVA	62	PROX A PADARIA ALÉM DO PÃO	BOA VIAGEM		""	COLISÃO	COLISAO ENTRE DOIS AUTOS S/V	2									0		""	""	""	""	""	""	""	""	""	""	""	""	""
4385	2018-05-16T00:00:00	18:02:00	SEM VÍTIMA	CANCELADA	MADALENA	EST DOS REMEDIOS	""	""	E/F A PD VEÍCULOS, PRÓX AO BOMPREÇO / SEMÁFORO 353	EST DOS REMEDIOS	""	E/F A PD VEÍCULOS, PRÓX AO BOMPREÇO / SEMÁFORO 353	MADALENA		""	COLISÃO	ENTRE AUTO E ONIBIUS. S/V	1					1				0		""	""	""	""	""	""	""	""	""	""	""	""	""
4386	2018-05-16T00:00:00	18:09:00	SEM VÍTIMA	CANCELADA	NOVA DESCOBERTA	AV VEREADOR OTACILIO AZEVEDO	""	""	ENF A UPA DE NOVA DESCOBERTA	AV VEREADOR OTACILIO AZEVEDO	""	ENF A UPA DE NOVA DESCOBERTA	NOVA DESCOBERTA		""	COLISÃO	DOIS AUTO	2									0		""	""	""	""	""	""	""	""	""	""	""	""	""
4387	2018-05-16T00:00:00	18:13:00	SEM VÍTIMA	CANCELADA	BOA VISTA	RUA PRINCESA IZABEL	""	""	CRUZANDO A RUA DA SAUDADE / SEMÁFORO 168	RUA PRINCESA IZABEL	""	CRUZANDO A RUA DA SAUDADE / SEMÁFORO 168	BOA VISTA		""	COLISÃO	ENTRE AUTO E ONIBIUS. S/V	1					1				0		""	""	""	""	""	""	""	""	""	""	""	""	""
4388	2018-05-16T00:00:00	19:03:00	SEM VÍTIMA	FINALIZADA	SÃO JOSÉ	C SANTA RITA	""	""	SEMÁFORO 076	C SANTA RITA	""	SEMÁFORO 076	SÃO JOSÉ		""	COLISÃO	ENTRE 2 AUTOS. S/V	2									0		""	""	""	""	""	""	""	""	""	""	""	""	""
4389	2018-05-16T00:00:00	19:27:00	SEM VÍTIMA	CANCELADA	IMBIRIBEIRA	AV MARECHAL MASCARENHAS DE MORAES	""	RUA ANTONIO FALCAO	CRUZAMENTO COM A ANTONIO FALCAO SENTIDO JABOATAO	AV MARECHAL MASCARENHAS DE MORAES	""	CRUZAMENTO COM A ANTONIO FALCAO SENTIDO JABOATAO	IMBIRIBEIRA		""	COLISÃO	CAMINHAO E AUTO	1						1			0		""	""	""	""	""	""	""	""	""	""	""	""	""
4390	2018-05-16T00:00:00	21:35:00	COM VÍTIMA	CANCELADA	TORRE	RUA JOSE BONIFACIO	""	""	NA DESCIDA DA PONTE DA TORRE - SENTIDO PARNAMIRIM	RUA JOSE BONIFACIO	""	NA DESCIDA DA PONTE DA TORRE - SENTIDO PARNAMIRIM	TORRE		""	COLISÃO	AUTO X MOTO C/VITIMA	1	1								1		""	""	""	""	""	""	""	""	""	""	""	""	""
4391	2018-05-16T00:00:00	21:53:00	SEM VÍTIMA	CANCELADA	BOA VIAGEM	AV CONSELHEIRO AGUIAR	""	""	APÓS A PRAÇA DE BOA VIAGEM, E/F A FARMACIA PAGUE MENOS / SNT PINA	AV CONSELHEIRO AGUIAR	""	APÓS A PRAÇA DE BOA VIAGEM, E/F A FARMACIA PAGUE MENOS / SNT PINA	BOA VIAGEM		""	ENGAVETAMENTO	ENTRE 3 AUTOS. S/V	3									0		""	""	""	""	""	""	""	""	""	""	""	""	""
4392	2018-05-16T00:00:00	21:54:00	COM VÍTIMA	CANCELADA	BOA VIAGEM	AV ENGENHEIRO DOMINGOS FERREIRA	315	""	ENFR AO EXTRA BOM SENTIDO BOA VIAGEM	AV ENGENHEIRO DOMINGOS FERREIRA	315	ENFR AO EXTRA BOM SENTIDO BOA VIAGEM	BOA VIAGEM		""	COLISÃO	TRES AUTO E MOTO OBS: A MOTO FOI RETIRADA DO LOCAL NIGUEM PEGOU A PLACA DA MESMA	3	1								1		""	""	""	""	""	""	""	""	""	""	""	""	""
4393	2018-05-16T00:00:00	22:04:00	SEM VÍTIMA	CANCELADA	BOA VIAGEM	RUA DEZ DE JULHO	2498	""	PRÓX AO CANAL DA RIO AZUL E ABABOX	RUA DEZ DE JULHO	2498	PRÓX AO CANAL DA RIO AZUL E ABABOX	BOA VIAGEM		""	COLISÃO	ENTRE 2 AUTOS. S/V	2									0		""	""	""	""	""	""	""	""	""	""	""	""	""
4394	2018-05-17T00:00:00	08:03:00	SEM VÍTIMA	CANCELADA	IPSEP	AV RECIFE	2447	""	EM FRENTE A HERBO BATERIAS / SENT BOA VIAGEM	AV RECIFE	2447	EM FRENTE A HERBO BATERIAS / SENT BOA VIAGEM	IPSEP		""	COLISÃO	DOIS AUTOS	2									0		""	""	""	""	""	""	""	""	""	""	""	""	""
4395	2018-05-17T00:00:00	08:12:00	COM VÍTIMA	FINALIZADA	IMBIRIBEIRA	AV MARECHAL MASCARENHAS DE MORAES	""	""	EM FRENTE A CONCESSIONARIA FORD ,SENT/AFOGADOS	AV MARECHAL MASCARENHAS DE MORAES	""	EM FRENTE A CONCESSIONARIA FORD ,SENT/AFOGADOS	IMBIRIBEIRA		""	ATROPELAMENTO	AUTO PASSEIO ATROPELOU UM PM	1				1					1		""	""	""	""	""	""	""	""	""	""	""	""	""
4396	2018-05-17T00:00:00	08:31:00	SEM VÍTIMA	FINALIZADA	SÃO JOSÉ	RUA PRIMEIRO DE MARCO	""	""	E/F AO BANCO ITAU, SEMÁFORO 194	RUA PRIMEIRO DE MARCO	""	E/F AO BANCO ITAU, SEMÁFORO 194	SÃO JOSÉ		""	COLISÃO	SEM VÍTIMAS	1					1				0		""	""	""	""	""	""	""	""	""	""	""	""	""
4397	2018-05-17T00:00:00	08:51:00	COM VÍTIMA	FINALIZADA	MADALENA	AV BEIRA RIO	""	RUA JOSE OSORIO	COM A RUA JOSE OSORIO SEMAFORO 387	AV BEIRA RIO	""	COM A RUA JOSE OSORIO SEMAFORO 387	MADALENA		""	COLISÃO	MOTO E AUTO	1	1								1		""	""	""	""	""	""	""	""	""	""	""	""	""
4398	2018-05-17T00:00:00	09:26:00	SEM VÍTIMA	FINALIZADA	ILHA DO LEITE	RUA JOSE DE ALENCAR	770	""	E/F A UNIMED III	RUA JOSE DE ALENCAR	770	E/F A UNIMED III	ILHA DO LEITE		""	COLISÃO	SEM VÍTIMAS	2									0		""	""	""	""	""	""	""	""	""	""	""	""	""
4399	2018-05-17T00:00:00	10:40:00	SEM VÍTIMA	FINALIZADA	BOA VIAGEM	AV CONSELHEIRO AGUIAR	""	RUA BENEDITO CHAVES	SEMAFORO 114 / CRUZ COM RUA BENEDITO CHAVES	AV CONSELHEIRO AGUIAR	""	SEMAFORO 114 / CRUZ COM RUA BENEDITO CHAVES	BOA VIAGEM		""	COLISÃO	DOIS AUTOS	2									0		""	""	""	""	""	""	""	""	""	""	""	""	""
4400	2018-05-17T00:00:00	10:49:00	SEM VÍTIMA	CANCELADA	PINA	AV ANTONIO DE GOES	60	""	E/F AO JCPM	AV ANTONIO DE GOES	60	E/F AO JCPM	PINA		""	COLISÃO	COLISAO ENTRE DOIS AUTOS S/V	2									0		""	""	""	""	""	""	""	""	""	""	""	""	""
4401	2018-05-17T00:00:00	11:00:00	SEM VÍTIMA	FINALIZADA	BOA VISTA	RUA DOM BOSCO	""	AV CONDE DA BOA VISTA	COM AV CONDE DA BOA VISTA E/F A EMLURB S/T HOSPITAL DA RESTAURAÇÃO	RUA DOM BOSCO	""	COM AV CONDE DA BOA VISTA E/F A EMLURB S/T HOSPITAL DA RESTAURAÇÃO	BOA VISTA		""	COLISÃO	COLISAO ENTRE DOIS AUTOS S/V	2									0		""	""	""	""	""	""	""	""	""	""	""	""	""
4402	2018-05-17T00:00:00	12:25:00	SEM VÍTIMA	FINALIZADA	ILHA DO RETIRO	RUA SPORT CLUBE DO RECIFE	""	""	EM FRENTE AO SPORT/ SENTIDO CIDADE	RUA SPORT CLUBE DO RECIFE	""	EM FRENTE AO SPORT/ SENTIDO CIDADE	ILHA DO RETIRO		""	COLISÃO	COLISÃO SEM VÍTIMA	2									0		""	""	""	""	""	""	""	""	""	""	""	""	""
4403	2018-05-17T00:00:00	13:29:00	SEM VÍTIMA	FINALIZADA	COELHOS	RUA GERVASIO PIRES	""	""	NO PATIO DE SANTA CRUZ	RUA GERVASIO PIRES	""	NO PATIO DE SANTA CRUZ	COELHOS		""	COLISÃO	COLISÃO SEM VITIMAS	2									0		""	""	""	""	""	""	""	""	""	""	""	""	""
4404	2018-05-17T00:00:00	13:55:00	SEM VÍTIMA	CANCELADA	AFOGADOS	RUA COSME VIANA	""	""	EM BAIXO DO SEMAFORO 100 EM FRENTE A CONCESSIONARIA IMBIRIBEIRA VEICULOS	RUA COSME VIANA	""	EM BAIXO DO SEMAFORO 100 EM FRENTE A CONCESSIONARIA IMBIRIBEIRA VEICULOS	AFOGADOS		""	COLISÃO	COLISÃO SEM VITIMAS	1	1								0		""	""	""	""	""	""	""	""	""	""	""	""	""
4405	2018-05-17T00:00:00	14:00:00	SEM VÍTIMA	CANCELADA	ARRUDA	RUA PETRONILA BOTELHO	151	""	POR TRAS DO ESTADIO DO SANTA CRUZ	RUA PETRONILA BOTELHO	151	POR TRAS DO ESTADIO DO SANTA CRUZ	ARRUDA		""	COLISÃO	COLISÃO SEM VÍTIMA	1	1								0		""	""	""	""	""	""	""	""	""	""	""	""	""
4406	2018-05-17T00:00:00	14:03:00	SEM VÍTIMA	FINALIZADA	PINA	AV CONSUL JOSEPH NOUJAIM	78	""	HA 20 METROS DA ENTRADA PRINCIPAL DO SHOPPING RIO MAR	AV CONSUL JOSEPH NOUJAIM	78	HA 20 METROS DA ENTRADA PRINCIPAL DO SHOPPING RIO MAR	PINA		""	COLISÃO	SEM VITIMAS	1					1				0		""	""	""	""	""	""	""	""	""	""	""	""	""
4407	2018-05-17T00:00:00	14:03:00	SEM VÍTIMA	FINALIZADA	MADALENA	RUA REAL DA TORRE	955	""	EM FRENTE AO POSTO TOTAL	RUA REAL DA TORRE	955	EM FRENTE AO POSTO TOTAL	MADALENA		""	COLISÃO	COLISÃO SEM VÍTIMA	1						1			0		""	""	""	""	""	""	""	""	""	""	""	""	""
4408	2018-05-17T00:00:00	14:44:00	SEM VÍTIMA	FINALIZADA	SAN MARTIN	AV CONSUL VILARES FRAGOSO	445	""	EM FRENTE AO ARMAZEM SUPAPO	AV CONSUL VILARES FRAGOSO	445	EM FRENTE AO ARMAZEM SUPAPO	SAN MARTIN		""	COLISÃO	COLISÃO SEM VITIMAS	2									0		""	""	""	""	""	""	""	""	""	""	""	""	""
4409	2018-05-17T00:00:00	15:36:00	SEM VÍTIMA	FINALIZADA	BOA VIAGEM	RUA CORONEL ANIZIO RODRIGUES COELHO	""	RUA DES JOAO PAES	CRU\ COM A RUA DESEMBARGADOR JOÃO PAES EM FRENTE AO SALÃO DE BELEZA LUMIERE	RUA CORONEL ANIZIO RODRIGUES COELHO	""	CRU\ COM A RUA DESEMBARGADOR JOÃO PAES EM FRENTE AO SALÃO DE BELEZA LUMIERE	BOA VIAGEM		""	COLISÃO	COLISÃO SEM VITIMAS	2									0		""	""	""	""	""	""	""	""	""	""	""	""	""
4410	2018-05-17T00:00:00	16:08:00	SEM VÍTIMA	FINALIZADA	TORRÕES	AV ENGENHEIRO ABDIAS DE CARVALHO	""	""	EM FRENTE AO RESTAURANTE YOKI GALETOS SENT/CIDADE	AV ENGENHEIRO ABDIAS DE CARVALHO	""	EM FRENTE AO RESTAURANTE YOKI GALETOS SENT/CIDADE	TORRÕES		""	COLISÃO	SEM VITIMAS	2									0		""	""	""	""	""	""	""	""	""	""	""	""	""
4411	2018-05-17T00:00:00	16:31:00	COM VÍTIMA	FINALIZADA	DERBY	PTE JOSE DE BARROS LIMA	""	""	NA DESCIDA DA PONTE, SENTIDO ILHA JOANA BEZERRA/ PAISSANDÚ	PTE JOSE DE BARROS LIMA	""	NA DESCIDA DA PONTE, SENTIDO ILHA JOANA BEZERRA/ PAISSANDÚ	DERBY		""	ACID. DE PERCURSO	""		1								1		""	""	""	""	""	""	""	""	""	""	""	""	""
4412	2018-05-17T00:00:00	17:29:00	SEM VÍTIMA	FINALIZADA	AFLITOS	RUA TELES JUNIOR	132	RUA DES MARTINS PEREIRA	RESIDENCIA CRUZ COM RUA DESEMBARGADOR MARTINS PEREIRA EM FRENTE FERNANDOS BAR	RUA TELES JUNIOR	132	RESIDENCIA CRUZ COM RUA DESEMBARGADOR MARTINS PEREIRA EM FRENTE FERNANDOS BAR	AFLITOS		""	COLISÃO	COLISÃO SEM VITIMAS	2									0		""	""	""	""	""	""	""	""	""	""	""	""	""
4413	2018-05-17T00:00:00	17:36:00	SEM VÍTIMA	CANCELADA	SÃO JOSÉ	AV SUL	1148	""	EM FRENTE AO PROJETO DE RECICLAGEM DA EMLURB	AV SUL	1148	EM FRENTE AO PROJETO DE RECICLAGEM DA EMLURB	SÃO JOSÉ		""	COLISÃO	COLISÃO SEM VÍTIMA	2									0		""	""	""	""	""	""	""	""	""	""	""	""	""
4414	2018-05-17T00:00:00	17:46:00	COM VÍTIMA	EQUIPE EM DESLOCAMENTO	MADALENA	AV VISCONDE DE ALBUQUERQUE	""	""	AO LADO DA ASTRAL VEÍCULOS	AV VISCONDE DE ALBUQUERQUE	""	AO LADO DA ASTRAL VEÍCULOS	MADALENA		""	ATROPELAMENTO	COM UMA VITIMA	1				1					1		""	""	""	""	""	""	""	""	""	""	""	""	""
4415	2018-05-17T00:00:00	17:48:00	COM VÍTIMA	FINALIZADA	BAIRRO DO RECIFE	PTE GIRATORIA	""	""	DESCIDA DA PONTE	PTE GIRATORIA	""	DESCIDA DA PONTE	BAIRRO DO RECIFE		""	ACID. DE PERCURSO	ORIENTADOR RODRIGO REALIZOU O APOIO	1									1		""	""	""	""	""	""	""	""	""	""	""	""	""
4416	2018-05-17T00:00:00	18:34:00	SEM VÍTIMA	CANCELADA	DERBY	RUA JOAQUIM NABUCO	""	AV GOV AGAMENON MAGALHAES	LATERAL DO HOSPITAL DA RESTAURAÇÃO, SNT CAXANGÁ / ESQUINA COM A AV AGAMENON MAGALHÃES	RUA JOAQUIM NABUCO	""	LATERAL DO HOSPITAL DA RESTAURAÇÃO, SNT CAXANGÁ / ESQUINA COM A AV AGAMENON MAGALHÃES	DERBY		""	COLISÃO	ENTRE 2 AUTOS. S/V	2									0		""	""	""	""	""	""	""	""	""	""	""	""	""
4417	2018-05-17T00:00:00	19:25:00	SEM VÍTIMA	CANCELADA	IPSEP	RUA ALDEMAR DE OLIVEIRA	127	RUA HELIO BRANDAO	COM A RUA HELIO BRANDÃO, PROX. AO PÉ DE FEIJÃO SELF SERVICE	RUA ALDEMAR DE OLIVEIRA	127	COM A RUA HELIO BRANDÃO, PROX. AO PÉ DE FEIJÃO SELF SERVICE	IPSEP		""	COLISÃO	DOIS AUTOS	2									0		""	""	""	""	""	""	""	""	""	""	""	""	""
4418	2018-05-17T00:00:00	19:29:00	COM VÍTIMA	FINALIZADA	CAMPINA DO BARRETO	RUA DAS MOCAS	1271	""	PRÓX A PIZZARIA ATLÂNTICO	RUA DAS MOCAS	1271	PRÓX A PIZZARIA ATLÂNTICO	CAMPINA DO BARRETO		""	COLISÃO	ENTRE 2 AUTOS. C/V	2									1		""	""	""	""	""	""	""	""	""	""	""	""	""
4419	2018-05-17T00:00:00	19:41:00	COM VÍTIMA	FINALIZADA	CASA AMARELA	RUA CONS PERETTI	263	""	PROX. A CAIXA ECONOMICA	RUA CONS PERETTI	263	PROX. A CAIXA ECONOMICA	CASA AMARELA		""	COLISÃO	ONIBUS E AUTO	1					1				2		""	""	""	""	""	""	""	""	""	""	""	""	""
4420	2018-05-17T00:00:00	19:45:00	SEM VÍTIMA	CANCELADA	CASA AMARELA	AV NORTE	5400	""	E/F A UPINHA, SNT CIDADE	AV NORTE	5400	E/F A UPINHA, SNT CIDADE	CASA AMARELA		""	COLISÃO	ENTRE ÔNIBUS E CAMINHÃO.S/V						1	1			0		""	""	""	""	""	""	""	""	""	""	""	""	""
4421	2018-05-18T00:00:00	06:32:00	SEM VÍTIMA	FINALIZADA	IBURA	AV RECIFE	""	""	NA SAIDA DO IBURA DE ESQUINA COM O NUCLEO DA POLICIA EM FRENTE AO POSTO DE GASOLINA SHELL	AV RECIFE	""	NA SAIDA DO IBURA DE ESQUINA COM O NUCLEO DA POLICIA EM FRENTE AO POSTO DE GASOLINA SHELL	IBURA		""	COLISÃO	COLISÃO SEM VITIMAS	2									0		""	""	""	""	""	""	""	""	""	""	""	""	""
4422	2018-05-18T00:00:00	06:39:00	SEM VÍTIMA	CANCELADA	BOMBA DO HEMETÉRIO	RUA SAO BENTO	308	""	RESIDENCIA AO LADO DO POSTO DE GASOLINA NORTE BRAZ	RUA SAO BENTO	308	RESIDENCIA AO LADO DO POSTO DE GASOLINA NORTE BRAZ	BOMBA DO HEMETÉRIO		""	COLISÃO	COLISÃO SEM VITIMAS	1					1				0		""	""	""	""	""	""	""	""	""	""	""	""	""
4423	2018-05-18T00:00:00	08:03:00	COM VÍTIMA	FINALIZADA	BOA VISTA	RUA JOAO FERNANDES VIEIRA	""	""	EM FRENTE AO HOSPITAL DE FRATURAS	RUA JOAO FERNANDES VIEIRA	""	EM FRENTE AO HOSPITAL DE FRATURAS	BOA VISTA		""	COLISÃO	COLISÃO ENTRE AUTO E MOTO COM VÍTIMA										1		""	""	""	""	""	""	""	""	""	""	""	""	""
4424	2018-05-18T00:00:00	08:06:00	SEM VÍTIMA	FINALIZADA	CORDEIRO	RUA GOMES TABORDA	1078	RUA GREGORIO JUNIOR	ESQUINA COM A RUA GREGORIO JUNIOR	RUA GOMES TABORDA	1078	ESQUINA COM A RUA GREGORIO JUNIOR	CORDEIRO		""	COLISÃO	SEM VITIMAS	3									0		""	""	""	""	""	""	""	""	""	""	""	""	""
4425	2018-05-18T00:00:00	08:15:00	""	CANCELADA	CORDEIRO	RUA GREGORIO JUNIOR	""	""	CRUZ COM A RUA DA LAMA	RUA GREGORIO JUNIOR	""	CRUZ COM A RUA DA LAMA	CORDEIRO		""	COLISÃO	COLISÃO SEM VITIMAS	3									0		""	""	""	""	""	""	""	""	""	""	""	""	""
4426	2018-05-18T00:00:00	08:21:00	SEM VÍTIMA	FINALIZADA	ENCRUZILHADA	AV NORTE	""	""	LADO OPOSTO DA JACAUNA	AV NORTE	""	LADO OPOSTO DA JACAUNA	ENCRUZILHADA		""	COLISÃO	SEM VITIMAS		1				1				0		""	""	""	""	""	""	""	""	""	""	""	""	""
4427	2018-05-18T00:00:00	09:15:00	SEM VÍTIMA	FINALIZADA	BOA VIAGEM	RUA JOAO CARDOSO AIRES	""	RUA CAMBUINI	CRUZAMENTO COM A RUA CAMBUIN/ RESTAURANTE BAMBAM GRILL	RUA JOAO CARDOSO AIRES	""	CRUZAMENTO COM A RUA CAMBUIN/ RESTAURANTE BAMBAM GRILL	BOA VIAGEM		""	COLISÃO	COLISAO S/V	2									0		""	""	""	""	""	""	""	""	""	""	""	""	""
4428	2018-05-18T00:00:00	09:36:00	COM VÍTIMA	FINALIZADA	ILHA DO RETIRO	RUA JOAO ELISIO RAMOS	140	RUA DR JOAO MARQUES	COM RUA DR JOAO MARQUES / EM FRENTE AS PSCINAS DO SPORT	RUA JOAO ELISIO RAMOS	140	COM RUA DR JOAO MARQUES / EM FRENTE AS PSCINAS DO SPORT	ILHA DO RETIRO		""	COLISÃO	MOTO E AUTO	1	1								1		""	""	""	""	""	""	""	""	""	""	""	""	""
4429	2018-05-18T00:00:00	11:58:00	SEM VÍTIMA	FINALIZADA	ARRUDA	AV PROFESSOR JOSE DOS ANJOS	261	""	POR TRÁS DO ESTADIO DO ARRUDA/ SENTIDO AV NORTE	AV PROFESSOR JOSE DOS ANJOS	261	POR TRÁS DO ESTADIO DO ARRUDA/ SENTIDO AV NORTE	ARRUDA		""	COLISÃO	COLISÃO SEM VÍTIMA	1								1	0		""	""	""	""	""	""	""	""	""	""	""	""	""
4430	2018-05-18T00:00:00	12:24:00	COM VÍTIMA	FINALIZADA	ILHA DO LEITE	AV GOVERNADOR AGAMENON MAGALHAES	""	""	EM FRENTE AO EMPRESARIAL NASSAU/ SENTIDO OLINDA	AV GOVERNADOR AGAMENON MAGALHAES	""	EM FRENTE AO EMPRESARIAL NASSAU/ SENTIDO OLINDA	ILHA DO LEITE		""	COLISÃO	COLISÃO COM VÍTIMA	1	1								1		""	""	""	""	""	""	""	""	""	""	""	""	""
4431	2018-05-18T00:00:00	12:29:00	SEM VÍTIMA	CANCELADA	MADALENA	AV ENGENHEIRO ABDIAS DE CARVALHO	672	""	EM FRENTE A DROGASIL, SENT. CIDADE	AV ENGENHEIRO ABDIAS DE CARVALHO	672	EM FRENTE A DROGASIL, SENT. CIDADE	MADALENA		""	COLISÃO	DOIS AUTOS	2									0		""	""	""	""	""	""	""	""	""	""	""	""	""
4432	2018-05-18T00:00:00	12:30:00	SEM VÍTIMA	FINALIZADA	ILHA DO LEITE	AV GOVERNADOR AGAMENON MAGALHAES	""	""	EM FRENTE AO EMPRESARIAL NASSAU/ SENTIDO OLINDA	AV GOVERNADOR AGAMENON MAGALHAES	""	EM FRENTE AO EMPRESARIAL NASSAU/ SENTIDO OLINDA	ILHA DO LEITE		""	COLISÃO	COLISÃO SEM VÍTIMA	1	1								0		""	""	""	""	""	""	""	""	""	""	""	""	""
4433	2018-05-18T00:00:00	13:24:00	SEM VÍTIMA	FINALIZADA	BOA VIAGEM	RUA PROFESSOR MARIO CASTRO	305	""	AO LADO DO COLEGIO MDRE DE DEUS	RUA PROFESSOR MARIO CASTRO	305	AO LADO DO COLEGIO MDRE DE DEUS	BOA VIAGEM		""	COLISÃO	DOIS AUTOS	2									0		""	""	""	""	""	""	""	""	""	""	""	""	""
4434	2018-05-18T00:00:00	13:56:00	SEM VÍTIMA	FINALIZADA	BOA VIAGEM	AV ENGENHEIRO DOMINGOS FERREIRA	2215	""	APOS A IMBILIARIA PAULO MIRANDA E/F AO EMPRESARIAL SANTA CECILIA	AV ENGENHEIRO DOMINGOS FERREIRA	2215	APOS A IMBILIARIA PAULO MIRANDA E/F AO EMPRESARIAL SANTA CECILIA	BOA VIAGEM		""	COLISÃO	COLISAO ENTRE AUTO E MOTO SEM VITIMAS	1	1								0		""	""	""	""	""	""	""	""	""	""	""	""	""
4435	2018-05-18T00:00:00	14:05:00	SEM VÍTIMA	FINALIZADA	PINA	AV ANTONIO DE GOES	""	""	EM FRENTE AO DNIT	AV ANTONIO DE GOES	""	EM FRENTE AO DNIT	PINA		""	COLISÃO	COLISÃO SEM VÍTIMA	3									0		""	""	""	""	""	""	""	""	""	""	""	""	""
4436	2018-05-18T00:00:00	14:06:00	SEM VÍTIMA	FINALIZADA	JORDÃO	AV MARIA IRENE	253	""	APOS O QUARTEL, EM FRENTE A EQUIPADORA ALTO NIVEL, PROX. AO COMERCIAL SOUSA	AV MARIA IRENE	253	APOS O QUARTEL, EM FRENTE A EQUIPADORA ALTO NIVEL, PROX. AO COMERCIAL SOUSA	JORDÃO		""	COLISÃO	AUTO E ONIBUS	1					1				0		""	""	""	""	""	""	""	""	""	""	""	""	""
4437	2018-05-18T00:00:00	14:37:00	SEM VÍTIMA	FINALIZADA	CASA FORTE	RUA LAURINDO COELHO	66	""	PROXIMO A HYUNDAI	RUA LAURINDO COELHO	66	PROXIMO A HYUNDAI	CASA FORTE		""	COLISÃO	COLISÃO SEM VÍTIMA	2									0		""	""	""	""	""	""	""	""	""	""	""	""	""
4438	2018-05-18T00:00:00	14:39:00	SEM VÍTIMA	CANCELADA	IBURA	AV MATO GROSSO	812	""	PROX. A PADARIA MONZA	AV MATO GROSSO	812	PROX. A PADARIA MONZA	IBURA		""	COLISÃO	DOIS AUTOS	2									0		""	""	""	""	""	""	""	""	""	""	""	""	""
4439	2018-05-18T00:00:00	15:13:00	COM VÍTIMA	FINALIZADA	BOMBA DO HEMETÉRIO	RUA BOMBA DO HEMETERIO	780	""	EM FRENTE A MOVERLART	RUA BOMBA DO HEMETERIO	780	EM FRENTE A MOVERLART	BOMBA DO HEMETÉRIO		""	COLISÃO	COLISÃO COM VÍTIMA	1	1								1		""	""	""	""	""	""	""	""	""	""	""	""	""
4440	2018-05-18T00:00:00	15:36:00	SEM VÍTIMA	PENDENTE	BOA VIAGEM	AV DOM JOAO VI	""	""	PROX. AO WALMART NO SEMAFORO 543	AV DOM JOAO VI	""	PROX. AO WALMART NO SEMAFORO 543	BOA VIAGEM		""	COLISÃO	DOIS AUTOS	2									0		""	""	""	""	""	""	""	""	""	""	""	""	""
4441	2018-05-18T00:00:00	15:42:00	SEM VÍTIMA	PENDENTE	IPSEP	AV RECIFE	""	""	E/F AO MARTELINHO DE OURO S/T CID UNIVERSITARIA	AV RECIFE	""	E/F AO MARTELINHO DE OURO S/T CID UNIVERSITARIA	IPSEP		""	COLISÃO	COLISAO ENTRE DOIS AUTOS S/V	2									0		""	""	""	""	""	""	""	""	""	""	""	""	""
4442	2018-05-18T00:00:00	16:04:00	SEM VÍTIMA	PENDENTE	SANTO AMARO	RUA MAJOR CODECEIRA	225	""	PROX. AO HOSPITAL OSWALDO CRUZ E PROCAPE	RUA MAJOR CODECEIRA	225	PROX. AO HOSPITAL OSWALDO CRUZ E PROCAPE	SANTO AMARO		""	COLISÃO	AUTO E MOTO	1	1								0		""	""	""	""	""	""	""	""	""	""	""	""	""
4443	2018-05-18T00:00:00	16:07:00	SEM VÍTIMA	FINALIZADA	CASA AMARELA	AV NORTE	""	""	PROX. À BIKE NORTE	AV NORTE	""	PROX. À BIKE NORTE	CASA AMARELA		""	COLISÃO	COLISÃO ENTRE AUTO E MOTO SEM VÍTIMA	2					1				0		""	""	""	""	""	""	""	""	""	""	""	""	""
4444	2018-05-18T00:00:00	16:18:00	SEM VÍTIMA	PENDENTE	PARNAMIRIM	AV DEZESSETE DE AGOSTO	428	""	AO LADO DO SHOPPING PLAZA	AV DEZESSETE DE AGOSTO	428	AO LADO DO SHOPPING PLAZA	PARNAMIRIM		""	COLISÃO	DOIS AUTOS	2									0		""	""	""	""	""	""	""	""	""	""	""	""	""
4445	2018-05-18T00:00:00	16:29:00	SEM VÍTIMA	CANCELADA	COHAB	AV CHAPADA DO ARARIPE	122	""	PROX. AO ARMAZEM DUVAN	AV CHAPADA DO ARARIPE	122	PROX. AO ARMAZEM DUVAN	COHAB		""	COLISÃO	ONIBUS E AUTO	1					1				0		""	""	""	""	""	""	""	""	""	""	""	""	""
4446	2018-05-18T00:00:00	16:35:00	SEM VÍTIMA	CANCELADA	CAMPO GRANDE	RUA ODORICO MENDES	188	RUA VISCONDE DE CAIRU	CRUZAMENTO COM A RUA VISC. DE CAIRU	RUA ODORICO MENDES	188	CRUZAMENTO COM A RUA VISC. DE CAIRU	CAMPO GRANDE		""	COLISÃO	COLISÃO SEM VÍTIMA	1						1			0		""	""	""	""	""	""	""	""	""	""	""	""	""
4447	2018-05-18T00:00:00	16:59:00	COM VÍTIMA	CANCELADA	BOA VIAGEM	AV BOA VIAGEM	1716	""	PROX. AO RESTAURANTE ALPHAIATE	AV BOA VIAGEM	1716	PROX. AO RESTAURANTE ALPHAIATE	BOA VIAGEM		""	COLISÃO	AUTO E MOTO	1	1								1		""	""	""	""	""	""	""	""	""	""	""	""	""