_id	DATA	hora	natureza_acidente	situacao	bairro	endereco	numero	detalhe_endereco_acidente	complemento	endereco_cruzamento	numero_cruzamento	referencia_cruzamento	bairro_cruzamento	num_semaforo	sentido_via	tipo	descricao	auto	moto	ciclom	ciclista	pedestre	onibus	caminhao	viatura	outros	vitimas	vitimasfatais	acidente_verificado	tempo_clima	situacao_semaforo	sinalizacao	condicao_via	conservacao_via	ponto_controle	situacao_placa	velocidade_max_via	mao_direcao	divisao_via1	divisao_via2	divisao_via3
4448	2018-05-18T00:00:00	17:31:00	COM VÍTIMA	CANCELADA	AFOGADOS	RUA COSME VIANA	181	""	PROX. AO EROS HOTEL	RUA COSME VIANA	181	PROX. AO EROS HOTEL	AFOGADOS		""	COLISÃO COM CICLISTA	AUTO E CICLISTA	1			1						1		""	""	""	""	""	""	""	""	""	""	""	""	""
4449	2018-05-18T00:00:00	17:53:00	SEM VÍTIMA	CANCELADA	TAMARINEIRA	EST DO ARRAIAL	2501	RUA SEBASTIAO ALVES	ENF A FARMACIA DO TRABALHADOR DE ESQUINA COM A RUA SEBASTIAO ALVES	EST DO ARRAIAL	2501	ENF A FARMACIA DO TRABALHADOR DE ESQUINA COM A RUA SEBASTIAO ALVES	TAMARINEIRA		""	COLISÃO	DOIS AUTO	2									0		""	""	""	""	""	""	""	""	""	""	""	""	""
4450	2018-05-18T00:00:00	17:54:00	SEM VÍTIMA	""	AFOGADOS	AV SUL	""	""	E/F A ESTAÇÃO LARGO DA PAZ / POR TRÁS DO ANTIGO ARMAZÉM COMERCIAL BATISTA	AV SUL	""	E/F A ESTAÇÃO LARGO DA PAZ / POR TRÁS DO ANTIGO ARMAZÉM COMERCIAL BATISTA	AFOGADOS		""	COLISÃO	ENTRE 2 AUTOS. S/V	2									0		""	""	""	""	""	""	""	""	""	""	""	""	""
4451	2018-05-18T00:00:00	18:11:00	SEM VÍTIMA	CANCELADA	GRAÇAS	AV CONS ROSA E SILVA	""	""	CRUZANDO A R SEBASTIÃO ALVES	AV CONS ROSA E SILVA	""	CRUZANDO A R SEBASTIÃO ALVES	GRAÇAS		""	COLISÃO	ENTRE 2 AUTOS	2									0		""	""	""	""	""	""	""	""	""	""	""	""	""
4452	2018-05-18T00:00:00	18:03:00	COM VÍTIMA	CANCELADA	IBURA	AV DOIS RIOS	1059	""	ENFA PAGUE MENOS E IGREJA SANTO ESPEDITO	AV DOIS RIOS	1059	ENFA PAGUE MENOS E IGREJA SANTO ESPEDITO	IBURA		""	COLISÃO	ONIBUS X MOTO		1				1				1		""	""	""	""	""	""	""	""	""	""	""	""	""
4453	2018-05-18T00:00:00	19:10:00	SEM VÍTIMA	CANCELADA	IMBIRIBEIRA	RUA ITAJAI	""	RUA JAMAICA	CRUZAMENTO COM A RUA JAMAICA E ENF: A IGREJA PRESBETARIANA	RUA ITAJAI	""	CRUZAMENTO COM A RUA JAMAICA E ENF: A IGREJA PRESBETARIANA	IMBIRIBEIRA		""	COLISÃO	TRES AUTO OBS: SINTOMA DE EMBRIAGUEZ	3									0		""	""	""	""	""	""	""	""	""	""	""	""	""
4454	2018-05-18T00:00:00	19:53:00	SEM VÍTIMA	CANCELADA	VÁRZEA	PRC PINTO DAMASO	""	""	E/F A PRAÇA CITADA (( PRAÇA DA VÁRZEA)) NO FINAL DA AV AFONSO OLINDENSE	PRC PINTO DAMASO	""	E/F A PRAÇA CITADA (( PRAÇA DA VÁRZEA)) NO FINAL DA AV AFONSO OLINDENSE	VÁRZEA		""	COLISÃO	ENTRE ÔNIBUS E AUTO PASSEIO. S/V	1					1				0		""	""	""	""	""	""	""	""	""	""	""	""	""
4455	2018-05-18T00:00:00	20:00:00	SEM VÍTIMA	CANCELADA	TEJIPIÓ	AV DR JOSE RUFINO	""	""	SEMAFORO 285 ENF A LOJA ARTE E MOVES	AV DR JOSE RUFINO	""	SEMAFORO 285 ENF A LOJA ARTE E MOVES	TEJIPIÓ		""	COLISÃO	ONIBUS X SIENA	1					1				0		""	""	""	""	""	""	""	""	""	""	""	""	""
4456	2018-05-18T00:00:00	1037712:00:00	SEM VÍTIMA	CANCELADA	BAIRRO DO RECIFE	PTE GIRATORIA	""	""	POR CIMA DA PTE GIRATORIA	PTE GIRATORIA	""	POR CIMA DA PTE GIRATORIA	BAIRRO DO RECIFE		""	COLISÃO	ENTRE AUTO E CARRETA. S/V	1						1			0		""	""	""	""	""	""	""	""	""	""	""	""	""
4457	2018-05-18T00:00:00	21:26:00	SEM VÍTIMA	CANCELADA	GRAÇAS	AV GOVERNADOR AGAMENON MAGALHAES	""	""	SENTIDO BOA VIAGEM ENF AO MECDONALD´S	AV GOVERNADOR AGAMENON MAGALHAES	""	SENTIDO BOA VIAGEM ENF AO MECDONALD´S	GRAÇAS		""	COLISÃO	DOIS AUTO	2									0		""	""	""	""	""	""	""	""	""	""	""	""	""
4458	2018-05-19T00:00:00	04:17:00	SEM VÍTIMA	CANCELADA	BOA VIAGEM	RUA BARAO DE SOUZA LEAO	""	""	PRÓX AO HOSPITAL ALFA	RUA BARAO DE SOUZA LEAO	""	PRÓX AO HOSPITAL ALFA	BOA VIAGEM		""	COLISÃO	COLISÃO ENTRE AUTO E CAMINHÃO SEM VÍTIMAS	1						1			0		""	""	""	""	""	""	""	""	""	""	""	""	""
4459	2018-05-19T00:00:00	06:57:00	SEM VÍTIMA	CANCELADA	JAQUEIRA	RUA DO FUTURO	1309	""	EM FRENTE AO VERDE FRUTA	RUA DO FUTURO	1309	EM FRENTE AO VERDE FRUTA	JAQUEIRA		""	COLISÃO	SEM VITIMAS	2									0		""	""	""	""	""	""	""	""	""	""	""	""	""
4460	2018-05-19T00:00:00	07:34:00	COM VÍTIMA	FINALIZADA	CABANGA	VIADUTO CAPITAO TEMUDO	""	""	SENTIDO BOA VIAGEM	VIADUTO CAPITAO TEMUDO	""	SENTIDO BOA VIAGEM	CABANGA		""	ACID. DE PERCURSO	VITIMA SOCORRIDA PELO SAMU		1								1		""	""	""	""	""	""	""	""	""	""	""	""	""
4461	2018-05-19T00:00:00	08:12:00	SEM VÍTIMA	FINALIZADA	PAISSANDU	RUA PAISSANDU	738	""	E/F AO LABORATÓRIO PAISSANDU	RUA PAISSANDU	738	E/F AO LABORATÓRIO PAISSANDU	PAISSANDU		""	COLISÃO	SEM VÍTIMAS	3									0		""	""	""	""	""	""	""	""	""	""	""	""	""
4462	2018-05-19T00:00:00	08:39:00	""	CANCELADA	PAISSANDU	RUA PAISSANDU	""	""	EM FRENTE AO HOSPITAL SÃO MARCOS	RUA PAISSANDU	""	EM FRENTE AO HOSPITAL SÃO MARCOS	PAISSANDU		""	COLISÃO	COLISÃO SEM VITIMAS	3									0		""	""	""	""	""	""	""	""	""	""	""	""	""
4463	2018-05-19T00:00:00	09:08:00	SEM VÍTIMA	FINALIZADA	ARRUDA	AV BEBERIBE	""	""	E/F A CONCESSIONÁRIA NISSAN, SENTIDO ENCRUZILHADA. SEMÁFORO 480	AV BEBERIBE	""	E/F A CONCESSIONÁRIA NISSAN, SENTIDO ENCRUZILHADA. SEMÁFORO 480	ARRUDA		""	COLISÃO	SEM VÍTIMAS	1					1				0		""	""	""	""	""	""	""	""	""	""	""	""	""
4464	2018-05-19T00:00:00	10:09:00	COM VÍTIMA	FINALIZADA	ESTÂNCIA	AV DR JOSE RUFINO	548	""	SENT/SUBURBIO EM FRERNTE A GALERIA MARGARIDA	AV DR JOSE RUFINO	548	SENT/SUBURBIO EM FRERNTE A GALERIA MARGARIDA	ESTÂNCIA		""	COLISÃO	COM UMA VITIMA SENDO ATENDIDA PELOS BOMBEIROS	1	1								1		""	""	""	""	""	""	""	""	""	""	""	""	""
4465	2018-05-19T00:00:00	11:38:00	SEM VÍTIMA	CANCELADA	AFOGADOS	EST DOS REMEDIOS	""	""	EF A TUPAN DE AFOGADOS	EST DOS REMEDIOS	""	EF A TUPAN DE AFOGADOS	AFOGADOS		""	COLISÃO	COLISAO S/V										0		""	""	""	""	""	""	""	""	""	""	""	""	""
4466	2018-05-19T00:00:00	11:54:00	COM VÍTIMA	CANCELADA	CASA FORTE	AV DEZESSETE DE AGOSTO	690	""	EM FRENTE A HYUNDAI	AV DEZESSETE DE AGOSTO	690	EM FRENTE A HYUNDAI	CASA FORTE		""	COLISÃO	COLISÃO COM VÍTIMA	1	1								2		""	""	""	""	""	""	""	""	""	""	""	""	""
4467	2018-05-19T00:00:00	12:48:00	SEM VÍTIMA	FINALIZADA	GRAÇAS	AV GOVERNADOR AGAMENON MAGALHAES	""	""	EM FRENTE AO CLUBE PORTUGUES - BANDEIRA FILHO	AV GOVERNADOR AGAMENON MAGALHAES	""	EM FRENTE AO CLUBE PORTUGUES - BANDEIRA FILHO	GRAÇAS		""	COLISÃO	COLISAO SEM VITIMA	2									0		""	""	""	""	""	""	""	""	""	""	""	""	""
4468	2018-05-19T00:00:00	12:55:00	SEM VÍTIMA	CANCELADA	APIPUCOS	AV DEZESSETE DE AGOSTO	1060	""	SEMÁFORO 540, E/F A RESIDENCIA.	AV DEZESSETE DE AGOSTO	1060	SEMÁFORO 540, E/F A RESIDENCIA.	APIPUCOS		""	COLISÃO	SEM VÍTIMAS	1					1				0		""	""	""	""	""	""	""	""	""	""	""	""	""
4469	2018-05-19T00:00:00	14:26:00	SEM VÍTIMA	FINALIZADA	CAMPO GRANDE	RUA FRANKLIN TAVORA	650	""	PROXIMO AO COLEGIO MARIO MELO	RUA FRANKLIN TAVORA	650	PROXIMO AO COLEGIO MARIO MELO	CAMPO GRANDE		""	COLISÃO	COLISÃO SEM VÍTIMA	2									0		""	""	""	""	""	""	""	""	""	""	""	""	""
4470	2018-05-19T00:00:00	16:50:00	SEM VÍTIMA	FINALIZADA	SÃO JOSÉ	RUA DA CONCORDIA	829	""	E/F AO SINDICATO DE CONSTRUÇÃO CIVIL. SEMÁFORO 182	RUA DA CONCORDIA	829	E/F AO SINDICATO DE CONSTRUÇÃO CIVIL. SEMÁFORO 182	SÃO JOSÉ		""	COLISÃO	SEM VÍTIMAS	2									0		""	""	""	""	""	""	""	""	""	""	""	""	""
4471	2018-05-19T00:00:00	16:50:00	SEM VÍTIMA	FINALIZADA	MUSTARDINHA	AV MANOEL GONCALVES DA LUZ	913B	""	AO LADO DO POSTO IPIRANGA	AV MANOEL GONCALVES DA LUZ	913B	AO LADO DO POSTO IPIRANGA	MUSTARDINHA		""	COLISÃO	COLISÃO SEM VÍTIMA	1	1								0		""	""	""	""	""	""	""	""	""	""	""	""	""
4472	2018-05-19T00:00:00	17:12:00	SEM VÍTIMA	FINALIZADA	DERBY	AV GOVERNADOR AGAMENON MAGALHAES	""	""	EM FRENTE A SPETTUS/ SENTIDO BOA VIAGEM	AV GOVERNADOR AGAMENON MAGALHAES	""	EM FRENTE A SPETTUS/ SENTIDO BOA VIAGEM	DERBY		""	COLISÃO	COLISÃO SEM VÍTMA	3									0		""	""	""	""	""	""	""	""	""	""	""	""	""
4473	2018-05-19T00:00:00	17:20:00	SEM VÍTIMA	CANCELADA	PRADO	AV ENGENHEIRO ABDIAS DE CARVALHO	""	""	E/F AO HABIB'S, SEMÁFORO 132. SENTIDO AFOGADOS	AV ENGENHEIRO ABDIAS DE CARVALHO	""	E/F AO HABIB'S, SEMÁFORO 132. SENTIDO AFOGADOS	PRADO		""	COLISÃO	SEM VÍTIMAS	1					1				0		""	""	""	""	""	""	""	""	""	""	""	""	""
4474	2018-05-19T00:00:00	18:00:00	COM VÍTIMA	FINALIZADA	ILHA JOANA BEZERRA	VIADUTO CAPITAO TEMUDO	""	""	NO INICIO DO VIADUTO, SENT. BOA VIAGEM	VIADUTO CAPITAO TEMUDO	""	NO INICIO DO VIADUTO, SENT. BOA VIAGEM	ILHA JOANA BEZERRA		""	COLISÃO	AUTO E MOTO	1	1								1		""	""	""	""	""	""	""	""	""	""	""	""	""
4475	2018-05-19T00:00:00	18:57:00	SEM VÍTIMA	FINALIZADA	MANGUEIRA	RUA BOM JARDIM	219	AV CENTRAL	DEPOIS DA ESTAÇAO MANGUEIRA CRUZAMENTO COM AV CENTRAL	RUA BOM JARDIM	219	DEPOIS DA ESTAÇAO MANGUEIRA CRUZAMENTO COM AV CENTRAL	MANGUEIRA		""	COLISÃO	ONIBUS X AUTO	1					1				0		""	""	""	""	""	""	""	""	""	""	""	""	""
4476	2018-05-19T00:00:00	20:00:00	SEM VÍTIMA	FINALIZADA	BOA VIAGEM	AV BOA VIAGEM	3020	""	PROX A RUA ANTONIO FALCAO	AV BOA VIAGEM	3020	PROX A RUA ANTONIO FALCAO	BOA VIAGEM		""	COLISÃO	TRES AUTO	3									0		""	""	""	""	""	""	""	""	""	""	""	""	""
4477	2018-05-19T00:00:00	22:33:00	SEM VÍTIMA	CANCELADA	IPUTINGA	RUA MAURICIO DE NASSAU	""	EST DO BARBALHO	CRUZAMENTO COM EST DO BARBALHO SEMAFORO 246	RUA MAURICIO DE NASSAU	""	CRUZAMENTO COM EST DO BARBALHO SEMAFORO 246	IPUTINGA		""	COLISÃO	DOIS AUTO	2									0		""	""	""	""	""	""	""	""	""	""	""	""	""
4478	2018-05-20T00:00:00	06:35:00	SEM VÍTIMA	FINALIZADA	AFOGADOS	RUA MOTOCOLOMBO	""	""	EM BAIXO DO SEMAFORO 039 EM FRENTE AO TROCÃO	RUA MOTOCOLOMBO	""	EM BAIXO DO SEMAFORO 039 EM FRENTE AO TROCÃO	AFOGADOS		""	COLISÃO	COLISÃO SEM VITIMAS	2									0		""	""	""	""	""	""	""	""	""	""	""	""	""
4479	2018-05-20T00:00:00	08:03:00	SEM VÍTIMA	CANCELADA	AFOGADOS	RUA VINTE E UM DE ABRIL	""	""	EF AO MASTER BOI	RUA VINTE E UM DE ABRIL	""	EF AO MASTER BOI	AFOGADOS		""	COLISÃO	COLISAO S/V										0		""	""	""	""	""	""	""	""	""	""	""	""	""
4480	2018-05-20T00:00:00	11:48:00	SEM VÍTIMA	FINALIZADA	BOA VIAGEM	AV ENGENHEIRO DOMINGOS FERREIRA	""	""	SEMAFORO 216	AV ENGENHEIRO DOMINGOS FERREIRA	""	SEMAFORO 216	BOA VIAGEM		""	COLISÃO	DOIS AUTOS SV	2									0		""	""	""	""	""	""	""	""	""	""	""	""	""
4481	2018-05-20T00:00:00	12:14:00	COM VÍTIMA	FINALIZADA	SANTO AMARO	RUA TREZE DE MAIO	""	""	POR TRAS DO SENAI	RUA TREZE DE MAIO	""	POR TRAS DO SENAI	SANTO AMARO		""	COLISÃO	DOIS AUTOS CV	2									1		""	""	""	""	""	""	""	""	""	""	""	""	""
4482	2018-05-20T00:00:00	12:15:00	SEM VÍTIMA	FINALIZADA	BOA VIAGEM	RUA BALTAZAR PASSOS	""	""	NO SEMÁFORO 154	RUA BALTAZAR PASSOS	""	NO SEMÁFORO 154	BOA VIAGEM		""	COLISÃO	COLISÃO SEM VÍTIMA	2									0		""	""	""	""	""	""	""	""	""	""	""	""	""
4483	2018-05-20T00:00:00	12:24:00	SEM VÍTIMA	FINALIZADA	CORDEIRO	RUA CAPITAO MANUEL DE ARAUJO MIRANDA	""	""	POR TRÁS DO CAMARÃO DO LÉO	RUA CAPITAO MANUEL DE ARAUJO MIRANDA	""	POR TRÁS DO CAMARÃO DO LÉO	CORDEIRO		""	COLISÃO	COLISÃO ENTRE AUTO E MOTO SEM VÍTIMAS	1	1								0		""	""	""	""	""	""	""	""	""	""	""	""	""
4484	2018-05-20T00:00:00	19:11:00	SEM VÍTIMA	CANCELADA	MADALENA	RUA JANUARIO BARBOSA	""	""	PROX A PRC EÇA DE QUEIROS AO LADO DO CAFE SAO BRAZ	RUA JANUARIO BARBOSA	""	PROX A PRC EÇA DE QUEIROS AO LADO DO CAFE SAO BRAZ	MADALENA		""	COLISÃO	DOIS AUTOS	2									0		""	""	""	""	""	""	""	""	""	""	""	""	""
4485	2018-05-20T00:00:00	19:35:00	SEM VÍTIMA	CANCELADA	DOIS IRMÃOS	RUA MANUEL DE MEDEIROS	101	""	PROX A FACULDADE RURAL SENTIDO PE15	RUA MANUEL DE MEDEIROS	101	PROX A FACULDADE RURAL SENTIDO PE15	DOIS IRMÃOS		""	COLISÃO	DOIS AUTOS OBS:: SUSPEITA DE EMBRIAGUEZ	2									0		""	""	""	""	""	""	""	""	""	""	""	""	""
4486	2018-05-20T00:00:00	19:54:00	SEM VÍTIMA	CANCELADA	SAN MARTIN	AV GENERAL SAN MARTIN	1976	""	PROX. AO PEDALI AÇAI E MUG LANCHES	AV GENERAL SAN MARTIN	1976	PROX. AO PEDALI AÇAI E MUG LANCHES	SAN MARTIN		""	COLISÃO	DOIS AUTOS	2									0		""	""	""	""	""	""	""	""	""	""	""	""	""
4487	2018-05-20T00:00:00	21:04:00	SEM VÍTIMA	CANCELADA	BOA VIAGEM	AV BOA VIAGEM	6292	""	ENF AO ED SUZUCA	AV BOA VIAGEM	6292	ENF AO ED SUZUCA	BOA VIAGEM		""	COLISÃO	CAMINHAO X AUTO	1						1			0		""	""	""	""	""	""	""	""	""	""	""	""	""
4488	2018-05-21T00:00:00	01:46:00	SEM VÍTIMA	CANCELADA	BOA VIAGEM	AV BOA VIAGEM	6666	""	EM FRENTE AO EDF. BARILOCHE	AV BOA VIAGEM	6666	EM FRENTE AO EDF. BARILOCHE	BOA VIAGEM		""	COLISÃO	TRES AUTOS	3									0		""	""	""	""	""	""	""	""	""	""	""	""	""
4489	2018-05-21T00:00:00	05:13:00	SEM VÍTIMA	CANCELADA	BOA VIAGEM	RUA PROFESSOR JOSE BRANDAO	""	""	EM FRENTE AO EMPRESARIAL MASTER	RUA PROFESSOR JOSE BRANDAO	""	EM FRENTE AO EMPRESARIAL MASTER	BOA VIAGEM		""	COLISÃO	DOIS AUTOS	2									0		""	""	""	""	""	""	""	""	""	""	""	""	""
4490	2018-05-21T00:00:00	07:57:00	SEM VÍTIMA	CANCELADA	TORRE	RUA CONDE DE IRAJA	236	""	E/F A ESCOLA CRIATIVA, SENTIDO MADALENA.	RUA CONDE DE IRAJA	236	E/F A ESCOLA CRIATIVA, SENTIDO MADALENA.	TORRE		""	COLISÃO	SEM VÍTIMAS	3									0		""	""	""	""	""	""	""	""	""	""	""	""	""
4491	2018-05-21T00:00:00	08:15:00	COM VÍTIMA	FINALIZADA	JIQUIÁ	RUA SAO MIGUEL	800	""	SEMAFORO 425EM FRENTE A LOJA ATACAREJO	RUA SAO MIGUEL	800	SEMAFORO 425EM FRENTE A LOJA ATACAREJO	JIQUIÁ		""	COLISÃO	COM UMA VITIMA SENDO ATENDIDA PELOS BOMBEIROS	1	1								1		""	""	""	""	""	""	""	""	""	""	""	""	""
4492	2018-05-21T00:00:00	08:27:00	SEM VÍTIMA	FINALIZADA	PINA	RUA CAMARATUBA	179	""	POR TRAS DO INSS	RUA CAMARATUBA	179	POR TRAS DO INSS	PINA		""	COLISÃO	MOTO E TAXI	1	1								0		""	""	""	""	""	""	""	""	""	""	""	""	""
4493	2018-05-21T00:00:00	08:43:00	SEM VÍTIMA	CANCELADA	BOA VIAGEM	AV BOA VIAGEM	5164	""	EM FRENTE AO EDF TRANSATRANTICO	AV BOA VIAGEM	5164	EM FRENTE AO EDF TRANSATRANTICO	BOA VIAGEM		""	COLISÃO	SEM VITIMAS	1	1								0		""	""	""	""	""	""	""	""	""	""	""	""	""
4494	2018-05-21T00:00:00	08:59:00	SEM VÍTIMA	FINALIZADA	AFOGADOS	RUA NICOLAU PEREIRA	51	""	EM FRENTE A EMPRESA DE RECICLAGEM DEUS É FIEL	RUA NICOLAU PEREIRA	51	EM FRENTE A EMPRESA DE RECICLAGEM DEUS É FIEL	AFOGADOS		""	COLISÃO	SEM VITIMAS	2									0		""	""	""	""	""	""	""	""	""	""	""	""	""
4495	2018-05-21T00:00:00	09:04:00	COM VÍTIMA	CANCELADA	IMBIRIBEIRA	AV MARECHAL MASCARENHAS DE MORAES	""	""	EM FRENTE A NISSAN EUROVIA SENTIDO AEROPORTO	AV MARECHAL MASCARENHAS DE MORAES	""	EM FRENTE A NISSAN EUROVIA SENTIDO AEROPORTO	IMBIRIBEIRA		""	ATROPELAMENTO	VEÍCULO HB20	1									1		""	""	""	""	""	""	""	""	""	""	""	""	""
4496	2018-05-21T00:00:00	09:04:00	COM VÍTIMA	FINALIZADA	BOA VIAGEM	RUA DES JOAO PAES	2160	RUA CORONEL ANIZIO COELHO	CRUZ COM A CORONEL ANIZIO COELHO	RUA DES JOAO PAES	2160	CRUZ COM A CORONEL ANIZIO COELHO	BOA VIAGEM		""	COLISÃO	COLISAO C/V SAMU JÁ ACIONADO	1	1								1		""	""	""	""	""	""	""	""	""	""	""	""	""
4497	2018-05-21T00:00:00	09:29:00	SEM VÍTIMA	CANCELADA	ESTÂNCIA	AV RECIFE	898	""	E/F A FARMACIA PAGUE MENOS, SEMÁFORO 059. SENTIDO CEASA	AV RECIFE	898	E/F A FARMACIA PAGUE MENOS, SEMÁFORO 059. SENTIDO CEASA	ESTÂNCIA		""	COLISÃO	SEM VÍTIMAS	2									0		""	""	""	""	""	""	""	""	""	""	""	""	""
4498	2018-05-21T00:00:00	09:56:00	SEM VÍTIMA	FINALIZADA	CAXANGÁ	AV CAXANGA	""	""	PROX AO BOI E BRASA/ EF AO HOSPITAL SANTA TERESINHA	AV CAXANGA	""	PROX AO BOI E BRASA/ EF AO HOSPITAL SANTA TERESINHA	CAXANGÁ		""	COLISÃO	COLISAO S/V										0		""	""	""	""	""	""	""	""	""	""	""	""	""
4499	2018-05-21T00:00:00	10:03:00	SEM VÍTIMA	CANCELADA	DOIS UNIDOS	RUA CRAVO BRANCO	""	AV HILDEBRANDO DE VASCONCELOS	PROX A PAN ESTRELANÇA/ CRUZ. COM AV HIDELBRANDO DE VASCONCELOS	RUA CRAVO BRANCO	""	PROX A PAN ESTRELANÇA/ CRUZ. COM AV HIDELBRANDO DE VASCONCELOS	DOIS UNIDOS		""	COLISÃO	COLISAO S/V										0		""	""	""	""	""	""	""	""	""	""	""	""	""
4500	2018-05-21T00:00:00	11:20:00	SEM VÍTIMA	FINALIZADA	DERBY	AV GOVERNADOR AGAMENON MAGALHAES	""	""	EM FRENTE AO COLEGIO AMERICANO BATISTA,SEMAFORO174,SENT/OLINDA	AV GOVERNADOR AGAMENON MAGALHAES	""	EM FRENTE AO COLEGIO AMERICANO BATISTA,SEMAFORO174,SENT/OLINDA	DERBY		""	COLISÃO	SEM VITIMAS	1	1								0		""	""	""	""	""	""	""	""	""	""	""	""	""
4501	2018-05-21T00:00:00	11:23:00	SEM VÍTIMA	FINALIZADA	BOA VISTA	AV CRUZ CABUGA	""	RUA DO PRINCIPE	COM A RUA DO PRINCIPE / EM FRENTE A CAMRA DE VEREADORES	AV CRUZ CABUGA	""	COM A RUA DO PRINCIPE / EM FRENTE A CAMRA DE VEREADORES	BOA VISTA		""	COLISÃO	ONIBUS E AUTO PASSEIO	1					1				0		""	""	""	""	""	""	""	""	""	""	""	""	""
4502	2018-05-21T00:00:00	11:29:00	COM VÍTIMA	FINALIZADA	IBURA	RUA VALE DO ITAJAI	""	""	EF A UPA DA LAGOA ENCANTADA	RUA VALE DO ITAJAI	""	EF A UPA DA LAGOA ENCANTADA	IBURA		""	COLISÃO	VITIMA SOCORRIDA PRA UPA	1	1								1		""	""	""	""	""	""	""	""	""	""	""	""	""
4503	2018-05-21T00:00:00	11:38:00	SEM VÍTIMA	FINALIZADA	IMBIRIBEIRA	RUA JOSE DA SILVA LUCENA	241	""	LACOMEX	RUA JOSE DA SILVA LUCENA	241	LACOMEX	IMBIRIBEIRA		""	COLISÃO	COLISÃO S/V	1						1			0		""	""	""	""	""	""	""	""	""	""	""	""	""
4504	2018-05-21T00:00:00	12:10:00	SEM VÍTIMA	FINALIZADA	GRAÇAS	RUA JOAQUIM NABUCO	677	""	EM FRENTE AO PONTO DO AÇAÍ	RUA JOAQUIM NABUCO	677	EM FRENTE AO PONTO DO AÇAÍ	GRAÇAS		""	COLISÃO	COLISÃO SEM VÍTIMA	3									0		""	""	""	""	""	""	""	""	""	""	""	""	""
4505	2018-05-21T00:00:00	13:11:00	COM VÍTIMA	CANCELADA	ILHA DO LEITE	RUA SPORT CLUBE DO RECIFE	""	""	E/F SPORT CLUBE AO LADO DO POSTO IPIRANGA S/T CURADO	RUA SPORT CLUBE DO RECIFE	""	E/F SPORT CLUBE AO LADO DO POSTO IPIRANGA S/T CURADO	ILHA DO LEITE		""	COLISÃO	COLISAO ENTRE AUTO E MOTO COM UMA VITIMA	1	1								1		""	""	""	""	""	""	""	""	""	""	""	""	""
4506	2018-05-21T00:00:00	13:59:00	SEM VÍTIMA	FINALIZADA	SANTO ANTÔNIO	RUA DO PEIXOTO	""	""	SECRETARIA DA FAZENDA/APOS O METRÔ	RUA DO PEIXOTO	""	SECRETARIA DA FAZENDA/APOS O METRÔ	SANTO ANTÔNIO		""	COLISÃO	COLISAO S/V	1					1				0		""	""	""	""	""	""	""	""	""	""	""	""	""
4507	2018-05-21T00:00:00	14:09:00	SEM VÍTIMA	FINALIZADA	PINA	AV ANTONIO DE GOES	""	""	NA PTE DO PINA S/T CID	AV ANTONIO DE GOES	""	NA PTE DO PINA S/T CID	PINA		""	COLISÃO	COLISAO ENTRE DOIS AUTOS E MOTO	1	1								0		""	""	""	""	""	""	""	""	""	""	""	""	""
4508	2018-05-21T00:00:00	14:14:00	SEM VÍTIMA	FINALIZADA	ÁGUA FRIA	RUA ALEGRE	36	""	APOS O CANAL DA CONTRUÇÃO	RUA ALEGRE	36	APOS O CANAL DA CONTRUÇÃO	ÁGUA FRIA		""	COLISÃO	COLISAO ENTRE AUTO E CAMINHAO	1						1			0		""	""	""	""	""	""	""	""	""	""	""	""	""
4509	2018-05-21T00:00:00	14:35:00	COM VÍTIMA	FINALIZADA	AFOGADOS	RUA VINTE E UM DE ABRIL	""	""	APÓS A FÁBRICA DO CAFÉ PETINHO, SENTIDO SUB/ CID	RUA VINTE E UM DE ABRIL	""	APÓS A FÁBRICA DO CAFÉ PETINHO, SENTIDO SUB/ CID	AFOGADOS		""	COLISÃO	COLISÃO COM VÍTIMA ENTRE AUTO E MOTO	1	1								2		""	""	""	""	""	""	""	""	""	""	""	""	""
4510	2018-05-21T00:00:00	15:02:00	SEM VÍTIMA	CANCELADA	IBURA	RUA FERNANDO TOMAZ DA SILVA	984	""	EF A FARMACIA BIG BEN	RUA FERNANDO TOMAZ DA SILVA	984	EF A FARMACIA BIG BEN	IBURA		""	COLISÃO	COLISAO S/V	2									0		""	""	""	""	""	""	""	""	""	""	""	""	""
4511	2018-05-21T00:00:00	15:02:00	COM VÍTIMA	FINALIZADA	SÃO JOSÉ	RUA DO PEIXOTO	232	RUA DA CONCORDIA	ESQUINA DA RUA DA CONCORDIA	RUA DO PEIXOTO	232	ESQUINA DA RUA DA CONCORDIA	SÃO JOSÉ		""	CHOQUE	USUARIA COLOCOU O BRAÇO FORA DO ONIBUS E SEU BRAÇO BATEU NO POSTE CAUSANDO FRATURA EXPOSTA BATEDOR 11 LINDEMBERG ESTA NO LOCAL						1				1		""	""	""	""	""	""	""	""	""	""	""	""	""
4512	2018-05-21T00:00:00	15:15:00	SEM VÍTIMA	CANCELADA	SAN MARTIN	RUA VISCONDE DE PELOTAS	66	""	PROX AO SEMAFORO 334 RSE SEGURANÇA ELETRONICA/ TRANSVERSAL COM A 21 DE ABRIL	RUA VISCONDE DE PELOTAS	66	PROX AO SEMAFORO 334 RSE SEGURANÇA ELETRONICA/ TRANSVERSAL COM A 21 DE ABRIL	SAN MARTIN		""	COLISÃO	COLISAO S/V	1								1	0		""	""	""	""	""	""	""	""	""	""	""	""	""
4513	2018-05-21T00:00:00	15:19:00	SEM VÍTIMA	FINALIZADA	PRADO	RUA GOMES TABORDA	364	""	EM FRENTE AO HOTEL NIGHT SUITES	RUA GOMES TABORDA	364	EM FRENTE AO HOTEL NIGHT SUITES	PRADO		""	COLISÃO	COLISÃO SEM VÍTIMA	2									0		""	""	""	""	""	""	""	""	""	""	""	""	""
4514	2018-05-21T00:00:00	15:53:00	SEM VÍTIMA	FINALIZADA	CAMPO GRANDE	EST DE BELEM	1838	""	E/F A IGREJA BATISTA DE CAMPO GRANDE	EST DE BELEM	1838	E/F A IGREJA BATISTA DE CAMPO GRANDE	CAMPO GRANDE		""	CHOQUE	PEDRA CAIU DO TRATOR EM CIMA DO TAXI S/V	1									0		""	""	""	""	""	""	""	""	""	""	""	""	""