_id	DATA	hora	natureza_acidente	situacao	bairro	endereco	numero	detalhe_endereco_acidente	complemento	endereco_cruzamento	numero_cruzamento	referencia_cruzamento	bairro_cruzamento	num_semaforo	sentido_via	tipo	descricao	auto	moto	ciclom	ciclista	pedestre	onibus	caminhao	viatura	outros	vitimas	vitimasfatais	acidente_verificado	tempo_clima	situacao_semaforo	sinalizacao	condicao_via	conservacao_via	ponto_controle	situacao_placa	velocidade_max_via	mao_direcao	divisao_via1	divisao_via2	divisao_via3
4515	2018-05-21T00:00:00	16:07:00	COM VÍTIMA	CANCELADA	AFOGADOS	RUA MOTOCOLOMBO	""	""	NA PONTE MOTOCOLOMBÓ STD AFOGADOS	RUA MOTOCOLOMBO	""	NA PONTE MOTOCOLOMBÓ STD AFOGADOS	AFOGADOS		""	COLISÃO	COLISÃO C/V VEICULO TRANSPORTADOR DE COLETA DE SANGUE	1	1								1		""	""	""	""	""	""	""	""	""	""	""	""	""
4516	2018-05-21T00:00:00	16:47:00	SEM VÍTIMA	FINALIZADA	SANTO AMARO	RUA CAPITAO LIMA	""	""	E/F A TV JORNAL	RUA CAPITAO LIMA	""	E/F A TV JORNAL	SANTO AMARO		""	COLISÃO	COLISAO ENTRE AUTO E TAXI S/V	2									0		""	""	""	""	""	""	""	""	""	""	""	""	""
4517	2018-05-21T00:00:00	17:06:00	""	CANCELADA	PAISSANDU	PTE JOSE DE BARROS LIMA	""	""	PRÓXIMO AO HOSPITAL PORTUGUÊS	PTE JOSE DE BARROS LIMA	""	PRÓXIMO AO HOSPITAL PORTUGUÊS	PAISSANDU		""	COLISÃO	SEM VÍTIMAS	1	1								0		""	""	""	""	""	""	""	""	""	""	""	""	""
4518	2018-05-21T00:00:00	17:10:00	SEM VÍTIMA	FINALIZADA	AREIAS	AV DR JOSE RUFINO	""	""	E/F A FABRICA DA YOLANDA	AV DR JOSE RUFINO	""	E/F A FABRICA DA YOLANDA	AREIAS		""	CHOQUE	TAXI CHOCOU COM UM POSTE	1									0		""	""	""	""	""	""	""	""	""	""	""	""	""
4519	2018-05-21T00:00:00	17:17:00	COM VÍTIMA	FINALIZADA	BOA VIAGEM	RUA ERNESTO DE PAULA SANTOS	""	RUA AMALIA BERNARDINO DE SOUZA	EM FRENTE AO POSTO PETROBRAS/ CRUZAMENTO COM A RUA AMALIA BERNARDINO DE SOUZA	RUA ERNESTO DE PAULA SANTOS	""	EM FRENTE AO POSTO PETROBRAS/ CRUZAMENTO COM A RUA AMALIA BERNARDINO DE SOUZA	BOA VIAGEM		""	COLISÃO	COLISÃO COM VÍTIMA	1	1								1		""	""	""	""	""	""	""	""	""	""	""	""	""
4520	2018-05-21T00:00:00	17:17:00	COM VÍTIMA	FINALIZADA	MADALENA	AV VISCONDE DE ALBUQUERQUE	""	""	E/F AO HOSPITAL D´ÁVILA	AV VISCONDE DE ALBUQUERQUE	""	E/F AO HOSPITAL D´ÁVILA	MADALENA		""	COLISÃO	COLISAO ENTRE AUTO E MOTO COM UMA VITIMA	1	1								1		""	""	""	""	""	""	""	""	""	""	""	""	""
4521	2018-05-21T00:00:00	17:29:00	SEM VÍTIMA	FINALIZADA	DERBY	RUA JENER DE SOUZA	""	""	EM FRENTE A QUARTEL DO DERBY	RUA JENER DE SOUZA	""	EM FRENTE A QUARTEL DO DERBY	DERBY		""	COLISÃO	COLISÃO SEM VÍTIMA	1					1				0		""	""	""	""	""	""	""	""	""	""	""	""	""
4522	2018-05-21T00:00:00	17:40:00	SEM VÍTIMA	CANCELADA	BOA VISTA	AV MANOEL BORBA	384	""	EM FRENTE A PRAÇA MACIEL PINHEIRO	AV MANOEL BORBA	384	EM FRENTE A PRAÇA MACIEL PINHEIRO	BOA VISTA		""	COLISÃO	COLISÃO SEM VÍTIMA	1								1	0		""	""	""	""	""	""	""	""	""	""	""	""	""
4523	2018-05-21T00:00:00	18:16:00	COM VÍTIMA	FINALIZADA	ILHA DO LEITE	AV GOVERNADOR AGAMENON MAGALHAES	""	""	E/F AO BLOCO DO HOSPITAL PORTUGUES, SNT BOA VIAGEM	AV GOVERNADOR AGAMENON MAGALHAES	""	E/F AO BLOCO DO HOSPITAL PORTUGUES, SNT BOA VIAGEM	ILHA DO LEITE		""	ENGAVETAMENTO	ENTRE 2 AUTOS E MOTO. C/V	2	1								1		""	""	""	""	""	""	""	""	""	""	""	""	""
4524	2018-05-21T00:00:00	18:23:00	SEM VÍTIMA	CANCELADA	CASA FORTE	AV DEZESSETE DE AGOSTO	1255	""	E/F AO CURSO WIZARD	AV DEZESSETE DE AGOSTO	1255	E/F AO CURSO WIZARD	CASA FORTE		""	COLISÃO	ENTRE 2 AUTOS. S/V	2									0		""	""	""	""	""	""	""	""	""	""	""	""	""
4525	2018-05-21T00:00:00	18:29:00	COM VÍTIMA	FINALIZADA	ESPINHEIRO	RUA BARAO DE ITAMARACA	""	""	CRUZANDO A R DA HORA / SEMÁFORO 184	RUA BARAO DE ITAMARACA	""	CRUZANDO A R DA HORA / SEMÁFORO 184	ESPINHEIRO		""	COLISÃO	ENTRE AUTO E MOTO. C/V / VT 08 NO LOCAL	1	1								2		""	""	""	""	""	""	""	""	""	""	""	""	""
4526	2018-05-21T00:00:00	18:37:00	SEM VÍTIMA	FINALIZADA	IPSEP	RUA PINTOR ANTONIO ALBUQUERQUE	12	""	E/F A LILICO MONTADOR	RUA PINTOR ANTONIO ALBUQUERQUE	12	E/F A LILICO MONTADOR	IPSEP		""	COLISÃO	ENTRE AUTO E MOTO. S/V	1	1								0		""	""	""	""	""	""	""	""	""	""	""	""	""
4527	2018-05-21T00:00:00	19:32:00	COM VÍTIMA	FINALIZADA	AFOGADOS	AV SUL	""	""	CRUZANDO A R NICOLAU PEREIRA / PRÓX A ESTAÇÃO LARGO DA PAZ / E/F A EMPRESA ASA	AV SUL	""	CRUZANDO A R NICOLAU PEREIRA / PRÓX A ESTAÇÃO LARGO DA PAZ / E/F A EMPRESA ASA	AFOGADOS		""	COLISÃO	ENTRE ÔNIBUS E MOTO. C/V	1	1								1		""	""	""	""	""	""	""	""	""	""	""	""	""
4528	2018-05-21T00:00:00	20:43:00	SEM VÍTIMA	FINALIZADA	BOA VIAGEM	AVENIDA CELSO FURTADO (VIA MANGUE)	""	""	SNT SHOPPING RECIFE E PRÓX AO RIOMAR	AVENIDA CELSO FURTADO (VIA MANGUE)	""	SNT SHOPPING RECIFE E PRÓX AO RIOMAR	BOA VIAGEM		""	COLISÃO	ENTRE 2 AUTOS.S/V	2									0		""	""	""	""	""	""	""	""	""	""	""	""	""
4529	2018-05-22T00:00:00	07:06:00	SEM VÍTIMA	CANCELADA	IBURA	RUA SAO JOAO	845	""	EM FRENTE AO BAR DE DONA NEIDE,RUA DA DESCIDA DO UR 3	RUA SAO JOAO	845	EM FRENTE AO BAR DE DONA NEIDE,RUA DA DESCIDA DO UR 3	IBURA		""	COLISÃO	SEM VITIMAS	2									0		""	""	""	""	""	""	""	""	""	""	""	""	""
4530	2018-05-22T00:00:00	07:49:00	SEM VÍTIMA	FINALIZADA	IMBIRIBEIRA	AV MARECHAL MASCARENHAS DE MORAES	5089	""	EM FRENTE AO PALACIO DOS RADIADORES	AV MARECHAL MASCARENHAS DE MORAES	5089	EM FRENTE AO PALACIO DOS RADIADORES	IMBIRIBEIRA		""	COLISÃO	ONIBUS E AUTO PASSEIO	1					1				0		""	""	""	""	""	""	""	""	""	""	""	""	""
4531	2018-05-22T00:00:00	08:25:00	SEM VÍTIMA	FINALIZADA	SANTO AMARO	AV CRUZ CABUGA	""	""	SENTIDO OLINDA POR TRAS DO SHOPPING TACARUNA EM FRENTE A VILA MILITAR	AV CRUZ CABUGA	""	SENTIDO OLINDA POR TRAS DO SHOPPING TACARUNA EM FRENTE A VILA MILITAR	SANTO AMARO		""	COLISÃO	COLISÃO SEM VITIMAS	4									0		""	""	""	""	""	""	""	""	""	""	""	""	""
4532	2018-05-22T00:00:00	08:41:00	SEM VÍTIMA	CANCELADA	BARRO	RUA PADRE DIOGO RODRIGUES	698	""	E/F AO DEPOSITO TRANSPORTE REALEZA	RUA PADRE DIOGO RODRIGUES	698	E/F AO DEPOSITO TRANSPORTE REALEZA	BARRO		""	COLISÃO	SEM VÍTIMAS. COLISÃO ENTRE CAMINHÃO E TRICICULO			1				1			0		""	""	""	""	""	""	""	""	""	""	""	""	""
4533	2018-05-22T00:00:00	08:50:00	SEM VÍTIMA	FINALIZADA	BOA VIAGEM	AV ENGENHEIRO DOMINGOS FERREIRA	""	""	EM FRENTE A EXTRAFARMA SEMAFORO 545	AV ENGENHEIRO DOMINGOS FERREIRA	""	EM FRENTE A EXTRAFARMA SEMAFORO 545	BOA VIAGEM		""	COLISÃO	COLISÃO SEM VITIMAS	1					1				0		""	""	""	""	""	""	""	""	""	""	""	""	""
4534	2018-05-22T00:00:00	09:18:00	SEM VÍTIMA	FINALIZADA	BOA VIAGEM	AV ENGENHEIRO DOMINGOS FERREIRA	""	RUA PROF JOSE BRANDAO	CRUZ COM A RUA PROFESSOR JOSE BRANDÃO AO LADO DA FARMACIA INDEPENDENTE	AV ENGENHEIRO DOMINGOS FERREIRA	""	CRUZ COM A RUA PROFESSOR JOSE BRANDÃO AO LADO DA FARMACIA INDEPENDENTE	BOA VIAGEM		""	COLISÃO	COLISÃO SEM VITIMAS	1	1								0		""	""	""	""	""	""	""	""	""	""	""	""	""
4535	2018-05-22T00:00:00	10:39:00	SEM VÍTIMA	FINALIZADA	PINA	AV ANTONIO DE GOES	""	""	E/F A PRF, SENTIDO CENTRO. SEMÁFORO 656	AV ANTONIO DE GOES	""	E/F A PRF, SENTIDO CENTRO. SEMÁFORO 656	PINA		""	COLISÃO	SEM VÍTIMAS	2									0		""	""	""	""	""	""	""	""	""	""	""	""	""
4536	2018-05-22T00:00:00	11:40:00	SEM VÍTIMA	FINALIZADA	TORRÕES	AV ENGENHEIRO ABDIAS DE CARVALHO	311	""	SENT/CIDADE EM FRENTE AO PLANETA SHOW	AV ENGENHEIRO ABDIAS DE CARVALHO	311	SENT/CIDADE EM FRENTE AO PLANETA SHOW	TORRÕES		""	COLISÃO	COLISÃO SEM VITIMAS	2									0		""	""	""	""	""	""	""	""	""	""	""	""	""
4537	2018-05-22T00:00:00	11:50:00	SEM VÍTIMA	PENDENTE	SANTO AMARO	AV GOVERNADOR AGAMENON MAGALHAES	""	""	SENTIDO OLINDA, E/F A ACADEMIA DA CIDADE	AV GOVERNADOR AGAMENON MAGALHAES	""	SENTIDO OLINDA, E/F A ACADEMIA DA CIDADE	SANTO AMARO		""	COLISÃO	SEM VÍTIMAS	1	1								0		""	""	""	""	""	""	""	""	""	""	""	""	""
4538	2018-05-22T00:00:00	11:55:00	SEM VÍTIMA	CANCELADA	SANTO AMARO	AV GOVERNADOR AGAMENON MAGALHAES	2939	""	EM FRENTE A JEEP,SENT/BOA VIAGEM	AV GOVERNADOR AGAMENON MAGALHAES	2939	EM FRENTE A JEEP,SENT/BOA VIAGEM	SANTO AMARO		""	COLISÃO	SEM VITIMAS	2									0		""	""	""	""	""	""	""	""	""	""	""	""	""
4539	2018-05-22T00:00:00	13:31:00	SEM VÍTIMA	FINALIZADA	DERBY	PRC DO DERBY	75	""	E/F A ODONTO CAPE	PRC DO DERBY	75	E/F A ODONTO CAPE	DERBY		""	COLISÃO	COLISAO ENTRE ONIBUS E AUTO S/V	1					1				0		""	""	""	""	""	""	""	""	""	""	""	""	""
4540	2018-05-22T00:00:00	13:32:00	SEM VÍTIMA	CANCELADA	TORRE	PRC PROFESSOR BARRETO CAMPELLO	""	""	E/F A PRC CITADA E A IGREJA DA TORRE	PRC PROFESSOR BARRETO CAMPELLO	""	E/F A PRC CITADA E A IGREJA DA TORRE	TORRE		""	COLISÃO	ENTRE AUTO E MOTO. S/V	1	1								0		""	""	""	""	""	""	""	""	""	""	""	""	""
4541	2018-05-22T00:00:00	14:18:00	SEM VÍTIMA	FINALIZADA	IMBIRIBEIRA	AV ENGENHEIRO ALVES DE SOUZA	91D	""	AO LADO DA HONDA VEICULOS DA IMBIRIBEIRA	AV ENGENHEIRO ALVES DE SOUZA	91D	AO LADO DA HONDA VEICULOS DA IMBIRIBEIRA	IMBIRIBEIRA		""	COLISÃO	COLISAO ENTRE DOIS AUTOS S/V	2									0		""	""	""	""	""	""	""	""	""	""	""	""	""
4542	2018-05-22T00:00:00	14:20:00	SEM VÍTIMA	FINALIZADA	ILHA DO LEITE	RUA SENADOR JOSE HENRIQUE	44	""	CRUZANDO A EST DE ISRAEL / PRÓX AO RESTAURANTE IMPÉRIO DO SABOR	RUA SENADOR JOSE HENRIQUE	44	CRUZANDO A EST DE ISRAEL / PRÓX AO RESTAURANTE IMPÉRIO DO SABOR	ILHA DO LEITE		""	COLISÃO	ENTRE 2 AUTOS. S/V	2									0		""	""	""	""	""	""	""	""	""	""	""	""	""
4543	2018-05-22T00:00:00	16:50:00	SEM VÍTIMA	CANCELADA	SAN MARTIN	AV ENGENHEIRO ABDIAS DE CARVALHO	""	""	SEMÁFORO 272 / SNT CENTRO	AV ENGENHEIRO ABDIAS DE CARVALHO	""	SEMÁFORO 272 / SNT CENTRO	SAN MARTIN		""	COLISÃO	ENTRE 2 AUTOS. S/V	2									0		""	""	""	""	""	""	""	""	""	""	""	""	""
4544	2018-05-22T00:00:00	16:55:00	SEM VÍTIMA	FINALIZADA	CASA AMARELA	RUA PADRE LEMOS	""	""	E/F NAO MERCADO NO SEMAFORO 404	RUA PADRE LEMOS	""	E/F NAO MERCADO NO SEMAFORO 404	CASA AMARELA		""	COLISÃO	COLISAO ENTRE AUTO E MOTO S/V	1	1								0		""	""	""	""	""	""	""	""	""	""	""	""	""
4545	2018-05-22T00:00:00	18:09:00	SEM VÍTIMA	CANCELADA	BAIRRO DO RECIFE	PTE DO LIMOEIRO	""	""	SNT CIDADE/SUB , POR CIMA DA PTE DO LIMOEIRO	PTE DO LIMOEIRO	""	SNT CIDADE/SUB , POR CIMA DA PTE DO LIMOEIRO	BAIRRO DO RECIFE		""	COLISÃO	ENTRE AUTO E ÔNIBUS. S/V	1					1				0		""	""	""	""	""	""	""	""	""	""	""	""	""
4546	2018-05-22T00:00:00	18:21:00	SEM VÍTIMA	CANCELADA	BOA VIAGEM	AV CONSELHEIRO AGUIAR	""	AV HERCULANDO BANDEIRA	CRUZ COM A AV HERCULANO BANDEIRA / SEMÁFORO 138	AV CONSELHEIRO AGUIAR	""	CRUZ COM A AV HERCULANO BANDEIRA / SEMÁFORO 138	BOA VIAGEM		""	COLISÃO	ENTRE 2 AUTOS. S/V	2									0		""	""	""	""	""	""	""	""	""	""	""	""	""
4547	2018-05-22T00:00:00	18:29:00	SEM VÍTIMA	CANCELADA	PRADO	AV ENGENHEIRO ABDIAS DE CARVALHO	""	""	E/F AO HABIBS, SNT TIP // SEMÁFORO 132	AV ENGENHEIRO ABDIAS DE CARVALHO	""	E/F AO HABIBS, SNT TIP // SEMÁFORO 132	PRADO		""	COLISÃO	ART.181	1					1				0		""	""	""	""	""	""	""	""	""	""	""	""	""
4548	2018-05-22T00:00:00	18:42:00	COM VÍTIMA	FINALIZADA	AREIAS	AV DR JOSE RUFINO	""	RUA IPOJUCA	SEMÁFORO 044 / ESQUINA COM O INSS E POSTO SHELL	AV DR JOSE RUFINO	""	SEMÁFORO 044 / ESQUINA COM O INSS E POSTO SHELL	AREIAS		""	COLISÃO	ENTRE AUTO E MOTO. C/V	1	1								1		""	""	""	""	""	""	""	""	""	""	""	""	""
4549	2018-05-22T00:00:00	19:17:00	SEM VÍTIMA	CANCELADA	CASA AMARELA	RUA ALTO DO EUCALIPTO	""	""	E/F AO TERMINAL VASCO DA GAMA	RUA ALTO DO EUCALIPTO	""	E/F AO TERMINAL VASCO DA GAMA	CASA AMARELA		""	COLISÃO	ENTRE ÔNIBUS E AUTO ( O CONDUTOR DO ÔNBUS INFORMA QUE DEU RÉ NO VEÍCULO, CAUSANDO A COLISÃO NA MOTO, QUE ESTAVA ESTACIONADA BEM ATRÁS DO MESMO) S/V		1				1				0		""	""	""	""	""	""	""	""	""	""	""	""	""
4550	2018-05-22T00:00:00	19:28:00	COM VÍTIMA	CANCELADA	JORDÃO	RUA DR ALVARO FERRAZ	""	""	AO LADO DO MERCADO PUBLICO	RUA DR ALVARO FERRAZ	""	AO LADO DO MERCADO PUBLICO	JORDÃO		""	CHOQUE	VEICULO SE CHOCOU NO MEIO FIO, E VEIO A CAPOTAR, VEICULO OBSTRUINDO UM LADO DA VIA	1									1		""	""	""	""	""	""	""	""	""	""	""	""	""
4551	2018-05-22T00:00:00	19:33:00	SEM VÍTIMA	CANCELADA	ARRUDA	AV BEBERIBE	""	RUA ALEGRE	CRUZAMENTO COM RUA ALEGRE, NA ESQUINA DO BATE PAPO	AV BEBERIBE	""	CRUZAMENTO COM RUA ALEGRE, NA ESQUINA DO BATE PAPO	ARRUDA		""	COLISÃO	AUTO E MOTO S/V	1	1								0		""	""	""	""	""	""	""	""	""	""	""	""	""
4552	2018-05-22T00:00:00	19:36:00	SEM VÍTIMA	CANCELADA	MACAXEIRA	AV NORTE	""	""	E/F A ACADEMIA DA CIDADE, APÓS A FABRICA DA MACAXEIRA. SNT SUB/CIDADE	AV NORTE	""	E/F A ACADEMIA DA CIDADE, APÓS A FABRICA DA MACAXEIRA. SNT SUB/CIDADE	MACAXEIRA		""	ENGAVETAMENTO	ENTRE 3 AUTOS. S/V										0		""	""	""	""	""	""	""	""	""	""	""	""	""
4553	2018-05-23T00:00:00	05:59:00	SEM VÍTIMA	FINALIZADA	TORRÕES	AV ENGENHEIRO ABDIAS DE CARVALHO	""	""	EM FRENTE A GALERIA JAIME CAVALCANTI,SENT/CIDADE	AV ENGENHEIRO ABDIAS DE CARVALHO	""	EM FRENTE A GALERIA JAIME CAVALCANTI,SENT/CIDADE	TORRÕES		""	COLISÃO	SEM VITIMAS	3									0		""	""	""	""	""	""	""	""	""	""	""	""	""
4554	2018-05-23T00:00:00	07:04:00	COM VÍTIMA	FINALIZADA	ARRUDA	RUA DO MACHADO	130	""	E/F A RESIDENCIA.	RUA DO MACHADO	130	E/F A RESIDENCIA.	ARRUDA		""	COLISÃO	COM UMA VÍTIMA.	2									2		""	""	""	""	""	""	""	""	""	""	""	""	""
4555	2018-05-23T00:00:00	07:51:00	SEM VÍTIMA	FINALIZADA	PRADO	AV ENGENHEIRO ABDIAS DE CARVALHO	""	""	E/F A ESTÁCIO, SEMÁFORO 327. SENTIDO CIDADE	AV ENGENHEIRO ABDIAS DE CARVALHO	""	E/F A ESTÁCIO, SEMÁFORO 327. SENTIDO CIDADE	PRADO		""	COLISÃO	SEM VÍTIMAS		2								0		""	""	""	""	""	""	""	""	""	""	""	""	""
4556	2018-05-23T00:00:00	08:33:00	SEM VÍTIMA	CANCELADA	PINA	RUA SAO LUIZ	617	""	E/F A FARMACIA DO TRABALHADOR	RUA SAO LUIZ	617	E/F A FARMACIA DO TRABALHADOR	PINA		""	COLISÃO	SEM VÍTIMAS	2									0		""	""	""	""	""	""	""	""	""	""	""	""	""
4557	2018-05-23T00:00:00	09:09:00	SEM VÍTIMA	FINALIZADA	AFOGADOS	RUA SAO MIGUEL	1782	""	PROXIMO ATACAREJO SHOPING/SENTIDO SUBURBIO	RUA SAO MIGUEL	1782	PROXIMO ATACAREJO SHOPING/SENTIDO SUBURBIO	AFOGADOS		""	COLISÃO	3 AUTOS										0		""	""	""	""	""	""	""	""	""	""	""	""	""
4558	2018-05-23T00:00:00	09:14:00	COM VÍTIMA	FINALIZADA	ARRUDA	AV BEBERIBE	131	""	E/F AO POSTO DE GASOLINA PETROBRAS. SENTIDO ENCRUZILHADA	AV BEBERIBE	131	E/F AO POSTO DE GASOLINA PETROBRAS. SENTIDO ENCRUZILHADA	ARRUDA		""	COLISÃO COM CICLISTA	COM UMA VÍTIMA. EM ATENDIMENTO PELOS BOMBEIROS.				1		1				1		""	""	""	""	""	""	""	""	""	""	""	""	""
4559	2018-05-23T00:00:00	09:50:00	SEM VÍTIMA	FINALIZADA	TORRE	RUA PADRE ANCHIETA	269	""	PROX AO RESTAURANTE NIPPOM	RUA PADRE ANCHIETA	269	PROX AO RESTAURANTE NIPPOM	TORRE		""	COLISÃO	DOIS AUTOS	2									0		""	""	""	""	""	""	""	""	""	""	""	""	""
4560	2018-05-23T00:00:00	10:55:00	SEM VÍTIMA	FINALIZADA	DERBY	AV GOVERNADOR CARLOS DE LIMA CAVALCANTI	229	""	EM FRENTE AO ODONTO REALI E AO LADO DO MAC DONALDS,SEMAFORO 075	AV GOVERNADOR CARLOS DE LIMA CAVALCANTI	229	EM FRENTE AO ODONTO REALI E AO LADO DO MAC DONALDS,SEMAFORO 075	DERBY		""	COLISÃO	SEM VITIMAS	2									0		""	""	""	""	""	""	""	""	""	""	""	""	""
4561	2018-05-23T00:00:00	10:57:00	COM VÍTIMA	FINALIZADA	IPUTINGA	RUA MAURICIO DE NASSAU	""	""	POR TRAZ A EXPOSICAO DE ANIMAIS NUMERO POSTE 080060	RUA MAURICIO DE NASSAU	""	POR TRAZ A EXPOSICAO DE ANIMAIS NUMERO POSTE 080060	IPUTINGA		""	COLISÃO	MOTO E CAMINHAO		1					1			1		""	""	""	""	""	""	""	""	""	""	""	""	""
4562	2018-05-23T00:00:00	11:39:00	SEM VÍTIMA	FINALIZADA	IMBIRIBEIRA	AV MARECHAL MASCARENHAS DE MORAES	1854	""	POSTO BR,SENT AEROPORTO,AO LADO DA HONDA	AV MARECHAL MASCARENHAS DE MORAES	1854	POSTO BR,SENT AEROPORTO,AO LADO DA HONDA	IMBIRIBEIRA		""	COLISÃO	SEM VITIMAS	1						1			0		""	""	""	""	""	""	""	""	""	""	""	""	""
4563	2018-05-23T00:00:00	12:01:00	SEM VÍTIMA	CANCELADA	DERBY	RUA JENER DE SOUZA	""	""	APOS O QUARTEL DO DERBY EM FRENTE AO BATALHÃO DE CHOQUE	RUA JENER DE SOUZA	""	APOS O QUARTEL DO DERBY EM FRENTE AO BATALHÃO DE CHOQUE	DERBY		""	COLISÃO	COLISÃO SEM VITIMAS	3									0		""	""	""	""	""	""	""	""	""	""	""	""	""
4564	2018-05-23T00:00:00	12:06:00	SEM VÍTIMA	CANCELADA	BOA VIAGEM	RUA RIBEIRO DE BRITO	457	""	EM FRENTE A SUBWAY	RUA RIBEIRO DE BRITO	457	EM FRENTE A SUBWAY	BOA VIAGEM		""	COLISÃO	COLISÃO SEM VÍTIMA	2									0		""	""	""	""	""	""	""	""	""	""	""	""	""
4565	2018-05-23T00:00:00	12:54:00	SEM VÍTIMA	FINALIZADA	SÃO JOSÉ	TRV DO FORTE	86	""	E/F AO GRANDE RECIFE	TRV DO FORTE	86	E/F AO GRANDE RECIFE	SÃO JOSÉ		""	COLISÃO	COLISAO ENTRE DOIS AUTOS AUTOS S/V	2									0		""	""	""	""	""	""	""	""	""	""	""	""	""
4566	2018-05-23T00:00:00	13:42:00	SEM VÍTIMA	CANCELADA	BOA VISTA	AV MANOEL BORBA	""	""	NA SAIDA DO SHOPPING BOA VISTA EM FRENTE AO DE GASOLINA BR	AV MANOEL BORBA	""	NA SAIDA DO SHOPPING BOA VISTA EM FRENTE AO DE GASOLINA BR	BOA VISTA		""	COLISÃO	COLISÃO SEM VITIMAS	2									0		""	""	""	""	""	""	""	""	""	""	""	""	""
4567	2018-05-23T00:00:00	13:55:00	SEM VÍTIMA	FINALIZADA	ROSARINHO	AV CONS ROSA E SILVA	""	""	EM FRENTE A FARMACIA BIGBEN	AV CONS ROSA E SILVA	""	EM FRENTE A FARMACIA BIGBEN	ROSARINHO		""	COLISÃO	COLISÃO SEM VITIMAS	1					1				0		""	""	""	""	""	""	""	""	""	""	""	""	""
4568	2018-05-23T00:00:00	13:59:00	SEM VÍTIMA	FINALIZADA	BOA VISTA	RUA DOM BOSCO	""	""	EM FRENTE AO QUARTEL DA RADIOPATRULHA	RUA DOM BOSCO	""	EM FRENTE AO QUARTEL DA RADIOPATRULHA	BOA VISTA		""	COLISÃO	COLISÃO SEM VÍTIMA	1					1				0		""	""	""	""	""	""	""	""	""	""	""	""	""
4569	2018-05-23T00:00:00	14:03:00	SEM VÍTIMA	CANCELADA	TORRE	RUA SEBASTIAO MALTA ARCOVERDE	""	""	ENTRE O SALAO UP E A GALERIA RECIFE TRASFER	RUA SEBASTIAO MALTA ARCOVERDE	""	ENTRE O SALAO UP E A GALERIA RECIFE TRASFER	TORRE		""	COLISÃO	COLISAO ENTRE DOIS AUTOS S/V	2									0		""	""	""	""	""	""	""	""	""	""	""	""	""
4570	2018-05-23T00:00:00	14:59:00	SEM VÍTIMA	CANCELADA	CAXANGÁ	AV CAXANGA	5362	""	E/F GOLF COUNTRY CLUB S/T CID	AV CAXANGA	5362	E/F GOLF COUNTRY CLUB S/T CID	CAXANGÁ		""	COLISÃO	COLISAO ENTTRE CAMINHAO E AUTO S/V	1						1			0		""	""	""	""	""	""	""	""	""	""	""	""	""
4571	2018-05-23T00:00:00	15:14:00	SEM VÍTIMA	CANCELADA	IMBIRIBEIRA	AV MARECHAL MASCARENHAS DE MORAES	""	""	SENTIDO CENTRO AO LADO DA CAIXA ECONOMICA EM FRENTE AO POSTO DE GASOLINA IPIRANGA	AV MARECHAL MASCARENHAS DE MORAES	""	SENTIDO CENTRO AO LADO DA CAIXA ECONOMICA EM FRENTE AO POSTO DE GASOLINA IPIRANGA	IMBIRIBEIRA		""	COLISÃO	COLISÃO SEM VITIMAS	1					1				0		""	""	""	""	""	""	""	""	""	""	""	""	""
4572	2018-05-23T00:00:00	15:27:00	COM VÍTIMA	FINALIZADA	SANTO AMARO	AV JOAO DE BARROS	860	""	EM FRENTE A CLINICA SANTO AMARO	AV JOAO DE BARROS	860	EM FRENTE A CLINICA SANTO AMARO	SANTO AMARO		""	COLISÃO COM CICLISTA	COLISÃO COM VÍTIMA				1		1				1		""	""	""	""	""	""	""	""	""	""	""	""	""
4573	2018-05-23T00:00:00	15:55:00	SEM VÍTIMA	FINALIZADA	DOIS IRMÃOS	RUA RIBEIRO PESSOA	""	""	EM FRENTE A UPA DA CAXANGA NO SENTIDO DOIS IRMÃOS	RUA RIBEIRO PESSOA	""	EM FRENTE A UPA DA CAXANGA NO SENTIDO DOIS IRMÃOS	DOIS IRMÃOS		""	COLISÃO	COLISÃO SEM VITIMAS	2									0		""	""	""	""	""	""	""	""	""	""	""	""	""
4574	2018-05-23T00:00:00	16:20:00	SEM VÍTIMA	FINALIZADA	IMBIRIBEIRA	AV MARECHAL MASCARENHAS DE MORAES	""	""	E/F AO AEROPORTO S/T CID	AV MARECHAL MASCARENHAS DE MORAES	""	E/F AO AEROPORTO S/T CID	IMBIRIBEIRA		""	COLISÃO	COLISAO ENTRE DOIS AUTOS S/V	2									0		""	""	""	""	""	""	""	""	""	""	""	""	""
4575	2018-05-23T00:00:00	16:21:00	SEM VÍTIMA	FINALIZADA	MADALENA	RUA DR SEVERINO PINHEIRO	524	""	EM FRENTE AO EDF TRES MARIAS	RUA DR SEVERINO PINHEIRO	524	EM FRENTE AO EDF TRES MARIAS	MADALENA		""	COLISÃO	SEM VITIMAS	2									0		""	""	""	""	""	""	""	""	""	""	""	""	""
4576	2018-05-23T00:00:00	16:38:00	SEM VÍTIMA	FINALIZADA	DERBY	AV GOVERNADOR AGAMENON MAGALHAES	""	""	SENT/OLINDA,EM FRENTE AO COLEGIO AMERICANO BATISTA,PISTA LOCAL	AV GOVERNADOR AGAMENON MAGALHAES	""	SENT/OLINDA,EM FRENTE AO COLEGIO AMERICANO BATISTA,PISTA LOCAL	DERBY		""	COLISÃO	SEM VITIMAS	1					1				0		""	""	""	""	""	""	""	""	""	""	""	""	""