_id	DATA	hora	natureza_acidente	situacao	bairro	endereco	numero	detalhe_endereco_acidente	complemento	endereco_cruzamento	numero_cruzamento	referencia_cruzamento	bairro_cruzamento	num_semaforo	sentido_via	tipo	descricao	auto	moto	ciclom	ciclista	pedestre	onibus	caminhao	viatura	outros	vitimas	vitimasfatais	acidente_verificado	tempo_clima	situacao_semaforo	sinalizacao	condicao_via	conservacao_via	ponto_controle	situacao_placa	velocidade_max_via	mao_direcao	divisao_via1	divisao_via2	divisao_via3
4577	2018-05-23T00:00:00	17:47:00	SEM VÍTIMA	FINALIZADA	BOA VISTA	RUA DOM BOSCO	""	AV CONDE DA BOA VISTA	COM AV CONDE DA BOA VISTA E/F AO POSTO BR PROX AO CONTATO	RUA DOM BOSCO	""	COM AV CONDE DA BOA VISTA E/F AO POSTO BR PROX AO CONTATO	BOA VISTA		""	COLISÃO	COLISAO ENTRE AUTO E CARRO DE COLETA	1					1				0		""	""	""	""	""	""	""	""	""	""	""	""	""
4578	2018-05-23T00:00:00	18:03:00	COM VÍTIMA	FINALIZADA	CAXANGÁ	AV CAXANGA	""	""	EM FRENTE AO WALMART, SENT. CIDADE	AV CAXANGA	""	EM FRENTE AO WALMART, SENT. CIDADE	CAXANGÁ		""	ACID. DE PERCURSO	MOTO DA PM		1								1		""	""	""	""	""	""	""	""	""	""	""	""	""
4579	2018-05-23T00:00:00	18:13:00	SEM VÍTIMA	FINALIZADA	BOA VIAGEM	AV BOA VIAGEM	""	""	E/F AO PARQUE DONA LINDU, SNT PINA	AV BOA VIAGEM	""	E/F AO PARQUE DONA LINDU, SNT PINA	BOA VIAGEM		""	COLISÃO	ENTRE ÔNIBUS E AUTO. S/V	1					1				0		""	""	""	""	""	""	""	""	""	""	""	""	""
4580	2018-05-23T00:00:00	18:39:00	SEM VÍTIMA	CANCELADA	BOA VIAGEM	RUA BARAO DE SOUZA LEAO	""	""	ESCOLA BRIGADEIRO EDUARDO GOMES	RUA BARAO DE SOUZA LEAO	""	ESCOLA BRIGADEIRO EDUARDO GOMES	BOA VIAGEM		""	COLISÃO	DOIS AUTOS	2									0		""	""	""	""	""	""	""	""	""	""	""	""	""
4581	2018-05-23T00:00:00	18:42:00	SEM VÍTIMA	FINALIZADA	BOA VIAGEM	RUA BRUNO VELOSO	""	""	NA SAÍDA DO SHOPPING RECIFE	RUA BRUNO VELOSO	""	NA SAÍDA DO SHOPPING RECIFE	BOA VIAGEM		""	COLISÃO	ENTRE ÔNIBUS E AUTO. S/V	1					1				0		""	""	""	""	""	""	""	""	""	""	""	""	""
4582	2018-05-23T00:00:00	18:44:00	SEM VÍTIMA	FINALIZADA	MADALENA	AV BEIRA RIO	51	""	PROX. A ACADEMIA DA SAUDE E PONTE DA TORRE	AV BEIRA RIO	51	PROX. A ACADEMIA DA SAUDE E PONTE DA TORRE	MADALENA		""	COLISÃO	DOIS ONIBUS						2				0		""	""	""	""	""	""	""	""	""	""	""	""	""
4583	2018-05-23T00:00:00	18:49:00	SEM VÍTIMA	FINALIZADA	SANTO AMARO	AV NORTE	""	RUA DA AURORA	ESQUINA COM A R DA AURORA - SEMÁFORO 243 // SNT SUB-CENTRO // PRÓX A TV UNIVERSITÁRIA	AV NORTE	""	ESQUINA COM A R DA AURORA - SEMÁFORO 243 // SNT SUB-CENTRO // PRÓX A TV UNIVERSITÁRIA	SANTO AMARO		""	COLISÃO	ENTRE AUTO E MOTO. S/V	1	1								0		""	""	""	""	""	""	""	""	""	""	""	""	""
4584	2018-05-23T00:00:00	21:04:00	SEM VÍTIMA	FINALIZADA	AFOGADOS	RUA SAO MIGUEL	""	""	E/F AO ARMAZÉM CURADO E POSTO ESCADENSE	RUA SAO MIGUEL	""	E/F AO ARMAZÉM CURADO E POSTO ESCADENSE	AFOGADOS		""	COLISÃO	ENTRE ÔNIBUS E AUTO. S/V	1					1				0		""	""	""	""	""	""	""	""	""	""	""	""	""
4585	2018-05-24T00:00:00	05:43:00	SEM VÍTIMA	CANCELADA	PINA	AV ANTONIO DE GOES	820	""	EM FRENTE O PRF, EM FRENTE O DNIT	AV ANTONIO DE GOES	820	EM FRENTE O PRF, EM FRENTE O DNIT	PINA		""	COLISÃO	COLISÃO ENTRE AUTO E MOTO S/V	1	1								0		""	""	""	""	""	""	""	""	""	""	""	""	""
4586	2018-05-24T00:00:00	06:49:00	SEM VÍTIMA	FINALIZADA	CORDEIRO	RUA HONORIO CORREIA	251	""	NA FRENTE DO HOSPITAL GETULIO VARGAS,NA FRENTE DO MERCADO	RUA HONORIO CORREIA	251	NA FRENTE DO HOSPITAL GETULIO VARGAS,NA FRENTE DO MERCADO	CORDEIRO		""	COLISÃO	DOIS AUTOS	2									0		""	""	""	""	""	""	""	""	""	""	""	""	""
4587	2018-05-24T00:00:00	07:08:00	SEM VÍTIMA	FINALIZADA	PINA	AV ANTONIO DE GOES	""	""	EM FRENTE AO DENITE NA SAIDA DO TUNEL	AV ANTONIO DE GOES	""	EM FRENTE AO DENITE NA SAIDA DO TUNEL	PINA		""	COLISÃO	DOIS AUTOS	2									0		""	""	""	""	""	""	""	""	""	""	""	""	""
4588	2018-05-24T00:00:00	07:15:00	SEM VÍTIMA	CANCELADA	ARRUDA	AV BEBERIBE	1345	""	EM BAIXO DO SEMARO/SEMAFORO QUEBRADO NUMERO DO SEMAFORO 492	AV BEBERIBE	1345	EM BAIXO DO SEMARO/SEMAFORO QUEBRADO NUMERO DO SEMAFORO 492	ARRUDA		""	COLISÃO	DOIS AUTOS	2									0		""	""	""	""	""	""	""	""	""	""	""	""	""
4589	2018-05-24T00:00:00	07:50:00	SEM VÍTIMA	FINALIZADA	BOA VIAGEM	RUA ANTONIO VICENTE	258	""	PROX AO COLEGIO SANTOS DUMONT POR TRAS DA LAVANDERIA NAPOLITANA	RUA ANTONIO VICENTE	258	PROX AO COLEGIO SANTOS DUMONT POR TRAS DA LAVANDERIA NAPOLITANA	BOA VIAGEM		""	CHOQUE	DOIS VEICULOS CHOCARAM-SE COM UM MURO DE UMA RESIDENCIA	2									0		""	""	""	""	""	""	""	""	""	""	""	""	""
4590	2018-05-24T00:00:00	09:11:00	COM VÍTIMA	FINALIZADA	CAMPO GRANDE	RUA PROFESSOR FRANCISCO DA TRINDADE	""	""	PROX. AO CLUBE DAS PAS	RUA PROFESSOR FRANCISCO DA TRINDADE	""	PROX. AO CLUBE DAS PAS	CAMPO GRANDE		""	COLISÃO	COLISÃO ENRE AUTO E MOTO										1		""	""	""	""	""	""	""	""	""	""	""	""	""
4591	2018-05-24T00:00:00	09:13:00	SEM VÍTIMA	CANCELADA	SANTO ANTÔNIO	RUA SIQUEIRA CAMPOS	""	AV DANTAS BARRETO	CRUZ COM A AV DANTAS BARRETO POR TRAS DOS CORREIOS EM BAIXO DO SEMAFORO 141	RUA SIQUEIRA CAMPOS	""	CRUZ COM A AV DANTAS BARRETO POR TRAS DOS CORREIOS EM BAIXO DO SEMAFORO 141	SANTO ANTÔNIO		""	COLISÃO	COLISÃO SEM VITIMAS						2				0		""	""	""	""	""	""	""	""	""	""	""	""	""
4592	2018-05-24T00:00:00	09:46:00	SEM VÍTIMA	FINALIZADA	BOA VIAGEM	RUA CORONEL ANIZIO RODRIGUES COELHO	566	""	AO LADO DO ESCRITÓRIO DO GUAIAMUM	RUA CORONEL ANIZIO RODRIGUES COELHO	566	AO LADO DO ESCRITÓRIO DO GUAIAMUM	BOA VIAGEM		""	COLISÃO	COLISAO ENTRE DOIS AUTOS S/V	2									0		""	""	""	""	""	""	""	""	""	""	""	""	""
4593	2018-05-24T00:00:00	10:22:00	SEM VÍTIMA	FINALIZADA	CAMPO GRANDE	RUA GOVERNADOR DIX SEPT ROSADO	""	""	EM FRENTE AO CAMPO DO QUINZE COMUNIDADE DO CHIE	RUA GOVERNADOR DIX SEPT ROSADO	""	EM FRENTE AO CAMPO DO QUINZE COMUNIDADE DO CHIE	CAMPO GRANDE		""	COLISÃO	COLISÃO SEM VITIMAS								2		0		""	""	""	""	""	""	""	""	""	""	""	""	""
4594	2018-05-24T00:00:00	12:19:00	COM VÍTIMA	FINALIZADA	MACAXEIRA	RUA MARIA CANDIDA	215	""	EM FRENTE A PANIFICADORA SANTO ANTONIO	RUA MARIA CANDIDA	215	EM FRENTE A PANIFICADORA SANTO ANTONIO	MACAXEIRA		""	COLISÃO	COLISÃO COM VÍTIMA	1	1								1		""	""	""	""	""	""	""	""	""	""	""	""	""
4595	2018-05-24T00:00:00	12:22:00	SEM VÍTIMA	FINALIZADA	GRAÇAS	RUA AMELIA	""	AV RUI BARBOSA	COM AV RUI BARBOSA E/F AO POSTO SHELL	RUA AMELIA	""	COM AV RUI BARBOSA E/F AO POSTO SHELL	GRAÇAS		""	COLISÃO	COLISAO ENTRE DOIS AUTOS S/V	2									0		""	""	""	""	""	""	""	""	""	""	""	""	""
4596	2018-05-24T00:00:00	13:35:00	SEM VÍTIMA	CANCELADA	BOA VIAGEM	RUA ERNESTO DE PAULA SANTOS	940	""	EM FRENTE AO VERDE FRUT	RUA ERNESTO DE PAULA SANTOS	940	EM FRENTE AO VERDE FRUT	BOA VIAGEM		""	COLISÃO	ONIBUS E AUTO	1					1				0		""	""	""	""	""	""	""	""	""	""	""	""	""
4597	2018-05-24T00:00:00	13:58:00	SEM VÍTIMA	FINALIZADA	ENCRUZILHADA	RUA AMARO COUTINHO	176	RUA OTAVIO DE FREITAS	COM A RUA OTAVIO DE FREITAS PROX AO BAR DO TONHÃO	RUA AMARO COUTINHO	176	COM A RUA OTAVIO DE FREITAS PROX AO BAR DO TONHÃO	ENCRUZILHADA		""	COLISÃO	COLISAO ENTRE DOIS AUTOS S/V	2									0		""	""	""	""	""	""	""	""	""	""	""	""	""
4598	2018-05-24T00:00:00	14:06:00	SEM VÍTIMA	FINALIZADA	ILHA DO LEITE	RUA ESTADO DE ISRAEL	""	""	EM FRENTE A ESCOLA ESTADUAL POETA MANUEL BANDEIRA	RUA ESTADO DE ISRAEL	""	EM FRENTE A ESCOLA ESTADUAL POETA MANUEL BANDEIRA	ILHA DO LEITE		""	COLISÃO	COLISÃO SEM VÍTIMA	2									0		""	""	""	""	""	""	""	""	""	""	""	""	""
4599	2018-05-24T00:00:00	14:36:00	SEM VÍTIMA	FINALIZADA	BOA VIAGEM	RUA RIBEIRO DE BRITO	950	""	PROX. A IGREJA CRISTA MARANATA	RUA RIBEIRO DE BRITO	950	PROX. A IGREJA CRISTA MARANATA	BOA VIAGEM		""	COLISÃO	DOIS AUTOS	2									0		""	""	""	""	""	""	""	""	""	""	""	""	""
4600	2018-05-24T00:00:00	14:45:00	SEM VÍTIMA	FINALIZADA	IMBIRIBEIRA	AV MARECHAL MASCARENHAS DE MORAES	""	""	LADO OPOSTO AO COTINENTAL PNEUS	AV MARECHAL MASCARENHAS DE MORAES	""	LADO OPOSTO AO COTINENTAL PNEUS	IMBIRIBEIRA		""	COLISÃO	COLISÃO COM VITIMA	2									0		""	""	""	""	""	""	""	""	""	""	""	""	""
4601	2018-05-24T00:00:00	16:44:00	SEM VÍTIMA	CANCELADA	CORDEIRO	AV CAXANGA	""	""	EM FRENTE A IGREJA CATOLICA DO CORDEIRO E AO LADO DO SUPERMERCADO STYLLUS/ SENTIDO CIDADE	AV CAXANGA	""	EM FRENTE A IGREJA CATOLICA DO CORDEIRO E AO LADO DO SUPERMERCADO STYLLUS/ SENTIDO CIDADE	CORDEIRO		""	COLISÃO	COLISÃO SEM VÍTIMA	2									0		""	""	""	""	""	""	""	""	""	""	""	""	""
4602	2018-05-24T00:00:00	17:27:00	SEM VÍTIMA	CANCELADA	BOA VIAGEM	RUA GENERAL SALGADO	""	""	PROX. A ACADEMIA PRIME E COLEGIO MADRE DE DEUS	RUA GENERAL SALGADO	""	PROX. A ACADEMIA PRIME E COLEGIO MADRE DE DEUS	BOA VIAGEM		""	COLISÃO	DOIS AUTOS	2									0		""	""	""	""	""	""	""	""	""	""	""	""	""
4603	2018-05-25T00:00:00	07:15:00	COM VÍTIMA	FINALIZADA	BOA VISTA	PTE PRINCESA IZABEL	""	""	C/ RUA DA AURORA	PTE PRINCESA IZABEL	""	C/ RUA DA AURORA	BOA VISTA		""	COLISÃO	ACIDENTE DE PERCUSO		1								1		""	""	""	""	""	""	""	""	""	""	""	""	""
4604	2018-05-25T00:00:00	09:59:00	COM VÍTIMA	FINALIZADA	IMBIRIBEIRA	AV MARECHAL MASCARENHAS DE MORAES	""	""	EM BAIXO DO SEMAFORO 534 SENTIDO AEROPORTO EM FRENTE A CONCESSIONARIA EUROVIA	AV MARECHAL MASCARENHAS DE MORAES	""	EM BAIXO DO SEMAFORO 534 SENTIDO AEROPORTO EM FRENTE A CONCESSIONARIA EUROVIA	IMBIRIBEIRA		""	COLISÃO	COLISÃO COM VITIMA A ESPERA DO SAMU	1	1								1		""	""	""	""	""	""	""	""	""	""	""	""	""
4605	2018-05-25T00:00:00	13:53:00	SEM VÍTIMA	CANCELADA	ESTÂNCIA	AV RECIFE	""	""	EM FRENTE AO MAKRO,SENT/AEROPORTO	AV RECIFE	""	EM FRENTE AO MAKRO,SENT/AEROPORTO	ESTÂNCIA		""	COLISÃO	SEM VITIMAS	2									0		""	""	""	""	""	""	""	""	""	""	""	""	""
4606	2018-05-25T00:00:00	14:15:00	SEM VÍTIMA	CANCELADA	IPSEP	RUA ITAMARACA	249A	""	EM FRENTE A MS AUTOMOTIVO	RUA ITAMARACA	249A	EM FRENTE A MS AUTOMOTIVO	IPSEP		""	COLISÃO	COLISÃO SEM VÍTIMA	1								1	0		""	""	""	""	""	""	""	""	""	""	""	""	""
4607	2018-05-25T00:00:00	15:55:00	SEM VÍTIMA	CANCELADA	IBURA	RUA JOSE LUIZ DE O BARROS SOBRINHO	""	""	COAB EM FRENTE AO TERMINAL LAGOA ENCANTADA	RUA JOSE LUIZ DE O BARROS SOBRINHO	""	COAB EM FRENTE AO TERMINAL LAGOA ENCANTADA	IBURA		""	COLISÃO	COLISÃO SEM VITIMAS	1					1				0		""	""	""	""	""	""	""	""	""	""	""	""	""
4608	2018-05-25T00:00:00	17:43:00	COM VÍTIMA	FINALIZADA	CASA AMARELA	RUA DA HARMONIA	""	RUA CONSELHEIRO NABUCO	CRUZAMENTO COM A RUA CONSELHEIRO NABUCO	RUA DA HARMONIA	""	CRUZAMENTO COM A RUA CONSELHEIRO NABUCO	CASA AMARELA		""	COLISÃO	COM TRES VITIMAS,SAMU NO LOCAL		3								3		""	""	""	""	""	""	""	""	""	""	""	""	""
4609	2018-05-26T00:00:00	01:04:00	SEM VÍTIMA	CANCELADA	BOMBA DO HEMETÉRIO	EST VELHA DE AGUA FRIA	""	""	PRÓX AO POSTO DE GASOLINA NORTE BRÁS	EST VELHA DE AGUA FRIA	""	PRÓX AO POSTO DE GASOLINA NORTE BRÁS	BOMBA DO HEMETÉRIO		""	COLISÃO	COLISÃO ENTRE AUTO E ÔNIBUS S/V.	1					1				0		""	""	""	""	""	""	""	""	""	""	""	""	""
4610	2018-05-26T00:00:00	07:08:00	SEM VÍTIMA	FINALIZADA	AREIAS	AV DR JOSE RUFINO	""	""	EM FRENTE AO POSTO SHELL,SEMAFORO 044	AV DR JOSE RUFINO	""	EM FRENTE AO POSTO SHELL,SEMAFORO 044	AREIAS		""	COLISÃO	SEM VITIMAS	2									0		""	""	""	""	""	""	""	""	""	""	""	""	""
4611	2018-05-26T00:00:00	07:55:00	SEM VÍTIMA	FINALIZADA	CASA FORTE	PRC DE CASA FORTE	""	""	""	PRC DE CASA FORTE	""	""	CASA FORTE		""	COLISÃO	SEM VITIMAS	2									0		""	""	""	""	""	""	""	""	""	""	""	""	""
4612	2018-05-26T00:00:00	12:28:00	SEM VÍTIMA	FINALIZADA	AREIAS	AV RECIFE	796	""	EM FRENTE A HIDROCOM/ SENTIDO BOA VIAGEM	AV RECIFE	796	EM FRENTE A HIDROCOM/ SENTIDO BOA VIAGEM	AREIAS		""	COLISÃO	COLISÃO SEM VÍTIMA/ REGISTRO GERADO PORÉM USUARIO CIENTE QUE NÃO TEM VIATURA DISPONIVEL MESMO ASSIM INSISTIU PARA ABRIR REGISTRO E VAI PERMANECER NO LOCAL	2									0		""	""	""	""	""	""	""	""	""	""	""	""	""
4613	2018-05-26T00:00:00	14:48:00	COM VÍTIMA	FINALIZADA	SANTO AMARO	AV GOVERNADOR AGAMENON MAGALHAES	""	""	E/F A FABRICA TACARUNA S/T RECIFE	AV GOVERNADOR AGAMENON MAGALHAES	""	E/F A FABRICA TACARUNA S/T RECIFE	SANTO AMARO		""	COLISÃO COM CICLISTA	COLISAO ENTRE AUTO E CICLISTA COM UMA VITIMA	1			1						1		""	""	""	""	""	""	""	""	""	""	""	""	""
4614	2018-05-26T00:00:00	22:32:00	SEM VÍTIMA	CANCELADA	GRAÇAS	AV RUI BARBOSA	406	""	ENF AO PALACIO DE SAO JOSE DOS MANGUIMHOS	AV RUI BARBOSA	406	ENF AO PALACIO DE SAO JOSE DOS MANGUIMHOS	GRAÇAS		""	COLISÃO	ONIBUS PEDROSA X AUTO OBS: OS ENVOLVIDOS FOI ACONSELHADOS A FAZER O B.O EM UMA DELEGACIA MAS PROXIMA OU PELO SITE DO SDS	1					1				0		""	""	""	""	""	""	""	""	""	""	""	""	""
4615	2018-05-27T00:00:00	01:31:00	SEM VÍTIMA	CANCELADA	TORRE	RUA PROFESSOR TRAJANO DE MENDONCA	""	""	POR TRAS DO ATACADO DOS PRESENTES	RUA PROFESSOR TRAJANO DE MENDONCA	""	POR TRAS DO ATACADO DOS PRESENTES	TORRE		""	COLISÃO	COLISÃO ENTRE DOIS AUTOS S/V	2									0		""	""	""	""	""	""	""	""	""	""	""	""	""
4616	2018-05-27T00:00:00	07:38:00	COM VÍTIMA	FINALIZADA	ENCRUZILHADA	AV NORTE	""	AV JOAO DE BARROS	E/F AO SANTANDER, CRUZAMENTO COM A AV JOÃO DE BARROS	AV NORTE	""	E/F AO SANTANDER, CRUZAMENTO COM A AV JOÃO DE BARROS	ENCRUZILHADA		""	COLISÃO	COM UMA VÍTIMAS. INFO. PASSADA PELO INSPETOR DA CTTU, QUE PASSOU NO LOCAL E LIGOU PARA REGISTRAR O OCORRIDO.										1		""	""	""	""	""	""	""	""	""	""	""	""	""
4617	2018-05-27T00:00:00	08:53:00	SEM VÍTIMA	CANCELADA	COQUEIRAL	RUA DA CUSTODIA	324	""	E/F A RESIDENCIA.	RUA DA CUSTODIA	324	E/F A RESIDENCIA.	COQUEIRAL		""	COLISÃO COM CICLISTA	SEM VITIMAS	1			1						0		""	""	""	""	""	""	""	""	""	""	""	""	""
4618	2018-05-27T00:00:00	12:30:00	COM VÍTIMA	FINALIZADA	IMBIRIBEIRA	RUA JOAQUIM BANDEIRA	""	""	NA MESMA RUA DA ESTAÇÃO ANTONIO FALCÃO	RUA JOAQUIM BANDEIRA	""	NA MESMA RUA DA ESTAÇÃO ANTONIO FALCÃO	IMBIRIBEIRA		""	COLISÃO	ENTRE 2 AUTOS.C/V	2									1		""	""	""	""	""	""	""	""	""	""	""	""	""
4619	2018-05-27T00:00:00	15:10:00	SEM VÍTIMA	CANCELADA	BOA VIAGEM	RUA PEREIRA DA COSTA	208	""	EM FRENTE A ETABRAS	RUA PEREIRA DA COSTA	208	EM FRENTE A ETABRAS	BOA VIAGEM		""	COLISÃO	COLISÃO SEM VÍTIMA	2									0		""	""	""	""	""	""	""	""	""	""	""	""	""
4620	2018-05-27T00:00:00	16:55:00	""	CANCELADA	CASA AMARELA	RUA CONS NABUCO	""	""	ESQUINA COM A FARMACIA INDEPENDENTE E PLANETA AR	RUA CONS NABUCO	""	ESQUINA COM A FARMACIA INDEPENDENTE E PLANETA AR	CASA AMARELA		""	COLISÃO	ENTRE 2 AUTOS. C/V	2									3		""	""	""	""	""	""	""	""	""	""	""	""	""
4621	2018-05-27T00:00:00	16:56:00	COM VÍTIMA	FINALIZADA	CASA AMARELA	RUA DA HARMONIA	""	""	EM FRENTE A FARMACIA INDEPENDENTE	RUA DA HARMONIA	""	EM FRENTE A FARMACIA INDEPENDENTE	CASA AMARELA		""	COLISÃO	COLISÃO COM VÍTIMA	2									3		""	""	""	""	""	""	""	""	""	""	""	""	""
4622	2018-05-27T00:00:00	17:54:00	SEM VÍTIMA	CANCELADA	BOA VIAGEM	AV CONSELHEIRO AGUIAR	""	RUA DO ATLANTICO	CRUZAMENTO COM A RUA DO ATLANTICO E BELELEU BURGUER BAR PROX AO CHICO CIT	AV CONSELHEIRO AGUIAR	""	CRUZAMENTO COM A RUA DO ATLANTICO E BELELEU BURGUER BAR PROX AO CHICO CIT	BOA VIAGEM		""	COLISÃO	DOIS AUTO OBS:: AS PARTES FORAM INFORMADA A SEGUIR PARA UMA DELEGACIA MAS PROXIMA OU FAZER O BOLETIM DE OCORRENCIA PELO SITE DO SDS	2									0		""	""	""	""	""	""	""	""	""	""	""	""	""
4623	2018-05-27T00:00:00	19:23:00	SEM VÍTIMA	CANCELADA	CASA FORTE	EST REAL DO POCO	""	""	E/F AO RESTAURANTE ANTICA ROMA	EST REAL DO POCO	""	E/F AO RESTAURANTE ANTICA ROMA	CASA FORTE		""	COLISÃO	ENTRE 2 AUTOS. S/V	2									0		""	""	""	""	""	""	""	""	""	""	""	""	""
4624	2018-05-27T00:00:00	20:40:00	SEM VÍTIMA	CANCELADA	ESPINHEIRO	RUA MARQUES DO PARANA	25	RUA ALFREDO DE CARVALHO	CRUZAMENTO COM ALFREDO DE CARVALHO	RUA MARQUES DO PARANA	25	CRUZAMENTO COM ALFREDO DE CARVALHO	ESPINHEIRO		""	COLISÃO	DOIS AUTO OBS:: AS PARTES FORAM ORIENTADAS A SEGUIR PARA UMA DELEGACIA OU FAZER O (B.O) PELO SITE DO SDS	2									0		""	""	""	""	""	""	""	""	""	""	""	""	""
4625	2018-05-27T00:00:00	23:16:00	SEM VÍTIMA	CANCELADA	MUSTARDINHA	RUA MOCAMBIQUE	""	""	ESQUINA COM O CLUBE DOS LENHADORES E COLÉGIO PADRE ANCHIETA	RUA MOCAMBIQUE	""	ESQUINA COM O CLUBE DOS LENHADORES E COLÉGIO PADRE ANCHIETA	MUSTARDINHA		""	COLISÃO	ENTRE AUTO E MOTO. S/V	1	1								0		""	""	""	""	""	""	""	""	""	""	""	""	""
4626	2018-05-28T00:00:00	07/mai	COM VÍTIMA	FINALIZADA	BONGI	RUA ISAAC MARKMAN	""	RUA ITAPEMIRIM	CRUZ COM A RUA ITAPEMIRIM EM FRENTE A UPINHA DO BONGI	RUA ISAAC MARKMAN	""	CRUZ COM A RUA ITAPEMIRIM EM FRENTE A UPINHA DO BONGI	BONGI		""	ATROPELAMENTO	VITIMA A ESPERA DO SAMU					1	1				1		""	""	""	""	""	""	""	""	""	""	""	""	""
4627	2018-05-28T00:00:00	07:30:00	SEM VÍTIMA	FINALIZADA	IMBIRIBEIRA	AV MARECHAL MASCARENHAS DE MORAES	""	""	AO LADO DO AEROPORTO	AV MARECHAL MASCARENHAS DE MORAES	""	AO LADO DO AEROPORTO	IMBIRIBEIRA		""	COLISÃO	DOIS AUTOS	2									0		""	""	""	""	""	""	""	""	""	""	""	""	""
4628	2018-05-28T00:00:00	09:22:00	SEM VÍTIMA	FINALIZADA	SANTO AMARO	AV GOVERNADOR AGAMENON MAGALHAES	2375	""	EM FRENTE A RADIO NET / VEICULOS NAO TEM COMO REMOVER	AV GOVERNADOR AGAMENON MAGALHAES	2375	EM FRENTE A RADIO NET / VEICULOS NAO TEM COMO REMOVER	SANTO AMARO		""	COLISÃO	DOIS AUTOS	2									0		""	""	""	""	""	""	""	""	""	""	""	""	""
4629	2018-05-28T00:00:00	10:41:00	SEM VÍTIMA	CANCELADA	BOA VIAGEM	AV CONSELHEIRO AGUIAR	1881	""	E/F A LAVANDERIA TRYCLEAN USA, SENTIDO PINA.	AV CONSELHEIRO AGUIAR	1881	E/F A LAVANDERIA TRYCLEAN USA, SENTIDO PINA.	BOA VIAGEM		""	COLISÃO	SEM VÍTIMAS	2									0		""	""	""	""	""	""	""	""	""	""	""	""	""
4630	2018-05-28T00:00:00	12:39:00	COM VÍTIMA	FINALIZADA	DERBY	AV GOVERNADOR AGAMENON MAGALHAES	""	""	SENT/BOA VIAGEM EM FRENTE A O HOSPITAL DA RESTAURAÇÃO	AV GOVERNADOR AGAMENON MAGALHAES	""	SENT/BOA VIAGEM EM FRENTE A O HOSPITAL DA RESTAURAÇÃO	DERBY		""	COLISÃO COM CICLISTA	COM UMA VITIMA	1			1						1		""	""	""	""	""	""	""	""	""	""	""	""	""
4631	2018-05-28T00:00:00	15:48:00	SEM VÍTIMA	FINALIZADA	BOA VISTA	AV LINS PETIT	195	""	EM FRENTE AO HAPVIDA	AV LINS PETIT	195	EM FRENTE AO HAPVIDA	BOA VISTA		""	COLISÃO	DOIS AUTOS S/V	2									0		""	""	""	""	""	""	""	""	""	""	""	""	""
4632	2018-05-28T00:00:00	18:32:00	SEM VÍTIMA	CANCELADA	TORRE	RUA REAL DA TORRE	""	""	ANTES DA PONTE DA TORRE O POSTO IPIRANGA ANTIGO POSTO XINGU	RUA REAL DA TORRE	""	ANTES DA PONTE DA TORRE O POSTO IPIRANGA ANTIGO POSTO XINGU	TORRE		""	COLISÃO	VT DA POLICIA X CAMINHAO							1	1		0		""	""	""	""	""	""	""	""	""	""	""	""	""
4633	2018-05-28T00:00:00	18:40:00	SEM VÍTIMA	CANCELADA	MADALENA	EST DOS REMEDIOS	""	""	ENF AO POSTO DE SAUDE LESSA DE ANDRADE	EST DOS REMEDIOS	""	ENF AO POSTO DE SAUDE LESSA DE ANDRADE	MADALENA		""	COLISÃO	DOIS AUTO	2									0		""	""	""	""	""	""	""	""	""	""	""	""	""
4634	2018-05-28T00:00:00	21:49:00	SEM VÍTIMA	CANCELADA	CAMPO GRANDE	EST DE BELEM	1782	""	PROX AO POSTO TOTAL	EST DE BELEM	1782	PROX AO POSTO TOTAL	CAMPO GRANDE		""	COLISÃO	VT DA CIVIL X AUTO	1							1		0		""	""	""	""	""	""	""	""	""	""	""	""	""
4635	2018-05-28T00:00:00	22:11:00	SEM VÍTIMA	CANCELADA	SANTO AMARO	AV GOVERNADOR AGAMENON MAGALHAES	""	""	SEMÁFORO 378, SNT OLINDA	AV GOVERNADOR AGAMENON MAGALHAES	""	SEMÁFORO 378, SNT OLINDA	SANTO AMARO		""	COLISÃO	ENTRE ÔNIBUS E VT. S/V						1		1		0		""	""	""	""	""	""	""	""	""	""	""	""	""
4636	2018-05-29T00:00:00	07:24:00	COM VÍTIMA	FINALIZADA	CAXANGÁ	RUA RIBEIRO DE BRITO	X	""	PROXIMO A UPA DA CAXANGA/P AO SEMAFORO N 281	RUA RIBEIRO DE BRITO	X	PROXIMO A UPA DA CAXANGA/P AO SEMAFORO N 281	CAXANGÁ		""	COLISÃO	DOIS AUTO COM VITIMA	1	1								1		""	""	""	""	""	""	""	""	""	""	""	""	""
4637	2018-05-29T00:00:00	08:51:00	SEM VÍTIMA	CANCELADA	GRAÇAS	PRC ELVIRA ANDRADE DE SOUZA	173	""	E/F AO EDF. VIDAL DE NEGREIROS	PRC ELVIRA ANDRADE DE SOUZA	173	E/F AO EDF. VIDAL DE NEGREIROS	GRAÇAS		""	COLISÃO	SEM VÍTIMAS	3									0		""	""	""	""	""	""	""	""	""	""	""	""	""
4638	2018-05-29T00:00:00	09:39:00	SEM VÍTIMA	CANCELADA	ILHA DO LEITE	RUA ANTONIO GOMES DE FREITAS	131	""	EM FRENTE A O CONSULTORIO MULT IMAGEM	RUA ANTONIO GOMES DE FREITAS	131	EM FRENTE A O CONSULTORIO MULT IMAGEM	ILHA DO LEITE		""	COLISÃO	SEM VITIMAS	2									0		""	""	""	""	""	""	""	""	""	""	""	""	""
4639	2018-05-29T00:00:00	11:29:00	SEM VÍTIMA	EM ABERTO	BOA VIAGEM	AV ENGENHEIRO DOMINGOS FERREIRA	""	""	EM FRENTE AO POSTO BR / LADO ESQUERDO DA VIA	AV ENGENHEIRO DOMINGOS FERREIRA	""	EM FRENTE AO POSTO BR / LADO ESQUERDO DA VIA	BOA VIAGEM		""	COLISÃO	MOTO E AUTO	1	1								0		""	""	""	""	""	""	""	""	""	""	""	""	""