_id	DATA	hora	natureza_acidente	situacao	bairro	endereco	numero	detalhe_endereco_acidente	complemento	endereco_cruzamento	numero_cruzamento	referencia_cruzamento	bairro_cruzamento	num_semaforo	sentido_via	tipo	descricao	auto	moto	ciclom	ciclista	pedestre	onibus	caminhao	viatura	outros	vitimas	vitimasfatais	acidente_verificado	tempo_clima	situacao_semaforo	sinalizacao	condicao_via	conservacao_via	ponto_controle	situacao_placa	velocidade_max_via	mao_direcao	divisao_via1	divisao_via2	divisao_via3
4640	2018-05-29T00:00:00	""	COM VÍTIMA	FINALIZADA	AFOGADOS	RUA VINTE E UM DE ABRIL	420	""	E/F A AFOGADOS CENTER	RUA VINTE E UM DE ABRIL	420	E/F A AFOGADOS CENTER	AFOGADOS		""	COLISÃO	COLISAO ENTRE AUTO E MOTO COM UMA VITIMA	1	1								1		""	""	""	""	""	""	""	""	""	""	""	""	""
4641	2018-05-29T00:00:00	16:11:00	SEM VÍTIMA	CANCELADA	AFOGADOS	RUA COSME VIANA	""	RUA TEOFILO TWORZ	COM RUA TEOFILO TWORZ ESQUINA DA TUPÃN	RUA COSME VIANA	""	COM RUA TEOFILO TWORZ ESQUINA DA TUPÃN	AFOGADOS		""	COLISÃO	COLISAO ENTRE DOIS AUTOS S/V	2									0		""	""	""	""	""	""	""	""	""	""	""	""	""
4642	2018-05-29T00:00:00	16:44:00	SEM VÍTIMA	CANCELADA	CASA FORTE	EST DAS UBAIAS,	""	""	EM FRENTE AO MERCADO BOM DEMAIS E A PADARIA PARLA	EST DAS UBAIAS,	""	EM FRENTE AO MERCADO BOM DEMAIS E A PADARIA PARLA	CASA FORTE		""	COLISÃO	COLISÃO SEM VITIMAS	3									0		""	""	""	""	""	""	""	""	""	""	""	""	""
4643	2018-05-29T00:00:00	17:56:00	COM VÍTIMA	CANCELADA	ÁGUA FRIA	RUA DA REGENERACAO	422	""	PADARIA SANTO ANTÔNIO E VAREJÃO MIX	RUA DA REGENERACAO	422	PADARIA SANTO ANTÔNIO E VAREJÃO MIX	ÁGUA FRIA		""	ATROPELAMENTO	""					1					1		""	""	""	""	""	""	""	""	""	""	""	""	""
4644	2018-05-29T00:00:00	19:44:00	COM VÍTIMA	CANCELADA	BOA VIAGEM	RUA VISCONDE DE JEQUITINHONHA	""	RUA MAIO DE CASTRO	COM A RUA MARIO DE CASTRO, NO SEMAFORO 158	RUA VISCONDE DE JEQUITINHONHA	""	COM A RUA MARIO DE CASTRO, NO SEMAFORO 158	BOA VIAGEM		""	ACID. DE PERCURSO	3 MOTOS		3								1		""	""	""	""	""	""	""	""	""	""	""	""	""
4645	2018-05-29T00:00:00	23:01:00	SEM VÍTIMA	CANCELADA	BOA VIAGEM	AV ENGENHEIRO DOMINGOS FERREIRA	""	""	PROXIMIDADES DO BANCO BRADESCO	AV ENGENHEIRO DOMINGOS FERREIRA	""	PROXIMIDADES DO BANCO BRADESCO	BOA VIAGEM		""	COLISÃO	ENTRE ÕNIBUS E AUTO. S/V	1					1				0		""	""	""	""	""	""	""	""	""	""	""	""	""
4646	2018-05-30T00:00:00	03:37:00	SEM VÍTIMA	CANCELADA	NOVA DESCOBERTA	AV VEREADOR OTACILIO AZEVEDO	3000	""	PROX DA LANCHONETE RAMOS, PROX DA PIZZARIA FAMILIA LOPES	AV VEREADOR OTACILIO AZEVEDO	3000	PROX DA LANCHONETE RAMOS, PROX DA PIZZARIA FAMILIA LOPES	NOVA DESCOBERTA		""	COLISÃO	COLISÃO ENTRE AUTO E ÔNIBUS S/V	1					1				0		""	""	""	""	""	""	""	""	""	""	""	""	""
4647	2018-05-30T00:00:00	06:15:00	SEM VÍTIMA	FINALIZADA	PINA	AV ANTONIO DE GOES	""	""	SEMAFORO 656 EM FRENTE AO DNIT	AV ANTONIO DE GOES	""	SEMAFORO 656 EM FRENTE AO DNIT	PINA		""	COLISÃO	SEM VITIMAS	1					1				0		""	""	""	""	""	""	""	""	""	""	""	""	""
4648	2018-05-30T00:00:00	08:05:00	SEM VÍTIMA	PENDENTE	IMBIRIBEIRA	RUA ITALIA	X	""	PROXIMO AO SUPERMERCADO ACAI DA IMBIRIBEIRA	RUA ITALIA	X	PROXIMO AO SUPERMERCADO ACAI DA IMBIRIBEIRA	IMBIRIBEIRA		""	COLISÃO	DOIS AUTOS	2									0		""	""	""	""	""	""	""	""	""	""	""	""	""
4649	2018-05-30T00:00:00	09:11:00	SEM VÍTIMA	FINALIZADA	FUNDÃO	RUA CORONEL URBANO RIBEIRO DE SENA	763	""	HA 100 METROS DO MERCADINHO CAPIBARIBE	RUA CORONEL URBANO RIBEIRO DE SENA	763	HA 100 METROS DO MERCADINHO CAPIBARIBE	FUNDÃO		""	COLISÃO	SEM VITIMAS	2									0		""	""	""	""	""	""	""	""	""	""	""	""	""
4650	2018-05-30T00:00:00	10:47:00	SEM VÍTIMA	FINALIZADA	IBURA	RUA MARECHAL TAUMATURGO	298	""	PROXIMO AO TERMINAL DE ONIBUS DE UR 5	RUA MARECHAL TAUMATURGO	298	PROXIMO AO TERMINAL DE ONIBUS DE UR 5	IBURA		""	COLISÃO	DOIS AUTOS	2									0		""	""	""	""	""	""	""	""	""	""	""	""	""
4651	2018-05-30T00:00:00	10:55:00	SEM VÍTIMA	FINALIZADA	BOA VIAGEM	RUA SA E SOUZA	""	""	SEMAFORO 420	RUA SA E SOUZA	""	SEMAFORO 420	BOA VIAGEM		""	COLISÃO	CAMINHAO E AUTO	1						1			0		""	""	""	""	""	""	""	""	""	""	""	""	""
4652	2018-05-30T00:00:00	11:08:00	SEM VÍTIMA	FINALIZADA	TAMARINEIRA	RUA PADRE ROMA	103	""	AO LADO DA FERREIRA COSTA	RUA PADRE ROMA	103	AO LADO DA FERREIRA COSTA	TAMARINEIRA		""	COLISÃO	COLISAO ENTRE TAXI E KOMBI S/T	2									0		""	""	""	""	""	""	""	""	""	""	""	""	""
4653	2018-05-30T00:00:00	11:22:00	SEM VÍTIMA	FINALIZADA	SÃO JOSÉ	RUA VELHA	272	""	PROXIMO AO DEPOSITO DE GAS	RUA VELHA	272	PROXIMO AO DEPOSITO DE GAS	SÃO JOSÉ		""	COLISÃO	DOIS AUTOS	2									0		""	""	""	""	""	""	""	""	""	""	""	""	""
4654	2018-05-30T00:00:00	12:00:00	SEM VÍTIMA	FINALIZADA	ENCRUZILHADA	RUA QUARENTA E OITO	""	""	E/F A GALERIA CENTER QUARENTA E OITO	RUA QUARENTA E OITO	""	E/F A GALERIA CENTER QUARENTA E OITO	ENCRUZILHADA		""	COLISÃO	COLISAO ENTRE DOIS AUTOS S/V	2									0		""	""	""	""	""	""	""	""	""	""	""	""	""
4655	2018-05-30T00:00:00	12:25:00	SEM VÍTIMA	FINALIZADA	DERBY	RUA HENRIQUE DIAS	""	""	ANTES DO SPETTUS, EM FRENTE AO COLEGIO MILITAR	RUA HENRIQUE DIAS	""	ANTES DO SPETTUS, EM FRENTE AO COLEGIO MILITAR	DERBY		""	COLISÃO	DOIS AUTOS	2									0		""	""	""	""	""	""	""	""	""	""	""	""	""
4656	2018-05-30T00:00:00	13:03:00	SEM VÍTIMA	FINALIZADA	BOA VIAGEM	AV FERNANDO SIMOES BARBOSA	""	RUA PADRE CARAPUCEIRO	COM A RUA PADRE CARAPUCEIRO, EM FRENTE A GALERIA SANTO ANTONIO	AV FERNANDO SIMOES BARBOSA	""	COM A RUA PADRE CARAPUCEIRO, EM FRENTE A GALERIA SANTO ANTONIO	BOA VIAGEM		""	COLISÃO	DOIS AUTOS	2									0		""	""	""	""	""	""	""	""	""	""	""	""	""
4657	2018-05-30T00:00:00	13:38:00	SEM VÍTIMA	FINALIZADA	BOA VISTA	RUA DA AURORA	371	""	PROX. A AGENCIA DO TRABALHO	RUA DA AURORA	371	PROX. A AGENCIA DO TRABALHO	BOA VISTA		""	COLISÃO	DOIS AUTOS	2									0		""	""	""	""	""	""	""	""	""	""	""	""	""
4658	2018-05-30T00:00:00	14:51:00	SEM VÍTIMA	CANCELADA	IPSEP	RUA JEAN EMILE FAVRE	""	""	E/F AO ARMAZEM MAURICEIA	RUA JEAN EMILE FAVRE	""	E/F AO ARMAZEM MAURICEIA	IPSEP		""	COLISÃO	COLISAO ENTRE DOIS AUTOS S/V	2									0		""	""	""	""	""	""	""	""	""	""	""	""	""
4659	2018-05-30T00:00:00	15:31:00	SEM VÍTIMA	FINALIZADA	SAN MARTIN	RUA VINTE E UM DE ABRIL	2885	""	PROX. AO DOMINGO´S BAR	RUA VINTE E UM DE ABRIL	2885	PROX. AO DOMINGO´S BAR	SAN MARTIN		""	COLISÃO	CAMINHÃO E AUTO	1						1			0		""	""	""	""	""	""	""	""	""	""	""	""	""
4660	2018-05-30T00:00:00	16:20:00	COM VÍTIMA	FINALIZADA	NOVA DESCOBERTA	RUA NOVA DESCOBERTA	""	""	LARGO DONA REGINA, APOS A ESCOLA CLOTILDE DE OLIVEIRA PRIMEIRA A DIREITA	RUA NOVA DESCOBERTA	""	LARGO DONA REGINA, APOS A ESCOLA CLOTILDE DE OLIVEIRA PRIMEIRA A DIREITA	NOVA DESCOBERTA		""	ATROPELAMENTO	ATROPELAMENTO SEGUIDO DE CAPOTAMENTO	1				2					2		""	""	""	""	""	""	""	""	""	""	""	""	""
4661	2018-05-30T00:00:00	17:53:00	SEM VÍTIMA	CANCELADA	PINA	AVENIDA CELSO FURTADO (VIA MANGUE)	""	""	PROX A LOMBADA ELETRONICA	AVENIDA CELSO FURTADO (VIA MANGUE)	""	PROX A LOMBADA ELETRONICA	PINA		""	COLISÃO	DOIS AUTO OBS:: AS PARTES FORAM ORIENTADAS PARA SEGUIR A UMA DELEGACIA OU PELO SITE DO SDS	2									0		""	""	""	""	""	""	""	""	""	""	""	""	""
4662	2018-05-30T00:00:00	19:37:00	SEM VÍTIMA	FINALIZADA	ESPINHEIRO	RUA CONS PORTELA	""	AV ROSA E SILVA	ESQUINA COM AV ROSA E SILVA / PRÓX AO BOMPREÇO, EXATAMENTE NA CALÇADA DO SUPERMERCADO	RUA CONS PORTELA	""	ESQUINA COM AV ROSA E SILVA / PRÓX AO BOMPREÇO, EXATAMENTE NA CALÇADA DO SUPERMERCADO	ESPINHEIRO		""	COLISÃO	ENTRE 2 AUTOS. S/V	2									0		""	""	""	""	""	""	""	""	""	""	""	""	""
4663	2018-05-30T00:00:00	20:06:00	COM VÍTIMA	FINALIZADA	BOA VISTA	RUA DA AURORA	""	AV CONDE DA BOA VISTA	CRUZAMENTO COM BOA VISTA ENF AO CINEMA SAO LUIZ	RUA DA AURORA	""	CRUZAMENTO COM BOA VISTA ENF AO CINEMA SAO LUIZ	BOA VISTA		""	COLISÃO	AUTO E MOTO (BOMBEIRO ACIONADO )	1	1								1		""	""	""	""	""	""	""	""	""	""	""	""	""
4664	2018-05-30T00:00:00	21:22:00	SEM VÍTIMA	CANCELADA	PRADO	RUA JOAO IVO DA SILVA	""	""	ENF A ESUINA DA PICANHA DEPOIS DO TUNEL DA ABOLICAO	RUA JOAO IVO DA SILVA	""	ENF A ESUINA DA PICANHA DEPOIS DO TUNEL DA ABOLICAO	PRADO		""	COLISÃO	MICRO-ONIBUS X AUTO	1					1				0		""	""	""	""	""	""	""	""	""	""	""	""	""
4665	2018-05-30T00:00:00	22:22:00	COM VÍTIMA	FINALIZADA	PAISSANDU	AV GOVERNADOR AGAMENON MAGALHAES	4760	""	E/F AO HOSPITAL PORTUGUÊS, SNT BV	AV GOVERNADOR AGAMENON MAGALHAES	4760	E/F AO HOSPITAL PORTUGUÊS, SNT BV	PAISSANDU		""	COLISÃO	"ENTRE AUTO E MOTO. C/V 
"	1	1								1		""	""	""	""	""	""	""	""	""	""	""	""	""
4666	2018-05-31T00:00:00	09:00:00	SEM VÍTIMA	FINALIZADA	GRAÇAS	RUA DO FUTURO	513	""	E/F AO EDF. DUAS MARIA	RUA DO FUTURO	513	E/F AO EDF. DUAS MARIA	GRAÇAS		""	COLISÃO	SEM VÍTIMAS	2									0		""	""	""	""	""	""	""	""	""	""	""	""	""
4667	2018-05-31T00:00:00	09:24:00	SEM VÍTIMA	FINALIZADA	AFLITOS	RUA DO FUTURO	385	RUA FERREIRA PINTO	CRUZ COM A RUA FERREIRA PINTO EM FRENTE A PADARIA TRIGOS	RUA DO FUTURO	385	CRUZ COM A RUA FERREIRA PINTO EM FRENTE A PADARIA TRIGOS	AFLITOS		""	COLISÃO	COLISÃO SEM VITIMAS	2									0		""	""	""	""	""	""	""	""	""	""	""	""	""
4668	2018-05-31T00:00:00	10:50:00	COM VÍTIMA	FINALIZADA	COELHOS	RUA DOS COELHOS	""	""	PROXIMO AO IMIP NA DESCIDA DO VIADUTO JOAQUIM CARDOSO	RUA DOS COELHOS	""	PROXIMO AO IMIP NA DESCIDA DO VIADUTO JOAQUIM CARDOSO	COELHOS		""	COLISÃO	DOIS VEICULOS	1	1								2		""	""	""	""	""	""	""	""	""	""	""	""	""
4669	2018-05-31T00:00:00	11:14:00	SEM VÍTIMA	FINALIZADA	BOA VIAGEM	AV FERNANDO SIMOES BARBOSA	572	""	PROXIMO A ENTRADA DO SHOPING CENTER RECIFE,EM FRENTE A CADEMIA BOBY TECH	AV FERNANDO SIMOES BARBOSA	572	PROXIMO A ENTRADA DO SHOPING CENTER RECIFE,EM FRENTE A CADEMIA BOBY TECH	BOA VIAGEM		""	COLISÃO	DOIS AUTOS	2									0		""	""	""	""	""	""	""	""	""	""	""	""	""
4670	2018-05-31T00:00:00	11:34:00	SEM VÍTIMA	FINALIZADA	BOA VIAGEM	RUA VISCONDE DE JEQUITINHONHA	""	RUA CAPITAO ZUZINHA	CRUZ COM A RUA CAPITÃO ZUZINHA AO LADO DO CANAL PROX A LOCALIZA	RUA VISCONDE DE JEQUITINHONHA	""	CRUZ COM A RUA CAPITÃO ZUZINHA AO LADO DO CANAL PROX A LOCALIZA	BOA VIAGEM		""	COLISÃO	COLISÃO SEM VITIMAS	2									0		""	""	""	""	""	""	""	""	""	""	""	""	""
4671	2018-05-31T00:00:00	11:39:00	SEM VÍTIMA	FINALIZADA	SÃO JOSÉ	RUA IMPERIAL	987	""	E/F A CM. SIDERÚRGICA	RUA IMPERIAL	987	E/F A CM. SIDERÚRGICA	SÃO JOSÉ		""	COLISÃO	SEM VÍTIMAS	2									0		""	""	""	""	""	""	""	""	""	""	""	""	""
4672	2018-05-31T00:00:00	12:22:00	SEM VÍTIMA	FINALIZADA	TORRÕES	AV ENGENHEIRO ABDIAS DE CARVALHO	""	""	EM FRENTE AO POSTO BR E AO LADO DO YOKI GALETOS / SENTIDO BR	AV ENGENHEIRO ABDIAS DE CARVALHO	""	EM FRENTE AO POSTO BR E AO LADO DO YOKI GALETOS / SENTIDO BR	TORRÕES		""	COLISÃO	COLISÃO SEM VÍTIMA	2						1			0		""	""	""	""	""	""	""	""	""	""	""	""	""
4673	2018-05-31T00:00:00	15:30:00	COM VÍTIMA	CANCELADA	BOA VIAGEM	RUA RIBEIRO DE BRITO	1017	""	EDF.CORCOVADO	RUA RIBEIRO DE BRITO	1017	EDF.CORCOVADO	BOA VIAGEM		""	COLISÃO	COLISAO ENTRE AUTO E MOTO COM VITIMA ( ORIENTADOR II )	1	1								1		""	""	""	""	""	""	""	""	""	""	""	""	""
4674	2018-05-31T00:00:00	17:36:00	COM VÍTIMA	FINALIZADA	BOA VIAGEM	AV ENGENHEIRO DOMINGOS FERREIRA	""	RUA HENRIQUE CAPITULINO	COM HENRIQUE CAPITULINO	AV ENGENHEIRO DOMINGOS FERREIRA	""	COM HENRIQUE CAPITULINO	BOA VIAGEM		""	COLISÃO COM CICLISTA	""				1						1		""	""	""	""	""	""	""	""	""	""	""	""	""
4675	2018-05-31T00:00:00	18:20:00	SEM VÍTIMA	FINALIZADA	CAXANGÁ	AV CAXANGA	1289	""	PROX. AO HOSPITAL GETULIO VARGAS, SENT. CAMARAGIBE	AV CAXANGA	1289	PROX. AO HOSPITAL GETULIO VARGAS, SENT. CAMARAGIBE	CAXANGÁ		""	COLISÃO	ONIBUS E AUTO	1					1				0		""	""	""	""	""	""	""	""	""	""	""	""	""
4676	2018-05-31T00:00:00	19:34:00	COM VÍTIMA	FINALIZADA	DERBY	PRC DO DERBY	""	AV GOV AGAMENON MAGALHAES	CRUZAMENTO COM AGAMENON MAGALHAES	PRC DO DERBY	""	CRUZAMENTO COM AGAMENON MAGALHAES	DERBY		""	ATROPELAMENTO	BRT X PEDESTRE					1	1				1		""	""	""	""	""	""	""	""	""	""	""	""	""
4677	2018-05-31T00:00:00	22:52:00	SEM VÍTIMA	FINALIZADA	JORDÃO	RUA ALBERTO LUNDGREN	""	""	NA PRC DO JORDAO SEMAFORO 581	RUA ALBERTO LUNDGREN	""	NA PRC DO JORDAO SEMAFORO 581	JORDÃO		""	COLISÃO	DOIS AUTO C/V	2									0		""	""	""	""	""	""	""	""	""	""	""	""	""
4678	2018-06-01T00:00:00	06:19:00	COM VÍTIMA	FINALIZADA	CAMPO GRANDE	RUA ODORICO MENDES	""	""	PROX AO IC EM FRENTE A FABRICA DE GELO	RUA ODORICO MENDES	""	PROX AO IC EM FRENTE A FABRICA DE GELO	CAMPO GRANDE		""	COLISÃO	COLISÃO COM VITIMA SOCORRIDA PELO SAMU	1	1								1		""	""	""	""	""	""	""	""	""	""	""	""	""
4679	2018-06-01T00:00:00	06:27:00	SEM VÍTIMA	FINALIZADA	CAMPO GRANDE	EST DE BELEM	1316	""	EM FRENTE A PADARIA PANDOÇURA	EST DE BELEM	1316	EM FRENTE A PADARIA PANDOÇURA	CAMPO GRANDE		""	COLISÃO	COLISÃO SEM VITIMAS	1					1				0		""	""	""	""	""	""	""	""	""	""	""	""	""
4680	2018-06-01T00:00:00	07:14:00	SEM VÍTIMA	FINALIZADA	PINA	VIADUTO CAPITAO TEMUDO	""	""	PROX AO SHOPPING RIO MAR	VIADUTO CAPITAO TEMUDO	""	PROX AO SHOPPING RIO MAR	PINA		""	COLISÃO	COLISÃO SEM VITIMAS GM QTH	1						1			0		""	""	""	""	""	""	""	""	""	""	""	""	""
4681	2018-06-01T00:00:00	07:18:00	SEM VÍTIMA	FINALIZADA	BOA VIAGEM	RUA DOS NAVEGANTES	992	""	EM FRENTE AO SUPERMERCADO MINUTO PAO	RUA DOS NAVEGANTES	992	EM FRENTE AO SUPERMERCADO MINUTO PAO	BOA VIAGEM		""	COLISÃO	MOTO E AUTO	1	1								0		""	""	""	""	""	""	""	""	""	""	""	""	""
4682	2018-06-01T00:00:00	08:58:00	SEM VÍTIMA	FINALIZADA	BOA VIAGEM	RUA JOSE DA SILVA LUCENA	273	RUA SARGENTO SILVINO MACEDO	CRUZ COM A RUA SARGENTO SILVINO MACEDO / EM FRENTE A LACOMEX	RUA JOSE DA SILVA LUCENA	273	CRUZ COM A RUA SARGENTO SILVINO MACEDO / EM FRENTE A LACOMEX	BOA VIAGEM		""	COLISÃO	DOIS AUTOS	2									0		""	""	""	""	""	""	""	""	""	""	""	""	""
4683	2018-06-01T00:00:00	09:00:00	COM VÍTIMA	CANCELADA	JAQUEIRA	RUA DEPUTADO PEDRO PIRES FERREIRA	""	""	EM FRENTE A LIVRARIA JAQUEIRA	RUA DEPUTADO PEDRO PIRES FERREIRA	""	EM FRENTE A LIVRARIA JAQUEIRA	JAQUEIRA		""	ATROPELAMENTO	ATROPELAMENTO VITIMA SOCORRIDO PELO SAMU		1			1					1		""	""	""	""	""	""	""	""	""	""	""	""	""
4684	2018-06-01T00:00:00	09:36:00	SEM VÍTIMA	FINALIZADA	PARNAMIRIM	EST DO ENCANAMENTO	416	""	E/F A HAMBURGUERIA, AO LADO DO BANCO SANTNADER	EST DO ENCANAMENTO	416	E/F A HAMBURGUERIA, AO LADO DO BANCO SANTNADER	PARNAMIRIM		""	COLISÃO	SEM VÍTIMAS	2									0		""	""	""	""	""	""	""	""	""	""	""	""	""
4685	2018-06-01T00:00:00	09:52:00	SEM VÍTIMA	FINALIZADA	BOA VIAGEM	RUA PEDRO PAES MENDONCA	""	RUA DOM JOAO VI	COM A RUA DOM JOAO VI / SEMAFORO 543	RUA PEDRO PAES MENDONCA	""	COM A RUA DOM JOAO VI / SEMAFORO 543	BOA VIAGEM		""	COLISÃO	DOIS AUTOS	2									0		""	""	""	""	""	""	""	""	""	""	""	""	""
4686	2018-06-01T00:00:00	10:15:00	COM VÍTIMA	FINALIZADA	MUSTARDINHA	AV MANOEL GONCALVES DA LUZ	1038	""	EM FRENTE A PADARIA MUSTAR PAM	AV MANOEL GONCALVES DA LUZ	1038	EM FRENTE A PADARIA MUSTAR PAM	MUSTARDINHA		""	COLISÃO	COLISÃO COM VITIMA SOCORRIDO PELOS BOMBEIROS	1					1				1		""	""	""	""	""	""	""	""	""	""	""	""	""
4687	2018-06-01T00:00:00	10:35:00	SEM VÍTIMA	FINALIZADA	BAIRRO DO RECIFE	AV ALFREDO LISBOA	""	""	E/F AO SEU BOTECO, NO ARMAZÉM 12	AV ALFREDO LISBOA	""	E/F AO SEU BOTECO, NO ARMAZÉM 12	BAIRRO DO RECIFE		""	COLISÃO	SEM VÍTIMAS							2			0		""	""	""	""	""	""	""	""	""	""	""	""	""
4688	2018-06-01T00:00:00	12:08:00	SEM VÍTIMA	FINALIZADA	ESTÂNCIA	AV RECIFE	""	""	EM FRENTE AO MAKRO/ SENTIDO CAXANGA	AV RECIFE	""	EM FRENTE AO MAKRO/ SENTIDO CAXANGA	ESTÂNCIA		""	COLISÃO	COLISÃO SEM VÍTIMA	1	1								0		""	""	""	""	""	""	""	""	""	""	""	""	""
4689	2018-06-01T00:00:00	12:45:00	SEM VÍTIMA	FINALIZADA	AFOGADOS	RUA SAO MIGUEL	""	""	EM FRENTE AO BANCO ITAU	RUA SAO MIGUEL	""	EM FRENTE AO BANCO ITAU	AFOGADOS		""	COLISÃO	COLISÃO SEM VÍTIMA	2									0		""	""	""	""	""	""	""	""	""	""	""	""	""
4690	2018-06-01T00:00:00	14:30:00	SEM VÍTIMA	FINALIZADA	PRADO	AV ENGENHEIRO ABDIAS DE CARVALHO	""	""	E/F AO HABIB´S ´S/T AFOGADOS NO SEMAFORO 132	AV ENGENHEIRO ABDIAS DE CARVALHO	""	E/F AO HABIB´S ´S/T AFOGADOS NO SEMAFORO 132	PRADO		""	COLISÃO	COLISAO ENTRE TRES AUTOS S/V	3									0		""	""	""	""	""	""	""	""	""	""	""	""	""
4691	2018-06-01T00:00:00	14:35:00	COM VÍTIMA	FINALIZADA	PINA	RUA MANOEL DE BRITO	""	""	NO TUNEL DO PINA, PROX. AO POSTO DE GASOLINA BR, SENT. CIDADE	RUA MANOEL DE BRITO	""	NO TUNEL DO PINA, PROX. AO POSTO DE GASOLINA BR, SENT. CIDADE	PINA		""	COLISÃO	MOTO E AUTO	1	1								1		""	""	""	""	""	""	""	""	""	""	""	""	""
4692	2018-06-01T00:00:00	15:10:00	SEM VÍTIMA	FINALIZADA	BOA VISTA	RUA PAISSANDU	281	""	EM FRENTE AO INSTITUTO CONSTELAÇÃO	RUA PAISSANDU	281	EM FRENTE AO INSTITUTO CONSTELAÇÃO	BOA VISTA		""	COLISÃO	COLISÃO SEM VÍTIMA	2									0		""	""	""	""	""	""	""	""	""	""	""	""	""
4693	2018-06-01T00:00:00	16:21:00	SEM VÍTIMA	FINALIZADA	BOA VIAGEM	AV BOA VIAGEM	2820	""	PROX. A PADARIA BOA VIAGEM	AV BOA VIAGEM	2820	PROX. A PADARIA BOA VIAGEM	BOA VIAGEM		""	COLISÃO	DOIS AUTOS	2									0		""	""	""	""	""	""	""	""	""	""	""	""	""
4694	2018-06-01T00:00:00	16:24:00	COM VÍTIMA	FINALIZADA	AFOGADOS	RUA PADRE TEOFILO TWORZ	""	""	EM FRENET A TUPAN	RUA PADRE TEOFILO TWORZ	""	EM FRENET A TUPAN	AFOGADOS		""	COLISÃO	COLISAO ENTRE AUTO E MOTO COM VITIMA	1	1								1		""	""	""	""	""	""	""	""	""	""	""	""	""
4695	2018-06-01T00:00:00	16:32:00	SEM VÍTIMA	FINALIZADA	IMBIRIBEIRA	RUA PROFESSORA ROSILDA COSTA	615	""	PROXIMO A IGREJA REFORMADA	RUA PROFESSORA ROSILDA COSTA	615	PROXIMO A IGREJA REFORMADA	IMBIRIBEIRA		""	COLISÃO	COLISÃO SEM VÍTIMA	2									0		""	""	""	""	""	""	""	""	""	""	""	""	""
4696	2018-06-01T00:00:00	16:49:00	SEM VÍTIMA	FINALIZADA	AFOGADOS	RUA DA PAZ	""	""	AO LADO DA ASA	RUA DA PAZ	""	AO LADO DA ASA	AFOGADOS		""	COLISÃO	DOIS AUTOS	2									0		""	""	""	""	""	""	""	""	""	""	""	""	""
4697	2018-06-01T00:00:00	18:06:00	SEM VÍTIMA	FINALIZADA	SÃO JOSÉ	RUA IMPERIAL	1222	""	ANTES DO VIADUTO SENTIDO AFOGADOS	RUA IMPERIAL	1222	ANTES DO VIADUTO SENTIDO AFOGADOS	SÃO JOSÉ		""	COLISÃO	SIENA X ECOSPORT	2									0		""	""	""	""	""	""	""	""	""	""	""	""	""
4698	2018-06-01T00:00:00	19:24:00	SEM VÍTIMA	FINALIZADA	BOA VIAGEM	RUA COSMORAMA	820	""	CRUZANDO R GENERAL SALGADO / PROXIMIDADES DO NOVO COLÉGIO MADRE DE DEUS	RUA COSMORAMA	820	CRUZANDO R GENERAL SALGADO / PROXIMIDADES DO NOVO COLÉGIO MADRE DE DEUS	BOA VIAGEM		""	COLISÃO	ENTRE 2 AUTOS. S/V	2									0		""	""	""	""	""	""	""	""	""	""	""	""	""
4699	2018-06-01T00:00:00	19:27:00	COM VÍTIMA	FINALIZADA	BONGI	AV GENERAL SAN MARTIN	""	AV ENG ABDIAS DE CARVALHO	CRUZAMENTO COM ABDIAS DE CARVALHO	AV GENERAL SAN MARTIN	""	CRUZAMENTO COM ABDIAS DE CARVALHO	BONGI		""	COLISÃO COM CICLISTA	COLISAO COM CICLISTA X ONIBUS 				1		1				1		""	""	""	""	""	""	""	""	""	""	""	""	""
4700	2018-06-01T00:00:00	20:30:00	SEM VÍTIMA	FINALIZADA	SÃO JOSÉ	RUA SAO JOAO	""	""	APÓS O BANCO SATANDER, PRIMEIRA A DIREITA / NA RUA DO CAMELÓDROMO	RUA SAO JOAO	""	APÓS O BANCO SATANDER, PRIMEIRA A DIREITA / NA RUA DO CAMELÓDROMO	SÃO JOSÉ		""	COLISÃO	ENTRE AUTO E ÔNIBUS. S/V	1					1				0		""	""	""	""	""	""	""	""	""	""	""	""	""
4701	2018-06-01T00:00:00	21:25:00	SEM VÍTIMA	FINALIZADA	BOA VIAGEM	RUA PROFESSOR JOAO MEDEIROS	""	""	SEMAFORO 332 PROX DO SUBWAY	RUA PROFESSOR JOAO MEDEIROS	""	SEMAFORO 332 PROX DO SUBWAY	BOA VIAGEM		""	COLISÃO	DOIS AUTO	2									0		""	""	""	""	""	""	""	""	""	""	""	""	""
4702	2018-06-01T00:00:00	22:35:00	SEM VÍTIMA	CANCELADA	IMBIRIBEIRA	RUA PAMPULHA	160	""	E/F AO BUFFET CASA BRANCA E PANIFICADORA VALE DO RIO DOCE // CRUZANDO A R ITAJAI	RUA PAMPULHA	160	E/F AO BUFFET CASA BRANCA E PANIFICADORA VALE DO RIO DOCE // CRUZANDO A R ITAJAI	IMBIRIBEIRA		""	COLISÃO	ENTRE 2 AUTOS. S/V	2									0		""	""	""	""	""	""	""	""	""	""	""	""	""
4703	2018-06-01T00:00:00	23:30:00	COM VÍTIMA	FINALIZADA	LINHA DO TIRO	RUA URIEL DE HOLANDA	640	""	PROXIMO AO CALDINHO DO AMBROSIO	RUA URIEL DE HOLANDA	640	PROXIMO AO CALDINHO DO AMBROSIO	LINHA DO TIRO		""	COLISÃO	/DUAS MOTOS		2								2		""	""	""	""	""	""	""	""	""	""	""	""	""