_id	DATA	hora	natureza_acidente	situacao	bairro	endereco	numero	detalhe_endereco_acidente	complemento	endereco_cruzamento	numero_cruzamento	referencia_cruzamento	bairro_cruzamento	num_semaforo	sentido_via	tipo	descricao	auto	moto	ciclom	ciclista	pedestre	onibus	caminhao	viatura	outros	vitimas	vitimasfatais	acidente_verificado	tempo_clima	situacao_semaforo	sinalizacao	condicao_via	conservacao_via	ponto_controle	situacao_placa	velocidade_max_via	mao_direcao	divisao_via1	divisao_via2	divisao_via3
4704	2018-06-02T00:00:00	06:06:00	SEM VÍTIMA	FINALIZADA	IPUTINGA	RUA N S DA SAUDE	563	""	EM FRENTE AO CLUBE DO AUTOMOVEL E AO TERMINAL DE ONIBUS DA TORRE	RUA N S DA SAUDE	563	EM FRENTE AO CLUBE DO AUTOMOVEL E AO TERMINAL DE ONIBUS DA TORRE	IPUTINGA		""	COLISÃO	SEM VITIMAS	1						1			0		""	""	""	""	""	""	""	""	""	""	""	""	""
4705	2018-06-02T00:00:00	08:58:00	SEM VÍTIMA	FINALIZADA	ILHA DO RETIRO	AV ENGENHEIRO ABDIAS DE CARVALHO	""	EST DOS REMEDIOS	COM ESTRADA DOS REMEDIOS	AV ENGENHEIRO ABDIAS DE CARVALHO	""	COM ESTRADA DOS REMEDIOS	ILHA DO RETIRO		""	COLISÃO	""	2									0		""	""	""	""	""	""	""	""	""	""	""	""	""
4706	2018-06-02T00:00:00	09:00:00	SEM VÍTIMA	FINALIZADA	DERBY	AV GOVERNADOR AGAMENON MAGALHAES	""	""	EM FRENTE AO HOSPITAL DA RSTAURAÇAO / SENT BOA VIAGEM	AV GOVERNADOR AGAMENON MAGALHAES	""	EM FRENTE AO HOSPITAL DA RSTAURAÇAO / SENT BOA VIAGEM	DERBY		""	COLISÃO	VIATURA CIVIL E AUTO PASSEIO	1							1		0		""	""	""	""	""	""	""	""	""	""	""	""	""
4707	2018-06-02T00:00:00	09:45:00	SEM VÍTIMA	CANCELADA	TEJIPIÓ	AV DR JOSE RUFINO	2984	""	SENT BARRO	AV DR JOSE RUFINO	2984	SENT BARRO	TEJIPIÓ		""	COLISÃO	DOIS AUTOS	2									0		""	""	""	""	""	""	""	""	""	""	""	""	""
4708	2018-06-02T00:00:00	10:31:00	SEM VÍTIMA	FINALIZADA	BEBERIBE	AV BEBERIBE	4040	""	EM FRENTE A PIZZARIA ROUCHE	AV BEBERIBE	4040	EM FRENTE A PIZZARIA ROUCHE	BEBERIBE		""	COLISÃO	COLISÃO SEM VITIMAS	1					1				0		""	""	""	""	""	""	""	""	""	""	""	""	""
4709	2018-06-02T00:00:00	11:13:00	SEM VÍTIMA	FINALIZADA	SÃO JOSÉ	AV MILITAR	""	PTE DO LIMOEIRO	DE ESQUINA COM A PONTE DO LIMOEIRO EM FRENTE AO POSTO DE GASOLINA SHELL	AV MILITAR	""	DE ESQUINA COM A PONTE DO LIMOEIRO EM FRENTE AO POSTO DE GASOLINA SHELL	SÃO JOSÉ		""	COLISÃO	COLISÃO SEM VITIMAS	1	1								0		""	""	""	""	""	""	""	""	""	""	""	""	""
4710	2018-06-02T00:00:00	13:03:00	COM VÍTIMA	FINALIZADA	ARRUDA	AV PROFESSOR JOSE DOS ANJOS	192	""	AO LADO DO CANAL ,SENT/AV NORTE	AV PROFESSOR JOSE DOS ANJOS	192	AO LADO DO CANAL ,SENT/AV NORTE	ARRUDA		""	COLISÃO	COM DUAS VITIMAS, AGUARDANDO SAMU ,LOCAL DESCARACTERIZADO	1	1								2		""	""	""	""	""	""	""	""	""	""	""	""	""
4711	2018-06-02T00:00:00	13:07:00	SEM VÍTIMA	FINALIZADA	IPSEP	AV RECIFE	""	""	SENTIDO CIDADE UNIVERSITARIA EM FRENTE AO POSTO DE GASOLINA FEDERAL	AV RECIFE	""	SENTIDO CIDADE UNIVERSITARIA EM FRENTE AO POSTO DE GASOLINA FEDERAL	IPSEP		""	COLISÃO	COLISÃO SEM VITIMAS	2									0		""	""	""	""	""	""	""	""	""	""	""	""	""
4712	2018-06-02T00:00:00	13:24:00	SEM VÍTIMA	FINALIZADA	CASA AMARELA	RUA PADRE LEMOS	""	""	AO LADO DO CANAL EM FRENTE AO POSTO DE GASOLINA BR SENTIDO ARRUDA	RUA PADRE LEMOS	""	AO LADO DO CANAL EM FRENTE AO POSTO DE GASOLINA BR SENTIDO ARRUDA	CASA AMARELA		""	COLISÃO	COLISÃO SEM VITIMAS	2					1				0		""	""	""	""	""	""	""	""	""	""	""	""	""
4713	2018-06-02T00:00:00	15:02:00	COM VÍTIMA	FINALIZADA	ESPINHEIRO	AV JOAO DE BARROS	1187	""	APOS O VIADUTO DA JOA DE BARROS, SENTIDO ENCRUZILHADA, PROX. AO POSTO BR E A GALERIA RENASCER	AV JOAO DE BARROS	1187	APOS O VIADUTO DA JOA DE BARROS, SENTIDO ENCRUZILHADA, PROX. AO POSTO BR E A GALERIA RENASCER	ESPINHEIRO		""	COLISÃO	AUTO E MOTO	1	1								1		""	""	""	""	""	""	""	""	""	""	""	""	""
4714	2018-06-02T00:00:00	15:24:00	SEM VÍTIMA	FINALIZADA	BOA VIAGEM	RUA SA E SOUZA	1140	""	EM FRENTE A PADARIA PAN DANIELLE	RUA SA E SOUZA	1140	EM FRENTE A PADARIA PAN DANIELLE	BOA VIAGEM		""	COLISÃO	COLISÃO SEM VITIMAS	2									0		""	""	""	""	""	""	""	""	""	""	""	""	""
4715	2018-06-02T00:00:00	16:39:00	SEM VÍTIMA	FINALIZADA	CAXANGÁ	AV CAXANGA	5034	""	EM FRENTE A MULTIAVE, SENTIDO CAMARAGIBE	AV CAXANGA	5034	EM FRENTE A MULTIAVE, SENTIDO CAMARAGIBE	CAXANGÁ		""	COLISÃO	COLISÃO SEM VITIMAS	2									0		""	""	""	""	""	""	""	""	""	""	""	""	""
4716	2018-06-02T00:00:00	18:15:00	SEM VÍTIMA	FINALIZADA	BOA VIAGEM	AV VINTE DE JANEIRO	1019	""	PROX. AO CAMPINHO	AV VINTE DE JANEIRO	1019	PROX. AO CAMPINHO	BOA VIAGEM		""	COLISÃO	DOIS AUTOS S/	2									0		""	""	""	""	""	""	""	""	""	""	""	""	""
4717	2018-06-02T00:00:00	18:18:00	SEM VÍTIMA	FINALIZADA	PINA	AV ANTONIO DE GOES	""	AV CONSELHEIRO AGUIAR	COM AVENIDA CONSELHEIRO AGUIAR, SEMÁFORO 226	AV ANTONIO DE GOES	""	COM AVENIDA CONSELHEIRO AGUIAR, SEMÁFORO 226	PINA		""	COLISÃO	DOIS AUTOS S/	2									0		""	""	""	""	""	""	""	""	""	""	""	""	""
4718	2018-06-02T00:00:00	19:47:00	SEM VÍTIMA	FINALIZADA	PARNAMIRIM	PRC PROFESSOR AGAMENON MAGALHAES	""	""	EM FRENTE AO WALMART	PRC PROFESSOR AGAMENON MAGALHAES	""	EM FRENTE AO WALMART	PARNAMIRIM		""	COLISÃO	DOIS AUTOS	2									0		""	""	""	""	""	""	""	""	""	""	""	""	""
4719	2018-06-02T00:00:00	20:29:00	SEM VÍTIMA	FINALIZADA	TORRE	RUA CONDE DE IRAJA	1015	""	""	RUA CONDE DE IRAJA	1015	""	TORRE		""	COLISÃO	AUTO E MOTO	1	1								0		""	""	""	""	""	""	""	""	""	""	""	""	""
4720	2018-06-02T00:00:00	21:57:00	SEM VÍTIMA	FINALIZADA	ILHA DO RETIRO	AV BEIRA RIO	240	""	PROX. AO TUNEL CHICO SCIENCE	AV BEIRA RIO	240	PROX. AO TUNEL CHICO SCIENCE	ILHA DO RETIRO		""	COLISÃO	DOIS AUTOS S/V	2									0		""	""	""	""	""	""	""	""	""	""	""	""	""
4721	2018-06-02T00:00:00	22:42:00	COM VÍTIMA	FINALIZADA	BOA VIAGEM	AV BOA VIAGEM	4138	""	PROX AO HOTEL GRAND MERCURE	AV BOA VIAGEM	4138	PROX AO HOTEL GRAND MERCURE	BOA VIAGEM		""	COLISÃO	CINCO AUTO	3									2		""	""	""	""	""	""	""	""	""	""	""	""	""
4722	2018-06-03T00:00:00	00:31:00	SEM VÍTIMA	EQUIPE EM DESLOCAMENTO	DERBY	AV GOVERNADOR AGAMENON MAGALHAES	""	RUA HENRIQUE DIAS	CRUZAMENTO COM RUA HENRIQUE DIAS // EM FRENTE AO SPETTUS STEAK HOUSE // SEMÁFORO 068	AV GOVERNADOR AGAMENON MAGALHAES	""	CRUZAMENTO COM RUA HENRIQUE DIAS // EM FRENTE AO SPETTUS STEAK HOUSE // SEMÁFORO 068	DERBY		""	COLISÃO	COLISÃO ENTRE AUTO E MOTO, SEM VÍTIMAS.	1	1								0		""	""	""	""	""	""	""	""	""	""	""	""	""
4723	2018-06-03T00:00:00	00:57:00	SEM VÍTIMA	FINALIZADA	BOA VIAGEM	RUA PADRE CARAPUCEIRO	""	""	EM FRENTE AO COLEGIO MOTIVO	RUA PADRE CARAPUCEIRO	""	EM FRENTE AO COLEGIO MOTIVO	BOA VIAGEM		""	COLISÃO	COLISÃO ENTRE DOIS AUTOS S/V	2									0		""	""	""	""	""	""	""	""	""	""	""	""	""
4724	2018-06-03T00:00:00	02:19:00	COM VÍTIMA	FINALIZADA	BOA VIAGEM	AV ENGENHEIRO DOMINGOS FERREIRA	""	""	PRÓX AO LAÇA BURGUER // PRÓX A DROGASIL	AV ENGENHEIRO DOMINGOS FERREIRA	""	PRÓX AO LAÇA BURGUER // PRÓX A DROGASIL	BOA VIAGEM		""	CHOQUE	VEÍCULO CHOCOU-SE CONTRA UMA ÁRVORE	1									1		""	""	""	""	""	""	""	""	""	""	""	""	""
4725	2018-06-03T00:00:00	02:31:00	COM VÍTIMA	FINALIZADA	BARRO	RUA DA ESPERANCA	542	""	PROX DO CEMITERIO DO BARRO, PROX DO BOM SABOR	RUA DA ESPERANCA	542	PROX DO CEMITERIO DO BARRO, PROX DO BOM SABOR	BARRO		""	COLISÃO	COLLISÃO ENTRE DOIS AUTOS C/V	2									1		""	""	""	""	""	""	""	""	""	""	""	""	""
4726	2018-06-03T00:00:00	08:29:00	SEM VÍTIMA	FINALIZADA	BOA VIAGEM	AV ENGENHEIRO DOMINGOS FERREIRA	50	""	E/F AO POSTO TOTAL, NO LADO DIREITO DA VIA.	AV ENGENHEIRO DOMINGOS FERREIRA	50	E/F AO POSTO TOTAL, NO LADO DIREITO DA VIA.	BOA VIAGEM		""	COLISÃO	SEM VÍTIMAS	1					1				0		""	""	""	""	""	""	""	""	""	""	""	""	""
4727	2018-06-03T00:00:00	11:35:00	COM VÍTIMA	FINALIZADA	CIDADE UNIVERSITÁRIA	RUA PROFESSOR ANTONIO COELHO	956	""	E/F AO EDF. JARDIM UNIVERSIDADE, AO LADO DO HOSPITAL DAS CLIÍNICAS	RUA PROFESSOR ANTONIO COELHO	956	E/F AO EDF. JARDIM UNIVERSIDADE, AO LADO DO HOSPITAL DAS CLIÍNICAS	CIDADE UNIVERSITÁRIA		""	COLISÃO	COM UMA VÍTIMA. NO AGUARDO DO SAMU	1	1								1		""	""	""	""	""	""	""	""	""	""	""	""	""
4728	2018-06-03T00:00:00	12:51:00	SEM VÍTIMA	FINALIZADA	VÁRZEA	AV CAXANGA	""	""	EM FRENTE AO BOI E BRASA, SENTIDO CID/SUB	AV CAXANGA	""	EM FRENTE AO BOI E BRASA, SENTIDO CID/SUB	VÁRZEA		""	CHOQUE	VT DO BPTRAN FALTOU FREIO E INVADIU UM ESTABELECIMENTO								1		0		""	""	""	""	""	""	""	""	""	""	""	""	""
4729	2018-06-03T00:00:00	14:06:00	COM VÍTIMA	FINALIZADA	CASA AMARELA	RUA PAULA BATISTA	32	EST DO ARRAIAL	CRUZAMENTO COM ESTRADA DO ARRAIAL	RUA PAULA BATISTA	32	CRUZAMENTO COM ESTRADA DO ARRAIAL	CASA AMARELA		""	COLISÃO	AUTO E MOTO	1	1								2		""	""	""	""	""	""	""	""	""	""	""	""	""
4730	2018-06-03T00:00:00	14:31:00	SEM VÍTIMA	FINALIZADA	CIDADE UNIVERSITÁRIA	RUA ACADEMICO HELIO RAMOS	""	""	NA RUA DO CEMITERIO, PROX. A UFPE	RUA ACADEMICO HELIO RAMOS	""	NA RUA DO CEMITERIO, PROX. A UFPE	CIDADE UNIVERSITÁRIA		""	COLISÃO	AUTO E CARRETA	1						1			0		""	""	""	""	""	""	""	""	""	""	""	""	""
4731	2018-06-03T00:00:00	14:36:00	COM VÍTIMA	FINALIZADA	SAN MARTIN	AV GENERAL SAN MARTIN	2442	""	PROXIMO A ESCOLA ADVENTISTA/SEMAFORO PROXIMO NUMERO 371	AV GENERAL SAN MARTIN	2442	PROXIMO A ESCOLA ADVENTISTA/SEMAFORO PROXIMO NUMERO 371	SAN MARTIN		""	COLISÃO	AUTO E MOTO	1	1								1		""	""	""	""	""	""	""	""	""	""	""	""	""
4732	2018-06-03T00:00:00	14:59:00	SEM VÍTIMA	FINALIZADA	BOA VIAGEM	RUA VISCONDE DE JEQUITINHONHA	609	""	RUA DO BAR DO ENTRE AMIGO DO BODE/SENTIDO SHOPPING	RUA VISCONDE DE JEQUITINHONHA	609	RUA DO BAR DO ENTRE AMIGO DO BODE/SENTIDO SHOPPING	BOA VIAGEM		""	CAPOTAMENTO	CARRO CAPOTADO NA VIA, OBSTRUINDO A PASSAGEM	1									0		""	""	""	""	""	""	""	""	""	""	""	""	""
4733	2018-06-03T00:00:00	15:10:00	SEM VÍTIMA	FINALIZADA	BOA VIAGEM	AV DES JOSE NEVES	""	""	PROXIMO AO SEMAFORO 580/QUE FICA NA DESCIDA DO TUNEL QUE DA ASCESSO AO SHOPING	AV DES JOSE NEVES	""	PROXIMO AO SEMAFORO 580/QUE FICA NA DESCIDA DO TUNEL QUE DA ASCESSO AO SHOPING	BOA VIAGEM		""	COLISÃO	DOIS AUTO	2									0		""	""	""	""	""	""	""	""	""	""	""	""	""
4734	2018-06-03T00:00:00	15:42:00	SEM VÍTIMA	FINALIZADA	CAXANGÁ	AV JOAQUIM RIBEIRO	1289	""	PROX. A ASSEMBLEIA DE DEUS E O POSTO BR, SENTIDO CAMARAGIBE	AV JOAQUIM RIBEIRO	1289	PROX. A ASSEMBLEIA DE DEUS E O POSTO BR, SENTIDO CAMARAGIBE	CAXANGÁ		""	COLISÃO	DOIS AUTOS S/V	2									0		""	""	""	""	""	""	""	""	""	""	""	""	""
4735	2018-06-03T00:00:00	16:06:00	SEM VÍTIMA	CANCELADA	""	RUA CONS PORTELA	""	""	SEMAFORO 011	RUA CONS PORTELA	""	SEMAFORO 011	""		""	COLISÃO	DOIS AUTOS										0		""	""	""	""	""	""	""	""	""	""	""	""	""
4736	2018-06-03T00:00:00	16:10:00	SEM VÍTIMA	FINALIZADA	AREIAS	AV RECIFE	""	""	SEMÁFORO 620	AV RECIFE	""	SEMÁFORO 620	AREIAS		""	COLISÃO	COLISÃO ENTRE DOIS AUTOS	2									0		""	""	""	""	""	""	""	""	""	""	""	""	""
4737	2018-06-03T00:00:00	16:18:00	SEM VÍTIMA	FINALIZADA	CAXANGÁ	AV CAXANGA	5775	""	EM FRENTE AO TERMINAL DE INTEGRACAO DA CAXANGA /SENTIDO CIDADE	AV CAXANGA	5775	EM FRENTE AO TERMINAL DE INTEGRACAO DA CAXANGA /SENTIDO CIDADE	CAXANGÁ		""	COLISÃO	DOIS AUTOS	2									0		""	""	""	""	""	""	""	""	""	""	""	""	""
4738	2018-06-03T00:00:00	18:44:00	SEM VÍTIMA	FINALIZADA	SANTO AMARO	RUA ODORICO MENDES	""	AV GOV AGAMENON MAGALHAES	CRUZAMENTO COM AGAMENON SEMAFORO 049	RUA ODORICO MENDES	""	CRUZAMENTO COM AGAMENON SEMAFORO 049	SANTO AMARO		""	COLISÃO	TAXI E AUTO	2									0		""	""	""	""	""	""	""	""	""	""	""	""	""
4739	2018-06-03T00:00:00	19:07:00	VÍTIMA FATAL	FINALIZADA	ÁGUA FRIA	EST VELHA DE AGUA FRIA	""	""	E/F A POLICLINICA DE ÁGUA FRIA / PRÓX AO GIRADOURO DA BOMBA DO HEMETÉRIO	EST VELHA DE AGUA FRIA	""	E/F A POLICLINICA DE ÁGUA FRIA / PRÓX AO GIRADOURO DA BOMBA DO HEMETÉRIO	ÁGUA FRIA		""	ATROPELAMENTO	ENTRE ÔNIBUS E PEDESTRE. C/VF					1	1					1	""	""	""	""	""	""	""	""	""	""	""	""	""
4740	2018-06-03T00:00:00	19:50:00	SEM VÍTIMA	CANCELADA	JARDIM SÃO PAULO	RUA NOSSA SENHORA DE FATIMA	460	""	PROX AO POSTO TOTAL SENTIDO AV RECIFE	RUA NOSSA SENHORA DE FATIMA	460	PROX AO POSTO TOTAL SENTIDO AV RECIFE	JARDIM SÃO PAULO		""	COLISÃO	DOIS AUTO	2									0		""	""	""	""	""	""	""	""	""	""	""	""	""
4741	2018-06-03T00:00:00	19:53:00	SEM VÍTIMA	CANCELADA	CAXANGÁ	AV JOAQUIM RIBEIRO	""	""	SEMÁFORO 281- CRUZANDO A RUA RIBEIRO PESSOA	AV JOAQUIM RIBEIRO	""	SEMÁFORO 281- CRUZANDO A RUA RIBEIRO PESSOA	CAXANGÁ		""	COLISÃO	ENTRE 2 AUTOS. S/V	2									0		""	""	""	""	""	""	""	""	""	""	""	""	""
4742	2018-06-03T00:00:00	20:31:00	COM VÍTIMA	CANCELADA	TAMARINEIRA	AV NORTE	""	AV PROFESSOR JOSE DOS ANJOS	NO INICIO DA RUA PROFESSOR JOSE DOS ANJOS	AV NORTE	""	NO INICIO DA RUA PROFESSOR JOSE DOS ANJOS	TAMARINEIRA		""	COLISÃO	AUTO E MOTO	1	1								1		""	""	""	""	""	""	""	""	""	""	""	""	""
4743	2018-06-03T00:00:00	21:22:00	SEM VÍTIMA	FINALIZADA	BOA VISTA	RUA GERVASIO PIRES	""	""	CRUZANDO A AV BOA VISTA/ E/F A DROGASIL E PRÓX AO SHOPPING BOA VISTA	RUA GERVASIO PIRES	""	CRUZANDO A AV BOA VISTA/ E/F A DROGASIL E PRÓX AO SHOPPING BOA VISTA	BOA VISTA		""	COLISÃO	ENTRE 2 AUTOS. S/V	2									0		""	""	""	""	""	""	""	""	""	""	""	""	""
4744	2018-06-04T00:00:00	01:15:00	SEM VÍTIMA	FINALIZADA	IPUTINGA	RUA EMILIANO BRAGA	""	""	EM FRENTE AO COSTA MED, PROX DO PARAIBANOS BAR	RUA EMILIANO BRAGA	""	EM FRENTE AO COSTA MED, PROX DO PARAIBANOS BAR	IPUTINGA		""	COLISÃO	COLISÃO ENTRE DOIS AUTOS S/V	2									0		""	""	""	""	""	""	""	""	""	""	""	""	""
4745	2018-06-04T00:00:00	06:54:00	SEM VÍTIMA	FINALIZADA	PARNAMIRIM	AV DEZESSETE DE AGOSTO	""	""	EM FRENTE A PRAÇA DE PARNAMIRIM	AV DEZESSETE DE AGOSTO	""	EM FRENTE A PRAÇA DE PARNAMIRIM	PARNAMIRIM		""	COLISÃO	COLISÃO SEM VITIMAS OBS CONDUTOR SOLICITA ELITOMETRO UM DOS CONDUTORES ENCONTRA SE COM SINTOMAS DE EMBRIAGUEZ	1					1				0		""	""	""	""	""	""	""	""	""	""	""	""	""
4746	2018-06-04T00:00:00	07:30:00	SEM VÍTIMA	FINALIZADA	BOA VIAGEM	RUA JOSE HIPOLITO CARDOSO	90	""	PROX A ACADEMIA MAIZA EM FRENTE AO CONDOMINIO EWALD AUGUST	RUA JOSE HIPOLITO CARDOSO	90	PROX A ACADEMIA MAIZA EM FRENTE AO CONDOMINIO EWALD AUGUST	BOA VIAGEM		""	COLISÃO	COLISÃO SEM VITIMAS	2									0		""	""	""	""	""	""	""	""	""	""	""	""	""
4747	2018-06-04T00:00:00	08:32:00	COM VÍTIMA	FINALIZADA	CABANGA	RUA GENERAL ESTILAC LEAL	439	""	EM FRENTE AO QUARTEL DO EXERCITO 7º DEPOSITO DE SUPRIMENTO	RUA GENERAL ESTILAC LEAL	439	EM FRENTE AO QUARTEL DO EXERCITO 7º DEPOSITO DE SUPRIMENTO	CABANGA		""	COLISÃO	COM UMA VITIMA	1	1								1		""	""	""	""	""	""	""	""	""	""	""	""	""
4748	2018-06-04T00:00:00	08:51:00	SEM VÍTIMA	FINALIZADA	SANTO ANTÔNIO	PRC DA REPUBLICA	""	""	POR TRÁS DO TEATRO SANTA ISABEL	PRC DA REPUBLICA	""	POR TRÁS DO TEATRO SANTA ISABEL	SANTO ANTÔNIO		""	COLISÃO	SEM VITIMAS	2									0		""	""	""	""	""	""	""	""	""	""	""	""	""
4749	2018-06-04T00:00:00	08:57:00	COM VÍTIMA	FINALIZADA	IMBIRIBEIRA	RUA ITACARI	208	""	E/F A GRIFOR	RUA ITACARI	208	E/F A GRIFOR	IMBIRIBEIRA		""	COLISÃO	COM UMA VÍTIMA JÁ SOCORRIDA PELO SAMU	1	1								1		""	""	""	""	""	""	""	""	""	""	""	""	""
4750	2018-06-04T00:00:00	09:09:00	SEM VÍTIMA	FINALIZADA	COELHOS	RUA DOS COELHOS	""	""	EM FRENTE AO HOSPITAL DO IMIP	RUA DOS COELHOS	""	EM FRENTE AO HOSPITAL DO IMIP	COELHOS		""	COLISÃO	COLISÃO SEM VITIMAS	3									0		""	""	""	""	""	""	""	""	""	""	""	""	""
4751	2018-06-04T00:00:00	09:17:00	SEM VÍTIMA	FINALIZADA	MANGUEIRA	RUA VEREADOR FRANCISCO DE PAULA SANTANA CHICO DA MANOLA	144	""	RUA NA DIAGONAL DO RESTAURANTE BODE DO NÕ	RUA VEREADOR FRANCISCO DE PAULA SANTANA CHICO DA MANOLA	144	RUA NA DIAGONAL DO RESTAURANTE BODE DO NÕ	MANGUEIRA		""	COLISÃO	COM VITIMAS ATENDIDAS NO LOCAL PELO SAMU,CTTU NO LOCAL VT 24		2								0		""	""	""	""	""	""	""	""	""	""	""	""	""
4752	2018-06-04T00:00:00	09:28:00	SEM VÍTIMA	FINALIZADA	SANTO AMARO	RUA MARQUÊS DO POMBAL	""	""	EM FRENTE A FARMACIA DO TRABALHADOR	RUA MARQUÊS DO POMBAL	""	EM FRENTE A FARMACIA DO TRABALHADOR	SANTO AMARO		""	COLISÃO	SEM VITMAS	2									0		""	""	""	""	""	""	""	""	""	""	""	""	""
4753	2018-06-04T00:00:00	09:30:00	COM VÍTIMA	FINALIZADA	IBURA	AV DOIS RIOS	1515	""	NA ENTRADA DO JORDÃO EM FRENTE AO POSTO DE GASOLINA BR	AV DOIS RIOS	1515	NA ENTRADA DO JORDÃO EM FRENTE AO POSTO DE GASOLINA BR	IBURA		""	COLISÃO	COLISÃO COM VITIMA A ESPERA DO SAMU	1	1								1		""	""	""	""	""	""	""	""	""	""	""	""	""
4754	2018-06-04T00:00:00	09:31:00	SEM VÍTIMA	FINALIZADA	IMBIRIBEIRA	RUA JOSE DA SILVA LUCENA	273	""	E/F A LACOMEX, SENTIDO AEROPORTO	RUA JOSE DA SILVA LUCENA	273	E/F A LACOMEX, SENTIDO AEROPORTO	IMBIRIBEIRA		""	COLISÃO	SEM VÍTIMAS	1						1			0		""	""	""	""	""	""	""	""	""	""	""	""	""
4755	2018-06-04T00:00:00	09:41:00	SEM VÍTIMA	FINALIZADA	AREIAS	AV RECIFE	""	""	E/F AO MAKRO, SENTIDO BOA VIAGEM. SEMÁFORO 461	AV RECIFE	""	E/F AO MAKRO, SENTIDO BOA VIAGEM. SEMÁFORO 461	AREIAS		""	COLISÃO	SEM VITIMAS	1						1			0		""	""	""	""	""	""	""	""	""	""	""	""	""
4756	2018-06-04T00:00:00	09:50:00	SEM VÍTIMA	FINALIZADA	IMBIRIBEIRA	RUA ITAJAI	24	""	E/F A ALUTEC.	RUA ITAJAI	24	E/F A ALUTEC.	IMBIRIBEIRA		""	COLISÃO	SEM VÍTIMAS	2									0		""	""	""	""	""	""	""	""	""	""	""	""	""
4757	2018-06-04T00:00:00	09:59:00	SEM VÍTIMA	FINALIZADA	CIDADE UNIVERSITÁRIA	RUA MARECHAL MANOEL LUIS OSORIO	495	""	EM FRENTE AO COLEGIO PONTUAL	RUA MARECHAL MANOEL LUIS OSORIO	495	EM FRENTE AO COLEGIO PONTUAL	CIDADE UNIVERSITÁRIA		""	COLISÃO	COLISÃO SEM VITIMAS	2									0		""	""	""	""	""	""	""	""	""	""	""	""	""
4758	2018-06-04T00:00:00	10:16:00	SEM VÍTIMA	FINALIZADA	BOA VIAGEM	RUA ERNESTO DE PAULA SANTOS	1038	""	EM FRENTE AO EDF PIONEIRO	RUA ERNESTO DE PAULA SANTOS	1038	EM FRENTE AO EDF PIONEIRO	BOA VIAGEM		""	COLISÃO	SEM VITIMAS	1					1				0		""	""	""	""	""	""	""	""	""	""	""	""	""
4759	2018-06-04T00:00:00	10:34:00	SEM VÍTIMA	CANCELADA	BOMBA DO HEMETÉRIO	EST VELHA DE AGUA FRIA	1150	""	EM FRENTE AO MARTELINHO DE OURO	EST VELHA DE AGUA FRIA	1150	EM FRENTE AO MARTELINHO DE OURO	BOMBA DO HEMETÉRIO		""	COLISÃO	COLISÃO SEM VITIMAS	1	1								0		""	""	""	""	""	""	""	""	""	""	""	""	""
4760	2018-06-04T00:00:00	10:43:00	SEM VÍTIMA	FINALIZADA	DERBY	RUA JOAQUIM NABUCO	409	""	EM FRENTE A GALERIA DERBY CENTER	RUA JOAQUIM NABUCO	409	EM FRENTE A GALERIA DERBY CENTER	DERBY		""	COLISÃO	COLISÃO SEM VITIMAS	2									0		""	""	""	""	""	""	""	""	""	""	""	""	""
4761	2018-06-04T00:00:00	11:09:00	SEM VÍTIMA	FINALIZADA	AFOGADOS	LARGO DA PAZ	175	""	SENT/PONTO MOTOCOLOMBO	LARGO DA PAZ	175	SENT/PONTO MOTOCOLOMBO	AFOGADOS		""	COLISÃO	SEM VITIMAS	1					1				0		""	""	""	""	""	""	""	""	""	""	""	""	""
4762	2018-06-04T00:00:00	11:19:00	SEM VÍTIMA	FINALIZADA	BOA VIAGEM	RUA DOS NAVEGANTES	3040	""	EM FRENTE AO EDF FRANCISCO VITA	RUA DOS NAVEGANTES	3040	EM FRENTE AO EDF FRANCISCO VITA	BOA VIAGEM		""	COLISÃO	SEM VITMAS	2									0		""	""	""	""	""	""	""	""	""	""	""	""	""
4763	2018-06-04T00:00:00	11:51:00	SEM VÍTIMA	FINALIZADA	BOA VISTA	RUA DO PRINCIPE	""	RUA DO SOSSEGO	COM RUA DO SOSSEGO ANTES DO QUARTEL DO EXERCITO APOS A CATOLICA	RUA DO PRINCIPE	""	COM RUA DO SOSSEGO ANTES DO QUARTEL DO EXERCITO APOS A CATOLICA	BOA VISTA		""	COLISÃO	COLISAO ENTRE AUTO E MOTO S/V	1	1								0		""	""	""	""	""	""	""	""	""	""	""	""	""
4764	2018-06-04T00:00:00	12:05:00	SEM VÍTIMA	FINALIZADA	AFOGADOS	RUA NICOLAU PEREIRA	354	""	EM FRENTE AO TERMINAL INTEGRADO AFOGADOS	RUA NICOLAU PEREIRA	354	EM FRENTE AO TERMINAL INTEGRADO AFOGADOS	AFOGADOS		""	COLISÃO	COLISÃO SEM VÍTIMA	1						1			0		""	""	""	""	""	""	""	""	""	""	""	""	""
4765	2018-06-04T00:00:00	12:23:00	SEM VÍTIMA	FINALIZADA	AFOGADOS	AV DR JOSE RUFINO	""	""	E/F NA ENTRADA DA MATERNIDADE BANDEIRA FILHO	AV DR JOSE RUFINO	""	E/F NA ENTRADA DA MATERNIDADE BANDEIRA FILHO	AFOGADOS		""	COLISÃO	COLISAO ENTRE DOIS AUTOS S/V	2									0		""	""	""	""	""	""	""	""	""	""	""	""	""
4766	2018-06-04T00:00:00	12:31:00	SEM VÍTIMA	FINALIZADA	BOA VIAGEM	RUA ERNESTO DE PAULA SANTOS	803	""	NA DESCIDA DO TANCREDO NEVES	RUA ERNESTO DE PAULA SANTOS	803	NA DESCIDA DO TANCREDO NEVES	BOA VIAGEM		""	COLISÃO	DOIS AUTOS S/V	2									0		""	""	""	""	""	""	""	""	""	""	""	""	""
4767	2018-06-04T00:00:00	13:58:00	COM VÍTIMA	FINALIZADA	BOMBA DO HEMETÉRIO	RUA BOMBA DO HEMETERIO	225	""	EM FRENTE AO CLUBE ABANADORES DO ARRUDA	RUA BOMBA DO HEMETERIO	225	EM FRENTE AO CLUBE ABANADORES DO ARRUDA	BOMBA DO HEMETÉRIO		""	COLISÃO	COLISÃO COM VÍTIMA	2	1								1		""	""	""	""	""	""	""	""	""	""	""	""	""