_id	DATA	hora	natureza_acidente	situacao	bairro	endereco	numero	detalhe_endereco_acidente	complemento	endereco_cruzamento	numero_cruzamento	referencia_cruzamento	bairro_cruzamento	num_semaforo	sentido_via	tipo	descricao	auto	moto	ciclom	ciclista	pedestre	onibus	caminhao	viatura	outros	vitimas	vitimasfatais	acidente_verificado	tempo_clima	situacao_semaforo	sinalizacao	condicao_via	conservacao_via	ponto_controle	situacao_placa	velocidade_max_via	mao_direcao	divisao_via1	divisao_via2	divisao_via3
4896	2018-06-07T00:00:00	18:53:00	SEM VÍTIMA	FINALIZADA	IPSEP	AV RECIFE	""	""	APÓS A ENTRADA DO IBURA, SNT CAXANGÁ / PRÓX AO MERCADO ECONÔMICO E E/F A DUNLOP PNEUS	AV RECIFE	""	APÓS A ENTRADA DO IBURA, SNT CAXANGÁ / PRÓX AO MERCADO ECONÔMICO E E/F A DUNLOP PNEUS	IPSEP		""	COLISÃO	ENTRE ÕNIBUS E AUTO PASSEIO. S/V	1					1				0		""	""	""	""	""	""	""	""	""	""	""	""	""
4897	2018-06-07T00:00:00	19:00:00	SEM VÍTIMA	CANCELADA	PRADO	AV ENGENHEIRO ABDIAS DE CARVALHO	1830	""	POSTO BR SENTIDO CIDADE UNIVESITARIA ENF A FACULDADE ESTACIO	AV ENGENHEIRO ABDIAS DE CARVALHO	1830	POSTO BR SENTIDO CIDADE UNIVESITARIA ENF A FACULDADE ESTACIO	PRADO		""	COLISÃO	AUTO E MOTO	1	1								0		""	""	""	""	""	""	""	""	""	""	""	""	""
4898	2018-06-07T00:00:00	19:20:00	COM VÍTIMA	FINALIZADA	TEJIPIÓ	RUA FALCAO DE LACERDA	""	""	ENF A PRC DE TEJIPIO SEMAFORO 285	RUA FALCAO DE LACERDA	""	ENF A PRC DE TEJIPIO SEMAFORO 285	TEJIPIÓ		""	COLISÃO	MOTO X AUTO	1	1								1		""	""	""	""	""	""	""	""	""	""	""	""	""
4899	2018-06-07T00:00:00	20:04:00	SEM VÍTIMA	CANCELADA	ÁGUA FRIA	AV BEBERIBE	2132	""	E/F AO MERCADO DE ÁGUA FRIA, SNT SUB	AV BEBERIBE	2132	E/F AO MERCADO DE ÁGUA FRIA, SNT SUB	ÁGUA FRIA		""	COLISÃO	"
ENTRE AUTO E MOTO. S/V"	1	1								0		""	""	""	""	""	""	""	""	""	""	""	""	""
4900	2018-06-07T00:00:00	20:04:00	SEM VÍTIMA	FINALIZADA	IPSEP	AV RECIFE	1620	""	ENF AO SUPERMERCADO ECONOMICO SENTIDO AEROPORTO	AV RECIFE	1620	ENF AO SUPERMERCADO ECONOMICO SENTIDO AEROPORTO	IPSEP		""	COLISÃO	DOIS AUTO	2									0		""	""	""	""	""	""	""	""	""	""	""	""	""
4901	2018-06-07T00:00:00	20:12:00	COM VÍTIMA	FINALIZADA	AFOGADOS	RUA VINTE E UM DE ABRIL	""	""	ENFR AO RESTAURANTE ARRETADO DE BOM	RUA VINTE E UM DE ABRIL	""	ENFR AO RESTAURANTE ARRETADO DE BOM	AFOGADOS		""	COLISÃO	AUTO E MOTO	1	1								1		""	""	""	""	""	""	""	""	""	""	""	""	""
4902	2018-06-08T00:00:00	06:40:00	COM VÍTIMA	FINALIZADA	ARRUDA	AV PROFESSOR JOSE DOS ANJOS	818	RUA GERONIMO VILELA	50 METROS APÓS O CRUZAMENTO COM A RUA GERONIMO VILELA,SENT/PEIXINHOS	AV PROFESSOR JOSE DOS ANJOS	818	50 METROS APÓS O CRUZAMENTO COM A RUA GERONIMO VILELA,SENT/PEIXINHOS	ARRUDA		""	ATROPELAMENTO	COM UMA VITIMA, SOCORRIDA PELO SAMU	1				1					1		""	""	""	""	""	""	""	""	""	""	""	""	""
4903	2018-06-08T00:00:00	06:46:00	SEM VÍTIMA	FINALIZADA	CAXANGÁ	AV CAXANGA	""	""	AO LADO DA UPA SENT CIDADE	AV CAXANGA	""	AO LADO DA UPA SENT CIDADE	CAXANGÁ		""	COLISÃO	ONIBUS E AUTO PASSEIO	1					1				0		""	""	""	""	""	""	""	""	""	""	""	""	""
4904	2018-06-08T00:00:00	07:16:00	COM VÍTIMA	FINALIZADA	CAXANGÁ	RUA RIBEIRO PESSOA	125	""	EM FRENTE AO HOTEL TURQUESA	RUA RIBEIRO PESSOA	125	EM FRENTE AO HOTEL TURQUESA	CAXANGÁ		""	COLISÃO	COM VÍTIMA -	1	1								1		""	""	""	""	""	""	""	""	""	""	""	""	""
4905	2018-06-08T00:00:00	07:39:00	SEM VÍTIMA	CANCELADA	GRAÇAS	RUA JOAQUIM NABUCO	""	""	EM FRENTE AO HEMOPE	RUA JOAQUIM NABUCO	""	EM FRENTE AO HEMOPE	GRAÇAS		""	COLISÃO	COLISÃO SEM VITIMAS	2									0		""	""	""	""	""	""	""	""	""	""	""	""	""
4906	2018-06-08T00:00:00	07:56:00	SEM VÍTIMA	CANCELADA	CIDADE UNIVERSITÁRIA	RUA PROFESSOR ANTONIO COELHO	494	""	EM FRENTE AO EDIFICIO LUIZ HENRIQUE	RUA PROFESSOR ANTONIO COELHO	494	EM FRENTE AO EDIFICIO LUIZ HENRIQUE	CIDADE UNIVERSITÁRIA		""	COLISÃO	COLISÃO SEM VITIMAS	2									0		""	""	""	""	""	""	""	""	""	""	""	""	""
4907	2018-06-08T00:00:00	08:36:00	SEM VÍTIMA	FINALIZADA	ESPINHEIRO	RUA QUARENTA E OITO	""	RUA CONSELHEIRO PORTELA	CRUZ COM A CONSELHEIRO PORTELA	RUA QUARENTA E OITO	""	CRUZ COM A CONSELHEIRO PORTELA	ESPINHEIRO		""	COLISÃO	COLISÃO SEM VITIMAS GM QTH	1					1				0		""	""	""	""	""	""	""	""	""	""	""	""	""
4908	2018-06-08T00:00:00	08:48:00	SEM VÍTIMA	CANCELADA	IBURA	AV DOIS RIOS	716	""	E/F A BIKLING, SEMÁFORO 325. SENTIDO AV RECIFE	AV DOIS RIOS	716	E/F A BIKLING, SEMÁFORO 325. SENTIDO AV RECIFE	IBURA		""	COLISÃO	SEM VÍTIMAs	1						1			0		""	""	""	""	""	""	""	""	""	""	""	""	""
4909	2018-06-08T00:00:00	09:08:00	SEM VÍTIMA	FINALIZADA	TORRE	AV BEIRA RIO	1035	""	E/F A QUADRA DE ESPORTES DO COLÉGIO EQUIPE	AV BEIRA RIO	1035	E/F A QUADRA DE ESPORTES DO COLÉGIO EQUIPE	TORRE		""	COLISÃO	SEM VÍTIMAS	1					1				0		""	""	""	""	""	""	""	""	""	""	""	""	""
4910	2018-06-08T00:00:00	09:35:00	SEM VÍTIMA	FINALIZADA	CAXANGÁ	AV JOAQUIM RIBEIRO	""	""	PRÓXIMO A UPA DA CAXANGÁ, SENTIDO DOIS IRMÃOS	AV JOAQUIM RIBEIRO	""	PRÓXIMO A UPA DA CAXANGÁ, SENTIDO DOIS IRMÃOS	CAXANGÁ		""	COLISÃO	APOIO SOLICITADO PELO INSPETOR CTTU NO LOCAL	1						1			0		""	""	""	""	""	""	""	""	""	""	""	""	""
4911	2018-06-08T00:00:00	10:10:00	SEM VÍTIMA	FINALIZADA	SÃO JOSÉ	PRC FREI CANECA	""	""	E/F AO FORTE DAS CINCO PONTAS, ANTES DO SEMÁFORO 072	PRC FREI CANECA	""	E/F AO FORTE DAS CINCO PONTAS, ANTES DO SEMÁFORO 072	SÃO JOSÉ		""	COLISÃO	SEM VÍTIMAS		1				1				0		""	""	""	""	""	""	""	""	""	""	""	""	""
4912	2018-06-08T00:00:00	10:17:00	COM VÍTIMA	FINALIZADA	BOA VISTA	AV CONDE DA BOA VISTA	""	""	E/F AO SANTANDER E FAFIRE	AV CONDE DA BOA VISTA	""	E/F AO SANTANDER E FAFIRE	BOA VISTA		""	COLISÃO	ÔNIBUS EMPRESA X FIAT UNO	1					1				1		""	""	""	""	""	""	""	""	""	""	""	""	""
4913	2018-06-08T00:00:00	10:30:00	SEM VÍTIMA	FINALIZADA	IPUTINGA	EST DO BARBALHO	111	""	EM FRENTE A SUPRANOR E AO LADO DO WALMART	EST DO BARBALHO	111	EM FRENTE A SUPRANOR E AO LADO DO WALMART	IPUTINGA		""	COLISÃO	SEM VITIMAS	2									0		""	""	""	""	""	""	""	""	""	""	""	""	""
4914	2018-06-08T00:00:00	10:39:00	SEM VÍTIMA	FINALIZADA	AFOGADOS	RUA JOAQUIM DE VASCONCELOS PEREIRA	330	""	AO LADO DA LOJA REI DO LAR	RUA JOAQUIM DE VASCONCELOS PEREIRA	330	AO LADO DA LOJA REI DO LAR	AFOGADOS		""	COLISÃO	SEM VITIMAS	1	1								0		""	""	""	""	""	""	""	""	""	""	""	""	""
4915	2018-06-08T00:00:00	11:00:00	SEM VÍTIMA	FINALIZADA	CASA AMARELA	RUA OSCAR PINTO	300	""	SENTIDO SUBURBIO AO LADO DA PADARIA E PASTELARIA BELA VISTA	RUA OSCAR PINTO	300	SENTIDO SUBURBIO AO LADO DA PADARIA E PASTELARIA BELA VISTA	CASA AMARELA		""	COLISÃO	COLISÃO SEM VITIMAS	2									0		""	""	""	""	""	""	""	""	""	""	""	""	""
4916	2018-06-08T00:00:00	11:16:00	SEM VÍTIMA	FINALIZADA	CABANGA	AV SUL	""	""	SEMAFORO 260 // SENT CIDADE	AV SUL	""	SEMAFORO 260 // SENT CIDADE	CABANGA		""	COLISÃO	DOIS AUTOS E UM CAMINHAO	2						1			0		""	""	""	""	""	""	""	""	""	""	""	""	""
4917	2018-06-08T00:00:00	11:20:00	SEM VÍTIMA	FINALIZADA	TORRÕES	AV ENGENHEIRO ABDIAS DE CARVALHO	""	""	SENTIDO CURADO APOS A UPA EM FRENTE A SOS AUTO PEÇAS	AV ENGENHEIRO ABDIAS DE CARVALHO	""	SENTIDO CURADO APOS A UPA EM FRENTE A SOS AUTO PEÇAS	TORRÕES		""	COLISÃO	COLISÃO SEM VITIMAS	2									0		""	""	""	""	""	""	""	""	""	""	""	""	""
4918	2018-06-08T00:00:00	12:13:00	SEM VÍTIMA	FINALIZADA	ESPINHEIRO	RUA CONS PORTELA	""	""	E/F AO SALÃO LA BELLE KIDS	RUA CONS PORTELA	""	E/F AO SALÃO LA BELLE KIDS	ESPINHEIRO		""	COLISÃO	COLISAO ENTRE ONIBUS E AUTO S/V	1					1				0		""	""	""	""	""	""	""	""	""	""	""	""	""
4919	2018-06-08T00:00:00	12:17:00	SEM VÍTIMA	FINALIZADA	VÁRZEA	AV CAXANGA	5693	""	EM FRENTE AO RESIDENCIAL CAXANGA/ SENTIDO CAMARAGIBE	AV CAXANGA	5693	EM FRENTE AO RESIDENCIAL CAXANGA/ SENTIDO CAMARAGIBE	VÁRZEA		""	COLISÃO	COLISÃO SEM VÍTIMA	1					1				0		""	""	""	""	""	""	""	""	""	""	""	""	""
4920	2018-06-08T00:00:00	12:44:00	SEM VÍTIMA	CANCELADA	BOA VIAGEM	RUA ANTONIO FALCAO	420	""	PROX A ENTRADA DO CARREFOUR	RUA ANTONIO FALCAO	420	PROX A ENTRADA DO CARREFOUR	BOA VIAGEM		""	COLISÃO	COLISAO ENTRE DOIS E AUTO S/V	2									0		""	""	""	""	""	""	""	""	""	""	""	""	""
4921	2018-06-08T00:00:00	13:03:00	SEM VÍTIMA	FINALIZADA	SANTO AMARO	AV MARIO MELO	""	""	EM FRENTE AO COLEGIO ESTADUAL SILVIO RABELO	AV MARIO MELO	""	EM FRENTE AO COLEGIO ESTADUAL SILVIO RABELO	SANTO AMARO		""	COLISÃO	AUTO E MOTO	1		1							0		""	""	""	""	""	""	""	""	""	""	""	""	""
4922	2018-06-08T00:00:00	13:08:00	COM VÍTIMA	FINALIZADA	TAMARINEIRA	RUA DR JOSE MARIA	981	""	EM FRENTE AO PORTAL DA PICANHA	RUA DR JOSE MARIA	981	EM FRENTE AO PORTAL DA PICANHA	TAMARINEIRA		""	ATROPELAMENTO	AUTO E PEDESTRE	1				1					1		""	""	""	""	""	""	""	""	""	""	""	""	""
4923	2018-06-08T00:00:00	13:17:00	COM VÍTIMA	FINALIZADA	IPSEP	RUA PROFESSOR JOSE VICENTE	""	""	AO LADO DA IGREJA CATOLICA	RUA PROFESSOR JOSE VICENTE	""	AO LADO DA IGREJA CATOLICA	IPSEP		""	COLISÃO	COLISAO ENTRE MOTO E AUTO COM UMA VITIMA	1	1								1		""	""	""	""	""	""	""	""	""	""	""	""	""
4924	2018-06-08T00:00:00	13:22:00	SEM VÍTIMA	FINALIZADA	CASA AMARELA	RUA OSCAR DE BARROS	253	RUA CONSELHEIRO PERETI	CRUZAMENTO COM A RUA CONSELHEIRO PERETTI	RUA OSCAR DE BARROS	253	CRUZAMENTO COM A RUA CONSELHEIRO PERETTI	CASA AMARELA		""	COLISÃO	COLISÃO SEM VÍTIMA	1						1			0		""	""	""	""	""	""	""	""	""	""	""	""	""
4925	2018-06-08T00:00:00	13:27:00	SEM VÍTIMA	FINALIZADA	NOVA DESCOBERTA	RUA NOVA DESCOBERTA	47	""	NO LARGO DE DONA REGINA	RUA NOVA DESCOBERTA	47	NO LARGO DE DONA REGINA	NOVA DESCOBERTA		""	COLISÃO	AUTO E ONIBUS 	1					1				0		""	""	""	""	""	""	""	""	""	""	""	""	""
4926	2018-06-08T00:00:00	14:17:00	COM VÍTIMA	FINALIZADA	TAMARINEIRA	AV NORTE	4084	RUA CONEGO BARATA	COM A CONEGO BARATA PROX AO NEXOS HOTEL	AV NORTE	4084	COM A CONEGO BARATA PROX AO NEXOS HOTEL	TAMARINEIRA		""	COLISÃO	COLISAO ENTRE AUTO E MOTO COM UMA TIMA	1	1								1		""	""	""	""	""	""	""	""	""	""	""	""	""
4927	2018-06-08T00:00:00	14:29:00	COM VÍTIMA	FINALIZADA	APIPUCOS	RUA DE APIPUCOS	""	""	PRÓXIMO AO POSTO BR	RUA DE APIPUCOS	""	PRÓXIMO AO POSTO BR	APIPUCOS		""	COLISÃO	COLISÃO COM VÍTIMA, ENVOLVENDO MOTO E KOMBI	1	1								1		""	""	""	""	""	""	""	""	""	""	""	""	""
4928	2018-06-08T00:00:00	15:07:00	SEM VÍTIMA	CANCELADA	SANTO ANTÔNIO	C SANTA RITA	""	""	AO LADO DO ARMAZEM E/F A TORE GEMEAS	C SANTA RITA	""	AO LADO DO ARMAZEM E/F A TORE GEMEAS	SANTO ANTÔNIO		""	COLISÃO	COLISAO ENTRE DOIS AUTOS S/V	2									0		""	""	""	""	""	""	""	""	""	""	""	""	""
4929	2018-06-08T00:00:00	15:23:00	SEM VÍTIMA	FINALIZADA	IMBIRIBEIRA	AV MARECHAL MASCARENHAS DE MORAES	""	""	PROXIMO AO SEMÁFORO 310/ SENTIDO CENTRO	AV MARECHAL MASCARENHAS DE MORAES	""	PROXIMO AO SEMÁFORO 310/ SENTIDO CENTRO	IMBIRIBEIRA		""	COLISÃO	COLISÃO SEM VÍTIMA	1						1			0		""	""	""	""	""	""	""	""	""	""	""	""	""
4930	2018-06-08T00:00:00	15:36:00	SEM VÍTIMA	FINALIZADA	IPSEP	RUA ITANAGE	183	""	POR TRÁS DO SUPERMERCADO STYLLUS	RUA ITANAGE	183	POR TRÁS DO SUPERMERCADO STYLLUS	IPSEP		""	COLISÃO	COLISÃO SEM VÍTIMA / PORÉM UMA DAS PARTES TENTOU SE EVADIR DO LOCAL E FOI INTERCEPTADO PELA POPULAÇÃO E O USUARIO INFORMA QUE O CONDUTOR DO CAMINHÃO ESTA COM SINTOMAS DE EMBRIAGUEZ E O MESMO TAMBÉM FOI ORIENTADO A ACIONAR A POLICIA	1						1			0		""	""	""	""	""	""	""	""	""	""	""	""	""
4931	2018-06-08T00:00:00	15:47:00	SEM VÍTIMA	FINALIZADA	IMBIRIBEIRA	AV MARECHAL MASCARENHAS DE MORAES	""	""	ESQUINA DO ATACADAO DOS PRESENTES	AV MARECHAL MASCARENHAS DE MORAES	""	ESQUINA DO ATACADAO DOS PRESENTES	IMBIRIBEIRA		""	COLISÃO	AUTO E CAMINHAO	1						1			0		""	""	""	""	""	""	""	""	""	""	""	""	""
4932	2018-06-08T00:00:00	17:10:00	SEM VÍTIMA	FINALIZADA	DOIS IRMÃOS	RUA DOIS IRMAOS	""	""	EM FRENTE AO LAFEPE	RUA DOIS IRMAOS	""	EM FRENTE AO LAFEPE	DOIS IRMÃOS		""	COLISÃO	AUTO E CAMINHAO	1						1			0		""	""	""	""	""	""	""	""	""	""	""	""	""
4933	2018-06-08T00:00:00	17:21:00	VÍTIMA FATAL	FINALIZADA	CABANGA	VIADUTO CAPITAO TEMUDO	""	""	NA SUBIDA DO VIADUTO NO SENTIDO CIDADE	VIADUTO CAPITAO TEMUDO	""	NA SUBIDA DO VIADUTO NO SENTIDO CIDADE	CABANGA		""	COLISÃO	COLISÃO ENTRE MOTO E ÔNIBUS, COM VÍTIMA FATAL.		1				1				1	1	""	""	""	""	""	""	""	""	""	""	""	""	""
4934	2018-06-08T00:00:00	17:27:00	COM VÍTIMA	EQUIPE EM DESLOCAMENTO	BOA VIAGEM	RUA GENERAL SALGADO	""	RUA SA E SOUZA	ESQUINA COM RUA SA E SOUZA, AO LADO DA ACADEMIA MAIZA	RUA GENERAL SALGADO	""	ESQUINA COM RUA SA E SOUZA, AO LADO DA ACADEMIA MAIZA	BOA VIAGEM		""	COLISÃO	AUTO E MOTO	1	1								1		""	""	""	""	""	""	""	""	""	""	""	""	""
4935	2018-06-08T00:00:00	17:32:00	SEM VÍTIMA	FINALIZADA	CAMPO GRANDE	AV GOVERNADOR AGAMENON MAGALHAES	""	RUA ODORICO MENDES	COM A RUA ODORICO MENDES NO SEMAFORO 049	AV GOVERNADOR AGAMENON MAGALHAES	""	COM A RUA ODORICO MENDES NO SEMAFORO 049	CAMPO GRANDE		""	COLISÃO	COLISAO NTRE AUTO E MOTO S/V	1	1								0		""	""	""	""	""	""	""	""	""	""	""	""	""
4936	2018-06-08T00:00:00	17:45:00	SEM VÍTIMA	FINALIZADA	AFOGADOS	RUA DA PAZ	""	RUA NICOLAU PEREIRA	ESQUINA COM A NICOLAU PEREIRA, EM FRNTE A CAIXA ECONOMICA	RUA DA PAZ	""	ESQUINA COM A NICOLAU PEREIRA, EM FRNTE A CAIXA ECONOMICA	AFOGADOS		""	COLISÃO	AUTO E CAMINHAO	1						1			0		""	""	""	""	""	""	""	""	""	""	""	""	""
4937	2018-06-08T00:00:00	18:34:00	SEM VÍTIMA	CANCELADA	MADALENA	AV BEIRA RIO	80	""	AO LADO DA UNIAO DOS VERIADORES DE PE	AV BEIRA RIO	80	AO LADO DA UNIAO DOS VERIADORES DE PE	MADALENA		""	COLISÃO	HB 20 X ONIX	2									0		""	""	""	""	""	""	""	""	""	""	""	""	""
4938	2018-06-08T00:00:00	18:58:00	SEM VÍTIMA	FINALIZADA	BOA VIAGEM	AV CONSELHEIRO AGUIAR	1998	""	ENF SOVETERIA 50 SABORES E PAO DE AÇUCAR	AV CONSELHEIRO AGUIAR	1998	ENF SOVETERIA 50 SABORES E PAO DE AÇUCAR	BOA VIAGEM		""	COLISÃO	CAMINHAO BAU X AUTO	1						1			0		""	""	""	""	""	""	""	""	""	""	""	""	""
4939	2018-06-08T00:00:00	22:01:00	SEM VÍTIMA	FINALIZADA	DERBY	PRC DO DERBY	""	""	PRC DO DERBY / AO LADO DO BANCO BRADESCO	PRC DO DERBY	""	PRC DO DERBY / AO LADO DO BANCO BRADESCO	DERBY		""	COLISÃO	ENTRE AUTO E ÕNIBUS, S/V	1					1				0		""	""	""	""	""	""	""	""	""	""	""	""	""
4940	2018-06-09T00:00:00	05:44:00	COM VÍTIMA	FINALIZADA	ESPINHEIRO	RUA QUARENTA E OITO	160	RUA DO ESPINHEIRO	CRUZAMENTO COM RUA DO ESPINHEIRO // EM FRENTE A PADARIA ESPINHEIRO	RUA QUARENTA E OITO	160	CRUZAMENTO COM RUA DO ESPINHEIRO // EM FRENTE A PADARIA ESPINHEIRO	ESPINHEIRO		""	COLISÃO	COLISÃO ENVOLVENDO TRÊS VEÍCULOS, SEM VÍTIMAS	3									2		""	""	""	""	""	""	""	""	""	""	""	""	""
4941	2018-06-09T00:00:00	06:57:00	COM VÍTIMA	FINALIZADA	DERBY	PRC DO DERBY	S/N	""	""	PRC DO DERBY	S/N	""	DERBY		""	ATROPELAMENTO	""	1				1					1		""	""	""	""	""	""	""	""	""	""	""	""	""
4942	2018-06-09T00:00:00	08:28:00	SEM VÍTIMA	CANCELADA	DERBY	AV GOVERNADOR AGAMENON MAGALHAES	""	""	NA PISTA LOCAL, E/F AO HR. SENTIDO BOA VIAGEM	AV GOVERNADOR AGAMENON MAGALHAES	""	NA PISTA LOCAL, E/F AO HR. SENTIDO BOA VIAGEM	DERBY		""	COLISÃO	SEM VÍTIMAS	2									0		""	""	""	""	""	""	""	""	""	""	""	""	""
4943	2018-06-09T00:00:00	08:53:00	COM VÍTIMA	FINALIZADA	AFOGADOS	RUA VINTE E UM DE ABRIL	3474	""	EM FRENTE AO ARMAZEM BEZERRA	RUA VINTE E UM DE ABRIL	3474	EM FRENTE AO ARMAZEM BEZERRA	AFOGADOS		""	COLISÃO	COM UMA VITIMA AGUARDANDO SAMU	1	1								1		""	""	""	""	""	""	""	""	""	""	""	""	""
4944	2018-06-09T00:00:00	09:23:00	SEM VÍTIMA	FINALIZADA	CAXANGÁ	AV CAXANGA	""	""	EM FRENTE AO PERNAMBUCO DA SORTE, SENTIDO CENTRO	AV CAXANGA	""	EM FRENTE AO PERNAMBUCO DA SORTE, SENTIDO CENTRO	CAXANGÁ		""	COLISÃO	DOIS AUTOS S/V	2									0		""	""	""	""	""	""	""	""	""	""	""	""	""
4945	2018-06-09T00:00:00	10:56:00	SEM VÍTIMA	FINALIZADA	PRADO	AV ENGENHEIRO ABDIAS DE CARVALHO	""	""	EM FRENTE A FACULDADE ESTACIO	AV ENGENHEIRO ABDIAS DE CARVALHO	""	EM FRENTE A FACULDADE ESTACIO	PRADO		""	COLISÃO	COLISÃO SEM VITIMA										0		""	""	""	""	""	""	""	""	""	""	""	""	""
4946	2018-06-09T00:00:00	11:32:00	SEM VÍTIMA	FINALIZADA	IMBIRIBEIRA	AV MARECHAL MASCARENHAS DE MORAES	6997	""	EM FRENTE A MADEREIRA SENT/ AEROPORTO	AV MARECHAL MASCARENHAS DE MORAES	6997	EM FRENTE A MADEREIRA SENT/ AEROPORTO	IMBIRIBEIRA		""	COLISÃO	SEM VITIMAS	2									0		""	""	""	""	""	""	""	""	""	""	""	""	""
4947	2018-06-09T00:00:00	11:55:00	SEM VÍTIMA	FINALIZADA	PINA	AV HERCULANO BANDEIRA	570	""	EM FRENTE AO INSS, APOS A CAIXA ECONOMICA, SENTIDO BOA VIAGEM	AV HERCULANO BANDEIRA	570	EM FRENTE AO INSS, APOS A CAIXA ECONOMICA, SENTIDO BOA VIAGEM	PINA		""	COLISÃO	MOTO E ONIBUS 	1	1								0		""	""	""	""	""	""	""	""	""	""	""	""	""
4948	2018-06-09T00:00:00	12:10:00	SEM VÍTIMA	FINALIZADA	BEBERIBE	AV BEBERIBE	""	RUA DALVA DE OLIVEIRA	CRUZ COM A RUA DALVA DE OLIVEIRA EM FRENTE AO BAR DALVA DE OLIVEIRA	AV BEBERIBE	""	CRUZ COM A RUA DALVA DE OLIVEIRA EM FRENTE AO BAR DALVA DE OLIVEIRA	BEBERIBE		""	COLISÃO	COLISÃO SEM VITIMAS VT 31 QTH										0		""	""	""	""	""	""	""	""	""	""	""	""	""
4949	2018-06-09T00:00:00	12:28:00	SEM VÍTIMA	FINALIZADA	ÁGUA FRIA	RUA SAO BENTO	299	""	AO LADO DO PÓSTO DE GASOLINA NORTE BRAS SENTIDO BEBERIBE EM FRENTE A UM DEPOSITO DE BEBIDAS	RUA SAO BENTO	299	AO LADO DO PÓSTO DE GASOLINA NORTE BRAS SENTIDO BEBERIBE EM FRENTE A UM DEPOSITO DE BEBIDAS	ÁGUA FRIA		""	COLISÃO	COLISÃO SEM VITIMAS	1					1				0		""	""	""	""	""	""	""	""	""	""	""	""	""
4950	2018-06-09T00:00:00	12:56:00	COM VÍTIMA	FINALIZADA	ARRUDA	RUA DO MACHADO	""	RUA DO TRIUNFO	CRUZ COM A RUA DO TRIUNFO POR TRAS DO CAMPO DO SANTA CRUZ	RUA DO MACHADO	""	CRUZ COM A RUA DO TRIUNFO POR TRAS DO CAMPO DO SANTA CRUZ	ARRUDA		""	ATROPELAMENTO	COLISÃO EM SEGUIDA DE UM ATROPELAMNETO	2				1					1		""	""	""	""	""	""	""	""	""	""	""	""	""
4951	2018-06-09T00:00:00	13:29:00	SEM VÍTIMA	CANCELADA	AFOGADOS	LARGO DA PAZ	""	""	EM FRENTE AO TERMINAL INTEGRADO LARGO DA PAZ	LARGO DA PAZ	""	EM FRENTE AO TERMINAL INTEGRADO LARGO DA PAZ	AFOGADOS		""	COLISÃO	COLISÃO SEM VITIMAS	2									0		""	""	""	""	""	""	""	""	""	""	""	""	""
4952	2018-06-09T00:00:00	13:29:00	SEM VÍTIMA	FINALIZADA	BOA VIAGEM	AV CONSELHEIRO AGUIAR	4887	""	PROX AO WALMART	AV CONSELHEIRO AGUIAR	4887	PROX AO WALMART	BOA VIAGEM		""	COLISÃO	COLISAO ENTRE ONIBUS E AUTO S/V	1					1				0		""	""	""	""	""	""	""	""	""	""	""	""	""
4953	2018-06-09T00:00:00	14:30:00	COM VÍTIMA	FINALIZADA	ÁGUA FRIA	AV ANIBAL BENEVOLO	285	""	NO TERMINAL DO ALTO SANTA TEREZINHA	AV ANIBAL BENEVOLO	285	NO TERMINAL DO ALTO SANTA TEREZINHA	ÁGUA FRIA		""	COLISÃO	AUTO E MOTO CV	1	1								1		""	""	""	""	""	""	""	""	""	""	""	""	""
4954	2018-06-09T00:00:00	14:37:00	SEM VÍTIMA	FINALIZADA	IBURA	AV RECIFE	""	""	E/F AO POSTO IPIRANGA S/T BOA VIAGEM	AV RECIFE	""	E/F AO POSTO IPIRANGA S/T BOA VIAGEM	IBURA		""	COLISÃO	COLISAO ENTRE DOIS AUTO S/V	2									0		""	""	""	""	""	""	""	""	""	""	""	""	""
4955	2018-06-09T00:00:00	14:38:00	SEM VÍTIMA	CANCELADA	AFOGADOS	RUA SAO MIGUEL	""	""	EM BAIXO DO SEMAFORO 333 EM FRENTE A FACULDADE IPESO	RUA SAO MIGUEL	""	EM BAIXO DO SEMAFORO 333 EM FRENTE A FACULDADE IPESO	AFOGADOS		""	COLISÃO	COLISÃO SEM VITIMAS	1					1				0		""	""	""	""	""	""	""	""	""	""	""	""	""
4956	2018-06-09T00:00:00	14:41:00	SEM VÍTIMA	FINALIZADA	IMBIRIBEIRA	AV MARECHAL MASCARENHAS DE MORAES	2809	""	EM FRENTE A CASA DAS BATERIAS, SENTIDO AEROPORTO	AV MARECHAL MASCARENHAS DE MORAES	2809	EM FRENTE A CASA DAS BATERIAS, SENTIDO AEROPORTO	IMBIRIBEIRA		""	COLISÃO	AUTO E CAMINHAO	1						1			0		""	""	""	""	""	""	""	""	""	""	""	""	""
4957	2018-06-09T00:00:00	15:56:00	SEM VÍTIMA	FINALIZADA	ESPINHEIRO	RUA QUARENTA E OITO	443	""	E/F A FARMACIA PERMANENTE	RUA QUARENTA E OITO	443	E/F A FARMACIA PERMANENTE	ESPINHEIRO		""	COLISÃO	COLISAO ENTRE AUTO E ONIBUS S/V	1					1				0		""	""	""	""	""	""	""	""	""	""	""	""	""
4958	2018-06-09T00:00:00	18:48:00	COM VÍTIMA	CANCELADA	GRAÇAS	AV RUI BARBOSA	""	""	E/F A BODEGA DO ''VÉIO'' E NAS PROXIMIDADES DA PIZZARIA ATLÂNTICO	AV RUI BARBOSA	""	E/F A BODEGA DO ''VÉIO'' E NAS PROXIMIDADES DA PIZZARIA ATLÂNTICO	GRAÇAS		""	COLISÃO	ENTRE AUTO E MOTO. C/V	1	1								1		""	""	""	""	""	""	""	""	""	""	""	""	""
4959	2018-06-09T00:00:00	19:00:00	COM VÍTIMA	FINALIZADA	IPUTINGA	RUA SAO MATEUS	""	""	ENF AO CONDOMINIO JARDIM FLORENÇA E A OS CORREIOS SENTIDO DETRAN	RUA SAO MATEUS	""	ENF AO CONDOMINIO JARDIM FLORENÇA E A OS CORREIOS SENTIDO DETRAN	IPUTINGA		""	COLISÃO	AUTO E MOTO	1	1								2		""	""	""	""	""	""	""	""	""	""	""	""	""