_id	DATA	hora	natureza_acidente	situacao	bairro	endereco	numero	detalhe_endereco_acidente	complemento	endereco_cruzamento	numero_cruzamento	referencia_cruzamento	bairro_cruzamento	num_semaforo	sentido_via	tipo	descricao	auto	moto	ciclom	ciclista	pedestre	onibus	caminhao	viatura	outros	vitimas	vitimasfatais	acidente_verificado	tempo_clima	situacao_semaforo	sinalizacao	condicao_via	conservacao_via	ponto_controle	situacao_placa	velocidade_max_via	mao_direcao	divisao_via1	divisao_via2	divisao_via3
5214	2018-06-18T00:00:00	10:40:00	SEM VÍTIMA	FINALIZADA	SANTO AMARO	AV GOVERNADOR AGAMENON MAGALHAES	""	""	NA PISTRA PRINCIPAL E/F AO MINISTÉRIO DO TRABALHO, SENTIDO OLINDA	AV GOVERNADOR AGAMENON MAGALHAES	""	NA PISTRA PRINCIPAL E/F AO MINISTÉRIO DO TRABALHO, SENTIDO OLINDA	SANTO AMARO		""	COLISÃO	SEM VÍTIMAS.	1						1			0		""	""	""	""	""	""	""	""	""	""	""	""	""
5215	2018-06-18T00:00:00	10:43:00	COM VÍTIMA	FINALIZADA	BOA VIAGEM	RUA ERNESTO DE PAULA SANTOS	""	""	PROX A FACULDADE MAURICIO DE NASSAU EM FRENTE AO POSTO DE GASOLINA BR	RUA ERNESTO DE PAULA SANTOS	""	PROX A FACULDADE MAURICIO DE NASSAU EM FRENTE AO POSTO DE GASOLINA BR	BOA VIAGEM		""	COLISÃO	COLISÃO COM VITIMA A ESPERA DO SAMU	1	1								1		""	""	""	""	""	""	""	""	""	""	""	""	""
5216	2018-06-18T00:00:00	10:45:00	SEM VÍTIMA	FINALIZADA	ALTO JOSÉ BONIFÁCIO	RUA ALTO JOSE BONIFACIO	""	""	PROX DO ARMAZEM DO VEREADOR ALMIR FERNANDO / PROX AO TERMINAL ALTO JOSE BONIFACIL	RUA ALTO JOSE BONIFACIO	""	PROX DO ARMAZEM DO VEREADOR ALMIR FERNANDO / PROX AO TERMINAL ALTO JOSE BONIFACIL	ALTO JOSÉ BONIFÁCIO		""	COLISÃO	ONIBUS E CAMINHAO DE COLETA						1	1			0		""	""	""	""	""	""	""	""	""	""	""	""	""
5217	2018-06-18T00:00:00	10:57:00	COM VÍTIMA	FINALIZADA	IPUTINGA	AV CAXANGA	""	EST DO BARBALHO	COM ESTRADA DO BARBALHO, SEMÁFORO 533, SENTIDO CIDADE.	AV CAXANGA	""	COM ESTRADA DO BARBALHO, SEMÁFORO 533, SENTIDO CIDADE.	IPUTINGA		""	COLISÃO	COLISÃO COM VÍTIMA, ENVOLVENDO 2 MOTOCICLETAS.		2								1		""	""	""	""	""	""	""	""	""	""	""	""	""
5218	2018-06-18T00:00:00	11:06:00	SEM VÍTIMA	FINALIZADA	AFLITOS	RUA CONFEDERACAO DO EQUADOR	""	""	E/F AO HOSPITAL DOS SERVIDORES. SEMÁFORO 309	RUA CONFEDERACAO DO EQUADOR	""	E/F AO HOSPITAL DOS SERVIDORES. SEMÁFORO 309	AFLITOS		""	COLISÃO	SEM VÍTIMAS.	2									0		""	""	""	""	""	""	""	""	""	""	""	""	""
5219	2018-06-18T00:00:00	11:10:00	SEM VÍTIMA	CANCELADA	ILHA DO LEITE	1SB BARAO DE CAMAQUA	""	""	ENTRE O HOSPITAL HOPE E ESPERANÇA	1SB BARAO DE CAMAQUA	""	ENTRE O HOSPITAL HOPE E ESPERANÇA	ILHA DO LEITE		""	COLISÃO	CAMINHÃO E AUTO	1						1			0		""	""	""	""	""	""	""	""	""	""	""	""	""
5220	2018-06-18T00:00:00	11:10:00	SEM VÍTIMA	FINALIZADA	CAXANGÁ	RUA CAXANGA AGAPE	""	""	SENTIDO CIDADE AO LADO DA CONCESSIONARIA ITALIANA	RUA CAXANGA AGAPE	""	SENTIDO CIDADE AO LADO DA CONCESSIONARIA ITALIANA	CAXANGÁ		""	COLISÃO	COLISÃO SEM VITIMAS	2									0		""	""	""	""	""	""	""	""	""	""	""	""	""
5221	2018-06-18T00:00:00	11:14:00	SEM VÍTIMA	FINALIZADA	CASA AMARELA	RUA CONS PERETTI	115	""	E/F A RESIDENCIA. PROX. A CAIXA E ECONOMICA DE CASA AMARELA	RUA CONS PERETTI	115	E/F A RESIDENCIA. PROX. A CAIXA E ECONOMICA DE CASA AMARELA	CASA AMARELA		""	COLISÃO	SEM VÍTIMAS	1						1			0		""	""	""	""	""	""	""	""	""	""	""	""	""
5222	2018-06-18T00:00:00	11:50:00	SEM VÍTIMA	FINALIZADA	BOA VIAGEM	AV ENGENHEIRO DOMINGOS FERREIRA	2001	""	PROX. AO RESTAURANTE MACUNAIMA	AV ENGENHEIRO DOMINGOS FERREIRA	2001	PROX. AO RESTAURANTE MACUNAIMA	BOA VIAGEM		""	ENGAVETAMENTO	TRES AUTOS	3									0		""	""	""	""	""	""	""	""	""	""	""	""	""
5223	2018-06-18T00:00:00	12:06:00	SEM VÍTIMA	FINALIZADA	SÃO JOSÉ	RUA DA CONCORDIA	""	RUA DO PEIXOTO	COM RUA DO PEIXOTO,NO SEMÁFORO 182	RUA DA CONCORDIA	""	COM RUA DO PEIXOTO,NO SEMÁFORO 182	SÃO JOSÉ		""	COLISÃO	COLISÃO SEM VÍTIMA		1				1				0		""	""	""	""	""	""	""	""	""	""	""	""	""
5224	2018-06-18T00:00:00	12:47:00	SEM VÍTIMA	FINALIZADA	ENGENHO DO MEIO	RUA PROFESSOR JOAQUIM XAVIER DE BRITO	""	RUA OCIDENTAL	COM A RUA OCIDENTAL, EM FRENTE A JC CONSTRUÇÕES	RUA PROFESSOR JOAQUIM XAVIER DE BRITO	""	COM A RUA OCIDENTAL, EM FRENTE A JC CONSTRUÇÕES	ENGENHO DO MEIO		""	COLISÃO	DOIS AUTOS	2									0		""	""	""	""	""	""	""	""	""	""	""	""	""
5225	2018-06-18T00:00:00	12:57:00	SEM VÍTIMA	CANCELADA	IPUTINGA	RUA MAURICIO DE NASSAU	""	""	E/F A FUNDAÇÃO ALTINO VENTURA	RUA MAURICIO DE NASSAU	""	E/F A FUNDAÇÃO ALTINO VENTURA	IPUTINGA		""	COLISÃO	COLISAO ENTRE MOTO E AUTO S/V	1	1								0		""	""	""	""	""	""	""	""	""	""	""	""	""
5226	2018-06-18T00:00:00	13:14:00	SEM VÍTIMA	FINALIZADA	VÁRZEA	RUA GENERAL POLIDORO	""	AV PROFESSOR ARTUR DE SA	NO GIRADOURO E/F AO POSTO BR	RUA GENERAL POLIDORO	""	NO GIRADOURO E/F AO POSTO BR	VÁRZEA		""	COLISÃO	COLISAO ENTRE DOIS AUTOS S/V	2									0		""	""	""	""	""	""	""	""	""	""	""	""	""
5227	2018-06-18T00:00:00	13:48:00	SEM VÍTIMA	FINALIZADA	IPSEP	RUA IRAPUA	303	""	PROX AO RESTAURANTE DO PEDRO E/F AO EDF CONDOMIO AGAMENON MAGALHES	RUA IRAPUA	303	PROX AO RESTAURANTE DO PEDRO E/F AO EDF CONDOMIO AGAMENON MAGALHES	IPSEP		""	COLISÃO	COLISAO ENTRE DOIS AUTOS S/V	2									0		""	""	""	""	""	""	""	""	""	""	""	""	""
5228	2018-06-18T00:00:00	14:13:00	COM VÍTIMA	FINALIZADA	NOVA DESCOBERTA	RUA ALTO DO REFUGIO	65	""	PROXIMO AO LAVA JATO DE MANI	RUA ALTO DO REFUGIO	65	PROXIMO AO LAVA JATO DE MANI	NOVA DESCOBERTA		""	COLISÃO	COLISÃO COM VÍTIMA	1	1								1		""	""	""	""	""	""	""	""	""	""	""	""	""
5229	2018-06-18T00:00:00	14:19:00	SEM VÍTIMA	CANCELADA	BOA VISTA	PRC PARQUE AMORIM	""	""	PROX AO WALMART PISTA LOCAL S/T OLINDA	PRC PARQUE AMORIM	""	PROX AO WALMART PISTA LOCAL S/T OLINDA	BOA VISTA		""	COLISÃO	CLISAO ENTRE TAXI E AUTO S/V	2									0		""	""	""	""	""	""	""	""	""	""	""	""	""
5230	2018-06-18T00:00:00	14:40:00	SEM VÍTIMA	FINALIZADA	SÃO JOSÉ	TRV DO BANDEIRA	536	""	ANTES DO IMIP PROX AO PONTILHAO DO METRO	TRV DO BANDEIRA	536	ANTES DO IMIP PROX AO PONTILHAO DO METRO	SÃO JOSÉ		""	COLISÃO	COLISAO ENTRE DOIS AUTOS S/V	2									0		""	""	""	""	""	""	""	""	""	""	""	""	""
5231	2018-06-18T00:00:00	15:19:00	SEM VÍTIMA	FINALIZADA	ILHA DO LEITE	RUA ESTADO DE ISRAEL	""	""	EM FRENTE AO CAFE SAO BRAZ, PROX. HOSPITAL ILHA DO LEITE	RUA ESTADO DE ISRAEL	""	EM FRENTE AO CAFE SAO BRAZ, PROX. HOSPITAL ILHA DO LEITE	ILHA DO LEITE		""	COLISÃO	DOIS AUTOS	2									0		""	""	""	""	""	""	""	""	""	""	""	""	""
5232	2018-06-18T00:00:00	15:56:00	SEM VÍTIMA	FINALIZADA	ESPINHEIRO	RUA QUARENTA E OITO	489	""	EM FRENTE A BODEGA SERTANEJA	RUA QUARENTA E OITO	489	EM FRENTE A BODEGA SERTANEJA	ESPINHEIRO		""	COLISÃO	COLISÃO SEM VÍTIMA	2									0		""	""	""	""	""	""	""	""	""	""	""	""	""
5233	2018-06-18T00:00:00	16:10:00	SEM VÍTIMA	FINALIZADA	TAMARINEIRA	AV RUI BARBOSA	""	""	AO LADO DO HOSPITAL MARIA LUCINDA	AV RUI BARBOSA	""	AO LADO DO HOSPITAL MARIA LUCINDA	TAMARINEIRA		""	COLISÃO	COLISÃO SEM VÍTIMA	3									0		""	""	""	""	""	""	""	""	""	""	""	""	""
5234	2018-06-18T00:00:00	16:27:00	SEM VÍTIMA	CANCELADA	GRAÇAS	AV RUI BARBOSA	901	""	EM FRENTE A HABIB´S	AV RUI BARBOSA	901	EM FRENTE A HABIB´S	GRAÇAS		""	COLISÃO	ONIBUS E AUTO	1					1				0		""	""	""	""	""	""	""	""	""	""	""	""	""
5235	2018-06-18T00:00:00	16:29:00	SEM VÍTIMA	FINALIZADA	AREIAS	RUA ERNESTO NAZARETH	540	""	E/F AO BODE DOIS IRMAOS E AO CONDOMINIO IGNEZ ANDREAZZA	RUA ERNESTO NAZARETH	540	E/F AO BODE DOIS IRMAOS E AO CONDOMINIO IGNEZ ANDREAZZA	AREIAS		""	COLISÃO	COLISAO ENTRE AUTO E VAN ESCOLAR S/V	2									0		""	""	""	""	""	""	""	""	""	""	""	""	""
5236	2018-06-18T00:00:00	16:32:00	SEM VÍTIMA	FINALIZADA	BOA VIAGEM	RUA VISCONDE DE JEQUITINHONHA	""	""	PROX. A LOCALIZA	RUA VISCONDE DE JEQUITINHONHA	""	PROX. A LOCALIZA	BOA VIAGEM		""	COLISÃO	MOTO E AUTO BATEDORES LUIZ FABIO E KELVIN NO LOCAL	1	1								0		""	""	""	""	""	""	""	""	""	""	""	""	""
5237	2018-06-18T00:00:00	16:40:00	SEM VÍTIMA	FINALIZADA	PINA	AV HERCULANO BANDEIRA	637	""	PROX. A HALULI COLCHÕES E VICENTE AUTO PEÇAS	AV HERCULANO BANDEIRA	637	PROX. A HALULI COLCHÕES E VICENTE AUTO PEÇAS	PINA		""	COLISÃO	DOIS AUTOS	2									0		""	""	""	""	""	""	""	""	""	""	""	""	""
5238	2018-06-18T00:00:00	16:40:00	SEM VÍTIMA	FINALIZADA	IMBIRIBEIRA	AV MARECHAL MASCARENHAS DE MORAES	161	""	NO FINAL DO MURO DO AEROPORTO S/T PRAZERES E/F A PREMIER ALIMENTOS	AV MARECHAL MASCARENHAS DE MORAES	161	NO FINAL DO MURO DO AEROPORTO S/T PRAZERES E/F A PREMIER ALIMENTOS	IMBIRIBEIRA		""	COLISÃO	COLISAO ENTRE CAMINHAO BAU E AUTO S/V	1						1			0		""	""	""	""	""	""	""	""	""	""	""	""	""
5239	2018-06-18T00:00:00	16:49:00	COM VÍTIMA	FINALIZADA	BOA VIAGEM	AV ENGENHEIRO DOMINGOS FERREIRA	1500	""	EM FRENTE AO SPETTUS	AV ENGENHEIRO DOMINGOS FERREIRA	1500	EM FRENTE AO SPETTUS	BOA VIAGEM		""	COLISÃO	COLISÃO COM VÍTIMA	1	1								1		""	""	""	""	""	""	""	""	""	""	""	""	""
5240	2018-06-18T00:00:00	17:41:00	SEM VÍTIMA	FINALIZADA	VASCO DA GAMA	1TR ALTO DO EUCALIPTO	277	""	PROXIMO DO CAMPO ALTO DO EUCALIPITO	1TR ALTO DO EUCALIPTO	277	PROXIMO DO CAMPO ALTO DO EUCALIPITO	VASCO DA GAMA		""	COLISÃO	AUTO PASSEIO/ONIBUS S/V	1					1				0		""	""	""	""	""	""	""	""	""	""	""	""	""
5241	2018-06-18T00:00:00	18:02:00	SEM VÍTIMA	FINALIZADA	CAÇOTE	AV RECIFE	""	""	EM FRENTE A DIRETORIA DE LIMPEZA URBANA/SENTIDO BOA VIAGEM	AV RECIFE	""	EM FRENTE A DIRETORIA DE LIMPEZA URBANA/SENTIDO BOA VIAGEM	CAÇOTE		""	COLISÃO	UM AUTO E UM CAMINHAO S/V	1						1			0		""	""	""	""	""	""	""	""	""	""	""	""	""
5242	2018-06-18T00:00:00	18:17:00	COM VÍTIMA	FINALIZADA	ARRUDA	AV PROFESSOR JOSE DOS ANJOS	1259	RUA DA REGENERACAO	ESQUINA COM A RUA DA REGENERACAO BEIRANDO O CANAL	AV PROFESSOR JOSE DOS ANJOS	1259	ESQUINA COM A RUA DA REGENERACAO BEIRANDO O CANAL	ARRUDA		""	COLISÃO	SANDERO X MOTO	1	1								1		""	""	""	""	""	""	""	""	""	""	""	""	""
5243	2018-06-18T00:00:00	18:25:00	SEM VÍTIMA	FINALIZADA	IMBIRIBEIRA	RUA ITACARI	317	RUA CACHOEIRA	ENF A SUCHI ARTE E CRUZAMENTO COM A RUA CACHOEIRA	RUA ITACARI	317	ENF A SUCHI ARTE E CRUZAMENTO COM A RUA CACHOEIRA	IMBIRIBEIRA		""	COLISÃO	DOIS AUTO	2									0		""	""	""	""	""	""	""	""	""	""	""	""	""
5244	2018-06-18T00:00:00	19:15:00	SEM VÍTIMA	FINALIZADA	BONGI	RUA ESCRITOR ALEXANDRE NEPTUNO	270	""	AO LADO DA B FORTE/ANTIGA ITAPEMIRIM	RUA ESCRITOR ALEXANDRE NEPTUNO	270	AO LADO DA B FORTE/ANTIGA ITAPEMIRIM	BONGI		""	CHOQUE	CAMINHAO DERRUBOU UM POSTE E OS FIOS ESTAO PENDURADOS							1			0		""	""	""	""	""	""	""	""	""	""	""	""	""
5245	2018-06-18T00:00:00	20:21:00	SEM VÍTIMA	FINALIZADA	ESPINHEIRO	RUA QUARENTA E OITO	""	""	SEMAFORO 011/ENTRE A RUA 48 E A CONSELHEIRO PORTELA	RUA QUARENTA E OITO	""	SEMAFORO 011/ENTRE A RUA 48 E A CONSELHEIRO PORTELA	ESPINHEIRO		""	COLISÃO	ONIBUS E AUTO S/V	1					1				0		""	""	""	""	""	""	""	""	""	""	""	""	""
5246	2018-06-19T00:00:00	06:42:00	SEM VÍTIMA	FINALIZADA	BOA VIAGEM	RUA ERNESTO DE PAULA SANTOS	960	""	EM FRENTE AO POSTO DE GASOLINA SETA	RUA ERNESTO DE PAULA SANTOS	960	EM FRENTE AO POSTO DE GASOLINA SETA	BOA VIAGEM		""	COLISÃO	DOIS AUTOS	2									0		""	""	""	""	""	""	""	""	""	""	""	""	""
5247	2018-06-19T00:00:00	07:42:00	SEM VÍTIMA	FINALIZADA	DERBY	AV GOVERNADOR AGAMENON MAGALHAES	""	""	EM FRENTE AO AMERICANO BATISTA SENTIDO OLINDA	AV GOVERNADOR AGAMENON MAGALHAES	""	EM FRENTE AO AMERICANO BATISTA SENTIDO OLINDA	DERBY		""	COLISÃO	SEM VITIMAS,CTTU NO LOCAL GCM RODRIGO DIAS PONTO FIXO NO LOCAL	2									0		""	""	""	""	""	""	""	""	""	""	""	""	""
5248	2018-06-19T00:00:00	07:56:00	SEM VÍTIMA	FINALIZADA	AREIAS	AV IZABEL DE GOES	""	""	AO LADO DO MAKRO	AV IZABEL DE GOES	""	AO LADO DO MAKRO	AREIAS		""	COLISÃO	CAMINHÃO E AUTO	1						1			0		""	""	""	""	""	""	""	""	""	""	""	""	""
5249	2018-06-19T00:00:00	08:05:00	SEM VÍTIMA	FINALIZADA	BOA VIAGEM	RUA BRUNO VELOSO	""	""	EM FRENTE AO POSTO DE GASOLINA BR, NO SEMAFORO 335	RUA BRUNO VELOSO	""	EM FRENTE AO POSTO DE GASOLINA BR, NO SEMAFORO 335	BOA VIAGEM		""	COLISÃO	DOIS AUTOS	2									0		""	""	""	""	""	""	""	""	""	""	""	""	""
5250	2018-06-19T00:00:00	08:07:00	SEM VÍTIMA	FINALIZADA	SAN MARTIN	RUA ARSENIO CALACA	310	""	E/F A GALERIA	RUA ARSENIO CALACA	310	E/F A GALERIA	SAN MARTIN		""	COLISÃO	SEM VÍTIMA	2									0		""	""	""	""	""	""	""	""	""	""	""	""	""
5251	2018-06-19T00:00:00	08:07:00	SEM VÍTIMA	FINALIZADA	IMBIRIBEIRA	RUA ENGENHEIRO JOSE BRANDAO CAVALCANTE	265	RUA ARQUITETO LUIZ NUNES	TRANSVERSAL COM A RUA ARQUITETO LUIZ NUNES EM FRENTE AO CONDOMINIO DELGAR DERE	RUA ENGENHEIRO JOSE BRANDAO CAVALCANTE	265	TRANSVERSAL COM A RUA ARQUITETO LUIZ NUNES EM FRENTE AO CONDOMINIO DELGAR DERE	IMBIRIBEIRA		""	COLISÃO	COLISÃO SEM VITIMAS	2									0		""	""	""	""	""	""	""	""	""	""	""	""	""
5252	2018-06-19T00:00:00	08:39:00	SEM VÍTIMA	FINALIZADA	GUABIRABA	AV DA RECUPERACAO	10	""	SENTIDO BR EM FRENTE AO ANTIGO MOTEL SHELTON	AV DA RECUPERACAO	10	SENTIDO BR EM FRENTE AO ANTIGO MOTEL SHELTON	GUABIRABA		""	COLISÃO	COLISÃO SEM VITIMAS	1						1			0		""	""	""	""	""	""	""	""	""	""	""	""	""
5253	2018-06-19T00:00:00	08:42:00	SEM VÍTIMA	CANCELADA	BOA VISTA	PRC PARQUE AMORIM	645	""	E/F A RABELOS ADVOGADOS	PRC PARQUE AMORIM	645	E/F A RABELOS ADVOGADOS	BOA VISTA		""	COLISÃO	SEM VÍTIMAS	2									0		""	""	""	""	""	""	""	""	""	""	""	""	""
5254	2018-06-19T00:00:00	09:30:00	SEM VÍTIMA	FINALIZADA	MADALENA	AV ENGENHEIRO ABDIAS DE CARVALHO	""	""	SEMAFORO 132 EM FRENTE DA EUROVIA ,SENT/CIDADE	AV ENGENHEIRO ABDIAS DE CARVALHO	""	SEMAFORO 132 EM FRENTE DA EUROVIA ,SENT/CIDADE	MADALENA		""	COLISÃO	SEM VITIMAS.	3									0		""	""	""	""	""	""	""	""	""	""	""	""	""
5255	2018-06-19T00:00:00	10:11:00	SEM VÍTIMA	CANCELADA	MADALENA	RUA JAPECANGA	""	""	APÓS O TÚNEL., SENTIDO AFOGADOS	RUA JAPECANGA	""	APÓS O TÚNEL., SENTIDO AFOGADOS	MADALENA		""	COLISÃO	SEM VÍTIMAS	2									0		""	""	""	""	""	""	""	""	""	""	""	""	""
5256	2018-06-19T00:00:00	10:13:00	SEM VÍTIMA	CANCELADA	CASA AMARELA	RUA MANDACARU	485	""	EM FRENTE AO DEPOSITO PESSOA GAS	RUA MANDACARU	485	EM FRENTE AO DEPOSITO PESSOA GAS	CASA AMARELA		""	COLISÃO	DOIS AUTOS VT- 07, GM NO LOCAL	2									0		""	""	""	""	""	""	""	""	""	""	""	""	""
5257	2018-06-19T00:00:00	12:03:00	COM VÍTIMA	FINALIZADA	BOA VIAGEM	AV BOA VIAGEM	4700	""	APOS A PRACINHA DE BOA VIAGEM	AV BOA VIAGEM	4700	APOS A PRACINHA DE BOA VIAGEM	BOA VIAGEM		""	COLISÃO	COLISAO ENTRE AUTO E MOTO COM UMA VITIMA	1	1								1		""	""	""	""	""	""	""	""	""	""	""	""	""
5258	2018-06-19T00:00:00	12:13:00	COM VÍTIMA	FINALIZADA	BOA VIAGEM	AV DOM JOAO VI	""	""	ANTES DO TUNEL/ SENTIDO PIEDADE	AV DOM JOAO VI	""	ANTES DO TUNEL/ SENTIDO PIEDADE	BOA VIAGEM		""	COLISÃO	COLISÃO SEM VÍTIMA	3									1		""	""	""	""	""	""	""	""	""	""	""	""	""
5259	2018-06-19T00:00:00	12:32:00	SEM VÍTIMA	FINALIZADA	CASA AMARELA	RUA BELA VISTA	343	""	NA RUA DA PIZZARIA CANDELLABRO	RUA BELA VISTA	343	NA RUA DA PIZZARIA CANDELLABRO	CASA AMARELA		""	COLISÃO	COLISAOP ENTRE DOIS AUTOS S/V	2									0		""	""	""	""	""	""	""	""	""	""	""	""	""
5260	2018-06-19T00:00:00	13:10:00	SEM VÍTIMA	FINALIZADA	IMBIRIBEIRA	AV MARECHAL MASCARENHAS DE MORAES	1482	""	EM FRENTE A LASER ELETRO, SENTIDO AEROPORTO	AV MARECHAL MASCARENHAS DE MORAES	1482	EM FRENTE A LASER ELETRO, SENTIDO AEROPORTO	IMBIRIBEIRA		""	COLISÃO	DOIS AUTOS S/V										0		""	""	""	""	""	""	""	""	""	""	""	""	""
5261	2018-06-19T00:00:00	14:18:00	SEM VÍTIMA	FINALIZADA	PINA	AV ANTONIO DE GOES	""	""	EM FRENTE A SAEL, EM FRENTE A PRF	AV ANTONIO DE GOES	""	EM FRENTE A SAEL, EM FRENTE A PRF	PINA		""	COLISÃO	AUTO E ONIBUS 	1					1				0		""	""	""	""	""	""	""	""	""	""	""	""	""
5262	2018-06-19T00:00:00	14:51:00	SEM VÍTIMA	FINALIZADA	TORRE	RUA MARCOS ANDRE	""	AV BEIRA RIO	COM A VENIDA BEIRA RIO	RUA MARCOS ANDRE	""	COM A VENIDA BEIRA RIO	TORRE		""	COLISÃO	COLISÃO AUTO E VT PM	2									0		""	""	""	""	""	""	""	""	""	""	""	""	""
5263	2018-06-19T00:00:00	15:12:00	SEM VÍTIMA	FINALIZADA	TORRÕES	EST DO FORTE DO ARRAIAL N. DO B. JESUS	263	""	PROX AO RESTAURANTE YOKI	EST DO FORTE DO ARRAIAL N. DO B. JESUS	263	PROX AO RESTAURANTE YOKI	TORRÕES		""	COLISÃO	COLISAO ENTRE AUTO E TAXI S/V	2									0		""	""	""	""	""	""	""	""	""	""	""	""	""
5264	2018-06-19T00:00:00	17:26:00	SEM VÍTIMA	CANCELADA	IMBIRIBEIRA	AV PRESIDENTE DUTRA	298	""	PROX AO VIADUTO TANCREDO NEVES E/F MV EMPRESARIAL S/T SUB	AV PRESIDENTE DUTRA	298	PROX AO VIADUTO TANCREDO NEVES E/F MV EMPRESARIAL S/T SUB	IMBIRIBEIRA		""	COLISÃO	COLISAO ENTRE AUTO E MOTO S/V	1	1								0		""	""	""	""	""	""	""	""	""	""	""	""	""
5265	2018-06-19T00:00:00	17:57:00	SEM VÍTIMA	FINALIZADA	PINA	AV ANTONIO DE GOES	""	""	SEMÁFORO 538 - CRUZANDO A RUA JOSÉ MARIANO FILHO	AV ANTONIO DE GOES	""	SEMÁFORO 538 - CRUZANDO A RUA JOSÉ MARIANO FILHO	PINA		""	COLISÃO	ENTRE 2 AUTOS. S/V	2									0		""	""	""	""	""	""	""	""	""	""	""	""	""
5266	2018-06-19T00:00:00	18:48:00	SEM VÍTIMA	FINALIZADA	AFOGADOS	RUA SAO MIGUEL	1401	""	E/F AO BODE DO NÔ	RUA SAO MIGUEL	1401	E/F AO BODE DO NÔ	AFOGADOS		""	COLISÃO	ENTRE 2 AUTOS. S/V	2									0		""	""	""	""	""	""	""	""	""	""	""	""	""
5267	2018-06-19T00:00:00	19:02:00	SEM VÍTIMA	FINALIZADA	PINA	AV ANTONIO DE GOES	""	""	PROX AO POSTO FEDERAL E ENF AO EDF JPCM	AV ANTONIO DE GOES	""	PROX AO POSTO FEDERAL E ENF AO EDF JPCM	PINA		""	COLISÃO	DUAS MOTOS		2								0		""	""	""	""	""	""	""	""	""	""	""	""	""
5268	2018-06-19T00:00:00	19:35:00	COM VÍTIMA	CANCELADA	PARNAMIRIM	RUA GOMES COUTINHO	145	""	PROX AO CRUZAMENTO DA AV NORTE E POSTO PETROBRAS	RUA GOMES COUTINHO	145	PROX AO CRUZAMENTO DA AV NORTE E POSTO PETROBRAS	PARNAMIRIM		""	COLISÃO	MOTO X AUTO	1	1								1		""	""	""	""	""	""	""	""	""	""	""	""	""
5269	2018-06-19T00:00:00	19:39:00	SEM VÍTIMA	CANCELADA	IPSEP	RUA JEAN EMILE FAVRE	242	RUA ARQUITETO LUIZ NUNES	CRUZANDO A R ARQUITETO LUIZ NUNES / ESQUINA COM A FACULDADE BV / E/F A PRO PESCADO	RUA JEAN EMILE FAVRE	242	CRUZANDO A R ARQUITETO LUIZ NUNES / ESQUINA COM A FACULDADE BV / E/F A PRO PESCADO	IPSEP		""	COLISÃO	ENTRE AUTO E CAMINHÃO. S/V	1						1			0		""	""	""	""	""	""	""	""	""	""	""	""	""
5270	2018-06-19T00:00:00	19:51:00	COM VÍTIMA	CANCELADA	SAN MARTIN	RUA COMENDADOR FRANCO FERREIRA	""	""	AO LADO DA CAVALARIA SEMAFORO 326	RUA COMENDADOR FRANCO FERREIRA	""	AO LADO DA CAVALARIA SEMAFORO 326	SAN MARTIN		""	COLISÃO	AUTO E MOTO	1	1								2		""	""	""	""	""	""	""	""	""	""	""	""	""
5271	2018-06-19T00:00:00	19:53:00	SEM VÍTIMA	FINALIZADA	CAMPO GRANDE	EST DE BELEM	""	RUA PAULO DE ARRUDA	CRUZ COM A R PAULO DE ARRUDA, DE ESQUINA COM O POSTO TOTAL / PROXIMIDADES DA SUBWAY	EST DE BELEM	""	CRUZ COM A R PAULO DE ARRUDA, DE ESQUINA COM O POSTO TOTAL / PROXIMIDADES DA SUBWAY	CAMPO GRANDE		""	COLISÃO	ENTRE AUTO E MOTO. S/V	1	1								0		""	""	""	""	""	""	""	""	""	""	""	""	""
5272	2018-06-19T00:00:00	20:33:00	SEM VÍTIMA	FINALIZADA	SAN MARTIN	AV ENGENHEIRO ABDIAS DE CARVALHO	1991	AV GEN SAN MARTIN	CRUZAMENTO COM A AV GEN. SAN MARTIN	AV ENGENHEIRO ABDIAS DE CARVALHO	1991	CRUZAMENTO COM A AV GEN. SAN MARTIN	SAN MARTIN		""	COLISÃO	DOIS AUTO	2									0		""	""	""	""	""	""	""	""	""	""	""	""	""
5273	2018-06-19T00:00:00	20:43:00	SEM VÍTIMA	FINALIZADA	CASA AMARELA	EST DO ARRAIAL	""	""	E/F AO SÍTIO DA TRINDADE	EST DO ARRAIAL	""	E/F AO SÍTIO DA TRINDADE	CASA AMARELA		""	COLISÃO	ENTRE 2 AUTOS. S/V	2									0		""	""	""	""	""	""	""	""	""	""	""	""	""
5274	2018-06-19T00:00:00	20:47:00	SEM VÍTIMA	FINALIZADA	SANCHO	AV LIBERDADE	280	""	PROX AO RESIDENCIAL LIBERDADE E SUPERMERCADO SUPRIMAIS	AV LIBERDADE	280	PROX AO RESIDENCIAL LIBERDADE E SUPERMERCADO SUPRIMAIS	SANCHO		""	COLISÃO	AUTO E MOTO	1	1								0		""	""	""	""	""	""	""	""	""	""	""	""	""
5275	2018-06-19T00:00:00	21:34:00	SEM VÍTIMA	FINALIZADA	JIQUIÁ	RUA SAO MIGUEL	2117	""	ENF A VILA KIDS E POSTO IPIRANGA ANTES DA PONTE DE JIQUIA	RUA SAO MIGUEL	2117	ENF A VILA KIDS E POSTO IPIRANGA ANTES DA PONTE DE JIQUIA	JIQUIÁ		""	COLISÃO	DOIS AUTO	2									0		""	""	""	""	""	""	""	""	""	""	""	""	""
5276	2018-06-20T00:00:00	01:38:00	COM VÍTIMA	FINALIZADA	IMBIRIBEIRA	AV MARECHAL MASCARENHAS DE MORAES	""	""	PRÓX A UNIVERSO, SENTIDO AFOGADOS	AV MARECHAL MASCARENHAS DE MORAES	""	PRÓX A UNIVERSO, SENTIDO AFOGADOS	IMBIRIBEIRA		""	CHOQUE	VEÍCULO CHOCOU-SE CONTRA UM POSTE. C/V	1									1		""	""	""	""	""	""	""	""	""	""	""	""	""