_id	DATA	hora	natureza_acidente	situacao	bairro	endereco	numero	detalhe_endereco_acidente	complemento	endereco_cruzamento	numero_cruzamento	referencia_cruzamento	bairro_cruzamento	num_semaforo	sentido_via	tipo	descricao	auto	moto	ciclom	ciclista	pedestre	onibus	caminhao	viatura	outros	vitimas	vitimasfatais	acidente_verificado	tempo_clima	situacao_semaforo	sinalizacao	condicao_via	conservacao_via	ponto_controle	situacao_placa	velocidade_max_via	mao_direcao	divisao_via1	divisao_via2	divisao_via3
5277	2018-06-20T00:00:00	07:42:00	SEM VÍTIMA	CANCELADA	IMBIRIBEIRA	RUA PAMPULHA	159	""	EM FRENTE A PADARIA VALE DO RIO DOCE	RUA PAMPULHA	159	EM FRENTE A PADARIA VALE DO RIO DOCE	IMBIRIBEIRA		""	COLISÃO	SEM VITIMAS	1	1								0		""	""	""	""	""	""	""	""	""	""	""	""	""
5278	2018-06-20T00:00:00	08:01:00	SEM VÍTIMA	FINALIZADA	SANTO AMARO	AV NORTE	""	""	EM BAIXO DO SEMAFORO 243	AV NORTE	""	EM BAIXO DO SEMAFORO 243	SANTO AMARO		""	COLISÃO	COLISÃO SEM VITIMAS	1	1								0		""	""	""	""	""	""	""	""	""	""	""	""	""
5279	2018-06-20T00:00:00	08:19:00	COM VÍTIMA	FINALIZADA	IBURA	AV DOIS RIOS	84	""	EM FRENTE AO LABORATORIO GILSON CIDRIN	AV DOIS RIOS	84	EM FRENTE AO LABORATORIO GILSON CIDRIN	IBURA		""	COLISÃO	MOTO E AUTO	1	1								2		""	""	""	""	""	""	""	""	""	""	""	""	""
5280	2018-06-20T00:00:00	08:33:00	""	CANCELADA	CABANGA	VIADUTO CAPITAO TEMUDO	""	""	ENTRADA DE VIA DE ACESSO AV SUL - SENTIDO SUBURBIO	VIADUTO CAPITAO TEMUDO	""	ENTRADA DE VIA DE ACESSO AV SUL - SENTIDO SUBURBIO	CABANGA		""	CHOQUE	CONDUTOR CHOCOU-SE COM A MURETA VINDO A TOMBAR O VEÍCULO	1									0		""	""	""	""	""	""	""	""	""	""	""	""	""
5281	2018-06-20T00:00:00	08:33:00	SEM VÍTIMA	FINALIZADA	CABANGA	VIADUTO CAPITAO TEMUDO	""	""	SEGUNDA ALÇA DO VIADUTO CAPITÃO TEMUDO SENT/PINA	VIADUTO CAPITAO TEMUDO	""	SEGUNDA ALÇA DO VIADUTO CAPITÃO TEMUDO SENT/PINA	CABANGA		""	CHOQUE	SEM VITIMAS,BATEDORES SALES E PIETRO NO LOCAL	1									0		""	""	""	""	""	""	""	""	""	""	""	""	""
5282	2018-06-20T00:00:00	08:34:00	SEM VÍTIMA	CANCELADA	AFOGADOS	RUA MOTOCOLOMBO	97	""	E/F AO BANCO SANTANDER, SENTIDO MASCARENHAS.	RUA MOTOCOLOMBO	97	E/F AO BANCO SANTANDER, SENTIDO MASCARENHAS.	AFOGADOS		""	COLISÃO	SEM VÍTIMAS	2									0		""	""	""	""	""	""	""	""	""	""	""	""	""
5283	2018-06-20T00:00:00	08:54:00	SEM VÍTIMA	FINALIZADA	ESTÂNCIA	AV RECIFE	""	""	EM FRENTE A JF VEÍCULOS,SENT/BOA VIAGEMAPÓS O CAFE ROYAL 100 METROS	AV RECIFE	""	EM FRENTE A JF VEÍCULOS,SENT/BOA VIAGEMAPÓS O CAFE ROYAL 100 METROS	ESTÂNCIA		""	COLISÃO	SEM VITIMAS							2			0		""	""	""	""	""	""	""	""	""	""	""	""	""
5284	2018-06-20T00:00:00	08:55:00	SEM VÍTIMA	FINALIZADA	TEJIPIÓ	AV DR JOSE RUFINO	""	""	SEMÁFORO 434, AO LADO DA ESTAÇÃO TEJIPIÓ E/F AO POSTO IPIRANGA	AV DR JOSE RUFINO	""	SEMÁFORO 434, AO LADO DA ESTAÇÃO TEJIPIÓ E/F AO POSTO IPIRANGA	TEJIPIÓ		""	COLISÃO	SEM VÍTIMAS	1					1				0		""	""	""	""	""	""	""	""	""	""	""	""	""
5285	2018-06-20T00:00:00	09:14:00	SEM VÍTIMA	FINALIZADA	GRAÇAS	RUA DO FUTURO	628	""	E/F A FISIOTRAUMA	RUA DO FUTURO	628	E/F A FISIOTRAUMA	GRAÇAS		""	COLISÃO	SEM VÍTIMAS	2									0		""	""	""	""	""	""	""	""	""	""	""	""	""
5286	2018-06-20T00:00:00	09:43:00	SEM VÍTIMA	FINALIZADA	JARDIM SÃO PAULO	AV LIBERDADE	""	""	EM FRENTE AS TRES TORRES	AV LIBERDADE	""	EM FRENTE AS TRES TORRES	JARDIM SÃO PAULO		""	COLISÃO	ONIBUS E CAMIHONETE / GM NO QTH	1					1				0		""	""	""	""	""	""	""	""	""	""	""	""	""
5287	2018-06-20T00:00:00	09:54:00	SEM VÍTIMA	FINALIZADA	CASA AMARELA	AV NORTE	5010	""	EM FRENTE LOJA DA HONDA	AV NORTE	5010	EM FRENTE LOJA DA HONDA	CASA AMARELA		""	COLISÃO	SEM VITIMAS,VT 07 DA CTTU NO LOCAL	3									0		""	""	""	""	""	""	""	""	""	""	""	""	""
5288	2018-06-20T00:00:00	09:58:00	SEM VÍTIMA	FINALIZADA	SAN MARTIN	AV GENERAL SAN MARTIN	""	""	E/F AO POSTO TOTAL, SEMÁFORO 067. NA FAIXA DA DIREITA	AV GENERAL SAN MARTIN	""	E/F AO POSTO TOTAL, SEMÁFORO 067. NA FAIXA DA DIREITA	SAN MARTIN		""	COLISÃO	SEM VÍTIMAS	1						1			0		""	""	""	""	""	""	""	""	""	""	""	""	""
5289	2018-06-20T00:00:00	10:10:00	COM VÍTIMA	FINALIZADA	ESPINHEIRO	RUA QUARENTA E OITO	443	""	""	RUA QUARENTA E OITO	443	""	ESPINHEIRO		""	CHOQUE	ÔNIBUS CHOCOU COM UMA PLACA E AMESMA ATINGIU O RESPONSÁVEL POR UMA OBRA QUE OCORRE NO QTH, EQUIPE DA CCTU NO LOCAL						1				1		""	""	""	""	""	""	""	""	""	""	""	""	""
5290	2018-06-20T00:00:00	10:30:00	COM VÍTIMA	FINALIZADA	BOA VIAGEM	AV PRESIDENTE DUTRA	""	""	DESCIDA DO VIADUTO TANCREDO NEVES	AV PRESIDENTE DUTRA	""	DESCIDA DO VIADUTO TANCREDO NEVES	BOA VIAGEM		""	COLISÃO	4 VÍTIMAS	1					2				4		""	""	""	""	""	""	""	""	""	""	""	""	""
5291	2018-06-20T00:00:00	10:32:00	SEM VÍTIMA	FINALIZADA	ILHA DO RETIRO	AV BEIRA RIO	""	""	EM FRENTE AO CLUBE DE REMO DO SPORT	AV BEIRA RIO	""	EM FRENTE AO CLUBE DE REMO DO SPORT	ILHA DO RETIRO		""	COLISÃO	SEM VITIMAS	3									0		""	""	""	""	""	""	""	""	""	""	""	""	""
5292	2018-06-20T00:00:00	10:56:00	SEM VÍTIMA	CANCELADA	IPSEP	RUA JEAN EMILE FAVRE	""	""	EM FRENTE A FACULDADE BOA VIAGEM,PRAÇA DA MAURICEA	RUA JEAN EMILE FAVRE	""	EM FRENTE A FACULDADE BOA VIAGEM,PRAÇA DA MAURICEA	IPSEP		""	COLISÃO	COM SEM VITIMA	1	1								0		""	""	""	""	""	""	""	""	""	""	""	""	""
5293	2018-06-20T00:00:00	11:03:00	SEM VÍTIMA	FINALIZADA	IMBIRIBEIRA	AV MARECHAL MASCARENHAS DE MORAES	""	""	SENT SUB / PE DO VIADUTO	AV MARECHAL MASCARENHAS DE MORAES	""	SENT SUB / PE DO VIADUTO	IMBIRIBEIRA		""	COLISÃO	CAMINHAO E AUTO	1						1			0		""	""	""	""	""	""	""	""	""	""	""	""	""
5294	2018-06-20T00:00:00	12:08:00	SEM VÍTIMA	FINALIZADA	ENCRUZILHADA	AV NORTE	1795	""	EM FRENTE A CARLOS EQUIPADORA/ SENTIDO CIDADE	AV NORTE	1795	EM FRENTE A CARLOS EQUIPADORA/ SENTIDO CIDADE	ENCRUZILHADA		""	COLISÃO	COLISÃO SEM VÍTIMA	2									0		""	""	""	""	""	""	""	""	""	""	""	""	""
5295	2018-06-20T00:00:00	12:10:00	SEM VÍTIMA	FINALIZADA	BOA VIAGEM	AV CONSELHEIRO AGUIAR	2052	""	ENTRE O BANCO SANTANDER E A CAIXA ECONOMICA	AV CONSELHEIRO AGUIAR	2052	ENTRE O BANCO SANTANDER E A CAIXA ECONOMICA	BOA VIAGEM		""	COLISÃO	COLISAO ENTRE TRES AUTO E UMA MOTO S/V	3	1								0		""	""	""	""	""	""	""	""	""	""	""	""	""
5296	2018-06-20T00:00:00	12:20:00	COM VÍTIMA	FINALIZADA	AREIAS	AV RECIFE	""	""	E/F A PIZZARIA ATLANTICO S/T CID SUB NO SEMAFORO 617	AV RECIFE	""	E/F A PIZZARIA ATLANTICO S/T CID SUB NO SEMAFORO 617	AREIAS		""	COLISÃO	COLISAO ENTRE QUATRO AUTOS E DOIS CAMINHOES	4						2			1		""	""	""	""	""	""	""	""	""	""	""	""	""
5297	2018-06-20T00:00:00	12:38:00	SEM VÍTIMA	FINALIZADA	IMBIRIBEIRA	AV MARECHAL MASCARENHAS DE MORAES	1472	""	EM FRENTE A LOJA ENCRUZILHADA PNEUS/ SENTIDO CIDADE	AV MARECHAL MASCARENHAS DE MORAES	1472	EM FRENTE A LOJA ENCRUZILHADA PNEUS/ SENTIDO CIDADE	IMBIRIBEIRA		""	COLISÃO	COLISÃO SEM VÍTIMA	1						1			0		""	""	""	""	""	""	""	""	""	""	""	""	""
5298	2018-06-20T00:00:00	13:18:00	SEM VÍTIMA	CANCELADA	ZUMBI	RUA FREI TEOFILO DE VIRGOLETTA	196	AV CAXANGA	CRUZAMENTO COM A AV. CAXANGA	RUA FREI TEOFILO DE VIRGOLETTA	196	CRUZAMENTO COM A AV. CAXANGA	ZUMBI		""	COLISÃO	COLISÃO SEM VÍTIMA	1	1								0		""	""	""	""	""	""	""	""	""	""	""	""	""
5299	2018-06-20T00:00:00	13:18:00	SEM VÍTIMA	FINALIZADA	SANTO AMARO	RUA FREI CASSIMIRO	161	""	PROX AO SINPOL CIVIS PE	RUA FREI CASSIMIRO	161	PROX AO SINPOL CIVIS PE	SANTO AMARO		""	COLISÃO	COLISAO ENTRE DOIS AUTOS S/V	2									0		""	""	""	""	""	""	""	""	""	""	""	""	""
5300	2018-06-20T00:00:00	13:26:00	SEM VÍTIMA	FINALIZADA	PINA	AV ANTONIO DE GOES	""	""	E/F A CENTRAL DAS RODAS	AV ANTONIO DE GOES	""	E/F A CENTRAL DAS RODAS	PINA		""	COLISÃO	COLISAO ENTRE ONIBUS E AUTO S/V		1				1				0		""	""	""	""	""	""	""	""	""	""	""	""	""
5301	2018-06-20T00:00:00	14:41:00	SEM VÍTIMA	FINALIZADA	SÃO JOSÉ	AV DANTAS BARRETO	1063	""	AO LADO DOS CAMELODROMO	AV DANTAS BARRETO	1063	AO LADO DOS CAMELODROMO	SÃO JOSÉ		""	COLISÃO	COLISAO ENTRE AUTO E MOTO S/V	1	1								0		""	""	""	""	""	""	""	""	""	""	""	""	""
5302	2018-06-20T00:00:00	15:05:00	SEM VÍTIMA	FINALIZADA	IMBIRIBEIRA	AV MARECHAL MASCARENHAS DE MORAES	""	""	EM FRENTE A TUPAN/ SENTIDO AFOGADOS	AV MARECHAL MASCARENHAS DE MORAES	""	EM FRENTE A TUPAN/ SENTIDO AFOGADOS	IMBIRIBEIRA		""	COLISÃO	COLISÃO SEM VÍTIMA	1								1	0		""	""	""	""	""	""	""	""	""	""	""	""	""
5303	2018-06-20T00:00:00	15:05:00	SEM VÍTIMA	FINALIZADA	VÁRZEA	RUA DONA MARIA LACERDA	123	""	EM FRENTE AO 12º BPMPE	RUA DONA MARIA LACERDA	123	EM FRENTE AO 12º BPMPE	VÁRZEA		""	COLISÃO	COLISÃO SEM VÍTIMA, ENVOLVENDO 2 VIATURAS DA GMCR	2									0		""	""	""	""	""	""	""	""	""	""	""	""	""
5304	2018-06-20T00:00:00	15:33:00	SEM VÍTIMA	FINALIZADA	ILHA JOANA BEZERRA	PTE JOSE DE BARROS LIMA	""	""	EM CIMA DO VIADUTO/ SENTIDO OLINDA	PTE JOSE DE BARROS LIMA	""	EM CIMA DO VIADUTO/ SENTIDO OLINDA	ILHA JOANA BEZERRA		""	COLISÃO	COLISÃO SEM VÍTIMA	1					1				0		""	""	""	""	""	""	""	""	""	""	""	""	""
5305	2018-06-20T00:00:00	15:50:00	SEM VÍTIMA	FINALIZADA	IPSEP	RUA ITAJAI	408	""	EM FRENTE AO EDIFICIO MAURICEIA	RUA ITAJAI	408	EM FRENTE AO EDIFICIO MAURICEIA	IPSEP		""	COLISÃO	COLISÃO SEM VÍTIMA	3									0		""	""	""	""	""	""	""	""	""	""	""	""	""
5306	2018-06-20T00:00:00	16:30:00	SEM VÍTIMA	FINALIZADA	GRAÇAS	RUA JOAQUIM NABUCO	""	""	EM FRENTE AO HEMOPE E HOSPITAL SANTA JOANA	RUA JOAQUIM NABUCO	""	EM FRENTE AO HEMOPE E HOSPITAL SANTA JOANA	GRAÇAS		""	COLISÃO	COLISAO ENVOLVENDO DOIS ONIBUS SEM VITIMA						2				0		""	""	""	""	""	""	""	""	""	""	""	""	""
5307	2018-06-20T00:00:00	17:13:00	SEM VÍTIMA	CANCELADA	IBURA	AV DOIS RIOS	""	""	NA SAIDA DO IBURA, PROX. AO POSTO POLICIAL DESATIVADO	AV DOIS RIOS	""	NA SAIDA DO IBURA, PROX. AO POSTO POLICIAL DESATIVADO	IBURA		""	COLISÃO	AUTO E CAMINHAO	1						1			0		""	""	""	""	""	""	""	""	""	""	""	""	""
5308	2018-06-21T00:00:00	04:58:00	SEM VÍTIMA	FINALIZADA	BOA VIAGEM	RUA ERNESTO DE PAULA SANTOS	""	RUA TENENTE DOMINGOS DE BRITO	CRUZAMENTO COM RUA TENENTE DOMINGOS DE BRITO // EM FRENTE AO POSTO SETTA // SEMÁFORO 330	RUA ERNESTO DE PAULA SANTOS	""	CRUZAMENTO COM RUA TENENTE DOMINGOS DE BRITO // EM FRENTE AO POSTO SETTA // SEMÁFORO 330	BOA VIAGEM		""	COLISÃO	COLISÃO ENTRE DOIS AUTOS, S/V	2									0		""	""	""	""	""	""	""	""	""	""	""	""	""
5309	2018-06-21T00:00:00	07:36:00	SEM VÍTIMA	FINALIZADA	AFOGADOS	EST DO BONGI	""	""	AO LADO DO POSTO BR, SEMAFORO 394, ENTRADA DO BONGI	EST DO BONGI	""	AO LADO DO POSTO BR, SEMAFORO 394, ENTRADA DO BONGI	AFOGADOS		""	COLISÃO	DOIS AUTOS	2									0		""	""	""	""	""	""	""	""	""	""	""	""	""
5310	2018-06-21T00:00:00	07:57:00	SEM VÍTIMA	FINALIZADA	BOA VISTA	RUA DAS FRONTEIRAS	""	""	AO LADO OD SEGUNDOI OFÍCIO DE REGISTRO DE IMÓVEIS	RUA DAS FRONTEIRAS	""	AO LADO OD SEGUNDOI OFÍCIO DE REGISTRO DE IMÓVEIS	BOA VISTA		""	COLISÃO	SEM VÍTIMAS	2									0		""	""	""	""	""	""	""	""	""	""	""	""	""
5311	2018-06-21T00:00:00	08:12:00	SEM VÍTIMA	FINALIZADA	ESTÂNCIA	AV DR JOSE RUFINO	58	""	AO LADO DA ANTIGA FABRICA YOLANDA	AV DR JOSE RUFINO	58	AO LADO DA ANTIGA FABRICA YOLANDA	ESTÂNCIA		""	COLISÃO	SEM VITIMAS	2									0		""	""	""	""	""	""	""	""	""	""	""	""	""
5312	2018-06-21T00:00:00	08:27:00	SEM VÍTIMA	FINALIZADA	ILHA DO LEITE	RUA JOSE DE ALENCAR	755	""	EM FRENTE A UNIMED TRES	RUA JOSE DE ALENCAR	755	EM FRENTE A UNIMED TRES	ILHA DO LEITE		""	COLISÃO	SEM VITIMAS	2									0		""	""	""	""	""	""	""	""	""	""	""	""	""
5313	2018-06-21T00:00:00	09:14:00	SEM VÍTIMA	FINALIZADA	CAXANGÁ	AV CAXANGA	""	RUA GASTAO VIDIGAL	EM FRENTE A UPA/ CRUZAMENTO COM A ENTRADA DO PADRE CICERO	AV CAXANGA	""	EM FRENTE A UPA/ CRUZAMENTO COM A ENTRADA DO PADRE CICERO	CAXANGÁ		""	COLISÃO	DOIS AUTOS S/V	2									0		""	""	""	""	""	""	""	""	""	""	""	""	""
5314	2018-06-21T00:00:00	09:16:00	SEM VÍTIMA	FINALIZADA	PINA	AV BEIRA RIO	""	""	EM FRENTE AO TUNEL CHICO SCIENCE, SEMAFORO 659	AV BEIRA RIO	""	EM FRENTE AO TUNEL CHICO SCIENCE, SEMAFORO 659	PINA		""	COLISÃO	DOIS AUTOS SV	2									0		""	""	""	""	""	""	""	""	""	""	""	""	""
5315	2018-06-21T00:00:00	09:42:00	SEM VÍTIMA	FINALIZADA	AFOGADOS	RUA ASTORGA	""	RUA PAULO DE BARROS	RUA PAULO DE BARROS COM UM CRUZAMENTO DA RUA ASTOGA/NA ESQUINA DO RESTAURANTE O MINEIRO	RUA ASTORGA	""	RUA PAULO DE BARROS COM UM CRUZAMENTO DA RUA ASTOGA/NA ESQUINA DO RESTAURANTE O MINEIRO	AFOGADOS		""	COLISÃO	DOIS AUTOS S/V	2									0		""	""	""	""	""	""	""	""	""	""	""	""	""
5316	2018-06-21T00:00:00	09:43:00	SEM VÍTIMA	FINALIZADA	BEBERIBE	PRC DA CONVENCAO	""	""	EM FRENTE A PRAÇA DA CONVENÇÃO	PRC DA CONVENCAO	""	EM FRENTE A PRAÇA DA CONVENÇÃO	BEBERIBE		""	COLISÃO	SEM VITIMAS	1					1				0		""	""	""	""	""	""	""	""	""	""	""	""	""
5317	2018-06-21T00:00:00	10:04:00	COM VÍTIMA	FINALIZADA	MACAXEIRA	AV NORTE	""	""	ROTATORIA DA MACAXEIRA	AV NORTE	""	ROTATORIA DA MACAXEIRA	MACAXEIRA		""	TOMBAMENTO	MOTO DERRAPU EM VIRTUDE DE ÓLEO NA VIA		1								2		""	""	""	""	""	""	""	""	""	""	""	""	""
5318	2018-06-21T00:00:00	10:34:00	SEM VÍTIMA	CANCELADA	ESPINHEIRO	AV CONS ROSA E SILVA	""	""	EM FRENTE AO HSE( INORMACAO DO ORIENTADOR DE TRANSITO)	AV CONS ROSA E SILVA	""	EM FRENTE AO HSE( INORMACAO DO ORIENTADOR DE TRANSITO)	ESPINHEIRO		""	COLISÃO	MOTO COM AUTOSS/V	1	1								0		""	""	""	""	""	""	""	""	""	""	""	""	""
5319	2018-06-21T00:00:00	11:23:00	SEM VÍTIMA	FINALIZADA	IBURA	AV DOIS RIOS	""	""	SEMÁFORO 561 E/F A OTICA ESPERANÇA	AV DOIS RIOS	""	SEMÁFORO 561 E/F A OTICA ESPERANÇA	IBURA		""	COLISÃO	SEM VÍTIMAS	3									0		""	""	""	""	""	""	""	""	""	""	""	""	""
5320	2018-06-21T00:00:00	12:01:00	SEM VÍTIMA	FINALIZADA	NOVA DESCOBERTA	RUA CORREGO DA AREIA	2143	""	EM FRENTE AO MERCADO CAMPEAO	RUA CORREGO DA AREIA	2143	EM FRENTE AO MERCADO CAMPEAO	NOVA DESCOBERTA		""	COLISÃO	DOIS AUTOS	1						1			0		""	""	""	""	""	""	""	""	""	""	""	""	""
5321	2018-06-21T00:00:00	11:42:00	SEM VÍTIMA	FINALIZADA	MADALENA	AV JOSE GONCALVES DE MEDEIROS	""	""	AO POLICLINICA LESSA DE ANDRADE, SEMAFORO 353	AV JOSE GONCALVES DE MEDEIROS	""	AO POLICLINICA LESSA DE ANDRADE, SEMAFORO 353	MADALENA		""	COLISÃO	AUTO E ONIBUS	1					1				0		""	""	""	""	""	""	""	""	""	""	""	""	""
5322	2018-06-21T00:00:00	12:42:00	SEM VÍTIMA	FINALIZADA	ENCRUZILHADA	RUA AMARO COUTINHO	315	""	POR TRAS DO MERCADO DA ENCRUZNHADA	RUA AMARO COUTINHO	315	POR TRAS DO MERCADO DA ENCRUZNHADA	ENCRUZILHADA		""	COLISÃO	COLISAO ENTRE DOIS AUTOS S/V	2									0		""	""	""	""	""	""	""	""	""	""	""	""	""
5323	2018-06-21T00:00:00	15:12:00	SEM VÍTIMA	FINALIZADA	ILHA DO RETIRO	AV JOSE GONCALVES DE MEDEIROS	149	""	PROX AO CLUBE DO SPORT E A FARMACIA PAGUE MENOS S/T ESTRADA DOS REMEDIOS	AV JOSE GONCALVES DE MEDEIROS	149	PROX AO CLUBE DO SPORT E A FARMACIA PAGUE MENOS S/T ESTRADA DOS REMEDIOS	ILHA DO RETIRO		""	COLISÃO	COLISAO ENTRE AUTO E MOTO S/V	1	1								0		""	""	""	""	""	""	""	""	""	""	""	""	""
5324	2018-06-21T00:00:00	15:12:00	COM VÍTIMA	FINALIZADA	AFOGADOS	RUA VINTE E UM DE ABRIL	""	""	PRÓXIMO AO MERCADO PÚBLICO	RUA VINTE E UM DE ABRIL	""	PRÓXIMO AO MERCADO PÚBLICO	AFOGADOS		""	COLISÃO	COLISÃO ENTRE AUTO E MOTO COM 1 VÍTIMA	1	1								1		""	""	""	""	""	""	""	""	""	""	""	""	""
5325	2018-06-21T00:00:00	15:52:00	COM VÍTIMA	FINALIZADA	SÃO JOSÉ	AV SUL	""	""	PRAÇA SERGIO LORETO- POSTO BR	AV SUL	""	PRAÇA SERGIO LORETO- POSTO BR	SÃO JOSÉ		""	COLISÃO	COLISÃO COM VITIMA	1	1								1		""	""	""	""	""	""	""	""	""	""	""	""	""
5326	2018-06-21T00:00:00	15:55:00	SEM VÍTIMA	FINALIZADA	BOA VIAGEM	AV CONSELHEIRO AGUIAR	""	""	EM FRENTE A PRACINHA, SEMAFORO 318	AV CONSELHEIRO AGUIAR	""	EM FRENTE A PRACINHA, SEMAFORO 318	BOA VIAGEM		""	COLISÃO	AUTO E ONIBUS 	1					1				0		""	""	""	""	""	""	""	""	""	""	""	""	""
5327	2018-06-21T00:00:00	16:00:00	SEM VÍTIMA	FINALIZADA	BOA VISTA	RUA DO SOSSEGO	264	""	EM FRENTE A FEDERAÇAO DO COMERCIO	RUA DO SOSSEGO	264	EM FRENTE A FEDERAÇAO DO COMERCIO	BOA VISTA		""	COLISÃO	TRES MOTOS E TRES AUTOS	3									0		""	""	""	""	""	""	""	""	""	""	""	""	""
5328	2018-06-21T00:00:00	16:22:00	COM VÍTIMA	FINALIZADA	TEJIPIÓ	AV DR JOSE RUFINO	""	""	EM FRENTE AO 4 BCOM	AV DR JOSE RUFINO	""	EM FRENTE AO 4 BCOM	TEJIPIÓ		""	COLISÃO	COLISÃO COM VITIMA	1	1								1		""	""	""	""	""	""	""	""	""	""	""	""	""
5329	2018-06-21T00:00:00	16:42:00	SEM VÍTIMA	FINALIZADA	IMBIRIBEIRA	AV GENERAL MAC ARTHUR	277	""	EM FRENTE A IGREJA SARA NOSSA TERRA	AV GENERAL MAC ARTHUR	277	EM FRENTE A IGREJA SARA NOSSA TERRA	IMBIRIBEIRA		""	COLISÃO	DOIS AUTOS	2									0		""	""	""	""	""	""	""	""	""	""	""	""	""
5330	2018-06-21T00:00:00	17:00:00	COM VÍTIMA	FINALIZADA	CORDEIRO	RUA ODETE MONTEIRO	36	""	PROX. AO POSTO PETROCAL	RUA ODETE MONTEIRO	36	PROX. AO POSTO PETROCAL	CORDEIRO		""	COLISÃO	AUTO E MOTO	1	1								1		""	""	""	""	""	""	""	""	""	""	""	""	""
5331	2018-06-21T00:00:00	17:43:00	SEM VÍTIMA	CANCELADA	ESPINHEIRO	RUA QUARENTA E OITO	447	""	E/F THORPE´S BRIGADERIA	RUA QUARENTA E OITO	447	E/F THORPE´S BRIGADERIA	ESPINHEIRO		""	COLISÃO	COLISAO ENTRE DOIS AUTOS S/V	2									0		""	""	""	""	""	""	""	""	""	""	""	""	""
5332	2018-06-21T00:00:00	17:53:00	COM VÍTIMA	FINALIZADA	IPUTINGA	AV CAXANGA	3124	""	APOS O EXTRA E/F MOVIDA AUTOS S/T CAMARAGIBE	AV CAXANGA	3124	APOS O EXTRA E/F MOVIDA AUTOS S/T CAMARAGIBE	IPUTINGA		""	COLISÃO	COLISAO ENTRE AUTO E MOTO COM UMA VITIMA	1	1								1		""	""	""	""	""	""	""	""	""	""	""	""	""
5333	2018-06-21T00:00:00	18:58:00	VÍTIMA FATAL	FINALIZADA	TAMARINEIRA	AV PROFESSOR JOSE DOS ANJOS	5	""	ANTES DO SESC DE CASA AMARELA, NA RUA DO CAMPO DE ANTÔNIO LUIZ NETO	AV PROFESSOR JOSE DOS ANJOS	5	ANTES DO SESC DE CASA AMARELA, NA RUA DO CAMPO DE ANTÔNIO LUIZ NETO	TAMARINEIRA		""	ATROPELAMENTO	ENTRE CICLISTA E AUTO. C/V	1				1					0	1	""	""	""	""	""	""	""	""	""	""	""	""	""
5334	2018-06-21T00:00:00	19:15:00	SEM VÍTIMA	FINALIZADA	SANTO AMARO	AV GOVERNADOR AGAMENON MAGALHAES	""	""	PRÓX AO VIADUTO, SNT OLINDA	AV GOVERNADOR AGAMENON MAGALHAES	""	PRÓX AO VIADUTO, SNT OLINDA	SANTO AMARO		""	COLISÃO	ENTRE ÔNIBUS E AUTO. S/V	1					1				0		""	""	""	""	""	""	""	""	""	""	""	""	""
5335	2018-06-21T00:00:00	19:18:00	SEM VÍTIMA	FINALIZADA	IMBIRIBEIRA	RUA JAMAICA	198	""	E/F A IGREJA PRESBITERIANA DO BRASIL	RUA JAMAICA	198	E/F A IGREJA PRESBITERIANA DO BRASIL	IMBIRIBEIRA		""	ENGAVETAMENTO	ENTRE 3 AUTOS. S/V	3									0		""	""	""	""	""	""	""	""	""	""	""	""	""
5336	2018-06-21T00:00:00	19:26:00	SEM VÍTIMA	FINALIZADA	ÁGUA FRIA	AV BEBERIBE	""	""	PRÓX AO MERCADO DE ÁGUA FRIA / E/F AO POSTO BR E GRANJA SELECTA, SNT SUB	AV BEBERIBE	""	PRÓX AO MERCADO DE ÁGUA FRIA / E/F AO POSTO BR E GRANJA SELECTA, SNT SUB	ÁGUA FRIA		""	COLISÃO	ENTRE AUTO E CAMINHÃO. S/V	1						1			0		""	""	""	""	""	""	""	""	""	""	""	""	""
5337	2018-06-21T00:00:00	19:36:00	SEM VÍTIMA	FINALIZADA	ILHA DO LEITE	RUA GENERAL JOAQUIM INACIO	""	""	E/F AO RESTAURANTE SKILLUS // SEMÁFORO 653	RUA GENERAL JOAQUIM INACIO	""	E/F AO RESTAURANTE SKILLUS // SEMÁFORO 653	ILHA DO LEITE		""	COLISÃO	ENTRE 2 AUTOS. S/V	2									0		""	""	""	""	""	""	""	""	""	""	""	""	""
5338	2018-06-21T00:00:00	20:05:00	SEM VÍTIMA	FINALIZADA	DERBY	AV GOVERNADOR AGAMENON MAGALHAES	""	""	SEMÁFORO 417 / PRÓX AO RESTAURANTE SPETTUS	AV GOVERNADOR AGAMENON MAGALHAES	""	SEMÁFORO 417 / PRÓX AO RESTAURANTE SPETTUS	DERBY		""	COLISÃO	ENTRE ÔNIBUS E AUTO PASSEIO. S/V	1					1				0		""	""	""	""	""	""	""	""	""	""	""	""	""
5339	2018-06-21T00:00:00	20:32:00	SEM VÍTIMA	FINALIZADA	ARRUDA	AV BEBERIBE	1227	""	ENF AO CAMPO DO ARRUDA	AV BEBERIBE	1227	ENF AO CAMPO DO ARRUDA	ARRUDA		""	COLISÃO	FIAT/UNO X MOTO	1	1								0		""	""	""	""	""	""	""	""	""	""	""	""	""
5340	2018-06-21T00:00:00	20:59:00	SEM VÍTIMA	FINALIZADA	DERBY	AV GOVERNADOR AGAMENON MAGALHAES	138	""	ENF AO FACE IMAGEM VIA PRINCIPAL SENTIDO BOA VIAGEM	AV GOVERNADOR AGAMENON MAGALHAES	138	ENF AO FACE IMAGEM VIA PRINCIPAL SENTIDO BOA VIAGEM	DERBY		""	COLISÃO	ONIX PRATA X RENO SANDERO BRANCO	2									0		""	""	""	""	""	""	""	""	""	""	""	""	""
5341	2018-06-21T00:00:00	21:21:00	SEM VÍTIMA	FINALIZADA	ARRUDA	AV BEBERIBE	1021	""	POSTO BR ENF A CENTRAL DE ATENDIMENTO AO CIDADDAO	AV BEBERIBE	1021	POSTO BR ENF A CENTRAL DE ATENDIMENTO AO CIDADDAO	ARRUDA		""	COLISÃO	ONIX X CAMINHONETA HR	2									0		""	""	""	""	""	""	""	""	""	""	""	""	""