_id	DATA	hora	natureza_acidente	situacao	bairro	endereco	numero	detalhe_endereco_acidente	complemento	endereco_cruzamento	numero_cruzamento	referencia_cruzamento	bairro_cruzamento	num_semaforo	sentido_via	tipo	descricao	auto	moto	ciclom	ciclista	pedestre	onibus	caminhao	viatura	outros	vitimas	vitimasfatais	acidente_verificado	tempo_clima	situacao_semaforo	sinalizacao	condicao_via	conservacao_via	ponto_controle	situacao_placa	velocidade_max_via	mao_direcao	divisao_via1	divisao_via2	divisao_via3
5342	2018-06-21T00:00:00	21:27:00	COM VÍTIMA	FINALIZADA	BOA VIAGEM	RUA DEZ DE JULHO	""	RUA VINTE DE JANEIRO	COM A RUA 20 DE JANEIRO	RUA DEZ DE JULHO	""	COM A RUA 20 DE JANEIRO	BOA VIAGEM		""	COLISÃO	COLISÃO ONIBUS E AUTO COM VITIMA	1					1				1		""	""	""	""	""	""	""	""	""	""	""	""	""
5343	2018-06-21T00:00:00	21:44:00	SEM VÍTIMA	FINALIZADA	CASA AMARELA	EST DO ARRAIAL	3851	""	E/F AO BANCO BRADESCO E NAS PROXIMIDADES DO BANCO SANTANDER	EST DO ARRAIAL	3851	E/F AO BANCO BRADESCO E NAS PROXIMIDADES DO BANCO SANTANDER	CASA AMARELA		""	COLISÃO	ENTRE 2 AUTOS. S/V	2									0		""	""	""	""	""	""	""	""	""	""	""	""	""
5344	2018-06-21T00:00:00	23:33:00	SEM VÍTIMA	FINALIZADA	PINA	AV HERCULANO BANDEIRA	""	RUA ARQUITETO AUGUSTO REINALDO	CRUZAMENTO COM A RUA ARQUITETO AUGUSTO REINADO PROX AO ATACADO DOS PRESENTES	AV HERCULANO BANDEIRA	""	CRUZAMENTO COM A RUA ARQUITETO AUGUSTO REINADO PROX AO ATACADO DOS PRESENTES	PINA		""	COLISÃO	GOL X ONIBUS 	1					1				0		""	""	""	""	""	""	""	""	""	""	""	""	""
5345	2018-06-21T00:00:00	23:38:00	SEM VÍTIMA	CANCELADA	GRAÇAS	RUA AMELIA	896	AV RUI BARBOSA	CRUZANDO A AV RUI BARBOSA / DE ESQUINA COM O POSTO SHELL E BR / PROXIMIDADES DA TOP CENTER GRAÇAS	RUA AMELIA	896	CRUZANDO A AV RUI BARBOSA / DE ESQUINA COM O POSTO SHELL E BR / PROXIMIDADES DA TOP CENTER GRAÇAS	GRAÇAS		""	COLISÃO	ENTRE AUTO E MOTO. S/V	1	1								0		""	""	""	""	""	""	""	""	""	""	""	""	""
5346	2018-06-22T00:00:00	06:17:00	SEM VÍTIMA	FINALIZADA	TORRE	RUA REAL DA TORRE	""	RUA MANOEL BERNARDES	CRUZ COM A RUA MANOEL BERNARDES EM FRENTE AO POPSTO DE GASOLINA TORRE	RUA REAL DA TORRE	""	CRUZ COM A RUA MANOEL BERNARDES EM FRENTE AO POPSTO DE GASOLINA TORRE	TORRE		""	COLISÃO	COLISÃO SEM VITIMAS	1	1								0		""	""	""	""	""	""	""	""	""	""	""	""	""
5347	2018-06-22T00:00:00	07:53:00	SEM VÍTIMA	FINALIZADA	JARDIM SÃO PAULO	RUA LEANDRO BARRETO	114	""	PERTO DAS TRÊS TORRES DA AV. LIBERDADE	RUA LEANDRO BARRETO	114	PERTO DAS TRÊS TORRES DA AV. LIBERDADE	JARDIM SÃO PAULO		""	COLISÃO	""	1	1								0		""	""	""	""	""	""	""	""	""	""	""	""	""
5348	2018-06-22T00:00:00	10:02:00	SEM VÍTIMA	FINALIZADA	AFOGADOS	AV SUL	""	""	SENTIDO CIDADE EM BAIXO DO SEMAFORO 073	AV SUL	""	SENTIDO CIDADE EM BAIXO DO SEMAFORO 073	AFOGADOS		""	COLISÃO	COLISÃO SEM VITIMAS	1						1			0		""	""	""	""	""	""	""	""	""	""	""	""	""
5349	2018-06-22T00:00:00	09:27:00	SEM VÍTIMA	FINALIZADA	BOMBA DO HEMETÉRIO	RUA BOMBA DO HEMETERIO	""	""	EM FRENTE A FEIRA DA RODINHA	RUA BOMBA DO HEMETERIO	""	EM FRENTE A FEIRA DA RODINHA	BOMBA DO HEMETÉRIO		""	COLISÃO	COLISÃO SEM VITIMAS	2									0		""	""	""	""	""	""	""	""	""	""	""	""	""
5350	2018-06-22T00:00:00	12:28:00	COM VÍTIMA	FINALIZADA	IBURA	AV DOIS RIOS	1289	""	PROX. A POLICLINICA, EM FRENTE A IGREJA PAZ E VIDA	AV DOIS RIOS	1289	PROX. A POLICLINICA, EM FRENTE A IGREJA PAZ E VIDA	IBURA		""	COLISÃO	MOTO E AUTO	1	1								1		""	""	""	""	""	""	""	""	""	""	""	""	""
5351	2018-06-22T00:00:00	12:20:00	SEM VÍTIMA	FINALIZADA	BOA VIAGEM	RUA VISCONDE DE JEQUITINHONHA	""	""	C/ R. DOM JOSÉ LOPES	RUA VISCONDE DE JEQUITINHONHA	""	C/ R. DOM JOSÉ LOPES	BOA VIAGEM		""	COLISÃO	COLISÃO SEM VÍTIMA										0		""	""	""	""	""	""	""	""	""	""	""	""	""
5352	2018-06-22T00:00:00	13:14:00	COM VÍTIMA	FINALIZADA	CAXANGÁ	RUA MARECHAL MANOEL LUIS OSORIO	85	""	EM FRENTE AO EDF. RIO PUROS, E AO HAPIVIDA	RUA MARECHAL MANOEL LUIS OSORIO	85	EM FRENTE AO EDF. RIO PUROS, E AO HAPIVIDA	CAXANGÁ		""	ATROPELAMENTO	AUTO E PEDESTRE	1				1					1		""	""	""	""	""	""	""	""	""	""	""	""	""
5353	2018-06-22T00:00:00	13:36:00	SEM VÍTIMA	FINALIZADA	SANTO AMARO	RUA CAPITAO LIMA	""	RUA CAPITAO LIMA	CRUZAMENTO DA CAPITAO LIMA /COM A RUA DA FUNDICAO/PROXIMO DA TV JORNAL	RUA CAPITAO LIMA	""	CRUZAMENTO DA CAPITAO LIMA /COM A RUA DA FUNDICAO/PROXIMO DA TV JORNAL	SANTO AMARO		""	COLISÃO	DOIS AUTOS S/V	2									0		""	""	""	""	""	""	""	""	""	""	""	""	""
5354	2018-06-22T00:00:00	13:52:00	COM VÍTIMA	FINALIZADA	CABANGA	AV SUL	""	""	NA ENTRADA DO CABANGA, SENTIDO CID/SUB. ÁPOS O SEMÁFORO 260, PRÓXIMO A PARADA DE ÔNIBUS 180009	AV SUL	""	NA ENTRADA DO CABANGA, SENTIDO CID/SUB. ÁPOS O SEMÁFORO 260, PRÓXIMO A PARADA DE ÔNIBUS 180009	CABANGA		""	COLISÃO COM CICLISTA	ONIBUS E CICLISTA				2		1				2		""	""	""	""	""	""	""	""	""	""	""	""	""
5355	2018-06-22T00:00:00	13:54:00	SEM VÍTIMA	FINALIZADA	CASA AMARELA	RUA CONS PERETTI	130	""	POR TRAS DA LOJA TROPICAL	RUA CONS PERETTI	130	POR TRAS DA LOJA TROPICAL	CASA AMARELA		""	COLISÃO	DOIS AUTOS	2									0		""	""	""	""	""	""	""	""	""	""	""	""	""
5356	2018-06-22T00:00:00	14:00:00	COM VÍTIMA	FINALIZADA	IBURA	AV RECIFE	2801	""	APOS O POSTO DE GASOLINA FEDERAL, EM FRENTE A MERCANTIL BATERIAS	AV RECIFE	2801	APOS O POSTO DE GASOLINA FEDERAL, EM FRENTE A MERCANTIL BATERIAS	IBURA		""	COLISÃO	MOTO E DOIS AUTOS	2	1								1		""	""	""	""	""	""	""	""	""	""	""	""	""
5357	2018-06-22T00:00:00	14:21:00	COM VÍTIMA	FINALIZADA	DERBY	AV GOVERNADOR AGAMENON MAGALHAES	""	""	HENRIQUE DIAS E/F AO BRADESCO PRIME	AV GOVERNADOR AGAMENON MAGALHAES	""	HENRIQUE DIAS E/F AO BRADESCO PRIME	DERBY		""	COLISÃO	HONDA CG 150 X UNO WAY										1		""	""	""	""	""	""	""	""	""	""	""	""	""
5358	2018-06-22T00:00:00	14:47:00	SEM VÍTIMA	FINALIZADA	BOA VIAGEM	AV MARECHAL MASCARENHAS DE MORAES	""	""	ANTES DO VIADUTO TANCREDO NEVES/SENTIDO BOA VIAGEM	AV MARECHAL MASCARENHAS DE MORAES	""	ANTES DO VIADUTO TANCREDO NEVES/SENTIDO BOA VIAGEM	BOA VIAGEM		""	COLISÃO	AUTO E ONIBUS S/V	1					1				0		""	""	""	""	""	""	""	""	""	""	""	""	""
5359	2018-06-22T00:00:00	15:08:00	SEM VÍTIMA	FINALIZADA	IMBIRIBEIRA	AV ENGENHEIRO ALVES DE SOUZA	759	""	EM FRENTE A BOTICARIO	AV ENGENHEIRO ALVES DE SOUZA	759	EM FRENTE A BOTICARIO	IMBIRIBEIRA		""	COLISÃO	AUTO E ONIBUS S/V	1					1				0		""	""	""	""	""	""	""	""	""	""	""	""	""
5360	2018-06-22T00:00:00	15:34:00	COM VÍTIMA	CANCELADA	TORRÕES	AV ENGENHEIRO ABDIAS DE CARVALHO	""	""	DEFRONTE A UPA	AV ENGENHEIRO ABDIAS DE CARVALHO	""	DEFRONTE A UPA	TORRÕES		""	COLISÃO	COLISAO COM VITIMA ENTRE AUTO E MOTO	1	1								1		""	""	""	""	""	""	""	""	""	""	""	""	""
5361	2018-06-22T00:00:00	16:02:00	SEM VÍTIMA	CANCELADA	DERBY	AV GOVERNADOR AGAMENON MAGALHAES	""	""	EM FRENTE AO FACE IMAGEM, SENT. BOA VIAGEM	AV GOVERNADOR AGAMENON MAGALHAES	""	EM FRENTE AO FACE IMAGEM, SENT. BOA VIAGEM	DERBY		""	COLISÃO	DOIS ONIBUS						2				0		""	""	""	""	""	""	""	""	""	""	""	""	""
5362	2018-06-22T00:00:00	17:38:00	SEM VÍTIMA	FINALIZADA	CAJUEIRO	RUA CORONEL URBANO RIBEIRO DE SENA	""	""	CRUZANDO A R DOS PEXINHOS / PRÓX A ACADEMIA DA CIDADE	RUA CORONEL URBANO RIBEIRO DE SENA	""	CRUZANDO A R DOS PEXINHOS / PRÓX A ACADEMIA DA CIDADE	CAJUEIRO		""	COLISÃO	ENTRE MICRO ÔNIBUS E AUTO PASSEIO. S/V	1					1				0		""	""	""	""	""	""	""	""	""	""	""	""	""
5363	2018-06-22T00:00:00	17:57:00	SEM VÍTIMA	FINALIZADA	VASCO DA GAMA	AV NORTE	""	""	E/F A CAIXA ECONÔMICA E PRÓX AO POSTO BR E MATERNIDADE BARROS LIMA	AV NORTE	""	E/F A CAIXA ECONÔMICA E PRÓX AO POSTO BR E MATERNIDADE BARROS LIMA	VASCO DA GAMA		""	COLISÃO	ENTRE AUTO E MOTO. C/V	1	1								0		""	""	""	""	""	""	""	""	""	""	""	""	""
5364	2018-06-22T00:00:00	18:29:00	SEM VÍTIMA	CANCELADA	IBURA	AV DOIS RIOS	""	""	E/F A POLICLINICA DO IBURA, SNT BR 101	AV DOIS RIOS	""	""	IBURA		""	COLISÃO	DOIS AUTOS S/V	2									0		""	""	""	""	""	""	""	""	""	""	""	""	""
5365	2018-06-22T00:00:00	18:44:00	COM VÍTIMA	FINALIZADA	CASA FORTE	RUA DA HARMONIA	""	""	EM FRENTE DA MERCEARIA DO SEU ARTHU/AO LADO DA CASA DE FESTA PLANETA A	RUA DA HARMONIA	""	EM FRENTE DA MERCEARIA DO SEU ARTHU/AO LADO DA CASA DE FESTA PLANETA A	CASA FORTE		""	COLISÃO	AUTO E MOTO C/V	1	1								1		""	""	""	""	""	""	""	""	""	""	""	""	""
5366	2018-06-23T00:00:00	01:49:00	SEM VÍTIMA	FINALIZADA	VASCO DA GAMA	AV NORTE	""	RUA PADRE LEMOS	CRUZAMENTO COM RUA PADRE LEMOS, SEMAFORO 066	AV NORTE	""	CRUZAMENTO COM RUA PADRE LEMOS, SEMAFORO 066	VASCO DA GAMA		""	COLISÃO	COLISÃO ENTRE DOIS AUTOS S/V	2									0		""	""	""	""	""	""	""	""	""	""	""	""	""
5367	2018-06-23T00:00:00	07:45:00	SEM VÍTIMA	FINALIZADA	BOA VIAGEM	RUA FAUSTINO PORTO	151	RUA FRANCISCO DA CUNHA	COM FRANCISCO DA CUNHA, DE ESQUINA COM A ESCOLA BEM ME QUER	RUA FAUSTINO PORTO	151	COM FRANCISCO DA CUNHA, DE ESQUINA COM A ESCOLA BEM ME QUER	BOA VIAGEM		""	COLISÃO	DOIS AUTOS	2									0		""	""	""	""	""	""	""	""	""	""	""	""	""
5368	2018-06-23T00:00:00	09:51:00	SEM VÍTIMA	FINALIZADA	TEJIPIÓ	RUA FALCAO DE LACERDA	467	""	EM FRENTE A ASSEMBLEIA DE DEUS	RUA FALCAO DE LACERDA	467	EM FRENTE A ASSEMBLEIA DE DEUS	TEJIPIÓ		""	COLISÃO	TAXI E AUTO PASSEIO	2									0		""	""	""	""	""	""	""	""	""	""	""	""	""
5369	2018-06-23T00:00:00	10:42:00	SEM VÍTIMA	CANCELADA	SÃO JOSÉ	RUA IMPERIAL	961	""	EM FRENTE AO HOTEL CRISTAL	RUA IMPERIAL	961	EM FRENTE AO HOTEL CRISTAL	SÃO JOSÉ		""	COLISÃO	TAXI E AUTO PASSEIO	2									0		""	""	""	""	""	""	""	""	""	""	""	""	""
5370	2018-06-23T00:00:00	10:45:00	SEM VÍTIMA	FINALIZADA	JORDÃO	AV MARIA IRENE	277	""	PROX A BASE AREA	AV MARIA IRENE	277	PROX A BASE AREA	JORDÃO		""	COLISÃO	COLISÃO SEM VITIMAS	2									0		""	""	""	""	""	""	""	""	""	""	""	""	""
5371	2018-06-23T00:00:00	11:00:00	SEM VÍTIMA	FINALIZADA	TORRÕES	AV BICENTENARIO DA REVOLUCAO FRANCESA	""	""	EM FRENTE AO TERMINAL DE ONIBUS DE RODA DE FOGO	AV BICENTENARIO DA REVOLUCAO FRANCESA	""	EM FRENTE AO TERMINAL DE ONIBUS DE RODA DE FOGO	TORRÕES		""	COLISÃO	ONIBUS E AUTO	1					1				0		""	""	""	""	""	""	""	""	""	""	""	""	""
5372	2018-06-23T00:00:00	13:02:00	COM VÍTIMA	FINALIZADA	CAXANGÁ	AV CAXANGA	""	""	EM FRNTE AO BANCO BRADESCO /COM O MUSEU DA ABOLICAO	AV CAXANGA	""	EM FRNTE AO BANCO BRADESCO /COM O MUSEU DA ABOLICAO	CAXANGÁ		""	COLISÃO	AUTO E MOTO	1	1								1		""	""	""	""	""	""	""	""	""	""	""	""	""
5373	2018-06-23T00:00:00	13:29:00	COM VÍTIMA	FINALIZADA	ROSARINHO	AV NORTE	33	""	EM FRENTE AO POSTO SHELL	AV NORTE	33	EM FRENTE AO POSTO SHELL	ROSARINHO		""	COLISÃO	COLISÃO COM VITIMA										1		""	""	""	""	""	""	""	""	""	""	""	""	""
5374	2018-06-23T00:00:00	14:23:00	SEM VÍTIMA	FINALIZADA	CASA AMARELA	AV NORTE	""	""	EM FRENTE AO CONSELHO TUTELAR/ SENTIDO MACAXEIRA	AV NORTE	""	EM FRENTE AO CONSELHO TUTELAR/ SENTIDO MACAXEIRA	CASA AMARELA		""	ENGAVETAMENTO	COLISÃO SEM VÍTIMA	4									0		""	""	""	""	""	""	""	""	""	""	""	""	""
5375	2018-06-23T00:00:00	15:09:00	SEM VÍTIMA	FINALIZADA	PARNAMIRIM	AV PARNAMIRIM	22	""	ANTES DO HOSPITAL MARIA LUCINDA/EM FRENTE DO POSTO SHEEL	AV PARNAMIRIM	22	ANTES DO HOSPITAL MARIA LUCINDA/EM FRENTE DO POSTO SHEEL	PARNAMIRIM		""	COLISÃO	DOIS AUTOS E DUAS MOTOS	2	2								0		""	""	""	""	""	""	""	""	""	""	""	""	""
5376	2018-06-23T00:00:00	18:25:00	SEM VÍTIMA	CANCELADA	CAMPO GRANDE	RUA BENJAMIN CONSTANT	""	""	EM FRENTE AO CENTRO DE CONVENCOES/NA RUA DA CALANGA( EMPRESA)	RUA BENJAMIN CONSTANT	""	EM FRENTE AO CENTRO DE CONVENCOES/NA RUA DA CALANGA( EMPRESA)	CAMPO GRANDE		""	COLISÃO	AUTO E CAMIHAO	1						1			0		""	""	""	""	""	""	""	""	""	""	""	""	""
5377	2018-06-23T00:00:00	18:35:00	COM VÍTIMA	CANCELADA	CORDEIRO	AV GENERAL SAN MARTIN	478	""	EM FRENTE AO CHEUS CONSTRUÇÕES//EM FRENTE A SORVETERIA MUG	AV GENERAL SAN MARTIN	478	EM FRENTE AO CHEUS CONSTRUÇÕES//EM FRENTE A SORVETERIA MUG	CORDEIRO		""	COLISÃO	COLISÃO ENTRE AUTO E MOTO C/V	1	1								1		""	""	""	""	""	""	""	""	""	""	""	""	""
5378	2018-06-23T00:00:00	18:58:00	SEM VÍTIMA	FINALIZADA	JOANA BEZERRA	VIADUTO CAPITAO TEMUDO	""	""	EM CIMA DO VIADUTO CAPITAO TEMUDO SENTIDO BOA VIAGEM	VIADUTO CAPITAO TEMUDO	""	EM CIMA DO VIADUTO CAPITAO TEMUDO SENTIDO BOA VIAGEM	JOANA BEZERRA		""	COLISÃO	TRES AUTOS	3									0		""	""	""	""	""	""	""	""	""	""	""	""	""
5379	2018-06-23T00:00:00	19:51:00	SEM VÍTIMA	FINALIZADA	AFOGADOS	AV DR JOSE RUFINO	""	""	PROX EMPRESA DE ONIBUS ASTRO TUR E COLEGIO VISAO	AV DR JOSE RUFINO	""	PROX EMPRESA DE ONIBUS ASTRO TUR E COLEGIO VISAO	AFOGADOS		""	COLISÃO	TRES AUTOS S/V	3									0		""	""	""	""	""	""	""	""	""	""	""	""	""
5380	2018-06-23T00:00:00	20:30:00	SEM VÍTIMA	FINALIZADA	AFLITOS	RUA TELES JUNIOR	""	""	PROX DA FÁRMACIA EXTRA, PROX DO EMPORIO BAIANO	RUA TELES JUNIOR	""	PROX DA FÁRMACIA EXTRA, PROX DO EMPORIO BAIANO	AFLITOS		""	COLISÃO	COLISÃO ENTRE AUTO E CAMINHÃO S/C	1						1			0		""	""	""	""	""	""	""	""	""	""	""	""	""
5381	2018-06-23T00:00:00	21:07:00	SEM VÍTIMA	FINALIZADA	PARNAMIRIM	EST DO ENCANAMENTO	""	AV DEZESSETE DE AGOSTO	CRUZAMENTO COM A AV DEZESSETE DE AGOSTO	EST DO ENCANAMENTO	""	CRUZAMENTO COM A AV DEZESSETE DE AGOSTO	PARNAMIRIM		""	COLISÃO	COLISÃO ENTRE DOIS AUTOS S/V	2									0		""	""	""	""	""	""	""	""	""	""	""	""	""
5382	2018-06-23T00:00:00	21:44:00	COM VÍTIMA	FINALIZADA	CORDEIRO	RUA GOMES TABORDA	376	""	EM FRENTE AO APPLE MOTEL, PROX DA MADEREIRA SÃO JUDAS TADEU, SGT MATRICULA 9854946 DESPACHANTE DO CIODS 12º BPM	RUA GOMES TABORDA	376	EM FRENTE AO APPLE MOTEL, PROX DA MADEREIRA SÃO JUDAS TADEU	CORDEIRO		""	COLISÃO	SARG INFORMA QUE OS PROPRIETARIOS SE EVADIRAM DO LOCAL,DEIXANDO OS AUTOS NA VIA COM CHAVE NA INGUINICAO LOCAL RUA DA LAMA										1		""	""	""	""	""	""	""	""	""	""	""	""	""
5383	2018-06-24T00:00:00	00:45:00	SEM VÍTIMA	FINALIZADA	CORDEIRO	RUA RIO CAPIBARIBE	""	AV INACIO MONTEIRO	CRUZAMENTO COM A AVENIDA INACIO MONTEIRO	RUA RIO CAPIBARIBE	""	CRUZAMENTO COM A AVENIDA INACIO MONTEIRO	CORDEIRO		""	COLISÃO	COLISÃO ENTRE UM AUTO E CAMINHÃO S/V	1						1			0		""	""	""	""	""	""	""	""	""	""	""	""	""
5384	2018-06-24T00:00:00	01:04:00	SEM VÍTIMA	FINALIZADA	CASA AMARELA	RUA DA ESTRELA	233	""	PROX DA BARRACA DOS BUGRES, EM FRENTE AO SALÃO JULIANNE ART OF HAIR	RUA DA ESTRELA	233	PROX DA BARRACA DOS BUGRES, EM FRENTE AO SALÃO JULIANNE ART OF HAIR	CASA AMARELA		""	COLISÃO	COLISÃO ENTRE DOIS AUTOS S/V	2									0		""	""	""	""	""	""	""	""	""	""	""	""	""
5385	2018-06-24T00:00:00	06:21:00	SEM VÍTIMA	FINALIZADA	CORDEIRO	AV CAXANGA	4500	AV GENERAL POLIDORO	COM A GENERAL POLIDORO, EM FRENTE AO POSTO DE GASOLINA SHELL	AV CAXANGA	4500	COM A GENERAL POLIDORO, EM FRENTE AO POSTO DE GASOLINA SHELL	CORDEIRO		""	CHOQUE	VEICULO CHOCOU-SE COM POSTE	1									0		""	""	""	""	""	""	""	""	""	""	""	""	""
5386	2018-06-24T00:00:00	06:51:00	SEM VÍTIMA	FINALIZADA	MORRO DA CONCEIÇÃO	AV NORTE	""	""	NA DESCIDA DO MORRO DA CONCEIÇÃO EM BAIXO DO SEMAFORO 312	AV NORTE	""	NA DESCIDA DO MORRO DA CONCEIÇÃO EM BAIXO DO SEMAFORO 312	MORRO DA CONCEIÇÃO		""	COLISÃO	COLISÃO SEM VITIMAS	1	1								0		""	""	""	""	""	""	""	""	""	""	""	""	""
5387	2018-06-24T00:00:00	07:32:00	COM VÍTIMA	FINALIZADA	APIPUCOS	RUA DOIS IRMAOS	""	""	EM FRENTE A FACULDADE MARISTA E O 11º BPM	RUA DOIS IRMAOS	""	EM FRENTE A FACULDADE MARISTA E O 11º BPM	APIPUCOS		""	COLISÃO	COLISÃO SEM VÍTIMA ENTRE UM AUTO E MOTO	1	1								1		""	""	""	""	""	""	""	""	""	""	""	""	""
5388	2018-06-24T00:00:00	08:16:00	COM VÍTIMA	FINALIZADA	MANGUEIRA	RUA DR JOAO ELISIO	241	""	RESIDENCIA EM FRENTE A IGREJA PENTECOSTAL CASA DE ORAÇÃO E AO BAR DO FRANÇA	RUA DR JOAO ELISIO	241	RESIDENCIA EM FRENTE A IGREJA PENTECOSTAL CASA DE ORAÇÃO E AO BAR DO FRANÇA	MANGUEIRA		""	CHOQUE	CONDUTOR BATEU CONTRA POSTE VITIMAS A ESPERA DO SAMU		1								2		""	""	""	""	""	""	""	""	""	""	""	""	""
5389	2018-06-24T00:00:00	10:02:00	SEM VÍTIMA	FINALIZADA	BOA VISTA	RUA TREZE DE MAIO	""	RUA DO HOSPICIO	CRUZ COM A DO HOSPICIO EM FRENTE AO HOSPITAL GERAL DO RECIFE	RUA TREZE DE MAIO	""	CRUZ COM A DO HOSPICIO EM FRENTE AO HOSPITAL GERAL DO RECIFE	BOA VISTA		""	COLISÃO	COLISÃO SEM VITIMAS	1					1				0		""	""	""	""	""	""	""	""	""	""	""	""	""
5390	2018-06-24T00:00:00	11:25:00	COM VÍTIMA	FINALIZADA	BOA VIAGEM	AV ENGENHEIRO DOMINGOS FERREIRA	""	""	PRÓXIMO À DELEGACIA DE POLICIA E O MUNDO DO CABELEREIRO	AV ENGENHEIRO DOMINGOS FERREIRA	""	PRÓXIMO À DELEGACIA DE POLICIA E O MUNDO DO CABELEREIRO	BOA VIAGEM		""	COLISÃO	COM VITIMA	2									2		""	""	""	""	""	""	""	""	""	""	""	""	""
5391	2018-06-24T00:00:00	14:05:00	SEM VÍTIMA	FINALIZADA	JARDIM SÃO PAULO	AV LIBERDADE	428	""	EM FRENTE AO CENTRO DESPORTIVO E FISIOTERAPEUTICO	AV LIBERDADE	428	EM FRENTE AO CENTRO DESPORTIVO E FISIOTERAPEUTICO	JARDIM SÃO PAULO		""	COLISÃO	COLISÃO SEM VÍTIMA	1					1				0		""	""	""	""	""	""	""	""	""	""	""	""	""
5392	2018-06-24T00:00:00	14:20:00	COM VÍTIMA	FINALIZADA	BOA VIAGEM	AV HERCULANO BANDEIRA	""	""	INICIO DA DOMINGOS FERREIRA	AV HERCULANO BANDEIRA	""	INICIO DA DOMINGOS FERREIRA	BOA VIAGEM		""	COLISÃO	COM VÍTIMA	1	1								1		""	""	""	""	""	""	""	""	""	""	""	""	""
5393	2018-06-24T00:00:00	14:21:00	COM VÍTIMA	FINALIZADA	BOA VIAGEM	RUA WALDEMAR NERY CARNEIRO MONTEIRO	500	""	PROXIMO AO CAPS	RUA WALDEMAR NERY CARNEIRO MONTEIRO	500	PROXIMO AO CAPS	BOA VIAGEM		""	COLISÃO	COLISÃO COM VÍTIMA		1				1				1		""	""	""	""	""	""	""	""	""	""	""	""	""
5394	2018-06-24T00:00:00	15:38:00	COM VÍTIMA	FINALIZADA	IPUTINGA	EST DO BARBALHO	""	""	EM FRENTE A CONAB. PRÓXIMO AO DETRAN/PE	EST DO BARBALHO	""	EM FRENTE A CONAB. PRÓXIMO AO DETRAN/PE	IPUTINGA		""	COLISÃO	COM VÍTIMA	1	1								1		""	""	""	""	""	""	""	""	""	""	""	""	""
5395	2018-06-24T00:00:00	15:59:00	SEM VÍTIMA	FINALIZADA	AFOGADOS	RUA COSME VIANA	""	""	PRÓXIMO A TUPAN	RUA COSME VIANA	""	PRÓXIMO A TUPAN	AFOGADOS		""	COLISÃO	""	2									0		""	""	""	""	""	""	""	""	""	""	""	""	""
5396	2018-06-24T00:00:00	17:18:00	SEM VÍTIMA	FINALIZADA	CASA AMARELA	EST DO ARRAIAL	""	""	PROX. AO HOSPITAL AGAMENON MAGALHAES	EST DO ARRAIAL	""	PROX. AO HOSPITAL AGAMENON MAGALHAES	CASA AMARELA		""	COLISÃO	DOIS AUTOS	2									0		""	""	""	""	""	""	""	""	""	""	""	""	""
5397	2018-06-24T00:00:00	20:33:00	SEM VÍTIMA	FINALIZADA	ENCRUZILHADA	AV NORTE	X	""	SEMAFORO 043/EM FRENTE AO BANCO SANTANDER	AV NORTE	X	SEMAFORO 043/EM FRENTE AO BANCO SANTANDER	ENCRUZILHADA		""	COLISÃO	AUTO ONIBUS	1					1				0		""	""	""	""	""	""	""	""	""	""	""	""	""
5398	2018-06-25T00:00:00	00:44:00	COM VÍTIMA	CANCELADA	SAN MARTIN	AV GENERAL SAN MARTIN	""	AV ENG ABDIAS DE CARVALHO	EM FRENTE A FACULDADE ESTÁCIO // CRUZAMENTO COM AV ENG. ABDIAS DE CARVALHO	AV GENERAL SAN MARTIN	""	EM FRENTE A FACULDADE ESTÁCIO // CRUZAMENTO COM AV ENG. ABDIAS DE CARVALHO	SAN MARTIN		""	COLISÃO	COLISÃO ENTRE MOTO E AUTO, COM VÍTIMA	1	1								1		""	""	""	""	""	""	""	""	""	""	""	""	""
5399	2018-06-25T00:00:00	06:50:00	COM VÍTIMA	FINALIZADA	BOA VISTA	AV GOVERNADOR CARLOS DE LIMA CAVALCANTI	75	""	E/F AO EDF. QUATRO DE OUTUBRO	AV GOVERNADOR CARLOS DE LIMA CAVALCANTI	75	E/F AO EDF. QUATRO DE OUTUBRO	BOA VISTA		""	COLISÃO COM CICLISTA	COM UMA VÍTIMA				1						1		""	""	""	""	""	""	""	""	""	""	""	""	""
5400	2018-06-25T00:00:00	07:18:00	SEM VÍTIMA	CANCELADA	DOIS IRMÃOS	RUA RIBEIRO PESSOA	""	""	APOS A FABRICA PINTO FORMOSO SENTIDO RURAL	RUA RIBEIRO PESSOA	""	APOS A FABRICA PINTO FORMOSO SENTIDO RURAL	DOIS IRMÃOS		""	COLISÃO	COLISÃO SEM VITIMAS	1						1			0		""	""	""	""	""	""	""	""	""	""	""	""	""
5401	2018-06-25T00:00:00	07:54:00	SEM VÍTIMA	CANCELADA	AFOGADOS	RUA COSME VIANA	1281	""	EM FRENTE A TUPAN	RUA COSME VIANA	1281	EM FRENTE A TUPAN	AFOGADOS		""	COLISÃO	DOIS AUTOS	2									0		""	""	""	""	""	""	""	""	""	""	""	""	""
5402	2018-06-25T00:00:00	08:14:00	SEM VÍTIMA	CANCELADA	BOA VISTA	RUA DA AURORA	""	""	EM FRENTE AOS CORREIOS	RUA DA AURORA	""	EM FRENTE AOS CORREIOS	BOA VISTA		""	COLISÃO	COLISÃO SEM VITIMAS BT JOSIAS QTH	1					1				0		""	""	""	""	""	""	""	""	""	""	""	""	""
5403	2018-06-25T00:00:00	08:37:00	SEM VÍTIMA	FINALIZADA	BOA VIAGEM	RUA WALDEMAR NERY CARNEIRO MONTEIRO	""	RUA COPACABANA	CRUZ COM A RUA COPAGABAMA EM FRENTE A PADARIA SETUBAL	RUA WALDEMAR NERY CARNEIRO MONTEIRO	""	CRUZ COM A RUA COPAGABAMA EM FRENTE A PADARIA SETUBAL	BOA VIAGEM		""	COLISÃO	COLISÃO SEM VITIMAS	2									0		""	""	""	""	""	""	""	""	""	""	""	""	""