_id	DATA	hora	natureza_acidente	situacao	bairro	endereco	numero	detalhe_endereco_acidente	complemento	endereco_cruzamento	numero_cruzamento	referencia_cruzamento	bairro_cruzamento	num_semaforo	sentido_via	tipo	descricao	auto	moto	ciclom	ciclista	pedestre	onibus	caminhao	viatura	outros	vitimas	vitimasfatais	acidente_verificado	tempo_clima	situacao_semaforo	sinalizacao	condicao_via	conservacao_via	ponto_controle	situacao_placa	velocidade_max_via	mao_direcao	divisao_via1	divisao_via2	divisao_via3
5466	2018-06-27T00:00:00	06:43:00	SEM VÍTIMA	FINALIZADA	SANTO AMARO	AV CRUZ CABUGA	""	""	E/F A COMPESA, SENTIDO CIDADE. SEMÁFORO 344	AV CRUZ CABUGA	""	E/F A COMPESA, SENTIDO CIDADE. SEMÁFORO 344	SANTO AMARO		""	COLISÃO	SEM VÍTIMAS.	2									0		""	""	""	""	""	""	""	""	""	""	""	""	""
5467	2018-06-27T00:00:00	07:26:00	COM VÍTIMA	CANCELADA	MADALENA	RUA JOSE BONIFACIO	851	""	E/F A HONDA, SENTIDO CASA FORTE. SEMÁFORO 301	RUA JOSE BONIFACIO	851	E/F A HONDA, SENTIDO CASA FORTE. SEMÁFORO 301	MADALENA		""	COLISÃO	COM DUAS VÍTIMAS.	1		1							2		""	""	""	""	""	""	""	""	""	""	""	""	""
5468	2018-06-27T00:00:00	07:32:00	SEM VÍTIMA	FINALIZADA	ESTÂNCIA	AV DR JOSE RUFINO	""	""	A 200M DO COLEGIO DECISÃO	AV DR JOSE RUFINO	""	A 200M DO COLEGIO DECISÃO	ESTÂNCIA		""	COLISÃO	COLISÃO SEM VÍTIMA		2								0		""	""	""	""	""	""	""	""	""	""	""	""	""
5469	2018-06-27T00:00:00	07:44:00	SEM VÍTIMA	FINALIZADA	CAMPO GRANDE	AV CORREIA DE BRITO	169	""	EM FRENTE PLINIO CONSTRUTORA	AV CORREIA DE BRITO	169	EM FRENTE PLINIO CONSTRUTORA	CAMPO GRANDE		""	COLISÃO	AUTO PASSEIO E CAMINHAO	1						1			0		""	""	""	""	""	""	""	""	""	""	""	""	""
5470	2018-06-27T00:00:00	08:51:00	SEM VÍTIMA	FINALIZADA	SÃO JOSÉ	RUA FLORIANO PEIXOTO	""	""	E/F AO BRADESCO	RUA FLORIANO PEIXOTO	""	E/F AO BRADESCO	SÃO JOSÉ		""	COLISÃO	SEM VÍTIMAS. BATEDORES NO LOCAL.	1					1				0		""	""	""	""	""	""	""	""	""	""	""	""	""
5471	2018-06-27T00:00:00	08:53:00	SEM VÍTIMA	FINALIZADA	ENCRUZILHADA	AV NORTE	2326	""	EM FRENTE AO BANCO DO BRASIL, SENT. SUB.	AV NORTE	2326	EM FRENTE AO BANCO DO BRASIL, SENT. SUB.	ENCRUZILHADA		""	COLISÃO	DOIS ONIBUS						2				0		""	""	""	""	""	""	""	""	""	""	""	""	""
5472	2018-06-27T00:00:00	09:07:00	SEM VÍTIMA	FINALIZADA	AFLITOS	RUA CAPITAO SAMPAIO XAVIER	392	""	EM FRENTE AO ARMAZEM QUATRO CAMPOS	RUA CAPITAO SAMPAIO XAVIER	392	EM FRENTE AO ARMAZEM QUATRO CAMPOS	AFLITOS		""	COLISÃO	DOIS AUTOS	2									0		""	""	""	""	""	""	""	""	""	""	""	""	""
5473	2018-06-27T00:00:00	09:29:00	SEM VÍTIMA	CANCELADA	GRAÇAS	RUA AMELIA	373	""	EM FRENTE A GALERIA GRAÇA CENTER	RUA AMELIA	373	EM FRENTE A GALERIA GRAÇA CENTER	GRAÇAS		""	COLISÃO	DOIS AUTOS	2									0		""	""	""	""	""	""	""	""	""	""	""	""	""
5474	2018-06-27T00:00:00	09:41:00	SEM VÍTIMA	CANCELADA	VÁRZEA	RUA ACADEMICO HELIO RAMOS	473	""	EM FRENTE AO LEOCAR	RUA ACADEMICO HELIO RAMOS	473	EM FRENTE AO LEOCAR	VÁRZEA		""	COLISÃO	MOTO E ONIBUS		1				1				0		""	""	""	""	""	""	""	""	""	""	""	""	""
5475	2018-06-27T00:00:00	09:50:00	SEM VÍTIMA	FINALIZADA	PINA	RUA JOSE MARIANO FILHO	338	""	AO LADO DA SULAMERICA	RUA JOSE MARIANO FILHO	338	AO LADO DA SULAMERICA	PINA		""	COLISÃO	DOIS AUTOS	2									0		""	""	""	""	""	""	""	""	""	""	""	""	""
5476	2018-06-27T00:00:00	09:56:00	SEM VÍTIMA	FINALIZADA	BONGI	RUA SANTA EDWIRGES	539	""	E/F AO GALPÃO	RUA SANTA EDWIRGES	539	E/F AO GALPÃO	BONGI		""	COLISÃO	SEM VÍTIMAS.	1						1			0		""	""	""	""	""	""	""	""	""	""	""	""	""
5477	2018-06-27T00:00:00	10:24:00	SEM VÍTIMA	FINALIZADA	ENCRUZILHADA	AV BEBERIBE	""	""	SEMAFORO 186 / SENT SUB / EM FRENTE A DROGAGIL	AV BEBERIBE	""	SEMAFORO 186 / SENT SUB / EM FRENTE A DROGAGIL	ENCRUZILHADA		""	COLISÃO	CAMINHAO E AUTO	1						1			0		""	""	""	""	""	""	""	""	""	""	""	""	""
5478	2018-06-27T00:00:00	10:35:00	COM VÍTIMA	FINALIZADA	JAQUEIRA	RUA DEPUTADO PEDRO PIRES FERREIRA	913	""	EM FRENTE A GALERIA JAQUEIRA PARK CENTER	RUA DEPUTADO PEDRO PIRES FERREIRA	913	EM FRENTE A GALERIA JAQUEIRA PARK CENTER	JAQUEIRA		""	COLISÃO	MOTO E AUTO	1	1								1		""	""	""	""	""	""	""	""	""	""	""	""	""
5479	2018-06-27T00:00:00	10:44:00	SEM VÍTIMA	FINALIZADA	BOA VIAGEM	RUA PROFESSOR EDUARDO WANDERLEY FILHO	242	""	E/F AO ESTUDIO BOA VIAGEM	RUA PROFESSOR EDUARDO WANDERLEY FILHO	242	E/F AO ESTUDIO BOA VIAGEM	BOA VIAGEM		""	COLISÃO	SEM VÍTIMAS.	2									0		""	""	""	""	""	""	""	""	""	""	""	""	""
5480	2018-06-27T00:00:00	10:54:00	SEM VÍTIMA	CANCELADA	VASCO DA GAMA	RUA VASCO DA GAMA	34	""	EM FRENTE AO POSTO DE GASOLINA DESTAIVADO, PROX. A FARMACIA POPULAR	RUA VASCO DA GAMA	34	EM FRENTE AO POSTO DE GASOLINA DESTAIVADO, PROX. A FARMACIA POPULAR	VASCO DA GAMA		""	COLISÃO	AUTO E MOTO	1	1								0		""	""	""	""	""	""	""	""	""	""	""	""	""
5481	2018-06-27T00:00:00	10:55:00	COM VÍTIMA	FINALIZADA	AREIAS	AV DR JOSE RUFINO	""	""	NO SEMÁFORO 044	AV DR JOSE RUFINO	""	NO SEMÁFORO 044	AREIAS		""	COLISÃO	COLISÃO COM VÍTIMA	1	1								1		""	""	""	""	""	""	""	""	""	""	""	""	""
5482	2018-06-27T00:00:00	11:58:00	SEM VÍTIMA	CANCELADA	ENCRUZILHADA	AV NORTE	""	""	EM FRENTE AO EXTRA BOM	AV NORTE	""	EM FRENTE AO EXTRA BOM	ENCRUZILHADA		""	COLISÃO	COLISÃO ENTRE AUTO E MOTO SEM VÍTIMA										0		""	""	""	""	""	""	""	""	""	""	""	""	""
5483	2018-06-27T00:00:00	12:35:00	SEM VÍTIMA	CANCELADA	PINA	AVENIDA CELSO FURTADO (VIA MANGUE)	""	""	NA DESCIDA DO VIADUTO PROX AO SHOPPING RECIFE	AVENIDA CELSO FURTADO (VIA MANGUE)	""	NA DESCIDA DO VIADUTO PROX AO SHOPPING RECIFE	PINA		""	COLISÃO	COLISAO ENTRE DOIS AUTOS S/V	2									0		""	""	""	""	""	""	""	""	""	""	""	""	""
5484	2018-06-27T00:00:00	12:35:00	SEM VÍTIMA	FINALIZADA	ILHA DO RETIRO	AV ENGENHEIRO ABDIAS DE CARVALHO	""	""	EM FRENTE AO CLUB DO SPORT, SENTIDO AGAMENON	AV ENGENHEIRO ABDIAS DE CARVALHO	""	EM FRENTE AO CLUB DO SPORT, SENTIDO AGAMENON	ILHA DO RETIRO		""	COLISÃO	DOIS AUTOS	2									0		""	""	""	""	""	""	""	""	""	""	""	""	""
5485	2018-06-27T00:00:00	12:39:00	SEM VÍTIMA	FINALIZADA	JARDIM SÃO PAULO	AV RECIFE	""	""	SEMAFORO 259, EM FRENTE A DIVEPE, SENTIDO AEROPORTO	AV RECIFE	""	SEMAFORO 259, EM FRENTE A DIVEPE, SENTIDO AEROPORTO	JARDIM SÃO PAULO		""	COLISÃO	TRES AUTOS	3									0		""	""	""	""	""	""	""	""	""	""	""	""	""
5486	2018-06-27T00:00:00	12:43:00	SEM VÍTIMA	FINALIZADA	VÁRZEA	RUA RORAIMA	102	""	UNIDADE DA FAMILIA PROFESSOR AMAURY DE MEDEIROS	RUA RORAIMA	102	UNIDADE DA FAMILIA PROFESSOR AMAURY DE MEDEIROS	VÁRZEA		""	COLISÃO	ONIBUS E AUTOS	1					1				0		""	""	""	""	""	""	""	""	""	""	""	""	""
5487	2018-06-27T00:00:00	13:06:00	""	CANCELADA	JARDIM SÃO PAULO	AV RECIFE	""	""	SEMAFORO 259/EM BAIXO DO MESMO,EM FRENTEA LOJA FUME	AV RECIFE	""	SEMAFORO 259/EM BAIXO DO MESMO,EM FRENTEA LOJA FUME	JARDIM SÃO PAULO		""	COLISÃO	TRES AUTOS	3									0		""	""	""	""	""	""	""	""	""	""	""	""	""
5488	2018-06-27T00:00:00	13:39:00	SEM VÍTIMA	FINALIZADA	IMBIRIBEIRA	AV MARECHAL MASCARENHAS DE MORAES	""	""	SEMAFORO 276/EM FRENTE AVANCIA EMPRESA	AV MARECHAL MASCARENHAS DE MORAES	""	SEMAFORO 276/EM FRENTE AVANCIA EMPRESA	IMBIRIBEIRA		""	COLISÃO	TRES AUTOS E UMA MOTO	3	1								0		""	""	""	""	""	""	""	""	""	""	""	""	""
5489	2018-06-27T00:00:00	13:50:00	SEM VÍTIMA	FINALIZADA	DOIS IRMÃOS	EST DOS PINTOS	225	""	PROX A UNIVERSIDADE RURAL	EST DOS PINTOS	225	PROX A UNIVERSIDADE RURAL	DOIS IRMÃOS		""	COLISÃO	COLISAO ENTRE TRES AUTOS S/V	3									0		""	""	""	""	""	""	""	""	""	""	""	""	""
5490	2018-06-27T00:00:00	14:12:00	SEM VÍTIMA	FINALIZADA	CASA AMARELA	RUA PADRE LEMOS	""	""	E/F AO SUPERMERCADO CANELA	RUA PADRE LEMOS	""	E/F AO SUPERMERCADO CANELA	CASA AMARELA		""	COLISÃO	COLISAO ENTRE AUTO E MOTO S/V	1	1								0		""	""	""	""	""	""	""	""	""	""	""	""	""
5491	2018-06-27T00:00:00	14:36:00	SEM VÍTIMA	FINALIZADA	BAIRRO DO RECIFE	PTE DO LIMOEIRO	""	""	NA DESCIDA DA PONTE SENTIDO CENTRO	PTE DO LIMOEIRO	""	NA DESCIDA DA PONTE SENTIDO CENTRO	BAIRRO DO RECIFE		""	ENGAVETAMENTO	UM CAMINHAO E TRES AUTOS	3						1			0		""	""	""	""	""	""	""	""	""	""	""	""	""
5492	2018-06-27T00:00:00	15:09:00	SEM VÍTIMA	FINALIZADA	BOA VIAGEM	RUA DEZ DE JULHO	115	RUA CAMBUI	CRUZAMENTO COM RUA CAMBUI	RUA DEZ DE JULHO	115	CRUZAMENTO COM RUA CAMBUI	BOA VIAGEM		""	COLISÃO	TRES AUTOS										0		""	""	""	""	""	""	""	""	""	""	""	""	""
5493	2018-06-27T00:00:00	15:13:00	SEM VÍTIMA	FINALIZADA	MADALENA	EST DOS REMEDIOS	""	""	PROXIMO AO SEMAFORO 353( em frente ao hospital lessa de andrade)	EST DOS REMEDIOS	""	PROXIMO AO SEMAFORO 353( em frente ao hospital lessa de andrade)	MADALENA		""	COLISÃO	DOIS AUTO	1					1				0		""	""	""	""	""	""	""	""	""	""	""	""	""
5494	2018-06-27T00:00:00	18:18:00	SEM VÍTIMA	FINALIZADA	SANTO AMARO	AV NORTE	""	RUA VINTE E QUATRO DE AGOSTO	SEMÁFORO 463 - CRUZ COM A RUA VINTE E QUATRO DE AGOSTO	AV NORTE	""	SEMÁFORO 463 - CRUZ COM A RUA VINTE E QUATRO DE AGOSTO	SANTO AMARO		""	COLISÃO	ENTRE AUTO E ÔNIBUS. S/V	1					1				0		""	""	""	""	""	""	""	""	""	""	""	""	""
5495	2018-06-27T00:00:00	18:26:00	SEM VÍTIMA	FINALIZADA	BOA VIAGEM	RUA ERNESTO DE PAULA SANTOS	""	RUA PROF JOAO MEDEIROS	SEMAFORO 329 CRUZAMENTO COM A RUA PROF. JOAO MEDEIROS	RUA ERNESTO DE PAULA SANTOS	""	SEMAFORO 329 CRUZAMENTO COM A RUA PROF. JOAO MEDEIROS	BOA VIAGEM		""	COLISÃO	HB 20 X VOYAGE	2									0		""	""	""	""	""	""	""	""	""	""	""	""	""
5496	2018-06-27T00:00:00	18:41:00	SEM VÍTIMA	CANCELADA	AFOGADOS	RUA COSME VIANA	86	""	SEMAFORO 553 // ENF A FLAVIO MOTOS E RECIFE RODAS	RUA COSME VIANA	86	SEMAFORO 553 // ENF A FLAVIO MOTOS E RECIFE RODAS	AFOGADOS		""	COLISÃO COM CICLISTA	MOTO X BICICLETA		1		1						0		""	""	""	""	""	""	""	""	""	""	""	""	""
5497	2018-06-27T00:00:00	19:40:00	COM VÍTIMA	FINALIZADA	BOA VISTA	AV CONDE DA BOA VISTA	1526	""	PRÓX A C&A E E/F A IGREJA PRESBITERIANA DA BOA VISTA	AV CONDE DA BOA VISTA	1526	PRÓX A C&A E E/F A IGREJA PRESBITERIANA DA BOA VISTA	BOA VISTA		""	ATROPELAMENTO	PEDESTRE X AUTO. C-/V	1				1					1		""	""	""	""	""	""	""	""	""	""	""	""	""
5498	2018-06-27T00:00:00	19:43:00	SEM VÍTIMA	FINALIZADA	ESTÂNCIA	AV RECIFE	5516	""	SENTIDO CEASA EM CIMA DO PONTILHAO DO METRO	AV RECIFE	5516	SENTIDO CEASA EM CIMA DO PONTILHAO DO METRO	ESTÂNCIA		""	COLISÃO	S10 X RENO	2									0		""	""	""	""	""	""	""	""	""	""	""	""	""
5499	2018-06-27T00:00:00	19:48:00	SEM VÍTIMA	FINALIZADA	SANTO AMARO	AV NORTE	""	""	AO LADO DO POSTO ALVORADA, SNT GRAÇAS	AV NORTE	""	AO LADO DO POSTO ALVORADA, SNT GRAÇAS	SANTO AMARO		""	COLISÃO	ENTRE MOTO E AUTO. S/V	1	1								0		""	""	""	""	""	""	""	""	""	""	""	""	""
5500	2018-06-27T00:00:00	20:02:00	SEM VÍTIMA	FINALIZADA	IPSEP	AV RECIFE	""	""	PROX AO POSTO SHELL NA SAIDA DO IBURA SEMAFORO 055	AV RECIFE	""	PROX AO POSTO SHELL NA SAIDA DO IBURA SEMAFORO 055	IPSEP		""	COLISÃO	GOL X PRISMA TAXI	2									0		""	""	""	""	""	""	""	""	""	""	""	""	""
5501	2018-06-27T00:00:00	21:15:00	SEM VÍTIMA	FINALIZADA	CASA AMARELA	RUA DA HARMONIA	700	""	CRUZANDO A R CONS NABUCO/ PROXIMIDADES DA FARMÁCIA INDEPENDENTE E COLÉGIO APOIO	RUA DA HARMONIA	700	CRUZANDO A R CONS NABUCO/ PROXIMIDADES DA FARMÁCIA INDEPENDENTE E COLÉGIO APOIO	CASA AMARELA		""	COLISÃO	ENTRE 2 AUTOS. S/V	2									0		""	""	""	""	""	""	""	""	""	""	""	""	""
5502	2018-06-28T00:00:00	06:17:00	SEM VÍTIMA	FINALIZADA	ENGENHO DO MEIO	RUA ANTONIO CURADO	181	""	RESIDENCIA EM FRENTE AO CONDOMINIO PRAÇA DAS AVENCAS	RUA ANTONIO CURADO	181	RESIDENCIA EM FRENTE AO CONDOMINIO PRAÇA DAS AVENCAS	ENGENHO DO MEIO		""	COLISÃO	COLISÃO SEM VITIMAS	2									0		""	""	""	""	""	""	""	""	""	""	""	""	""
5503	2018-06-28T00:00:00	06:19:00	COM VÍTIMA	FINALIZADA	BOA VISTA	AV VISCONDE DE SUASSUNA	""	""	AO LADO DA CAIXA ECONOMICA, SEMÁFORO 032	AV VISCONDE DE SUASSUNA	""	AO LADO DA CAIXA ECONOMICA, SEMÁFORO 032	BOA VISTA		""	COLISÃO	COM DUAS VÍTIMAS SOCORRIDAS PELOS BOMBEIROS						1	1			2		""	""	""	""	""	""	""	""	""	""	""	""	""
5504	2018-06-28T00:00:00	07:48:00	COM VÍTIMA	FINALIZADA	IPSEP	AV RECIFE	""	""	SEMAFORO 247 / SENT BOA VIAGEM	AV RECIFE	""	SEMAFORO 247 / SENT BOA VIAGEM	IPSEP		""	COLISÃO	MOTO E AUTO PASSEIO	1	1								1		""	""	""	""	""	""	""	""	""	""	""	""	""
5505	2018-06-28T00:00:00	08:12:00	SEM VÍTIMA	CANCELADA	BOA VISTA	RUA DO PRINCIPE	736	""	APOS O CERPE	RUA DO PRINCIPE	736	APOS O CERPE	BOA VISTA		""	COLISÃO	DOIS AUTOS	2									0		""	""	""	""	""	""	""	""	""	""	""	""	""
5506	2018-06-28T00:00:00	08:12:00	SEM VÍTIMA	FINALIZADA	PINA	AV HERCULANO BANDEIRA	""	""	EM BAIXO DO SEMAFORO 138	AV HERCULANO BANDEIRA	""	EM BAIXO DO SEMAFORO 138	PINA		""	COLISÃO	COLISÃO SEM VITIMAS	1					1				0		""	""	""	""	""	""	""	""	""	""	""	""	""
5507	2018-06-28T00:00:00	08:50:00	COM VÍTIMA	FINALIZADA	CAXANGÁ	AV CAXANGA	""	""	LADO OPOSTO AO PARQUE DE EXPOSIÇÃO - SENTIDO CENTRO	AV CAXANGA	""	LADO OPOSTO AO PARQUE DE EXPOSIÇÃO - SENTIDO CENTRO	CAXANGÁ		""	ACID. DE PERCURSO	""		1								1		""	""	""	""	""	""	""	""	""	""	""	""	""
5508	2018-06-28T00:00:00	08:56:00	COM VÍTIMA	FINALIZADA	IMBIRIBEIRA	AV MARECHAL MASCARENHAS DE MORAES	""	""	SENTIDO AFOGADOS AO LADO DA LOCALIZA	AV MARECHAL MASCARENHAS DE MORAES	""	SENTIDO AFOGADOS AO LADO DA LOCALIZA	IMBIRIBEIRA		""	COLISÃO	COLISÃO COM VITIMA A ESPERA DO SAMU	2									1		""	""	""	""	""	""	""	""	""	""	""	""	""
5509	2018-06-28T00:00:00	09:06:00	SEM VÍTIMA	FINALIZADA	CORDEIRO	RUA CLAUDIO BROTHERHOOD	275	""	AO LADO DO DEPOSITO BETO BEBIDAS	RUA CLAUDIO BROTHERHOOD	275	AO LADO DO DEPOSITO BETO BEBIDAS	CORDEIRO		""	COLISÃO	MOTO E AUTO	1	1								0		""	""	""	""	""	""	""	""	""	""	""	""	""
5510	2018-06-28T00:00:00	09:09:00	SEM VÍTIMA	FINALIZADA	GRAÇAS	RUA ALBERTO PAIVA	""	""	EM FRENTE AO MUSEU DO ESTADO DE PERNAMBUCO	RUA ALBERTO PAIVA	""	EM FRENTE AO MUSEU DO ESTADO DE PERNAMBUCO	GRAÇAS		""	COLISÃO	COLISÃO SEM VITIMAS	3									0		""	""	""	""	""	""	""	""	""	""	""	""	""
5511	2018-06-28T00:00:00	11:07:00	SEM VÍTIMA	FINALIZADA	BOA VISTA	AV JOAO DE BARROS	25	""	EM FRENTE AO NUCE	AV JOAO DE BARROS	25	EM FRENTE AO NUCE	BOA VISTA		""	COLISÃO	DOIS AUTOS	2									0		""	""	""	""	""	""	""	""	""	""	""	""	""
5512	2018-06-28T00:00:00	11:46:00	SEM VÍTIMA	FINALIZADA	CORDEIRO	AV CAXANGA	1953	""	EM FENTE AO CERPE, SENTIDO CENTRO	AV CAXANGA	1953	EM FENTE AO CERPE, SENTIDO CENTRO	CORDEIRO		""	COLISÃO	DOIS AUTOS	2									0		""	""	""	""	""	""	""	""	""	""	""	""	""
5513	2018-06-28T00:00:00	13:30:00	SEM VÍTIMA	FINALIZADA	SANTO AMARO	RUA TREZE DE MAIO	586	""	EM FRENTE AO BOX E BOX	RUA TREZE DE MAIO	586	EM FRENTE AO BOX E BOX	SANTO AMARO		""	COLISÃO	COLISÃO SEM VÍTIMA	2									0		""	""	""	""	""	""	""	""	""	""	""	""	""
5514	2018-06-28T00:00:00	14:09:00	SEM VÍTIMA	FINALIZADA	BOA VIAGEM	RUA DR PEDRO DE MELLO CAHU	""	RUA PROF EDUARDO WANDERLEY FILHO	CRUZAMANTO COM RUA PROFESSOR EDUARDO WANDERLEY FILHO/ PROXIMO AO CASA SÃO PAULO	RUA DR PEDRO DE MELLO CAHU	""	CRUZAMANTO COM RUA PROFESSOR EDUARDO WANDERLEY FILHO/ PROXIMO AO CASA SÃO PAULO	BOA VIAGEM		""	COLISÃO	COLISÃO SEM VÍTIMA	2									0		""	""	""	""	""	""	""	""	""	""	""	""	""
5515	2018-06-28T00:00:00	14:19:00	SEM VÍTIMA	FINALIZADA	TORRÕES	AV ENGENHEIRO ABDIAS DE CARVALHO	""	""	NO SEMAFORO 422, EM FRENTE A FARMACIA DROGAMARIA	AV ENGENHEIRO ABDIAS DE CARVALHO	""	NO SEMAFORO 422, EM FRENTE A FARMACIA DROGAMARIA	TORRÕES		""	COLISÃO	AUTO E MOTO	1	1								0		""	""	""	""	""	""	""	""	""	""	""	""	""
5516	2018-06-28T00:00:00	15:02:00	COM VÍTIMA	FINALIZADA	JORDÃO	AV MARIA IRENE	865	""	E/F POSTO TOTAL, EM JORDAO BAIXO	AV MARIA IRENE	865	E/F POSTO TOTAL, EM JORDAO BAIXO	JORDÃO		""	ATROPELAMENTO	MOTO E PEDESTRE	1				1					2		""	""	""	""	""	""	""	""	""	""	""	""	""
5517	2018-06-28T00:00:00	15:26:00	COM VÍTIMA	FINALIZADA	VÁRZEA	AV CAXANGA	""	RUA RIBEIRO PESSOA	COM RUA RIBEIRO PESSOA	AV CAXANGA	""	COM RUA RIBEIRO PESSOA	VÁRZEA		""	COLISÃO	""	1	1								1		""	""	""	""	""	""	""	""	""	""	""	""	""
5518	2018-06-28T00:00:00	16:06:00	SEM VÍTIMA	FINALIZADA	IPSEP	RUA SAO NICOLAU	""	""	NO SEMÁFORO 505	RUA SAO NICOLAU	""	NO SEMÁFORO 505	IPSEP		""	COLISÃO	COLISÃO SEM VÍTIMA						1		1		0		""	""	""	""	""	""	""	""	""	""	""	""	""
5519	2018-06-28T00:00:00	16:36:00	COM VÍTIMA	FINALIZADA	ENCRUZILHADA	AV BEBERIBE	111	""	PROX. AO MERCADO DA ENCRUZILHADA	AV BEBERIBE	111	PROX. AO MERCADO DA ENCRUZILHADA	ENCRUZILHADA		""	COLISÃO	AUTO E MOTO	1	1								1		""	""	""	""	""	""	""	""	""	""	""	""	""
5520	2018-06-28T00:00:00	16:42:00	COM VÍTIMA	FINALIZADA	NOVA DESCOBERTA	RUA SANTA TEREZA	30	""	NO TERMINAL DO ONIBUS DE NOVA DESCOBERTA/ CABUGA	RUA SANTA TEREZA	30	NO TERMINAL DO ONIBUS DE NOVA DESCOBERTA/ CABUGA	NOVA DESCOBERTA		""	COLISÃO	MOTO E ONIBUS 		1				1				1		""	""	""	""	""	""	""	""	""	""	""	""	""
5521	2018-06-28T00:00:00	16:46:00	SEM VÍTIMA	FINALIZADA	IMBIRIBEIRA	AV MARECHAL MASCARENHAS DE MORAES	2671	""	SENT. AEROPORTO, EM FRENTE AO POSTO DE GASOLINA BR	AV MARECHAL MASCARENHAS DE MORAES	2671	SENT. AEROPORTO, EM FRENTE AO POSTO DE GASOLINA BR	IMBIRIBEIRA		""	COLISÃO	DOIS AUTOS	2									0		""	""	""	""	""	""	""	""	""	""	""	""	""
5522	2018-06-28T00:00:00	17:30:00	SEM VÍTIMA	CANCELADA	BOA VISTA	RUA DOM BOSCO	""	""	EM FRENTE A FACULDADE SALESIANA	RUA DOM BOSCO	""	EM FRENTE A FACULDADE SALESIANA	BOA VISTA		""	COLISÃO	DOIS AUTOS S/V	2									0		""	""	""	""	""	""	""	""	""	""	""	""	""
5523	2018-06-28T00:00:00	17:56:00	SEM VÍTIMA	FINALIZADA	TAMARINEIRA	RUA CONEGO BARATA	""	""	EM FRENTE A FERREIRA COSTA	RUA CONEGO BARATA	""	EM FRENTE A FERREIRA COSTA	TAMARINEIRA		""	COLISÃO	DOIS AUTO C/V	2									0		""	""	""	""	""	""	""	""	""	""	""	""	""
5524	2018-06-28T00:00:00	21:01:00	SEM VÍTIMA	FINALIZADA	ESPINHEIRO	RUA MARQUES DO PARANA	450	""	E/F A OFICINA MARTELINHO DE OURO E PRÓX A KIA	RUA MARQUES DO PARANA	450	E/F A OFICINA MARTELINHO DE OURO E PRÓX A KIA	ESPINHEIRO		""	COLISÃO	ENTRE 2 AUTOS. S/V	2									0		""	""	""	""	""	""	""	""	""	""	""	""	""
5525	2018-06-28T00:00:00	22:59:00	SEM VÍTIMA	CANCELADA	IPSEP	RUA PINTOR ANTONIO ALBUQUERQUE	518	RUA PROF JOSE VICENTE	E/F AO MERCADO CONVENÇÃO / CRUZ COM A R PROF JOSÉ VICENTE	RUA PINTOR ANTONIO ALBUQUERQUE	518	E/F AO MERCADO CONVENÇÃO / CRUZ COM A R PROF JOSÉ VICENTE	IPSEP		""	COLISÃO	ENTRE 2 AUTOS. S/V	2									0		""	""	""	""	""	""	""	""	""	""	""	""	""
5526	2018-06-29T00:00:00	07:20:00	SEM VÍTIMA	FINALIZADA	BOA VIAGEM	RUA ERNESTO DE PAULA SANTOS	187	AV CONS AGUIAR	COM A CONS. AGUIAR, EM FRENTE AO BANCO ITAU NO SEMAFORO 127	RUA ERNESTO DE PAULA SANTOS	187	COM A CONS. AGUIAR, EM FRENTE AO BANCO ITAU NO SEMAFORO 127	BOA VIAGEM		""	ENGAVETAMENTO	ONIBUS E 3 AUTOS	3					1				0		""	""	""	""	""	""	""	""	""	""	""	""	""
5527	2018-06-29T00:00:00	07:41:00	COM VÍTIMA	FINALIZADA	PAISSANDU	AV GOVERNADOR AGAMENON MAGALHAES	""	""	EM FRENTE AO RHP	AV GOVERNADOR AGAMENON MAGALHAES	""	EM FRENTE AO RHP	PAISSANDU		""	ACID. DE PERCURSO	QUEDA ACIDENTAL ENVOLVENDO MOTOCICLISTA,COM UMA VÍTIMA		1								1		""	""	""	""	""	""	""	""	""	""	""	""	""
5528	2018-06-29T00:00:00	07:43:00	SEM VÍTIMA	CANCELADA	PRADO	AV ENGENHEIRO ABDIAS DE CARVALHO	""	""	AO LADO DA FUNASE, SENTIDO SUBURBIO	AV ENGENHEIRO ABDIAS DE CARVALHO	""	AO LADO DA FUNASE, SENTIDO SUBURBIO	PRADO		""	COLISÃO	COLISÃO SEM VITIMA	2									0		""	""	""	""	""	""	""	""	""	""	""	""	""
5529	2018-06-29T00:00:00	08:32:00	SEM VÍTIMA	FINALIZADA	CORDEIRO	RUA GOMES TABORDA	1286	""	PROX. AO SUPERMERCADO IDEAL	RUA GOMES TABORDA	1286	PROX. AO SUPERMERCADO IDEAL	CORDEIRO		""	COLISÃO	DOIS AUTOS	2									0		""	""	""	""	""	""	""	""	""	""	""	""	""
5530	2018-06-29T00:00:00	08:48:00	SEM VÍTIMA	FINALIZADA	BOA VIAGEM	AV CONSELHEIRO AGUIAR	""	""	AO LADO DA FUNASE	AV CONSELHEIRO AGUIAR	""	AO LADO DA FUNASE	BOA VIAGEM		""	COLISÃO	COLISÃO SEM VITIMAS	2									0		""	""	""	""	""	""	""	""	""	""	""	""	""
5531	2018-06-29T00:00:00	09:21:00	COM VÍTIMA	FINALIZADA	CASA AMARELA	RUA DA HARMONIA	""	""	NO SEMAFORO 598, PROX. A ESCOLA ESTADUAL PADRE MACHADO	RUA DA HARMONIA	""	NO SEMAFORO 598, PROX. A ESCOLA ESTADUAL PADRE MACHADO	CASA AMARELA		""	COLISÃO	DUAS MOTOS		2								1		""	""	""	""	""	""	""	""	""	""	""	""	""