_id	DATA	hora	natureza_acidente	situacao	bairro	endereco	numero	detalhe_endereco_acidente	complemento	endereco_cruzamento	numero_cruzamento	referencia_cruzamento	bairro_cruzamento	num_semaforo	sentido_via	tipo	descricao	auto	moto	ciclom	ciclista	pedestre	onibus	caminhao	viatura	outros	vitimas	vitimasfatais	acidente_verificado	tempo_clima	situacao_semaforo	sinalizacao	condicao_via	conservacao_via	ponto_controle	situacao_placa	velocidade_max_via	mao_direcao	divisao_via1	divisao_via2	divisao_via3
5532	2018-06-29T00:00:00	09:25:00	COM VÍTIMA	FINALIZADA	BOA VIAGEM	RUA DR VICENTE GOMES	336	""	APOS A LOCALIZA, SENTIDO CIDADE ANTES DO PARQUE DONA LINDU	RUA DR VICENTE GOMES	336	APOS A LOCALIZA, SENTIDO CIDADE ANTES DO PARQUE DONA LINDU	BOA VIAGEM		""	COLISÃO COM CICLISTA	ATROPELAMENTO A UM CICLISTA	1			1						1		""	""	""	""	""	""	""	""	""	""	""	""	""
5533	2018-06-29T00:00:00	09:39:00	SEM VÍTIMA	FINALIZADA	IMBIRIBEIRA	AV MARECHAL MASCARENHAS DE MORAES	""	""	SENTIDO AFOGADOS EM FRENTE AO AEROPORTO E ENTRE A LOCALIZA	AV MARECHAL MASCARENHAS DE MORAES	""	SENTIDO AFOGADOS EM FRENTE AO AEROPORTO E ENTRE A LOCALIZA	IMBIRIBEIRA		""	COLISÃO	COLISÃO SEM VITIMAS	1						1			0		""	""	""	""	""	""	""	""	""	""	""	""	""
5534	2018-06-29T00:00:00	09:47:00	SEM VÍTIMA	FINALIZADA	IBURA	RUA SOLDADO VIRGILIO LUCIO	141	""	EM FRENTE AO DEPOSITO DE BEBIDAS	RUA SOLDADO VIRGILIO LUCIO	141	EM FRENTE AO DEPOSITO DE BEBIDAS	IBURA		""	COLISÃO	MOTO E AUTO	1	1								0		""	""	""	""	""	""	""	""	""	""	""	""	""
5535	2018-06-29T00:00:00	10:08:00	COM VÍTIMA	FINALIZADA	ÁGUA FRIA	AV BEBERIBE	""	""	EM BAIXO DO SEMAFORO 064	AV BEBERIBE	""	EM BAIXO DO SEMAFORO 064	ÁGUA FRIA		""	ATROPELAMENTO	VITIMA A ESPERA DO SAMU VT 08 QTH					1	1				1		""	""	""	""	""	""	""	""	""	""	""	""	""
5536	2018-06-29T00:00:00	10:09:00	COM VÍTIMA	CANCELADA	CAXANGÁ	AV CAXANGA	1181	""	EM FRENTE A CENTRO AUTOMOTIVO MULTIMARCAS	AV CAXANGA	1181	EM FRENTE A CENTRO AUTOMOTIVO MULTIMARCAS	CAXANGÁ		""	COLISÃO	MOTO E AUTO	1	1								1		""	""	""	""	""	""	""	""	""	""	""	""	""
5537	2018-06-29T00:00:00	11:28:00	SEM VÍTIMA	FINALIZADA	BEBERIBE	PRC DA CONVENCAO	""	""	EM FRENTE A BOTICARIO / SENT SUB	PRC DA CONVENCAO	""	EM FRENTE A BOTICARIO / SENT SUB	BEBERIBE		""	COLISÃO	MOTO / AUTO PASSEIO	1	1								0		""	""	""	""	""	""	""	""	""	""	""	""	""
5538	2018-06-29T00:00:00	11:32:00	SEM VÍTIMA	FINALIZADA	BAIRRO DO RECIFE	AV PREFEITO ARTUR LIMA CAVALCANTI	""	""	POR TRAS DO SOARES DUTRA / APOS A PONTE A DO LIMOEIRO / SET OLINDA	AV PREFEITO ARTUR LIMA CAVALCANTI	""	POR TRAS DO SOARES DUTRA / APOS A PONTE A DO LIMOEIRO / SET OLINDA	BAIRRO DO RECIFE		""	COLISÃO	AUTO E MOTO	1	1								0		""	""	""	""	""	""	""	""	""	""	""	""	""
5539	2018-06-29T00:00:00	12:28:00	COM VÍTIMA	FINALIZADA	BONGI	AV ENGENHEIRO ABDIAS DE CARVALHO	""	""	PRÓXIMO AO RESTAURANTE GALETU'S	AV ENGENHEIRO ABDIAS DE CARVALHO	""	PRÓXIMO AO RESTAURANTE GALETU'S	BONGI		""	COLISÃO	COLISÃO ENTRE ÔNIBUS E AUTO COM DUAS VÍTMAS										2		""	""	""	""	""	""	""	""	""	""	""	""	""
5540	2018-06-29T00:00:00	12:38:00	SEM VÍTIMA	FINALIZADA	SÃO JOSÉ	RUA SAO JOAO	""	""	EM FRENTE A PRAÇA DAS CINCO PONTAS	RUA SAO JOAO	""	EM FRENTE A PRAÇA DAS CINCO PONTAS	SÃO JOSÉ		""	COLISÃO	COLISÃO SEM VÍTIMA	2									0		""	""	""	""	""	""	""	""	""	""	""	""	""
5541	2018-06-29T00:00:00	12:45:00	SEM VÍTIMA	FINALIZADA	DERBY	RUA DR BANDEIRA FILHO	""	""	AO LADO DA MCDONALD	RUA DR BANDEIRA FILHO	""	AO LADO DA MCDONALD	DERBY		""	COLISÃO	COLISÃO SEM VÍTIMA	1						1			0		""	""	""	""	""	""	""	""	""	""	""	""	""
5542	2018-06-29T00:00:00	12:50:00	SEM VÍTIMA	FINALIZADA	DOIS IRMÃOS	RUA MANUEL DE MEDEIROS	""	""	PROX AO LAFEPE NO SEMAFORO 416	RUA MANUEL DE MEDEIROS	""	PROX AO LAFEPE NO SEMAFORO 416	DOIS IRMÃOS		""	COLISÃO	COLISAO ENTRE AUTO E ONIBUS S/V	1					1				0		""	""	""	""	""	""	""	""	""	""	""	""	""
5543	2018-06-29T00:00:00	13:55:00	COM VÍTIMA	FINALIZADA	SÃO JOSÉ	C SANTA RITA	""	""	SOB O SEMÁFORO 076	C SANTA RITA	""	SOB O SEMÁFORO 076	SÃO JOSÉ		""	COLISÃO	01 MOTOCICLETA E UM VEÍCULO, QUE EVADIU-SE DO LOCAL, SEGUNDO INFORMAÇÃO REPASSADA PELO BT										1		""	""	""	""	""	""	""	""	""	""	""	""	""
5544	2018-06-29T00:00:00	14:34:00	COM VÍTIMA	FINALIZADA	CAMPO GRANDE	RUA MARQUES DE BAIPENDI	""	""	PROXIMO A DISTRIBUIDORA DA COCA COLA	RUA MARQUES DE BAIPENDI	""	PROXIMO A DISTRIBUIDORA DA COCA COLA	CAMPO GRANDE		""	COLISÃO	AUTO E MOTO C/V	1	1								1		""	""	""	""	""	""	""	""	""	""	""	""	""
5545	2018-06-29T00:00:00	14:54:00	COM VÍTIMA	FINALIZADA	BONGI	AV ENGENHEIRO ABDIAS DE CARVALHO	""	""	EM FRENTE AO GALETUS	AV ENGENHEIRO ABDIAS DE CARVALHO	""	EM FRENTE AO GALETUS	BONGI		""	COLISÃO	ONIBUS E AUTO PASSEIO	1					1				2		""	""	""	""	""	""	""	""	""	""	""	""	""
5546	2018-06-29T00:00:00	14:59:00	SEM VÍTIMA	FINALIZADA	ENCRUZILHADA	AV NORTE	""	""	EM FRENTE A O BANCO SANTANDER/ SEMAFORO 043	AV NORTE	""	EM FRENTE A O BANCO SANTANDER/ SEMAFORO 043	ENCRUZILHADA		""	COLISÃO	ONIBUS/CAMINHAO	1						1			0		""	""	""	""	""	""	""	""	""	""	""	""	""
5547	2018-06-29T00:00:00	15:19:00	SEM VÍTIMA	FINALIZADA	SANTO AMARO	AV NORTE	""	""	E/F AO QUARTEL DO EXERCITO S/T SUB	AV NORTE	""	E/F AO QUARTEL DO EXERCITO S/T SUB	SANTO AMARO		""	COLISÃO	COLISAO ENTRE ONIBUS E AUTO S/V	1					1				0		""	""	""	""	""	""	""	""	""	""	""	""	""
5548	2018-06-29T00:00:00	15:43:00	SEM VÍTIMA	FINALIZADA	IPSEP	RUA ADERBAL DE MELO	135	""	EM FRENTE A FEIJOADA CHAMBARIL DO JOAO	RUA ADERBAL DE MELO	135	EM FRENTE A FEIJOADA CHAMBARIL DO JOAO	IPSEP		""	COLISÃO	DOIS AUTOS S/V	2									0		""	""	""	""	""	""	""	""	""	""	""	""	""
5549	2018-06-29T00:00:00	15:47:00	SEM VÍTIMA	FINALIZADA	AREIAS	AV RECIFE	844	""	EM FRENTE AO MJ VEÍCULOS / SENTIDO BOA VIAGEM	AV RECIFE	844	EM FRENTE AO MJ VEÍCULOS / SENTIDO BOA VIAGEM	AREIAS		""	COLISÃO	COLISÃO SEM VÍTIMA	2									0		""	""	""	""	""	""	""	""	""	""	""	""	""
5550	2018-06-29T00:00:00	16:07:00	SEM VÍTIMA	FINALIZADA	IMBIRIBEIRA	RUA IZABEL DE SOUZA	533	""	RUA DO BANCO DO BRASIL	RUA IZABEL DE SOUZA	533	RUA DO BANCO DO BRASIL	IMBIRIBEIRA		""	COLISÃO	CAMINHAO E AUTO S/V	1						1			0		""	""	""	""	""	""	""	""	""	""	""	""	""
5551	2018-06-29T00:00:00	16:09:00	SEM VÍTIMA	FINALIZADA	SÃO JOSÉ	AV SUL	899	RUA PADRE AZEVEDO	ESQUINA COM A RUA PADRE AZEVEDO BATEDOR DA MOTO 34 E 20 NO LOCAL	AV SUL	899	ESQUINA COM A RUA PADRE AZEVEDO BATEDOR DA MOTO 34 E 20 NO LOCAL	SÃO JOSÉ		""	COLISÃO	COLISAOP ENTRE AUTO E MOTO S/V	1	1								0		""	""	""	""	""	""	""	""	""	""	""	""	""
5552	2018-06-29T00:00:00	16:26:00	SEM VÍTIMA	FINALIZADA	IMBIRIBEIRA	AV MARECHAL MASCARENHAS DE MORAES	""	""	E/F A FERREIRA COSTA S/T CID	AV MARECHAL MASCARENHAS DE MORAES	""	E/F A FERREIRA COSTA S/T CID	IMBIRIBEIRA		""	COLISÃO	COLISAO ENTRE DOIS AUTOS S/V	2									0		""	""	""	""	""	""	""	""	""	""	""	""	""
5553	2018-06-29T00:00:00	16:48:00	SEM VÍTIMA	FINALIZADA	TAMARINEIRA	RUA CONEGO BARATA	978	""	EM FRENTE AO DNOCS	RUA CONEGO BARATA	978	EM FRENTE AO DNOCS	TAMARINEIRA		""	COLISÃO	DOIS AUTOS S/V	2									0		""	""	""	""	""	""	""	""	""	""	""	""	""
5554	2018-06-29T00:00:00	16:58:00	COM VÍTIMA	FINALIZADA	BOA VIAGEM	AV DOM JOAO VI	""	""	EM FRENTE AO SHOPPING RECIFE / SENTIDO CANDEIAS	AV DOM JOAO VI	""	EM FRENTE AO SHOPPING RECIFE / SENTIDO CANDEIAS	BOA VIAGEM		""	ATROPELAMENTO	COM VÍTIMA	1				1					1		""	""	""	""	""	""	""	""	""	""	""	""	""
5555	2018-06-29T00:00:00	17:54:00	SEM VÍTIMA	FINALIZADA	MADALENA	AV JOSE GONCALVES DE MEDEIROS	116	RUA COMENDADOR BENTO AGUIAR	ENF A PAGUE MENOS CRUZAMENTO COM A RUA COMENDADO BENTO AGUIAR	AV JOSE GONCALVES DE MEDEIROS	116	ENF A PAGUE MENOS CRUZAMENTO COM A RUA COMENDADO BENTO AGUIAR	MADALENA		""	COLISÃO	ONIX X MERCEDES 710	1						1			0		""	""	""	""	""	""	""	""	""	""	""	""	""
5556	2018-06-29T00:00:00	19:18:00	SEM VÍTIMA	FINALIZADA	CASA FORTE	RUA DE APIPUCOS	""	""	EM FRENTE AO BATALHAO DA POLICIA MILITAR	RUA DE APIPUCOS	""	EM FRENTE AO BATALHAO DA POLICIA MILITAR	CASA FORTE		""	COLISÃO	MOTO/AUTO S/V	1	1								0		""	""	""	""	""	""	""	""	""	""	""	""	""
5557	2018-06-29T00:00:00	19:31:00	SEM VÍTIMA	FINALIZADA	CASA FORTE	EST DAS UBAIAS,	486	RUA IRMA MARIA DAVID	PROX AO COLEGIO NAP // CRUZAMENTO COM A RUA IRMA MARIA DAVID	EST DAS UBAIAS,	486	PROX AO COLEGIO NAP // CRUZAMENTO COM A RUA IRMA MARIA DAVID	CASA FORTE		""	COLISÃO	PALIO X FIAT UNO	2									0		""	""	""	""	""	""	""	""	""	""	""	""	""
5558	2018-06-29T00:00:00	19:55:00	SEM VÍTIMA	FINALIZADA	AFOGADOS	RUA TRES DE AGOSTO	""	""	EM FRENTE EROS HOTEL/EM FRENTE A IGREJA DE SAO SEBASTIAO	RUA TRES DE AGOSTO	""	EM FRENTE EROS HOTEL/EM FRENTE A IGREJA DE SAO SEBASTIAO	AFOGADOS		""	CHOQUE	CAMINHAO COLIDIU COM VARIAS BARRACAS S/V							1			0		""	""	""	""	""	""	""	""	""	""	""	""	""
5559	2018-06-29T00:00:00	20:01:00	SEM VÍTIMA	CANCELADA	TORRÕES	AV ENGENHEIRO ABDIAS DE CARVALHO	""	""	PROX AO VIADUTO DA 232 DEPOIS DO POSTO SHELL SENTDO CARUARU	AV ENGENHEIRO ABDIAS DE CARVALHO	""	PROX AO VIADUTO DA 232 DEPOIS DO POSTO SHELL SENTDO CARUARU	TORRÕES		""	COLISÃO	PALIO X PRISMA	2									0		""	""	""	""	""	""	""	""	""	""	""	""	""
5560	2018-06-29T00:00:00	20:24:00	SEM VÍTIMA	FINALIZADA	BARRO	AV CENTRAL	""	""	ENF A ESTAÇAO DO BARRO	AV CENTRAL	""	ENF A ESTAÇAO DO BARRO	BARRO		""	COLISÃO	DUAS MOTOS UMA DA POLICIA		2								0		""	""	""	""	""	""	""	""	""	""	""	""	""
5561	2018-06-29T00:00:00	20:56:00	COM VÍTIMA	FINALIZADA	AREIAS	AV DR JOSE RUFINO	""	""	SEMAFORO 044/EM FRENTE AO POSTO SHELL	AV DR JOSE RUFINO	""	SEMAFORO 044/EM FRENTE AO POSTO SHELL	AREIAS		""	COLISÃO	MOTO E AUTO C/V	1	1								1		""	""	""	""	""	""	""	""	""	""	""	""	""
5562	2018-06-29T00:00:00	22:04:00	SEM VÍTIMA	FINALIZADA	IPSEP	AV RECIFE	""	""	DEPOIS DO POSTO FEDERAL S/T AEROPORTO ,DEPOIS DA PIZZARIA ATLANTICO	AV RECIFE	""	DEPOIS DO POSTO FEDERAL S/T AEROPORTO ,DEPOIS DA PIZZARIA ATLANTICO	IPSEP		""	COLISÃO	DOIS AUTOS S/V	2									0		""	""	""	""	""	""	""	""	""	""	""	""	""
5563	2018-06-29T00:00:00	22:37:00	SEM VÍTIMA	CANCELADA	BOA VIAGEM	AV CONSELHEIRO AGUIAR	""	RUA DR NILO DORNELAS CAMARA	CRUZAMENTO COM A RUA DR NILO DORNELAS CAMERA ENF: A PRC DE BOA VIAGEM	AV CONSELHEIRO AGUIAR	""	CRUZAMENTO COM A RUA DR NILO DORNELAS CAMERA ENF: A PRC DE BOA VIAGEM	BOA VIAGEM		""	COLISÃO	FIAT PUNTO X ONIBUS 	1					1				0		""	""	""	""	""	""	""	""	""	""	""	""	""
5564	2018-06-29T00:00:00	22:57:00	COM VÍTIMA	FINALIZADA	BOA VIAGEM	AV BOA VIAGEM	770	""	PROXIMO AS QUADRA DE TENIS	AV BOA VIAGEM	770	PROXIMO AS QUADRA DE TENIS	BOA VIAGEM		""	COLISÃO	AUTO E MOTO	1	2								2		""	""	""	""	""	""	""	""	""	""	""	""	""
5565	2018-06-30T00:00:00	01:52:00	SEM VÍTIMA	CANCELADA	BOA VIAGEM	PRC MINISTRO SALGADO FILHO	""	""	NA ENTRADA DO ESTACIONAMENTO DO AEROPORTO	PRC MINISTRO SALGADO FILHO	""	NA ENTRADA DO ESTACIONAMENTO DO AEROPORTO	BOA VIAGEM		""	COLISÃO	COLISÃO ENTRE DOIS AUTOS S/V	2									0		""	""	""	""	""	""	""	""	""	""	""	""	""
5566	2018-06-30T00:00:00	03:48:00	COM VÍTIMA	FINALIZADA	ESPINHEIRO	RUA CONS PORTELA	""	""	EM FRENTE A IGREJA DO ESPINHEIRO	RUA CONS PORTELA	""	EM FRENTE A IGREJA DO ESPINHEIRO	ESPINHEIRO		""	CAPOTAMENTO	CONDUTOR PERDEU O CONTROLE DO VEÍCULO E CAPOTOU	1									1		""	""	""	""	""	""	""	""	""	""	""	""	""
5567	2018-06-30T00:00:00	08:13:00	COM VÍTIMA	FINALIZADA	MACAXEIRA	AV NORTE	""	""	EM FRENTE A ANTIGA FABRICA DA MACAZEIRA	AV NORTE	""	EM FRENTE A ANTIGA FABRICA DA MACAZEIRA	MACAXEIRA		""	COLISÃO	MOTO E ONIBUS		1				1				1		""	""	""	""	""	""	""	""	""	""	""	""	""
5568	2018-06-30T00:00:00	08:14:00	COM VÍTIMA	FINALIZADA	IMBIRIBEIRA	RUA PAMPULHA	""	RUA ITAJAI	CRUZ COM A RUA ITAJAI EM FRENTE A PANIFICADORA VALE DO RIO DOCE	RUA PAMPULHA	""	CRUZ COM A RUA ITAJAI EM FRENTE A PANIFICADORA VALE DO RIO DOCE	IMBIRIBEIRA		""	COLISÃO	COLISÃO COM VITIMAS A ESPERA DO SAMU	2	1								2		""	""	""	""	""	""	""	""	""	""	""	""	""
5569	2018-06-30T00:00:00	09:31:00	SEM VÍTIMA	FINALIZADA	IMBIRIBEIRA	AV MARECHAL MASCARENHAS DE MORAES	""	""	SENTIDO CENTRO EM FRENTE A CONCESSIONARIA TOYOLEX	AV MARECHAL MASCARENHAS DE MORAES	""	SENTIDO CENTRO EM FRENTE A CONCESSIONARIA TOYOLEX	IMBIRIBEIRA		""	COLISÃO	COLISÃO SEM VITIMAS	1	1								0		""	""	""	""	""	""	""	""	""	""	""	""	""
5570	2018-06-30T00:00:00	09:36:00	SEM VÍTIMA	FINALIZADA	IMBIRIBEIRA	AV MARECHAL MASCARENHAS DE MORAES	""	""	EM FRENTE AO DESCONTAO / SENT AFOGADOS	AV MARECHAL MASCARENHAS DE MORAES	""	EM FRENTE AO DESCONTAO / SENT AFOGADOS	IMBIRIBEIRA		""	COLISÃO	DOIS AUTOS	2									0		""	""	""	""	""	""	""	""	""	""	""	""	""
5571	2018-06-30T00:00:00	09:40:00	SEM VÍTIMA	FINALIZADA	DERBY	PRC DO DERBY	""	""	SEMÁFORO 418, PROX. AO QUARTEL DO DERBY	PRC DO DERBY	""	SEMÁFORO 418, PROX. AO QUARTEL DO DERBY	DERBY		""	COLISÃO	SEM VÍTIMAS	1						1			0		""	""	""	""	""	""	""	""	""	""	""	""	""
5572	2018-06-30T00:00:00	09:48:00	SEM VÍTIMA	FINALIZADA	MACAXEIRA	AV NORTE	""	""	""	AV NORTE	""	""	MACAXEIRA		""	COLISÃO	""	2									0		""	""	""	""	""	""	""	""	""	""	""	""	""
5573	2018-06-30T00:00:00	12:03:00	SEM VÍTIMA	FINALIZADA	AFOGADOS	RUA COSME VIANA	81	""	EM FRENTE A FACULDADE FAREC DE ESQUINA COM O POSTO DE GASOLINA BP	RUA COSME VIANA	81	EM FRENTE A FACULDADE FAREC DE ESQUINA COM O POSTO DE GASOLINA BP	AFOGADOS		""	COLISÃO	COLISÃO SEM VITIMAS	2									0		""	""	""	""	""	""	""	""	""	""	""	""	""
5574	2018-06-30T00:00:00	13:17:00	SEM VÍTIMA	FINALIZADA	IPUTINGA	EST DO BARBALHO	481	AV MAURICIO DE NASSAU	COM MAURICIO DE NASSAU, NO SEMAFORO 246	EST DO BARBALHO	481	COM MAURICIO DE NASSAU, NO SEMAFORO 246	IPUTINGA		""	COLISÃO	DOIS AUTOS	2									0		""	""	""	""	""	""	""	""	""	""	""	""	""
5575	2018-06-30T00:00:00	13:49:00	SEM VÍTIMA	FINALIZADA	IPSEP	AV RECIFE	3672	""	EM FRENTE AO MARTELINHO DE OURO/ SENTIDO TANCREDO NEVES	AV RECIFE	3672	EM FRENTE AO MARTELINHO DE OURO/ SENTIDO TANCREDO NEVES	IPSEP		""	COLISÃO	COLISÃO SEM VÍTIMA	3									0		""	""	""	""	""	""	""	""	""	""	""	""	""
5576	2018-06-30T00:00:00	14:54:00	COM VÍTIMA	FINALIZADA	MADALENA	AV BEIRA RIO	1041	""	EM FRENTE AO EDF. ENGENHO MADALENA	AV BEIRA RIO	1041	EM FRENTE AO EDF. ENGENHO MADALENA	MADALENA		""	COLISÃO	DOIS AUTOS	2									2		""	""	""	""	""	""	""	""	""	""	""	""	""
5577	2018-06-30T00:00:00	16:37:00	SEM VÍTIMA	CANCELADA	CASA AMARELA	RUA DOIS DE FEVEREIRO	101	""	EM FRENTE GRANJA PONTO DO FRANGO	RUA DOIS DE FEVEREIRO	101	EM FRENTE GRANJA PONTO DO FRANGO	CASA AMARELA		""	COLISÃO	COLISÃO SEM VÍTIMA	2									0		""	""	""	""	""	""	""	""	""	""	""	""	""
5578	2018-06-30T00:00:00	16:41:00	SEM VÍTIMA	CANCELADA	MADALENA	RUA MANOEL BERNARDES	134	""	EM FRENTE AO EDIFICIO MAISON BOTTICELLI	RUA MANOEL BERNARDES	134	EM FRENTE AO EDIFICIO MAISON BOTTICELLI	MADALENA		""	COLISÃO	COLISÃO SEM VITIMAS OBS VEICULO ROUBADO POREM COLIDIDO COM OUTRO VEICULO	2									0		""	""	""	""	""	""	""	""	""	""	""	""	""
5579	2018-06-30T00:00:00	17:49:00	SEM VÍTIMA	CANCELADA	BOA VIAGEM	AV DES JOSE NEVES	""	""	DO LADO CANAL QUE VAI PARA BARAO DE SOUZA LEAO/SEMAFORO 476	AV DES JOSE NEVES	""	DO LADO CANAL QUE VAI PARA BARAO DE SOUZA LEAO/SEMAFORO 476	BOA VIAGEM		""	COLISÃO	DOIS AUTO S/V SUSPEITA DE EMBRIAGUES	2									0		""	""	""	""	""	""	""	""	""	""	""	""	""
5580	2018-06-30T00:00:00	18:17:00	SEM VÍTIMA	FINALIZADA	MADALENA	RUA PROFESSOR JOSE TORRES PIRES	""	""	EM FRENTE A GARDEN( SALAO DE BELEZA)	RUA PROFESSOR JOSE TORRES PIRES	""	EM FRENTE A GARDEN( SALAO DE BELEZA)	MADALENA		""	COLISÃO	DOIS AUTOS /S/V	2									0		""	""	""	""	""	""	""	""	""	""	""	""	""
5581	2018-06-30T00:00:00	18:18:00	SEM VÍTIMA	FINALIZADA	TORRE	RUA REAL DA TORRE	""	""	PROX AO ATACADAO SENTIDO CAXANGA // ENF: OA POSTO QUE ESTA DESATIVADO	RUA REAL DA TORRE	""	PROX AO ATACADAO SENTIDO CAXANGA // ENF: OA POSTO QUE ESTA DESATIVADO	TORRE		""	COLISÃO	RANDERO X CELTA	2									0		""	""	""	""	""	""	""	""	""	""	""	""	""
5582	2018-06-30T00:00:00	20:32:00	SEM VÍTIMA	FINALIZADA	MACAXEIRA	AV NORTE	6622	""	PROX A BARROS LIMA MATERNIDADE	AV NORTE	6622	PROX A BARROS LIMA MATERNIDADE	MACAXEIRA		""	COLISÃO	ONIBUS E AUTOS S/V	1					1				0		""	""	""	""	""	""	""	""	""	""	""	""	""
5583	2018-06-30T00:00:00	21:04:00	SEM VÍTIMA	FINALIZADA	IMBIRIBEIRA	AV MARECHAL MASCARENHAS DE MORAES	""	""	FICA NO RETORNO DO IPSEP/PROX A IGREJA PRESBITERIANA DO BRASIL	AV MARECHAL MASCARENHAS DE MORAES	""	FICA NO RETORNO DO IPSEP/PROX A IGREJA PRESBITERIANA DO BRASIL	IMBIRIBEIRA		""	COLISÃO	DOIS AUTOS S/V	2									0		""	""	""	""	""	""	""	""	""	""	""	""	""
5584	2018-07-01T00:00:00	02:05:00	SEM VÍTIMA	FINALIZADA	IPSEP	RUA JEAN EMILE FAVRE	""	""	PROX DA ZERO GRAU, PROX DA PRAÇA MAURICEIA	RUA JEAN EMILE FAVRE	""	PROX DA ZERO GRAU, PROX DA PRAÇA MAURICEIA	IPSEP		""	COLISÃO	COLISÃO ENTRE DOIS AUTOS S/V	2									0		""	""	""	""	""	""	""	""	""	""	""	""	""
5585	2018-07-01T00:00:00	04:43:00	COM VÍTIMA	FINALIZADA	AREIAS	AV RECIFE	S/N	""	ENTRADA DA VILA TAMANDARÉ	AV RECIFE	S/N	ENTRADA DA VILA TAMANDARÉ	AREIAS		""	COLISÃO	POSTO DE COMBUSTÍVEL BR.		1				1				1		""	""	""	""	""	""	""	""	""	""	""	""	""
5586	2018-07-01T00:00:00	09:29:00	SEM VÍTIMA	FINALIZADA	CASA AMARELA	RUA MAJOR NEREU GUERRA	310	""	AO LADO DA IGREJA DA HARMONIA	RUA MAJOR NEREU GUERRA	310	AO LADO DA IGREJA DA HARMONIA	CASA AMARELA		""	COLISÃO	COLISÃO SEM VITIMAS	1					1				0		""	""	""	""	""	""	""	""	""	""	""	""	""
5587	2018-07-01T00:00:00	09:46:00	COM VÍTIMA	FINALIZADA	IBURA	RUA DOIS RIOS	""	""	IBURA DE BAIXO NA LADEIRA DA COAB	RUA DOIS RIOS	""	IBURA DE BAIXO NA LADEIRA DA COAB	IBURA		""	COLISÃO	COLISÃO COM VITIMA GM QTH	1	1								1		""	""	""	""	""	""	""	""	""	""	""	""	""
5588	2018-07-01T00:00:00	10:36:00	SEM VÍTIMA	CANCELADA	BOA VIAGEM	AV BOA VIAGEM	""	""	APOS O HOSPITAL DA AERONAUTICA, NO PRIMEIRO SEMAFORO	AV BOA VIAGEM	""	APOS O HOSPITAL DA AERONAUTICA, NO PRIMEIRO SEMAFORO	BOA VIAGEM		""	COLISÃO	COLISÃO SEM VITIMAS	2									0		""	""	""	""	""	""	""	""	""	""	""	""	""
5589	2018-07-01T00:00:00	14:50:00	SEM VÍTIMA	FINALIZADA	BARRO	RUA ADAMIR MENEZES	30	""	ASSOCIAÇÃO DOS MORADORES, VILA UMOARAMA	RUA ADAMIR MENEZES	30	ASSOCIAÇÃO DOS MORADORES, VILA UMOARAMA	BARRO		""	COLISÃO	COLISÃO SEM VÍTIMA	2									0		""	""	""	""	""	""	""	""	""	""	""	""	""
5590	2018-07-01T00:00:00	16:04:00	SEM VÍTIMA	FINALIZADA	ILHA DO RETIRO	AV ENGENHEIRO ABDIAS DE CARVALHO	""	""	EM FRENTE A BOBS/ SENTIDO CIDADE	AV ENGENHEIRO ABDIAS DE CARVALHO	""	EM FRENTE A BOBS/ SENTIDO CIDADE	ILHA DO RETIRO		""	COLISÃO	COLISÃO SEM VÍTIMA	3									0		""	""	""	""	""	""	""	""	""	""	""	""	""
5591	2018-07-01T00:00:00	16:31:00	SEM VÍTIMA	FINALIZADA	ILHA DO RETIRO	RUA BENFICA	""	""	DENTRO DO TUNEL CHICO SCIENCE	RUA BENFICA	""	DENTRO DO TUNEL CHICO SCIENCE	ILHA DO RETIRO		""	COLISÃO	COLISÃO SEM VITIMAS	2									0		""	""	""	""	""	""	""	""	""	""	""	""	""
5592	2018-07-01T00:00:00	16:42:00	SEM VÍTIMA	FINALIZADA	CASA AMARELA	AV NORTE	""	AV PROFESSOR JOSE DOS ANJOS	C/ RUA PROFESSOR JOSÉ DOS ANJOS	AV NORTE	""	C/ RUA PROFESSOR JOSÉ DOS ANJOS	CASA AMARELA		""	COLISÃO	ONIBUS E AUTO PASSEIO	1					1				0		""	""	""	""	""	""	""	""	""	""	""	""	""
5593	2018-07-01T00:00:00	17:19:00	SEM VÍTIMA	FINALIZADA	DOIS UNIDOS	AV HILDEBRANDO DE VASCONCELOS	""	""	DEFRENTE AO ANTIGA FAB. DA MINERVA	AV HILDEBRANDO DE VASCONCELOS	""	DEFRENTE AO ANTIGA FAB. DA MINERVA	DOIS UNIDOS		""	COLISÃO	COLISÃO SEM VITIMAS	1					1				0		""	""	""	""	""	""	""	""	""	""	""	""	""
5594	2018-07-01T00:00:00	18:40:00	COM VÍTIMA	FINALIZADA	JARDIM SÃO PAULO	RUA LEANDRO BARRETO	""	""	ENCIMA DO VIADUTO SENTIDO AV SAO PAULO	RUA LEANDRO BARRETO	""	ENCIMA DO VIADUTO SENTIDO AV SAO PAULO	JARDIM SÃO PAULO		""	ENGAVETAMENTO	SIENA X CELTA X UNO	3									2		""	""	""	""	""	""	""	""	""	""	""	""	""
5595	2018-07-01T00:00:00	20:40:00	SEM VÍTIMA	FINALIZADA	IBURA	RUA ENGENHO LINDA FLOR	15	""	ENF AO COLEGIO CPC (COLEGIO TEMPO DE CRESCER )	RUA ENGENHO LINDA FLOR	15	ENF AO COLEGIO CPC (COLEGIO TEMPO DE CRESCER )	IBURA		""	COLISÃO	VT DA PM X CAMINHAO							1	1		0		""	""	""	""	""	""	""	""	""	""	""	""	""
5596	2018-07-02T00:00:00	06:38:00	COM VÍTIMA	FINALIZADA	ÁGUA FRIA	RUA PROFESSOR JOSE AMARINO DOS REIS	15	""	E/F AO CONJUNTO EDUARDO CAMPOS	RUA PROFESSOR JOSE AMARINO DOS REIS	15	E/F AO CONJUNTO EDUARDO CAMPOS	ÁGUA FRIA		""	COLISÃO	COM UMA VÍTIMA	1	1								1		""	""	""	""	""	""	""	""	""	""	""	""	""