_id	DATA	hora	natureza_acidente	situacao	bairro	endereco	numero	detalhe_endereco_acidente	complemento	endereco_cruzamento	numero_cruzamento	referencia_cruzamento	bairro_cruzamento	num_semaforo	sentido_via	tipo	descricao	auto	moto	ciclom	ciclista	pedestre	onibus	caminhao	viatura	outros	vitimas	vitimasfatais	acidente_verificado	tempo_clima	situacao_semaforo	sinalizacao	condicao_via	conservacao_via	ponto_controle	situacao_placa	velocidade_max_via	mao_direcao	divisao_via1	divisao_via2	divisao_via3
5597	2018-07-02T00:00:00	07:11:00	SEM VÍTIMA	FINALIZADA	IPSEP	AV RECIFE	""	""	EM FRENTE A MARAVILHA MOTOS E A CASA DAS BATERIAS	AV RECIFE	""	EM FRENTE A MARAVILHA MOTOS E A CASA DAS BATERIAS	IPSEP		""	COLISÃO	COLISÃO SEM VITIMAS	2									0		""	""	""	""	""	""	""	""	""	""	""	""	""
5598	2018-07-02T00:00:00	08:05:00	SEM VÍTIMA	CANCELADA	BOA VIAGEM	AV BOA VIAGEM	3416	""	SEMAFORO 112	AV BOA VIAGEM	3416	SEMAFORO 112	BOA VIAGEM		""	ENGAVETAMENTO	QUATRO AUTOS S/V	4									0		""	""	""	""	""	""	""	""	""	""	""	""	""
5599	2018-07-02T00:00:00	08:15:00	SEM VÍTIMA	FINALIZADA	BOA VIAGEM	RUA AGENOR LOPES	277	""	E/F AO EDF. EMPRESARIAL IDERBRAS CENTER	RUA AGENOR LOPES	277	E/F AO EDF. EMPRESARIAL IDERBRAS CENTER	BOA VIAGEM		""	COLISÃO	SEM VÍTIMAS	1	1								0		""	""	""	""	""	""	""	""	""	""	""	""	""
5600	2018-07-02T00:00:00	10:39:00	COM VÍTIMA	FINALIZADA	BOA VIAGEM	RUA TENENTE JOAO CICERO	712	""	EM FRENTE A ACADEMIA CORPO LIVRE	RUA TENENTE JOAO CICERO	712	EM FRENTE A ACADEMIA CORPO LIVRE	BOA VIAGEM		""	COLISÃO	MOTO E AUTO	1	1								1		""	""	""	""	""	""	""	""	""	""	""	""	""
5601	2018-07-02T00:00:00	11:06:00	COM VÍTIMA	FINALIZADA	VASCO DA GAMA	RUA AVIADOR REGO BARROS	""	""	PRÓXIMO AO TREZE DO VASCO	RUA AVIADOR REGO BARROS	""	PRÓXIMO AO TREZE DO VASCO	VASCO DA GAMA		""	COLISÃO	COLISÃO COM VÍTIMA, ENTRE AUTO E MOTO	1	1								1		""	""	""	""	""	""	""	""	""	""	""	""	""
5602	2018-07-02T00:00:00	12:04:00	SEM VÍTIMA	CANCELADA	MADALENA	RUA DOM JOAO DE SOUZA	53	""	EM FRENTE AO EDIFICIO MORADA BEIRA RIO	RUA DOM JOAO DE SOUZA	53	EM FRENTE AO EDIFICIO MORADA BEIRA RIO	MADALENA		""	COLISÃO	COLISÃO SEM VÍTIMA	2									0		""	""	""	""	""	""	""	""	""	""	""	""	""
5603	2018-07-02T00:00:00	12:19:00	SEM VÍTIMA	CANCELADA	ENGENHO DO MEIO	RUA ANTONIO CURADO	142	""	DUAS ESQUINA ANTES DO CLUB DA SUDENE	RUA ANTONIO CURADO	142	DUAS ESQUINA ANTES DO CLUB DA SUDENE	ENGENHO DO MEIO		""	COLISÃO	DOIS AUTOS S/V, UM DOS CONDUTORES APRESENTA SINAIS DE EMBRIAGUES	2									0		""	""	""	""	""	""	""	""	""	""	""	""	""
5604	2018-07-02T00:00:00	16:07:00	COM VÍTIMA	FINALIZADA	ILHA JOANA BEZERRA	RUA MIRANDOPOLIS	32A	""	EM FRENTE AO DEPOSITO DE BEBIDA JOANA BEZERRA	RUA MIRANDOPOLIS	32A	EM FRENTE AO DEPOSITO DE BEBIDA JOANA BEZERRA	ILHA JOANA BEZERRA		""	COLISÃO	COLISÃO COM VÍTIMA		1				1				1		""	""	""	""	""	""	""	""	""	""	""	""	""
5605	2018-07-02T00:00:00	16:08:00	SEM VÍTIMA	FINALIZADA	CASA AMARELA	RUA DA CAROLINA	90	""	PROX. AO COLEGIO VOVO PEDRO	RUA DA CAROLINA	90	PROX. AO COLEGIO VOVO PEDRO	CASA AMARELA		""	COLISÃO	AUTO E CAMINHAO DA CELPE	1						1			0		""	""	""	""	""	""	""	""	""	""	""	""	""
5606	2018-07-02T00:00:00	17:14:00	SEM VÍTIMA	FINALIZADA	BOA VIAGEM	RUA DOS NAVEGANTES	1235	""	EM FRENTE AO EDIFICIO DHALIA	RUA DOS NAVEGANTES	1235	EM FRENTE AO EDIFICIO DHALIA	BOA VIAGEM		""	COLISÃO	COLISÃO SEM VÍTIMA	2									0		""	""	""	""	""	""	""	""	""	""	""	""	""
5607	2018-07-02T00:00:00	17:19:00	COM VÍTIMA	FINALIZADA	ILHA DO RETIRO	RUA SPORT CLUBE DO RECIFE	""	""	SEM. 367	RUA SPORT CLUBE DO RECIFE	""	SEM. 367	ILHA DO RETIRO		""	COLISÃO	COM VÍTIMA	1	1								1		""	""	""	""	""	""	""	""	""	""	""	""	""
5608	2018-07-02T00:00:00	18:14:00	COM VÍTIMA	FINALIZADA	IPSEP	RUA JEAN EMILE FAVRE	""	""	E/F A FACULDADE BOA VIAGEM	RUA JEAN EMILE FAVRE	""	E/F A FACULDADE BOA VIAGEM	IPSEP		""	COLISÃO	ENTRE AUTO E MOTO. C/V	1	1								1		""	""	""	""	""	""	""	""	""	""	""	""	""
5609	2018-07-02T00:00:00	19:34:00	SEM VÍTIMA	FINALIZADA	BOA VIAGEM	RUA ANTONIO FALCAO	821	""	DEPOIS DO CHINA BOX NA ENTRADA PRO SHOPPING RECIFE	RUA ANTONIO FALCAO	821	DEPOIS DO CHINA BOX NA ENTRADA PRO SHOPPING RECIFE	BOA VIAGEM		""	COLISÃO	PALIO X I 30 OBS::: SUSPEITA DE EMBRIAGUEZ	2									0		""	""	""	""	""	""	""	""	""	""	""	""	""
5610	2018-07-02T00:00:00	23:33:00	SEM VÍTIMA	FINALIZADA	BOA VIAGEM	AV BOA VIAGEM	4988	""	PROXIMIDADES DA PRAÇA DE BV / SEMÁFORO 483	AV BOA VIAGEM	4988	PROXIMIDADES DA PRAÇA DE BV / SEMÁFORO 483	BOA VIAGEM		""	COLISÃO	ENTRE 2 AUTOS. S/V	2									0		""	""	""	""	""	""	""	""	""	""	""	""	""
5611	2018-07-03T00:00:00	00:58:00	COM VÍTIMA	FINALIZADA	IPUTINGA	AV CAXANGA	""	""	PROX DO HOSPITAL BARÃO DE LUCENA, EM BAIXO DO VIADUTO CAXANGÁ, SENTIDO RECIFE	AV CAXANGA	""	PROX DO HOSPITAL BARÃO DE LUCENA, EM BAIXO DO VIADUTO CAXANGÁ, SENTIDO RECIFE	IPUTINGA		""	COLISÃO	COLISÃO ENTRE MOTO E AUTO C/V	1	1								1		""	""	""	""	""	""	""	""	""	""	""	""	""
5612	2018-07-03T00:00:00	07:44:00	COM VÍTIMA	FINALIZADA	BONGI	RUA DELMIRO GOUVEIA	333	""	ENFRENTE A CHESF, SENTIDO CIDADE SUBURBIO	RUA DELMIRO GOUVEIA	333	ENFRENTE A CHESF, SENTIDO CIDADE SUBURBIO	BONGI		""	COLISÃO	COLISÃO COM VITIMA	1	1								1		""	""	""	""	""	""	""	""	""	""	""	""	""
5613	2018-07-03T00:00:00	10:13:00	SEM VÍTIMA	FINALIZADA	BOA VISTA	RUA DAS FRONTEIRAS	51	""	EM FRENTE A MAX IMAGEM	RUA DAS FRONTEIRAS	51	EM FRENTE A MAX IMAGEM	BOA VISTA		""	COLISÃO	DOIS AUTOS	2									0		""	""	""	""	""	""	""	""	""	""	""	""	""
5614	2018-07-03T00:00:00	10:15:00	""	CANCELADA	BOA VISTA	RUA DA FRONTEIRA	77	""	E/F A MAX IMAGEM	RUA DA FRONTEIRA	77	E/F A MAX IMAGEM	BOA VISTA		""	COLISÃO	SEM VÍTIMAS	2									0		""	""	""	""	""	""	""	""	""	""	""	""	""
5615	2018-07-03T00:00:00	12:00:00	SEM VÍTIMA	FINALIZADA	GRAÇAS	RUA DAS CREOULAS	292	""	EM FRENTE A FARMACIA QUATRO CANTOS	RUA DAS CREOULAS	292	EM FRENTE A FARMACIA QUATRO CANTOS	GRAÇAS		""	COLISÃO	DOIS AUTOS	2									0		""	""	""	""	""	""	""	""	""	""	""	""	""
5616	2018-07-03T00:00:00	12:15:00	COM VÍTIMA	FINALIZADA	BOA VISTA	RUA PRINCESA IZABEL	""	""	E/F A FACULDADE DE DIREITO	RUA PRINCESA IZABEL	""	E/F A FACULDADE DE DIREITO	BOA VISTA		""	COLISÃO	""	2	1								1		""	""	""	""	""	""	""	""	""	""	""	""	""
5617	2018-07-03T00:00:00	13:19:00	SEM VÍTIMA	PENDENTE	BOA VIAGEM	RUA MARQUES DE VALENCA	85	""	E/F A ACADEMIA HI	RUA MARQUES DE VALENCA	85	E/F A ACADEMIA HI	BOA VIAGEM		""	COLISÃO	VEICULO COLIDIU COM UM PORTAO DE UMA RESIDENCIA O MESMO ESTA EMBRIAGADO	1									0		""	""	""	""	""	""	""	""	""	""	""	""	""
5618	2018-07-03T00:00:00	14:40:00	SEM VÍTIMA	CANCELADA	BOA VIAGEM	RUA ARTUR MUNIZ	236	""	RUA EM FRENTE AO EXTRA	RUA ARTUR MUNIZ	236	RUA EM FRENTE AO EXTRA	BOA VIAGEM		""	COLISÃO	VEICULO ESTACIONADO EM LOCAL PROIBIDO	2									0		""	""	""	""	""	""	""	""	""	""	""	""	""
5619	2018-07-03T00:00:00	13:23:00	SEM VÍTIMA	FINALIZADA	BOA VIAGEM	RUA ERNESTO DE PAULA SANTOS	""	""	E/F AO RESTAURANTE CASA DE D´´ITALIA	RUA ERNESTO DE PAULA SANTOS	""	E/F AO RESTAURANTE CASA DE D´´ITALIA	BOA VIAGEM		""	COLISÃO	ART.181	2									0		""	""	""	""	""	""	""	""	""	""	""	""	""
5620	2018-07-03T00:00:00	13:34:00	COM VÍTIMA	FINALIZADA	CAXANGÁ	AV CAXANGA	""	""	EM FRENTE AO RESIDENCIAL CAXANGA/S/SUBURBIO CIDADE	AV CAXANGA	""	EM FRENTE AO RESIDENCIAL CAXANGA/S/SUBURBIO CIDADE	CAXANGÁ		""	COLISÃO	TRES AUTOS C/V	3									1		""	""	""	""	""	""	""	""	""	""	""	""	""
5621	2018-07-03T00:00:00	14:14:00	SEM VÍTIMA	FINALIZADA	VASCO DA GAMA	RUA VASCO DA GAMA	516	""	EM FRENTE A IGREJA CATOLICA PADRE SEVERINO, EM FRENTE A SUBIDA DO ALTO TREZE DE MAIO	RUA VASCO DA GAMA	516	EM FRENTE A IGREJA CATOLICA PADRE SEVERINO, EM FRENTE A SUBIDA DO ALTO TREZE DE MAIO	VASCO DA GAMA		""	COLISÃO	AUTO E MOTO	1	1								0		""	""	""	""	""	""	""	""	""	""	""	""	""
5622	2018-07-03T00:00:00	14:37:00	""	CANCELADA	VASCO DA GAMA	RUA VASCO DA GAMA	""	""	E/F PANIFICADORA LEITE	RUA VASCO DA GAMA	""	E/F PANIFICADORA LEITE	VASCO DA GAMA		""	COLISÃO	COLISAO ENTRE AUTO E MOTO S/V	1	1								0		""	""	""	""	""	""	""	""	""	""	""	""	""
5623	2018-07-03T00:00:00	14:52:00	SEM VÍTIMA	FINALIZADA	ESPINHEIRO	RUA ALFREDO DE CARVALHO	56	""	EM FRENTE A RM TERCEIRIZAÇAO, NA RUA DA DELEGACIA	RUA ALFREDO DE CARVALHO	56	EM FRENTE A RM TERCEIRIZAÇAO, NA RUA DA DELEGACIA	ESPINHEIRO		""	COLISÃO	DOIS AUTOS	2									0		""	""	""	""	""	""	""	""	""	""	""	""	""
5624	2018-07-03T00:00:00	14:56:00	SEM VÍTIMA	FINALIZADA	TAMARINEIRA	RUA CONEGO BARATA	""	""	SEMAFORO 306/	RUA CONEGO BARATA	""	SEMAFORO 306/	TAMARINEIRA		""	COLISÃO	DOIS AUTOS S/V	2									0		""	""	""	""	""	""	""	""	""	""	""	""	""
5625	2018-07-03T00:00:00	15:52:00	SEM VÍTIMA	FINALIZADA	BOA VISTA	RUA SAO GONCALO	""	""	PROX AO IMIP/EM FRENTE A IGREJA	RUA SAO GONCALO	""	PROX AO IMIP/EM FRENTE A IGREJA	BOA VISTA		""	COLISÃO	DOIS AUTOS S/V	2									0		""	""	""	""	""	""	""	""	""	""	""	""	""
5626	2018-07-03T00:00:00	.	COM VÍTIMA	EQUIPE EM DESLOCAMENTO	MADALENA	AV JOSE GONCALVES DE MEDEIROS	""	""	EM FRENTE A PAG MENOS	AV JOSE GONCALVES DE MEDEIROS	""	EM FRENTE A PAG MENOS	MADALENA		""	COLISÃO	COLISAO ENTRE AUTO E MOTO COM VITIMA	1	1								1		""	""	""	""	""	""	""	""	""	""	""	""	""
5627	2018-07-03T00:00:00	16:28:00	SEM VÍTIMA	FINALIZADA	IMBIRIBEIRA	AV TANCREDO NEVES	""	""	NA DESCIDA DO VIADUTO S/T AV RECIFE BOA VIAGEM	AV TANCREDO NEVES	""	NA DESCIDA DO VIADUTO S/T AV RECIFE BOA VIAGEM	IMBIRIBEIRA		""	COLISÃO	DOIS AUTOS/S/V	1						1			0		""	""	""	""	""	""	""	""	""	""	""	""	""
5628	2018-07-03T00:00:00	16:37:00	SEM VÍTIMA	FINALIZADA	IPSEP	RUA JEAN EMILE FAVRE	885	""	EM FRENTE A BIG BEN, E MARINGA AUTO PEÇAS	RUA JEAN EMILE FAVRE	885	EM FRENTE A BIG BEN, E MARINGA AUTO PEÇAS	IPSEP		""	COLISÃO	AUTO E CAMINHAO	1						1			0		""	""	""	""	""	""	""	""	""	""	""	""	""
5629	2018-07-03T00:00:00	16:45:00	SEM VÍTIMA	FINALIZADA	IMBIRIBEIRA	RUA ARQUITETO LUIZ NUNES	""	""	SEMAFORO 634	RUA ARQUITETO LUIZ NUNES	""	SEMAFORO 634	IMBIRIBEIRA		""	COLISÃO	DOIS AUTOS	2									0		""	""	""	""	""	""	""	""	""	""	""	""	""
5630	2018-07-03T00:00:00	16:56:00	SEM VÍTIMA	FINALIZADA	BOA VIAGEM	RUA RIBEIRO DE BRITO	111	""	E/F AO POSTO BR	RUA RIBEIRO DE BRITO	111	E/F AO POSTO BR	BOA VIAGEM		""	COLISÃO	COLISAO ENTRE AUTO E MOTO S/V	1	1								0		""	""	""	""	""	""	""	""	""	""	""	""	""
5631	2018-07-03T00:00:00	17:34:00	COM VÍTIMA	FINALIZADA	SANTO AMARO	AV JOAO DE BARROS	""	""	E/B DO VIADUTO DA AV JOÃO DE BARROS SENTIDO CIDADE	AV JOAO DE BARROS	""	E/B DO VIADUTO DA AV JOÃO DE BARROS SENTIDO CIDADE	SANTO AMARO		""	COLISÃO	COLISÃO ENTRE AUTO E MOTO C/V	1	1								1		""	""	""	""	""	""	""	""	""	""	""	""	""
5632	2018-07-03T00:00:00	17:36:00	COM VÍTIMA	FINALIZADA	CORDEIRO	RUA SALVADOR ALLENDE	""	""	PROX A CRECHE E LUTANDO QUE SE CONQUISTA/SEMAFORO 088	RUA SALVADOR ALLENDE	""	PROX A CRECHE E LUTANDO QUE SE CONQUISTA/SEMAFORO 088	CORDEIRO		""	COLISÃO	CARRO E MOTO C / V	1	1								1		""	""	""	""	""	""	""	""	""	""	""	""	""
5633	2018-07-03T00:00:00	18:28:00	SEM VÍTIMA	FINALIZADA	CASA FORTE	AV DEZESSETE DE AGOSTO	""	""	E/F A FARMÁCIA BIG BEN / SEMÁFORO 346	AV DEZESSETE DE AGOSTO	""	E/F A FARMÁCIA BIG BEN / SEMÁFORO 346	CASA FORTE		""	COLISÃO	ENTRE 2 AUTOS. S/V	2									0		""	""	""	""	""	""	""	""	""	""	""	""	""
5634	2018-07-03T00:00:00	18:28:00	SEM VÍTIMA	FINALIZADA	PINA	AVENIDA CELSO FURTADO (VIA MANGUE)	""	""	SENTIDO BOA VIAGEM O PRIMEIRO RETORNO DA VIA Mangue	AVENIDA CELSO FURTADO (VIA MANGUE)	""	SENTIDO BOA VIAGEM O PRIMEIRO RETORNO DA VIA Mangue	PINA		""	COLISÃO	ONIX X MOTO	1	1								0		""	""	""	""	""	""	""	""	""	""	""	""	""
5635	2018-07-03T00:00:00	18:50:00	""	CANCELADA	""	AV ENGENHEIRO ABDIAS DE CARVALHO	""	""	SENTIDO BR	AV ENGENHEIRO ABDIAS DE CARVALHO	""	SENTIDO BR	""		""	ATROPELAMENTO	""		1			1							""	""	""	""	""	""	""	""	""	""	""	""	""
5636	2018-07-03T00:00:00	19:05:00	SEM VÍTIMA	FINALIZADA	ILHA DO LEITE	RUA SENADOR JOSE HENRIQUE	224	AV FREI MATIAS TEVES	CRUZAMENTO COM AV FREI MATIAS TEVES // ENF AO CENTRO MUNTIMAGEM	RUA SENADOR JOSE HENRIQUE	224	CRUZAMENTO COM AV FREI MATIAS TEVES // ENF AO CENTRO MUNTIMAGEM	ILHA DO LEITE		""	COLISÃO	ONIBUS X HB 20	1					1				0		""	""	""	""	""	""	""	""	""	""	""	""	""
5637	2018-07-03T00:00:00	19:40:00	SEM VÍTIMA	FINALIZADA	SANTO ANTÔNIO	AV DANTAS BARRETO	166	""	E/F A IGREJA DO CARMO E CASA PIO	AV DANTAS BARRETO	166	E/F A IGREJA DO CARMO E CASA PIO	SANTO ANTÔNIO		""	COLISÃO	ENTRE AUTO PASSEIO E ÔNIBUS. S/V	1					1				0		""	""	""	""	""	""	""	""	""	""	""	""	""
5638	2018-07-03T00:00:00	19:49:00	SEM VÍTIMA	FINALIZADA	IMBIRIBEIRA	AV MARECHAL MASCARENHAS DE MORAES	""	""	APÓS AO ANTIGO AEROPORTO, SNT PRAZERES / PROXIMIDAS DA LOCADORA MOTIVO / POR BAIXO DO VIADUTO	AV MARECHAL MASCARENHAS DE MORAES	""	APÓS AO ANTIGO AEROPORTO, SNT PRAZERES / PROXIMIDAS DA LOCADORA MOTIVO / POR BAIXO DO VIADUTO	IMBIRIBEIRA		""	COLISÃO	ENTRE AUTO PASSEIO E ÔNIBUS. S/V	1					1				0		""	""	""	""	""	""	""	""	""	""	""	""	""
5639	2018-07-03T00:00:00	20:18:00	SEM VÍTIMA	FINALIZADA	BOA VISTA	RUA DA AURORA	""	RUA PRINCESA IZABEL	SEMAFORO 022 CRUZAMENTO COM A RUA PRINCESA IZABEL	RUA DA AURORA	""	SEMAFORO 022 CRUZAMENTO COM A RUA PRINCESA IZABEL	BOA VISTA		""	COLISÃO	ONIBUS GLOBO X AUTO	1					1				0		""	""	""	""	""	""	""	""	""	""	""	""	""
5640	2018-07-03T00:00:00	20:41:00	SEM VÍTIMA	FINALIZADA	TORRE	AV BEIRA RIO	109	AV CONDE DE IRAJA	E/F AO EDF DUAS NAÇÕES / ESQUINA COM A AV CONDE DO IRAJÁ	AV BEIRA RIO	109	E/F AO EDF DUAS NAÇÕES / ESQUINA COM A AV CONDE DO IRAJÁ	TORRE		""	COLISÃO	ENTRE 2 AUTOS. S/V	2									0		""	""	""	""	""	""	""	""	""	""	""	""	""
5641	2018-07-03T00:00:00	21:00:00	SEM VÍTIMA	FINALIZADA	BOA VISTA	RUA DA SANTA CRUZ	413	""	AO LADO DA IGREJA DE SANTA CRUZ E PRÓX A PADARIA SANTA CRUZ	RUA DA SANTA CRUZ	413	AO LADO DA IGREJA DE SANTA CRUZ E PRÓX A PADARIA SANTA CRUZ	BOA VISTA		""	COLISÃO	ENTRE 2 AUTOS. S/V	2									0		""	""	""	""	""	""	""	""	""	""	""	""	""
5642	2018-07-03T00:00:00	22:15:00	COM VÍTIMA	FINALIZADA	CAMPO GRANDE	EST DE BELEM	""	RUA ODORIDO MENDES	CRUZAMENTO COM A RUA ODORICO MENDES // SEMAFORO 026	EST DE BELEM	""	CRUZAMENTO COM A RUA ODORICO MENDES // SEMAFORO 026	CAMPO GRANDE		""	COLISÃO	FIESTA PRATA X MOTO	1	1								1		""	""	""	""	""	""	""	""	""	""	""	""	""
5643	2018-07-04T00:00:00	06:49:00	SEM VÍTIMA	FINALIZADA	DERBY	AV GOVERNADOR AGAMENON MAGALHAES	""	""	NO INCIO DA RUA CARLOS DE LIMA CAVALCANTE SEMAFORO 075 EM FRENTE AO CURSO DE INGLES WIZARD	AV GOVERNADOR AGAMENON MAGALHAES	""	NO INCIO DA RUA CARLOS DE LIMA CAVALCANTE SEMAFORO 075 EM FRENTE AO CURSO DE INGLES WIZARD	DERBY		""	COLISÃO	COLISÃO SEM VITIMAS FLAVIO MENDES QTH	1					1				0		""	""	""	""	""	""	""	""	""	""	""	""	""
5644	2018-07-04T00:00:00	07:53:00	SEM VÍTIMA	FINALIZADA	BOA VIAGEM	RUA RIBEIRO DE BRITO	""	RUA PROF JOAO MEDEIROS	COM A RUA PROF JOAO MEDEIROS / AO LADO DA SUBWAY	RUA RIBEIRO DE BRITO	""	COM A RUA PROF JOAO MEDEIROS / AO LADO DA SUBWAY	BOA VIAGEM		""	COLISÃO	CAMINHAO E AUTO PASSEIO	1						1			0		""	""	""	""	""	""	""	""	""	""	""	""	""
5645	2018-07-04T00:00:00	08:19:00	SEM VÍTIMA	FINALIZADA	JORDÃO	AV MARIA IRENE	808	""	RESIDENCIA EM FRENTE AO POSTO DE GASOLINA TOTAL	AV MARIA IRENE	808	RESIDENCIA EM FRENTE AO POSTO DE GASOLINA TOTAL	JORDÃO		""	COLISÃO	COLISÃO SEM VITIMAS	2									0		""	""	""	""	""	""	""	""	""	""	""	""	""
5646	2018-07-04T00:00:00	08:27:00	SEM VÍTIMA	FINALIZADA	CAXANGÁ	AV CAXANGA	""	""	SENTIDO CIDADE SUBURBIO EM FRENTE A INTEGRAÇÃO DA CAXANGA	AV CAXANGA	""	SENTIDO CIDADE SUBURBIO EM FRENTE A INTEGRAÇÃO DA CAXANGA	CAXANGÁ		""	COLISÃO	COLISÃO SEM VITIMAS	1					1				0		""	""	""	""	""	""	""	""	""	""	""	""	""
5647	2018-07-04T00:00:00	08:56:00	SEM VÍTIMA	FINALIZADA	IMBIRIBEIRA	RUA NAPOLIS	2156	""	AO LADO DA ITALIANA	RUA NAPOLIS	2156	AO LADO DA ITALIANA	IMBIRIBEIRA		""	COLISÃO	SEM VÍTIMAS.	1						1			0		""	""	""	""	""	""	""	""	""	""	""	""	""
5648	2018-07-04T00:00:00	10:06:00	SEM VÍTIMA	FINALIZADA	BOA VIAGEM	RUA SA E SOUZA	803	""	E/F AO EDF. EDIVANA	RUA SA E SOUZA	803	E/F AO EDF. EDIVANA	BOA VIAGEM		""	COLISÃO	SEM VÍTIMAS.	2									0		""	""	""	""	""	""	""	""	""	""	""	""	""
5649	2018-07-04T00:00:00	10:13:00	SEM VÍTIMA	FINALIZADA	PINA	AV ANTONIO DE GOES	742	""	E/F AO EMPRESARIAL JOPIN. SEMÁFORO 103	AV ANTONIO DE GOES	742	E/F AO EMPRESARIAL JOPIN. SEMÁFORO 103	PINA		""	COLISÃO	SEM VÍTIMAS.	1					1				0		""	""	""	""	""	""	""	""	""	""	""	""	""
5650	2018-07-04T00:00:00	10:19:00	SEM VÍTIMA	FINALIZADA	BOA VIAGEM	RUA JOAO DIAS MARTINS	86	""	NA FRENTE A IGREJA NOVA DE BOA VIAGEM	RUA JOAO DIAS MARTINS	86	NA FRENTE A IGREJA NOVA DE BOA VIAGEM	BOA VIAGEM		""	COLISÃO	COLISÃO SEM VITIMAS	2									0		""	""	""	""	""	""	""	""	""	""	""	""	""
5651	2018-07-04T00:00:00	10:29:00	SEM VÍTIMA	FINALIZADA	IMBIRIBEIRA	RUA PROFESSORA ROSILDA COSTA	3125C	""	EM FRENTE A INDUSTRIA INCAPA	RUA PROFESSORA ROSILDA COSTA	3125C	EM FRENTE A INDUSTRIA INCAPA	IMBIRIBEIRA		""	COLISÃO	CAMINHAO E AUTO PASSEIO	1						1			0		""	""	""	""	""	""	""	""	""	""	""	""	""
5652	2018-07-04T00:00:00	10:58:00	SEM VÍTIMA	FINALIZADA	ILHA JOANA BEZERRA	VDO PAPA JOAO PAULO II	""	""	PRÓXIMO A ALÇA DE ACESSO PARA RUA IMPERIAL	VDO PAPA JOAO PAULO II	""	PRÓXIMO A ALÇA DE ACESSO PARA RUA IMPERIAL	ILHA JOANA BEZERRA		""	COLISÃO	COM VITIMA		1								0		""	""	""	""	""	""	""	""	""	""	""	""	""
5653	2018-07-04T00:00:00	11:40:00	SEM VÍTIMA	FINALIZADA	SANTO AMARO	AV NORTE	""	""	AO LADO DO CEMITÉRIO DOS INGLESES, SENTIDO SUBÚRBIO	AV NORTE	""	AO LADO DO CEMITÉRIO DOS INGLESES, SENTIDO SUBÚRBIO	SANTO AMARO		""	COLISÃO	SEM VÍTIMAS. VT 24 NO LOCAL.	2									0		""	""	""	""	""	""	""	""	""	""	""	""	""
5654	2018-07-04T00:00:00	11:45:00	SEM VÍTIMA	FINALIZADA	IMBIRIBEIRA	RUA PROF AURELIO DE CASTRO CAVALCANTI	7935	""	EM BAIXO DO SEMAFORO 626 AO LADO DO MARTELINHO DE OURO	RUA PROF AURELIO DE CASTRO CAVALCANTI	7935	EM BAIXO DO SEMAFORO 626 AO LADO DO MARTELINHO DE OURO	IMBIRIBEIRA		""	COLISÃO	DOIS AUTOS	2									0		""	""	""	""	""	""	""	""	""	""	""	""	""
5655	2018-07-04T00:00:00	12:41:00	COM VÍTIMA	FINALIZADA	TORRE	RUA CONDE DE IRAJA	""	PRC TORRE	COM PRACA DA TORRE, NO SEMAFORO 409	RUA CONDE DE IRAJA	""	COM PRACA DA TORRE, NO SEMAFORO 409	TORRE		""	COLISÃO	AUTO E MOTO	1	1								1		""	""	""	""	""	""	""	""	""	""	""	""	""
5656	2018-07-04T00:00:00	13:03:00	COM VÍTIMA	FINALIZADA	BOA VIAGEM	AV CONSELHEIRO AGUIAR	1650	""	AO LADO DA MC DONALD.S EM FRENTE A LOJA STUDIO MAISON	AV CONSELHEIRO AGUIAR	1650	AO LADO DA MC DONALD.S EM FRENTE A LOJA STUDIO MAISON	BOA VIAGEM		""	COLISÃO	COLISÃO COM VITIMA A ESPERA DO SAMU	1	1								1		""	""	""	""	""	""	""	""	""	""	""	""	""
5657	2018-07-04T00:00:00	13:19:00	SEM VÍTIMA	FINALIZADA	ILHA DO RETIRO	AV ENGENHEIRO ABDIAS DE CARVALHO	365	""	AO LADO DO POSTO IPIRANGA, EM FRENTE A ESTAMPA VEICULOS, SENTIDO SUBURBIO	AV ENGENHEIRO ABDIAS DE CARVALHO	365	AO LADO DO POSTO IPIRANGA, EM FRENTE A ESTAMPA VEICULOS, SENTIDO SUBURBIO	ILHA DO RETIRO		""	COLISÃO	AUTO E CAMINHAO	1						1			0		""	""	""	""	""	""	""	""	""	""	""	""	""
5658	2018-07-04T00:00:00	14:24:00	SEM VÍTIMA	FINALIZADA	BOA VIAGEM	AV ENGENHEIRO DOMINGOS FERREIRA	4367	""	EM BAIXO DO SEMAFORO 128 EM FRENTE AO MUNDO DO CABELEIREIRO	AV ENGENHEIRO DOMINGOS FERREIRA	4367	EM BAIXO DO SEMAFORO 128 EM FRENTE AO MUNDO DO CABELEIREIRO	BOA VIAGEM		""	COLISÃO	COLISÃO SEM VITIMAS	2									0		""	""	""	""	""	""	""	""	""	""	""	""	""
5659	2018-07-04T00:00:00	14:32:00	SEM VÍTIMA	FINALIZADA	ILHA DO RETIRO	AV BEIRA RIO	""	""	PROX AO TUNEL CHICO SCIENCE DO SPORT	AV BEIRA RIO	""	PROX AO TUNEL CHICO SCIENCE DO SPORT	ILHA DO RETIRO		""	COLISÃO	COLISAO EBTRE DOIS AUTO S/V	2									0		""	""	""	""	""	""	""	""	""	""	""	""	""
5660	2018-07-04T00:00:00	14:58:00	SEM VÍTIMA	FINALIZADA	BOA VIAGEM	AV CONSELHEIRO AGUIAR	4741	""	APOS O MERCADO DE BOA VIAGEM, NA PARADA DE ONIBUS N° 16	AV CONSELHEIRO AGUIAR	4741	APOS O MERCADO DE BOA VIAGEM, NA PARADA DE ONIBUS N° 16	BOA VIAGEM		""	COLISÃO	ONIBUS E AUTO	1					1				0		""	""	""	""	""	""	""	""	""	""	""	""	""