_id	DATA	hora	natureza_acidente	situacao	bairro	endereco	numero	detalhe_endereco_acidente	complemento	endereco_cruzamento	numero_cruzamento	referencia_cruzamento	bairro_cruzamento	num_semaforo	sentido_via	tipo	descricao	auto	moto	ciclom	ciclista	pedestre	onibus	caminhao	viatura	outros	vitimas	vitimasfatais	acidente_verificado	tempo_clima	situacao_semaforo	sinalizacao	condicao_via	conservacao_via	ponto_controle	situacao_placa	velocidade_max_via	mao_direcao	divisao_via1	divisao_via2	divisao_via3
5661	2018-07-04T00:00:00	15:32:00	SEM VÍTIMA	FINALIZADA	ILHA DO RETIRO	RUA SPORT CLUBE DO RECIFE	""	""	E/F AO SPORT S/T BR	RUA SPORT CLUBE DO RECIFE	""	E/F AO SPORT S/T BR	ILHA DO RETIRO		""	COLISÃO	COLISAO ENTRE DOIS AUTOS S/V	2									0		""	""	""	""	""	""	""	""	""	""	""	""	""
5662	2018-07-04T00:00:00	16:29:00	SEM VÍTIMA	FINALIZADA	BOMBA DO HEMETÉRIO	RUA PROFESSOR JOSE AMARINO DOS REIS	184	""	EM FRENTE AO CLUB TEIMOSO	RUA PROFESSOR JOSE AMARINO DOS REIS	184	EM FRENTE AO CLUB TEIMOSO	BOMBA DO HEMETÉRIO		""	COLISÃO	AUTO E ONIBUS 	1					1				0		""	""	""	""	""	""	""	""	""	""	""	""	""
5663	2018-07-04T00:00:00	17:14:00	COM VÍTIMA	FINALIZADA	ESTÂNCIA	AV RECIFE	""	AV NOSSA SENHORA DE FATIMA	COM AV. NOSSA SENHORA DE FÁTIMA, EM FRENTE AO POSTO TOTAL SENTIDO AEROPORTO.	AV RECIFE	""	COM AV. NOSSA SENHORA DE FÁTIMA, EM FRENTE AO POSTO TOTAL SENTIDO AEROPORTO.	ESTÂNCIA		""	COLISÃO	COLISÃO COM VÍTIMA, ENVOLVENDO 1 MOTO E 1 AUTO.	1	1								1		""	""	""	""	""	""	""	""	""	""	""	""	""
5664	2018-07-04T00:00:00	17:33:00	SEM VÍTIMA	FINALIZADA	BOA VISTA	AV CONDE DA BOA VISTA	""	RUA DOM BOSCO	COM RUA DOM BOSCO AO LADO DA EMLURB	AV CONDE DA BOA VISTA	""	COM RUA DOM BOSCO AO LADO DA EMLURB	BOA VISTA		""	COLISÃO	COLISAO ENTRE ONIBUS E AUTOS S/V	1					1				0		""	""	""	""	""	""	""	""	""	""	""	""	""
5665	2018-07-04T00:00:00	17:24:00	SEM VÍTIMA	FINALIZADA	CORDEIRO	AV CAXANGA	1443	""	PROX AO HOSPITAL GETULIO VARGAS	AV CAXANGA	1443	PROX AO HOSPITAL GETULIO VARGAS	CORDEIRO		""	ENGAVETAMENTO	ENGAVETAMENTO ENTRE TRES AUTOS S/V VT 10 NO LOCAL	3									0		""	""	""	""	""	""	""	""	""	""	""	""	""
5666	2018-07-04T00:00:00	17:25:00	""	CANCELADA	JARDIM SÃO PAULO	AV RECIFE	""	""	NA SAIDA DE JARDIM SÃO PAULO EM BAIXO DO SEMAFORO 261 AO LADO DO POSTO DE GASOLINA TOTAL	AV RECIFE	""	NA SAIDA DE JARDIM SÃO PAULO EM BAIXO DO SEMAFORO 261 AO LADO DO POSTO DE GASOLINA TOTAL	JARDIM SÃO PAULO		""	COLISÃO	COLISÃO COM VITIMA SOCORRIDO PELO SAMU	1	1								1		""	""	""	""	""	""	""	""	""	""	""	""	""
5667	2018-07-04T00:00:00	18:40:00	SEM VÍTIMA	FINALIZADA	CAMPO GRANDE	RUA FRANKLIN TAVORA	""	RUA OLIVEIRA FONSECA	COM OLIVEIRA FONSECA	RUA FRANKLIN TAVORA	""	COM OLIVEIRA FONSECA	CAMPO GRANDE		""	COLISÃO	SITUAÇÃO REPASSADA PELO SI ISAIAS										0		""	""	""	""	""	""	""	""	""	""	""	""	""
5668	2018-07-04T00:00:00	18:47:00	SEM VÍTIMA	FINALIZADA	CASA AMARELA	AV NORTE	""	""	AV NORTE SENTIDO CASA AMARELA/SEMAFORO 596	AV NORTE	""	AV NORTE SENTIDO CASA AMARELA/SEMAFORO 596	CASA AMARELA		""	COLISÃO	DUAS MOTOS		2								0		""	""	""	""	""	""	""	""	""	""	""	""	""
5669	2018-07-04T00:00:00	18:54:00	COM VÍTIMA	FINALIZADA	CORDEIRO	RUA CAPITAO ANTONIO DIAS	""	""	PROX AO BOIZINHO BAR/ARENA DO CAMARAO	RUA CAPITAO ANTONIO DIAS	""	PROX AO BOIZINHO BAR/ARENA DO CAMARAO	CORDEIRO		""	COLISÃO	AUTO E MOTO S/V	1	1								1		""	""	""	""	""	""	""	""	""	""	""	""	""
5670	2018-07-04T00:00:00	19:12:00	SEM VÍTIMA	FINALIZADA	ROSARINHO	RUA GENERAL ARTUR OSCAR	99	""	E/F AO CENTRO DE APOIO A PESSOAS COM PERDA AUDITIVA ''CAPPAZ''	RUA GENERAL ARTUR OSCAR	99	E/F AO CENTRO DE APOIO A PESSOAS COM PERDA AUDITIVA ''CAPPAZ''	ROSARINHO		""	COLISÃO	ENTRE 2 AUTOS. S/V	2									0		""	""	""	""	""	""	""	""	""	""	""	""	""
5671	2018-07-04T00:00:00	19:25:00	COM VÍTIMA	FINALIZADA	IPUTINGA	AV CAXANGA	""	""	PROX. WAL MART	AV CAXANGA	""	PROX. WAL MART	IPUTINGA		""	ATROPELAMENTO	""	1				2					1		""	""	""	""	""	""	""	""	""	""	""	""	""
5672	2018-07-04T00:00:00	19:40:00	COM VÍTIMA	FINALIZADA	CAMPO GRANDE	AV GOVERNADOR AGAMENON MAGALHAES	""	""	EM FRENTE AO SHOPING TACARUNA SENTIDO OLINDA RECIFE/EM FRENTE A ANTIGA FABRICA DO TACARUNA	AV GOVERNADOR AGAMENON MAGALHAES	""	EM FRENTE AO SHOPING TACARUNA SENTIDO OLINDA RECIFE/EM FRENTE A ANTIGA FABRICA DO TACARUNA	CAMPO GRANDE		""	COLISÃO	AUTO E MOTO	1	1								1		""	""	""	""	""	""	""	""	""	""	""	""	""
5673	2018-07-04T00:00:00	19:46:00	COM VÍTIMA	FINALIZADA	DERBY	RUA JOAO FERNANDES VIEIRA	""	""	EM FRENTE AO HOSPITAL DE FRATURAS	RUA JOAO FERNANDES VIEIRA	""	EM FRENTE AO HOSPITAL DE FRATURAS	DERBY		""	COLISÃO	MOTORISTA BATEU EM UMA CARROÇA	1									1		""	""	""	""	""	""	""	""	""	""	""	""	""
5674	2018-07-04T00:00:00	20:06:00	COM VÍTIMA	FINALIZADA	CORDEIRO	RUA GOMES TABORDA	""	""	PROX VAREJAO KENEDY/ATACAREJO IDEAL	RUA GOMES TABORDA	""	PROX VAREJAO KENEDY/ATACAREJO IDEAL	CORDEIRO		""	COLISÃO	MOTO E PEDESTRE C/V		1								1		""	""	""	""	""	""	""	""	""	""	""	""	""
5675	2018-07-04T00:00:00	21:59:00	SEM VÍTIMA	FINALIZADA	SANTO AMARO	AV JOAO DE BARROS	""	""	E/F AO POSTO BR / APÓS AO PONTILHÃO	AV JOAO DE BARROS	""	E/F AO POSTO BR / APÓS AO PONTILHÃO	SANTO AMARO		""	ENGAVETAMENTO	ENTRE 3 AUTOS. S/V	3									0		""	""	""	""	""	""	""	""	""	""	""	""	""
5676	2018-07-04T00:00:00	""	COM VÍTIMA	FINALIZADA	ARRUDA	RUA DAS MOCAS	""	""	EM FRENTE AO RESTAURANTE CACULE	RUA DAS MOCAS	""	EM FRENTE AO RESTAURANTE CACULE	ARRUDA		""	COLISÃO	AUTO E MOTO C/V	1	1								1		""	""	""	""	""	""	""	""	""	""	""	""	""
5677	2018-07-05T00:00:00	06:49:00	SEM VÍTIMA	FINALIZADA	SAN MARTIN	RUA VINTE E UM DE ABRIL	3010	RUA ARSENIO CALAÇA	PROXIMO AO BPRV/ CRUZAMENTO COM A RUA ARSÊNIO CALAÇA	RUA VINTE E UM DE ABRIL	3010	PROXIMO AO BPRV/ CRUZAMENTO COM A RUA ARSÊNIO CALAÇA	SAN MARTIN		""	COLISÃO	COLISÃO SEM VÍTIMA	1	1								0		""	""	""	""	""	""	""	""	""	""	""	""	""
5678	2018-07-05T00:00:00	07:53:00	COM VÍTIMA	FINALIZADA	ENCRUZILHADA	AV NORTE	2459	""	PROX. A JACAUNA	AV NORTE	2459	PROX. A JACAUNA	ENCRUZILHADA		""	COLISÃO COM CICLISTA	ONIBUS E CICLISTA				1		1				1		""	""	""	""	""	""	""	""	""	""	""	""	""
5679	2018-07-05T00:00:00	08:51:00	SEM VÍTIMA	FINALIZADA	BOA VISTA	RUA TABIRA	252	""	NA FRENTE AO PREDIO DA CEFOSPE	RUA TABIRA	252	NA FRENTE AO PREDIO DA CEFOSPE	BOA VISTA		""	COLISÃO	COLISÃO SEM VÍTIMA	2									0		""	""	""	""	""	""	""	""	""	""	""	""	""
5680	2018-07-05T00:00:00	09:39:00	SEM VÍTIMA	FINALIZADA	BOA VISTA	AV GOVERNADOR AGAMENON MAGALHAES	""	""	NO SEMAFORO 174	AV GOVERNADOR AGAMENON MAGALHAES	""	NO SEMAFORO 174	BOA VISTA		""	COLISÃO	AUTO E MOTO GM PONTO FIXO NO LOCAL (EXECUTANDO O B.O)	1	1								0		""	""	""	""	""	""	""	""	""	""	""	""	""
5681	2018-07-05T00:00:00	10:11:00	SEM VÍTIMA	FINALIZADA	BOA VISTA	AV JOAO DE BARROS	""	""	EM FRENTE AO CLUBE DOS OFICIAIS DA PMPE	AV JOAO DE BARROS	""	EM FRENTE AO CLUBE DOS OFICIAIS DA PMPE	BOA VISTA		""	COLISÃO	DOIS AUTOS	2									0		""	""	""	""	""	""	""	""	""	""	""	""	""
5682	2018-07-05T00:00:00	10:27:00	SEM VÍTIMA	FINALIZADA	DERBY	AV ENGENHEIRO AGAMENON DE MAGALHAES MELO	""	""	EM FRENTE A RESTAURAÇÃO	AV ENGENHEIRO AGAMENON DE MAGALHAES MELO	""	EM FRENTE A RESTAURAÇÃO	DERBY		""	COLISÃO	COLISÃO SEM VÍTIMA	2									0		""	""	""	""	""	""	""	""	""	""	""	""	""
5683	2018-07-05T00:00:00	10:48:00	SEM VÍTIMA	FINALIZADA	ESPINHEIRO	RUA CONS PORTELA	""	""	EM FRENTE AO BOMPREÇO	RUA CONS PORTELA	""	EM FRENTE AO BOMPREÇO	ESPINHEIRO		""	COLISÃO	DOIS AUTOS	2									0		""	""	""	""	""	""	""	""	""	""	""	""	""
5684	2018-07-05T00:00:00	10:49:00	SEM VÍTIMA	FINALIZADA	IMBIRIBEIRA	AV MARECHAL MASCARENHAS DE MORAES	""	""	SMAFORO 625 / SENT SUB	AV MARECHAL MASCARENHAS DE MORAES	""	SMAFORO 625 / SENT SUB	IMBIRIBEIRA		""	COLISÃO	CAMINHAO E AUTO										0		""	""	""	""	""	""	""	""	""	""	""	""	""
5685	2018-07-05T00:00:00	11:24:00	SEM VÍTIMA	FINALIZADA	SANTO ANTÔNIO	AV DANTAS BARRETO	507	""	EM FRENTE AO EDF. ANTONIO BARBOSA	AV DANTAS BARRETO	507	EM FRENTE AO EDF. ANTONIO BARBOSA	SANTO ANTÔNIO		""	COLISÃO	COLISÃO SEM VITIMA	2									0		""	""	""	""	""	""	""	""	""	""	""	""	""
5686	2018-07-05T00:00:00	11:26:00	SEM VÍTIMA	FINALIZADA	AFOGADOS	RUA DA PAZ	""	""	EM FRENTE ALUMIAÇO	RUA DA PAZ	""	EM FRENTE ALUMIAÇO	AFOGADOS		""	COLISÃO	COLISÃO SEM VÍTIMA	2									0		""	""	""	""	""	""	""	""	""	""	""	""	""
5687	2018-07-05T00:00:00	11:33:00	SEM VÍTIMA	FINALIZADA	ILHA DO RETIRO	EST DOS REMEDIOS	1700	""	EM FRENTE A HYUNDAI, NO SEMAFORO 390	EST DOS REMEDIOS	1700	EM FRENTE A HYUNDAI, NO SEMAFORO 390	ILHA DO RETIRO		""	COLISÃO	DOIS AUTOS	2									0		""	""	""	""	""	""	""	""	""	""	""	""	""
5688	2018-07-05T00:00:00	11:45:00	SEM VÍTIMA	FINALIZADA	ENCRUZILHADA	EST DE BELEM	""	""	AO LADO DA PAGUE MENOS	EST DE BELEM	""	AO LADO DA PAGUE MENOS	ENCRUZILHADA		""	COLISÃO	COLISÃO SEM VÍTIMA	1	1								0		""	""	""	""	""	""	""	""	""	""	""	""	""
5689	2018-07-05T00:00:00	11:55:00	SEM VÍTIMA	FINALIZADA	AREIAS	AV RECIFE	""	""	EM FRENTE AO MAKRO/ SENTIDO BR	AV RECIFE	""	EM FRENTE AO MAKRO/ SENTIDO BR	AREIAS		""	COLISÃO	COLISÃO SEM VÍTIMA	2									0		""	""	""	""	""	""	""	""	""	""	""	""	""
5690	2018-07-05T00:00:00	12:47:00	SEM VÍTIMA	FINALIZADA	BOA VISTA	RUA DO HOSPICIO	""	""	EM FRENTE A LOJA NARCISO	RUA DO HOSPICIO	""	EM FRENTE A LOJA NARCISO	BOA VISTA		""	COLISÃO	DOIS AUTOS S/V	2									0		""	""	""	""	""	""	""	""	""	""	""	""	""
5691	2018-07-05T00:00:00	13:01:00	SEM VÍTIMA	CANCELADA	BOA VIAGEM	AV CONSELHEIRO AGUIAR	""	""	E/F AO PONTO AO PONTO DO AÇAI	AV CONSELHEIRO AGUIAR	""	E/F AO PONTO AO PONTO DO AÇAI	BOA VIAGEM		""	COLISÃO	COLISAO ENTRE DOIS AUTOS S/V	2									0		""	""	""	""	""	""	""	""	""	""	""	""	""
5692	2018-07-05T00:00:00	13:27:00	SEM VÍTIMA	CANCELADA	BOA VIAGEM	RUA SETUBAL	68	""	E/F A CLINICA VETERINARIA PET DREAM	RUA SETUBAL	68	E/F A CLINICA VETERINARIA PET DREAM	BOA VIAGEM		""	COLISÃO	COLISAO ENTRE DOIS AUTOS S/V	2									0		""	""	""	""	""	""	""	""	""	""	""	""	""
5693	2018-07-05T00:00:00	13:56:00	SEM VÍTIMA	FINALIZADA	IMBIRIBEIRA	AV MARECHAL MASCARENHAS DE MORAES	""	""	EM FRENTE AO ATACADO DOS PRESENTES/ SEMAFORO 310	AV MARECHAL MASCARENHAS DE MORAES	""	EM FRENTE AO ATACADO DOS PRESENTES/ SEMAFORO 310	IMBIRIBEIRA		""	COLISÃO	AUTO E ONIBUSS S/V	1					1				0		""	""	""	""	""	""	""	""	""	""	""	""	""
5694	2018-07-05T00:00:00	14:29:00	SEM VÍTIMA	CANCELADA	BOA VIAGEM	AV CONSELHEIRO AGUIAR	333	""	EM FRENTE AO VIA CAR	AV CONSELHEIRO AGUIAR	333	EM FRENTE AO VIA CAR	BOA VIAGEM		""	COLISÃO	COLISÃO SEM VÍTIMA	2									0		""	""	""	""	""	""	""	""	""	""	""	""	""
5695	2018-07-05T00:00:00	14:57:00	SEM VÍTIMA	FINALIZADA	ESPINHEIRO	PRC PARQUE AMORIM	""	""	ENTRE O CLUBE PORTUGUES E A MC DONALD´S S/T BOA VIAGEM	PRC PARQUE AMORIM	""	ENTRE O CLUBE PORTUGUES E A MC DONALD´S S/T BOA VIAGEM	ESPINHEIRO		""	COLISÃO	COLISAO ENTRE DOIS AUTOS S/V	2									0		""	""	""	""	""	""	""	""	""	""	""	""	""
5696	2018-07-05T00:00:00	15:21:00	SEM VÍTIMA	FINALIZADA	GRAÇAS	RUA ESMERALDINO BANDEIRA	175	""	PROXIMO A PIZZARIA ATLANTICO	RUA ESMERALDINO BANDEIRA	175	PROXIMO A PIZZARIA ATLANTICO	GRAÇAS		""	COLISÃO	COLISÃO SEM VÍTIMA	2									0		""	""	""	""	""	""	""	""	""	""	""	""	""
5697	2018-07-05T00:00:00	15:37:00	SEM VÍTIMA	FINALIZADA	ESPINHEIRO	RUA CONS PORTELA	621	""	EM FRENTE AO EDIFICIO ARARAS	RUA CONS PORTELA	621	EM FRENTE AO EDIFICIO ARARAS	ESPINHEIRO		""	COLISÃO	COLISÃO SEM VÍTIMA						1	1			0		""	""	""	""	""	""	""	""	""	""	""	""	""
5698	2018-07-05T00:00:00	15:36:00	SEM VÍTIMA	FINALIZADA	TEJIPIÓ	RUA FALCAO DE LACERDA	72	""	E/F A IGREJA CATOLICA DE TEJIPIO NOSSA SENHORA DO ROSARIO	RUA FALCAO DE LACERDA	72	E/F A IGREJA CATOLICA DE TEJIPIO NOSSA SENHORA DO ROSARIO	TEJIPIÓ		""	COLISÃO	COLISAO ENTRE ONIBUS E AUTOS S/V	1					1				0		""	""	""	""	""	""	""	""	""	""	""	""	""
5699	2018-07-05T00:00:00	15:45:00	SEM VÍTIMA	FINALIZADA	CAMPO GRANDE	RUA MEM DE SA	295	""	EM FRENTE AO DEPOSITO DA COCA COLA	RUA MEM DE SA	295	EM FRENTE AO DEPOSITO DA COCA COLA	CAMPO GRANDE		""	COLISÃO	COLISÃO SEM VÍTIMA	1	1								0		""	""	""	""	""	""	""	""	""	""	""	""	""
5700	2018-07-05T00:00:00	15:53:00	SEM VÍTIMA	FINALIZADA	BOA VIAGEM	RUA VISCONDE DE JEQUITINHONHA	133	""	EM FRENTE AO EDIFICIO NOSSA SENHORA APARECIDA	RUA VISCONDE DE JEQUITINHONHA	133	EM FRENTE AO EDIFICIO NOSSA SENHORA APARECIDA	BOA VIAGEM		""	COLISÃO	COLISÃO SEM VÍTIMA	3									0		""	""	""	""	""	""	""	""	""	""	""	""	""
5701	2018-07-05T00:00:00	15:58:00	SEM VÍTIMA	FINALIZADA	PARNAMIRIM	AV DEZESSETE DE AGOSTO	61	""	EM FRENTE AO BRADESCO NAS PROXIMIDADES DA PRAÇA DO PARNAMIRIM	AV DEZESSETE DE AGOSTO	61	EM FRENTE AO BRADESCO NAS PROXIMIDADES DA PRAÇA DO PARNAMIRIM	PARNAMIRIM		""	ENGAVETAMENTO	COLISAO ENVOLVENDO QUATRO VEICULOS	3					1				0		""	""	""	""	""	""	""	""	""	""	""	""	""
5702	2018-07-05T00:00:00	16:02:00	SEM VÍTIMA	FINALIZADA	BARRO	AV DR JOSE RUFINO	2593	""	APOS AIGREJA DO BARRO PROX AO MOTEL OLIMPICOS	AV DR JOSE RUFINO	2593	APOS AIGREJA DO BARRO PROX AO MOTEL OLIMPICOS	BARRO		""	COLISÃO	COLISAO ENTRE DOIS AUTOS S/V	2									0		""	""	""	""	""	""	""	""	""	""	""	""	""
5703	2018-07-05T00:00:00	16:03:00	SEM VÍTIMA	CANCELADA	PINA	AV CONSELHEIRO AGUIAR	204	""	EM FRENTE A PIZZARIA CLOCK	AV CONSELHEIRO AGUIAR	204	EM FRENTE A PIZZARIA CLOCK	PINA		""	COLISÃO	COLISÃO SEM VÍTIMA	2									0		""	""	""	""	""	""	""	""	""	""	""	""	""
5704	2018-07-05T00:00:00	17:04:00	COM VÍTIMA	FINALIZADA	BOA VIAGEM	RUA BALTAZAR PASSOS	515	""	E/F A ESCOLA FAZER EVOLUIR	RUA BALTAZAR PASSOS	515	E/F A ESCOLA FAZER EVOLUIR	BOA VIAGEM		""	COLISÃO	COLISAO ENTRE AUTO E MOTO COM UMA VITIMA	1	1								1		""	""	""	""	""	""	""	""	""	""	""	""	""
5705	2018-07-05T00:00:00	17:33:00	SEM VÍTIMA	EQUIPE EM DESLOCAMENTO	ESPINHEIRO	RUA DO ESPINHEIRO	""	RUA AMELIA	NO SEMÁFORO 195/ CRUZAMENTO COM A RUA AMELIA	RUA DO ESPINHEIRO	""	NO SEMÁFORO 195/ CRUZAMENTO COM A RUA AMELIA	ESPINHEIRO		""	COLISÃO	DOIS AUTOS S/V	2									0		""	""	""	""	""	""	""	""	""	""	""	""	""
5706	2018-07-05T00:00:00	17:47:00	SEM VÍTIMA	FINALIZADA	TORRE	AV BEIRA RIO	""	""	NO SEMÁFORO 630	AV BEIRA RIO	""	NO SEMÁFORO 630	TORRE		""	COLISÃO	COLISÃO SEM VÍTIMA	2									0		""	""	""	""	""	""	""	""	""	""	""	""	""
5707	2018-07-05T00:00:00	18:48:00	SEM VÍTIMA	CANCELADA	BOA VISTA	RUA JOAO FERNANDES VIEIRA	769	""	ENF A IGREJA BATISTA DA CAPUNGA	RUA JOAO FERNANDES VIEIRA	769	ENF A IGREJA BATISTA DA CAPUNGA	BOA VISTA		""	COLISÃO	CRUZE X SPIN	2									0		""	""	""	""	""	""	""	""	""	""	""	""	""
5708	2018-07-05T00:00:00	20:57:00	SEM VÍTIMA	FINALIZADA	BOA VIAGEM	RUA JOAO CARDOSO AIRES	""	""	SEMAFORO 478/EM FRENTE AO COLEGIO MADRE DE DEUS	RUA JOAO CARDOSO AIRES	""	SEMAFORO 478/EM FRENTE AO COLEGIO MADRE DE DEUS	BOA VIAGEM		""	COLISÃO	ONIBUS E AUTOS S/V	1					1				0		""	""	""	""	""	""	""	""	""	""	""	""	""
5709	2018-07-05T00:00:00	21:51:00	SEM VÍTIMA	FINALIZADA	BOA VISTA	AV CONDE DA BOA VISTA	""	""	EM FRENTE AO SHOPING BOA VISTA	AV CONDE DA BOA VISTA	""	EM FRENTE AO SHOPING BOA VISTA	BOA VISTA		""	COLISÃO	ONIBUS E AUTOS S/V	1					1				0		""	""	""	""	""	""	""	""	""	""	""	""	""
5710	2018-07-05T00:00:00	22:44:00	SEM VÍTIMA	CANCELADA	AFOGADOS	RUA VINTE E DOIS DE ABRIL	""	RUA COSME VIANA	PROX MASTER BOI/PIPOQUEIRA VENESA/TRANSVERSAL COM A COSME VIANA	RUA VINTE E DOIS DE ABRIL	""	PROX MASTER BOI/PIPOQUEIRA VENESA/TRANSVERSAL COM A COSME VIANA	AFOGADOS		""	COLISÃO	VEICULO DESGOVERNADO COLIDIU COM A LANCHONETE	1								1	0		""	""	""	""	""	""	""	""	""	""	""	""	""
5711	2018-07-05T00:00:00	23:39:00	SEM VÍTIMA	FINALIZADA	CAXANGÁ	AV CAXANGA	1492	""	SENTIDO CIDADE ENF A INTEGRAÇAO DA CAXANGA	AV CAXANGA	1492	SENTIDO CIDADE ENF A INTEGRAÇAO DA CAXANGA	CAXANGÁ		""	COLISÃO	FAIT UNO X GOL	2									0		""	""	""	""	""	""	""	""	""	""	""	""	""
5712	2018-07-06T00:00:00	06:41:00	SEM VÍTIMA	CANCELADA	NOVA DESCOBERTA	AV NORTE	""	""	ENTRADA DE NOVA DESCOBERTA	AV NORTE	""	ENTRADA DE NOVA DESCOBERTA	NOVA DESCOBERTA		""	COLISÃO	DOIS AUTOS S/VITIMA	2									0		""	""	""	""	""	""	""	""	""	""	""	""	""
5713	2018-07-06T00:00:00	07:19:00	COM VÍTIMA	FINALIZADA	MADALENA	AV BEIRA RIO	51	""	PROX A PRAÇA DA SAUDE / EM FRENTE AO EDF EQUIPAGE	AV BEIRA RIO	51	PROX A PRAÇA DA SAUDE / EM FRENTE AO EDF EQUIPAGE	MADALENA		""	COLISÃO	AUTO MOTO	1	1								1		""	""	""	""	""	""	""	""	""	""	""	""	""
5714	2018-07-06T00:00:00	07:21:00	SEM VÍTIMA	FINALIZADA	BOA VISTA	RUA PRINCESA IZABEL	""	""	RUA DA SOLEDADE	RUA PRINCESA IZABEL	""	RUA DA SOLEDADE	BOA VISTA		""	COLISÃO	SEMÁFORO 168	1					1				0		""	""	""	""	""	""	""	""	""	""	""	""	""
5715	2018-07-06T00:00:00	07:43:00	SEM VÍTIMA	FINALIZADA	CASA FORTE	AV DEZESSETE DE AGOSTO	""	""	EM FRENTE AO RECANTO PARAIBANO	AV DEZESSETE DE AGOSTO	""	EM FRENTE AO RECANTO PARAIBANO	CASA FORTE		""	COLISÃO	SE M VÍTIMA	1							1		0		""	""	""	""	""	""	""	""	""	""	""	""	""
5716	2018-07-06T00:00:00	08:01:00	SEM VÍTIMA	FINALIZADA	ESTÂNCIA	RUA MARQUES DE ITANHAEM	""	""	SEMAFORO 261 / SAIDA DE JARDIM SAO PAULO	RUA MARQUES DE ITANHAEM	""	SEMAFORO 261 / SAIDA DE JARDIM SAO PAULO	ESTÂNCIA		""	COLISÃO	CARRETA / AUTO PASSEIO	1						1			0		""	""	""	""	""	""	""	""	""	""	""	""	""
5717	2018-07-06T00:00:00	08:45:00	SEM VÍTIMA	FINALIZADA	DERBY	RUA JORNALISTA PAULO BITTENCOURT	73	""	AO LADO DO HR	RUA JORNALISTA PAULO BITTENCOURT	73	AO LADO DO HR	DERBY		""	COLISÃO	SEM VÍTIMAS	2									0		""	""	""	""	""	""	""	""	""	""	""	""	""
5718	2018-07-06T00:00:00	09:35:00	SEM VÍTIMA	FINALIZADA	PRADO	AV ENGENHEIRO ABDIAS DE CARVALHO	""	""	E/F AO CAMARÃO DO LEO, SENT. SUB./CID	AV ENGENHEIRO ABDIAS DE CARVALHO	""	E/F AO CAMARÃO DO LEO, SENT. SUB./CID	PRADO		""	COLISÃO	DOIS AUTOS	2									0		""	""	""	""	""	""	""	""	""	""	""	""	""
5719	2018-07-06T00:00:00	10:51:00	SEM VÍTIMA	FINALIZADA	GRAÇAS	AV GOVERNADOR AGAMENON MAGALHAES	""	""	EM FRENTE AO TRE, SENTIDO BOA VIAGEM. PISTA LOCAL.	AV GOVERNADOR AGAMENON MAGALHAES	""	EM FRENTE AO TRE, SENTIDO BOA VIAGEM. PISTA LOCAL.	GRAÇAS		""	COLISÃO	COLISÃO SEM VÍTIMA, ENVOLVENDO 3 AUTOS.	3									0		""	""	""	""	""	""	""	""	""	""	""	""	""
5720	2018-07-06T00:00:00	11:15:00	COM VÍTIMA	FINALIZADA	CAMPO GRANDE	RUA ODORICO MENDES	""	""	EM FRENTE AO SUPERMERCADO STILLOS	RUA ODORICO MENDES	""	EM FRENTE AO SUPERMERCADO STILLOS	CAMPO GRANDE		""	COLISÃO	MOTO E AUTO	1	1								2		""	""	""	""	""	""	""	""	""	""	""	""	""
5721	2018-07-06T00:00:00	11:16:00	SEM VÍTIMA	FINALIZADA	PINA	RUA FREI LEANDRO	118	""	E/F A OEDF. CLARICE ROMA	RUA FREI LEANDRO	118	E/F A OEDF. CLARICE ROMA	PINA		""	COLISÃO	SEM VÍTIMAS	1						1			0		""	""	""	""	""	""	""	""	""	""	""	""	""
5722	2018-07-06T00:00:00	11:49:00	SEM VÍTIMA	FINALIZADA	IMBIRIBEIRA	RUA ITACARI	""	""	E/F AO O ITAU	RUA ITACARI	""	E/F AO O ITAU	IMBIRIBEIRA		""	COLISÃO	COLISAO ENTRE TAXI E AUTO S/V	2									0		""	""	""	""	""	""	""	""	""	""	""	""	""
5723	2018-07-06T00:00:00	12:37:00	SEM VÍTIMA	FINALIZADA	AFLITOS	AV CONS ROSA E SILVA	""	""	EM FRENTE AO CLUBE NAUTICO	AV CONS ROSA E SILVA	""	EM FRENTE AO CLUBE NAUTICO	AFLITOS		""	COLISÃO	COLISÃO SEM VÍTIMA	2									0		""	""	""	""	""	""	""	""	""	""	""	""	""
5724	2018-07-06T00:00:00	12:46:00	SEM VÍTIMA	FINALIZADA	CIDADE UNIVERSITÁRIA	AV PROFESSOR MORAES REGO	364	""	EM FRENTE AO POSTO BR/ SENTIDO HOSPITAL DAS CLINICAS	AV PROFESSOR MORAES REGO	364	EM FRENTE AO POSTO BR/ SENTIDO HOSPITAL DAS CLINICAS	CIDADE UNIVERSITÁRIA		""	COLISÃO	COLISÃO SEM VÍTIMA	1						1			0		""	""	""	""	""	""	""	""	""	""	""	""	""
5725	2018-07-06T00:00:00	12:58:00	COM VÍTIMA	FINALIZADA	VÁRZEA	RUA MARECHAL MANOEL LUIS OSORIO	447	""	NA ESQUINA DO COLEGIO PONTUAL	RUA MARECHAL MANOEL LUIS OSORIO	447	NA ESQUINA DO COLEGIO PONTUAL	VÁRZEA		""	COLISÃO	MOTO E AUTO	1	1								1		""	""	""	""	""	""	""	""	""	""	""	""	""
5726	2018-07-06T00:00:00	13:03:00	COM VÍTIMA	FINALIZADA	SANTO AMARO	AV GOVERNADOR AGAMENON MAGALHAES	""	""	EM CIMA DO VIADUTO DA IDEPENDENCIA/ SENTIDO OLINDA	AV GOVERNADOR AGAMENON MAGALHAES	""	EM CIMA DO VIADUTO DA IDEPENDENCIA/ SENTIDO OLINDA	SANTO AMARO		""	COLISÃO	COLISÃO COM VÍTIMA										1		""	""	""	""	""	""	""	""	""	""	""	""	""