_id	DATA	hora	natureza_acidente	situacao	bairro	endereco	numero	detalhe_endereco_acidente	complemento	endereco_cruzamento	numero_cruzamento	referencia_cruzamento	bairro_cruzamento	num_semaforo	sentido_via	tipo	descricao	auto	moto	ciclom	ciclista	pedestre	onibus	caminhao	viatura	outros	vitimas	vitimasfatais	acidente_verificado	tempo_clima	situacao_semaforo	sinalizacao	condicao_via	conservacao_via	ponto_controle	situacao_placa	velocidade_max_via	mao_direcao	divisao_via1	divisao_via2	divisao_via3
5918	2018-07-14T00:00:00	16:09:00	SEM VÍTIMA	CANCELADA	ENGENHO DO MEIO	RUA ANTONIO CURADO	783	""	EM FRENTE AO MERCADO ENGENHO	RUA ANTONIO CURADO	783	EM FRENTE AO MERCADO ENGENHO	ENGENHO DO MEIO		""	COLISÃO	DUAS MOTOS		2								0		""	""	""	""	""	""	""	""	""	""	""	""	""
5919	2018-07-14T00:00:00	16:32:00	SEM VÍTIMA	FINALIZADA	ILHA DO LEITE	RUA PREFEITO JORGE MARTINS	""	""	AO LADO DO HOSPITAL HOPE / SEMAFORO 490	RUA PREFEITO JORGE MARTINS	""	AO LADO DO HOSPITAL HOPE / SEMAFORO 490	ILHA DO LEITE		""	COLISÃO	ONIBUS E AUTO	1					1				0		""	""	""	""	""	""	""	""	""	""	""	""	""
5920	2018-07-14T00:00:00	17:16:00	COM VÍTIMA	FINALIZADA	SANTO AMARO	AV NORTE	""	""	NA SUBIDA DO VIADUTO S/T SUB	AV NORTE	""	NA SUBIDA DO VIADUTO S/T SUB	SANTO AMARO		""	COLISÃO	COLISAO ENTRE AUTO E MOTO COM UMA VITIMA	1	1								1		""	""	""	""	""	""	""	""	""	""	""	""	""
5921	2018-07-14T00:00:00	17:54:00	SEM VÍTIMA	FINALIZADA	BOMBA DO HEMETÉRIO	EST VELHA DE AGUA FRIA	""	""	EM FRENTE AO POSTO NORTEBRÁS	EST VELHA DE AGUA FRIA	""	EM FRENTE AO POSTO NORTEBRÁS	BOMBA DO HEMETÉRIO		""	COLISÃO	COLISÃO ENVOLVENDO UM ÔNIBUS E UMA VIATURA DE FISCALIZAÇÃO DA CTTU. (VT 18)						1		1		0		""	""	""	""	""	""	""	""	""	""	""	""	""
5922	2018-07-14T00:00:00	18:49:00	SEM VÍTIMA	FINALIZADA	BOA VIAGEM	RUA BARAO DE SOUZA LEAO	""	AV BOA VIAGEM	ESQUINA COM A AV BOA VIAGEM / SEMÁFORO 004	RUA BARAO DE SOUZA LEAO	""	ESQUINA COM A AV BOA VIAGEM / SEMÁFORO 004	BOA VIAGEM		""	COLISÃO	ENTRE AUTO PASSEIO E ÔNIBUS. S/V	1					1				0		""	""	""	""	""	""	""	""	""	""	""	""	""
5923	2018-07-14T00:00:00	19:07:00	SEM VÍTIMA	CANCELADA	BOA VIAGEM	RUA ERNESTO DE PAULA SANTOS	1178	""	AO LADO DA FARMACIA PAGUE MENOS, APÓS O VIADUTO/ E/F AO EDF NESTOR ROCHA	RUA ERNESTO DE PAULA SANTOS	1178	AO LADO DA FARMACIA PAGUE MENOS, APÓS O VIADUTO/ E/F AO EDF NESTOR ROCHA	BOA VIAGEM		""	COLISÃO	ENTRE 2 AUTOS. S/V	2									0		""	""	""	""	""	""	""	""	""	""	""	""	""
5924	2018-07-14T00:00:00	19:30:00	COM VÍTIMA	FINALIZADA	MADALENA	EST DOS REMEDIOS	2216	""	APÓS A DROGASIL E AO LADO DA NAGEM / CRUZANDO A AV ABDIAS	EST DOS REMEDIOS	2216	APÓS A DROGASIL E AO LADO DA NAGEM / CRUZANDO A AV ABDIAS	MADALENA		""	ENGAVETAMENTO	ENTRE 3 AUTOS. C/V	3									1		""	""	""	""	""	""	""	""	""	""	""	""	""
5925	2018-07-14T00:00:00	21:36:00	SEM VÍTIMA	FINALIZADA	MANGABEIRA	RUA ERNESTO CAVALCANTI	36	""	E/F A UPINHA DA BOMBA DO HEMETERIO	RUA ERNESTO CAVALCANTI	36	E/F A UPINHA DA BOMBA DO HEMETERIO	MANGABEIRA		""	COLISÃO	ENTRE AUTO E CAMINHÃO. S/V	1						1			0		""	""	""	""	""	""	""	""	""	""	""	""	""
5926	2018-07-14T00:00:00	22:17:00	SEM VÍTIMA	FINALIZADA	CASA AMARELA	RUA ITACOATIARA	""	""	NA SUBIDA DO MORRO NA ULTIMA SUBIDA NA PRINCIPAL DO MORRO	RUA ITACOATIARA	""	NA SUBIDA DO MORRO NA ULTIMA SUBIDA NA PRINCIPAL DO MORRO	CASA AMARELA		""	CHOQUE	ONIBUS X POSTE OBS:: ONIBUS SE ENCONTRA NO LOCAL						1			1	0		""	""	""	""	""	""	""	""	""	""	""	""	""
5927	2018-07-15T00:00:00	06:42:00	SEM VÍTIMA	FINALIZADA	BOA VIAGEM	AV ANTONIO DE GOES	""	""	EM FRENTE AO DNIT /SEMAFORO 656	AV ANTONIO DE GOES	""	EM FRENTE AO DNIT /SEMAFORO 656	BOA VIAGEM		""	ENGAVETAMENTO	4 AUTOS S/V	4									0		""	""	""	""	""	""	""	""	""	""	""	""	""
5928	2018-07-15T00:00:00	07:17:00	COM VÍTIMA	FINALIZADA	CASA AMARELA	RUA PADRE LEMOS	""	""	AO LADO DO BOMPREÇO	RUA PADRE LEMOS	""	AO LADO DO BOMPREÇO	CASA AMARELA		""	COLISÃO COM CICLISTA	COLISÃO ENTRE MOTO AUTO E CICLISTA. O AUTO PASSEIO EVADIU-SE DO LOCAL. AS DUAS VÍTIMAS FORAM SOCORRIDAS PELO SAMU E BOMBEIROS		1		1						2		""	""	""	""	""	""	""	""	""	""	""	""	""
5929	2018-07-15T00:00:00	15:36:00	SEM VÍTIMA	FINALIZADA	BOA VISTA	RUA DO HOSPICIO	""	""	EM FRENTE A CAMERA MUNICIPAL DO RECIFE	RUA DO HOSPICIO	""	EM FRENTE A CAMERA MUNICIPAL DO RECIFE	BOA VISTA		""	COLISÃO	AUTO E ONIBUS 	1					1				0		""	""	""	""	""	""	""	""	""	""	""	""	""
5930	2018-07-15T00:00:00	15:50:00	SEM VÍTIMA	EQUIPE EM DESLOCAMENTO	ILHA DO LEITE	RUA PAISSANDU	""	""	EM FRENTE AO HOSPITAL SAO MARCOS	RUA PAISSANDU	""	EM FRENTE AO HOSPITAL SAO MARCOS	ILHA DO LEITE		""	COLISÃO	ENTRE DOIS AUTOS PASSEIO	2									0		""	""	""	""	""	""	""	""	""	""	""	""	""
5931	2018-07-15T00:00:00	19:27:00	SEM VÍTIMA	FINALIZADA	ÁGUA FRIA	RUA JOAO UZEDA LUNA	""	RUA EUDES COSTA	CRUZ COM R EUDES COSTA / NA MESMA RUA DA LEITURA	RUA JOAO UZEDA LUNA	""	CRUZ COM R EUDES COSTA / NA MESMA RUA DA LEITURA	ÁGUA FRIA		""	COLISÃO	ENTRE 2 AUTOS. S/V	2									0		""	""	""	""	""	""	""	""	""	""	""	""	""
5932	2018-07-15T00:00:00	20:07:00	SEM VÍTIMA	FINALIZADA	CORDEIRO	EST DO FORTE DO ARRAIAL N. DO B. JESUS	""	AV CAXANGA	NA EXPOSICAO DOS ANIMAS DE ESQUINA COM AV CAXANGA	EST DO FORTE DO ARRAIAL N. DO B. JESUS	""	NA EXPOSICAO DOS ANIMAS DE ESQUINA COM AV CAXANGA	CORDEIRO		""	COLISÃO	PRISMA X FIAT UNO MILLE	2									0		""	""	""	""	""	""	""	""	""	""	""	""	""
5933	2018-07-15T00:00:00	21:05:00	SEM VÍTIMA	FINALIZADA	CASA AMARELA	AV NORTE	5211	RUA CORREGO DO BARTOLOMEU	ENF A PAGUE MENOS CRUZAMENTO COM A RUA CORREGO DO BARTOLOMEU SEMAFORO 079	AV NORTE	5211	ENF A PAGUE MENOS CRUZAMENTO COM A RUA CORREGO DO BARTOLOMEU SEMAFORO 079	CASA AMARELA		""	COLISÃO	FIAT UNO X CELTA	2									0		""	""	""	""	""	""	""	""	""	""	""	""	""
5934	2018-07-15T00:00:00	21:40:00	COM VÍTIMA	FINALIZADA	BOA VIAGEM	RUA PROFESSOR JULIO FERREIRA DE MELO	""	""	ENF AO COLEGIO MOTIVO	RUA PROFESSOR JULIO FERREIRA DE MELO	""	ENF AO COLEGIO MOTIVO	BOA VIAGEM		""	COLISÃO	VOYAGE X SIENA OBS:: CAPOTAMENTO	2									1		""	""	""	""	""	""	""	""	""	""	""	""	""
5935	2018-07-16T00:00:00	07:56:00	SEM VÍTIMA	FINALIZADA	CORDEIRO	RUA SOUZA BANDEIRA	74	""	E/F A RESIENCIA. CONDUTOR CHOCOU-SE CONTRA PORTÃO DE UMA LOJA COM SEU VEÍCULO. PM SOLICITA ETILÔMETRO	RUA SOUZA BANDEIRA	74	E/F A RESIENCIA. CONDUTOR CHOCOU-SE CONTRA PORTÃO DE UMA LOJA COM SEU VEÍCULO. PM SOLICITA ETILÔMETRO	CORDEIRO		""	CHOQUE	SEM VÍITMAS	1									0		""	""	""	""	""	""	""	""	""	""	""	""	""
5936	2018-07-16T00:00:00	08:31:00	SEM VÍTIMA	FINALIZADA	PAISSANDU	RUA PAISSANDU	632	""	SENTIDO SUBURBIO EM FRENTE AO COLEGIO GGE	RUA PAISSANDU	632	SENTIDO SUBURBIO EM FRENTE AO COLEGIO GGE	PAISSANDU		""	COLISÃO	COLISÃO SEM VITIMAS	2									0		""	""	""	""	""	""	""	""	""	""	""	""	""
5937	2018-07-16T00:00:00	09:12:00	SEM VÍTIMA	FINALIZADA	IMBIRIBEIRA	RUA ITAJAI	2911	""	AO LADO DA CASA BRANCA RECEPÇÕES	RUA ITAJAI	2911	AO LADO DA CASA BRANCA RECEPÇÕES	IMBIRIBEIRA		""	COLISÃO	COLISÃO SEM VITIMAS	2									0		""	""	""	""	""	""	""	""	""	""	""	""	""
5938	2018-07-16T00:00:00	09:50:00	SEM VÍTIMA	FINALIZADA	ARRUDA	AV PROFESSOR JOSE DOS ANJOS	1561	""	EM FRENTE AO CONJUNTO RESIDENCIAL NORTE/FICA NA BEIRA CANAL DO ARRUDA	AV PROFESSOR JOSE DOS ANJOS	1561	EM FRENTE AO CONJUNTO RESIDENCIAL NORTE/FICA NA BEIRA CANAL DO ARRUDA	ARRUDA		""	COLISÃO	DOIS AUTOS S/V	2									0		""	""	""	""	""	""	""	""	""	""	""	""	""
5939	2018-07-16T00:00:00	11:42:00	SEM VÍTIMA	FINALIZADA	CASA FORTE	AV DEZESSETE DE AGOSTO	""	RUA FLOR DE SANTANA	COM A RUA FLOR DE SANTANA /SEMÁFORO 654	AV DEZESSETE DE AGOSTO	""	COM A RUA FLOR DE SANTANA /SEMÁFORO 654	CASA FORTE		""	COLISÃO	DOIS AUTOS / VT 05 NO QTH	2									0		""	""	""	""	""	""	""	""	""	""	""	""	""
5940	2018-07-16T00:00:00	16:28:00	COM VÍTIMA	FINALIZADA	PINA	AV BOA VIAGEM	""	""	E/F AO POSTO POLICIAL DO PINA E/F ANTIGO RECIFE PRAIA HOTEL	AV BOA VIAGEM	""	E/F AO POSTO POLICIAL DO PINA E/F ANTIGO RECIFE PRAIA HOTEL	PINA		""	COLISÃO	COLISAO ENTRE AUTO E MOTO COM UMA VITIMA	1	1								1		""	""	""	""	""	""	""	""	""	""	""	""	""
5941	2018-07-16T00:00:00	17:01:00	COM VÍTIMA	FINALIZADA	MANGABEIRA	AV PROFESSOR JOSE DOS ANJOS	717	""	EM FRENTE AO BAR DO JABA, SENTIDO ARRUDA	AV PROFESSOR JOSE DOS ANJOS	717	EM FRENTE AO BAR DO JABA, SENTIDO ARRUDA	MANGABEIRA		""	ATROPELAMENTO	AUTO E PEDESTRE	1				1					1		""	""	""	""	""	""	""	""	""	""	""	""	""
5942	2018-07-16T00:00:00	17:11:00	SEM VÍTIMA	FINALIZADA	MACAXEIRA	RUA CARLOS MARIGHELLA	567	""	APOS O CAMPO DO UNIAO, PROX. A LANCHONETE PARADA DO AÇAI	RUA CARLOS MARIGHELLA	567	APOS O CAMPO DO UNIAO, PROX. A LANCHONETE PARADA DO AÇAI	MACAXEIRA		""	COLISÃO	DOIS AUTOS	2									0		""	""	""	""	""	""	""	""	""	""	""	""	""
5943	2018-07-16T00:00:00	17:35:00	SEM VÍTIMA	FINALIZADA	DERBY	AV GOVERNADOR AGAMENON MAGALHAES	""	""	NA FRENTE A MEC DONALDS	AV GOVERNADOR AGAMENON MAGALHAES	""	NA FRENTE A MEC DONALDS	DERBY		""	COLISÃO	COLISÃO SEM VITIMAS	1					1				0		""	""	""	""	""	""	""	""	""	""	""	""	""
5944	2018-07-16T00:00:00	20:33:00	SEM VÍTIMA	FINALIZADA	BOA VIAGEM	RUA ARTUR MUNIZ	1590	""	AO LADO DA MEC DONALDS	RUA ARTUR MUNIZ	1590	AO LADO DA MEC DONALDS	BOA VIAGEM		""	COLISÃO	COLISÃO SEM VITIMAS	2									0		""	""	""	""	""	""	""	""	""	""	""	""	""
5945	2018-07-16T00:00:00	20:34:00	COM VÍTIMA	FINALIZADA	CAMPO GRANDE	RUA JERONIMO VILELA	403	""	CRUZANDO A R FRANKLIN TÁVORA	RUA JERONIMO VILELA	403	CRUZANDO A R FRANKLIN TÁVORA	CAMPO GRANDE		""	COLISÃO	ENTRE AUTO E MOTO. C/V	1	1								1		""	""	""	""	""	""	""	""	""	""	""	""	""
5946	2018-07-16T00:00:00	22:04:00	SEM VÍTIMA	FINALIZADA	MADALENA	RUA BENFICA	39	""	PROX. AO CLUB INTERNACIONAL, SENTIDO CAXANGÁ	RUA BENFICA	39	PROX. AO CLUB INTERNACIONAL, SENTIDO CAXANGÁ	MADALENA		""	COLISÃO	COLISÃO SEM VITIMAS	2									0		""	""	""	""	""	""	""	""	""	""	""	""	""
5947	2018-07-16T00:00:00	22:20:00	SEM VÍTIMA	CANCELADA	DOIS IRMÃOS	RUA CORREGO DA FORTUNA	""	""	PROX. A UM MURO DE PEDRA, COLEGIO GILBERTO FREIRE	RUA CORREGO DA FORTUNA	""	PROX. A UM MURO DE PEDRA, COLEGIO GILBERTO FREIRE	DOIS IRMÃOS		""	CHOQUE	CONDUTOR SUPOSTAMENTE EMBRIAGADO,, COLIDIU COM O MURO	1									0		""	""	""	""	""	""	""	""	""	""	""	""	""
5948	2018-07-17T00:00:00	05:25:00	COM VÍTIMA	FINALIZADA	IMBIRIBEIRA	AV MARECHAL MASCARENHAS DE MORAES	S/N	""	PROX, DA PASARELA DO AEROPORTO (SENTIDO AFOGADO)	AV MARECHAL MASCARENHAS DE MORAES	S/N	PROX, DA PASARELA DO AEROPORTO (SENTIDO AFOGADO)	IMBIRIBEIRA		""	ATROPELAMENTO	CIDADÃO TENTOU SUICÍDIO FILMADO PELA CÂMERA DA CTTU					1	1				1		""	""	""	""	""	""	""	""	""	""	""	""	""
5949	2018-07-17T00:00:00	07:51:00	SEM VÍTIMA	FINALIZADA	CASA AMARELA	AV NORTE	5786	""	PROX. AO BAR CANTINHO DO PAJE, SENT. CIDADE	AV NORTE	5786	PROX. AO BAR CANTINHO DO PAJE, SENT. CIDADE	CASA AMARELA		""	COLISÃO	CAMINHÃO E ONIBUS VT- 08 NO LOCAL						1	1			0		""	""	""	""	""	""	""	""	""	""	""	""	""
5950	2018-07-17T00:00:00	08:22:00	SEM VÍTIMA	FINALIZADA	SÃO JOSÉ	RUA FLORIANO PEIXOTO	""	""	EM FRENTE A SECRETARIA DA FAZENDA	RUA FLORIANO PEIXOTO	""	EM FRENTE A SECRETARIA DA FAZENDA	SÃO JOSÉ		""	COLISÃO	DOIS AUTOS	2									0		""	""	""	""	""	""	""	""	""	""	""	""	""
5951	2018-07-17T00:00:00	09:30:00	SEM VÍTIMA	FINALIZADA	SANTO AMARO	AV CRUZ CABUGA	""	""	RUA EM FRENTE AO ARMAZEM CORAL	AV CRUZ CABUGA	""	RUA EM FRENTE AO ARMAZEM CORAL	SANTO AMARO		""	COLISÃO	DOIS TAXI	2									0		""	""	""	""	""	""	""	""	""	""	""	""	""
5952	2018-07-17T00:00:00	09:32:00	COM VÍTIMA	FINALIZADA	VÁRZEA	AV CAXANGA	""	AV PROF CHAVES BATISTA	COM A AVENIDA PROFESSOR CHAVES BATISTA	AV CAXANGA	""	COM A AVENIDA PROFESSOR CHAVES BATISTA	VÁRZEA		""	COLISÃO	COLISÃO COM VITIMA	1	1								1		""	""	""	""	""	""	""	""	""	""	""	""	""
5953	2018-07-17T00:00:00	09:33:00	SEM VÍTIMA	FINALIZADA	BOA VIAGEM	AVENIDA CELSO FURTADO (VIA MANGUE)	""	""	EM FRENTE AO WALMART, SENT. BOA VIAGEM	AVENIDA CELSO FURTADO (VIA MANGUE)	""	EM FRENTE AO WALMART, SENT. BOA VIAGEM	BOA VIAGEM		""	COLISÃO	DOIS AUTOS	2									0		""	""	""	""	""	""	""	""	""	""	""	""	""
5954	2018-07-17T00:00:00	09:49:00	SEM VÍTIMA	FINALIZADA	CAXANGÁ	AV CAXANGA	""	""	JUNTO A UPA, SENTIDO RECIFE	AV CAXANGA	""	JUNTO A UPA, SENTIDO RECIFE	CAXANGÁ		""	COLISÃO	COLISÃO SEM VITIMAS	3									0		""	""	""	""	""	""	""	""	""	""	""	""	""
5955	2018-07-17T00:00:00	10:01:00	SEM VÍTIMA	FINALIZADA	ESTÂNCIA	AV RECIFE	512	""	PROX. AO SEMAFORO 261, SENTIDO BR, PADARIA RECIPÃO	AV RECIFE	512	PROX. AO SEMAFORO 261, SENTIDO BR, PADARIA RECIPÃO	ESTÂNCIA		""	COLISÃO	COLISÃO SEM VÍTIMAS	2									0		""	""	""	""	""	""	""	""	""	""	""	""	""
5956	2018-07-17T00:00:00	10:11:00	SEM VÍTIMA	FINALIZADA	IMBIRIBEIRA	AV MARECHAL MASCARENHAS DE MORAES	""	""	SENTIDO SUBURBIO CIDADE EM FRENTE A UPA	AV MARECHAL MASCARENHAS DE MORAES	""	SENTIDO SUBURBIO CIDADE EM FRENTE A UPA	IMBIRIBEIRA		""	COLISÃO	COLISÃO SEM VITIMAS	1						1			0		""	""	""	""	""	""	""	""	""	""	""	""	""
5957	2018-07-17T00:00:00	11:10:00	SEM VÍTIMA	FINALIZADA	AFOGADOS	RUA COSME VIANA	""	""	PROX. AO PONTILÃO, SENTIDO BOA VIAGEM	RUA COSME VIANA	""	PROX. AO PONTILÃO, SENTIDO BOA VIAGEM	AFOGADOS		""	COLISÃO	COLISÃO COM TRÊS VEICULOS SEM VITIMAS	3									0		""	""	""	""	""	""	""	""	""	""	""	""	""
5958	2018-07-17T00:00:00	11:23:00	COM VÍTIMA	FINALIZADA	IMBIRIBEIRA	RUA NORUEGA	""	""	EM FRENTE A GALERIA NORUEGA	RUA NORUEGA	""	EM FRENTE A GALERIA NORUEGA	IMBIRIBEIRA		""	COLISÃO	COLISÃO COM VITIMA	1	1								1		""	""	""	""	""	""	""	""	""	""	""	""	""
5959	2018-07-17T00:00:00	12:13:00	SEM VÍTIMA	CANCELADA	PINA	AV ANTONIO DE GOES	""	""	PROX AO EMPRESARIAL JOOPIN /NA SAIDA DO TUNEL	AV ANTONIO DE GOES	""	PROX AO EMPRESARIAL JOOPIN /NA SAIDA DO TUNEL	PINA		""	COLISÃO	CAMINHAOE AMBULANCIA S/V AGENTE DE TRANSITO ( FAZ TRRENO)							1	1		0		""	""	""	""	""	""	""	""	""	""	""	""	""
5960	2018-07-17T00:00:00	12:49:00	SEM VÍTIMA	FINALIZADA	CORDEIRO	AV CAXANGA	2215	""	EM FRENTE A GALETUS/ SENTIDO CIDADE	AV CAXANGA	2215	EM FRENTE A GALETUS/ SENTIDO CIDADE	CORDEIRO		""	COLISÃO	COLISÃO SEM VÍTIMA	3									0		""	""	""	""	""	""	""	""	""	""	""	""	""
5961	2018-07-17T00:00:00	13:38:00	""	CANCELADA	MADALENA	RUA BRAULIO GONCALVES	""	""	POR TRÁS DO POSTO PETROBRÁS	RUA BRAULIO GONCALVES	""	POR TRÁS DO POSTO PETROBRÁS	MADALENA		""	ACID. DE PERCURSO	CAMINHÃO ARRASTOU FIOS E POSTE CAIU EM CIMA DE CARROS	1									0		""	""	""	""	""	""	""	""	""	""	""	""	""
5962	2018-07-17T00:00:00	15:05:00	SEM VÍTIMA	FINALIZADA	IPSEP	AV RECIFE	2775	""	LADO OPOSTO DA PIZZARIA ATLANTICO/ SENTIDO BOA VIAGEM	AV RECIFE	2775	LADO OPOSTO DA PIZZARIA ATLANTICO/ SENTIDO BOA VIAGEM	IPSEP		""	COLISÃO	COLISÃO SEM VÍTIMA	2									0		""	""	""	""	""	""	""	""	""	""	""	""	""
5963	2018-07-17T00:00:00	15:19:00	COM VÍTIMA	FINALIZADA	CORDEIRO	AV INACIO MONTEIRO	458	""	E/F A FARMACIA AKI FARMA	AV INACIO MONTEIRO	458	E/F A FARMACIA AKI FARMA	CORDEIRO		""	COLISÃO	COLISAO ENTRE MOTO E AUTO S/V	1	1								1		""	""	""	""	""	""	""	""	""	""	""	""	""
5964	2018-07-17T00:00:00	15:22:00	SEM VÍTIMA	FINALIZADA	IPSEP	RUA JEAN EMILE FAVRE	1300	""	EM FRENTE AO IGUASSU SUPERMERCADO/ACADEMIA YES FIT	RUA JEAN EMILE FAVRE	1300	EM FRENTE AO IGUASSU SUPERMERCADO/ACADEMIA YES FIT	IPSEP		""	COLISÃO	MOTO E AUTO S/V	1	1								0		""	""	""	""	""	""	""	""	""	""	""	""	""
5965	2018-07-17T00:00:00	15:46:00	SEM VÍTIMA	FINALIZADA	DERBY	AV GOVERNADOR AGAMENON MAGALHAES	""	""	EM FRENTE AO HR S/T ZONA SUL	AV GOVERNADOR AGAMENON MAGALHAES	""	EM FRENTE AO HR S/T ZONA SUL	DERBY		""	COLISÃO	DOIS AUTOS S/V	2									0		""	""	""	""	""	""	""	""	""	""	""	""	""
5966	2018-07-17T00:00:00	15:53:00	SEM VÍTIMA	FINALIZADA	MADALENA	RUA BENFICA	""	""	EM FRENTE AO CLUBE INTERNACIONAL	RUA BENFICA	""	EM FRENTE AO CLUBE INTERNACIONAL	MADALENA		""	COLISÃO	DOIS AUTOS S/V	2									0		""	""	""	""	""	""	""	""	""	""	""	""	""
5967	2018-07-17T00:00:00	15:56:00	SEM VÍTIMA	FINALIZADA	BOA VISTA	RUA DA SANTA CRUZ	""	""	PROX A PADARIA SANTA CRUZ	RUA DA SANTA CRUZ	""	PROX A PADARIA SANTA CRUZ	BOA VISTA		""	COLISÃO	DOIS AUTOS S/V GM ENCONTRA- SE NO LOCAL	2									0		""	""	""	""	""	""	""	""	""	""	""	""	""
5968	2018-07-17T00:00:00	16:11:00	SEM VÍTIMA	FINALIZADA	AREIAS	RUA RIO SOLIMOES	231	""	PROX A PADARIA SOLIMOES	RUA RIO SOLIMOES	231	PROX A PADARIA SOLIMOES	AREIAS		""	COLISÃO	COLISAO ENTRE DOIS AUTOS S/V	2									0		""	""	""	""	""	""	""	""	""	""	""	""	""
5969	2018-07-17T00:00:00	16:19:00	SEM VÍTIMA	FINALIZADA	BOA VIAGEM	RUA DOS NAVEGANTES	865	""	PROX AO EDIFICIL VAUTHIER/NO CRUZAMENTO DA ERNESTRO DE PAULA SANTOS	RUA DOS NAVEGANTES	865	PROX AO EDIFICIL VAUTHIER/NO CRUZAMENTO DA ERNESTRO DE PAULA SANTOS	BOA VIAGEM		""	COLISÃO	TRES AUTOS S/V	3									0		""	""	""	""	""	""	""	""	""	""	""	""	""
5970	2018-07-17T00:00:00	16:23:00	SEM VÍTIMA	FINALIZADA	IMBIRIBEIRA	AV MARECHAL MASCARENHAS DE MORAES	2809	""	E/F AO BANCO ITAU S/T AEROPORTO	AV MARECHAL MASCARENHAS DE MORAES	2809	E/F AO BANCO ITAU S/T AEROPORTO	IMBIRIBEIRA		""	COLISÃO	COLISAO ENTRE DOIS AUTOS S/V	4									0		""	""	""	""	""	""	""	""	""	""	""	""	""
5971	2018-07-17T00:00:00	16:32:00	SEM VÍTIMA	FINALIZADA	BOA VIAGEM	AV CONSELHEIRO AGUIAR	""	""	EM FRENTE AS LOJAS AMERICANAS	AV CONSELHEIRO AGUIAR	""	EM FRENTE AS LOJAS AMERICANAS	BOA VIAGEM		""	COLISÃO	ONIBUS / DOIS AUTOS S/V GM ESTA NO LOCAL	2					1				0		""	""	""	""	""	""	""	""	""	""	""	""	""
5972	2018-07-17T00:00:00	16:43:00	SEM VÍTIMA	EQUIPE EM DESLOCAMENTO	BOA VIAGEM	RUA JOAO CARDOSO AIRES	769	RUA PROF AUGUSTO LINS E SILVA	COM A RUA PROFESSOR AUGUSTO LINS E SILVA	RUA JOAO CARDOSO AIRES	769	COM A RUA PROFESSOR AUGUSTO LINS E SILVA	BOA VIAGEM		""	COLISÃO	COLISAO ENTRE QUATRO AUTOS S/V	4									0		""	""	""	""	""	""	""	""	""	""	""	""	""
5973	2018-07-17T00:00:00	16:53:00	SEM VÍTIMA	FINALIZADA	BOA VIAGEM	RUA CONEGO ROMEU	314	""	EM FRENTE AO EDIFICIO PETROPOLIS	RUA CONEGO ROMEU	314	EM FRENTE AO EDIFICIO PETROPOLIS	BOA VIAGEM		""	COLISÃO	COLISÃO SEM VÍTIMA	2									0		""	""	""	""	""	""	""	""	""	""	""	""	""
5974	2018-07-17T00:00:00	17:22:00	COM VÍTIMA	FINALIZADA	BOMBA DO HEMETÉRIO	RUA BOMBA DO HEMETERIO	""	""	NA ENTRADA DA BOMBA DO HEMETERIO/ APOS A GIRATORIA	RUA BOMBA DO HEMETERIO	""	NA ENTRADA DA BOMBA DO HEMETERIO/ APOS A GIRATORIA	BOMBA DO HEMETÉRIO		""	COLISÃO	MOTO E AUTO C/V	1	1								1		""	""	""	""	""	""	""	""	""	""	""	""	""
5975	2018-07-17T00:00:00	18:22:00	COM VÍTIMA	FINALIZADA	ESTÂNCIA	RUA SAO MIGUEL	""	""	NA FRENTE DO POSTO IPIRANGA/NA FRENTE DO ABC OFICINA	RUA SAO MIGUEL	""	NA FRENTE DO POSTO IPIRANGA/NA FRENTE DO ABC OFICINA	ESTÂNCIA		""	COLISÃO	MOTO E AUTOS S/V	1	1								1		""	""	""	""	""	""	""	""	""	""	""	""	""
5976	2018-07-17T00:00:00	18:44:00	COM VÍTIMA	FINALIZADA	TORRE	RUA REAL DA TORRE	""	RUA DONDE DE IRAJA	CRUZAMENTO COM A RUA CONDE DE IRAJA SEMAFORO 106	RUA REAL DA TORRE	""	CRUZAMENTO COM A RUA CONDE DE IRAJA SEMAFORO 106	TORRE		""	COLISÃO COM CICLISTA	VEICULO X CICLISTA OBS:: VEICULO SE EVADIU DO LOCAL	1			1						1		""	""	""	""	""	""	""	""	""	""	""	""	""
5977	2018-07-17T00:00:00	19:11:00	SEM VÍTIMA	FINALIZADA	CASA FORTE	RUA DR JOAO SANTOS FILHO	""	""	ENF AO SHOPPING PLAZA NA ENTRADA PRINCIPAL ONDE FICA O PONTO DE TAXI	RUA DR JOAO SANTOS FILHO	""	ENF AO SHOPPING PLAZA NA ENTRADA PRINCIPAL ONDE FICA O PONTO DE TAXI	CASA FORTE		""	COLISÃO	TAXI X HB 20	2									0		""	""	""	""	""	""	""	""	""	""	""	""	""
5978	2018-07-17T00:00:00	19:23:00	""	CANCELADA	AFOGADOS	RUA SAO MIGUEL	1553	""	ENF AO POSTO IPIRANGA E GLOBO VIDRO	RUA SAO MIGUEL	1553	ENF AO POSTO IPIRANGA E GLOBO VIDRO	AFOGADOS		""	COLISÃO	MOTO X CORSA	1	1								1		""	""	""	""	""	""	""	""	""	""	""	""	""
5979	2018-07-17T00:00:00	23:43:00	SEM VÍTIMA	FINALIZADA	BOA VIAGEM	RUA JOAO CARDOSO AIRES	""	RUA RIO AZUL	CRUZAMENTO COM A RUA RIO AZUL PROX AO COLEGIO MADRE DE DEUS	RUA JOAO CARDOSO AIRES	""	CRUZAMENTO COM A RUA RIO AZUL PROX AO COLEGIO MADRE DE DEUS	BOA VIAGEM		""	COLISÃO	ECOSPORT X MERCEDES	2									0		""	""	""	""	""	""	""	""	""	""	""	""	""