_id	DATA	hora	natureza_acidente	situacao	bairro	endereco	numero	detalhe_endereco_acidente	complemento	endereco_cruzamento	numero_cruzamento	referencia_cruzamento	bairro_cruzamento	num_semaforo	sentido_via	tipo	descricao	auto	moto	ciclom	ciclista	pedestre	onibus	caminhao	viatura	outros	vitimas	vitimasfatais	acidente_verificado	tempo_clima	situacao_semaforo	sinalizacao	condicao_via	conservacao_via	ponto_controle	situacao_placa	velocidade_max_via	mao_direcao	divisao_via1	divisao_via2	divisao_via3
5980	2018-07-18T00:00:00	07:12:00	SEM VÍTIMA	FINALIZADA	VÁRZEA	AV AFONSO OLINDENSE	730	""	EM FRENTE AO EDF PRAÇA ARAUCARIAS	AV AFONSO OLINDENSE	730	EM FRENTE AO EDF PRAÇA ARAUCARIAS	VÁRZEA		""	COLISÃO	MOTO E AUTO	1	1								0		""	""	""	""	""	""	""	""	""	""	""	""	""
5981	2018-07-18T00:00:00	07:57:00	COM VÍTIMA	FINALIZADA	PINA	""	""	""	TÚNEL MANOEL DE BRITO	""	""	TÚNEL MANOEL DE BRITO	PINA		""	ACID. DE PERCURSO	""		1								1		""	""	""	""	""	""	""	""	""	""	""	""	""
5982	2018-07-18T00:00:00	07:17:00	COM VÍTIMA	FINALIZADA	CAXANGÁ	AV CAXANGA	""	""	SENTIDO CIDADE EM BAIXO DO SEMAFORO 236	AV CAXANGA	""	SENTIDO CIDADE EM BAIXO DO SEMAFORO 236	CAXANGÁ		""	COLISÃO	COLISÃO COM VITIMA A ESPERA DO SAMU		2								1		""	""	""	""	""	""	""	""	""	""	""	""	""
5983	2018-07-18T00:00:00	07:44:00	SEM VÍTIMA	FINALIZADA	SANTO AMARO	PTE DO LIMOEIRO	""	""	SEMÁFORO 243	PTE DO LIMOEIRO	""	SEMÁFORO 243	SANTO AMARO		""	COLISÃO	COLISÃO SEM VITIMA	1			1						0		""	""	""	""	""	""	""	""	""	""	""	""	""
5984	2018-07-18T00:00:00	08:30:00	SEM VÍTIMA	FINALIZADA	IBURA	AV DOM HELDER CAMARA	""	""	EM FRENTE A JM BORRACHARIA	AV DOM HELDER CAMARA	""	EM FRENTE A JM BORRACHARIA	IBURA		""	COLISÃO	COLISÃO SEM VÍTIMA, ENTRE 2 AUTOS.	2									0		""	""	""	""	""	""	""	""	""	""	""	""	""
5985	2018-07-18T00:00:00	08:39:00	SEM VÍTIMA	FINALIZADA	MACAXEIRA	AV NORTE	89	""	PROX. AO TERMINAL DA MACAXEIRA, SENT. RECIFE	AV NORTE	89	PROX. AO TERMINAL DA MACAXEIRA, SENT. RECIFE	MACAXEIRA		""	COLISÃO	CAMINHÃO E AUTO	1						1			0		""	""	""	""	""	""	""	""	""	""	""	""	""
5986	2018-07-18T00:00:00	10:01:00	SEM VÍTIMA	FINALIZADA	IMBIRIBEIRA	RUA JOAQUIM BANDEIRA	374	""	AO LADO DA EMPRESA MAFEMA MATERIAS ELETRICOS	RUA JOAQUIM BANDEIRA	374	AO LADO DA EMPRESA MAFEMA MATERIAS ELETRICOS	IMBIRIBEIRA		""	COLISÃO	COLISÃO SEM VITIMAS	2									0		""	""	""	""	""	""	""	""	""	""	""	""	""
5987	2018-07-18T00:00:00	10:22:00	SEM VÍTIMA	FINALIZADA	BOA VIAGEM	RUA ANTONIO FALCAO	144	""	EM FRENTE AO PLANETA KIDS	RUA ANTONIO FALCAO	144	EM FRENTE AO PLANETA KIDS	BOA VIAGEM		""	COLISÃO	DOIS AUTOS	2									0		""	""	""	""	""	""	""	""	""	""	""	""	""
5988	2018-07-18T00:00:00	10:22:00	SEM VÍTIMA	FINALIZADA	SAN MARTIN	RUA COMENDADOR FRANCO FERREIRA	2021	""	EM FRENTE AO MINI SHOPPING SAN MARTIN E AO BAR SAN BOTEQUIM	RUA COMENDADOR FRANCO FERREIRA	2021	EM FRENTE AO MINI SHOPPING SAN MARTIN E AO BAR SAN BOTEQUIM	SAN MARTIN		""	COLISÃO	COLISÃO SEM VITIMAS	2									0		""	""	""	""	""	""	""	""	""	""	""	""	""
5989	2018-07-18T00:00:00	10:39:00	COM VÍTIMA	FINALIZADA	CAXANGÁ	AV CAXANGA	""	""	SENTIDO CIDADE PROX AO GETULIO VARGAS SOBRE A FAIXA DO BRT	AV CAXANGA	""	SENTIDO CIDADE PROX AO GETULIO VARGAS SOBRE A FAIXA DO BRT	CAXANGÁ		""	ATROPELAMENTO	VITIMA SOCORRIDA PELO SAMU					1			1		1		""	""	""	""	""	""	""	""	""	""	""	""	""
5990	2018-07-18T00:00:00	11:00:00	SEM VÍTIMA	FINALIZADA	TEJIPIÓ	AV DR JOSE RUFINO	""	""	E/F AO 4º BCOM, SENTIDO JABOATÃO.	AV DR JOSE RUFINO	""	E/F AO 4º BCOM, SENTIDO JABOATÃO.	TEJIPIÓ		""	COLISÃO	SEM VÍTIMAS	3									0		""	""	""	""	""	""	""	""	""	""	""	""	""
5991	2018-07-18T00:00:00	11:31:00	SEM VÍTIMA	FINALIZADA	AREIAS	AV DR JOSE RUFINO	1501	""	E/F A IGREJA PRESBITERIANA DE AREIAS.	AV DR JOSE RUFINO	1501	E/F A IGREJA PRESBITERIANA DE AREIAS.	AREIAS		""	COLISÃO	SEM VÍTIMAS.	1						1			0		""	""	""	""	""	""	""	""	""	""	""	""	""
5992	2018-07-18T00:00:00	11:45:00	SEM VÍTIMA	FINALIZADA	AFLITOS	AV CONS ROSA E SILVA	708	""	EM FRENTE A AUTO ESCOLA PILOTO	AV CONS ROSA E SILVA	708	EM FRENTE A AUTO ESCOLA PILOTO	AFLITOS		""	COLISÃO	ONIBUS E AUTO	1					1				0		""	""	""	""	""	""	""	""	""	""	""	""	""
5993	2018-07-18T00:00:00	12:18:00	SEM VÍTIMA	FINALIZADA	IMBIRIBEIRA	AV MARECHAL MASCARENHAS DE MORAES	2657	""	E/F A IMBIRIBEIRA DISEL S/T AEROPORTO	AV MARECHAL MASCARENHAS DE MORAES	2657	E/F A IMBIRIBEIRA DISEL S/T AEROPORTO	IMBIRIBEIRA		""	COLISÃO	COLISAO ENTRE TREAS AUTOS S/V	3									0		""	""	""	""	""	""	""	""	""	""	""	""	""
5994	2018-07-18T00:00:00	12:54:00	SEM VÍTIMA	FINALIZADA	CASA FORTE	EST DO ENCANAMENTO	323	""	AO LADO DO COLEGIO JOSE VILELA, NO SEMAFORO 462	EST DO ENCANAMENTO	323	AO LADO DO COLEGIO JOSE VILELA, NO SEMAFORO 462	CASA FORTE		""	COLISÃO	DOIS AUTOS	2									0		""	""	""	""	""	""	""	""	""	""	""	""	""
5995	2018-07-18T00:00:00	12:58:00	SEM VÍTIMA	FINALIZADA	IPSEP	AV RECIFE	3081	""	PROX AO POSTO FEDERAL S/T AEROPORTO	AV RECIFE	3081	PROX AO POSTO FEDERAL S/T AEROPORTO	IPSEP		""	COLISÃO	COLISAO ENTRE DOIS AUTOS S/V	2									0		""	""	""	""	""	""	""	""	""	""	""	""	""
5996	2018-07-18T00:00:00	13:07:00	SEM VÍTIMA	FINALIZADA	SÃO JOSÉ	AV SUL	""	""	NO SEMÁFORO 311	AV SUL	""	NO SEMÁFORO 311	SÃO JOSÉ		""	COLISÃO	COLISÃO SEM VÍTIMA	1						1			0		""	""	""	""	""	""	""	""	""	""	""	""	""
5997	2018-07-18T00:00:00	13:15:00	SEM VÍTIMA	CANCELADA	BOA VIAGEM	AV BOA VIAGEM	618	""	PRX. AO HOTEL TRANSAMERICA	AV BOA VIAGEM	618	PRX. AO HOTEL TRANSAMERICA	BOA VIAGEM		""	COLISÃO	DOIS AUTOS	2									0		""	""	""	""	""	""	""	""	""	""	""	""	""
5998	2018-07-18T00:00:00	13:42:00	SEM VÍTIMA	CANCELADA	IPUTINGA	EST DO BARBALHO	46	""	PROX A O DETRAN	EST DO BARBALHO	46	PROX A O DETRAN	IPUTINGA		""	COLISÃO	COLISAO ENTRE DOIS AUTOS S/V	2									0		""	""	""	""	""	""	""	""	""	""	""	""	""
5999	2018-07-18T00:00:00	13:53:00	SEM VÍTIMA	FINALIZADA	IPSEP	AV RECIFE	""	""	EM FRENTE AO POSTO DE GASOLINA FEDERAL, SENT. BOA VIAGEM	AV RECIFE	""	EM FRENTE AO POSTO DE GASOLINA FEDERAL, SENT. BOA VIAGEM	IPSEP		""	COLISÃO	DOIS ONIBUS						2				0		""	""	""	""	""	""	""	""	""	""	""	""	""
6000	2018-07-18T00:00:00	13:57:00	COM VÍTIMA	FINALIZADA	ENCRUZILHADA	RUA FREDERICO	191	RUA DONA ELVIRA	CRUZAMENTO COM A RUA DONA ELVIRA	RUA FREDERICO	191	CRUZAMENTO COM A RUA DONA ELVIRA	ENCRUZILHADA		""	COLISÃO	COLISÃO COM VÍTIMA	2									1		""	""	""	""	""	""	""	""	""	""	""	""	""
6001	2018-07-18T00:00:00	13:58:00	SEM VÍTIMA	FINALIZADA	AFOGADOS	RUA VINTE E UM DE ABRIL	1769	""	AO LADO DO CAFE PETINHO S/T GIRADOURO DE SAN MARTIN	RUA VINTE E UM DE ABRIL	1769	AO LADO DO CAFE PETINHO S/T GIRADOURO DE SAN MARTIN	AFOGADOS		""	COLISÃO	COLISAO ENTRE DOIS AUTOS S/V	2									0		""	""	""	""	""	""	""	""	""	""	""	""	""
6002	2018-07-18T00:00:00	14:51:00	SEM VÍTIMA	FINALIZADA	BOA VISTA	RUA JOAO FERNANDES VIEIRA	350	RUA PADRE INGLES	PROXIMO AO LABORATORIO DA UNIBRA/ CRUZAMENTO COM A RUA PADRE INGLÊS	RUA JOAO FERNANDES VIEIRA	350	PROXIMO AO LABORATORIO DA UNIBRA/ CRUZAMENTO COM A RUA PADRE INGLÊS	BOA VISTA		""	COLISÃO	COLISÃO SEM VÍTIMA	2									0		""	""	""	""	""	""	""	""	""	""	""	""	""
6003	2018-07-18T00:00:00	15:42:00	SEM VÍTIMA	FINALIZADA	CIDADE UNIVERSITÁRIA	RUA ACADEMICO HELIO RAMOS	""	""	NO TERMINAL DE CDU BOA VIAGEM	RUA ACADEMICO HELIO RAMOS	""	NO TERMINAL DE CDU BOA VIAGEM	CIDADE UNIVERSITÁRIA		""	COLISÃO	COLISAO ENTRE ONIBUS E AUTO S/V	1					1				0		""	""	""	""	""	""	""	""	""	""	""	""	""
6004	2018-07-18T00:00:00	17:06:00	SEM VÍTIMA	FINALIZADA	ESPINHEIRO	RUA JOSE LUIZ DA SILVEIRA BARROS	225	""	PROX. AO HAP VIDA	RUA JOSE LUIZ DA SILVEIRA BARROS	225	PROX. AO HAP VIDA	ESPINHEIRO		""	COLISÃO	ONIBUS E AUTO	1					1				0		""	""	""	""	""	""	""	""	""	""	""	""	""
6005	2018-07-18T00:00:00	17:34:00	SEM VÍTIMA	FINALIZADA	IMBIRIBEIRA	RUA ENGENHEIRO JOSE APOLINARIO	184	""	APOS OS SINDICATO DOS TAXISTAS, SEGUNDA A DIREITA	RUA ENGENHEIRO JOSE APOLINARIO	184	APOS OS SINDICATO DOS TAXISTAS, SEGUNDA A DIREITA	IMBIRIBEIRA		""	COLISÃO	DUAS MOTOS		2								0		""	""	""	""	""	""	""	""	""	""	""	""	""
6006	2018-07-18T00:00:00	18:09:00	SEM VÍTIMA	FINALIZADA	AFOGADOS	RUA DA PAZ	253	""	ENF A IGREJA UNIVERSAL SEMAFORO 528	RUA DA PAZ	253	ENF A IGREJA UNIVERSAL SEMAFORO 528	AFOGADOS		""	COLISÃO	CAMINHAO X ETIOS	1						1			0		""	""	""	""	""	""	""	""	""	""	""	""	""
6007	2018-07-18T00:00:00	18:19:00	SEM VÍTIMA	FINALIZADA	BOA VIAGEM	RUA DOM JOSE LOPES	""	""	BAR ESCRITÓRIO	RUA DOM JOSE LOPES	""	BAR ESCRITÓRIO	BOA VIAGEM		""	COLISÃO	COM VÍTIMA	1	1								0		""	""	""	""	""	""	""	""	""	""	""	""	""
6008	2018-07-18T00:00:00	19:11:00	SEM VÍTIMA	FINALIZADA	ESPINHEIRO	RUA SAO SALVADOR	933	RUA DA HORA	NA ESQUINA DA RUA DA HORA	RUA SAO SALVADOR	933	NA ESQUINA DA RUA DA HORA	ESPINHEIRO		""	COLISÃO	DOIS AUTO	2									0		""	""	""	""	""	""	""	""	""	""	""	""	""
6009	2018-07-18T00:00:00	19:13:00	SEM VÍTIMA	FINALIZADA	JOANA BEZERRA	AV DES GUERRA BARRETO	""	""	EM FRENTE AO FORO DE JOANA BEZERRA	AV DES GUERRA BARRETO	""	EM FRENTE AO FORO DE JOANA BEZERRA	JOANA BEZERRA		""	COLISÃO	DOIS AUTOS S/V	2									0		""	""	""	""	""	""	""	""	""	""	""	""	""
6010	2018-07-18T00:00:00	20:47:00	SEM VÍTIMA	CANCELADA	DOIS UNIDOS	RUA VILA FLOR	105	""	AO LADO DA ESCOLA ALTO MARACANA	RUA VILA FLOR	105	AO LADO DA ESCOLA ALTO MARACANA	DOIS UNIDOS		""	COLISÃO	SPRINTER E CAMINHAO S/V						1	1			0		""	""	""	""	""	""	""	""	""	""	""	""	""
6011	2018-07-18T00:00:00	23:05:00	SEM VÍTIMA	FINALIZADA	ROSARINHO	AV SANTOS DUMONT	420	RUA TELES JUNIOR	PROX A EXTRA FARMA // CRUZAMENTO COM A RUA TELES JUNIOR	AV SANTOS DUMONT	420	PROX A EXTRA FARMA // CRUZAMENTO COM A RUA TELES JUNIOR	ROSARINHO		""	COLISÃO	ONIBUS TRANSCON X GOL	1					1				0		""	""	""	""	""	""	""	""	""	""	""	""	""
6012	2018-07-18T00:00:00	23:29:00	COM VÍTIMA	FINALIZADA	TORRE	RUA JOSE BONIFACIO	""	""	EM FRENTE AO CARREFUR	RUA JOSE BONIFACIO	""	EM FRENTE AO CARREFUR	TORRE		""	CHOQUE	AUTO/POSTE C/V (COM FIO NO CHAO)	1									1		""	""	""	""	""	""	""	""	""	""	""	""	""
6013	2018-07-19T00:00:00	06:51:00	SEM VÍTIMA	FINALIZADA	BOA VIAGEM	AV DES JOSE NEVES	""	""	SOB O SEMÁFORO 592	AV DES JOSE NEVES	""	SOB O SEMÁFORO 592	BOA VIAGEM		""	CAPOTAMENTO	""										0		""	""	""	""	""	""	""	""	""	""	""	""	""
6014	2018-07-19T00:00:00	07:19:00	""	CANCELADA	BOA VIAGEM	AV DOM JOAO VI	""	""	POR TRAZ DO HIPER DE BOA VIAGEM, SAIDO DO TUNEL SENTIDO O BAIRRO DO RECIFE, APROXIMADAMENTE 100METROS	AV DOM JOAO VI	""	POR TRAZ DO HIPER DE BOA VIAGEM, SAIDO DO TUNEL SENTIDO O BAIRRO DO RECIFE, APROXIMADAMENTE 100METROS	BOA VIAGEM		""	CAPOTAMENTO	VEICULO ESTA NA VIA	1									0		""	""	""	""	""	""	""	""	""	""	""	""	""
6015	2018-07-19T00:00:00	07:29:00	SEM VÍTIMA	FINALIZADA	BOA VIAGEM	AV BOA VIAGEM	TIAGO	""	PROX AO EDIF. HOLLIDAY, APOS O RECIFE PALACE	AV BOA VIAGEM	""	PROX AO EDIF. HOLLIDAY, APOS O RECIFE PALACE	BOA VIAGEM		""	COLISÃO	COLIÃO SEM VÍTIMAS	1	1								0		""	""	""	""	""	""	""	""	""	""	""	""	""
6016	2018-07-19T00:00:00	08:03:00	COM VÍTIMA	FINALIZADA	SANTO ANTÔNIO	AV MARTINS DE BARROS	""	""	FORUM THOMAS DE AQUINO	AV MARTINS DE BARROS	""	FORUM THOMAS DE AQUINO	SANTO ANTÔNIO		""	COLISÃO	COLISÃO COM VÍTIMA	1	1								1		""	""	""	""	""	""	""	""	""	""	""	""	""
6017	2018-07-19T00:00:00	08:46:00	SEM VÍTIMA	CANCELADA	SÃO JOSÉ	C SANTA RITA	""	""	SENTIDO CIDADE, SEMÁFORO 571	C SANTA RITA	""	SENTIDO CIDADE, SEMÁFORO 571	SÃO JOSÉ		""	COLISÃO	SEM VÍTIMAS	1					1				0		""	""	""	""	""	""	""	""	""	""	""	""	""
6018	2018-07-19T00:00:00	09:53:00	SEM VÍTIMA	FINALIZADA	CASA AMARELA	EST DO ENCANAMENTO	241	""	PROX. AO HOSPITAL SANTA LUZIA	EST DO ENCANAMENTO	241	PROX. AO HOSPITAL SANTA LUZIA	CASA AMARELA		""	COLISÃO	COLISÃO SEM VITIMAS	2									0		""	""	""	""	""	""	""	""	""	""	""	""	""
6019	2018-07-19T00:00:00	10:41:00	SEM VÍTIMA	FINALIZADA	CAMPO GRANDE	AV RUI BARBOSA	""	""	EM FRENTE A PIZZARIA ATLANTICO, NO SEMAFORO 126	AV RUI BARBOSA	""	EM FRENTE A PIZZARIA ATLANTICO, NO SEMAFORO 126	CAMPO GRANDE		""	COLISÃO	AUTO E VT- DA PM	1							1		0		""	""	""	""	""	""	""	""	""	""	""	""	""
6020	2018-07-19T00:00:00	10:58:00	SEM VÍTIMA	FINALIZADA	CASA AMARELA	AV NORTE	""	""	NA FRENTE A TRANPORTADORA GLOBO	AV NORTE	""	NA FRENTE A TRANPORTADORA GLOBO	CASA AMARELA		""	COLISÃO	COLISÃO SEM VITIMAS	1							1		0		""	""	""	""	""	""	""	""	""	""	""	""	""
6021	2018-07-19T00:00:00	11:57:00	SEM VÍTIMA	FINALIZADA	CORDEIRO	AV CAXANGA	""	""	LADO OPOSTO AO PARQUE DE EXPOSIÇÃO DO CORDEIRO SENTIDO SUBÚRBIO / CIDADE	AV CAXANGA	""	LADO OPOSTO AO PARQUE DE EXPOSIÇÃO DO CORDEIRO SENTIDO SUBÚRBIO / CIDADE	CORDEIRO		""	TOMBAMENTO	TOMBAMENTO DE AMBULANCIA										0		""	""	""	""	""	""	""	""	""	""	""	""	""
6022	2018-07-19T00:00:00	11:59:00	SEM VÍTIMA	CANCELADA	CORDEIRO	AV GENERAL SAN MARTIN	554	""	E/F A AUTO ESCOLA RECIFE, SENTIDO CAXANGA	AV GENERAL SAN MARTIN	554	E/F A AUTO ESCOLA RECIFE, SENTIDO CAXANGA	CORDEIRO		""	COLISÃO	AUTO E CAMINHAO S/V	1						1			0		""	""	""	""	""	""	""	""	""	""	""	""	""
6023	2018-07-19T00:00:00	12:17:00	SEM VÍTIMA	FINALIZADA	AFOGADOS	RUA VINTE E UM DE ABRIL	355	""	PROX A CLUBE FERROVIÁRIO	RUA VINTE E UM DE ABRIL	355	PROX A CLUBE FERROVIÁRIO	AFOGADOS		""	COLISÃO	COLISAO ENTRE ONIBUS E AUTO S/V	1					1				0		""	""	""	""	""	""	""	""	""	""	""	""	""
6024	2018-07-19T00:00:00	12:26:00	""	CANCELADA	CORDEIRO	AV CAXANGA	""	""	SEMAFORO 235, EM FRENTE A EXPOSIÇAO DE ANIMAIS	AV CAXANGA	""	SEMAFORO 235, EM FRENTE A EXPOSIÇAO DE ANIMAIS	CORDEIRO		""	COLISÃO	AUTO E AMBULANCIA	1						1			0		""	""	""	""	""	""	""	""	""	""	""	""	""
6025	2018-07-19T00:00:00	12:37:00	SEM VÍTIMA	CANCELADA	IPSEP	AV PRESIDENTE DUTRA	""	""	NA DESCIDA DO VIATUDO TANCREDO NEVES/ SENTIDO AV RECIFE	AV PRESIDENTE DUTRA	""	NA DESCIDA DO VIATUDO TANCREDO NEVES/ SENTIDO AV RECIFE	IPSEP		""	COLISÃO	COLISÃO SEM VÍTIMA										0		""	""	""	""	""	""	""	""	""	""	""	""	""
6026	2018-07-19T00:00:00	13:11:00	SEM VÍTIMA	FINALIZADA	PINA	AV ANTONIO DE GOES	""	""	EM FRENTE AO FULL JUMP, PROX. AO RESTAURANTE BARGAÇO	AV ANTONIO DE GOES	""	EM FRENTE AO FULL JUMP, PROX. AO RESTAURANTE BARGAÇO	PINA		""	COLISÃO	DOIS AUTOS	2									0		""	""	""	""	""	""	""	""	""	""	""	""	""
6027	2018-07-19T00:00:00	13:20:00	SEM VÍTIMA	FINALIZADA	TORRE	RUA CONDE DE IRAJA	135	""	E/F AO EXERCITO DA SALVAÇÃO	RUA CONDE DE IRAJA	135	E/F AO EXERCITO DA SALVAÇÃO	TORRE		""	COLISÃO	COLISAO ENTRE DOIS AUTOS S/V	2									0		""	""	""	""	""	""	""	""	""	""	""	""	""
6028	2018-07-19T00:00:00	13:21:00	SEM VÍTIMA	FINALIZADA	ENCRUZILHADA	AV JOAO DE BARROS	1629	""	EM FRENTE AO ITAU	AV JOAO DE BARROS	1629	EM FRENTE AO ITAU	ENCRUZILHADA		""	COLISÃO	DOIS AUTOS	2									0		""	""	""	""	""	""	""	""	""	""	""	""	""
6029	2018-07-19T00:00:00	13:32:00	""	CANCELADA	TORRE	RUA CONDE DE IRAJA	108	""	SEMAFORO 630	RUA CONDE DE IRAJA	108	SEMAFORO 630	TORRE		""	COLISÃO	DOIS AUTOS										0		""	""	""	""	""	""	""	""	""	""	""	""	""
6030	2018-07-19T00:00:00	13:50:00	SEM VÍTIMA	CANCELADA	TORRE	RUA CONDE DE IRAJA	""	""	MARQUESA MOVEIS	RUA CONDE DE IRAJA	""	MARQUESA MOVEIS	TORRE		""	COLISÃO	DOIS AUTOS	2									0		""	""	""	""	""	""	""	""	""	""	""	""	""
6031	2018-07-19T00:00:00	15:32:00	COM VÍTIMA	FINALIZADA	BAIRRO DO RECIFE	CAIS DO APOLO	""	""	AO LADO DO BANCO DO BRASIL	CAIS DO APOLO	""	AO LADO DO BANCO DO BRASIL	BAIRRO DO RECIFE		""	ATROPELAMENTO	""	1				1					1		""	""	""	""	""	""	""	""	""	""	""	""	""
6032	2018-07-19T00:00:00	15:40:00	SEM VÍTIMA	FINALIZADA	AFOGADOS	RUA SAO MIGUEL	""	""	EM FRENTE AO BODE DO NO	RUA SAO MIGUEL	""	EM FRENTE AO BODE DO NO	AFOGADOS		""	COLISÃO	DOIS AUTOS	2									0		""	""	""	""	""	""	""	""	""	""	""	""	""
6033	2018-07-19T00:00:00	15:44:00	SEM VÍTIMA	FINALIZADA	PINA	AV HERCULANO BANDEIRA	544	""	EM FRENTE AO MARTELINHO DE OURO	AV HERCULANO BANDEIRA	544	EM FRENTE AO MARTELINHO DE OURO	PINA		""	COLISÃO	COLISÃO SEM VÍTIMA	2									0		""	""	""	""	""	""	""	""	""	""	""	""	""
6034	2018-07-19T00:00:00	15:51:00	SEM VÍTIMA	FINALIZADA	SANTO AMARO	AV NORTE	""	RUA TREZE DE MAIO	ESQUINA COM RUA 13 DE MAIO	AV NORTE	""	ESQUINA COM RUA 13 DE MAIO	SANTO AMARO		""	COLISÃO	COLISÃO SEM VÍTIMA	2									0		""	""	""	""	""	""	""	""	""	""	""	""	""
6035	2018-07-19T00:00:00	16:08:00	SEM VÍTIMA	FINALIZADA	TORRE	RUA CONDE DE IRAJA	128	""	EM FRENTE A LAVANDERIA DRIVE CLEAR	RUA CONDE DE IRAJA	128	EM FRENTE A LAVANDERIA DRIVE CLEAR	TORRE		""	COLISÃO	DOIS AUTOS	2									0		""	""	""	""	""	""	""	""	""	""	""	""	""
6036	2018-07-19T00:00:00	16:16:00	COM VÍTIMA	FINALIZADA	CASA AMARELA	RUA PAULA BATISTA	""	RUA CONS PERETI	COM A RUA CONSELHEIRO PERETI	RUA PAULA BATISTA	""	COM A RUA CONSELHEIRO PERETI	CASA AMARELA		""	COLISÃO	COLISÃO COM VITIMA	2									1		""	""	""	""	""	""	""	""	""	""	""	""	""
6037	2018-07-19T00:00:00	16:26:00	SEM VÍTIMA	FINALIZADA	GRAÇAS	RUA AMELIA	""	AV RUI BARBOSA	NA DESCIDA DA PONTE DA TORRE, ESQUINA COM RUI BARBOSA, ESQUINA COM O POSTO SHELL, SENTIDO ESPINHEIRO	RUA AMELIA	""	NA DESCIDA DA PONTE DA TORRE, ESQUINA COM RUI BARBOSA, ESQUINA COM O POSTO SHELL, SENTIDO ESPINHEIRO	GRAÇAS		""	COLISÃO	DOIS AUTOS	2									0		""	""	""	""	""	""	""	""	""	""	""	""	""
6038	2018-07-19T00:00:00	16:29:00	SEM VÍTIMA	FINALIZADA	SANTO AMARO	PRC GENERAL ABREU E LIMA	""	""	POR TRAS DO CEMITERIO DOS INGLESES	PRC GENERAL ABREU E LIMA	""	POR TRAS DO CEMITERIO DOS INGLESES	SANTO AMARO		""	COLISÃO	COLISAO ENTRE CARRETA E AUTO S/V	1						1			0		""	""	""	""	""	""	""	""	""	""	""	""	""
6039	2018-07-19T00:00:00	16:35:00	SEM VÍTIMA	FINALIZADA	AFOGADOS	AV SUL	""	""	SUBIDA DA PONTE NO SEMAFORO 320	AV SUL	""	SUBIDA DA PONTE NO SEMAFORO 320	AFOGADOS		""	COLISÃO	COLISAO ENTRE DOIS AUTOS S/V	1						1			0		""	""	""	""	""	""	""	""	""	""	""	""	""
6040	2018-07-19T00:00:00	17:15:00	COM VÍTIMA	FINALIZADA	MADALENA	RUA BENFICA	""	EST REMEDIOS	SEMAFORO 051, ESQUINA COM O BOMPREÇO	RUA BENFICA	""	SEMAFORO 051, ESQUINA COM O BOMPREÇO	MADALENA		""	COLISÃO COM CICLISTA	MOTO E CICLISTA		1		1						1		""	""	""	""	""	""	""	""	""	""	""	""	""
6041	2018-07-19T00:00:00	17:51:00	SEM VÍTIMA	CANCELADA	CAXANGÁ	AV CAXANGA	""	RUA PROF CHAVES BATISTA	SEMÁFORO 230 - CRUZ COM A RUA PROF. CHAVES BATISTA / NAS PROXIMIDADES DA CHURRASCARIA BOI E BRASA	AV CAXANGA	""	SEMÁFORO 230 - CRUZ COM A RUA PROF. CHAVES BATISTA / NAS PROXIMIDADES DA CHURRASCARIA BOI E BRASA	CAXANGÁ		""	COLISÃO	ENTRE AUTO E ÔNIBUS. S/V	1					1				0		""	""	""	""	""	""	""	""	""	""	""	""	""
6042	2018-07-19T00:00:00	18:36:00	COM VÍTIMA	CANCELADA	CASA FORTE	AV DEZESSETE DE AGOSTO	""	""	E/F A PRC DE CASA FORTE / PRÓX A ACADEMIA TOP FIT E A LANCHONETE NA PRAÇA	AV DEZESSETE DE AGOSTO	""	E/F A PRC DE CASA FORTE / PRÓX A ACADEMIA TOP FIT E A LANCHONETE NA PRAÇA	CASA FORTE		""	COLISÃO	ENTRE AUTO E MOTO. C/V	1	1								1		""	""	""	""	""	""	""	""	""	""	""	""	""
6043	2018-07-19T00:00:00	18:46:00	SEM VÍTIMA	EQUIPE EM DESLOCAMENTO	IBURA	RUA VALE DO ITAJAI	109	RUA EDUARDO GUIMARAES	CRUZAMENTO COM A RUA EDUARDO GUIMARAES NO TERMINAL DO UR 5 BARRO	RUA VALE DO ITAJAI	109	CRUZAMENTO COM A RUA EDUARDO GUIMARAES NO TERMINAL DO UR 5 BARRO	IBURA		""	COLISÃO	ONIBUS X FORD K	1					1				0		""	""	""	""	""	""	""	""	""	""	""	""	""
6044	2018-07-19T00:00:00	20:16:00	SEM VÍTIMA	FINALIZADA	IBURA	AV DOIS RIOS	550	""	ENF AO POSTO TOTAL E IGREJA EVANGELICA INTERNACIONAL	AV DOIS RIOS	550	ENF AO POSTO TOTAL E IGREJA EVANGELICA INTERNACIONAL	IBURA		""	COLISÃO	ONIBUS X SANDERO	1					1				0		""	""	""	""	""	""	""	""	""	""	""	""	""
6045	2018-07-19T00:00:00	20:54:00	COM VÍTIMA	FINALIZADA	IPUTINGA	RUA MAURICIO DE NASSAU	""	""	PRÓX A FUNDAÇÃO ALTINO VENTURA / AO LADO DA ALTO FILME LOCADORA	RUA MAURICIO DE NASSAU	""	PRÓX A FUNDAÇÃO ALTINO VENTURA / AO LADO DA ALTO FILME LOCADORA	IPUTINGA		""	COLISÃO	ENTRE AUTO E MOTO. C/V	1	1								1		""	""	""	""	""	""	""	""	""	""	""	""	""
6046	2018-07-19T00:00:00	21:04:00	COM VÍTIMA	FINALIZADA	SÃO JOSÉ	RUA IMPERIAL	2199	""	E/F AO HOTEL LUA DE MEL	RUA IMPERIAL	2199	E/F AO HOTEL LUA DE MEL	SÃO JOSÉ		""	COLISÃO	ENTRE AUTO E MOTO. C/V	1	1								1		""	""	""	""	""	""	""	""	""	""	""	""	""