_id	DATA	hora	natureza_acidente	situacao	bairro	endereco	numero	detalhe_endereco_acidente	complemento	endereco_cruzamento	numero_cruzamento	referencia_cruzamento	bairro_cruzamento	num_semaforo	sentido_via	tipo	descricao	auto	moto	ciclom	ciclista	pedestre	onibus	caminhao	viatura	outros	vitimas	vitimasfatais	acidente_verificado	tempo_clima	situacao_semaforo	sinalizacao	condicao_via	conservacao_via	ponto_controle	situacao_placa	velocidade_max_via	mao_direcao	divisao_via1	divisao_via2	divisao_via3
6047	2018-07-20T00:00:00	06:03:00	SEM VÍTIMA	FINALIZADA	IMBIRIBEIRA	AV MARECHAL MASCARENHAS DE MORAES	""	""	EM FRENTE AO AEROPORTO SENTIDO PRAZERES	AV MARECHAL MASCARENHAS DE MORAES	""	EM FRENTE AO AEROPORTO SENTIDO PRAZERES	IMBIRIBEIRA		""	CHOQUE	CONDUTORA BATEU CONTRA MURETA SEM VITIMAS	1									0		""	""	""	""	""	""	""	""	""	""	""	""	""
6048	2018-07-20T00:00:00	07:18:00	COM VÍTIMA	FINALIZADA	TORREÃO	RUA AUGUSTO RODRIGUES	""	""	E/F A LOJA TORREAO AUTO PEÇAS	RUA AUGUSTO RODRIGUES	""	E/F A LOJA TORREAO AUTO PEÇAS	TORREÃO		""	TOMBAMENTO	MOTO DE PLACA - COM UMA VÍTIMA A PASSAGEIRA		1								1		""	""	""	""	""	""	""	""	""	""	""	""	""
6049	2018-07-20T00:00:00	07:36:00	SEM VÍTIMA	FINALIZADA	PASSARINHO	RUA SANTA TEREZA	100	""	RESIDENCIA PROX AO TERMINAL DE ONIBUS NOVA DESCOBERTA CABUGA	RUA SANTA TEREZA	100	RESIDENCIA PROX AO TERMINAL DE ONIBUS NOVA DESCOBERTA CABUGA	PASSARINHO		""	CHOQUE	CONDUTOR CHOCOU- SE CONTRA MURO SEM VITIMAS							1			0		""	""	""	""	""	""	""	""	""	""	""	""	""
6050	2018-07-20T00:00:00	07:37:00	SEM VÍTIMA	CANCELADA	ESPINHEIRO	AV GOVERNADOR AGAMENON MAGALHAES	""	""	MC DONALDS, SENTIDO BOA VIAGEM	AV GOVERNADOR AGAMENON MAGALHAES	""	MC DONALDS, SENTIDO BOA VIAGEM	ESPINHEIRO		""	COLISÃO	COLISÃO SEM VITIMAS	2									0		""	""	""	""	""	""	""	""	""	""	""	""	""
6051	2018-07-20T00:00:00	07:51:00	SEM VÍTIMA	FINALIZADA	MACAXEIRA	AV NORTE	""	""	E/F AO POSTO DE GASOLINA SOLAR, SENTIDO CIDADE	AV NORTE	""	E/F AO POSTO DE GASOLINA SOLAR, SENTIDO CIDADE	MACAXEIRA		""	COLISÃO	SEM VÍTIMAS	1	1								0		""	""	""	""	""	""	""	""	""	""	""	""	""
6052	2018-07-20T00:00:00	08:29:00	COM VÍTIMA	FINALIZADA	IMBIRIBEIRA	AV MARECHAL MASCARENHAS DE MORAES	""	""	SEM. 532	AV MARECHAL MASCARENHAS DE MORAES	""	SEM. 532	IMBIRIBEIRA		""	CHOQUE	O ÔNIBUS CHOCOUSSE COM UM POSTE. COM VÍTIMA						1				1		""	""	""	""	""	""	""	""	""	""	""	""	""
6053	2018-07-20T00:00:00	08:31:00	SEM VÍTIMA	FINALIZADA	TAMARINEIRA	EST DO ARRAIAL	2646	""	NA FRENTE AO EMPORIO AVIAMENTO	EST DO ARRAIAL	2646	NA FRENTE AO EMPORIO AVIAMENTO	TAMARINEIRA		""	COLISÃO	COLISÃO SEM VITIMA	2									0		""	""	""	""	""	""	""	""	""	""	""	""	""
6054	2018-07-20T00:00:00	08:52:00	SEM VÍTIMA	FINALIZADA	ESPINHEIRO	RUA VENEZUELA	""	RUA VENEZUELA	COM A RUA DA HORA / ESQUINA DA RUA VENEZUELA	RUA VENEZUELA	""	COM A RUA DA HORA / ESQUINA DA RUA VENEZUELA	ESPINHEIRO		""	COLISÃO	DOIS AUTOS	2									0		""	""	""	""	""	""	""	""	""	""	""	""	""
6055	2018-07-20T00:00:00	10:23:00	SEM VÍTIMA	FINALIZADA	GRAÇAS	RUA DA AMIZADE	94	""	E/F AO EDF. MEXICO	RUA DA AMIZADE	94	E/F AO EDF. MEXICO	GRAÇAS		""	COLISÃO	SEM VÍTIMAS	1						1			0		""	""	""	""	""	""	""	""	""	""	""	""	""
6056	2018-07-20T00:00:00	10:28:00	SEM VÍTIMA	FINALIZADA	SÃO JOSÉ	C SANTA RITA	""	""	SAIDA DO TI DE CAIS DE SANTE RITA / AO LADO DO ARMAZEM CORAL	C SANTA RITA	""	SAIDA DO TI DE CAIS DE SANTE RITA / AO LADO DO ARMAZEM CORAL	SÃO JOSÉ		""	COLISÃO	DOIS AUTOS	2									0		""	""	""	""	""	""	""	""	""	""	""	""	""
6057	2018-07-20T00:00:00	10:44:00	SEM VÍTIMA	FINALIZADA	JARDIM SÃO PAULO	AV CENTRAL	6710	""	E/F A RESIDENCIA.	AV CENTRAL	6710	E/F A RESIDENCIA.	JARDIM SÃO PAULO		""	COLISÃO	SEM VÍTIMAS	1					1				0		""	""	""	""	""	""	""	""	""	""	""	""	""
6058	2018-07-20T00:00:00	10:45:00	COM VÍTIMA	FINALIZADA	TORREÃO	AV NORTE	""	""	EM FRENTE A PREÇA DA PICANHA / SENT SUB	AV NORTE	""	EM FRENTE A PREÇA DA PICANHA / SENT SUB	TORREÃO		""	COLISÃO	MOTO E AUTO /	1	1								1		""	""	""	""	""	""	""	""	""	""	""	""	""
6059	2018-07-20T00:00:00	11:30:00	SEM VÍTIMA	FINALIZADA	CORDEIRO	AV CAXANGA	""	""	LOJA RENAULT, LOGO APOS A RUA INÁCIO MONTEIRO / SENT SUB - CID	AV CAXANGA	""	LOJA RENAULT, LOGO APOS A RUA INÁCIO MONTEIRO / SENT SUB - CID	CORDEIRO		""	COLISÃO	COLISÃO SEM VITIMA	1	1								0		""	""	""	""	""	""	""	""	""	""	""	""	""
6060	2018-07-20T00:00:00	11:40:00	SEM VÍTIMA	FINALIZADA	JARDIM SÃO PAULO	AV LIBERDADE	3131	""	NA ENTRADA PARA O 14º QUARTEL MILITAR,SENTIDO CIDADE	AV LIBERDADE	3131	NA ENTRADA PARA O 14º QUARTEL MILITAR,SENTIDO CIDADE	JARDIM SÃO PAULO		""	COLISÃO	COLISÃO SEM VITIMA	2									0		""	""	""	""	""	""	""	""	""	""	""	""	""
6061	2018-07-20T00:00:00	12:42:00	SEM VÍTIMA	CANCELADA	BOA VIAGEM	RUA ARTUR MUNIZ	122	""	NA LATERAL DA MC DONALD´S	RUA ARTUR MUNIZ	122	NA LATERAL DA MC DONALD´S	BOA VIAGEM		""	COLISÃO	COLISAO ENTRE CAMINHAO E AUTO S/V	1						1			0		""	""	""	""	""	""	""	""	""	""	""	""	""
6062	2018-07-20T00:00:00	12:53:00	SEM VÍTIMA	FINALIZADA	PAISSANDU	RUA PAISSANDU	""	""	NO SEMÁFORO 069	RUA PAISSANDU	""	NO SEMÁFORO 069	PAISSANDU		""	COLISÃO	COLISÃO SEM VÍTIMA	1						1			0		""	""	""	""	""	""	""	""	""	""	""	""	""
6063	2018-07-20T00:00:00	13:16:00	SEM VÍTIMA	CANCELADA	BAIRRO DO RECIFE	AV ALFREDO LISBOA	""	""	E/F AO MARCO ZERO PROX AO NUCLEO DA PM	AV ALFREDO LISBOA	""	E/F AO MARCO ZERO PROX AO NUCLEO DA PM	BAIRRO DO RECIFE		""	COLISÃO	COLISAO ENTRE DOIS AUTOS S/V	2									0		""	""	""	""	""	""	""	""	""	""	""	""	""
6064	2018-07-20T00:00:00	13:17:00	SEM VÍTIMA	FINALIZADA	BOA VIAGEM	RUA ARTUR MUNIZ	""	""	EM FRENTE AO EXTRA, PROX. AO SPETTUS RESTAURANTE	RUA ARTUR MUNIZ	""	EM FRENTE AO EXTRA, PROX. AO SPETTUS RESTAURANTE	BOA VIAGEM		""	COLISÃO	DOIS AUTOS S/V	2									0		""	""	""	""	""	""	""	""	""	""	""	""	""
6065	2018-07-20T00:00:00	14:19:00	COM VÍTIMA	FINALIZADA	ENCRUZILHADA	RUA CONS PORTELA	564	""	EM FRENTE AO EDIFICIO PORTICO	RUA CONS PORTELA	564	EM FRENTE AO EDIFICIO PORTICO	ENCRUZILHADA		""	COLISÃO	COLISÃO SEM VÍTIMA	1	1								1		""	""	""	""	""	""	""	""	""	""	""	""	""
6066	2018-07-20T00:00:00	15:02:00	SEM VÍTIMA	FINALIZADA	CASA AMARELA	AV PEDRO ALLAIN	80	""	EM FRENTE A GALERIA CAIRUTAS	AV PEDRO ALLAIN	80	EM FRENTE A GALERIA CAIRUTAS	CASA AMARELA		""	COLISÃO	COLISÃO SEM VÍTIMA	1						1			0		""	""	""	""	""	""	""	""	""	""	""	""	""
6067	2018-07-20T00:00:00	15:19:00	SEM VÍTIMA	CANCELADA	ESTÂNCIA	AV RECIFE	5520	""	EM FRENTE A LOJA IMPERIAL EQUIPAMENTO/ SENTIDO BR	AV RECIFE	5520	EM FRENTE A LOJA IMPERIAL EQUIPAMENTO/ SENTIDO BR	ESTÂNCIA		""	COLISÃO	COLISÃO SEM VÍTIMA	1						1			0		""	""	""	""	""	""	""	""	""	""	""	""	""
6068	2018-07-20T00:00:00	15:44:00	COM VÍTIMA	FINALIZADA	CASA AMARELA	RUA PADRE LEMOS	""	""	EM FRENTE AO MERCADO DE CASA AMARELA	RUA PADRE LEMOS	""	EM FRENTE AO MERCADO DE CASA AMARELA	CASA AMARELA		""	COLISÃO	AUTO E MOTO C/V	1	1								1		""	""	""	""	""	""	""	""	""	""	""	""	""
6069	2018-07-20T00:00:00	17:11:00	SEM VÍTIMA	FINALIZADA	CASA AMARELA	AV NORTE	""	""	LADO OPOSTO DO SUPERMERCADO DO OLEO/ SENTIDO CIDADE	AV NORTE	""	LADO OPOSTO DO SUPERMERCADO DO OLEO/ SENTIDO CIDADE	CASA AMARELA		""	COLISÃO	COLISÃO SEM VÍTIMA	3									0		""	""	""	""	""	""	""	""	""	""	""	""	""
6070	2018-07-20T00:00:00	17:19:00	SEM VÍTIMA	FINALIZADA	BOA VIAGEM	AV ENGENHEIRO DOMINGOS FERREIRA	4267	""	PROX. A DELEGACIA, SENTIDO PIEDADE	AV ENGENHEIRO DOMINGOS FERREIRA	4267	PROX. A DELEGACIA, SENTIDO PIEDADE	BOA VIAGEM		""	COLISÃO	COLISAO ENTRE AUTO E ONIBUS 	1					1				0		""	""	""	""	""	""	""	""	""	""	""	""	""
6071	2018-07-20T00:00:00	19:39:00	COM VÍTIMA	CANCELADA	IBURA	AV DOIS RIOS	S/N	""	PRÓX DA IGREJA ELSHADAI	AV DOIS RIOS	S/N	PRÓX DA IGREJA ELSHADAI	IBURA		""	COLISÃO	ENTRE AUTO E MOTO. C/V	1	1								1		""	""	""	""	""	""	""	""	""	""	""	""	""
6072	2018-07-20T00:00:00	20:47:00	SEM VÍTIMA	FINALIZADA	DERBY	AV GOVERNADOR AGAMENON MAGALHAES	63	""	E/F AO ODONTOCAPE E PRC DO DERBY, SNT OLINDA	AV GOVERNADOR AGAMENON MAGALHAES	63	E/F AO ODONTOCAPE E PRC DO DERBY, SNT OLINDA	DERBY		""	COLISÃO	ENTRE AUTO E ONIBUS. S/V	1					1				0		""	""	""	""	""	""	""	""	""	""	""	""	""
6073	2018-07-20T00:00:00	20:57:00	SEM VÍTIMA	FINALIZADA	TAMARINEIRA	AV CONS ROSA E SILVA	2103	""	E/F AO HOSPITAL ULYSSES GUIMARÃES	AV CONS ROSA E SILVA	2103	E/F AO HOSPITAL ULYSSES GUIMARÃES	TAMARINEIRA		""	ENGAVETAMENTO	ENTRE 3 AUTOS ( VT 06 NO LOCAL FAZENDO A OCORRÊNCIA ) S/V	3									0		""	""	""	""	""	""	""	""	""	""	""	""	""
6074	2018-07-20T00:00:00	22:11:00	COM VÍTIMA	CANCELADA	CAXANGÁ	AV CAXANGA	5584	""	PROX A UPA DA CAXANGA SENTIDO CAMARAGIBE	AV CAXANGA	5584	PROX A UPA DA CAXANGA SENTIDO CAMARAGIBE	CAXANGÁ		""	COLISÃO	MOTO X FAIT UNO	1	1								1		""	""	""	""	""	""	""	""	""	""	""	""	""
6075	2018-07-20T00:00:00	22:52:00	COM VÍTIMA	FINALIZADA	IMBIRIBEIRA	AV GENERAL MAC ARTHUR	""	""	E/F A ESTAÇÃO ANTÕNIO FALCÃO, POR BAIXO DO PONTILHÃO	AV GENERAL MAC ARTHUR	""	E/F A ESTAÇÃO ANTÕNIO FALCÃO, POR BAIXO DO PONTILHÃO	IMBIRIBEIRA		""	COLISÃO	ENTRE AUTO E MOTO. C/V	1	1								1		""	""	""	""	""	""	""	""	""	""	""	""	""
6076	2018-07-21T00:00:00	00:01:00	SEM VÍTIMA	FINALIZADA	ENCRUZILHADA	AV JOAO DE BARROS	""	""	EM FRENTE A PRAÇA DA ENCRUZILHADA	AV JOAO DE BARROS	""	EM FRENTE A PRAÇA DA ENCRUZILHADA	ENCRUZILHADA		""	COLISÃO	COLISÃO ENTRE AUTO E ÔNIBUS S/V	1					1				0		""	""	""	""	""	""	""	""	""	""	""	""	""
6077	2018-07-21T00:00:00	01:14:00	SEM VÍTIMA	CANCELADA	BOA VIAGEM	RUA WALDEMAR NERY CARNEIRO MONTEIRO	""	RUA DEZ DE JULHO	CRUZAMENTO COM A RUA DEZ DE JULHO	RUA WALDEMAR NERY CARNEIRO MONTEIRO	""	CRUZAMENTO COM A RUA DEZ DE JULHO	BOA VIAGEM		""	COLISÃO	COLISÃO ENTRE DOIS AUTOS S/V	2									0		""	""	""	""	""	""	""	""	""	""	""	""	""
6078	2018-07-21T00:00:00	06:47:00	SEM VÍTIMA	FINALIZADA	ENCRUZILHADA	LGO ENCRUZILHADA	""	""	E/F AO BRADESCO	LGO ENCRUZILHADA	""	E/F AO BRADESCO	ENCRUZILHADA		""	COLISÃO	SEM VÍTIMAS. VT 04 NO LOCAL	2									0		""	""	""	""	""	""	""	""	""	""	""	""	""
6079	2018-07-21T00:00:00	07:19:00	SEM VÍTIMA	FINALIZADA	SAN MARTIN	AV GENERAL SAN MARTIN	S/N	""	NA FRENTE A CAVALARIA DA PM	AV GENERAL SAN MARTIN	S/N	NA FRENTE A CAVALARIA DA PM	SAN MARTIN		""	COLISÃO	COLISÃO SEM VITIMAS	2									0		""	""	""	""	""	""	""	""	""	""	""	""	""
6080	2018-07-21T00:00:00	07:36:00	SEM VÍTIMA	FINALIZADA	TEJIPIÓ	AV DR JOSE RUFINO	3775	""	E/F A ESTAÇÃO DO METRÔ	AV DR JOSE RUFINO	3775	E/F A ESTAÇÃO DO METRÔ	TEJIPIÓ		""	COLISÃO	SEM VÍTIMAS	1						1			0		""	""	""	""	""	""	""	""	""	""	""	""	""
6081	2018-07-21T00:00:00	07:45:00	SEM VÍTIMA	FINALIZADA	TORRE	RUA CONDE DE IRAJA	""	AV BEIRA RIO	COM A AVENIDA BEIRA RIO	RUA CONDE DE IRAJA	""	COM A AVENIDA BEIRA RIO	TORRE		""	COLISÃO	01 CAMINHÃO E DOIS AUTOS PASSEIO	3									0		""	""	""	""	""	""	""	""	""	""	""	""	""
6082	2018-07-21T00:00:00	08:05:00	COM VÍTIMA	FINALIZADA	TAMARINEIRA	EST VELHA DE AGUA FRIA	637	""	EM FRENTE AO BAR DO CHICO, SENTIDO AGUA FRIA	EST VELHA DE AGUA FRIA	637	EM FRENTE AO BAR DO CHICO, SENTIDO AGUA FRIA	TAMARINEIRA		""	COLISÃO	AUTO, MOTO E ONIBUS 	1	1				1				1		""	""	""	""	""	""	""	""	""	""	""	""	""
6083	2018-07-21T00:00:00	09:26:00	SEM VÍTIMA	CANCELADA	VÁRZEA	RUA VALE DO SIRIJI	155	""	NA SUBIDA DA LADEIRA, JUNTO A CASA 155	RUA VALE DO SIRIJI	155	NA SUBIDA DA LADEIRA, JUNTO A CASA 155	VÁRZEA		""	COLISÃO	COLISÃO SEM VITIMAS										0		""	""	""	""	""	""	""	""	""	""	""	""	""
6084	2018-07-21T00:00:00	10:33:00	SEM VÍTIMA	FINALIZADA	CASA AMARELA	AV NORTE	""	""	ENFRENTE AO REI D A PICANHA	AV NORTE	""	ENFRENTE AO REI D A PICANHA	CASA AMARELA		""	COLISÃO	COLISÃO SEM VITIMAS	3									0		""	""	""	""	""	""	""	""	""	""	""	""	""
6085	2018-07-21T00:00:00	10:49:00	SEM VÍTIMA	CANCELADA	IBURA	AV JORNALISTA COSTA PORTO	361	""	E/F A PADARIA COSTA PORTO	AV JORNALISTA COSTA PORTO	361	E/F A PADARIA COSTA PORTO	IBURA		""	COLISÃO	SEM VÍTIMAS	1					1				0		""	""	""	""	""	""	""	""	""	""	""	""	""
6086	2018-07-21T00:00:00	10:54:00	COM VÍTIMA	FINALIZADA	JAQUEIRA	AV CONS ROSA E SILVA	2177	""	EM FRENTE AO CORE	AV CONS ROSA E SILVA	2177	EM FRENTE AO CORE	JAQUEIRA		""	ATROPELAMENTO	""	1									1		""	""	""	""	""	""	""	""	""	""	""	""	""
6087	2018-07-21T00:00:00	10:58:00	SEM VÍTIMA	FINALIZADA	TORRE	RUA REAL DA TORRE	""	""	EM BAIXO DO VIADUTO DO CARREFOUR	RUA REAL DA TORRE	""	EM BAIXO DO VIADUTO DO CARREFOUR	TORRE		""	COLISÃO	DOIS AUTOS S/V	2									0		""	""	""	""	""	""	""	""	""	""	""	""	""
6088	2018-07-21T00:00:00	10:59:00	SEM VÍTIMA	FINALIZADA	BOA VIAGEM	AV ENGENHEIRO DOMINGOS FERREIRA	""	""	E/F AO WALMART. SEMÁFORO 303	AV ENGENHEIRO DOMINGOS FERREIRA	""	E/F AO WALMART. SEMÁFORO 303	BOA VIAGEM		""	COLISÃO	SEM VÍTIMAS	3									0		""	""	""	""	""	""	""	""	""	""	""	""	""
6089	2018-07-21T00:00:00	13:37:00	SEM VÍTIMA	FINALIZADA	TEJIPIÓ	RUA FALCAO DE LACERDA	""	""	EM FRENTE A DJALMA MOTOS, NA ENTRADA DE COQUEIRAL, SENTIDO JABOATAO	RUA FALCAO DE LACERDA	""	EM FRENTE A DJALMA MOTOS, NA ENTRADA DE COQUEIRAL, SENTIDO JABOATAO	TEJIPIÓ		""	ENGAVETAMENTO	TRES AUTOS	3									0		""	""	""	""	""	""	""	""	""	""	""	""	""
6090	2018-07-21T00:00:00	13:54:00	SEM VÍTIMA	FINALIZADA	IPUTINGA	RUA PROFESSOR CHAVES BATISTA	112	""	NA RUA DA CHURRASCARIA BOI E BRASA	RUA PROFESSOR CHAVES BATISTA	112	NA RUA DA CHURRASCARIA BOI E BRASA	IPUTINGA		""	COLISÃO	COLISAO ENTRE CAMINHAO E AUTO S/V	1									0		""	""	""	""	""	""	""	""	""	""	""	""	""
6091	2018-07-21T00:00:00	15:04:00	COM VÍTIMA	FINALIZADA	BOA VISTA	RUA AURORA	""	""	EM FRENTE AO CINEMA SAO LUIS	RUA AURORA	""	EM FRENTE AO CINEMA SAO LUIS	BOA VISTA		""	COLISÃO	DUAS MOTOS		2								2		""	""	""	""	""	""	""	""	""	""	""	""	""
6092	2018-07-21T00:00:00	17:20:00	VÍTIMA FATAL	FINALIZADA	GRAÇAS	AV GOVERNADOR AGAMENON MAGALHAES	""	AV RUI BARBOSA	CRUZAMENTO COM A AV. RUI BARBOSA, SENTIDO OLINDA - BOA VIAGEM	AV GOVERNADOR AGAMENON MAGALHAES	""	CRUZAMENTO COM A AV. RUI BARBOSA, SENTIDO OLINDA - BOA VIAGEM	GRAÇAS		""	COLISÃO	COLISÃO COM VÍTIMA	1	2								1	1	""	""	""	""	""	""	""	""	""	""	""	""	""
6093	2018-07-21T00:00:00	19:13:00	SEM VÍTIMA	FINALIZADA	CORDEIRO	AV CAXANGA	279	""	E/F AO BANCO SANTANDER / SNT CAMARAGIBE-RECIFE	AV CAXANGA	279	E/F AO BANCO SANTANDER / SNT CAMARAGIBE-RECIFE	CORDEIRO		""	ENGAVETAMENTO	ENTRE 3 AUTOS. S/V	3									0		""	""	""	""	""	""	""	""	""	""	""	""	""
6094	2018-07-21T00:00:00	19:45:00	SEM VÍTIMA	FINALIZADA	VÁRZEA	RUA GASTAO VIDIGAL	""	""	NA UPA DA CAXANGA E SENTIDO OFICINA CERAMICA FRANCISCO BRENNAND	RUA GASTAO VIDIGAL	""	NA UPA DA CAXANGA E SENTIDO OFICINA CERAMICA FRANCISCO BRENNAND	VÁRZEA		""	COLISÃO	LAND ROVER X GOL X MOTO	2	1								0		""	""	""	""	""	""	""	""	""	""	""	""	""
6095	2018-07-21T00:00:00	20:02:00	COM VÍTIMA	FINALIZADA	PRADO	RUA GOMES TABORDA	""	RUA ADEMAR TAVARES	CRUZAMENTO COM RUA ADEMAR TAVARES	RUA GOMES TABORDA	""	CRUZAMENTO COM RUA ADEMAR TAVARES	PRADO		""	COLISÃO	AUTO X MOTO	1	1								1		""	""	""	""	""	""	""	""	""	""	""	""	""
6096	2018-07-21T00:00:00	21:23:00	SEM VÍTIMA	CANCELADA	MADALENA	AV BEIRA RIO	591	""	E/F AO EDF SOBRADO DO CAPIBARIBE / SNT TORRE	AV BEIRA RIO	591	E/F AO EDF SOBRADO DO CAPIBARIBE / SNT TORRE	MADALENA		""	COLISÃO	ENTRE AUTO E MOTO. S/V	1	1								0		""	""	""	""	""	""	""	""	""	""	""	""	""
6097	2018-07-21T00:00:00	22:03:00	SEM VÍTIMA	FINALIZADA	BOA VIAGEM	RUA VISCONDE DE JEQUITINHONHA	""	""	SEMÁFORO 158 / PRÓX AO EDF ISLAMORADA / SNT PIEDADE	RUA VISCONDE DE JEQUITINHONHA	""	SEMÁFORO 158 / PRÓX AO EDF ISLAMORADA / SNT PIEDADE	BOA VIAGEM		""	COLISÃO	ENTRE 2 AUTOS. S/V	2									0		""	""	""	""	""	""	""	""	""	""	""	""	""
6098	2018-07-22T00:00:00	06:23:00	""	FINALIZADA	VÁRZEA	RUA GASTAO VIDIGAL	""	""	EM FRENTE AO HOTEL COSTA AZUL	""	""	""	""		""	COLISÃO	COLISÃO COM VITIMA A ESPERA DO SAMU OBS SOLICITA ETILOMETRO NO LOCAL UMA DAS CONDUTORES ENCONTRA SE COM SINTOMAS DE EMBRIAGUEZ	1	1								2		""	""	""	""	""	""	""	""	""	""	""	""	""
6099	2018-07-22T00:00:00	10:06:00	SEM VÍTIMA	FINALIZADA	AFLITOS	AV CONS ROSA E SILVA	999	""	UM POUCO ANTES DO NÁUTICO	AV CONS ROSA E SILVA	999	UM POUCO ANTES DO NÁUTICO	AFLITOS		""	COLISÃO	COLISÃO ENTRE 2 AUTOS, SEM VÍTIMAS.	2									0		""	""	""	""	""	""	""	""	""	""	""	""	""
6100	2018-07-22T00:00:00	10:41:00	SEM VÍTIMA	FINALIZADA	CAXANGÁ	AV CAXANGA	""	""	SENTIDO SUBURBIO ´PROX A CONCESSIONARIA FIORI	AV CAXANGA	""	SENTIDO SUBURBIO ´PROX A CONCESSIONARIA FIORI	CAXANGÁ		""	COLISÃO	COLISÃO SEM VITIMAS 	2									0		""	""	""	""	""	""	""	""	""	""	""	""	""
6101	2018-07-22T00:00:00	11:13:00	SEM VÍTIMA	FINALIZADA	BOA VIAGEM	AV CONSELHEIRO AGUIAR	3743	""	EM FRENTE AO EDIFICIO MATER	AV CONSELHEIRO AGUIAR	3743	EM FRENTE AO EDIFICIO MATER	BOA VIAGEM		""	COLISÃO	COLISÃO SEM VITIMAS	2									0		""	""	""	""	""	""	""	""	""	""	""	""	""
6102	2018-07-22T00:00:00	13:19:00	SEM VÍTIMA	FINALIZADA	SANTO AMARO	RUA BERNARDO GUIMARAES	116	RUA GAL JOSE SEMEAO	COM A RUA GEN. JOSE SEMEAO, EM FRENTE A AGOSTINHO MONTEIRO E CASTRO ADVOGADOS ASSOCIADOS	RUA BERNARDO GUIMARAES	116	COM A RUA GEN. JOSE SEMEAO, EM FRENTE A AGOSTINHO MONTEIRO E CASTRO ADVOGADOS ASSOCIADOS	SANTO AMARO		""	COLISÃO	DOIS AUTOS	2									0		""	""	""	""	""	""	""	""	""	""	""	""	""
6103	2018-07-22T00:00:00	13:59:00	SEM VÍTIMA	FINALIZADA	BOA VISTA	AV CONDE DA BOA VISTA	1477	""	PROX. A GRAFICA NACIONAL	AV CONDE DA BOA VISTA	1477	PROX. A GRAFICA NACIONAL	BOA VISTA		""	COLISÃO	DOIS AUTOS	2									0		""	""	""	""	""	""	""	""	""	""	""	""	""
6104	2018-07-22T00:00:00	15:07:00	SEM VÍTIMA	FINALIZADA	PAISSANDU	AV GOVERNADOR AGAMENON MAGALHAES	""	""	EM FRENTE AO HOSPITAL PORTUGUES, SENTIDO BOA VIAGEM	AV GOVERNADOR AGAMENON MAGALHAES	""	EM FRENTE AO HOSPITAL PORTUGUES, SENTIDO BOA VIAGEM	PAISSANDU		""	COLISÃO	DOIS AUTOS	2									0		""	""	""	""	""	""	""	""	""	""	""	""	""
6105	2018-07-22T00:00:00	15:34:00	SEM VÍTIMA	FINALIZADA	ROSARINHO	RUA GENERAL ABREU E LIMA	248	""	RUA POR TRAS DO COLEGIO REGUEIRA COSTA	RUA GENERAL ABREU E LIMA	248	RUA POR TRAS DO COLEGIO REGUEIRA COSTA	ROSARINHO		""	COLISÃO	DOIS AUTOS	2									0		""	""	""	""	""	""	""	""	""	""	""	""	""
6106	2018-07-22T00:00:00	15:51:00	SEM VÍTIMA	FINALIZADA	GRAÇAS	RUA AMELIA	""	CONS ROSA E SILVA	ESQUINA COM RUA ROSA E SILVA, SEMAFORO 046	RUA AMELIA	""	ESQUINA COM RUA ROSA E SILVA, SEMAFORO 046	GRAÇAS		""	COLISÃO	AUTO E ONIBUS 	1					1				0		""	""	""	""	""	""	""	""	""	""	""	""	""
6107	2018-07-22T00:00:00	16:32:00	SEM VÍTIMA	FINALIZADA	ILHA DO LEITE	AV GOVERNADOR AGAMENON MAGALHAES	""	RUA PAISSANDU	COM RUA PAISSANDU, SEMÁFORO 069, SENTIDO OLINDA.	AV GOVERNADOR AGAMENON MAGALHAES	""	COM RUA PAISSANDU, SEMÁFORO 069, SENTIDO OLINDA.	ILHA DO LEITE		""	COLISÃO	DOIS AUTOS VT- 32 NO LOCAL	2									0		""	""	""	""	""	""	""	""	""	""	""	""	""
6108	2018-07-22T00:00:00	16:40:00	SEM VÍTIMA	FINALIZADA	SANTO AMARO	AV GOVERNADOR AGAMENON MAGALHAES	""	RUA ODORICO MENDES	COM ODORICO MENDES, SENTIDO RECIFE,. SEMAFORO 049	AV GOVERNADOR AGAMENON MAGALHAES	""	COM ODORICO MENDES, SENTIDO RECIFE,. SEMAFORO 049	SANTO AMARO		""	COLISÃO	DOIS AUTOS	2									0		""	""	""	""	""	""	""	""	""	""	""	""	""
6109	2018-07-22T00:00:00	16:40:00	SEM VÍTIMA	FINALIZADA	IBURA	AV SAO PAULO	183	""	EM FRENTE A PANIFICADORA MARIANA	AV SAO PAULO	183	EM FRENTE A PANIFICADORA MARIANA	IBURA		""	COLISÃO	COLISÃO SEM VÍTIMA	1					1				0		""	""	""	""	""	""	""	""	""	""	""	""	""
6110	2018-07-22T00:00:00	17:48:00	COM VÍTIMA	CANCELADA	PINA	AV ANTONIO DE GOES	""	""	POR DENTRO DO TÚNEL DA ANTONIO DE GOES / PRÓX AO SHOPPING RIO MAR	AV ANTONIO DE GOES	""	POR DENTRO DO TÚNEL DA ANTONIO DE GOES / PRÓX AO SHOPPING RIO MAR	PINA		""	COLISÃO	ENTRE AUTO E MOTO. C/V	1	1								1		""	""	""	""	""	""	""	""	""	""	""	""	""
6111	2018-07-22T00:00:00	18:35:00	COM VÍTIMA	FINALIZADA	PINA	AV ANTONIO DE GOES	""	""	C/ RUA MANOEL DE BRITO. SAÍDA DO TUNEL	AV ANTONIO DE GOES	""	C/ RUA MANOEL DE BRITO. SAÍDA DO TUNEL	PINA		""	COLISÃO	COM VÍTIMA	1	1								1		""	""	""	""	""	""	""	""	""	""	""	""	""
6112	2018-07-22T00:00:00	18:39:00	COM VÍTIMA	CANCELADA	BOA VIAGEM	RUA RIBEIRO DE BRITO	""	""	CRUZANDO A NAVEGANTES / PROXIMIDADES DO EDF HOLIDAY	RUA RIBEIRO DE BRITO	""	CRUZANDO A NAVEGANTES / PROXIMIDADES DO EDF HOLIDAY	BOA VIAGEM		""	COLISÃO	ENTRE AUTO E MOTO. C/V	1	1								2		""	""	""	""	""	""	""	""	""	""	""	""	""