_id	DATA	hora	natureza_acidente	situacao	bairro	endereco	numero	detalhe_endereco_acidente	complemento	endereco_cruzamento	numero_cruzamento	referencia_cruzamento	bairro_cruzamento	num_semaforo	sentido_via	tipo	descricao	auto	moto	ciclom	ciclista	pedestre	onibus	caminhao	viatura	outros	vitimas	vitimasfatais	acidente_verificado	tempo_clima	situacao_semaforo	sinalizacao	condicao_via	conservacao_via	ponto_controle	situacao_placa	velocidade_max_via	mao_direcao	divisao_via1	divisao_via2	divisao_via3
6113	2018-07-22T00:00:00	21:15:00	COM VÍTIMA	FINALIZADA	CAXANGÁ	AV CAXANGA	""	""	APÓS O VIADUTO DA CAXANGÁ / SEMÁFORO 269	AV CAXANGA	""	APÓS O VIADUTO DA CAXANGÁ / SEMÁFORO 269	CAXANGÁ		""	COLISÃO	ENTRE AUTO E ÔNIBUS. C/V	1					1				2		""	""	""	""	""	""	""	""	""	""	""	""	""
6114	2018-07-23T00:00:00	07:06:00	SEM VÍTIMA	FINALIZADA	SANTO AMARO	AV VISCONDE DE SUASSUNA	""	RUA AFONSO PENA	CRUZ COM A RUA AFONSO PENA DE ESQUINA COM O SENAC	AV VISCONDE DE SUASSUNA	""	CRUZ COM A RUA AFONSO PENA DE ESQUINA COM O SENAC	SANTO AMARO		""	COLISÃO	COLISÃO SEM VITIMAS OBS UM DOS CONDUTORES ENCONTRA SE COM SINTOMAS DE EMBRIAGUEZ	2									0		""	""	""	""	""	""	""	""	""	""	""	""	""
6115	2018-07-23T00:00:00	07:05:00	SEM VÍTIMA	FINALIZADA	AFOGADOS	LARGO DA PAZ	""	""	PROX A ESTAÇÃO LARGO DA PAZ, SENTIDO CIDADE	LARGO DA PAZ	""	PROX A ESTAÇÃO LARGO DA PAZ, SENTIDO CIDADE	AFOGADOS		""	COLISÃO	COLISÃO SEM VITIMAS	1						1			0		""	""	""	""	""	""	""	""	""	""	""	""	""
6116	2018-07-23T00:00:00	08:01:00	SEM VÍTIMA	FINALIZADA	SANTO AMARO	AV GOVERNADOR AGAMENON MAGALHAES	""	""	EM FRENTE AO POSTO DE GASOLINA DISLUB SENT. OLINDA	AV GOVERNADOR AGAMENON MAGALHAES	""	EM FRENTE AO POSTO DE GASOLINA DISLUB SENT. OLINDA	SANTO AMARO		""	COLISÃO	ONIBUS E AUTO	1					1				0		""	""	""	""	""	""	""	""	""	""	""	""	""
6117	2018-07-23T00:00:00	08:05:00	SEM VÍTIMA	FINALIZADA	BOA VIAGEM	AV BOA VIAGEM	1590	""	NO SEGUNDO JARDIM	AV BOA VIAGEM	1590	NO SEGUNDO JARDIM	BOA VIAGEM		""	COLISÃO	AUTO E CAMINHAO	1						1			0		""	""	""	""	""	""	""	""	""	""	""	""	""
6118	2018-07-23T00:00:00	""	SEM VÍTIMA	FINALIZADA	ILHA DO RETIRO	AV ENGENHEIRO ABDIAS DE CARVALHO	336	""	EM FRENTE AO POSTO IPIRANGA	AV ENGENHEIRO ABDIAS DE CARVALHO	336	EM FRENTE AO POSTO IPIRANGA	ILHA DO RETIRO		""	COLISÃO	DOIS AUTOS	2									0		""	""	""	""	""	""	""	""	""	""	""	""	""
6119	2018-07-23T00:00:00	09:04:00	SEM VÍTIMA	FINALIZADA	IMBIRIBEIRA	AV MARECHAL MASCARENHAS DE MORAES	""	""	SENTIDO CENTRO EM BAIXO DA PASSARELA DO AEROPORTO	AV MARECHAL MASCARENHAS DE MORAES	""	SENTIDO CENTRO EM BAIXO DA PASSARELA DO AEROPORTO	IMBIRIBEIRA		""	COLISÃO	COLISÃO SEM VITIMAS BT LUTEMBERG ELEOENAI QTH	1						1			0		""	""	""	""	""	""	""	""	""	""	""	""	""
6120	2018-07-23T00:00:00	10:11:00	SEM VÍTIMA	FINALIZADA	BOA VIAGEM	RUA BARAO DE SOUZA LEAO	""	""	ENFRENTE AO BANCO DO BRASIL, SENTIDO AEROPORTO	RUA BARAO DE SOUZA LEAO	""	ENFRENTE AO BANCO DO BRASIL, SENTIDO AEROPORTO	BOA VIAGEM		""	COLISÃO	COLISÃO SEM VITIMAS										0		""	""	""	""	""	""	""	""	""	""	""	""	""
6121	2018-07-23T00:00:00	10:11:00	""	CANCELADA	BOA VIAGEM	RUA SETUBAL	425	""	EM FRENTE A CLINICA ICONE E AO BANCO DO BRASIL	RUA SETUBAL	425	EM FRENTE A CLINICA ICONE E AO BANCO DO BRASIL	BOA VIAGEM		""	COLISÃO	COLISÃO SEM VITIMAS	2									0		""	""	""	""	""	""	""	""	""	""	""	""	""
6122	2018-07-23T00:00:00	10:32:00	""	CANCELADA	BOA VIAGEM	RUA BARAO DE SOUZA LEAO	425	""	EM FRENTRE AO ICONE	RUA BARAO DE SOUZA LEAO	425	EM FRENTRE AO ICONE	BOA VIAGEM		""	COLISÃO	DOIS AUTOS	2									0		""	""	""	""	""	""	""	""	""	""	""	""	""
6123	2018-07-23T00:00:00	11:00:00	SEM VÍTIMA	FINALIZADA	SANTO ANTÔNIO	RUA FLORIANO PEIXOTO	""	""	PROX A ESTAÇÃO RECIFE EM FRENTE A CASA DA CULTURA	RUA FLORIANO PEIXOTO	""	PROX A ESTAÇÃO RECIFE EM FRENTE A CASA DA CULTURA	SANTO ANTÔNIO		""	COLISÃO	COLISÃO SEM VITIMAS	2									0		""	""	""	""	""	""	""	""	""	""	""	""	""
6124	2018-07-23T00:00:00	11:04:00	COM VÍTIMA	FINALIZADA	BOA VISTA	AV CONDE DA BOA VISTA	""	""	SEMAFÓRO 486	AV CONDE DA BOA VISTA	""	SEMAFÓRO 486	BOA VISTA		""	ATROPELAMENTO	""	1				1					1		""	""	""	""	""	""	""	""	""	""	""	""	""
6125	2018-07-23T00:00:00	11:24:00	SEM VÍTIMA	FINALIZADA	CASA FORTE	RUA LAURINDO COELHO	""	""	AO LADO DA CONCESSIONARIA HYUNDAI CAOA	RUA LAURINDO COELHO	""	AO LADO DA CONCESSIONARIA HYUNDAI CAOA	CASA FORTE		""	COLISÃO	COLISÃO SEM VITIMAS	2									0		""	""	""	""	""	""	""	""	""	""	""	""	""
6126	2018-07-23T00:00:00	11:36:00	SEM VÍTIMA	FINALIZADA	PINA	AV ANTONIO DE GOES	""	""	EM FRENTE AO DNIT	AV ANTONIO DE GOES	""	EM FRENTE AO DNIT	PINA		""	COLISÃO	COLISÃO SEM VITIMAS GM QTH	3									0		""	""	""	""	""	""	""	""	""	""	""	""	""
6127	2018-07-23T00:00:00	12:09:00	SEM VÍTIMA	CANCELADA	SÃO JOSÉ	PRC DAS CINCO PONTAS	""	""	E/F AO TRIBUNAL REGIONAL ELEITORAL	PRC DAS CINCO PONTAS	""	E/F AO TRIBUNAL REGIONAL ELEITORAL	SÃO JOSÉ		""	COLISÃO	COLISAO ENTRE AUTO E MOTO S/V	1	1								0		""	""	""	""	""	""	""	""	""	""	""	""	""
6128	2018-07-23T00:00:00	12:50:00	SEM VÍTIMA	CANCELADA	IPUTINGA	RUA EMILIANO BRAGA	185	""	EM FRENTE AO PARAIBANOS BAR	RUA EMILIANO BRAGA	185	EM FRENTE AO PARAIBANOS BAR	IPUTINGA		""	COLISÃO	DOIS AUTOS	2									0		""	""	""	""	""	""	""	""	""	""	""	""	""
6129	2018-07-23T00:00:00	12:57:00	SEM VÍTIMA	FINALIZADA	DERBY	AV GOVERNADOR AGAMENON MAGALHAES	""	""	EM FRENTE A SPETTOS SENT BOA VIAGEM	AV GOVERNADOR AGAMENON MAGALHAES	""	EM FRENTE A SPETTOS SENT BOA VIAGEM	DERBY		""	COLISÃO	DOIS ONIBUS						2				0		""	""	""	""	""	""	""	""	""	""	""	""	""
6130	2018-07-23T00:00:00	14:00:00	SEM VÍTIMA	FINALIZADA	MADALENA	RUA BENFICA	""	""	MUSEU DA ABOLIÇÃO	RUA BENFICA	""	MUSEU DA ABOLIÇÃO	MADALENA		""	COLISÃO	ONIBUS/AUTO	1					1				0		""	""	""	""	""	""	""	""	""	""	""	""	""
6131	2018-07-23T00:00:00	14:53:00	SEM VÍTIMA	FINALIZADA	GUABIRABA	RUA CASSITERITA	""	""	NO TERMINAL DO ONIBUS DO CORREGO DO JENIPAPO	RUA CASSITERITA	""	NO TERMINAL DO ONIBUS DO CORREGO DO JENIPAPO	GUABIRABA		""	COLISÃO	COLISAO ENTRE DUAS MOTOS S/V		2								0		""	""	""	""	""	""	""	""	""	""	""	""	""
6132	2018-07-23T00:00:00	14:57:00	SEM VÍTIMA	FINALIZADA	BOA VISTA	AV CONDE DA BOA VISTA	""	""	EM FRENTE A FACULDADE SAO MIGUEL / SENT SUB	AV CONDE DA BOA VISTA	""	EM FRENTE A FACULDADE SAO MIGUEL / SENT SUB	BOA VISTA		""	COLISÃO	ONIBUS BRT / AUTO PASSEIO	1					1				0		""	""	""	""	""	""	""	""	""	""	""	""	""
6133	2018-07-23T00:00:00	15:14:00	SEM VÍTIMA	FINALIZADA	BONGI	AV ENGENHEIRO ABDIAS DE CARVALHO	""	""	E/F A FUNASE AO LADO DO COMPAZ S/T CURADO	AV ENGENHEIRO ABDIAS DE CARVALHO	""	E/F A FUNASE AO LADO DO COMPAZ S/T CURADO	BONGI		""	COLISÃO	COLISAO ENTRE AUTO E MOTO S/V	1	1								0		""	""	""	""	""	""	""	""	""	""	""	""	""
6134	2018-07-23T00:00:00	15:18:00	SEM VÍTIMA	FINALIZADA	BOA VIAGEM	RUA ANTONIO FALCAO	""	""	EM FRENTE AO CARREFUR SEMAFORO 145	RUA ANTONIO FALCAO	""	EM FRENTE AO CARREFUR SEMAFORO 145	BOA VIAGEM		""	COLISÃO	ONIBUS E AUTO S/V	1					1				0		""	""	""	""	""	""	""	""	""	""	""	""	""
6135	2018-07-23T00:00:00	15:41:00	SEM VÍTIMA	FINALIZADA	IBURA	AV DOIS RIOS	""	""	PROXIMA A POLICLINICA/ENTRADA DO IBURA	AV DOIS RIOS	""	PROXIMA A POLICLINICA/ENTRADA DO IBURA	IBURA		""	COLISÃO	ONIBUS EMPRESA /AUTO/S/V	1					1				0		""	""	""	""	""	""	""	""	""	""	""	""	""
6136	2018-07-23T00:00:00	16:00:00	SEM VÍTIMA	FINALIZADA	GUABIRABA	AV EMBAIXADOR ASSIS CHATEAUBRIAND	""	""	AO LADO DO PONTILHAO	AV EMBAIXADOR ASSIS CHATEAUBRIAND	""	AO LADO DO PONTILHAO	GUABIRABA		""	COLISÃO	MOTO E AUTO / VT 32 NO QTH	1	1								0		""	""	""	""	""	""	""	""	""	""	""	""	""
6137	2018-07-23T00:00:00	16:14:00	SEM VÍTIMA	FINALIZADA	TEJIPIÓ	AV DR JOSE RUFINO	""	""	E/F A PRAÇA DO PACHECO	AV DR JOSE RUFINO	""	E/F A PRAÇA DO PACHECO	TEJIPIÓ		""	COLISÃO	COLISAO ENTRE AUTO E MOTO S/V	1	1								0		""	""	""	""	""	""	""	""	""	""	""	""	""
6138	2018-07-23T00:00:00	17:58:00	SEM VÍTIMA	FINALIZADA	IPSEP	AV RECIFE	""	""	PROX DO AEROPORTO S/T BOA VIAGEM SEMAFORO 319	AV RECIFE	""	PROX DO AEROPORTO S/T BOA VIAGEM SEMAFORO 319	IPSEP		""	COLISÃO	DOIS AUTOS S/V	2									0		""	""	""	""	""	""	""	""	""	""	""	""	""
6139	2018-07-23T00:00:00	18:06:00	SEM VÍTIMA	FINALIZADA	BOA VISTA	AV CONDE DA BOA VISTA	""	RUA DOM BOSCO	CRUZAMENTO COM A DOM BOSCO/AV CONDE DA BOA VISTA	AV CONDE DA BOA VISTA	""	CRUZAMENTO COM A DOM BOSCO/AV CONDE DA BOA VISTA	BOA VISTA		""	COLISÃO	ONIBUS E AUTO S/V	1					1				0		""	""	""	""	""	""	""	""	""	""	""	""	""
6140	2018-07-23T00:00:00	18:19:00	SEM VÍTIMA	CANCELADA	SÃO JOSÉ	C SANTA RITA	""	""	APOIS AS TORRES GEMEAS	C SANTA RITA	""	APOIS AS TORRES GEMEAS	SÃO JOSÉ		""	COLISÃO	VT DA PM X MOTO	1	1								0		""	""	""	""	""	""	""	""	""	""	""	""	""
6141	2018-07-23T00:00:00	18:20:00	SEM VÍTIMA	FINALIZADA	MADALENA	AV JOSE GONCALVES DE MEDEIROS	121	""	""	AV JOSE GONCALVES DE MEDEIROS	121	""	MADALENA		""	COLISÃO	COLISÃO COM VITIMA	1	1								0		""	""	""	""	""	""	""	""	""	""	""	""	""
6142	2018-07-23T00:00:00	18:31:00	SEM VÍTIMA	CANCELADA	SANTO AMARO	AV MARIO MELO	""	""	APOIS ASSEMBLEIA DE DEUS SENTIDO CIDADE SUBURBIO	AV MARIO MELO	""	APOIS ASSEMBLEIA DE DEUS SENTIDO CIDADE SUBURBIO	SANTO AMARO		""	COLISÃO	JEEP X SANDERO STEP	2									0		""	""	""	""	""	""	""	""	""	""	""	""	""
6143	2018-07-23T00:00:00	18:52:00	COM VÍTIMA	FINALIZADA	PORTO DA MADEIRA	RUA DALVA DE OLIVEIRA	247	""	PROX A IGREJA BATISTA DO VALE E CLINICA VETERINARIA MIAU & AUAU	RUA DALVA DE OLIVEIRA	247	PROX A IGREJA BATISTA DO VALE E CLINICA VETERINARIA MIAU & AUAU	PORTO DA MADEIRA		""	COLISÃO	BROSS X NISSAN	1	1								1		""	""	""	""	""	""	""	""	""	""	""	""	""
6144	2018-07-23T00:00:00	19:38:00	SEM VÍTIMA	CANCELADA	MUSTARDINHA	RUA ERNESTO CAVALCANTI	""	""	EM FRENTE A PRAÇA DO ABC BERANDO CANAL	RUA ERNESTO CAVALCANTI	""	EM FRENTE A PRAÇA DO ABC BERANDO CANAL	MUSTARDINHA		""	COLISÃO	GOL X FORD K OBS SUSPEITA DE ALCOOLISMO	2									0		""	""	""	""	""	""	""	""	""	""	""	""	""
6145	2018-07-23T00:00:00	19:45:00	SEM VÍTIMA	FINALIZADA	IMBIRIBEIRA	AV MARECHAL MASCARENHAS DE MORAES	3563	""	ENF A FARMACIA PAGUE MENOS SENTIDO AFOGADOS	AV MARECHAL MASCARENHAS DE MORAES	3563	ENF A FARMACIA PAGUE MENOS SENTIDO AFOGADOS	IMBIRIBEIRA		""	COLISÃO	VOYAGE X GOL	2									0		""	""	""	""	""	""	""	""	""	""	""	""	""
6146	2018-07-23T00:00:00	20:04:00	COM VÍTIMA	FINALIZADA	CIDADE UNIVERSITÁRIA	AV PROFESSOR ARTUR DE SA	1400	""	ENF AO HOSPITAL DAS CLINICAS PROX A RUA PROF. ANTONIO COELHO	AV PROFESSOR ARTUR DE SA	1400	ENF AO HOSPITAL DAS CLINICAS PROX A RUA PROF. ANTONIO COELHO	CIDADE UNIVERSITÁRIA		""	COLISÃO	MOTO X CORSA	1	1								1		""	""	""	""	""	""	""	""	""	""	""	""	""
6147	2018-07-23T00:00:00	20:23:00	SEM VÍTIMA	FINALIZADA	MORRO DA CONCEIÇÃO	AV NORTE	""	""	EM FRENTE A FARMACIA PAGUE MENOS SEMAFORO 079	AV NORTE	""	EM FRENTE A FARMACIA PAGUE MENOS SEMAFORO 079	MORRO DA CONCEIÇÃO		""	COLISÃO	ONIBUS E AUTO S/V	1					1				0		""	""	""	""	""	""	""	""	""	""	""	""	""
6148	2018-07-23T00:00:00	20:28:00	""	CANCELADA	VÁRZEA	AV PROFESSOR ARTUR DE SA	""	""	AO LADO DO HOSPITAL DAS CLINICAS	AV PROFESSOR ARTUR DE SA	""	AO LADO DO HOSPITAL DAS CLINICAS	VÁRZEA		""	COLISÃO	MOTO E AUTO C/V	1	1								1		""	""	""	""	""	""	""	""	""	""	""	""	""
6149	2018-07-23T00:00:00	21:58:00	SEM VÍTIMA	FINALIZADA	JAQUEIRA	AV PARNAMIRIM	""	""	PROXIMO AO CRUZAMENTO ANDRE CAVALCANTE /POR TRAZ DO POSTO SHELL	AV PARNAMIRIM	""	PROXIMO AO CRUZAMENTO ANDRE CAVALCANTE /POR TRAZ DO POSTO SHELL	JAQUEIRA		""	CHOQUE	CHOQUE/AUTO E ARVORE S/V	1								1	0		""	""	""	""	""	""	""	""	""	""	""	""	""
6150	2018-07-24T00:00:00	00:22:00	COM VÍTIMA	FINALIZADA	AFLITOS	AV SANTOS DUMONT	""	""	PROX A CASA ROSADA RECEPÇÕES, PROX A GALERIA D´BEL	AV SANTOS DUMONT	""	PROX A CASA ROSADA RECEPÇÕES, PROX A GALERIA D´BEL	AFLITOS		""	COLISÃO	COLISÃO ENTRE AUTO E MOTO C/V	1	1								2		""	""	""	""	""	""	""	""	""	""	""	""	""
6151	2018-07-24T00:00:00	06:46:00	SEM VÍTIMA	CANCELADA	MADALENA	AV BEIRA RIO	""	RUA JOSE OSORIO	CRUZ COM A RUA JOSE OSORIO	AV BEIRA RIO	""	CRUZ COM A RUA JOSE OSORIO	MADALENA		""	COLISÃO	COLISÃO SEM VITIMAS GM QTH	1	1								0		""	""	""	""	""	""	""	""	""	""	""	""	""
6152	2018-07-24T00:00:00	07:10:00	SEM VÍTIMA	FINALIZADA	ILHA DO RETIRO	RUA SPORT CLUBE DO RECIFE	""	""	EM FRENTE AO PORTÃO DO SPORT CLUBE DO RECIFE	RUA SPORT CLUBE DO RECIFE	""	EM FRENTE AO PORTÃO DO SPORT CLUBE DO RECIFE	ILHA DO RETIRO		""	COLISÃO	COLISÃO SEM VITIMAS	2									0		""	""	""	""	""	""	""	""	""	""	""	""	""
6153	2018-07-24T00:00:00	10:04:00	SEM VÍTIMA	FINALIZADA	GRAÇAS	RUA BRUNO MAIA	180	RUA JOAO RAMOS	COM A RUA JOAO RAMOS /	RUA BRUNO MAIA	180	COM A RUA JOAO RAMOS /	GRAÇAS		""	COLISÃO	DOIS AUTOS	2									0		""	""	""	""	""	""	""	""	""	""	""	""	""
6154	2018-07-24T00:00:00	10:34:00	SEM VÍTIMA	FINALIZADA	ARRUDA	AV PROFESSOR JOSE DOS ANJOS	""	EST VELHA DE AGUA FRIA	COM EST VELHA DE AGUA FRIA / SEMAFORO 306 / SENT SUB	AV PROFESSOR JOSE DOS ANJOS	""	COM EST VELHA DE AGUA FRIA / SEMAFORO 306 / SENT SUB	ARRUDA		""	COLISÃO	CAMINHAO E AUTO PASSEIO / VT 02 NO QTH	1						1			0		""	""	""	""	""	""	""	""	""	""	""	""	""
6155	2018-07-24T00:00:00	11:34:00	SEM VÍTIMA	FINALIZADA	TAMARINEIRA	AV CONS ROSA E SILVA	2091	""	EM FRENTE AO HOSPITAL DA TAMARINEIRA	AV CONS ROSA E SILVA	2091	EM FRENTE AO HOSPITAL DA TAMARINEIRA	TAMARINEIRA		""	COLISÃO	DOIS AUTOS	2									0		""	""	""	""	""	""	""	""	""	""	""	""	""
6156	2018-07-24T00:00:00	11:35:00	SEM VÍTIMA	FINALIZADA	BOA VIAGEM	RUA ERNESTO DE PAULA SANTOS	""	RUA BERNARDO SOUZA	NA DESCIDA DO VIADUTO TANCREDO NEVES CRUZ COM A RUA BERNARDO SOUZA EM FRENTE AO POSTO DE GASOLINA BR	RUA ERNESTO DE PAULA SANTOS	""	NA DESCIDA DO VIADUTO TANCREDO NEVES CRUZ COM A RUA BERNARDO SOUZA EM FRENTE AO POSTO DE GASOLINA BR	BOA VIAGEM		""	COLISÃO	COLISÃO SEM VITIMAS	2									0		""	""	""	""	""	""	""	""	""	""	""	""	""
6157	2018-07-24T00:00:00	11:40:00	SEM VÍTIMA	FINALIZADA	BOA VIAGEM	AV ENGENHEIRO DOMINGOS FERREIRA	2188	""	EM FRENTE A PADARIA AZUL MAR	AV ENGENHEIRO DOMINGOS FERREIRA	2188	EM FRENTE A PADARIA AZUL MAR	BOA VIAGEM		""	ENGAVETAMENTO	TRES AUTOS	3									0		""	""	""	""	""	""	""	""	""	""	""	""	""
6158	2018-07-24T00:00:00	12:09:00	SEM VÍTIMA	CANCELADA	BOA VIAGEM	AV FERNANDO SIMOES BARBOSA	22	""	ENTRE O WALMART E A GALERIA SANTO ANTONIO NO ESTACIONAMENTO DA GALERIA S/T VIA MANGUE	AV FERNANDO SIMOES BARBOSA	22	ENTRE O WALMART E A GALERIA SANTO ANTONIO NO ESTACIONAMENTO DA GALERIA S/T VIA MANGUE	BOA VIAGEM		""	COLISÃO	COLISAO ENTRE DOIS AUTO S/V	2									0		""	""	""	""	""	""	""	""	""	""	""	""	""
6159	2018-07-24T00:00:00	13:07:00	SEM VÍTIMA	FINALIZADA	SÃO JOSÉ	PRC DAS CINCO PONTAS	""	""	AO LADO DO FORTE DAS CINCO PONTAS, SENT. SUBURBIO	PRC DAS CINCO PONTAS	""	AO LADO DO FORTE DAS CINCO PONTAS, SENT. SUBURBIO	SÃO JOSÉ		""	COLISÃO	CAMINHÃO E AUTO	1						1			0		""	""	""	""	""	""	""	""	""	""	""	""	""
6160	2018-07-24T00:00:00	13:58:00	SEM VÍTIMA	FINALIZADA	DOIS IRMÃOS	PRQ DE DOIS IRMAOS	""	""	E/F AO LAFEPE	PRQ DE DOIS IRMAOS	""	E/F AO LAFEPE	DOIS IRMÃOS		""	COLISÃO	COLISAO ENTRE DOIS AUTOS S/V	2									0		""	""	""	""	""	""	""	""	""	""	""	""	""
6161	2018-07-24T00:00:00	14:43:00	SEM VÍTIMA	FINALIZADA	IPSEP	AV RECIFE	3460	""	NO SEMAFORO 247, PROX. A EMPRESA AÇO RECIFE	AV RECIFE	3460	NO SEMAFORO 247, PROX. A EMPRESA AÇO RECIFE	IPSEP		""	ENGAVETAMENTO	TRES AUTOS	3									0		""	""	""	""	""	""	""	""	""	""	""	""	""
6162	2018-07-24T00:00:00	14:48:00	SEM VÍTIMA	FINALIZADA	ILHA DO LEITE	VIADUTO CAPITAO TEMUDO	""	""	EM CIMA DO VIADUTO / SENTIDO OLINDA	VIADUTO CAPITAO TEMUDO	""	EM CIMA DO VIADUTO / SENTIDO OLINDA	ILHA DO LEITE		""	COLISÃO	COLISÃO SEM VITIMAS	3									0		""	""	""	""	""	""	""	""	""	""	""	""	""
6163	2018-07-24T00:00:00	15:42:00	SEM VÍTIMA	FINALIZADA	DOIS UNIDOS	AV HILDEBRANDO DE VASCONCELOS	113	""	EM FRENTE AO ARMAZEM MÃE RAINHA	AV HILDEBRANDO DE VASCONCELOS	113	EM FRENTE AO ARMAZEM MÃE RAINHA	DOIS UNIDOS		""	COLISÃO	COLISÃO SEM VÍTIMA	1					1				0		""	""	""	""	""	""	""	""	""	""	""	""	""
6164	2018-07-24T00:00:00	17:00:00	COM VÍTIMA	FINALIZADA	IPUTINGA	RUA ENGENHEIRO MOACYR PARAHYBA	""	""	PRÓXIMO A ESTRADA DO BARBALHO	RUA ENGENHEIRO MOACYR PARAHYBA	""	PRÓXIMO A ESTRADA DO BARBALHO	IPUTINGA		""	COLISÃO	COM VÍTIMA, SOCORRIDA PELO SAMU	1	1								1		""	""	""	""	""	""	""	""	""	""	""	""	""
6165	2018-07-24T00:00:00	17:07:00	SEM VÍTIMA	CANCELADA	IPUTINGA	AV HISTORIAD JORDAO EMERENCIANO	""	""	POR TRAS DO ATACADÃO RUA QUE DA ACESSO AO PORTAO DO FUNDO DO TACADACAO	AV HISTORIAD JORDAO EMERENCIANO	""	POR TRAS DO ATACADÃO RUA QUE DA ACESSO AO PORTAO DO FUNDO DO TACADACAO	IPUTINGA		""	COLISÃO	COLISAO ENTRE DOIS CAMINHOES S/V							2			0		""	""	""	""	""	""	""	""	""	""	""	""	""
6166	2018-07-24T00:00:00	17:14:00	SEM VÍTIMA	FINALIZADA	ENGENHO DO MEIO	RUA VALDEMAR FALCAO	133	RUA CARLOS DE BRITO	COM A RUA CARLOS DE BRITO, PROX. A ASSOCIAÇÃO ESPIRITA JESUS E KARDEC	RUA VALDEMAR FALCAO	133	COM A RUA CARLOS DE BRITO, PROX. A ASSOCIAÇÃO ESPIRITA JESUS E KARDEC	ENGENHO DO MEIO		""	COLISÃO	DOIS AUTOS	2									0		""	""	""	""	""	""	""	""	""	""	""	""	""
6167	2018-07-24T00:00:00	17:16:00	SEM VÍTIMA	FINALIZADA	JARDIM SÃO PAULO	AV LIBERDADE	440	""	EM FRENTE A BARBEARIA GENESIS	AV LIBERDADE	440	EM FRENTE A BARBEARIA GENESIS	JARDIM SÃO PAULO		""	COLISÃO	COLISÃO SEM VÍTIMA	1					1				0		""	""	""	""	""	""	""	""	""	""	""	""	""
6168	2018-07-24T00:00:00	17:25:00	SEM VÍTIMA	FINALIZADA	CORDEIRO	AV CAXANGA	""	""	LADO OPOSTO AO PARQUE DE EXPOSIÇÕES DO CORDEIRO, SENTIDO CIDADE	AV CAXANGA	""	LADO OPOSTO AO PARQUE DE EXPOSIÇÕES DO CORDEIRO, SENTIDO CIDADE	CORDEIRO		""	COLISÃO	COLISÃO SEM VÍTIMA	2									0		""	""	""	""	""	""	""	""	""	""	""	""	""
6169	2018-07-24T00:00:00	18:26:00	SEM VÍTIMA	FINALIZADA	JARDIM SÃO PAULO	RUA LORENA	30	""	ENTRADA DO PLANETA DOS MACACOC/PROX A CADEMIA WM	RUA LORENA	30	ENTRADA DO PLANETA DOS MACACOC/PROX A CADEMIA WM	JARDIM SÃO PAULO		""	ENGAVETAMENTO	TRES AUTOS S/V	3									0		""	""	""	""	""	""	""	""	""	""	""	""	""
6170	2018-07-24T00:00:00	20:53:00	SEM VÍTIMA	CANCELADA	BOA VIAGEM	RUA BRUNO VELOSO	""	""	DENTRO DO ESTACIONAMENTO DO SHOPING RECIFE/2 PISO AREA G	RUA BRUNO VELOSO	""	DENTRO DO ESTACIONAMENTO DO SHOPING RECIFE/2 PISO AREA G	BOA VIAGEM		""	COLISÃO	DOIS AUTOS	2									0		""	""	""	""	""	""	""	""	""	""	""	""	""
6171	2018-07-24T00:00:00	22:16:00	SEM VÍTIMA	FINALIZADA	ESPINHEIRO	RUA CONS PORTELA	678	RUA CARNEIRO VILELA	CRUZAMENTO COM A RUA CARNEIRO VILELA	RUA CONS PORTELA	678	CRUZAMENTO COM A RUA CARNEIRO VILELA	ESPINHEIRO		""	COLISÃO	SAVEIRO X PRISMA	2									0		""	""	""	""	""	""	""	""	""	""	""	""	""
6172	2018-07-24T00:00:00	23:49:00	SEM VÍTIMA	FINALIZADA	DOIS IRMÃOS	RUA MANUEL DE MEDEIROS	""	""	S/T CAMARAGIBE PROX AO BAR DA CURVA	RUA MANUEL DE MEDEIROS	""	S/T CAMARAGIBE PROX AO BAR DA CURVA	DOIS IRMÃOS		""	COLISÃO	AUTOS S/V	2									0		""	""	""	""	""	""	""	""	""	""	""	""	""
6173	2018-07-25T00:00:00	00:32:00	COM VÍTIMA	FINALIZADA	ENCRUZILHADA	RUA CASTRO ALVES	""	EST BELEM	CRUZAMENTO COM A ESTR. DE BELÉM, EM FRENTE AO BANCO ITAÚ	RUA CASTRO ALVES	""	CRUZAMENTO COM A ESTR. DE BELÉM, EM FRENTE AO BANCO ITAÚ	ENCRUZILHADA		""	COLISÃO	COLISÃO ENTRE AUTO E MOTO C/V	1	1								1		""	""	""	""	""	""	""	""	""	""	""	""	""
6174	2018-07-25T00:00:00	06:28:00	SEM VÍTIMA	CANCELADA	PARNAMIRIM	AV PARNAMIRIM	""	""	ENFRENTE AO SANTANDER	AV PARNAMIRIM	""	ENFRENTE AO SANTANDER	PARNAMIRIM		""	COLISÃO	COLISÃO SEM VITIMAS	1								1	0		""	""	""	""	""	""	""	""	""	""	""	""	""
6175	2018-07-25T00:00:00	06:50:00	SEM VÍTIMA	FINALIZADA	BOA VIAGEM	RUA SA E SOUZA	263	""	E/F AO EDF. MIRAMAR CLASSIC	RUA SA E SOUZA	263	E/F AO EDF. MIRAMAR CLASSIC	BOA VIAGEM		""	COLISÃO	SEM VÍTIMAS	2						1			0		""	""	""	""	""	""	""	""	""	""	""	""	""
6176	2018-07-25T00:00:00	07:58:00	SEM VÍTIMA	FINALIZADA	PINA	AV ANTONIO DE GOES	""	""	EM CIMA DA PONTE GOVERNADOR AGAMENON MAGALHAES	AV ANTONIO DE GOES	""	EM CIMA DA PONTE GOVERNADOR AGAMENON MAGALHAES	PINA		""	COLISÃO	COLISÃO SEM VITIMAS GM QTH	3									0		""	""	""	""	""	""	""	""	""	""	""	""	""