_id	DATA	hora	natureza_acidente	situacao	bairro	endereco	numero	detalhe_endereco_acidente	complemento	endereco_cruzamento	numero_cruzamento	referencia_cruzamento	bairro_cruzamento	num_semaforo	sentido_via	tipo	descricao	auto	moto	ciclom	ciclista	pedestre	onibus	caminhao	viatura	outros	vitimas	vitimasfatais	acidente_verificado	tempo_clima	situacao_semaforo	sinalizacao	condicao_via	conservacao_via	ponto_controle	situacao_placa	velocidade_max_via	mao_direcao	divisao_via1	divisao_via2	divisao_via3
6177	2018-07-25T00:00:00	08:43:00	SEM VÍTIMA	FINALIZADA	BOA VIAGEM	RUA ERNESTO DE PAULA SANTOS	960	""	SEMAFORO 330	RUA ERNESTO DE PAULA SANTOS	960	SEMAFORO 330	BOA VIAGEM		""	COLISÃO	DOIS AUTOS S/V	2									0		""	""	""	""	""	""	""	""	""	""	""	""	""
6178	2018-07-25T00:00:00	09:15:00	SEM VÍTIMA	FINALIZADA	ROSARINHO	AV NORTE	""	""	SENTIDO CIDADE, E/F A YES FIT	AV NORTE	""	SENTIDO CIDADE, E/F A YES FIT	ROSARINHO		""	COLISÃO	SEM VÍTIMAS. VT 08 NO LOCAL.	2									0		""	""	""	""	""	""	""	""	""	""	""	""	""
6179	2018-07-25T00:00:00	09:49:00	SEM VÍTIMA	PENDENTE	BOA VIAGEM	AV CONSELHEIRO AGUIAR	""	""	NA FRENTE DA CAIXA ECONOMICA	AV CONSELHEIRO AGUIAR	""	NA FRENTE DA CAIXA ECONOMICA	BOA VIAGEM		""	COLISÃO	COLISÃO SEM VITIMAS	3									0		""	""	""	""	""	""	""	""	""	""	""	""	""
6180	2018-07-25T00:00:00	09:59:00	SEM VÍTIMA	FINALIZADA	ILHA DO LEITE	AV GOVERNADOR AGAMENON MAGALHAES	905	""	E/F A UNIMED CRIANÇA. SENTIDO BOA VIAGEM	AV GOVERNADOR AGAMENON MAGALHAES	905	E/F A UNIMED CRIANÇA. SENTIDO BOA VIAGEM	ILHA DO LEITE		""	COLISÃO	SEM VÍTIMAS	2									0		""	""	""	""	""	""	""	""	""	""	""	""	""
6181	2018-07-25T00:00:00	10:07:00	COM VÍTIMA	FINALIZADA	SÃO JOSÉ	AV SUL	S/N	""	SEMÁFORO Nº 311 / POSTO BR	AV SUL	S/N	SEMÁFORO Nº 311 / POSTO BR	SÃO JOSÉ		""	COLISÃO	COLISÃO COM VÍTIMA	1		1							2		""	""	""	""	""	""	""	""	""	""	""	""	""
6182	2018-07-25T00:00:00	10:22:00	COM VÍTIMA	CANCELADA	IMBIRIBEIRA	AV MARECHAL MASCARENHAS DE MORAES	""	""	EM FRENTE À MARAVILHA MOTOS	AV MARECHAL MASCARENHAS DE MORAES	""	EM FRENTE À MARAVILHA MOTOS	IMBIRIBEIRA		""	COLISÃO	AUTO E MOTO COM VÍTIMA	1	1								1		""	""	""	""	""	""	""	""	""	""	""	""	""
6183	2018-07-25T00:00:00	10:49:00	SEM VÍTIMA	FINALIZADA	DERBY	RUA FELICIANO GOMES	342	""	E/F AO GILSON CIDRIM	RUA FELICIANO GOMES	342	E/F AO GILSON CIDRIM	DERBY		""	COLISÃO	SEM VÍTIMAS	2									0		""	""	""	""	""	""	""	""	""	""	""	""	""
6184	2018-07-25T00:00:00	11:03:00	SEM VÍTIMA	FINALIZADA	CAXANGÁ	AV CAXANGA	4500	""	PROX. AO GOLF, SENTIDO CAMARAGIBE	AV CAXANGA	4500	PROX. AO GOLF, SENTIDO CAMARAGIBE	CAXANGÁ		""	COLISÃO	COLISÃO SEM VITIMAS	2									0		""	""	""	""	""	""	""	""	""	""	""	""	""
6185	2018-07-25T00:00:00	11:09:00	SEM VÍTIMA	FINALIZADA	BOA VIAGEM	AV CONSELHEIRO AGUIAR	1052	""	EM FRENTE A LOJA ROLEX	AV CONSELHEIRO AGUIAR	1052	EM FRENTE A LOJA ROLEX	BOA VIAGEM		""	COLISÃO	COLISÃO SEM VITIMAS	1					1				0		""	""	""	""	""	""	""	""	""	""	""	""	""
6186	2018-07-25T00:00:00	11:13:00	SEM VÍTIMA	FINALIZADA	CAMPO GRANDE	RUA MARQUES DE ABRANTES	163	""	NA RUA DO POSTO TOTAL	RUA MARQUES DE ABRANTES	163	NA RUA DO POSTO TOTAL	CAMPO GRANDE		""	COLISÃO	COLISÃO SEM VITIMAS	1						1			0		""	""	""	""	""	""	""	""	""	""	""	""	""
6187	2018-07-25T00:00:00	12:04:00	COM VÍTIMA	FINALIZADA	BOA VIAGEM	RUA JOAO CARDOSO AIRES	501	""	AO LADO DA PIZZARIA PARQUE DA PIZZA	RUA JOAO CARDOSO AIRES	501	AO LADO DA PIZZARIA PARQUE DA PIZZA	BOA VIAGEM		""	COLISÃO	COLISAO ENTRE DUAS MOTOS S/V		2								1		""	""	""	""	""	""	""	""	""	""	""	""	""
6188	2018-07-25T00:00:00	12:24:00	SEM VÍTIMA	FINALIZADA	ESPINHEIRO	AV JOAO DE BARROS	1179	""	EM FRENTE AO POSTO BR, APOS A PONTE DA AGAMENON, PRIMEIRO POSTO A DIREITA	AV JOAO DE BARROS	1179	EM FRENTE AO POSTO BR, APOS A PONTE DA AGAMENON, PRIMEIRO POSTO A DIREITA	ESPINHEIRO		""	COLISÃO	DOIS AUTOS S/	2									0		""	""	""	""	""	""	""	""	""	""	""	""	""
6189	2018-07-25T00:00:00	13:40:00	SEM VÍTIMA	FINALIZADA	IPSEP	RUA HELIO BRANDAO	168	""	EM FRENTE AO CHAMBARIL DO JOAO	RUA HELIO BRANDAO	168	EM FRENTE AO CHAMBARIL DO JOAO	IPSEP		""	COLISÃO	DOIS AUTOS	2									0		""	""	""	""	""	""	""	""	""	""	""	""	""
6190	2018-07-25T00:00:00	14:36:00	COM VÍTIMA	FINALIZADA	ILHA DO LEITE	RUA GENERAL JOAQUIM INACIO	""	""	E/F A FARMACIA INDEPENDENTE	RUA GENERAL JOAQUIM INACIO	""	E/F A FARMACIA INDEPENDENTE	ILHA DO LEITE		""	COLISÃO	COLISAO ENTRE MOTO E ONIBUS COM UMA VITIMA		1				1				1		""	""	""	""	""	""	""	""	""	""	""	""	""
6191	2018-07-25T00:00:00	15:10:00	SEM VÍTIMA	EQUIPE EM DESLOCAMENTO	SANTO ANTÔNIO	RUA DO SOL	""	""	POR TRAS DO TEATRO SANTA IZABEL	RUA DO SOL	""	POR TRAS DO TEATRO SANTA IZABEL	SANTO ANTÔNIO		""	COLISÃO	COLISAO ENTRE ONIBUS E AUTO S/V	1					1				0		""	""	""	""	""	""	""	""	""	""	""	""	""
6192	2018-07-25T00:00:00	15:17:00	SEM VÍTIMA	FINALIZADA	IMBIRIBEIRA	AV MARECHAL MASCARENHAS DE MORAES	""	""	APOS O AEROPORTO, SENTIDO AFOGADOS, EM FRENTE A JUSTIÇA DO TRABALHO, ANTES DO VIADUTO QUE VAI PARA O ATACADO	AV MARECHAL MASCARENHAS DE MORAES	""	APOS O AEROPORTO, SENTIDO AFOGADOS, EM FRENTE A JUSTIÇA DO TRABALHO, ANTES DO VIADUTO QUE VAI PARA O ATACADO	IMBIRIBEIRA		""	COLISÃO	CARRETA E MOTO S/V		1					1			0		""	""	""	""	""	""	""	""	""	""	""	""	""
6193	2018-07-25T00:00:00	22:45:00	SEM VÍTIMA	FINALIZADA	LINHA DO TIRO	RUA URIEL DE HOLANDA	1454	""	E/F A PADARIA PÃO DE OURO	RUA URIEL DE HOLANDA	1454	E/F A PADARIA PÃO DE OURO	LINHA DO TIRO		""	COLISÃO	ENTRE 2 AUTOS. S/V	2									0		""	""	""	""	""	""	""	""	""	""	""	""	""
6194	2018-07-26T00:00:00	07:14:00	COM VÍTIMA	FINALIZADA	SANTO AMARO	AV CRUZ CABUGA	""	RUA FREI CASSIMIRO	CRUZAMENTO COM A RUA FREI CASSIMIRO	AV CRUZ CABUGA	""	CRUZAMENTO COM A RUA FREI CASSIMIRO	SANTO AMARO		""	COLISÃO	COM UMA VITIMA,REGISTRO FEITO COM O APOIO DO COORDENADOR	1	1								1		""	""	""	""	""	""	""	""	""	""	""	""	""
6195	2018-07-26T00:00:00	07:54:00	SEM VÍTIMA	FINALIZADA	CAXANGÁ	AV CAXANGA	5584	""	APOS O GOLF CLUBE SENTIDO CIDADE SUBRUBIO EM FRENTE A ASSEMBLEIA DE DEUS	AV CAXANGA	5584	APOS O GOLF CLUBE SENTIDO CIDADE SUBRUBIO EM FRENTE A ASSEMBLEIA DE DEUS	CAXANGÁ		""	COLISÃO	COLISÃO SEM VITIMAS	2					1				0		""	""	""	""	""	""	""	""	""	""	""	""	""
6196	2018-07-26T00:00:00	08:06:00	SEM VÍTIMA	FINALIZADA	ENGENHO DO MEIO	RUA BOM PASTOR	1635	""	HA 400 METROS DO PRESIDIO DE MULHERES	RUA BOM PASTOR	1635	HA 400 METROS DO PRESIDIO DE MULHERES	ENGENHO DO MEIO		""	COLISÃO	SEM VITIMAS	2									0		""	""	""	""	""	""	""	""	""	""	""	""	""
6197	2018-07-26T00:00:00	08:08:00	SEM VÍTIMA	FINALIZADA	FUNDÃO	AV BEBERIBE	2665	""	E/F A GRAVATÁ MÓVEIS. SEMÁFORO 307 SENTIDO CIDADE	AV BEBERIBE	2665	E/F A GRAVATÁ MÓVEIS. SEMÁFORO 307 SENTIDO CIDADE	FUNDÃO		""	COLISÃO	SEM VÍTIMAS. VT 09 NO LOCAL						1	1			0		""	""	""	""	""	""	""	""	""	""	""	""	""
6198	2018-07-26T00:00:00	08:47:00	SEM VÍTIMA	FINALIZADA	CAMPO GRANDE	RUA FRANKLIN TAVORA	""	RUA OLIVEIRA FONSECA	CRUZ COM A RUA OLIVEIRA FONSECA EM FRENTE AO COLEGIO MARIO MELO	RUA FRANKLIN TAVORA	""	CRUZ COM A RUA OLIVEIRA FONSECA EM FRENTE AO COLEGIO MARIO MELO	CAMPO GRANDE		""	COLISÃO	COLISÃO SEM VITIMAS	1						1			0		""	""	""	""	""	""	""	""	""	""	""	""	""
6199	2018-07-26T00:00:00	09:45:00	SEM VÍTIMA	FINALIZADA	SANTO AMARO	AV GOVERNADOR AGAMENON MAGALHAES	185	""	SENTIDO OLINDA, SEMÁFORO 378. APÓS O VIADUTO DA JOÃO DE BARROS.	AV GOVERNADOR AGAMENON MAGALHAES	185	SENTIDO OLINDA, SEMÁFORO 378. APÓS O VIADUTO DA JOÃO DE BARROS.	SANTO AMARO		""	COLISÃO	SEM VÍTIMAS	2									0		""	""	""	""	""	""	""	""	""	""	""	""	""
6200	2018-07-26T00:00:00	10:16:00	SEM VÍTIMA	CANCELADA	BAIRRO DO RECIFE	RUA DE SAO JORGE	""	""	POR TRAS DA RECEITA FEDERAL EM FRENTE A CAPITANIA DOS PORTOS	RUA DE SAO JORGE	""	POR TRAS DA RECEITA FEDERAL EM FRENTE A CAPITANIA DOS PORTOS	BAIRRO DO RECIFE		""	COLISÃO	COLISÃO SEM VITIMAS	2									0		""	""	""	""	""	""	""	""	""	""	""	""	""
6201	2018-07-26T00:00:00	10:50:00	COM VÍTIMA	FINALIZADA	TAMARINEIRA	RUA CONEGO BARATA	""	""	AO LADO DA FERREIRA COSTA	RUA CONEGO BARATA	""	AO LADO DA FERREIRA COSTA	TAMARINEIRA		""	ATROPELAMENTO	VITIMA SOCORRIDA PELO SAMU	1				1					1		""	""	""	""	""	""	""	""	""	""	""	""	""
6202	2018-07-26T00:00:00	11:08:00	SEM VÍTIMA	FINALIZADA	ENGENHO DO MEIO	RUA ARARUNA	343	RUA CARLOS DE BRITO	COM A RUA CARLOS DE BRITO	RUA ARARUNA	343	COM A RUA CARLOS DE BRITO	ENGENHO DO MEIO		""	COLISÃO	AUTO E CAMINHAO	1						1			0		""	""	""	""	""	""	""	""	""	""	""	""	""
6203	2018-07-26T00:00:00	11:08:00	COM VÍTIMA	FINALIZADA	AFOGADOS	RUA SAO MIGUEL	27	""	E/F A CASA DO BOLO	RUA SAO MIGUEL	27	E/F A CASA DO BOLO	AFOGADOS		""	ATROPELAMENTO	COM UMA VÍTIMA					1	1				1		""	""	""	""	""	""	""	""	""	""	""	""	""
6204	2018-07-26T00:00:00	11:16:00	SEM VÍTIMA	FINALIZADA	COELHOS	RUA CAPITAO JOSE DA LUZ	137	""	EM FRENTE AO EDF CERVANTES,RUA DO ESTACIONAMENTO DO IMIP	RUA CAPITAO JOSE DA LUZ	137	EM FRENTE AO EDF CERVANTES,RUA DO ESTACIONAMENTO DO IMIP	COELHOS		""	COLISÃO	SEM VITIMAS	2									0		""	""	""	""	""	""	""	""	""	""	""	""	""
6205	2018-07-26T00:00:00	11:25:00	SEM VÍTIMA	FINALIZADA	IMBIRIBEIRA	AV MARECHAL MASCARENHAS DE MORAES	""	""	SEMÁFORO 225, SENTIDO AEROPORTO. E/F AO BANCO ITAU	AV MARECHAL MASCARENHAS DE MORAES	""	SEMÁFORO 225, SENTIDO AEROPORTO. E/F AO BANCO ITAU	IMBIRIBEIRA		""	COLISÃO	SEM VÍTIMAS	2									0		""	""	""	""	""	""	""	""	""	""	""	""	""
6206	2018-07-26T00:00:00	11:27:00	SEM VÍTIMA	FINALIZADA	IMBIRIBEIRA	AV MARECHAL MASCARENHAS DE MORAES	""	RUA ITACARI	SENTIDO AEROPORTO AO LADO DO BANCO ITAU PARALELA COM A RUA ITACARI	AV MARECHAL MASCARENHAS DE MORAES	""	SENTIDO AEROPORTO AO LADO DO BANCO ITAU PARALELA COM A RUA ITACARI	IMBIRIBEIRA		""	COLISÃO	COLISÃO SEM VITIMAS	3									0		""	""	""	""	""	""	""	""	""	""	""	""	""
6207	2018-07-26T00:00:00	11:42:00	COM VÍTIMA	FINALIZADA	ENCRUZILHADA	RUA CASTRO ALVES	""	AV JOAO DE BARROS	CRUZAMENTO COM A AV JOÃO DE BARROS,SEMAFORO 042	RUA CASTRO ALVES	""	CRUZAMENTO COM A AV JOÃO DE BARROS,SEMAFORO 042	ENCRUZILHADA		""	COLISÃO	COM DUAS VITIMAS							1		1	2		""	""	""	""	""	""	""	""	""	""	""	""	""
6208	2018-07-26T00:00:00	11:59:00	SEM VÍTIMA	FINALIZADA	BOA VIAGEM	RUA DOS NAVEGANTES	865	""	E/F AO EDF VAUTHIER	RUA DOS NAVEGANTES	865	E/F AO EDF VAUTHIER	BOA VIAGEM		""	COLISÃO	COLISAO ENTRE DOIS AUTOS S/V	2									0		""	""	""	""	""	""	""	""	""	""	""	""	""
6209	2018-07-26T00:00:00	12:26:00	SEM VÍTIMA	FINALIZADA	SANTO AMARO	AV GOVERNADOR AGAMENON MAGALHAES	""	""	NA FRENTE DO I.C	AV GOVERNADOR AGAMENON MAGALHAES	""	NA FRENTE DO I.C	SANTO AMARO		""	COLISÃO	COLISÃO SEM VITIMAS	1	1								0		""	""	""	""	""	""	""	""	""	""	""	""	""
6210	2018-07-26T00:00:00	13:06:00	SEM VÍTIMA	FINALIZADA	TORRE	RUA DOS ARTISTAS	""	""	POR TRAS DO CARRFOUR	RUA DOS ARTISTAS	""	POR TRAS DO CARRFOUR	TORRE		""	COLISÃO	COLISAO ENTRE DOIS AUTOS S/V	2									0		""	""	""	""	""	""	""	""	""	""	""	""	""
6211	2018-07-26T00:00:00	13:15:00	SEM VÍTIMA	FINALIZADA	AREIAS	AV RECIFE	""	""	NA FRENTE DO MAKRO, SENTIDO BOA VIAGEM	AV RECIFE	""	NA FRENTE DO MAKRO, SENTIDO BOA VIAGEM	AREIAS		""	COLISÃO	COLISÃO SEM VITIMAS	2									0		""	""	""	""	""	""	""	""	""	""	""	""	""
6212	2018-07-26T00:00:00	13:15:00	SEM VÍTIMA	FINALIZADA	DERBY	RUA HENRIQUE DIAS	303	AV GOV AGAMENON MAGALHAES	CRUZ COM A AV AGAMENON MAGALHAES PROX AO RESTAURANTE SPETTUS	RUA HENRIQUE DIAS	303	CRUZ COM A AV AGAMENON MAGALHAES PROX AO RESTAURANTE SPETTUS	DERBY		""	COLISÃO	COLISÃO SM VITIMAS	2									0		""	""	""	""	""	""	""	""	""	""	""	""	""
6213	2018-07-26T00:00:00	13:30:00	COM VÍTIMA	FINALIZADA	DERBY	RUA JOAQUIM NABUCO	""	""	NA FRENTE DO DERBY CENTER	RUA JOAQUIM NABUCO	""	NA FRENTE DO DERBY CENTER	DERBY		""	ATROPELAMENTO	A VITIMA ESTA PEDINDO NA VIA.	1				1					1		""	""	""	""	""	""	""	""	""	""	""	""	""
6214	2018-07-26T00:00:00	13:54:00	SEM VÍTIMA	FINALIZADA	VÁRZEA	AV AFONSO OLINDENSE	""	""	E/F A LOMBADA ELETRONICA	AV AFONSO OLINDENSE	""	E/F A LOMBADA ELETRONICA	VÁRZEA		""	COLISÃO	COLISAO ENTRE DOIS AUTOS S/V	2									0		""	""	""	""	""	""	""	""	""	""	""	""	""
6215	2018-07-26T00:00:00	14:40:00	SEM VÍTIMA	FINALIZADA	VÁRZEA	RUA DAS LEVADAS	184	""	RESIDENCIA PROX AO INSTITUTO BRENNAND	RUA DAS LEVADAS	184	RESIDENCIA PROX AO INSTITUTO BRENNAND	VÁRZEA		""	COLISÃO	COLISÃO SEM VITIMAS										0		""	""	""	""	""	""	""	""	""	""	""	""	""
6216	2018-07-26T00:00:00	14:41:00	SEM VÍTIMA	FINALIZADA	SANTO AMARO	AV VISCONDE DE SUASSUNA	338	""	ANTES DO SENAC	AV VISCONDE DE SUASSUNA	338	ANTES DO SENAC	SANTO AMARO		""	COLISÃO	COLISAO ENTRE CAMINHAO E AUTO S/V	1						1			0		""	""	""	""	""	""	""	""	""	""	""	""	""
6217	2018-07-26T00:00:00	15:20:00	SEM VÍTIMA	FINALIZADA	AREIAS	AV RECIFE	868	""	NA FRENTE A PAGUE MENOS DA AV REIFE, SENTIDO BOA VAGEM	AV RECIFE	868	NA FRENTE A PAGUE MENOS DA AV REIFE, SENTIDO BOA VAGEM	AREIAS		""	COLISÃO	COLISÃO SEM VITIMAS	2									0		""	""	""	""	""	""	""	""	""	""	""	""	""
6218	2018-07-26T00:00:00	16:01:00	SEM VÍTIMA	FINALIZADA	CASA AMARELA	RUA SENADOR SOARES MEIRELES	350	""	EM FRENTE A FARMACIA DO TRABALHADOR E A PADARIA APOLO	RUA SENADOR SOARES MEIRELES	350	EM FRENTE A FARMACIA DO TRABALHADOR E A PADARIA APOLO	CASA AMARELA		""	COLISÃO	COLISÃO SEM VITIMAS OBS UM DOS CONDUTORES ENCONTRA SE COM SINTOMAS DE EMBRIAGUEZ	2									0		""	""	""	""	""	""	""	""	""	""	""	""	""
6219	2018-07-26T00:00:00	16:49:00	SEM VÍTIMA	FINALIZADA	AFOGADOS	RUA VINTE E UM DE ABRIL	2D	""	EM FRENTE A DISTRIBUIDORA VINTE UM DE ABRIL	RUA VINTE E UM DE ABRIL	2D	EM FRENTE A DISTRIBUIDORA VINTE UM DE ABRIL	AFOGADOS		""	COLISÃO	COLISÃO SEM VITIMAS	1					1				0		""	""	""	""	""	""	""	""	""	""	""	""	""
6220	2018-07-26T00:00:00	17:24:00	COM VÍTIMA	CANCELADA	IPSEP	RUA HELIO BRANDAO	320	""	ERSIDENCIA AO LADO DA IGREJA CATOLICA	RUA HELIO BRANDAO	320	ERSIDENCIA AO LADO DA IGREJA CATOLICA	IPSEP		""	COLISÃO	COLISÃO COM VITIMA A ESPERA DO SAMU	1						1			1		""	""	""	""	""	""	""	""	""	""	""	""	""
6221	2018-07-26T00:00:00	18:06:00	SEM VÍTIMA	FINALIZADA	BOA VIAGEM	RUA JOAQUIM CARNEIRO DA SILVA	54	""	PRÓX A AUTO PARVI / E/F AO ESTUDIO ARRAZOS	RUA JOAQUIM CARNEIRO DA SILVA	54	PRÓX A AUTO PARVI / E/F AO ESTUDIO ARRAZOS	BOA VIAGEM		""	ENGAVETAMENTO	ENTRE 3 AUTOS. AS/V	3									0		""	""	""	""	""	""	""	""	""	""	""	""	""
6222	2018-07-26T00:00:00	18:12:00	SEM VÍTIMA	FINALIZADA	ESPINHEIRO	RUA SANTO ELIAS	175	""	EDF. ATALO PROX AO SHPPING DE ESPINHEIRO	RUA SANTO ELIAS	175	EDF. ATALO PROX AO SHPPING DE ESPINHEIRO	ESPINHEIRO		""	COLISÃO	AUTO X MOTO	1	1								0		""	""	""	""	""	""	""	""	""	""	""	""	""
6223	2018-07-26T00:00:00	18:32:00	SEM VÍTIMA	FINALIZADA	BOA VIAGEM	RUA CAPITAO ZUZINHA	231	RUA DONA UZINHA NUNES	CRUZ COM A R DONA UZINHA NUNES / PRÓX A POUSADA VITORIA	RUA CAPITAO ZUZINHA	231	CRUZ COM A R DONA UZINHA NUNES / PRÓX A POUSADA VITORIA	BOA VIAGEM		""	COLISÃO	ENTRE ÕNIBUS E AUTO. S/V	1					1				0		""	""	""	""	""	""	""	""	""	""	""	""	""
6224	2018-07-26T00:00:00	18:34:00	COM VÍTIMA	FINALIZADA	CASA AMARELA	AV NORTE	""	""	ENF AO REI DA PICANHA SENTIDO CIDADE	AV NORTE	""	ENF AO REI DA PICANHA SENTIDO CIDADE	CASA AMARELA		""	ATROPELAMENTO	MOTO X PEDESTRE OBS:: VT 06 DA CTTU ESTA NO LOCAL	1				1					1		""	""	""	""	""	""	""	""	""	""	""	""	""
6225	2018-07-26T00:00:00	18:50:00	COM VÍTIMA	FINALIZADA	AREIAS	AV TENENTE FELIPE BANDEIRA DE MELO	3985	""	E/F AO WALMART DA AV RECIFE	AV TENENTE FELIPE BANDEIRA DE MELO	3985	E/F AO WALMART DA AV RECIFE	AREIAS		""	COLISÃO	CARRO X MOTO COM DUAS VITIMAS	1	1								2		""	""	""	""	""	""	""	""	""	""	""	""	""
6226	2018-07-26T00:00:00	18:58:00	SEM VÍTIMA	FINALIZADA	BOA VISTA	RUA DA AURORA	1939	""	PROX AO RECIFE PLAZA HOTEL	RUA DA AURORA	1939	PROX AO RECIFE PLAZA HOTEL	BOA VISTA		""	COLISÃO	ONIX X SANDERO	2									0		""	""	""	""	""	""	""	""	""	""	""	""	""
6227	2018-07-26T00:00:00	19:00:00	SEM VÍTIMA	FINALIZADA	BOA VIAGEM	AV ENGENHEIRO DOMINGOS FERREIRA	""	""	E/F A PRAÇA DO PONTEIO, SNT PIEDADE	AV ENGENHEIRO DOMINGOS FERREIRA	""	E/F A PRAÇA DO PONTEIO, SNT PIEDADE	BOA VIAGEM		""	COLISÃO	ENTRE AUTO E ÔNIBUS. S/V	1					1				0		""	""	""	""	""	""	""	""	""	""	""	""	""
6228	2018-07-26T00:00:00	19:46:00	SEM VÍTIMA	FINALIZADA	IMBIRIBEIRA	RUA SARGENTO SILVIO DELMAR HOLLEMBACH	""	""	POR TRAS DA FACULDADE UNIVERSO NO PORTAO DO ESTACIONAMENTO	RUA SARGENTO SILVIO DELMAR HOLLEMBACH	""	POR TRAS DA FACULDADE UNIVERSO NO PORTAO DO ESTACIONAMENTO	IMBIRIBEIRA		""	COLISÃO	AUTO X MOTO	1	1								0		""	""	""	""	""	""	""	""	""	""	""	""	""
6229	2018-07-26T00:00:00	22:03:00	SEM VÍTIMA	FINALIZADA	ENCRUZILHADA	AV NORTE	S/N	""	AV. JOÃO DE BARROS	AV NORTE	S/N	AV. JOÃO DE BARROS	ENCRUZILHADA		""	COLISÃO	COLISÃO NA ENTRADA DO CRUZAMENTO	1					1				0		""	""	""	""	""	""	""	""	""	""	""	""	""
6230	2018-07-26T00:00:00	22:22:00	SEM VÍTIMA	CANCELADA	JARDIM SÃO PAULO	AV SAO PAULO	""	""	E/F A PRC JARDIM SP E FARMACIA REDMED	AV SAO PAULO	""	E/F A PRC JARDIM SP E FARMACIA REDMED	JARDIM SÃO PAULO		""	COLISÃO	ENTRE 2 AUTOS. S/V	2									0		""	""	""	""	""	""	""	""	""	""	""	""	""
6231	2018-07-26T00:00:00	22:36:00	COM VÍTIMA	FINALIZADA	COQUEIRAL	RUA DA CUSTODIA	186	""	ENF A LANCHONETE ZEQUINHA	RUA DA CUSTODIA	186	ENF A LANCHONETE ZEQUINHA	COQUEIRAL		""	ATROPELAMENTO	MOTO X CRIANÇA		1			1					1		""	""	""	""	""	""	""	""	""	""	""	""	""
6232	2018-07-27T00:00:00	08:27:00	SEM VÍTIMA	FINALIZADA	DERBY	AV GOVERNADOR AGAMENON MAGALHAES	""	""	SEMAFORO 068 / SENT CIDADE	AV GOVERNADOR AGAMENON MAGALHAES	""	SEMAFORO 068 / SENT CIDADE	DERBY		""	COLISÃO	CAMINHAO E AUTO PASSEIO	1					1				0		""	""	""	""	""	""	""	""	""	""	""	""	""
6233	2018-07-27T00:00:00	08:27:00	COM VÍTIMA	FINALIZADA	BOA VIAGEM	RUA ERNESTO DE PAULA SANTOS	1277	""	E/ F A AGENCIA DOS CORREIOS, SENTIDO PRAIA. APÓS O VIADUTO TANCREDO NEVES	RUA ERNESTO DE PAULA SANTOS	1277	E/ F A AGENCIA DOS CORREIOS, SENTIDO PRAIA. APÓS O VIADUTO TANCREDO NEVES	BOA VIAGEM		""	COLISÃO	COM UMA VÍTIMA.		2								1		""	""	""	""	""	""	""	""	""	""	""	""	""
6234	2018-07-27T00:00:00	08:35:00	COM VÍTIMA	FINALIZADA	BARRO	AV DR JOSE RUFINO	""	""	E/F A IGREJA CATOLICA DO BARRO, E A PANIFICADORA TONNY ALBUQUERQUE	AV DR JOSE RUFINO	""	E/F A IGREJA CATOLICA DO BARRO, E A PANIFICADORA TONNY ALBUQUERQUE	BARRO		""	COLISÃO	COM UMA VÍTIMA	1	1								1		""	""	""	""	""	""	""	""	""	""	""	""	""
6235	2018-07-27T00:00:00	09:01:00	SEM VÍTIMA	FINALIZADA	ARRUDA	AV PROFESSOR JOSE DOS ANJOS	186	""	AO LADO DO ESTADIO DO ARRUDA, NO SEMAFORO 554	AV PROFESSOR JOSE DOS ANJOS	186	AO LADO DO ESTADIO DO ARRUDA, NO SEMAFORO 554	ARRUDA		""	COLISÃO	AUTO E CAMINHÃO	1						1			0		""	""	""	""	""	""	""	""	""	""	""	""	""
6236	2018-07-27T00:00:00	09:10:00	SEM VÍTIMA	FINALIZADA	BOA VIAGEM	AV CONSELHEIRO AGUIAR	2333	""	EM FRENTE A GALERIA EMPRESARIAL JOÃO ROMA	AV CONSELHEIRO AGUIAR	2333	EM FRENTE A GALERIA EMPRESARIAL JOÃO ROMA	BOA VIAGEM		""	COLISÃO	SEM VITIMAS	2									0		""	""	""	""	""	""	""	""	""	""	""	""	""
6237	2018-07-27T00:00:00	09:11:00	SEM VÍTIMA	FINALIZADA	BOA VIAGEM	RUA TENENTE JOAO CICERO	""	""	RUA MINISTRO NELSON HUNGRIA	RUA TENENTE JOAO CICERO	""	RUA MINISTRO NELSON HUNGRIA	BOA VIAGEM		""	COLISÃO	COLISÃO SEM VITIMA	3									0		""	""	""	""	""	""	""	""	""	""	""	""	""
6238	2018-07-27T00:00:00	09:13:00	SEM VÍTIMA	FINALIZADA	JORDÃO	AV MARIA IRENE	272	""	E/F A MERCEARIA DO NANÁ	AV MARIA IRENE	272	E/F A MERCEARIA DO NANÁ	JORDÃO		""	COLISÃO	SEM VÍTIMAS. HÁ UMA GESTANTE NO LOCAL	1					1				0		""	""	""	""	""	""	""	""	""	""	""	""	""
6239	2018-07-27T00:00:00	09:30:00	SEM VÍTIMA	FINALIZADA	BOA VIAGEM	RUA DES JOAO PAES	""	RUA ANISIO RODRIGUES COELHO	COM A RUA ANISIO RODRIGUES COELHO / RUA DO RESTAURANTE ESCRITORIO GUAIAMUM	RUA DES JOAO PAES	""	COM A RUA ANISIO RODRIGUES COELHO / RUA DO RESTAURANTE ESCRITORIO GUAIAMUM	BOA VIAGEM		""	COLISÃO	DOIS AUTOS	2									0		""	""	""	""	""	""	""	""	""	""	""	""	""
6240	2018-07-27T00:00:00	09:35:00	COM VÍTIMA	FINALIZADA	MADALENA	RUA JOSE OSORIO	401	""	EM FRENTE AO RM EXPRESS	RUA JOSE OSORIO	401	EM FRENTE AO RM EXPRESS	MADALENA		""	COLISÃO	AUTO E MOTO. VT 17 NO LOCAL	1	1								1		""	""	""	""	""	""	""	""	""	""	""	""	""