_id	DATA	hora	natureza_acidente	situacao	bairro	endereco	numero	detalhe_endereco_acidente	complemento	endereco_cruzamento	numero_cruzamento	referencia_cruzamento	bairro_cruzamento	num_semaforo	sentido_via	tipo	descricao	auto	moto	ciclom	ciclista	pedestre	onibus	caminhao	viatura	outros	vitimas	vitimasfatais	acidente_verificado	tempo_clima	situacao_semaforo	sinalizacao	condicao_via	conservacao_via	ponto_controle	situacao_placa	velocidade_max_via	mao_direcao	divisao_via1	divisao_via2	divisao_via3
6370	2018-08-01T00:00:00	13:52:00	SEM VÍTIMA	FINALIZADA	MADALENA	AV CAXANGA	""	""	MUSEU DA ABOLIÇÃO	AV CAXANGA	""	MUSEU DA ABOLIÇÃO	MADALENA		""	COLISÃO	COLISÃO ENVOLVENDO A VT- 11 DA CTTU E UM VW/GOL	2									0		""	""	""	""	""	""	""	""	""	""	""	""	""
6371	2018-08-01T00:00:00	14:01:00	SEM VÍTIMA	FINALIZADA	BOA VISTA	RUA DR LEOPOLDO LINS	100	""	EM FRENTE A EMPRESA GUSMÃO	RUA DR LEOPOLDO LINS	100	EM FRENTE A EMPRESA GUSMÃO	BOA VISTA		""	COLISÃO	COLISÃO SEM VÍTIMA	2									0		""	""	""	""	""	""	""	""	""	""	""	""	""
6372	2018-08-01T00:00:00	14:25:00	SEM VÍTIMA	CANCELADA	PAISSANDU	RUA EPAMINONDAS DE MELO	177	""	EM FRENTE A CLINICA HAPIVIDA	RUA EPAMINONDAS DE MELO	177	EM FRENTE A CLINICA HAPIVIDA	PAISSANDU		""	COLISÃO	DOIS AUTOS	2									0		""	""	""	""	""	""	""	""	""	""	""	""	""
6373	2018-08-01T00:00:00	14:26:00	SEM VÍTIMA	FINALIZADA	PAISSANDU	RUA PAISSANDU	567	""	ENFRENTE AO BRADESCO	RUA PAISSANDU	567	ENFRENTE AO BRADESCO	PAISSANDU		""	COLISÃO	COLISÃO SEM VITIMA	2									0		""	""	""	""	""	""	""	""	""	""	""	""	""
6374	2018-08-01T00:00:00	14:38:00	SEM VÍTIMA	FINALIZADA	CAMPO GRANDE	AV CORREIA DE BRITO	536	""	EM FRENTE A ACADEMIA UNIVERSO	AV CORREIA DE BRITO	536	EM FRENTE A ACADEMIA UNIVERSO	CAMPO GRANDE		""	COLISÃO	COLISÃO SEM VÍTIMA	1						1			0		""	""	""	""	""	""	""	""	""	""	""	""	""
6375	2018-08-01T00:00:00	15:45:00	SEM VÍTIMA	FINALIZADA	AFOGADOS	RUA COSME VIANA	721	""	POSTO SETTA	RUA COSME VIANA	721	POSTO SETTA	AFOGADOS		""	COLISÃO	COLISÃO SEM VITIMA	1	1								0		""	""	""	""	""	""	""	""	""	""	""	""	""
6376	2018-08-01T00:00:00	15:57:00	SEM VÍTIMA	FINALIZADA	BEBERIBE	PRC DA CONVENCAO	45	""	EM FRENTE AO POSTO BR E A ESPONSEDE	PRC DA CONVENCAO	45	EM FRENTE AO POSTO BR E A ESPONSEDE	BEBERIBE		""	COLISÃO	COLISÃO SEM VÍTMA	1					1				0		""	""	""	""	""	""	""	""	""	""	""	""	""
6377	2018-08-01T00:00:00	16:09:00	SEM VÍTIMA	FINALIZADA	BEBERIBE	AV BEBERIBE	3025	""	LADO OPOSTO DO NUMERAL INFORMADO,, SENTIDO BEBERIBE	AV BEBERIBE	3025	LADO OPOSTO DO NUMERAL INFORMADO,, SENTIDO BEBERIBE	BEBERIBE		""	COLISÃO	COLISÃO SEM VITIMA	1					1				0		""	""	""	""	""	""	""	""	""	""	""	""	""
6378	2018-08-01T00:00:00	16:12:00	SEM VÍTIMA	FINALIZADA	BOA VISTA	RUA CORREDOR DO BISPO	""	""	EM FRENTE A ESUDA	RUA CORREDOR DO BISPO	""	EM FRENTE A ESUDA	BOA VISTA		""	COLISÃO	COLISÃO SEM VÍTIMA	1						1			0		""	""	""	""	""	""	""	""	""	""	""	""	""
6379	2018-08-01T00:00:00	18:13:00	SEM VÍTIMA	FINALIZADA	BOA VISTA	RUA DOM BOSCO	S/N	AV MANOEL BORBA	CRUZAMENTO COM AV MANOEL BORBA ENF AO SAMU	RUA DOM BOSCO	S/N	CRUZAMENTO COM AV MANOEL BORBA ENF AO SAMU	BOA VISTA		""	COLISÃO	DOIS FIAT UNO	2									0		""	""	""	""	""	""	""	""	""	""	""	""	""
6380	2018-08-01T00:00:00	18:30:00	COM VÍTIMA	FINALIZADA	BAIRRO DO RECIFE	AV MILITAR	""	""	ENTRE A PREFEITURA E O POSTO SHELL, SNT SUB / ANTES DA PTE DO LIMOEIRO	AV MILITAR	""	ENTRE A PREFEITURA E O POSTO SHELL, SNT SUB / ANTES DA PTE DO LIMOEIRO	BAIRRO DO RECIFE		""	COLISÃO	ENTRE AUTO E MOTO. C/V	1	1								1		""	""	""	""	""	""	""	""	""	""	""	""	""
6381	2018-08-01T00:00:00	19:17:00	SEM VÍTIMA	FINALIZADA	BAIRRO DO RECIFE	C SANTA RITA	""	""	AO LADO DOS ARMAZEM 16	C SANTA RITA	""	AO LADO DOS ARMAZEM 16	BAIRRO DO RECIFE		""	COLISÃO	CARRETA E PALIO OBS:: DOIS BATEDORES 08 X 02	1						1			0		""	""	""	""	""	""	""	""	""	""	""	""	""
6382	2018-08-01T00:00:00	19:27:00	SEM VÍTIMA	FINALIZADA	CASA FORTE	PRC DE CASA FORTE	""	""	E/F A PRC VITORIA REGIA E COLÉGIO CASA FORTE	PRC DE CASA FORTE	""	E/F A PRC VITORIA REGIA E COLÉGIO CASA FORTE	CASA FORTE		""	ENGAVETAMENTO	ENTRE 2 AUTOS E MOTO. C/V	2	1								0		""	""	""	""	""	""	""	""	""	""	""	""	""
6383	2018-08-01T00:00:00	20:03:00	SEM VÍTIMA	FINALIZADA	IBURA	AV ENGENHO MURIBARA	299	""	E/F A IGREJA EVANGÉLICA MISSIONÁRIA DA RESTAURAÇÃO EM CRISTO	AV ENGENHO MURIBARA	299	E/F A IGREJA EVANGÉLICA MISSIONÁRIA DA RESTAURAÇÃO EM CRISTO	IBURA		""	COLISÃO	ENTRE AUTO E MOTO. C/V	2									0		""	""	""	""	""	""	""	""	""	""	""	""	""
6384	2018-08-01T00:00:00	21:11:00	SEM VÍTIMA	CANCELADA	VASCO DA GAMA	RUA VASCO DA GAMA	106	""	NA ENTRADA DO VASCO DA GAMA / PRÓX AO SESI DO VASCO DA GAMA	RUA VASCO DA GAMA	106	NA ENTRADA DO VASCO DA GAMA / PRÓX AO SESI DO VASCO DA GAMA	VASCO DA GAMA		""	COLISÃO	ENTRE 2 AUTOS. S/V	2									0		""	""	""	""	""	""	""	""	""	""	""	""	""
6385	2018-08-02T00:00:00	01:45:00	SEM VÍTIMA	FINALIZADA	CASA AMARELA	RUA ALEXANDRINO	64	AV MALACO	PROX A IGREJA BATISTA, ESQUINA COM A AV MALACÓ	RUA ALEXANDRINO	64	PROX A IGREJA BATISTA, ESQUINA COM A AV MALACÓ	CASA AMARELA		""	COLISÃO	COLISÃO ENTRE AUTO E MOTO S/V	1	1								0		""	""	""	""	""	""	""	""	""	""	""	""	""
6386	2018-08-02T00:00:00	07:54:00	SEM VÍTIMA	FINALIZADA	MADALENA	RUA JOSE OSORIO	100	""	PROX. A FUNDAÇAO CECOSNE	RUA JOSE OSORIO	100	PROX. A FUNDAÇAO CECOSNE	MADALENA		""	COLISÃO	4 AUTOS	4									0		""	""	""	""	""	""	""	""	""	""	""	""	""
6387	2018-08-02T00:00:00	11:02:00	SEM VÍTIMA	FINALIZADA	CASA AMARELA	PRC DO TRABALHO	53	""	EM FRENTE A UPINHA	PRC DO TRABALHO	53	EM FRENTE A UPINHA	CASA AMARELA		""	COLISÃO	DOIS AUTOS	2									0		""	""	""	""	""	""	""	""	""	""	""	""	""
6388	2018-08-02T00:00:00	11:13:00	SEM VÍTIMA	FINALIZADA	IPSEP	RUA PINTOR ANTONIO ALBUQUERQUE	2586	""	EM FRENTE AO POSTO DE GASOLINA SHELL	RUA PINTOR ANTONIO ALBUQUERQUE	2586	EM FRENTE AO POSTO DE GASOLINA SHELL	IPSEP		""	COLISÃO	AUTO E CAMINHÃO	1						1			0		""	""	""	""	""	""	""	""	""	""	""	""	""
6389	2018-08-02T00:00:00	11:22:00	COM VÍTIMA	FINALIZADA	BAIRRO DO RECIFE	AV MILITAR	""	""	PONTE DO LIMOEIRO	AV MILITAR	""	PONTE DO LIMOEIRO	BAIRRO DO RECIFE		""	COLISÃO	""	1	1								1		""	""	""	""	""	""	""	""	""	""	""	""	""
6390	2018-08-02T00:00:00	11:28:00	COM VÍTIMA	FINALIZADA	ESPINHEIRO	RUA MUNIZ TAVARES	""	""	ONIBUS PER1746 EMPRESA TRANSCOL	RUA MUNIZ TAVARES	""	ONIBUS PER1746 EMPRESA TRANSCOL	ESPINHEIRO		""	ATROPELAMENTO	ONIBUS E PEDESTRE						1				1		""	""	""	""	""	""	""	""	""	""	""	""	""
6391	2018-08-02T00:00:00	12:12:00	COM VÍTIMA	FINALIZADA	PARNAMIRIM	AV FLOR DE SANTANA	""	RUA AMARO LAFAIETE	CRUZ COM RUA AMARO LAFAIETE	AV FLOR DE SANTANA	""	CRUZ COM RUA AMARO LAFAIETE	PARNAMIRIM		""	COLISÃO	COLISA~ENTRE AUTO E MOTO										1		""	""	""	""	""	""	""	""	""	""	""	""	""
6392	2018-08-02T00:00:00	12:11:00	SEM VÍTIMA	FINALIZADA	DERBY	AV GOVERNADOR AGAMENON MAGALHAES	2294	""	AO LADO DO HOSPITAL MEMORIAL SÃO JOSÉ	AV GOVERNADOR AGAMENON MAGALHAES	2294	AO LADO DO HOSPITAL MEMORIAL SÃO JOSÉ	DERBY		""	COLISÃO	COLISÃO SEM VITIMA	2									0		""	""	""	""	""	""	""	""	""	""	""	""	""
6393	2018-08-02T00:00:00	12:21:00	SEM VÍTIMA	FINALIZADA	BOA VIAGEM	AV CONDE DA BOA VISTA	""	AV CDE DA BOA VISTA	CONDE DA BOA VISTA COM A DOM BOSCO/O LADO OPOSTO DO POSTO BR	AV CONDE DA BOA VISTA	""	CONDE DA BOA VISTA COM A DOM BOSCO/O LADO OPOSTO DO POSTO BR	BOA VIAGEM		""	COLISÃO	ONIBUS E AUTO S/V	1					1				0		""	""	""	""	""	""	""	""	""	""	""	""	""
6394	2018-08-02T00:00:00	12:59:00	COM VÍTIMA	FINALIZADA	BOA VISTA	RUA DO RIACHUELO	""	RUA GERVASIO PIRES	CRUZAMENTO DO HOSPITAL DO EXERCITO/SEMAFORO 175	RUA DO RIACHUELO	""	CRUZAMENTO DO HOSPITAL DO EXERCITO/SEMAFORO 175	BOA VISTA		""	COLISÃO	MOTO E AUTOS C/V										1		""	""	""	""	""	""	""	""	""	""	""	""	""
6395	2018-08-02T00:00:00	13:23:00	SEM VÍTIMA	FINALIZADA	MUSTARDINHA	AV MANOEL GONCALVES DA LUZ	""	""	NA ESQUINA COM O POSTO TOTAL, E A DELEGACIA	AV MANOEL GONCALVES DA LUZ	""	NA ESQUINA COM O POSTO TOTAL, E A DELEGACIA	MUSTARDINHA		""	COLISÃO	COLISÃO SEM VITIMA	2									0		""	""	""	""	""	""	""	""	""	""	""	""	""
6396	2018-08-02T00:00:00	13:27:00	COM VÍTIMA	FINALIZADA	ESTÂNCIA	RUA JOAO TEIXEIRA	137	""	PROX. AO COLEGIO VISÃO, SENTIDO CIDADE	RUA JOAO TEIXEIRA	137	PROX. AO COLEGIO VISÃO, SENTIDO CIDADE	ESTÂNCIA		""	COLISÃO COM CICLISTA	COLISÃO COM VITIMA	1			1						1		""	""	""	""	""	""	""	""	""	""	""	""	""
6397	2018-08-02T00:00:00	13:53:00	SEM VÍTIMA	FINALIZADA	VÁRZEA	RUA PROFESSOR ANTONIO COELHO	495	""	E/F AO COLEGIO PONTUAL	RUA PROFESSOR ANTONIO COELHO	495	E/F AO COLEGIO PONTUAL	VÁRZEA		""	COLISÃO	COLISAO ENTRE DOIS AUTOS S/V	2									0		""	""	""	""	""	""	""	""	""	""	""	""	""
6398	2018-08-02T00:00:00	14:10:00	COM VÍTIMA	FINALIZADA	BOA VIAGEM	AV FERNANDO SIMOES BARBOSA	""	""	EM FRENTE AO EDIFICIL SAINTPAUL 348/PROX A CADEMIA BOYTECH	AV FERNANDO SIMOES BARBOSA	""	EM FRENTE AO EDIFICIL SAINTPAUL 348/PROX A CADEMIA BOYTECH	BOA VIAGEM		""	COLISÃO	MOTO E DOIS AUTOS C/V	2	1								1		""	""	""	""	""	""	""	""	""	""	""	""	""
6399	2018-08-02T00:00:00	14:12:00	SEM VÍTIMA	FINALIZADA	SANTO AMARO	RUA FREI CASSIMIRO	""	RUA TREZE DE MAIO	COM A RUA 13 DE MAIO	RUA FREI CASSIMIRO	""	COM A RUA 13 DE MAIO	SANTO AMARO		""	COLISÃO	COLISÃO COM VITIMA	1	1								0		""	""	""	""	""	""	""	""	""	""	""	""	""
6400	2018-08-02T00:00:00	14:15:00	SEM VÍTIMA	FINALIZADA	PAISSANDU	RUA PAISSANDU	567	""	ENFRENTE AO MANIDERMA FARMACIA DE MANIPULAÇÃO	RUA PAISSANDU	567	ENFRENTE AO MANIDERMA FARMACIA DE MANIPULAÇÃO	PAISSANDU		""	COLISÃO	COLISÃO SEM VITIMA	1						1			0		""	""	""	""	""	""	""	""	""	""	""	""	""
6401	2018-08-02T00:00:00	14:22:00	SEM VÍTIMA	FINALIZADA	SÃO JOSÉ	AV SUL	""	""	EM FRENTE AO QUARTEL DO EXERCITO QUE DA ENTRADA P BOA VIAGEM/SEMAFORO 260 S/T CAIS DE SANTA RITA	AV SUL	""	EM FRENTE AO QUARTEL DO EXERCITO QUE DA ENTRADA P BOA VIAGEM/SEMAFORO 260 S/T CAIS DE SANTA RITA	SÃO JOSÉ		""	ENGAVETAMENTO	TRES AUTOS S/V	3									0		""	""	""	""	""	""	""	""	""	""	""	""	""
6402	2018-08-02T00:00:00	14:54:00	SEM VÍTIMA	FINALIZADA	BOA VIAGEM	AV MARECHAL JUAREZ TAVORA	""	""	ESCOLA GRANDE PASSO	AV MARECHAL JUAREZ TAVORA	""	ESCOLA GRANDE PASSO	BOA VIAGEM		""	COLISÃO	COLISÃO SEM VITIMA	2									0		""	""	""	""	""	""	""	""	""	""	""	""	""
6403	2018-08-02T00:00:00	14:57:00	SEM VÍTIMA	FINALIZADA	ZUMBI	RUA FIDELIS MOLITERNO	215	""	APOS A CAIXA ECONOMICA SEGUNDA A DIREITA	RUA FIDELIS MOLITERNO	215	APOS A CAIXA ECONOMICA SEGUNDA A DIREITA	ZUMBI		""	COLISÃO	COLISAO ENTRE DOIS AUTOS S/V	2									0		""	""	""	""	""	""	""	""	""	""	""	""	""
6404	2018-08-02T00:00:00	14:59:00	SEM VÍTIMA	FINALIZADA	CASA AMARELA	RUA GOMES COUTINHO	""	""	PROX AO SESC DE CASA AMARELA/SEMAFORO 643	RUA GOMES COUTINHO	""	PROX AO SESC DE CASA AMARELA/SEMAFORO 643	CASA AMARELA		""	COLISÃO	AUTO E CAMINHAO S/V	1						1			0		""	""	""	""	""	""	""	""	""	""	""	""	""
6405	2018-08-02T00:00:00	15:06:00	""	CANCELADA	PARNAMIRIM	RUA GOMES COUTINHO	""	""	APO LADO DO POSTO BR	RUA GOMES COUTINHO	""	APO LADO DO POSTO BR	PARNAMIRIM		""	COLISÃO	COLISÃO SEM VITIMA	1						1			0		""	""	""	""	""	""	""	""	""	""	""	""	""
6406	2018-08-02T00:00:00	16:31:00	COM VÍTIMA	CANCELADA	SAN MARTIN	AV GENERAL SAN MARTIN	""	""	PROX. AO PET SHOP AMOR DE BICHO	AV GENERAL SAN MARTIN	""	PROX. AO PET SHOP AMOR DE BICHO	SAN MARTIN		""	COLISÃO	COLISÃO COM VITIMA	1	1								1		""	""	""	""	""	""	""	""	""	""	""	""	""
6407	2018-08-02T00:00:00	18:25:00	SEM VÍTIMA	FINALIZADA	MADALENA	RUA BENFICA	""	""	PROX AO POSTO PETROBRA E AO LADO DA PRACA DO INTERNACIONAL SENTIDO CAXANGA	RUA BENFICA	""	PROX AO POSTO PETROBRA E AO LADO DA PRACA DO INTERNACIONAL SENTIDO CAXANGA	MADALENA		""	COLISÃO	HB 20 X FIESTA	2									0		""	""	""	""	""	""	""	""	""	""	""	""	""
6408	2018-08-02T00:00:00	18:40:00	SEM VÍTIMA	FINALIZADA	BOA VIAGEM	AV CONSELHEIRO AGUIAR	4741	""	PROX AO POSTO IPIRANGA ENF AO BANCO ITAU // SENTIDO CIDADE	AV CONSELHEIRO AGUIAR	4741	PROX AO POSTO IPIRANGA ENF AO BANCO ITAU // SENTIDO CIDADE	BOA VIAGEM		""	COLISÃO	ONIBUS X AUTO	1					1				0		""	""	""	""	""	""	""	""	""	""	""	""	""
6409	2018-08-02T00:00:00	20:48:00	COM VÍTIMA	FINALIZADA	CASA FORTE	AV DEZESSETE DE AGOSTO	""	""	SEMÁFORO 646 / E/F A FUNDAÇÃO JOAQUIM NABUCO	AV DEZESSETE DE AGOSTO	""	SEMÁFORO 646 / E/F A FUNDAÇÃO JOAQUIM NABUCO	CASA FORTE		""	COLISÃO	ENTRE AUTO E MOTO. C/V	1	1								1		""	""	""	""	""	""	""	""	""	""	""	""	""
6410	2018-08-03T00:00:00	05:53:00	SEM VÍTIMA	CANCELADA	AREIAS	AV DR JOSE RUFINO	1495	""	EM FRENTE A IGREJA PRESBITERIANA DE AREIAS, SEMAFORO 044	AV DR JOSE RUFINO	1495	EM FRENTE A IGREJA PRESBITERIANA DE AREIAS, SEMAFORO 044	AREIAS		""	COLISÃO	COLISÃO ENTRE ÔNIBUS E AUTO S/V	1					1				0		""	""	""	""	""	""	""	""	""	""	""	""	""
6411	2018-08-03T00:00:00	07:24:00	COM VÍTIMA	FINALIZADA	IPUTINGA	AV CAXANGA	""	""	E/F AO SUPERMERCADO EXTRA	AV CAXANGA	""	E/F AO SUPERMERCADO EXTRA	IPUTINGA		""	CHOQUE	ACIDENTE DE PERCURSO SEGUIDO DE CHOQUE. COM UMA VÍTIMA. VEÍCULO FOI TRANCADO POR UM VEÍCULO NA VIA, QUE EVADIU-SE EM SEGUIDA- MOTOQUEIRO PERDEU O CONTROLE CAINDO E CHOCANDO CONTRA O CANTEIRO CENTRAL.		1								1		""	""	""	""	""	""	""	""	""	""	""	""	""
6412	2018-08-03T00:00:00	07:25:00	SEM VÍTIMA	FINALIZADA	BOA VIAGEM	RUA JOAO CARDOSO AIRES	2074	""	EM FRENTE AO EDF. ADRIANA, ANTES DO COLEGIO MADRE DE DEUS	RUA JOAO CARDOSO AIRES	2074	EM FRENTE AO EDF. ADRIANA, ANTES DO COLEGIO MADRE DE DEUS	BOA VIAGEM		""	COLISÃO	AUTO E ONIBUS	1					1				0		""	""	""	""	""	""	""	""	""	""	""	""	""
6413	2018-08-03T00:00:00	07:43:00	SEM VÍTIMA	CANCELADA	ESPINHEIRO	RUA QUARENTA E OITO	462	RUA QUARENTA E OITO	CRUZ COM A RUA QUARENTA E OITO EM FRENTE AO EDIFICIO COLONIAL	RUA QUARENTA E OITO	462	CRUZ COM A RUA QUARENTA E OITO EM FRENTE AO EDIFICIO COLONIAL	ESPINHEIRO		""	COLISÃO	COLISÃO SEM VITIMAS	1					1				0		""	""	""	""	""	""	""	""	""	""	""	""	""
6414	2018-08-03T00:00:00	07:56:00	SEM VÍTIMA	FINALIZADA	BOA VIAGEM	AV ANTONIO DE GOES	549	""	APOS O SEMAFORO 538, EM FRENTE A SUL AMERICA	AV ANTONIO DE GOES	549	APOS O SEMAFORO 538, EM FRENTE A SUL AMERICA	BOA VIAGEM		""	COLISÃO	DOIS AUTOS PONTO FIXO GM	2									0		""	""	""	""	""	""	""	""	""	""	""	""	""
6415	2018-08-03T00:00:00	08:29:00	COM VÍTIMA	FINALIZADA	SÃO JOSÉ	RUA IMPERIAL	""	RUA DO PEIXOTO	COM A RUA DO PEIXOTO, EM FRENTE A IGREJA MATRIZ DE SAO JOSE	RUA IMPERIAL	""	COM A RUA DO PEIXOTO, EM FRENTE A IGREJA MATRIZ DE SAO JOSE	SÃO JOSÉ		""	COLISÃO	DOIS AUTOS	2									1		""	""	""	""	""	""	""	""	""	""	""	""	""
6416	2018-08-03T00:00:00	09:06:00	SEM VÍTIMA	CANCELADA	MADALENA	RUA JOAO IVO DA SILVA	177	""	EM FRENTE A SANLIFE	RUA JOAO IVO DA SILVA	177	EM FRENTE A SANLIFE	MADALENA		""	COLISÃO	DOIS AUTOS	2									0		""	""	""	""	""	""	""	""	""	""	""	""	""
6417	2018-08-03T00:00:00	09:33:00	SEM VÍTIMA	FINALIZADA	DERBY	AV GOVERNADOR AGAMENON MAGALHAES	""	""	EM BAIXO DO SEMAFORO 174 EM FRENTE AO HOSPITAL DA RESTAURAÇÃO SENTIDO MADALENA	AV GOVERNADOR AGAMENON MAGALHAES	""	EM BAIXO DO SEMAFORO 174 EM FRENTE AO HOSPITAL DA RESTAURAÇÃO SENTIDO MADALENA	DERBY		""	COLISÃO	COLISÃO SEM VITIMAS	2									0		""	""	""	""	""	""	""	""	""	""	""	""	""
6418	2018-08-03T00:00:00	09:38:00	SEM VÍTIMA	FINALIZADA	SANTANA	RUA ASTERIO RUFINO ALVES	""	""	EM FRENTE AO CPRH	RUA ASTERIO RUFINO ALVES	""	EM FRENTE AO CPRH	SANTANA		""	COLISÃO	COLISÃO SEM VITIMAS VT 09 QTH	2									0		""	""	""	""	""	""	""	""	""	""	""	""	""
6419	2018-08-03T00:00:00	09:59:00	SEM VÍTIMA	FINALIZADA	SAN MARTIN	RUA APULCRO DE ASSUNCAO	515	""	RESIDENCIA PROX A PRAÇA DE SAN MARTIN	RUA APULCRO DE ASSUNCAO	515	RESIDENCIA PROX A PRAÇA DE SAN MARTIN	SAN MARTIN		""	COLISÃO	COLISÃO SEM VITIMAS	1						1			0		""	""	""	""	""	""	""	""	""	""	""	""	""
6420	2018-08-03T00:00:00	10:52:00	SEM VÍTIMA	FINALIZADA	BOA VISTA	RUA CARLOS PORTO CARREIRO	122	""	EM FRENTE AO CENTRO ODONTOLOGICO SAUDE DENTAL	RUA CARLOS PORTO CARREIRO	122	EM FRENTE AO CENTRO ODONTOLOGICO SAUDE DENTAL	BOA VISTA		""	COLISÃO	COLISÃO SEM VITIMAS	2									0		""	""	""	""	""	""	""	""	""	""	""	""	""
6421	2018-08-03T00:00:00	11:40:00	COM VÍTIMA	FINALIZADA	DERBY	AV GOVERNADOR AGAMENON MAGALHAES	""	""	AO LADO DA EMERGENCIA PEDIATRICA DA UNIMED, SENT. BOA VIAGEM	AV GOVERNADOR AGAMENON MAGALHAES	""	AO LADO DA EMERGENCIA PEDIATRICA DA UNIMED, SENT. BOA VIAGEM	DERBY		""	COLISÃO	DUAS MOTOS		2								1		""	""	""	""	""	""	""	""	""	""	""	""	""
6422	2018-08-03T00:00:00	12:05:00	SEM VÍTIMA	FINALIZADA	ENCRUZILHADA	RUA CASTRO ALVES	143	""	PROX. A CAIXA ECONOMICA	RUA CASTRO ALVES	143	PROX. A CAIXA ECONOMICA	ENCRUZILHADA		""	COLISÃO	DOIS AUTOS	2									0		""	""	""	""	""	""	""	""	""	""	""	""	""
6423	2018-08-03T00:00:00	12:14:00	SEM VÍTIMA	FINALIZADA	CAMPO GRANDE	RUA JERONIMO VILELA	100	RUA ODORICO MENDES	EM FRENTE AO LAVA JATO PORTAL REGIONAL, NO FINAL DA ESTRADA DE BELEM COM A OUDORICO MENDES, ESTA VESTINDO CAMISA AZUL	RUA JERONIMO VILELA	100	EM FRENTE AO LAVA JATO PORTAL REGIONAL, NO FINAL DA ESTRADA DE BELEM COM A OUDORICO MENDES, ESTA VESTINDO CAMISA AZUL	CAMPO GRANDE		""	COLISÃO	COLISÃO SEM VÍTIMA	1	1								0		""	""	""	""	""	""	""	""	""	""	""	""	""
6424	2018-08-03T00:00:00	12:15:00	COM VÍTIMA	FINALIZADA	ESPINHEIRO	RUA SAO SALVADOR	24	""	""	RUA SAO SALVADOR	24	""	ESPINHEIRO		""	COLISÃO	COM VÍTIMA		2								1		""	""	""	""	""	""	""	""	""	""	""	""	""
6425	2018-08-03T00:00:00	12:19:00	COM VÍTIMA	FINALIZADA	GRAÇAS	RUA ESMERALDINO BANDEIRA	178	""	RUA AMELIA PRIMEIRA A DIREITA PROX A CASA DOS FRIOS	RUA ESMERALDINO BANDEIRA	178	RUA AMELIA PRIMEIRA A DIREITA PROX A CASA DOS FRIOS	GRAÇAS		""	COLISÃO	COLISAO ENTRE AUTO E MOTO COM UMA VITIMA	1	1								1		""	""	""	""	""	""	""	""	""	""	""	""	""
6426	2018-08-03T00:00:00	13:03:00	SEM VÍTIMA	CANCELADA	BOA VIAGEM	AV CONSELHEIRO AGUIAR	477	""	EM FRENTE AO BRADESCO	AV CONSELHEIRO AGUIAR	477	EM FRENTE AO BRADESCO	BOA VIAGEM		""	COLISÃO	COLISÃO SEM VÍTIMA	2									0		""	""	""	""	""	""	""	""	""	""	""	""	""
6427	2018-08-03T00:00:00	13:21:00	COM VÍTIMA	FINALIZADA	ENCRUZILHADA	AV NORTE	2829	""	SENTIDO CIDADE , EM FRENTE AO HOSPITAL JORGE MEDEIROS	AV NORTE	2829	SENTIDO CIDADE , EM FRENTE AO HOSPITAL JORGE MEDEIROS	ENCRUZILHADA		""	COLISÃO	COM VÍTIMA	1	1								1		""	""	""	""	""	""	""	""	""	""	""	""	""
6428	2018-08-03T00:00:00	13:51:00	SEM VÍTIMA	FINALIZADA	SANTO AMARO	RUA PRINCESA IZABEL	""	""	E/F AO TREZE DE MAIO	RUA PRINCESA IZABEL	""	E/F AO TREZE DE MAIO	SANTO AMARO		""	COLISÃO	COLISA ENTRE ONIBUS E AUTO S/V	1					1				0		""	""	""	""	""	""	""	""	""	""	""	""	""
6429	2018-08-03T00:00:00	14:09:00	SEM VÍTIMA	FINALIZADA	IMBIRIBEIRA	RUA GRASIELA	10	""	ENFRENTE A TEMAKERIA COIN AIKON	RUA GRASIELA	10	ENFRENTE A TEMAKERIA COIN AIKON	IMBIRIBEIRA		""	COLISÃO	COLISÃO SEM VITIMAS	2									0		""	""	""	""	""	""	""	""	""	""	""	""	""
6430	2018-08-03T00:00:00	16:10:00	SEM VÍTIMA	FINALIZADA	IMBIRIBEIRA	AV MARECHAL MASCARENHAS DE MORAES	2785	""	EM FRENTE AO MEDCENTER E AO BRADESCO / SENTIDO CIDADE NO POSTO SHELL AO LADO DA FACULDADE UNIVERSO	AV MARECHAL MASCARENHAS DE MORAES	2785	EM FRENTE AO MEDCENTER E AO BRADESCO / SENTIDO CIDADE NO POSTO SHELL AO LADO DA FACULDADE UNIVERSO	IMBIRIBEIRA		""	COLISÃO	COLISÃO SEM VÍTIMA	3									0		""	""	""	""	""	""	""	""	""	""	""	""	""
6431	2018-08-03T00:00:00	17:30:00	SEM VÍTIMA	FINALIZADA	TAMARINEIRA	RUA CONEGO BARATA	""	""	EM FRENTE A FERREIRA COSTA	RUA CONEGO BARATA	""	EM FRENTE A FERREIRA COSTA	TAMARINEIRA		""	COLISÃO	COLISÃO SEM VÍTIMA	2									0		""	""	""	""	""	""	""	""	""	""	""	""	""
6432	2018-08-03T00:00:00	17:43:00	SEM VÍTIMA	FINALIZADA	CASA AMARELA	EST DO ENCANAMENTO	649	RUA BARBALHO	ESQUINA DO BAR DO ESCRITORIO E COM R BARBALHO	EST DO ENCANAMENTO	649	ESQUINA DO BAR DO ESCRITORIO E COM R BARBALHO	CASA AMARELA		""	COLISÃO	ENTRE 2 AUTOS. S/V / VT 13 NO LOCAL	2									0		""	""	""	""	""	""	""	""	""	""	""	""	""
6433	2018-08-03T00:00:00	19:38:00	SEM VÍTIMA	FINALIZADA	DERBY	RUA HENRIQUE DIAS	""	""	NA RUA DO COLÉGIO DA POLICIA MILITAR / ESQUINA COM O SPETTUS	RUA HENRIQUE DIAS	""	NA RUA DO COLÉGIO DA POLICIA MILITAR / ESQUINA COM O SPETTUS	DERBY		""	COLISÃO	ENTRE 2 AUTOS. S/V	2									0		""	""	""	""	""	""	""	""	""	""	""	""	""