_id	DATA	hora	natureza_acidente	situacao	bairro	endereco	numero	detalhe_endereco_acidente	complemento	endereco_cruzamento	numero_cruzamento	referencia_cruzamento	bairro_cruzamento	num_semaforo	sentido_via	tipo	descricao	auto	moto	ciclom	ciclista	pedestre	onibus	caminhao	viatura	outros	vitimas	vitimasfatais	acidente_verificado	tempo_clima	situacao_semaforo	sinalizacao	condicao_via	conservacao_via	ponto_controle	situacao_placa	velocidade_max_via	mao_direcao	divisao_via1	divisao_via2	divisao_via3
6434	2018-08-03T00:00:00	20:14:00	COM VÍTIMA	FINALIZADA	TORRÕES	RUA OCIDENTAL	""	""	PRÓX AO TERMINAL DE ÔNIBUS SITIO DAS PALMEIRAS / E/F AO ARMAZÉM JC	RUA OCIDENTAL	""	PRÓX AO TERMINAL DE ÔNIBUS SITIO DAS PALMEIRAS / E/F AO ARMAZÉM JC	TORRÕES		""	COLISÃO	ENTRE AUTO E MOTO. C/V	1	1								2		""	""	""	""	""	""	""	""	""	""	""	""	""
6435	2018-08-03T00:00:00	23:54:00	COM VÍTIMA	FINALIZADA	AFLITOS	AV CONS ROSA E SILVA	1749	""	SEMAFORO 522 EM FRENTE AO PONTO DO AÇAI	AV CONS ROSA E SILVA	1749	SEMAFORO 522 EM FRENTE AO PONTO DO AÇAI	AFLITOS		""	CHOQUE	AUTO E SEMAFORO 522	1									1		""	""	""	""	""	""	""	""	""	""	""	""	""
6436	2018-08-04T00:00:00	00:08:00	SEM VÍTIMA	FINALIZADA	ESPINHEIRO	RUA DO ESPINHEIRO	""	RUA QUARENTA E OITO	CRUZAMENTO COM A RUA QUARENTAE OITO	RUA DO ESPINHEIRO	""	CRUZAMENTO COM A RUA QUARENTAE OITO	ESPINHEIRO		""	CHOQUE	VEÍCULO CHOCOU-SE EM DOIS AUTOS QUE ESTAVAM ESTACIONADOS	3									0		""	""	""	""	""	""	""	""	""	""	""	""	""
6437	2018-08-04T00:00:00	07:45:00	SEM VÍTIMA	FINALIZADA	PORTO DA MADEIRA	AV ANIBAL BENEVOLO	184	""	TERMINAL DOS ONIBUS DO ALTO SANTA TERESINHA	AV ANIBAL BENEVOLO	184	TERMINAL DOS ONIBUS DO ALTO SANTA TERESINHA	PORTO DA MADEIRA		""	COLISÃO	SEM VITIMAS	1					1				0		""	""	""	""	""	""	""	""	""	""	""	""	""
6438	2018-08-04T00:00:00	08:02:00	COM VÍTIMA	FINALIZADA	VÁRZEA	RUA ISAAC BURIL	24	RUA BRG ANTONIO DE SAMPAIO	COM A RUA BRG. ANTONIO DE SAMPAIO, PROX. AO INSTITUTO BRENNAND	RUA ISAAC BURIL	24	COM A RUA BRG. ANTONIO DE SAMPAIO, PROX. AO INSTITUTO BRENNAND	VÁRZEA		""	COLISÃO	AUTO E MOTO	1	1								1		""	""	""	""	""	""	""	""	""	""	""	""	""
6439	2018-08-04T00:00:00	09:08:00	SEM VÍTIMA	CANCELADA	CAXANGÁ	AV JOAQUIM RIBEIRO	""	""	EM FRENTE A UPA DA CAXANGA, NO SEMAFORO 281	AV JOAQUIM RIBEIRO	""	EM FRENTE A UPA DA CAXANGA, NO SEMAFORO 281	CAXANGÁ		""	COLISÃO	DOIS AUTOS	2									0		""	""	""	""	""	""	""	""	""	""	""	""	""
6440	2018-08-04T00:00:00	10:08:00	SEM VÍTIMA	FINALIZADA	CASA AMARELA	AV NORTE	6999	""	EM FRENTE AO ARMAZEM DE CONSTRUÇÃO MIC,SENT/CIDADE	AV NORTE	6999	EM FRENTE AO ARMAZEM DE CONSTRUÇÃO MIC,SENT/CIDADE	CASA AMARELA		""	COLISÃO	SEM VITIMAS	1						1			0		""	""	""	""	""	""	""	""	""	""	""	""	""
6441	2018-08-04T00:00:00	10:13:00	SEM VÍTIMA	FINALIZADA	CAXANGÁ	AV JOAQUIM RIBEIRO	""	""	EM FRENTE A UPA, SENT. CIDADE	AV JOAQUIM RIBEIRO	""	EM FRENTE A UPA, SENT. CIDADE	CAXANGÁ		""	COLISÃO	DOIS AUTOS	2									0		""	""	""	""	""	""	""	""	""	""	""	""	""
6442	2018-08-04T00:00:00	10:15:00	COM VÍTIMA	FINALIZADA	BOA VIAGEM	RUA DOS NAVEGANTES	""	RUA CEL BENEDITO CHAVES	COM A RUA CORONEL BENEDITO CHAVES	RUA DOS NAVEGANTES	""	COM A RUA CORONEL BENEDITO CHAVES	BOA VIAGEM		""	COLISÃO	DOIS AUTOS	2									1		""	""	""	""	""	""	""	""	""	""	""	""	""
6443	2018-08-04T00:00:00	11:05:00	SEM VÍTIMA	FINALIZADA	PINA	AV CONSELHEIRO AGUIAR	""	""	SENTIDO CIDADE EM FRENTE AO RESTAURANTE SÓ CALDINHO	AV CONSELHEIRO AGUIAR	""	SENTIDO CIDADE EM FRENTE AO RESTAURANTE SÓ CALDINHO	PINA		""	COLISÃO	COLISÃO SEM VITIMAS	3									0		""	""	""	""	""	""	""	""	""	""	""	""	""
6444	2018-08-04T00:00:00	11:11:00	SEM VÍTIMA	FINALIZADA	ILHA DO LEITE	RUA ESTADO DE ISRAEL	262	""	EM FRENTE AO HAP VIDA	RUA ESTADO DE ISRAEL	262	EM FRENTE AO HAP VIDA	ILHA DO LEITE		""	COLISÃO	DOIS AUTOS	2									0		""	""	""	""	""	""	""	""	""	""	""	""	""
6445	2018-08-04T00:00:00	11:20:00	SEM VÍTIMA	FINALIZADA	ENCRUZILHADA	RUA CASTRO ALVES	104	""	EM FRENTE A COMATEC REFRIGERAÇÃO	RUA CASTRO ALVES	104	EM FRENTE A COMATEC REFRIGERAÇÃO	ENCRUZILHADA		""	COLISÃO	DOIS AUTOS	2									0		""	""	""	""	""	""	""	""	""	""	""	""	""
6446	2018-08-04T00:00:00	11:39:00	COM VÍTIMA	FINALIZADA	AFOGADOS	RUA SAO MIGUEL	""	""	EM FRENTE AO RESTAURANTE BODE DO NÔ	RUA SAO MIGUEL	""	EM FRENTE AO RESTAURANTE BODE DO NÔ	AFOGADOS		""	ACID. DE PERCURSO	COLISÃO COM VÍTIMA (DE ACORDO COM O CONDUTOR DA MOTOCICLETA, O CONDUTOR DO SEGUNDO VEÍCULO ENVOLVIDO, EVADIU-SE).		1								1		""	""	""	""	""	""	""	""	""	""	""	""	""
6447	2018-08-04T00:00:00	12:20:00	SEM VÍTIMA	FINALIZADA	CORDEIRO	AV CAXANGA	853	""	EM FRENTE A FM VEÍCULOS/ SENTIDO CIDADE	AV CAXANGA	853	EM FRENTE A FM VEÍCULOS/ SENTIDO CIDADE	CORDEIRO		""	COLISÃO	COLISÃO SEM VÍTIMA	2									0		""	""	""	""	""	""	""	""	""	""	""	""	""
6448	2018-08-04T00:00:00	12:25:00	SEM VÍTIMA	FINALIZADA	ESTÂNCIA	AV RECIFE	""	""	SOBRE O VIADUTO ULISSES GUIMARÃES/ SENTIDO BR	AV RECIFE	""	SOBRE O VIADUTO ULISSES GUIMARÃES/ SENTIDO BR	ESTÂNCIA		""	COLISÃO	COLISÃO SEM VÍTIMA	3									0		""	""	""	""	""	""	""	""	""	""	""	""	""
6449	2018-08-04T00:00:00	12:32:00	SEM VÍTIMA	FINALIZADA	CAMPO GRANDE	EST DE BELEM	1575	""	NO SEMAFORO 458	EST DE BELEM	1575	NO SEMAFORO 458	CAMPO GRANDE		""	COLISÃO	COLISAO ENTRE DOIS AUTOS S/V	2									0		""	""	""	""	""	""	""	""	""	""	""	""	""
6450	2018-08-04T00:00:00	13:16:00	SEM VÍTIMA	FINALIZADA	IMBIRIBEIRA	AV MARECHAL MASCARENHAS DE MORAES	""	""	LADO OPOSTO DA CASAS BAHIA/ SENTIDO AFOGADOS	AV MARECHAL MASCARENHAS DE MORAES	""	LADO OPOSTO DA CASAS BAHIA/ SENTIDO AFOGADOS	IMBIRIBEIRA		""	COLISÃO	COLISÃO SEM VÍTIMA	2									0		""	""	""	""	""	""	""	""	""	""	""	""	""
6451	2018-08-04T00:00:00	14:46:00	COM VÍTIMA	FINALIZADA	AFLITOS	AV CONS ROSA E SILVA	""	""	LOGO APOS O CLUBE NALTICO CAPIBARIBE	AV CONS ROSA E SILVA	""	LOGO APOS O CLUBE NALTICO CAPIBARIBE	AFLITOS		""	ATROPELAMENTO	ATROPELAMENTO ENTRE AUTO E PEDESTRE	1				1					1		""	""	""	""	""	""	""	""	""	""	""	""	""
6452	2018-08-04T00:00:00	14:51:00	COM VÍTIMA	FINALIZADA	IPUTINGA	AV CAXANGA	""	""	EM FRENTE A FACIPE/ SENTIDO CAMARAGIBE	AV CAXANGA	""	EM FRENTE A FACIPE/ SENTIDO CAMARAGIBE	IPUTINGA		""	COLISÃO	COLISÃO COM VÍTIMA	1	1								1		""	""	""	""	""	""	""	""	""	""	""	""	""
6453	2018-08-04T00:00:00	16:05:00	SEM VÍTIMA	FINALIZADA	IMBIRIBEIRA	AV MARECHAL MASCARENHAS DE MORAES	""	""	EM FRENTE A FERREIRA COSTA/ SENTIDO CIDADE	AV MARECHAL MASCARENHAS DE MORAES	""	EM FRENTE A FERREIRA COSTA/ SENTIDO CIDADE	IMBIRIBEIRA		""	COLISÃO	COLISÃO SEM VÍTIMA	3									0		""	""	""	""	""	""	""	""	""	""	""	""	""
6454	2018-08-04T00:00:00	18:25:00	SEM VÍTIMA	FINALIZADA	PINA	AV ANTONIO DE GOES	218	RUA MANOEL DE BRITO	POSTO BR ENF AO DNIT // PROX AO CRUZAMENTO COM A RUA MANOEL DE BRITO	AV ANTONIO DE GOES	218	POSTO BR ENF AO DNIT // PROX AO CRUZAMENTO COM A RUA MANOEL DE BRITO	PINA		""	COLISÃO	MOTO X COROLA	1	1								0		""	""	""	""	""	""	""	""	""	""	""	""	""
6455	2018-08-04T00:00:00	18:30:00	SEM VÍTIMA	FINALIZADA	IBURA	AV DOIS RIOS	""	""	NO COMEÇO DA LADEIRA DA COAB	AV DOIS RIOS	""	NO COMEÇO DA LADEIRA DA COAB	IBURA		""	COLISÃO	DOIS AUTOS S/V	2									0		""	""	""	""	""	""	""	""	""	""	""	""	""
6456	2018-08-04T00:00:00	19:28:00	SEM VÍTIMA	FINALIZADA	JAQUEIRA	RUA ANTENOR NAVARRO	138	""	ENF AO ESTACIONAMENTO DA LIVRARIA JAQUEIRA	RUA ANTENOR NAVARRO	138	ENF AO ESTACIONAMENTO DA LIVRARIA JAQUEIRA	JAQUEIRA		""	COLISÃO	TOYOTA X MOTO	1	1								0		""	""	""	""	""	""	""	""	""	""	""	""	""
6457	2018-08-04T00:00:00	19:32:00	SEM VÍTIMA	FINALIZADA	ÁGUA FRIA	RUA ALEGRE	""	""	POR TRAS DO MERCADO DE AGUA FRIA E SEMAFORO 431	RUA ALEGRE	""	POR TRAS DO MERCADO DE AGUA FRIA E SEMAFORO 431	ÁGUA FRIA		""	COLISÃO	ONIBUS X CELTA X PALIO	2					1				0		""	""	""	""	""	""	""	""	""	""	""	""	""
6458	2018-08-04T00:00:00	20:12:00	COM VÍTIMA	FINALIZADA	BOA VIAGEM	RUA VISCONDE DE JEQUITINHONHA	""	RUA PROF MARIO DE CASTRO	SEMAFORO 158 CRUZAMENTO COM A RUA PROF MARIO DE CASTRO	RUA VISCONDE DE JEQUITINHONHA	""	SEMAFORO 158 CRUZAMENTO COM A RUA PROF MARIO DE CASTRO	BOA VIAGEM		""	COLISÃO	HONDA CIVIC X MOTO	1	1								1		""	""	""	""	""	""	""	""	""	""	""	""	""
6459	2018-08-04T00:00:00	20:32:00	SEM VÍTIMA	CANCELADA	ENGENHO DO MEIO	RUA ANTONIO BORGES UCHOA	""	""	EM FRENTE AO COLEGIO LEAL DE BARROS	RUA ANTONIO BORGES UCHOA	""	EM FRENTE AO COLEGIO LEAL DE BARROS	ENGENHO DO MEIO		""	COLISÃO	CAMINHAO E AUTO S/V	1						1			0		""	""	""	""	""	""	""	""	""	""	""	""	""
6460	2018-08-04T00:00:00	20:44:00	COM VÍTIMA	FINALIZADA	VÁRZEA	RUA VALE DO SIRIJI	138	""	NA LADEIRA DO R7 DEPOIS DOS HOTEIS	RUA VALE DO SIRIJI	138	NA LADEIRA DO R7 DEPOIS DOS HOTEIS	VÁRZEA		""	COLISÃO	FIAT UNO X MOTO	1	1								1		""	""	""	""	""	""	""	""	""	""	""	""	""
6461	2018-08-05T00:00:00	06:49:00	COM VÍTIMA	FINALIZADA	CORDEIRO	RUA GOMES TABORDA	1247	""	E/F AO ARMAZÉM PHIEL	RUA GOMES TABORDA	1247	E/F AO ARMAZÉM PHIEL	CORDEIRO		""	COLISÃO	COM VITIMA.	1	1								1		""	""	""	""	""	""	""	""	""	""	""	""	""
6462	2018-08-05T00:00:00	06:53:00	SEM VÍTIMA	FINALIZADA	DERBY	AV GOVERNADOR AGAMENON MAGALHAES	""	""	SENT/OLINDA ,SEMAFORO 068,EM FRENTE AO RESTAURANTE SPETTUS	AV GOVERNADOR AGAMENON MAGALHAES	""	SENT/OLINDA ,SEMAFORO 068,EM FRENTE AO RESTAURANTE SPETTUS	DERBY		""	COLISÃO	SEM VITIMAS	2									0		""	""	""	""	""	""	""	""	""	""	""	""	""
6463	2018-08-05T00:00:00	08:49:00	SEM VÍTIMA	FINALIZADA	DOIS IRMÃOS	RUA DOIS IRMAOS	147	""	E/F A ABO (ASSOCIAÇÃO BRASILEIRA DE ODONTOLOGIA)	RUA DOIS IRMAOS	147	E/F A ABO (ASSOCIAÇÃO BRASILEIRA DE ODONTOLOGIA)	DOIS IRMÃOS		""	COLISÃO	SEM VÍTIMAS	3									0		""	""	""	""	""	""	""	""	""	""	""	""	""
6464	2018-08-05T00:00:00	08:57:00	SEM VÍTIMA	FINALIZADA	NOVA DESCOBERTA	RUA CORREGO DA AREIA	""	""	EM FRENTE AO COLEGIO MOACYR DE ALBUQUERQUE	RUA CORREGO DA AREIA	""	EM FRENTE AO COLEGIO MOACYR DE ALBUQUERQUE	NOVA DESCOBERTA		""	COLISÃO	COLISÃO SEM VITIMAS	2									0		""	""	""	""	""	""	""	""	""	""	""	""	""
6465	2018-08-05T00:00:00	10:25:00	SEM VÍTIMA	FINALIZADA	SANTO AMARO	RUA TREZE DE MAIO	914	""	EM FRENTE A PIZZA ZAP	RUA TREZE DE MAIO	914	EM FRENTE A PIZZA ZAP	SANTO AMARO		""	COLISÃO	DOIS AUTOS	2									0		""	""	""	""	""	""	""	""	""	""	""	""	""
6466	2018-08-05T00:00:00	11:27:00	COM VÍTIMA	FINALIZADA	BOMBA DO HEMETÉRIO	COR DO BARTOLOMEU	52	""	EM FRENTE A KATIA ADESIVO	COR DO BARTOLOMEU	52	EM FRENTE A KATIA ADESIVO	BOMBA DO HEMETÉRIO		""	COLISÃO	MOTO E AUTO										1		""	""	""	""	""	""	""	""	""	""	""	""	""
6467	2018-08-05T00:00:00	11:35:00	SEM VÍTIMA	FINALIZADA	BOA VIAGEM	RUA DOM JOSE LOPES	700	AV VISCONDE DE JEQUITINHONHA	CRUZ COM A AV VISCONDE DE JEQUITINHONHA EM FRENTE AO RESTAURANTE CALDISSIMO	RUA DOM JOSE LOPES	700	CRUZ COM A AV VISCONDE DE JEQUITINHONHA EM FRENTE AO RESTAURANTE CALDISSIMO	BOA VIAGEM		""	COLISÃO	COLISÃO SEM VITIMAS	2									0		""	""	""	""	""	""	""	""	""	""	""	""	""
6468	2018-08-05T00:00:00	12:56:00	SEM VÍTIMA	FINALIZADA	ARRUDA	RUA DAS MOCAS	856	RUA ZEFERINO AGRA	CRUZAMENTO COM A RUA ZEFERINO AGRA	RUA DAS MOCAS	856	CRUZAMENTO COM A RUA ZEFERINO AGRA	ARRUDA		""	COLISÃO	SEM VITIMAS	2									0		""	""	""	""	""	""	""	""	""	""	""	""	""
6469	2018-08-05T00:00:00	14:20:00	SEM VÍTIMA	FINALIZADA	IMBIRIBEIRA	AV MARECHAL MASCARENHAS DE MORAES	""	""	EM FRENTE A UPA SENTIDO AEROPORTO	AV MARECHAL MASCARENHAS DE MORAES	""	EM FRENTE A UPA SENTIDO AEROPORTO	IMBIRIBEIRA		""	COLISÃO	SEM VITIMAS	3									0		""	""	""	""	""	""	""	""	""	""	""	""	""
6470	2018-08-05T00:00:00	15:47:00	COM VÍTIMA	FINALIZADA	IMBIRIBEIRA	RUA ANTONIO FALCAO	301	""	EM FRENTE AO RESIDENCIAL LE PARC	RUA ANTONIO FALCAO	301	EM FRENTE AO RESIDENCIAL LE PARC	IMBIRIBEIRA		""	COLISÃO	COLISÃO COM VÍTIMA, MOTO E AUTO	1	1								2		""	""	""	""	""	""	""	""	""	""	""	""	""
6471	2018-08-05T00:00:00	16:10:00	SEM VÍTIMA	FINALIZADA	JARDIM SÃO PAULO	AV RECIFE	625	""	APOS O MAKRO, SENTIDO BR	AV RECIFE	625	APOS O MAKRO, SENTIDO BR	JARDIM SÃO PAULO		""	COLISÃO	COLISÃO SEM VITIMAS	2									0		""	""	""	""	""	""	""	""	""	""	""	""	""
6472	2018-08-05T00:00:00	16:11:00	SEM VÍTIMA	CANCELADA	ENCRUZILHADA	RUA DONA ELVIRA	147	""	EM FRENTE AO BAR BUDEGA RETRO	RUA DONA ELVIRA	147	EM FRENTE AO BAR BUDEGA RETRO	ENCRUZILHADA		""	COLISÃO	COLISÃO SEM VITIMA,VIATURA PF OFICIAL DESCARACTERIZADA	1							1		0		""	""	""	""	""	""	""	""	""	""	""	""	""
6473	2018-08-05T00:00:00	18:59:00	COM VÍTIMA	CANCELADA	CAXANGÁ	AV CAXANGA	""	""	ENCIMA DO VIADUTO QUE FICA ENF- DO HOSPITAL BARAO DE LUCENA	AV CAXANGA	""	ENCIMA DO VIADUTO QUE FICA ENF- DO HOSPITAL BARAO DE LUCENA	CAXANGÁ		""	CHOQUE	CINQUENTINHA : MOTOQUEIRO CAI E É LEVADO POR UMA AMBULANCIA QUE DEIXA A CINQUENTINHA ENCIMA DO VIADUTO			1						1	1		""	""	""	""	""	""	""	""	""	""	""	""	""
6474	2018-08-05T00:00:00	19:24:00	SEM VÍTIMA	FINALIZADA	MACAXEIRA	AV NORTE	""	""	ENF AO TERMINAL INTEGRADO DA MACAXEIRA SENTIDO SUBURBIO	AV NORTE	""	ENF AO TERMINAL INTEGRADO DA MACAXEIRA SENTIDO SUBURBIO	MACAXEIRA		""	COLISÃO	ONIBUS PEDROSA X FIAT UNO	1					1				0		""	""	""	""	""	""	""	""	""	""	""	""	""
6475	2018-08-05T00:00:00	22:14:00	SEM VÍTIMA	FINALIZADA	CASA AMARELA	RUA PADRE LEMOS	XX	""	MERCADO DE CASA AMARELA	RUA PADRE LEMOS	XX	MERCADO DE CASA AMARELA	CASA AMARELA		""	COLISÃO	COLISAO COM VEICULO E MOTO	1	1								0		""	""	""	""	""	""	""	""	""	""	""	""	""
6476	2018-08-05T00:00:00	23:46:00	COM VÍTIMA	FINALIZADA	IPUTINGA	RUA MAURICIO DE NASSAU	291	""	PROX A PADARIA ATLANTICA	RUA MAURICIO DE NASSAU	291	PROX A PADARIA ATLANTICA	IPUTINGA		""	COLISÃO	AUTO E MOTO C/V	1	1								1		""	""	""	""	""	""	""	""	""	""	""	""	""
6477	2018-08-06T00:00:00	06:49:00	SEM VÍTIMA	FINALIZADA	BAIRRO DO RECIFE	CAIS DO APOLO	""	""	E/F AO TRIBUNAL REGIONAL FEDERAL	CAIS DO APOLO	""	E/F AO TRIBUNAL REGIONAL FEDERAL	BAIRRO DO RECIFE		""	COLISÃO	SEM VÍTIMAS. BATEDORES NO LOCAL. MT 02 MT 18	1	1								0		""	""	""	""	""	""	""	""	""	""	""	""	""
6478	2018-08-06T00:00:00	07:48:00	SEM VÍTIMA	FINALIZADA	SAN MARTIN	AV ENGENHEIRO ABDIAS DE CARVALHO	""	AV GAL SAN MARTIN	SEMAFORO 058,SENT/BR 232,EM FRENTE AO COMPAZ	AV ENGENHEIRO ABDIAS DE CARVALHO	""	SEMAFORO 058,SENT/BR 232,EM FRENTE AO COMPAZ	SAN MARTIN		""	COLISÃO	SEM VITIMAS	4									0		""	""	""	""	""	""	""	""	""	""	""	""	""
6479	2018-08-06T00:00:00	08:25:00	SEM VÍTIMA	FINALIZADA	CAMPO GRANDE	RUA PRUDENTE DE MORAES	""	RUA CARLOS FERNANDES	CRUZ COM A RUA CARLOS FERNANDES	RUA PRUDENTE DE MORAES	""	CRUZ COM A RUA CARLOS FERNANDES	CAMPO GRANDE		""	COLISÃO	COLISÃO EM SEGUIDA DE CAPOTAMENTO	2									0		""	""	""	""	""	""	""	""	""	""	""	""	""
6480	2018-08-06T00:00:00	08:52:00	SEM VÍTIMA	FINALIZADA	DOIS IRMÃOS	RUA MANUEL DE MEDEIROS	214	""	PROX. A RURAL E SEMAFORO 588	RUA MANUEL DE MEDEIROS	214	PROX. A RURAL E SEMAFORO 588	DOIS IRMÃOS		""	COLISÃO	MOTO E DOIS AUTOS	2	1								0		""	""	""	""	""	""	""	""	""	""	""	""	""
6481	2018-08-06T00:00:00	08:57:00	SEM VÍTIMA	FINALIZADA	CORDEIRO	AV CAXANGA	""	""	EM FRENTE AO SUPERMERCADO EXTRA	AV CAXANGA	""	EM FRENTE AO SUPERMERCADO EXTRA	CORDEIRO		""	COLISÃO	COLISÃO CO VITIMA VT 15 QTH	1	1								0		""	""	""	""	""	""	""	""	""	""	""	""	""
6482	2018-08-06T00:00:00	09:20:00	SEM VÍTIMA	FINALIZADA	SANTO ANTÔNIO	RUA IMPERADOR PEDRO SEGUNDO	""	""	SEMÁFORO 206 AO LADO DO BANCO ANTANDER	RUA IMPERADOR PEDRO SEGUNDO	""	SEMÁFORO 206 AO LADO DO BANCO ANTANDER	SANTO ANTÔNIO		""	COLISÃO	SEM VÍTIMAS	2									0		""	""	""	""	""	""	""	""	""	""	""	""	""
6483	2018-08-06T00:00:00	09:47:00	SEM VÍTIMA	FINALIZADA	TEJIPIÓ	RUA APRIGIO GUIMARAES	186	""	EM FRENTE AO SALAO DO REINO DAS TESTEMUNHAS DE JEOVA	RUA APRIGIO GUIMARAES	186	EM FRENTE AO SALAO DO REINO DAS TESTEMUNHAS DE JEOVA	TEJIPIÓ		""	COLISÃO	DOIS AUTOS	2									0		""	""	""	""	""	""	""	""	""	""	""	""	""
6484	2018-08-06T00:00:00	09:52:00	SEM VÍTIMA	FINALIZADA	CASA AMARELA	RUA GOMES COUTINHO	2626	""	DE FRONTE AO HOSPITAL AGAMENON MAGALHÃES	RUA GOMES COUTINHO	2626	DE FRONTE AO HOSPITAL AGAMENON MAGALHÃES	CASA AMARELA		""	COLISÃO	SEM VÍTIMAS	2									0		""	""	""	""	""	""	""	""	""	""	""	""	""
6485	2018-08-06T00:00:00	10:00:00	SEM VÍTIMA	FINALIZADA	BOA VIAGEM	AV CONSELHEIRO AGUIAR	3355	""	AO LADO DA CAIXA ECONOMICA	AV CONSELHEIRO AGUIAR	3355	AO LADO DA CAIXA ECONOMICA	BOA VIAGEM		""	COLISÃO	SEM VITIMAS CTTU NO LOCAL	2									0		""	""	""	""	""	""	""	""	""	""	""	""	""
6486	2018-08-06T00:00:00	10:19:00	SEM VÍTIMA	CANCELADA	MADALENA	AV ENGENHEIRO ABDIAS DE CARVALHO	260	""	E/F AO HABIB'S, SENTIDO BR 232	AV ENGENHEIRO ABDIAS DE CARVALHO	260	E/F AO HABIB'S, SENTIDO BR 232	MADALENA		""	COLISÃO	SEM VÍTIMAS	2									0		""	""	""	""	""	""	""	""	""	""	""	""	""
6487	2018-08-06T00:00:00	10:28:00	COM VÍTIMA	FINALIZADA	BOA VIAGEM	AV ENGENHEIRO DOMINGOS FERREIRA	""	""	EM FRENTE AO WALMART,SENT/PRAZERES ,FAIXA DA ESQUERDA	AV ENGENHEIRO DOMINGOS FERREIRA	""	EM FRENTE AO WALMART,SENT/PRAZERES ,FAIXA DA ESQUERDA	BOA VIAGEM		""	COLISÃO	COM UMA VITIMA ,BOMBEIROS NO LOCAL,CTTU NO LOCAL	1						1			1		""	""	""	""	""	""	""	""	""	""	""	""	""
6488	2018-08-06T00:00:00	10:58:00	SEM VÍTIMA	FINALIZADA	BOA VIAGEM	RUA BARAO DE SOUZA LEAO	335	""	EM FRENTE AO MEDICAL CENTER	RUA BARAO DE SOUZA LEAO	335	EM FRENTE AO MEDICAL CENTER	BOA VIAGEM		""	COLISÃO	SEM VITIMAS.	1					1				0		""	""	""	""	""	""	""	""	""	""	""	""	""
6489	2018-08-06T00:00:00	12:26:00	SEM VÍTIMA	FINALIZADA	IMBIRIBEIRA	RUA IZABEL DE SOUZA	""	""	EM FRENTE AO ESPAÇO ABERTO	RUA IZABEL DE SOUZA	""	EM FRENTE AO ESPAÇO ABERTO	IMBIRIBEIRA		""	COLISÃO	COLISÃO SEM VÍTIMA	2									0		""	""	""	""	""	""	""	""	""	""	""	""	""
6490	2018-08-06T00:00:00	12:49:00	SEM VÍTIMA	FINALIZADA	IMBIRIBEIRA	AV GENERAL MAC ARTHUR	245	""	EM FRENTE AO VITA RESIDENCIAL CLUBE	AV GENERAL MAC ARTHUR	245	EM FRENTE AO VITA RESIDENCIAL CLUBE	IMBIRIBEIRA		""	COLISÃO	COLISÃO SEM VÍTIMA	3									0		""	""	""	""	""	""	""	""	""	""	""	""	""
6491	2018-08-06T00:00:00	12:54:00	SEM VÍTIMA	FINALIZADA	DERBY	AV GOVERNADOR AGAMENON MAGALHAES	""	""	NA FRENTE DO BRADESCO, SENTIDO BOA VIAGEM	AV GOVERNADOR AGAMENON MAGALHAES	""	NA FRENTE DO BRADESCO, SENTIDO BOA VIAGEM	DERBY		""	COLISÃO	COLISÃO SEM VITIMA	1						1			0		""	""	""	""	""	""	""	""	""	""	""	""	""
6492	2018-08-06T00:00:00	13:23:00	SEM VÍTIMA	FINALIZADA	MADALENA	RUA BENFICA	1015	""	AO LADO DO MARTELINHO DE OURO	RUA BENFICA	1015	AO LADO DO MARTELINHO DE OURO	MADALENA		""	COLISÃO	COLISAO ENTRE TRES AUTOS S/V	3									0		""	""	""	""	""	""	""	""	""	""	""	""	""
6493	2018-08-06T00:00:00	13:27:00	SEM VÍTIMA	FINALIZADA	CAMPO GRANDE	RUA VOLUNTARIOS DA PATRIA	145	""	ENFRENTE AO BAR DO NINJA	RUA VOLUNTARIOS DA PATRIA	145	ENFRENTE AO BAR DO NINJA	CAMPO GRANDE		""	COLISÃO	COLISÃO SEM VITIMAS	1	1								0		""	""	""	""	""	""	""	""	""	""	""	""	""
6494	2018-08-06T00:00:00	13:51:00	SEM VÍTIMA	FINALIZADA	AFLITOS	AV CONS ROSA E SILVA	""	RUA DR MALAQUIAS	COM RUA DOUTOR MALAQUIAS ESQUINA DO BANCO ITAU	AV CONS ROSA E SILVA	""	COM RUA DOUTOR MALAQUIAS ESQUINA DO BANCO ITAU	AFLITOS		""	COLISÃO	COLISAO ENTRE DOIS AUTOS S/V	2									0		""	""	""	""	""	""	""	""	""	""	""	""	""
6495	2018-08-06T00:00:00	14:12:00	SEM VÍTIMA	FINALIZADA	ESPINHEIRO	RUA ALFREDO DE CASTRO	""	""	AV NORTE - RUA JOSE DE SÁ CARNEIRO	RUA ALFREDO DE CASTRO	""	AV NORTE - RUA JOSE DE SÁ CARNEIRO	ESPINHEIRO		""	CHOQUE	CAMINHAO ARRASTOU FIAÇÃO DE POSTE							1			0		""	""	""	""	""	""	""	""	""	""	""	""	""
6496	2018-08-06T00:00:00	14:23:00	SEM VÍTIMA	FINALIZADA	SANTO AMARO	RUA MARQUÊS DO POMBAL	""	""	NA FRENTE DO SEMITERIO DE SANTO AMARO	RUA MARQUÊS DO POMBAL	""	NA FRENTE DO SEMITERIO DE SANTO AMARO	SANTO AMARO		""	COLISÃO	COLISÃO SEM VITIMA	2									0		""	""	""	""	""	""	""	""	""	""	""	""	""
6497	2018-08-06T00:00:00	15:08:00	SEM VÍTIMA	FINALIZADA	CAXANGÁ	AV CAXANGA	""	""	NA FRENTE AO WALLMART, SENTIDO CENTRO	AV CAXANGA	""	NA FRENTE AO WALLMART, SENTIDO CENTRO	CAXANGÁ		""	COLISÃO	COLISÃO SEM VITIMA	2									0		""	""	""	""	""	""	""	""	""	""	""	""	""