_id	DATA	hora	natureza_acidente	situacao	bairro	endereco	numero	detalhe_endereco_acidente	complemento	endereco_cruzamento	numero_cruzamento	referencia_cruzamento	bairro_cruzamento	num_semaforo	sentido_via	tipo	descricao	auto	moto	ciclom	ciclista	pedestre	onibus	caminhao	viatura	outros	vitimas	vitimasfatais	acidente_verificado	tempo_clima	situacao_semaforo	sinalizacao	condicao_via	conservacao_via	ponto_controle	situacao_placa	velocidade_max_via	mao_direcao	divisao_via1	divisao_via2	divisao_via3
6498	2018-08-06T00:00:00	15:32:00	SEM VÍTIMA	FINALIZADA	SANTO AMARO	AV NORTE	""	""	NO VIADUTO DA AV NORTE SENTIDO SUBURBIO	AV NORTE	""	NO VIADUTO DA AV NORTE SENTIDO SUBURBIO	SANTO AMARO		""	CHOQUE	CARRETA SE CHOCA COM MURETA DO VIADUTO DA AV NORTE, PORÉM O CONDUTOR DA MESMA, NÃO QUER CONFECCIONAR O BOLETIM DE OCORRÊNCIA, SEGUNDO AGENTES- QUE INFORMARAM TAMBÉM QUE OS PREJUÍZOS FORAM SÓ NO CAMINHÃO. A MURETA SOFREU APENAS ARRANHÕES.							1			0		""	""	""	""	""	""	""	""	""	""	""	""	""
6499	2018-08-06T00:00:00	16:00:00	SEM VÍTIMA	FINALIZADA	AFOGADOS	RUA PADRE TEOFILO TWORZ	""	""	PROXIMO A TUPAN	RUA PADRE TEOFILO TWORZ	""	PROXIMO A TUPAN	AFOGADOS		""	COLISÃO	COLISÃO SEM VÍTIMA	2									0		""	""	""	""	""	""	""	""	""	""	""	""	""
6500	2018-08-06T00:00:00	16:04:00	SEM VÍTIMA	FINALIZADA	BOA VIAGEM	RUA AMALIA BERNARDINO DE SOUZA	264	""	EM FRENTE AO POSTO BR	RUA AMALIA BERNARDINO DE SOUZA	264	EM FRENTE AO POSTO BR	BOA VIAGEM		""	COLISÃO	COLISÃO SEM VÍTIMA	2									0		""	""	""	""	""	""	""	""	""	""	""	""	""
6501	2018-08-06T00:00:00	16:09:00	COM VÍTIMA	FINALIZADA	AFOGADOS	EST DOS REMEDIOS	1030	""	E/F A TRASPORTADORA PONTUAL	EST DOS REMEDIOS	1030	E/F A TRASPORTADORA PONTUAL	AFOGADOS		""	COLISÃO COM CICLISTA	CICLISTA COLIDIU COM ALTO	1			1						1		""	""	""	""	""	""	""	""	""	""	""	""	""
6502	2018-08-06T00:00:00	16:18:00	SEM VÍTIMA	FINALIZADA	DERBY	AV GOVERNADOR AGAMENON MAGALHAES	""	""	EM FRENTE A RESTAURAÇÃO/ SENTIDO BOA VIAGEM	AV GOVERNADOR AGAMENON MAGALHAES	""	EM FRENTE A RESTAURAÇÃO/ SENTIDO BOA VIAGEM	DERBY		""	ENGAVETAMENTO	COLISÃO SEM VÍTIMA	5									0		""	""	""	""	""	""	""	""	""	""	""	""	""
6503	2018-08-06T00:00:00	16:24:00	COM VÍTIMA	FINALIZADA	IPUTINGA	AV CAXANGA	""	""	EM FRENTE A FACULDADE SANTA HELENA	AV CAXANGA	""	EM FRENTE A FACULDADE SANTA HELENA	IPUTINGA		""	COLISÃO	COLISÃO COM VITIMA	1	1								1		""	""	""	""	""	""	""	""	""	""	""	""	""
6504	2018-08-06T00:00:00	16:46:00	SEM VÍTIMA	FINALIZADA	BOA VIAGEM	AV ENGENHEIRO DOMINGOS FERREIRA	""	""	CARREFOR, SENTIDO PIEDADE	AV ENGENHEIRO DOMINGOS FERREIRA	""	CARREFOR, SENTIDO PIEDADE	BOA VIAGEM		""	COLISÃO	COLISÃO SEM VITIMA	1					1				0		""	""	""	""	""	""	""	""	""	""	""	""	""
6505	2018-08-06T00:00:00	17:03:00	SEM VÍTIMA	CANCELADA	ILHA DO RETIRO	RUA SPORT CLUBE DO RECIFE	""	""	APOS A JURANDIR PIRES S/T CURADO E/F AO POSTO DO EXTRA	RUA SPORT CLUBE DO RECIFE	""	APOS A JURANDIR PIRES S/T CURADO E/F AO POSTO DO EXTRA	ILHA DO RETIRO		""	COLISÃO	COLISAO ENTRE DOIS AUTOS E UMA MOTO S/V	2	1								0		""	""	""	""	""	""	""	""	""	""	""	""	""
6506	2018-08-06T00:00:00	17:21:00	SEM VÍTIMA	FINALIZADA	TOTÓ	RUA ANA CARNEIRO D'ALBUQUERQUE	""	""	AO LADO DA FARMACIA DO TRABALHADOR	RUA ANA CARNEIRO D'ALBUQUERQUE	""	AO LADO DA FARMACIA DO TRABALHADOR	TOTÓ		""	COLISÃO	COLISÃO SEM VITIMA	1						1			0		""	""	""	""	""	""	""	""	""	""	""	""	""
6507	2018-08-06T00:00:00	17:29:00	COM VÍTIMA	FINALIZADA	TORRE	RUA REAL DA TORRE	""	""	ANTES DA ENTRADA DO TUNEL DA ABOLIÇÃO NO SEMAFORO 361	RUA REAL DA TORRE	""	ANTES DA ENTRADA DO TUNEL DA ABOLIÇÃO NO SEMAFORO 361	TORRE		""	COLISÃO	COLISAO ENTRE AUTO E MOTO COM UMA VITIMA	1	1								1		""	""	""	""	""	""	""	""	""	""	""	""	""
6508	2018-08-06T00:00:00	17:29:00	SEM VÍTIMA	FINALIZADA	TORRE	RUA JOSE BONIFACIO	339	""	EM FRENTE A ASFABE	RUA JOSE BONIFACIO	339	EM FRENTE A ASFABE	TORRE		""	COLISÃO	COLISÃO SEM VÍTIMA	1					1				0		""	""	""	""	""	""	""	""	""	""	""	""	""
6509	2018-08-06T00:00:00	18:22:00	SEM VÍTIMA	FINALIZADA	SANTO AMARO	AV MARIO MELO	""	AV CRUZ CABUGA	CRUZAMENTO COM AV CRUZ CABUGA	AV MARIO MELO	""	CRUZAMENTO COM AV CRUZ CABUGA	SANTO AMARO		""	COLISÃO	CAMINHAO DO BOMBEIRO COM AUTO	1						1			0		""	""	""	""	""	""	""	""	""	""	""	""	""
6510	2018-08-06T00:00:00	19:10:00	COM VÍTIMA	FINALIZADA	FUNDÃO	RUA GERONCIO FALCAO	63	""	AO LADO DA IGREJA BATISTA DO FUNDAO	RUA GERONCIO FALCAO	63	AO LADO DA IGREJA BATISTA DO FUNDAO	FUNDÃO		""	CHOQUE	CHOAUTO X MOTO	1	1								1		""	""	""	""	""	""	""	""	""	""	""	""	""
6511	2018-08-06T00:00:00	19:44:00	SEM VÍTIMA	FINALIZADA	CAMPO GRANDE	RUA ODORICO MENDES	""	""	AO LADO DA DHPP SENTIDO CLUB DAS PAZ	RUA ODORICO MENDES	""	AO LADO DA DHPP SENTIDO CLUB DAS PAZ	CAMPO GRANDE		""	COLISÃO	MICRO-ONIBUS X FOX	1					1				0		""	""	""	""	""	""	""	""	""	""	""	""	""
6512	2018-08-06T00:00:00	20:34:00	COM VÍTIMA	FINALIZADA	TORRE	RUA DOM MANOEL DA COSTA	""	""	E/F AO COLÉGIO MUNICIPAL PAROQUIAL CRISTO REI	RUA DOM MANOEL DA COSTA	""	E/F AO COLÉGIO MUNICIPAL PAROQUIAL CRISTO REI	TORRE		""	COLISÃO	ENTRE MOTO E VT. C/V	1	1								1		""	""	""	""	""	""	""	""	""	""	""	""	""
6513	2018-08-07T00:00:00	07:31:00	SEM VÍTIMA	FINALIZADA	CAMPO GRANDE	RUA ODORICO MENDES	""	""	EM FRENTE AO IC SENT DERBY	RUA ODORICO MENDES	""	EM FRENTE AO IC SENT DERBY	CAMPO GRANDE		""	COLISÃO	CAMINHAO E AUTO	1						1			0		""	""	""	""	""	""	""	""	""	""	""	""	""
6514	2018-08-07T00:00:00	08:10:00	SEM VÍTIMA	FINALIZADA	PINA	AV ANTONIO DE GOES	""	RUA JOSE MARIANO FILHO	COM A RUA JOSE MARIANO FILHO	AV ANTONIO DE GOES	""	COM A RUA JOSE MARIANO FILHO	PINA		""	COLISÃO	COLISÃO ENVOLVENTO 3 VEÍCULOS COROLLA / GM/CLASSIC / MOTO CG 150	2	1								0		""	""	""	""	""	""	""	""	""	""	""	""	""
6515	2018-08-07T00:00:00	08:29:00	SEM VÍTIMA	FINALIZADA	MADALENA	RUA BENFICA	""	""	SEN. CIDADE-	RUA BENFICA	""	SEN. CIDADE-	MADALENA		""	COLISÃO	2 MOTOS		2								0		""	""	""	""	""	""	""	""	""	""	""	""	""
6516	2018-08-07T00:00:00	08:34:00	SEM VÍTIMA	FINALIZADA	BOA VIAGEM	RUA BRUNO VELOSO	232	""	AO LADO DO SHOPPING RECIFE	RUA BRUNO VELOSO	232	AO LADO DO SHOPPING RECIFE	BOA VIAGEM		""	COLISÃO	ONIBUS E CAMINHAO						1	1			0		""	""	""	""	""	""	""	""	""	""	""	""	""
6517	2018-08-07T00:00:00	08:43:00	SEM VÍTIMA	FINALIZADA	ESPINHEIRO	RUA QUARENTA E OITO	347	""	EM FRENTE AO EDF MARIA TEREZA	RUA QUARENTA E OITO	347	EM FRENTE AO EDF MARIA TEREZA	ESPINHEIRO		""	COLISÃO	DOIS AUTOS / VT 04 NO QTH	2									0		""	""	""	""	""	""	""	""	""	""	""	""	""
6518	2018-08-07T00:00:00	09:17:00	COM VÍTIMA	FINALIZADA	PRADO	RUA CARLOS GOMES	""	""	AO LADO DO BAILE PERFUMADO	RUA CARLOS GOMES	""	AO LADO DO BAILE PERFUMADO	PRADO		""	COLISÃO	COM UMA VITIMA,CTTU NO LOCAL VT 24 VAI FAZER O B.O	1	1								1		""	""	""	""	""	""	""	""	""	""	""	""	""
6519	2018-08-07T00:00:00	08:54:00	SEM VÍTIMA	FINALIZADA	ENCRUZILHADA	RUA AMARO COUTINHO	202	""	E/F A PRAÇA DOS CAMINHONEIROS.	RUA AMARO COUTINHO	202	E/F A PRAÇA DOS CAMINHONEIROS.	ENCRUZILHADA		""	COLISÃO	SEM VÍTIMAS	1					1				0		""	""	""	""	""	""	""	""	""	""	""	""	""
6520	2018-08-07T00:00:00	08:57:00	SEM VÍTIMA	CANCELADA	CASA AMARELA	RUA COSTA LIMA	""	AV NORTE	CRUZAMENTO COM A AV NORTE,RUA EM FRENTE A O POSTO BR	RUA COSTA LIMA	""	CRUZAMENTO COM A AV NORTE,RUA EM FRENTE A O POSTO BR	CASA AMARELA		""	COLISÃO	SEM VITIMAS	2									0		""	""	""	""	""	""	""	""	""	""	""	""	""
6521	2018-08-07T00:00:00	08:57:00	SEM VÍTIMA	FINALIZADA	AREIAS	""	1040	""	EM FRENTE A HM	""	1040	EM FRENTE A HM	AREIAS		""	ACID. DE PERCURSO	""		1								0		""	""	""	""	""	""	""	""	""	""	""	""	""
6522	2018-08-07T00:00:00	09:02:00	COM VÍTIMA	FINALIZADA	BOA VISTA	AV CONDE DA BOA VISTA	""	""	ENM FRENTE A FACULDADE SAO MIGUEL / SENT SUB	AV CONDE DA BOA VISTA	""	ENM FRENTE A FACULDADE SAO MIGUEL / SENT SUB	BOA VISTA		""	ATROPELAMENTO	ONIIBUS E PEDESTRE					1	1				1		""	""	""	""	""	""	""	""	""	""	""	""	""
6523	2018-08-07T00:00:00	09:09:00	""	CANCELADA	PRADO	RUA CARLOS GOMES	""	""	RICARDO SALAZAR	RUA CARLOS GOMES	""	RICARDO SALAZAR	PRADO		""	COLISÃO	VW/GOL E MOTO	1	1								1		""	""	""	""	""	""	""	""	""	""	""	""	""
6524	2018-08-07T00:00:00	09:28:00	SEM VÍTIMA	FINALIZADA	VÁRZEA	RUA AZEREDO COUTINHO	153	RUA MARIO CAMPELO	TRANSVERSAL COM A RUA MARIO CAMPELO ,EM FRENTE A PADARIA PRAÇA DOS PÃES	RUA AZEREDO COUTINHO	153	TRANSVERSAL COM A RUA MARIO CAMPELO ,EM FRENTE A PADARIA PRAÇA DOS PÃES	VÁRZEA		""	COLISÃO	SEM VITIMAS	2									0		""	""	""	""	""	""	""	""	""	""	""	""	""
6525	2018-08-07T00:00:00	09:46:00	SEM VÍTIMA	FINALIZADA	IMBIRIBEIRA	AV MARECHAL MASCARENHAS DE MORAES	""	""	EM FRENTE A LOCALIZA / SENT SUB AFOGADOS / EM FRENTE AO AEROPORTO	AV MARECHAL MASCARENHAS DE MORAES	""	EM FRENTE A LOCALIZA / SENT SUB AFOGADOS / EM FRENTE AO AEROPORTO	IMBIRIBEIRA		""	COLISÃO	MOTO E TRÊS AUTOS	3	1								0		""	""	""	""	""	""	""	""	""	""	""	""	""
6526	2018-08-07T00:00:00	09:57:00	SEM VÍTIMA	FINALIZADA	ESPINHEIRO	RUA DO ESPINHEIRO	151	""	EM FRENTE AO EDIFICIO ETIENE	RUA DO ESPINHEIRO	151	EM FRENTE AO EDIFICIO ETIENE	ESPINHEIRO		""	COLISÃO	COLISÃO SEM VÍTIMA	2									0		""	""	""	""	""	""	""	""	""	""	""	""	""
6527	2018-08-07T00:00:00	09:59:00	SEM VÍTIMA	FINALIZADA	GRAÇAS	AV RUI BARBOSA	""	""	RUA DAS CREOULAS - SEMÁFORO 102	AV RUI BARBOSA	""	RUA DAS CREOULAS - SEMÁFORO 102	GRAÇAS		""	COLISÃO	SEM VÍTIMAS	2									0		""	""	""	""	""	""	""	""	""	""	""	""	""
6528	2018-08-07T00:00:00	11:05:00	SEM VÍTIMA	FINALIZADA	PORTO DA MADEIRA	AV BEBERIBE	3530	""	EM FRENTE AO CONDOMINIO JOÃO PAULO SEGUNDO	AV BEBERIBE	3530	EM FRENTE AO CONDOMINIO JOÃO PAULO SEGUNDO	PORTO DA MADEIRA		""	COLISÃO	SEM VITIMAS	1					1				0		""	""	""	""	""	""	""	""	""	""	""	""	""
6529	2018-08-07T00:00:00	11:12:00	SEM VÍTIMA	CANCELADA	CAXANGÁ	AV JOAQUIM RIBEIRO	""	""	EM FRENTE A UPA SEMAFORO 281	AV JOAQUIM RIBEIRO	""	EM FRENTE A UPA SEMAFORO 281	CAXANGÁ		""	COLISÃO	MOTO E AUTO	1	1								0		""	""	""	""	""	""	""	""	""	""	""	""	""
6530	2018-08-07T00:00:00	11:50:00	SEM VÍTIMA	FINALIZADA	SANTO AMARO	AV VISCONDE DE SUASSUNA	273	""	EM FRENTE A PADARIA DELICIAS DO TRIGO	AV VISCONDE DE SUASSUNA	273	EM FRENTE A PADARIA DELICIAS DO TRIGO	SANTO AMARO		""	COLISÃO	COLISÃO SEM VÍTIMA	1						1			0		""	""	""	""	""	""	""	""	""	""	""	""	""
6531	2018-08-07T00:00:00	11:53:00	SEM VÍTIMA	FINALIZADA	IMBIRIBEIRA	RUA PAMPULHA	159	""	EM FRENTE DA PADARIA VALE DO RIO DOCE	RUA PAMPULHA	159	EM FRENTE DA PADARIA VALE DO RIO DOCE	IMBIRIBEIRA		""	COLISÃO	SEM VITIMAS	2									0		""	""	""	""	""	""	""	""	""	""	""	""	""
6532	2018-08-07T00:00:00	12:19:00	SEM VÍTIMA	FINALIZADA	IBURA	AV DOIS RIOS	430	""	E/F A IGREJA DOS MORMOS IBURA DE BAIXO	AV DOIS RIOS	430	E/F A IGREJA DOS MORMOS IBURA DE BAIXO	IBURA		""	COLISÃO	COLISAO ONIBUS E DOIS AUTO S/V	2					1				0		""	""	""	""	""	""	""	""	""	""	""	""	""
6533	2018-08-07T00:00:00	12:28:00	SEM VÍTIMA	FINALIZADA	DERBY	AV GOVERNADOR AGAMENON MAGALHAES	75	""	EM FRENTE A ODONTOCAPE/ SENTIDO BOA VIAGEM	AV GOVERNADOR AGAMENON MAGALHAES	75	EM FRENTE A ODONTOCAPE/ SENTIDO BOA VIAGEM	DERBY		""	COLISÃO	COLISÃO SEM VÍTIMA	1	1								0		""	""	""	""	""	""	""	""	""	""	""	""	""
6534	2018-08-07T00:00:00	12:40:00	SEM VÍTIMA	FINALIZADA	IBURA	RUA RIO PARANAIBA	588	""	POR TRAS DO IBURA AUYO PEÇAS	RUA RIO PARANAIBA	588	POR TRAS DO IBURA AUYO PEÇAS	IBURA		""	COLISÃO	COLISAO ENTRE ONIBUS E AUTO S/V	1					1				0		""	""	""	""	""	""	""	""	""	""	""	""	""
6535	2018-08-07T00:00:00	13:46:00	SEM VÍTIMA	FINALIZADA	IMBIRIBEIRA	AV MARECHAL MASCARENHAS DE MORAES	""	""	E/F A PRAÇA DO AEROPORTO GM HYAGO E GM ANGELICA NO LOCAL	AV MARECHAL MASCARENHAS DE MORAES	""	E/F A PRAÇA DO AEROPORTO GM HYAGO E GM ANGELICA NO LOCAL	IMBIRIBEIRA		""	COLISÃO	COLISAO ENTRE DOIS AUTOS S/V	3									0		""	""	""	""	""	""	""	""	""	""	""	""	""
6536	2018-08-07T00:00:00	13:58:00	SEM VÍTIMA	FINALIZADA	ÁGUA FRIA	AV BEBERIBE	2249	""	EM FRENTE A SOBERANO	AV BEBERIBE	2249	EM FRENTE A SOBERANO	ÁGUA FRIA		""	COLISÃO	COLISÃO SEM VÍTIMA	1	1								0		""	""	""	""	""	""	""	""	""	""	""	""	""
6537	2018-08-07T00:00:00	14:07:00	COM VÍTIMA	FINALIZADA	VÁRZEA	RUA VALE DO SIRIJI	2050	RUA DODRIGO DELAMARE	CRUZAMENTO COM A RUA RODRIGO DELAMARE	RUA VALE DO SIRIJI	2050	CRUZAMENTO COM A RUA RODRIGO DELAMARE	VÁRZEA		""	COLISÃO COM CICLISTA	COM VÍTIMA	1			1						1		""	""	""	""	""	""	""	""	""	""	""	""	""
6538	2018-08-07T00:00:00	14:38:00	SEM VÍTIMA	FINALIZADA	IPSEP	AV RECIFE	""	""	PROX. A PONTE D CAÇOTE, JUNTO AO SEMAFORO 212	AV RECIFE	""	PROX. A PONTE D CAÇOTE, JUNTO AO SEMAFORO 212	IPSEP		""	COLISÃO	COLISÃO SEM VÍTIMA	3									0		""	""	""	""	""	""	""	""	""	""	""	""	""
6539	2018-08-07T00:00:00	16:03:00	SEM VÍTIMA	FINALIZADA	TEJIPIÓ	RUA FALCAO DE LACERDA	10	""	APOS A ESTAÇÃO, SENTIDO JABOATÃO	RUA FALCAO DE LACERDA	10	APOS A ESTAÇÃO, SENTIDO JABOATÃO	TEJIPIÓ		""	COLISÃO	COLISÃO SEM VITIMA	2									0		""	""	""	""	""	""	""	""	""	""	""	""	""
6540	2018-08-07T00:00:00	16:24:00	SEM VÍTIMA	FINALIZADA	BOA VIAGEM	RUA DR JOSE PACIFICO PEREIRA	""	""	ESQUINA DA PADARIA DANIELLY	RUA DR JOSE PACIFICO PEREIRA	""	ESQUINA DA PADARIA DANIELLY	BOA VIAGEM		""	COLISÃO	COLISÃO SEM VITMA	2									0		""	""	""	""	""	""	""	""	""	""	""	""	""
6541	2018-08-07T00:00:00	16:29:00	SEM VÍTIMA	FINALIZADA	CORDEIRO	RUA GOMES TABORDA	1237	""	EM FRENTE A CLAU ÓTICA	RUA GOMES TABORDA	1237	EM FRENTE A CLAU ÓTICA	CORDEIRO		""	COLISÃO	COLISÃO SEM VÍTIMA	2									0		""	""	""	""	""	""	""	""	""	""	""	""	""
6542	2018-08-07T00:00:00	17:40:00	SEM VÍTIMA	FINALIZADA	DERBY	RUA JOAQUIM NABUCO	344	""	E/F A FARMACIA QUATRO CANTOS	RUA JOAQUIM NABUCO	344	E/F A FARMACIA QUATRO CANTOS	DERBY		""	COLISÃO	ENTRE 2 AUTOS. S/V / BATEDORES NO LOCAL	2									0		""	""	""	""	""	""	""	""	""	""	""	""	""
6543	2018-08-07T00:00:00	17:49:00	COM VÍTIMA	FINALIZADA	IPUTINGA	RUA BARAO DA SOLEDADE	42	""	POR TRÁS DO CONDOMÍNIO ABENÇOADA POR DEUS / AO LADO DA COBAL DO CARDOSO	RUA BARAO DA SOLEDADE	42	POR TRÁS DO CONDOMÍNIO ABENÇOADA POR DEUS / AO LADO DA COBAL DO CARDOSO	IPUTINGA		""	COLISÃO	ENTRE AUTO E MOTO ( CONDUTOR DA MOTO EM QUESTÃO, APRESENTA EMBRIAGUEZ E SEGUNDO AS INFO, O MESMO TENTOU SEM SUCESSO SE INVADIR DO LOCAL ) C/V	1	1								1		""	""	""	""	""	""	""	""	""	""	""	""	""
6544	2018-08-07T00:00:00	18:06:00	SEM VÍTIMA	FINALIZADA	PINA	AV REPUBLICA DO LIBANO	""	""	NA VIA QUE DA NA ENTRADA DO SHOPPING RIO MAR	AV REPUBLICA DO LIBANO	""	NA VIA QUE DA NA ENTRADA DO SHOPPING RIO MAR	PINA		""	COLISÃO	ENTRE 2 AUTOS. S/V	2									0		""	""	""	""	""	""	""	""	""	""	""	""	""
6545	2018-08-07T00:00:00	18:42:00	SEM VÍTIMA	FINALIZADA	ESPINHEIRO	AV GOVERNADOR AGAMENON MAGALHAES	2939	""	ENF AO MINISTERIO DO TRABALHO SENTIDO BOA VIAGEM	AV GOVERNADOR AGAMENON MAGALHAES	2939	ENF AO MINISTERIO DO TRABALHO SENTIDO BOA VIAGEM	ESPINHEIRO		""	COLISÃO	CAMINHAO X 4 AUTO :: OBS SUSPEITA DE EMBRIAGUEZ	4						1			0		""	""	""	""	""	""	""	""	""	""	""	""	""
6546	2018-08-07T00:00:00	19:11:00	SEM VÍTIMA	FINALIZADA	MADALENA	RUA BENFICA	72	""	ACESSO A ABDIAS DE CARVALHO / E/F A PRC DA BANDEIRA	RUA BENFICA	72	ACESSO A ABDIAS DE CARVALHO / E/F A PRC DA BANDEIRA	MADALENA		""	COLISÃO	ENTRE AUTO E ÔNIBUS. S/V	1					1				0		""	""	""	""	""	""	""	""	""	""	""	""	""
6547	2018-08-07T00:00:00	19:19:00	SEM VÍTIMA	CANCELADA	VASCO DA GAMA	RUA VASCO DA GAMA	""	""	E/F A DELEGACIA DO VASCO DA GAMA	RUA VASCO DA GAMA	""	E/F A DELEGACIA DO VASCO DA GAMA	VASCO DA GAMA		""	COLISÃO	ENTRE AUTO E ÔNIBUS. S/V	1					1				0		""	""	""	""	""	""	""	""	""	""	""	""	""
6548	2018-08-07T00:00:00	19:50:00	SEM VÍTIMA	CANCELADA	VÁRZEA	RUA PROFESSOR CHAVES BATISTA	112	RUA EMILIANO BRAGA	CRUZAMENTO COM A RUA EMILIANO BRAGA	RUA PROFESSOR CHAVES BATISTA	112	CRUZAMENTO COM A RUA EMILIANO BRAGA	VÁRZEA		""	COLISÃO	""	2									0		""	""	""	""	""	""	""	""	""	""	""	""	""
6549	2018-08-07T00:00:00	21:20:00	SEM VÍTIMA	FINALIZADA	SANTO AMARO	AV CRUZ CABUGA	""	""	ENF A HONDA OBS:: VT 13 DA CTTU ESTA NO LOCAL	AV CRUZ CABUGA	""	ENF A HONDA OBS:: VT 13 DA CTTU ESTA NO LOCAL	SANTO AMARO		""	COLISÃO	ONIBUS E UM BRT MAS AUTO	1					2				0		""	""	""	""	""	""	""	""	""	""	""	""	""
6550	2018-08-07T00:00:00	23:26:00	SEM VÍTIMA	FINALIZADA	CAXANGÁ	AV CAXANGA	""	""	ENF AO PERNAMBUCO DA SORTE // SENTIDO CENTRO PROX AO POSTO FEDERAL	AV CAXANGA	""	ENF AO PERNAMBUCO DA SORTE // SENTIDO CENTRO PROX AO POSTO FEDERAL	CAXANGÁ		""	COLISÃO	COROLA X PALIO	2									0		""	""	""	""	""	""	""	""	""	""	""	""	""
6551	2018-08-08T00:00:00	08:04:00	SEM VÍTIMA	CANCELADA	TORRE	RUA CONDE DE IRAJA	140	""	EM FRENTE AO EDF ENGENHO DA TORRE	RUA CONDE DE IRAJA	140	EM FRENTE AO EDF ENGENHO DA TORRE	TORRE		""	COLISÃO	SEM VITIMAS	1	1								0		""	""	""	""	""	""	""	""	""	""	""	""	""
6552	2018-08-08T00:00:00	08:08:00	SEM VÍTIMA	FINALIZADA	ILHA DO RETIRO	AV ENGENHEIRO ABDIAS DE CARVALHO	""	""	EM FRENTE AO CLUBE SPORT	AV ENGENHEIRO ABDIAS DE CARVALHO	""	EM FRENTE AO CLUBE SPORT	ILHA DO RETIRO		""	COLISÃO	DOIS AUTO E UMA MOTO	2	1								0		""	""	""	""	""	""	""	""	""	""	""	""	""
6553	2018-08-08T00:00:00	08:15:00	COM VÍTIMA	FINALIZADA	IMBIRIBEIRA	AV MARECHAL MASCARENHAS DE MORAES	""	""	EM FRENTE A GRILLO FLORES	AV MARECHAL MASCARENHAS DE MORAES	""	EM FRENTE A GRILLO FLORES	IMBIRIBEIRA		""	COLISÃO	DUAS MOTOCICLETAS, COM VÍTIMA.										1		""	""	""	""	""	""	""	""	""	""	""	""	""
6554	2018-08-08T00:00:00	08:16:00	SEM VÍTIMA	FINALIZADA	SANTO AMARO	AV GOVERNADOR AGAMENON MAGALHAES	""	""	EM FRENTE AO BOMPREÇO, SENT. OLINDA	AV GOVERNADOR AGAMENON MAGALHAES	""	EM FRENTE AO BOMPREÇO, SENT. OLINDA	SANTO AMARO		""	COLISÃO	ONIBUS E AUTO	1					1				0		""	""	""	""	""	""	""	""	""	""	""	""	""
6555	2018-08-08T00:00:00	08:52:00	COM VÍTIMA	FINALIZADA	CAXANGÁ	AV CAXANGA	""	""	EM FRENTE AO TERMINAL INTEGRADO, SOB O SEMÁFORO 262.	AV CAXANGA	""	EM FRENTE AO TERMINAL INTEGRADO, SOB O SEMÁFORO 262.	CAXANGÁ		""	ACID. DE PERCURSO	MOTOCICLISTA CAIU DA MOTO.		1								1		""	""	""	""	""	""	""	""	""	""	""	""	""
6556	2018-08-08T00:00:00	10:08:00	SEM VÍTIMA	FINALIZADA	GRAÇAS	AV GOVERNADOR AGAMENON MAGALHAES	""	""	EM FRENTE A EMBRATEL ,SENT/BOA VIAGEM	AV GOVERNADOR AGAMENON MAGALHAES	""	EM FRENTE A EMBRATEL ,SENT/BOA VIAGEM	GRAÇAS		""	COLISÃO	SEM VITIMAS CTTU NO LOCAL	2									0		""	""	""	""	""	""	""	""	""	""	""	""	""
6557	2018-08-08T00:00:00	10:50:00	SEM VÍTIMA	FINALIZADA	IMBIRIBEIRA	AV MARECHAL MASCARENHAS DE MORAES	""	""	PROX AO POSTO IPIRANGA / SENT CIDADE /	AV MARECHAL MASCARENHAS DE MORAES	""	PROX AO POSTO IPIRANGA / SENT CIDADE /	IMBIRIBEIRA		""	COLISÃO	DOIS AUTOS	2									0		""	""	""	""	""	""	""	""	""	""	""	""	""
6558	2018-08-08T00:00:00	10:55:00	SEM VÍTIMA	FINALIZADA	ILHA DO RETIRO	RUA JOAO ELISIO RAMOS	""	""	AO LADO DO ESTÁDIO DA ILHA DO RETIRO	RUA JOAO ELISIO RAMOS	""	AO LADO DO ESTÁDIO DA ILHA DO RETIRO	ILHA DO RETIRO		""	COLISÃO	COLISÃO ENTRE AUTO E MOTO SEM VÍTIMA	1	1								0		""	""	""	""	""	""	""	""	""	""	""	""	""
6559	2018-08-08T00:00:00	10:57:00	SEM VÍTIMA	FINALIZADA	ROSARINHO	AV NORTE	""	RUA TREZE DE JULHO	COM A RUA TREZE DE JULHO SEMAFORO 456	AV NORTE	""	COM A RUA TREZE DE JULHO SEMAFORO 456	ROSARINHO		""	COLISÃO	MOTO E AUTO	1	1								0		""	""	""	""	""	""	""	""	""	""	""	""	""
6560	2018-08-08T00:00:00	11:10:00	SEM VÍTIMA	FINALIZADA	IPUTINGA	AV CAXANGA	""	""	SEMAFORO 268 / SENT CIDADE	AV CAXANGA	""	SEMAFORO 268 / SENT CIDADE	IPUTINGA		""	COLISÃO	TRES AUTOS	3									0		""	""	""	""	""	""	""	""	""	""	""	""	""
6561	2018-08-08T00:00:00	11:44:00	COM VÍTIMA	FINALIZADA	COELHOS	LGO DOS COELHOS	84	""	""	LGO DOS COELHOS	84	""	COELHOS		""	ATROPELAMENTO	ATROPELAMENTO / CRIANÇA	1				1					1		""	""	""	""	""	""	""	""	""	""	""	""	""
6562	2018-08-08T00:00:00	11:47:00	COM VÍTIMA	CANCELADA	IPSEP	RUA SILVEIRA NETO	54	""	RUA AO LADO DA DELEGACIa	RUA SILVEIRA NETO	54	RUA AO LADO DA DELEGACIa	IPSEP		""	COLISÃO	AUTO E MOTO	1	1								1		""	""	""	""	""	""	""	""	""	""	""	""	""
6563	2018-08-08T00:00:00	12:38:00	SEM VÍTIMA	FINALIZADA	BOA VIAGEM	AV CONSELHEIRO AGUIAR	3500	""	EM FRENTE AO HOTEL ARCADIA	AV CONSELHEIRO AGUIAR	3500	EM FRENTE AO HOTEL ARCADIA	BOA VIAGEM		""	COLISÃO	SEM VITIMAS	1	1								0		""	""	""	""	""	""	""	""	""	""	""	""	""