_id	DATA	hora	natureza_acidente	situacao	bairro	endereco	numero	detalhe_endereco_acidente	complemento	endereco_cruzamento	numero_cruzamento	referencia_cruzamento	bairro_cruzamento	num_semaforo	sentido_via	tipo	descricao	auto	moto	ciclom	ciclista	pedestre	onibus	caminhao	viatura	outros	vitimas	vitimasfatais	acidente_verificado	tempo_clima	situacao_semaforo	sinalizacao	condicao_via	conservacao_via	ponto_controle	situacao_placa	velocidade_max_via	mao_direcao	divisao_via1	divisao_via2	divisao_via3
6625	2018-08-10T00:00:00	08:52:00	SEM VÍTIMA	CANCELADA	APIPUCOS	RUA DE APIPUCOS	""	""	APOS O 11° DE POLICIA MILITAR, SENT. CASA FORTE	RUA DE APIPUCOS	""	APOS O 11° DE POLICIA MILITAR, SENT. CASA FORTE	APIPUCOS		""	COLISÃO	AUTO E MOTO	1	1								0		""	""	""	""	""	""	""	""	""	""	""	""	""
6626	2018-08-10T00:00:00	09:07:00	SEM VÍTIMA	FINALIZADA	BOA VIAGEM	RUA FELIX DE BRITO E MELO	168	""	E/F AO BRADESCO	RUA FELIX DE BRITO E MELO	168	E/F AO BRADESCO	BOA VIAGEM		""	COLISÃO	COLISAO ENTRE DOIS AUTOS S/V	2									0		""	""	""	""	""	""	""	""	""	""	""	""	""
6627	2018-08-10T00:00:00	09:57:00	SEM VÍTIMA	CANCELADA	BOA VIAGEM	AV DOM JOAO VI	""	""	BEIRA CANAL POR TRAS DO SHOPPING RECIFE PROX A LOMBADA ELETRONICA	AV DOM JOAO VI	""	BEIRA CANAL POR TRAS DO SHOPPING RECIFE PROX A LOMBADA ELETRONICA	BOA VIAGEM		""	COLISÃO	COLISAO ENTRE DOIS AUTOS S/V	2									0		""	""	""	""	""	""	""	""	""	""	""	""	""
6628	2018-08-10T00:00:00	10:05:00	SEM VÍTIMA	FINALIZADA	AFOGADOS	RUA MOTOCOLOMBO	""	""	E/F AO TROCÃO, SENTIDO LARGO DA PAZ. NA DESCIDA DA PONTE	RUA MOTOCOLOMBO	""	E/F AO TROCÃO, SENTIDO LARGO DA PAZ. NA DESCIDA DA PONTE	AFOGADOS		""	COLISÃO	SEM VÍTIMAS	2									0		""	""	""	""	""	""	""	""	""	""	""	""	""
6629	2018-08-10T00:00:00	10:06:00	SEM VÍTIMA	FINALIZADA	IBURA	LAD DA COHAB	""	""	NA LADEIRA DA UR1 NA SUBIDA DO IBURA	LAD DA COHAB	""	NA LADEIRA DA UR1 NA SUBIDA DO IBURA	IBURA		""	COLISÃO	COLISAO ENTRE DOIS AUTOS S/V	2									0		""	""	""	""	""	""	""	""	""	""	""	""	""
6630	2018-08-10T00:00:00	10:16:00	SEM VÍTIMA	FINALIZADA	VÁRZEA	AV AFONSO OLINDENSE	709	""	PROX A LOMBADA ELETRONICA EM FRENTE AO CONDOMINIO PRAÇA DAS ARAUCARIAS	AV AFONSO OLINDENSE	709	PROX A LOMBADA ELETRONICA EM FRENTE AO CONDOMINIO PRAÇA DAS ARAUCARIAS	VÁRZEA		""	COLISÃO	COLISÃO SEM VITIMAS	1	1								0		""	""	""	""	""	""	""	""	""	""	""	""	""
6631	2018-08-10T00:00:00	10:18:00	SEM VÍTIMA	FINALIZADA	MADALENA	EST DOS REMEDIOS	1988	""	E/F A HC PNEUS	EST DOS REMEDIOS	1988	E/F A HC PNEUS	MADALENA		""	COLISÃO	SEM VÍTIMAS. VT 17 NO LOCAL	2									0		""	""	""	""	""	""	""	""	""	""	""	""	""
6632	2018-08-10T00:00:00	10:47:00	SEM VÍTIMA	FINALIZADA	PAISSANDU	AV GOVERNADOR AGAMENON MAGALHAES	4318	""	EMPRESARIAL RENATO DIAS	AV GOVERNADOR AGAMENON MAGALHAES	4318	EMPRESARIAL RENATO DIAS	PAISSANDU		""	ENGAVETAMENTO	OCORRÊNCIA ENVOLVENDO 03 VEÍCULOS	3									0		""	""	""	""	""	""	""	""	""	""	""	""	""
6633	2018-08-10T00:00:00	11:13:00	SEM VÍTIMA	FINALIZADA	CASA AMARELA	RUA DA HARMONIA	599	""	RESIDENCIA AO LADO DO POSTO DO INSS	RUA DA HARMONIA	599	RESIDENCIA AO LADO DO POSTO DO INSS	CASA AMARELA		""	COLISÃO	COLISÃO SEM VITIMAS	1	1								0		""	""	""	""	""	""	""	""	""	""	""	""	""
6634	2018-08-10T00:00:00	11:16:00	SEM VÍTIMA	FINALIZADA	PINA	AV ENGENHEIRO DOMINGOS FERREIRA	1195	""	ANTES DO POSTO SHELL, NO SEMAFORO 324	AV ENGENHEIRO DOMINGOS FERREIRA	1195	ANTES DO POSTO SHELL, NO SEMAFORO 324	PINA		""	COLISÃO	DOIS AUTOS	2									0		""	""	""	""	""	""	""	""	""	""	""	""	""
6635	2018-08-10T00:00:00	11:51:00	SEM VÍTIMA	FINALIZADA	BOA VIAGEM	AV BOA VIAGEM	3650	""	EM FRENTE AO EDIFICIO AMBROSIO TRAJANO	AV BOA VIAGEM	3650	EM FRENTE AO EDIFICIO AMBROSIO TRAJANO	BOA VIAGEM		""	COLISÃO	COLISÃO SEM VÍTIMA	1									0		""	""	""	""	""	""	""	""	""	""	""	""	""
6636	2018-08-10T00:00:00	12:00:00	SEM VÍTIMA	FINALIZADA	ESPINHEIRO	RUA AMELIA	""	""	NO SEMÁFORO 195	RUA AMELIA	""	NO SEMÁFORO 195	ESPINHEIRO		""	COLISÃO	COLISÃO SEM VÍTIMA	1					1				0		""	""	""	""	""	""	""	""	""	""	""	""	""
6637	2018-08-10T00:00:00	12:31:00	SEM VÍTIMA	FINALIZADA	PINA	AV HERCULANO BANDEIRA	640	""	EM FRENTE A TOP VEICULOS	AV HERCULANO BANDEIRA	640	EM FRENTE A TOP VEICULOS	PINA		""	COLISÃO	DOIS AUTOS	2									0		""	""	""	""	""	""	""	""	""	""	""	""	""
6638	2018-08-10T00:00:00	12:37:00	SEM VÍTIMA	FINALIZADA	ROSARINHO	RUA AMARO COUTINHO	395	""	AO LADO DO BOBS BAR	RUA AMARO COUTINHO	395	AO LADO DO BOBS BAR	ROSARINHO		""	COLISÃO	DOIS AUTOS	2									0		""	""	""	""	""	""	""	""	""	""	""	""	""
6639	2018-08-10T00:00:00	12:37:00	SEM VÍTIMA	FINALIZADA	CORDEIRO	AV CAXANGA	""	""	NO SEMÁFORO 080/ SENTIDO CIDADE	AV CAXANGA	""	NO SEMÁFORO 080/ SENTIDO CIDADE	CORDEIRO		""	COLISÃO	COLISÃO SEM VÍTIMA	1	1								0		""	""	""	""	""	""	""	""	""	""	""	""	""
6640	2018-08-10T00:00:00	12:54:00	COM VÍTIMA	FINALIZADA	CAMPO GRANDE	RUA PROFESSOR ANDRADE BEZERRA	""	""	EM FRENTE A IGREJA BATISTA DE CAMPO GRANDE	RUA PROFESSOR ANDRADE BEZERRA	""	EM FRENTE A IGREJA BATISTA DE CAMPO GRANDE	CAMPO GRANDE		""	COLISÃO	COLISÃO COM VÍTIMA	1	1								1		""	""	""	""	""	""	""	""	""	""	""	""	""
6641	2018-08-10T00:00:00	13:39:00	SEM VÍTIMA	FINALIZADA	BOA VISTA	AV GOVERNADOR AGAMENON MAGALHAES	""	""	PISTA LOCAL S/T BOA VIAGEM/OLINDA EM FRENTE EMPRESARIAL TOMAS EDSON	AV GOVERNADOR AGAMENON MAGALHAES	""	PISTA LOCAL S/T BOA VIAGEM/OLINDA EM FRENTE EMPRESARIAL TOMAS EDSON	BOA VISTA		""	COLISÃO	DOIS AUTOS S/V	2									0		""	""	""	""	""	""	""	""	""	""	""	""	""
6642	2018-08-10T00:00:00	14:18:00	SEM VÍTIMA	FINALIZADA	APIPUCOS	AV DEZESSETE DE AGOSTO	""	""	SEMAFORO 500	AV DEZESSETE DE AGOSTO	""	SEMAFORO 500	APIPUCOS		""	COLISÃO	ONIBUS ESCOLAR E MOTO		1				1				0		""	""	""	""	""	""	""	""	""	""	""	""	""
6643	2018-08-10T00:00:00	14:50:00	SEM VÍTIMA	FINALIZADA	VÁRZEA	AV AFONSO OLINDENSE	690	""	RUA DO ARMAZEM	AV AFONSO OLINDENSE	690	RUA DO ARMAZEM	VÁRZEA		""	COLISÃO	""	1	1								0		""	""	""	""	""	""	""	""	""	""	""	""	""
6644	2018-08-10T00:00:00	15:14:00	SEM VÍTIMA	FINALIZADA	MADALENA	AV ENGENHEIRO ABDIAS DE CARVALHO	""	""	EM FRENTE A FACULDADE ESTACIO	AV ENGENHEIRO ABDIAS DE CARVALHO	""	EM FRENTE A FACULDADE ESTACIO	MADALENA		""	COLISÃO	DOIS AUTOS S/V	2									0		""	""	""	""	""	""	""	""	""	""	""	""	""
6645	2018-08-10T00:00:00	15:24:00	COM VÍTIMA	FINALIZADA	BOA VIAGEM	RUA BRUNO VELOSO	""	AV CONS AGUIAR	NO CRUZAMENTO DA BRUNO VELOSO COM CONSELHEIRO AGUIAR, EM FRENTE A FARMACIA BIG BEN	RUA BRUNO VELOSO	""	NO CRUZAMENTO DA BRUNO VELOSO COM CONSELHEIRO AGUIAR, EM FRENTE A FARMACIA BIG BEN	BOA VIAGEM		""	ATROPELAMENTO	ATROPELAMENTO ENTRE AUTO E PEDESTRE	1				1					1		""	""	""	""	""	""	""	""	""	""	""	""	""
6646	2018-08-10T00:00:00	15:27:00	SEM VÍTIMA	FINALIZADA	BOA VIAGEM	AV CONSELHEIRO AGUIAR	""	RUA ANTONI FALCAO	DO LADO LABORATORIO AMAIS/SEMAFORO 006 /CRUZAMENTO ANTONIO FALCAO	AV CONSELHEIRO AGUIAR	""	DO LADO LABORATORIO AMAIS/SEMAFORO 006 /CRUZAMENTO ANTONIO FALCAO	BOA VIAGEM		""	COLISÃO	AUTO /MOTO S/V	1	1								0		""	""	""	""	""	""	""	""	""	""	""	""	""
6647	2018-08-10T00:00:00	15:37:00	COM VÍTIMA	FINALIZADA	CASA FORTE	RUA VITORIANO PALHARES	""	""	POR TRAZ DO ATACADO DOS PRESENTES	RUA VITORIANO PALHARES	""	POR TRAZ DO ATACADO DOS PRESENTES	CASA FORTE		""	COLISÃO	AUTO E MOTO C/V	1	1								1		""	""	""	""	""	""	""	""	""	""	""	""	""
6648	2018-08-10T00:00:00	16:11:00	SEM VÍTIMA	FINALIZADA	BOA VIAGEM	RUA PADRE CARAPUCEIRO	""	""	EM FRENTE A GALERIA SANTO ANTONIO	RUA PADRE CARAPUCEIRO	""	EM FRENTE A GALERIA SANTO ANTONIO	BOA VIAGEM		""	COLISÃO COM CICLISTA	SEM VÍTIMA	1			1						0		""	""	""	""	""	""	""	""	""	""	""	""	""
6649	2018-08-10T00:00:00	16:11:00	SEM VÍTIMA	FINALIZADA	VÁRZEA	AV PROFESSOR MORAES REGO	""	""	ESTA NO POSTO IPIRANGA/DEPOIS DO POSTO BR S/T BR 101	AV PROFESSOR MORAES REGO	""	ESTA NO POSTO IPIRANGA/DEPOIS DO POSTO BR S/T BR 101	VÁRZEA		""	COLISÃO	DOIS AUTO S/V	2									0		""	""	""	""	""	""	""	""	""	""	""	""	""
6650	2018-08-10T00:00:00	16:14:00	SEM VÍTIMA	FINALIZADA	BEBERIBE	PRC DA CONVENCAO	""	""	EM FRENTE A PRAÇA / SENT SUB	PRC DA CONVENCAO	""	EM FRENTE A PRAÇA / SENT SUB	BEBERIBE		""	COLISÃO	""	1					1				0		""	""	""	""	""	""	""	""	""	""	""	""	""
6651	2018-08-10T00:00:00	16:15:00	SEM VÍTIMA	FINALIZADA	BOA VIAGEM	RUA JOAO CARDOSO AIRES	239	""	/ NA RUA DO SUPERMERCADO EXTRA /EM FRENTE(EDIFICIO)S/T BOA VIAGEM /PIEDADE	RUA JOAO CARDOSO AIRES	239	/ NA RUA DO SUPERMERCADO EXTRA /EM FRENTE(EDIFICIO)S/T BOA VIAGEM /PIEDADE	BOA VIAGEM		""	COLISÃO	DOIS AUTOS S/V	2									0		""	""	""	""	""	""	""	""	""	""	""	""	""
6652	2018-08-10T00:00:00	16:28:00	COM VÍTIMA	FINALIZADA	ILHA JOANA BEZERRA	VDO PAPA JOAO PAULO II	""	""	""	VDO PAPA JOAO PAULO II	""	""	ILHA JOANA BEZERRA		""	ATROPELAMENTO	ATROPELAMENTO ENTRE MOTO E PEDESTRE					1					1		""	""	""	""	""	""	""	""	""	""	""	""	""
6653	2018-08-10T00:00:00	16:46:00	SEM VÍTIMA	FINALIZADA	ESPINHEIRO	AV CONS ROSA E SILVA	295	""	EM FRENTE AO EDIFICIO BARÃO DE BONITO	AV CONS ROSA E SILVA	295	EM FRENTE AO EDIFICIO BARÃO DE BONITO	ESPINHEIRO		""	COLISÃO	COLISÃO SEM VÍTIMA	1					1				0		""	""	""	""	""	""	""	""	""	""	""	""	""
6654	2018-08-10T00:00:00	17:09:00	SEM VÍTIMA	CANCELADA	CASA AMARELA	RUA PADRE LEMOS	""	""	EM FRENTE A COBAL / EM FRENTE AOP CEMITERIO DE CASA AMARELA	RUA PADRE LEMOS	""	EM FRENTE A COBAL / EM FRENTE AOP CEMITERIO DE CASA AMARELA	CASA AMARELA		""	COLISÃO	MOTO E AUTO										0		""	""	""	""	""	""	""	""	""	""	""	""	""
6655	2018-08-10T00:00:00	18:31:00	SEM VÍTIMA	CANCELADA	BOA VIAGEM	RUA ERNESTO DE PAULA SANTOS	835	""	EM FRENTE AO SUPERMERCADO SOBERANO	RUA ERNESTO DE PAULA SANTOS	835	EM FRENTE AO SUPERMERCADO SOBERANO	BOA VIAGEM		""	COLISÃO	CAMINHAO E AUTO S/V	1						1			0		""	""	""	""	""	""	""	""	""	""	""	""	""
6656	2018-08-10T00:00:00	18:37:00	SEM VÍTIMA	FINALIZADA	TORRE	RUA BEIRA RIO	""	""	PROX AO MARTELINHO DE OURO/NO FINAL DA BEIRA RIO S/T CASA AMARELA	RUA BEIRA RIO	""	PROX AO MARTELINHO DE OURO/NO FINAL DA BEIRA RIO S/T CASA AMARELA	TORRE		""	COLISÃO	AMBULANCIA E AUTO S/*V	1								1	0		""	""	""	""	""	""	""	""	""	""	""	""	""
6657	2018-08-10T00:00:00	18:51:00	SEM VÍTIMA	FINALIZADA	NOVA DESCOBERTA	RUA JORNALISTA WALDETE AGRA	""	""	NO TERMINAL DE ONIBUS NOVA DESCOBERTA CABUGAR	RUA JORNALISTA WALDETE AGRA	""	NO TERMINAL DE ONIBUS NOVA DESCOBERTA CABUGAR	NOVA DESCOBERTA		""	COLISÃO	ONIBUS PEDROSA X S 10 PRETA	1					1				0		""	""	""	""	""	""	""	""	""	""	""	""	""
6658	2018-08-10T00:00:00	19:10:00	SEM VÍTIMA	FINALIZADA	GRAÇAS	RUA GERVASIO FIORAVANTE	""	RUA CARDIAL ARCO VERDE	CRUZAMENTO COM A RUA CARDIAL ARCO VERDE AO LADO DA ACADEMIA EMAF	RUA GERVASIO FIORAVANTE	""	CRUZAMENTO COM A RUA CARDIAL ARCO VERDE AO LADO DA ACADEMIA EMAF	GRAÇAS		""	COLISÃO	FORD K X CLASSIC	2									0		""	""	""	""	""	""	""	""	""	""	""	""	""
6659	2018-08-10T00:00:00	19:23:00	COM VÍTIMA	FINALIZADA	IMBIRIBEIRA	RUA ARQUITETO LUIZ NUNES	1626	""	PROXIMO AO RETAURANTE JUIETO E SUPERMERCADO AÇAI	RUA ARQUITETO LUIZ NUNES	1626	PROXIMO AO RETAURANTE JUIETO E SUPERMERCADO AÇAI	IMBIRIBEIRA		""	COLISÃO	MOTO X GOL	1	1								1		""	""	""	""	""	""	""	""	""	""	""	""	""
6660	2018-08-10T00:00:00	19:26:00	SEM VÍTIMA	FINALIZADA	BOA VISTA	RUA HENRIQUE DIAS	""	""	APOS O RESTAURANTE SPETTUS S/T RUA DOM BOSCO	RUA HENRIQUE DIAS	""	APOS O RESTAURANTE SPETTUS S/T RUA DOM BOSCO	BOA VISTA		""	COLISÃO	DOIS AUTOS S/V CONDUTOR EMBRIAGADO	2									0		""	""	""	""	""	""	""	""	""	""	""	""	""
6661	2018-08-10T00:00:00	20:13:00	SEM VÍTIMA	CANCELADA	TORRE	RUA JOSE DE HOLANDA	""	""	ANTES DO ATACADO DE PRESENTES ENF A LANCHONETE CARLITOS E AUTO ESCOLA BANDEIRANTES	RUA JOSE DE HOLANDA	""	ANTES DO ATACADO DE PRESENTES ENF A LANCHONETE CARLITOS E AUTO ESCOLA BANDEIRANTES	TORRE		""	COLISÃO	CORSA CLASSIC X TUCSON // OBS : VEICULOS PRESO NO MEIO DA VIA	2									0		""	""	""	""	""	""	""	""	""	""	""	""	""
6662	2018-08-10T00:00:00	22:36:00	SEM VÍTIMA	FINALIZADA	CAMPO GRANDE	EST DE BELEM	1838	""	PROX AO POSTO TOTAL E GIRADOURO	EST DE BELEM	1838	PROX AO POSTO TOTAL E GIRADOURO	CAMPO GRANDE		""	COLISÃO	SIENA X GRANDE SIENA	2									0		""	""	""	""	""	""	""	""	""	""	""	""	""
6663	2018-08-10T00:00:00	23:00:00	SEM VÍTIMA	CANCELADA	SOLEDADE	AV JOAO DE BARROS	1279	""	ENF A EXTRA FARMA PROX A RUA PROF GERALDO DE ANDRADE	AV JOAO DE BARROS	1279	ENF A EXTRA FARMA PROX A RUA PROF GERALDO DE ANDRADE	SOLEDADE		""	COLISÃO	CELTA X ONIBUS	1					1				0		""	""	""	""	""	""	""	""	""	""	""	""	""
6664	2018-08-11T00:00:00	00:12:00	SEM VÍTIMA	FINALIZADA	ESPINHEIRO	RUA BUENOS AYRES	""	""	EM FRENTE AO BANCO DO NORDESTE	RUA BUENOS AYRES	""	EM FRENTE AO BANCO DO NORDESTE	ESPINHEIRO		""	COLISÃO	COLISÃO ENTRE DOIS AUTOS S/V	2									0		""	""	""	""	""	""	""	""	""	""	""	""	""
6665	2018-08-11T00:00:00	06:29:00	SEM VÍTIMA	FINALIZADA	ILHA DO RETIRO	RUA SPORT CLUBE DO RECIFE	""	""	EM FRENTE AO PORTÃO DO SPORT CLUBE DO RECIFE	RUA SPORT CLUBE DO RECIFE	""	EM FRENTE AO PORTÃO DO SPORT CLUBE DO RECIFE	ILHA DO RETIRO		""	COLISÃO	COLISÃO SEM VITIMAS	1	1								0		""	""	""	""	""	""	""	""	""	""	""	""	""
6666	2018-08-11T00:00:00	06:39:00	SEM VÍTIMA	FINALIZADA	PASSARINHO	RUA DA LINHA	3001	""	PROXIMO A IGREJA METODISTA	RUA DA LINHA	3001	PROXIMO A IGREJA METODISTA	PASSARINHO		""	COLISÃO	COLISÃO SEM VÍTIMA	2									0		""	""	""	""	""	""	""	""	""	""	""	""	""
6667	2018-08-11T00:00:00	07:16:00	COM VÍTIMA	FINALIZADA	AFOGADOS	RUA SAO MIGUEL	""	""	QUARTEL DO EXÉRCITO 14º BATALHÃO DE LOGÍSTICA	RUA SAO MIGUEL	""	QUARTEL DO EXÉRCITO 14º BATALHÃO DE LOGÍSTICA	AFOGADOS		""	COLISÃO	""										1		""	""	""	""	""	""	""	""	""	""	""	""	""
6668	2018-08-11T00:00:00	07:41:00	SEM VÍTIMA	FINALIZADA	NOVA DESCOBERTA	AV VEREADOR OTACILIO AZEVEDO	""	""	EM FRENTE A UPA DE NOVA DESCOBERTA	AV VEREADOR OTACILIO AZEVEDO	""	EM FRENTE A UPA DE NOVA DESCOBERTA	NOVA DESCOBERTA		""	COLISÃO	ONIBUS E MOTO		1				1				0		""	""	""	""	""	""	""	""	""	""	""	""	""
6669	2018-08-11T00:00:00	08:29:00	SEM VÍTIMA	FINALIZADA	PINA	AV BOA VIAGEM	236	""	EM FRENTE AO CONJUNTO BELMAR	AV BOA VIAGEM	236	EM FRENTE AO CONJUNTO BELMAR	PINA		""	COLISÃO	ONIIBUS BOMBEIRO E AUTO	1							1		0		""	""	""	""	""	""	""	""	""	""	""	""	""
6670	2018-08-11T00:00:00	08:37:00	SEM VÍTIMA	FINALIZADA	ILHA DO RETIRO	RUA SPORT CLUBE DO RECIFE	""	""	EM FRENTE AO ESTÁDIO DO SPORT	RUA SPORT CLUBE DO RECIFE	""	EM FRENTE AO ESTÁDIO DO SPORT	ILHA DO RETIRO		""	COLISÃO	FORD FIESTA X FAN 150	1	1								0		""	""	""	""	""	""	""	""	""	""	""	""	""
6671	2018-08-11T00:00:00	08:58:00	SEM VÍTIMA	FINALIZADA	IMBIRIBEIRA	AV MARECHAL MASCARENHAS DE MORAES	2690	""	EM FRENTE AO BANCO ITAU/ SENTIDO AEROPORTO	AV MARECHAL MASCARENHAS DE MORAES	2690	EM FRENTE AO BANCO ITAU/ SENTIDO AEROPORTO	IMBIRIBEIRA		""	COLISÃO	COLISÃO SEM VÍTIMA	2									0		""	""	""	""	""	""	""	""	""	""	""	""	""
6672	2018-08-11T00:00:00	09:04:00	COM VÍTIMA	FINALIZADA	AREIAS	AV RECIFE	""	""	EM FRENTE AO MAKRO, SENT. BOA VIAGEM	AV RECIFE	""	EM FRENTE AO MAKRO, SENT. BOA VIAGEM	AREIAS		""	COLISÃO	MOTO E AUTO	1	1								1		""	""	""	""	""	""	""	""	""	""	""	""	""
6673	2018-08-11T00:00:00	09:18:00	SEM VÍTIMA	FINALIZADA	BOA VIAGEM	RUA ANTONIO FALCAO	""	""	EM FRENTE AO HOTEL LG	RUA ANTONIO FALCAO	""	EM FRENTE AO HOTEL LG	BOA VIAGEM		""	COLISÃO	DOIS AUTOS (VT-29 NO LOCAL)	2									0		""	""	""	""	""	""	""	""	""	""	""	""	""
6674	2018-08-11T00:00:00	10:28:00	SEM VÍTIMA	FINALIZADA	JARDIM SÃO PAULO	AV RECIFE	438	""	""	AV RECIFE	438	""	JARDIM SÃO PAULO		""	COLISÃO	""										0		""	""	""	""	""	""	""	""	""	""	""	""	""
6675	2018-08-11T00:00:00	11:03:00	SEM VÍTIMA	FINALIZADA	ARRUDA	AV BEBERIBE	1217	""	EM FRENTE AO CAMPO DO ARRUDA	AV BEBERIBE	1217	EM FRENTE AO CAMPO DO ARRUDA	ARRUDA		""	COLISÃO	ONIBUS E AUTO	1					1				0		""	""	""	""	""	""	""	""	""	""	""	""	""
6676	2018-08-11T00:00:00	10:59:00	SEM VÍTIMA	FINALIZADA	SAN MARTIN	RUA EDUARDO DE ANDRADE	""	""	RUA EM FRENTE A PIZZARIA PASSIRA	RUA EDUARDO DE ANDRADE	""	RUA EM FRENTE A PIZZARIA PASSIRA	SAN MARTIN		""	COLISÃO	COLISÃO SEM VÍTIMA	2									0		""	""	""	""	""	""	""	""	""	""	""	""	""
6677	2018-08-11T00:00:00	12:17:00	SEM VÍTIMA	FINALIZADA	BEBERIBE	AV BEBERIBE	1979	""	EM FRETE A MILENA MOVEIS	AV BEBERIBE	1979	EM FRETE A MILENA MOVEIS	BEBERIBE		""	COLISÃO	COLISÃO SEM VÍTIMA	2									0		""	""	""	""	""	""	""	""	""	""	""	""	""
6678	2018-08-11T00:00:00	12:21:00	SEM VÍTIMA	FINALIZADA	BOA VIAGEM	AV DES JOSE NEVES	""	""	NA ENTRADA DO TUNEL PROX AO VIADUTO TANCREDO NEVES	AV DES JOSE NEVES	""	NA ENTRADA DO TUNEL PROX AO VIADUTO TANCREDO NEVES	BOA VIAGEM		""	COLISÃO	COLISA ENTRE TRES AUTOS S/V	3									0		""	""	""	""	""	""	""	""	""	""	""	""	""
6679	2018-08-11T00:00:00	13:20:00	SEM VÍTIMA	FINALIZADA	CORDEIRO	RUA GOMES TABORDA	897	""	E/F A MOVEIS BRASIL	RUA GOMES TABORDA	897	E/F A MOVEIS BRASIL	CORDEIRO		""	COLISÃO	COLISAO ENTRE DOIS AUTOS S/V	2									0		""	""	""	""	""	""	""	""	""	""	""	""	""
6680	2018-08-11T00:00:00	13:51:00	SEM VÍTIMA	PENDENTE	PINA	AV BOA VIAGEM	""	""	EM FRENTE AO CASSINO AMERICANO	AV BOA VIAGEM	""	EM FRENTE AO CASSINO AMERICANO	PINA		""	COLISÃO	COLISÃO SEM VÍTIMA										0		""	""	""	""	""	""	""	""	""	""	""	""	""
6681	2018-08-11T00:00:00	14:53:00	SEM VÍTIMA	CANCELADA	SAN MARTIN	RUA VINTE E UM DE ABRIL	""	""	NA FRENTE DA ACADEMIA POWER FITNES	RUA VINTE E UM DE ABRIL	""	NA FRENTE DA ACADEMIA POWER FITNES	SAN MARTIN		""	COLISÃO	COLISÃO SEM VÍTIMA	2									0		""	""	""	""	""	""	""	""	""	""	""	""	""
6682	2018-08-11T00:00:00	15:18:00	SEM VÍTIMA	CANCELADA	JORDÃO	AV MARECHAL MASCARENHAS DE MORAES	6997	""	NA SAIDA DO VIADUTO NA CURVA S/T AFOGADOS	AV MARECHAL MASCARENHAS DE MORAES	6997	NA SAIDA DO VIADUTO NA CURVA S/T AFOGADOS	JORDÃO		""	COLISÃO	COLISAP ENTRE ONIBUS E AUTO S/V	1					1				0		""	""	""	""	""	""	""	""	""	""	""	""	""
6683	2018-08-11T00:00:00	15:31:00	SEM VÍTIMA	FINALIZADA	GRAÇAS	AV RUI BARBOSA	409	""	NA FRENTE DA PIZZARIA ATLANTICO	AV RUI BARBOSA	409	NA FRENTE DA PIZZARIA ATLANTICO	GRAÇAS		""	COLISÃO	COLISÃO SEM VÍTIMA	2									0		""	""	""	""	""	""	""	""	""	""	""	""	""
6684	2018-08-11T00:00:00	16:26:00	COM VÍTIMA	FINALIZADA	ÁGUA FRIA	AV ANIBAL BENEVOLO	977	""	MERCADO SANTO ANDRÉ	AV ANIBAL BENEVOLO	977	MERCADO SANTO ANDRÉ	ÁGUA FRIA		""	ATROPELAMENTO	IDOSO DE 65 ANOS		1								1		""	""	""	""	""	""	""	""	""	""	""	""	""
6685	2018-08-11T00:00:00	17:43:00	SEM VÍTIMA	FINALIZADA	PINA	AV ANTONIO DE GOES	195	""	ANTES DA POLICIA FEDERAL, SENTIDO CABANGA	AV ANTONIO DE GOES	195	ANTES DA POLICIA FEDERAL, SENTIDO CABANGA	PINA		""	COLISÃO COM CICLISTA	COLISÃO SEM VITIMA, ENVOLVENDO DOIS AUTOS E UM CICLISTA	2			1						0		""	""	""	""	""	""	""	""	""	""	""	""	""
6686	2018-08-11T00:00:00	20:32:00	SEM VÍTIMA	FINALIZADA	DOIS UNIDOS	RUA TUPIRACABA	""	""	PROX DO TERMINAL ALTO DO CAPITÃO, PROX DO IEAD- PE ALTO DO CAPITÃO	RUA TUPIRACABA	""	PROX DO TERMINAL ALTO DO CAPITÃO, PROX DO IEAD- PE ALTO DO CAPITÃO	DOIS UNIDOS		""	COLISÃO	COLISÃO ENTRE CAMINHÃO DE LIXO( COLETA) E AUTO S/V	1						1			0		""	""	""	""	""	""	""	""	""	""	""	""	""
6687	2018-08-11T00:00:00	22:58:00	SEM VÍTIMA	FINALIZADA	ÁGUA FRIA	AV BEBERIBE	2249	""	EM FRENTE AO MERCARDO SOBERANO, EM FRENTE AO MERCADO DOIS IRMÃOS	AV BEBERIBE	2249	EM FRENTE AO MERCARDO SOBERANO, EM FRENTE AO MERCADO DOIS IRMÃOS	ÁGUA FRIA		""	COLISÃO	COLISÃO ENTRE AUTO E MOTO S/V	1	1								0		""	""	""	""	""	""	""	""	""	""	""	""	""
6688	2018-08-12T00:00:00	00:47:00	SEM VÍTIMA	FINALIZADA	ESPINHEIRO	AV JOAO DE BARROS	""	""	EM FRENTE AO POSTO BR, APOS O VIADUTO, SENTIDO AV NORTE	AV JOAO DE BARROS	""	EM FRENTE AO POSTO BR, APOS O VIADUTO, SENTIDO AV NORTE	ESPINHEIRO		""	COLISÃO	COLISÃO ENTRE TRÊS AUTOS S/V	3									0		""	""	""	""	""	""	""	""	""	""	""	""	""
6689	2018-08-12T00:00:00	03:02:00	COM VÍTIMA	CANCELADA	CAMPO GRANDE	AV GOVERNADOR AGAMENON MAGALHAES	""	""	PROX DA BORRAXARIA TACARUNA, PROX DA RUA ODORICO MENDES, SENTIDO BOA VIAGEM	AV GOVERNADOR AGAMENON MAGALHAES	""	PROX DA BORRAXARIA TACARUNA, PROX DA RUA ODORICO MENDES, SENTIDO BOA VIAGEM	CAMPO GRANDE		""	ACID. DE PERCURSO	ACIDENTE DE PERCURSO ENVOLVENDO MOTO C/V		1								1		""	""	""	""	""	""	""	""	""	""	""	""	""