_id	DATA	hora	natureza_acidente	situacao	bairro	endereco	numero	detalhe_endereco_acidente	complemento	endereco_cruzamento	numero_cruzamento	referencia_cruzamento	bairro_cruzamento	num_semaforo	sentido_via	tipo	descricao	auto	moto	ciclom	ciclista	pedestre	onibus	caminhao	viatura	outros	vitimas	vitimasfatais	acidente_verificado	tempo_clima	situacao_semaforo	sinalizacao	condicao_via	conservacao_via	ponto_controle	situacao_placa	velocidade_max_via	mao_direcao	divisao_via1	divisao_via2	divisao_via3
6755	2018-08-14T00:00:00	16:28:00	COM VÍTIMA	FINALIZADA	BEBERIBE	RUA URIEL DE HOLANDA	""	""	RUA DO COLEGIO ESTADUAL PEDRO CELSO	RUA URIEL DE HOLANDA	""	RUA DO COLEGIO ESTADUAL PEDRO CELSO	BEBERIBE		""	ATROPELAMENTO	COM DUAS VITIMAS		1			2					2		""	""	""	""	""	""	""	""	""	""	""	""	""
6756	2018-08-14T00:00:00	16:36:00	COM VÍTIMA	FINALIZADA	MACAXEIRA	AV NORTE	7696	""	EM FRENTE A ESCOLA MUNICIPAL ABEL GUERREIROS / SENT SUB	AV NORTE	7696	EM FRENTE A ESCOLA MUNICIPAL ABEL GUERREIROS / SENT SUB	MACAXEIRA		""	COLISÃO	VAN E MOTO	1	1								1		""	""	""	""	""	""	""	""	""	""	""	""	""
6757	2018-08-14T00:00:00	16:43:00	SEM VÍTIMA	FINALIZADA	BOA VIAGEM	RUA SANTA LEONOR	17	""	EM FRENTE AO PARQUE SANTOS DUMONT	RUA SANTA LEONOR	17	EM FRENTE AO PARQUE SANTOS DUMONT	BOA VIAGEM		""	COLISÃO	SEM VITIMAS	1						1			0		""	""	""	""	""	""	""	""	""	""	""	""	""
6758	2018-08-14T00:00:00	16:48:00	SEM VÍTIMA	FINALIZADA	GRAÇAS	AV GOVERNADOR AGAMENON MAGALHAES	""	""	ENFRENTE AO CLUB PORTUGUES	AV GOVERNADOR AGAMENON MAGALHAES	""	ENFRENTE AO CLUB PORTUGUES	GRAÇAS		""	COLISÃO	COLISÃO SEM VITIMA	2									0		""	""	""	""	""	""	""	""	""	""	""	""	""
6759	2018-08-14T00:00:00	16:57:00	SEM VÍTIMA	FINALIZADA	SAN MARTIN	AV GENERAL SAN MARTIN	""	""	AO LADO DA CAVALARIA	AV GENERAL SAN MARTIN	""	AO LADO DA CAVALARIA	SAN MARTIN		""	COLISÃO	COLISÃO SEM VITIMA	1						1			0		""	""	""	""	""	""	""	""	""	""	""	""	""
6760	2018-08-14T00:00:00	17:03:00	COM VÍTIMA	FINALIZADA	TAMARINEIRA	AV PROFESSOR JOSE DOS ANJOS	""	""	AO LADO DO DNOCS	AV PROFESSOR JOSE DOS ANJOS	""	AO LADO DO DNOCS	TAMARINEIRA		""	COLISÃO	COLISAO ENTRE AUTO E MOTO COM VITIMA	1	1								1		""	""	""	""	""	""	""	""	""	""	""	""	""
6761	2018-08-14T00:00:00	17:08:00	SEM VÍTIMA	CANCELADA	SANTO AMARO	AV CRUZ CABUGA	""	""	PROX. A ASSEMBLEIA DE DEUS	AV CRUZ CABUGA	""	PROX. A ASSEMBLEIA DE DEUS	SANTO AMARO		""	COLISÃO	COLISÃO SEM VITIMA	1					1				0		""	""	""	""	""	""	""	""	""	""	""	""	""
6762	2018-08-14T00:00:00	17:22:00	SEM VÍTIMA	FINALIZADA	ARRUDA	RUA CORONEL URBANO RIBEIRO DE SENA	""	""	PROX. A ESCOLA NOSSO PARAISO, SENTIDO CENTRO	RUA CORONEL URBANO RIBEIRO DE SENA	""	PROX. A ESCOLA NOSSO PARAISO, SENTIDO CENTRO	ARRUDA		""	COLISÃO	COLISÃO SEM VITIMA	2									0		""	""	""	""	""	""	""	""	""	""	""	""	""
6763	2018-08-14T00:00:00	17:51:00	SEM VÍTIMA	FINALIZADA	MADALENA	EST DOS REMEDIOS	2416	""	EM FRENTE AO POLICLINICA LESSA DE ANDRADE	EST DOS REMEDIOS	2416	EM FRENTE AO POLICLINICA LESSA DE ANDRADE	MADALENA		""	COLISÃO	SEM VITIMAS	2									0		""	""	""	""	""	""	""	""	""	""	""	""	""
6764	2018-08-14T00:00:00	18:19:00	SEM VÍTIMA	FINALIZADA	ILHA DO RETIRO	RUA BENFICA	""	""	ENFRENTE A BILHETERIA DO SPORT	RUA BENFICA	""	ENFRENTE A BILHETERIA DO SPORT	ILHA DO RETIRO		""	COLISÃO	FOX BRANCO X ONIX BRANCO	2									0		""	""	""	""	""	""	""	""	""	""	""	""	""
6765	2018-08-14T00:00:00	18:44:00	SEM VÍTIMA	CANCELADA	BOA VIAGEM	AV VINTE DE JANEIRO	""	RUA BARAO DE SOUZA LEAO	ESQUINA COM A BARÃO DE SOUZA LEÃO / E/F A VILA MILITAR DA AERONAUTICA	AV VINTE DE JANEIRO	""	ESQUINA COM A BARÃO DE SOUZA LEÃO / E/F A VILA MILITAR DA AERONAUTICA	BOA VIAGEM		""	COLISÃO	ENTRE 2 AUTOS. S/V	2									0		""	""	""	""	""	""	""	""	""	""	""	""	""
6766	2018-08-14T00:00:00	21:12:00	SEM VÍTIMA	FINALIZADA	CAJUEIRO	RUA ARAO BOTLER	36	""	NA DESCIDA DO SUPERMERCADO VERDÃO / PRÓX A SORVETERIA ZECAS E O TERRAÇO	RUA ARAO BOTLER	36	NA DESCIDA DO SUPERMERCADO VERDÃO / PRÓX A SORVETERIA ZECAS E O TERRAÇO	CAJUEIRO		""	COLISÃO	ENTRE 2 AUTOS. S/V	2									0		""	""	""	""	""	""	""	""	""	""	""	""	""
6767	2018-08-14T00:00:00	21:39:00	SEM VÍTIMA	FINALIZADA	PINA	AVENIDA CELSO FURTADO (VIA MANGUE)	""	""	POR TRAS DO MERCADO EXTRA SENTIDO BOA VIAGEM	AVENIDA CELSO FURTADO (VIA MANGUE)	""	POR TRAS DO MERCADO EXTRA SENTIDO BOA VIAGEM	PINA		""	COLISÃO	GOL X CAMINHAO	1						1			0		""	""	""	""	""	""	""	""	""	""	""	""	""
6768	2018-08-15T00:00:00	07:11:00	COM VÍTIMA	FINALIZADA	IPSEP	AV RECIFE	2739	""	EM FRENTE A PIZZARIA ATLANTICO	AV RECIFE	2739	EM FRENTE A PIZZARIA ATLANTICO	IPSEP		""	COLISÃO	MOTO E ONIBUS		1				1				2		""	""	""	""	""	""	""	""	""	""	""	""	""
6769	2018-08-15T00:00:00	08:27:00	SEM VÍTIMA	FINALIZADA	PINA	RUA MANOEL DE BRITO	207	""	PROX AO TUNEL DO RIOMAR	RUA MANOEL DE BRITO	207	PROX AO TUNEL DO RIOMAR	PINA		""	COLISÃO	COLISAO ENTRE DOIS AUTOS S/V	2									0		""	""	""	""	""	""	""	""	""	""	""	""	""
6770	2018-08-15T00:00:00	08:45:00	SEM VÍTIMA	FINALIZADA	AFOGADOS	AV DR JOSE RUFINO	""	""	EM FRENTE AO BATALHÃO DO EXERCITO EM BAIXO DO SEMAFORO 423	AV DR JOSE RUFINO	""	EM FRENTE AO BATALHÃO DO EXERCITO EM BAIXO DO SEMAFORO 423	AFOGADOS		""	COLISÃO	COLISÃO SEM VITIMAS VT 24 QTH	1						1			0		""	""	""	""	""	""	""	""	""	""	""	""	""
6771	2018-08-15T00:00:00	09:03:00	SEM VÍTIMA	FINALIZADA	IPUTINGA	RUA MAURICIO DE NASSAU	""	""	E/F A PADARIA E PASTELARIA ATLANTICA	RUA MAURICIO DE NASSAU	""	E/F A PADARIA E PASTELARIA ATLANTICA	IPUTINGA		""	COLISÃO	COLISAO ENTRE AUTO E MOTO COM DUAS VITIMAS	1	1								0		""	""	""	""	""	""	""	""	""	""	""	""	""
6772	2018-08-15T00:00:00	09:38:00	SEM VÍTIMA	FINALIZADA	BOA VIAGEM	RUA FELIX DE BRITO E MELO	""	AV CONS AGUIAR	COM RUA CONS AGUIAR E/F AO BRADESCO	RUA FELIX DE BRITO E MELO	""	COM RUA CONS AGUIAR E/F AO BRADESCO	BOA VIAGEM		""	COLISÃO	COLISAO ENTRE DOIS AUTOS S/V	2									0		""	""	""	""	""	""	""	""	""	""	""	""	""
6773	2018-08-15T00:00:00	10:02:00	SEM VÍTIMA	FINALIZADA	IMBIRIBEIRA	RUA JAMAICA	135	""	EM FRENTE A EMPRESA INTELBRAS	RUA JAMAICA	135	EM FRENTE A EMPRESA INTELBRAS	IMBIRIBEIRA		""	COLISÃO	COLISÃO SEM VITIMAS	2									0		""	""	""	""	""	""	""	""	""	""	""	""	""
6774	2018-08-15T00:00:00	10:23:00	SEM VÍTIMA	FINALIZADA	BOA VIAGEM	AV CONSELHEIRO AGUIAR	""	""	SOB SEMÁFORO 226	AV CONSELHEIRO AGUIAR	""	SOB SEMÁFORO 226	BOA VIAGEM		""	COLISÃO	""	1					1				0		""	""	""	""	""	""	""	""	""	""	""	""	""
6775	2018-08-15T00:00:00	10:24:00	SEM VÍTIMA	FINALIZADA	PINA	AV ANTONIO DE GOES	""	""	NA PONTE DO PINA S/T CID	AV ANTONIO DE GOES	""	NA PONTE DO PINA S/T CID	PINA		""	COLISÃO	COLISAO ENTRE QUATRO AUTOS S/V	4									0		""	""	""	""	""	""	""	""	""	""	""	""	""
6776	2018-08-15T00:00:00	10:51:00	SEM VÍTIMA	FINALIZADA	JARDIM SÃO PAULO	AV SAO PAULO	""	""	EM FRENTE A FARMACIA PAQUE MENOS	AV SAO PAULO	""	EM FRENTE A FARMACIA PAQUE MENOS	JARDIM SÃO PAULO		""	COLISÃO	DOIS AUTOS VT 21 NO QTH	2									0		""	""	""	""	""	""	""	""	""	""	""	""	""
6777	2018-08-15T00:00:00	11:12:00	SEM VÍTIMA	FINALIZADA	AFOGADOS	RUA SANTOS ARAUJO	153	""	APOS O PONTILHÃO DO METRO NA ENTRADA DA MATERNIDADE PROFESSOR BANDEIRA FILHO	RUA SANTOS ARAUJO	153	APOS O PONTILHÃO DO METRO NA ENTRADA DA MATERNIDADE PROFESSOR BANDEIRA FILHO	AFOGADOS		""	COLISÃO	COLISÃO SEM VITIMAS	1						1			0		""	""	""	""	""	""	""	""	""	""	""	""	""
6778	2018-08-15T00:00:00	11:28:00	SEM VÍTIMA	FINALIZADA	ESTÂNCIA	AV DR JOSE RUFINO	519	""	E/F A GALERIA MARGARIDA	AV DR JOSE RUFINO	519	E/F A GALERIA MARGARIDA	ESTÂNCIA		""	COLISÃO	COM UMA VÍTIMA. VT 24 NO LOCAL	2									0		""	""	""	""	""	""	""	""	""	""	""	""	""
6779	2018-08-15T00:00:00	11:42:00	SEM VÍTIMA	FINALIZADA	BOA VIAGEM	AV ENGENHEIRO DOMINGOS FERREIRA	""	""	E/F AO PONTO NATURAL	AV ENGENHEIRO DOMINGOS FERREIRA	""	E/F AO PONTO NATURAL	BOA VIAGEM		""	COLISÃO	SEM VÍTIMAS. GM NO LOCAL.	2									0		""	""	""	""	""	""	""	""	""	""	""	""	""
6780	2018-08-15T00:00:00	12:05:00	SEM VÍTIMA	FINALIZADA	BOA VISTA	RUA BARAO DE SAO BORJA	168	""	EM FRENTE AO MINI MERCADO CENTRAL	RUA BARAO DE SAO BORJA	168	EM FRENTE AO MINI MERCADO CENTRAL	BOA VISTA		""	COLISÃO	COLISÃO SEM VÍTIMA	2									0		""	""	""	""	""	""	""	""	""	""	""	""	""
6781	2018-08-15T00:00:00	12:17:00	COM VÍTIMA	FINALIZADA	DOIS IRMÃOS	RUA MANUEL DE MEDEIROS	441	""	RUA ENTRE A PONTE DO BREDO E A ESC OLA LIONS PARNAMIRIM	RUA MANUEL DE MEDEIROS	441	RUA ENTRE A PONTE DO BREDO E A ESC OLA LIONS PARNAMIRIM	DOIS IRMÃOS		""	COLISÃO	COM DUAS VITIMAS,SAMU NO LOCAL	1	1								2		""	""	""	""	""	""	""	""	""	""	""	""	""
6782	2018-08-15T00:00:00	12:17:00	SEM VÍTIMA	CANCELADA	CASA AMARELA	AV NORTE	""	AV PROFESSOR JOSE DOS ANJOS	APOS O SESC, EM FRENTE AO POSTO DE GASOLINA BR SENT. SUB.	AV NORTE	""	APOS O SESC, EM FRENTE AO POSTO DE GASOLINA BR SENT. SUB.	CASA AMARELA		""	COLISÃO	CAMINHÃO E AUTO	1						1			0		""	""	""	""	""	""	""	""	""	""	""	""	""
6783	2018-08-15T00:00:00	12:35:00	SEM VÍTIMA	FINALIZADA	ILHA DO RETIRO	AV BEIRA RIO	360	""	EM FRENTE AO EDF. MARIA TERESA COELHO	AV BEIRA RIO	360	EM FRENTE AO EDF. MARIA TERESA COELHO	ILHA DO RETIRO		""	COLISÃO	DOIS AUTOS	2									0		""	""	""	""	""	""	""	""	""	""	""	""	""
6784	2018-08-15T00:00:00	12:42:00	SEM VÍTIMA	FINALIZADA	TEJIPIÓ	RUA FALCAO DE LACERDA	328	""	ENFRENTE AO CARTORIO, SENTIDO JABOATÃO	RUA FALCAO DE LACERDA	328	ENFRENTE AO CARTORIO, SENTIDO JABOATÃO	TEJIPIÓ		""	COLISÃO	COLISÃO SEM VÍTIMA	1					1				0		""	""	""	""	""	""	""	""	""	""	""	""	""
6785	2018-08-15T00:00:00	13:15:00	SEM VÍTIMA	FINALIZADA	ESPINHEIRO	RUA BARAO DE ITAMARACA	98	""	EM FRENTE AO ESTACIONAMENTO MAX PARCK	RUA BARAO DE ITAMARACA	98	EM FRENTE AO ESTACIONAMENTO MAX PARCK	ESPINHEIRO		""	COLISÃO	SEM VITIMAS	2									0		""	""	""	""	""	""	""	""	""	""	""	""	""
6786	2018-08-15T00:00:00	13:17:00	SEM VÍTIMA	FINALIZADA	MADALENA	AV VISCONDE DE ALBUQUERQUE	400	""	EM FRENTE A AGENCIA ASTRAL	AV VISCONDE DE ALBUQUERQUE	400	EM FRENTE A AGENCIA ASTRAL	MADALENA		""	COLISÃO	COLISÃO SEM VÍTIMA	2									0		""	""	""	""	""	""	""	""	""	""	""	""	""
6787	2018-08-15T00:00:00	14:00:00	SEM VÍTIMA	FINALIZADA	AFOGADOS	RUA JOAO CARLOS GUIMARAES	78	""	NA RUA DA DELEGACIA, AO LADO DO BANCO BRADESCO	RUA JOAO CARLOS GUIMARAES	78	NA RUA DA DELEGACIA, AO LADO DO BANCO BRADESCO	AFOGADOS		""	COLISÃO	DOIS AUTOS	2									0		""	""	""	""	""	""	""	""	""	""	""	""	""
6788	2018-08-15T00:00:00	14:04:00	SEM VÍTIMA	FINALIZADA	ILHA DO RETIRO	AV ENGENHEIRO ABDIAS DE CARVALHO	""	""	NO SEMAFORO 355, EM FRENTE AO POSTO IPIRANGA	AV ENGENHEIRO ABDIAS DE CARVALHO	""	NO SEMAFORO 355, EM FRENTE AO POSTO IPIRANGA	ILHA DO RETIRO		""	COLISÃO	TRES AUTOS	3									0		""	""	""	""	""	""	""	""	""	""	""	""	""
6789	2018-08-15T00:00:00	14:06:00	SEM VÍTIMA	FINALIZADA	SÃO JOSÉ	TRV DO CAIS DA DETENCAO	""	""	AO LADO DA CASA DA CULTURA	TRV DO CAIS DA DETENCAO	""	AO LADO DA CASA DA CULTURA	SÃO JOSÉ		""	COLISÃO	COLISÃO SEM VÍTIMA	1					1				0		""	""	""	""	""	""	""	""	""	""	""	""	""
6790	2018-08-15T00:00:00	14:20:00	COM VÍTIMA	FINALIZADA	ROSARINHO	RUA GENERAL ABREU E LIMA	144	""	POR TRAZ DO HOSPITAL DA TAMARINEIRA	RUA GENERAL ABREU E LIMA	144	POR TRAZ DO HOSPITAL DA TAMARINEIRA	ROSARINHO		""	COLISÃO	COLISÃO COM VITIMA, VITIMA NO LOCAL	1	1								1		""	""	""	""	""	""	""	""	""	""	""	""	""
6791	2018-08-15T00:00:00	14:40:00	SEM VÍTIMA	FINALIZADA	LINHA DO TIRO	RUA URIEL DE HOLANDA	417	""	PROX. A UPINHA	RUA URIEL DE HOLANDA	417	PROX. A UPINHA	LINHA DO TIRO		""	COLISÃO	AUTO E MOTO	1	1								0		""	""	""	""	""	""	""	""	""	""	""	""	""
6792	2018-08-15T00:00:00	14:56:00	SEM VÍTIMA	FINALIZADA	JORDÃO	AV DONA CARENTINA	""	""	NA SUBIDA DA LADEIRA DO JORDÃO ALTO, JUNTO A PRAÇA DO JORDÃO	AV DONA CARENTINA	""	NA SUBIDA DA LADEIRA DO JORDÃO ALTO, JUNTO A PRAÇA DO JORDÃO	JORDÃO		""	COLISÃO	COLISÃO SEM VÍTIMA	1	1								0		""	""	""	""	""	""	""	""	""	""	""	""	""
6793	2018-08-15T00:00:00	15:49:00	SEM VÍTIMA	FINALIZADA	BOA VIAGEM	RUA DOS NAVEGANTES	1235	""	EDIF. DHALIA	RUA DOS NAVEGANTES	1235	EDIF. DHALIA	BOA VIAGEM		""	COLISÃO	COLISÃO SEM VITIMAS	2									0		""	""	""	""	""	""	""	""	""	""	""	""	""
6794	2018-08-15T00:00:00	16:03:00	SEM VÍTIMA	FINALIZADA	CASA AMARELA	AV NORTE	5407	""	PROX. A UPINHA, SENT. CIDADE EM FRENTE AO BAR DA BRANCA	AV NORTE	5407	PROX. A UPINHA, SENT. CIDADE EM FRENTE AO BAR DA BRANCA	CASA AMARELA		""	COLISÃO	CAMINHÃO E AUTO	1						1			0		""	""	""	""	""	""	""	""	""	""	""	""	""
6795	2018-08-15T00:00:00	17:14:00	SEM VÍTIMA	FINALIZADA	BOA VIAGEM	RUA JOSE MARIA DE MIRANDA	275	""	PROX. AO HOSPITAL BOA VIAGEM	RUA JOSE MARIA DE MIRANDA	275	PROX. AO HOSPITAL BOA VIAGEM	BOA VIAGEM		""	COLISÃO	DOIS AUTOS	2									0		""	""	""	""	""	""	""	""	""	""	""	""	""
6796	2018-08-15T00:00:00	17:28:00	COM VÍTIMA	FINALIZADA	CAMPO GRANDE	RUA PROFESSOR FRANCISCO DA TRINDADE	""	RUA SÃO CAETANO	NA ESQUINA COM A RUA SÃO CAETANO, APOS O CLUB DAS PÃES	RUA PROFESSOR FRANCISCO DA TRINDADE	""	NA ESQUINA COM A RUA SÃO CAETANO, APOS O CLUB DAS PÃES	CAMPO GRANDE		""	COLISÃO	COLISÃO COM VITIMA/ MOTOCICLISTA	1	1								1		""	""	""	""	""	""	""	""	""	""	""	""	""
6797	2018-08-15T00:00:00	17:30:00	SEM VÍTIMA	FINALIZADA	BOA VISTA	AV CONDE DA BOA VISTA	1255	""	EM FRENTE AO GRAU TECNICO, SENT. CENTRO	AV CONDE DA BOA VISTA	1255	EM FRENTE AO GRAU TECNICO, SENT. CENTRO	BOA VISTA		""	COLISÃO	ONIBUS E AUTO	1					1				0		""	""	""	""	""	""	""	""	""	""	""	""	""
6798	2018-08-15T00:00:00	17:36:00	SEM VÍTIMA	FINALIZADA	IBURA	AV DOZE DE JUNHO	1485	""	NÚMERO DE RESIDÊNCIA	AV DOZE DE JUNHO	1485	NÚMERO DE RESIDÊNCIA	IBURA		""	COLISÃO	COLISÃO SEM VÍTIMA	2									0		""	""	""	""	""	""	""	""	""	""	""	""	""
6799	2018-08-15T00:00:00	18:19:00	COM VÍTIMA	CANCELADA	ESPINHEIRO	RUA CONS PORTELA	1716	AV JOAO DE BARROS	COM A JOÃO DE BARROS / APÓS O CARTÓRIO	RUA CONS PORTELA	1716	COM A JOÃO DE BARROS / APÓS O CARTÓRIO	ESPINHEIRO		""	COLISÃO COM CICLISTA	AUTO E CICLISTA. C/V	1			1						1		""	""	""	""	""	""	""	""	""	""	""	""	""
6800	2018-08-15T00:00:00	18:21:00	COM VÍTIMA	FINALIZADA	CORDEIRO	AV CAXANGA	""	""	EM FRENTE A ENTRADA DA EXPOSIÇAO DE ANIMAIS/S/T CIDADE SUB	AV CAXANGA	""	EM FRENTE A ENTRADA DA EXPOSIÇAO DE ANIMAIS/S/T CIDADE SUB	CORDEIRO		""	ATROPELAMENTO	HAMBULANCIA									1	1		""	""	""	""	""	""	""	""	""	""	""	""	""
6801	2018-08-15T00:00:00	18:27:00	COM VÍTIMA	FINALIZADA	SÃO JOSÉ	RUA IMPERIAL	""	TRV RAPOSO	SEMÁFORO 510 - COM A TRAVESSA DO RAPOSO	RUA IMPERIAL	""	SEMÁFORO 510 - COM A TRAVESSA DO RAPOSO	SÃO JOSÉ		""	COLISÃO	ENTRE AUTO E MOTO. C/V	1	1								1		""	""	""	""	""	""	""	""	""	""	""	""	""
6802	2018-08-15T00:00:00	19:59:00	SEM VÍTIMA	FINALIZADA	SANTO ANTÔNIO	RUA NOSSA SRA DO CARMO	""	""	E FRENTE A LOJA NARCISO	RUA NOSSA SRA DO CARMO	""	E FRENTE A LOJA NARCISO	SANTO ANTÔNIO		""	COLISÃO	ONIBUS/AUTO	1					1				0		""	""	""	""	""	""	""	""	""	""	""	""	""
6803	2018-08-15T00:00:00	20:29:00	SEM VÍTIMA	CANCELADA	CAMPO GRANDE	EST DE BELEM	""	""	ENTRE COLÉGIO JESUS CRUCIFICADO E POSTO IPIRANGA	EST DE BELEM	""	ENTRE COLÉGIO JESUS CRUCIFICADO E POSTO IPIRANGA	CAMPO GRANDE		""	COLISÃO	ENTRE AUTO E MOTO. S/V	1	1								0		""	""	""	""	""	""	""	""	""	""	""	""	""
6804	2018-08-15T00:00:00	21:30:00	COM VÍTIMA	CANCELADA	ENGENHO DO MEIO	RUA DR MIGUEL VIEIRA FERREIRA	1013	RUA OCIDENTAL	PRÓX AO CLUBE DA SUDENE / ESQUINA COM A R OCIDENTAL	RUA DR MIGUEL VIEIRA FERREIRA	1013	PRÓX AO CLUBE DA SUDENE / ESQUINA COM A R OCIDENTAL	ENGENHO DO MEIO		""	COLISÃO	ENTRE 2 MOTOS. C/V		1	1							2		""	""	""	""	""	""	""	""	""	""	""	""	""
6805	2018-08-15T00:00:00	21:29:00	SEM VÍTIMA	FINALIZADA	ROSARINHO	AV NORTE	""	""	EM FRENTE AO POSTO BR MANIA ( SEMAFORO 456) PROX AO CHINA CABELEREIRO	AV NORTE	""	EM FRENTE AO POSTO BR MANIA ( SEMAFORO 456) PROX AO CHINA CABELEREIRO	ROSARINHO		""	COLISÃO	ONIBUS /AUTO S/V	1					1				0		""	""	""	""	""	""	""	""	""	""	""	""	""
6806	2018-08-15T00:00:00	22:09:00	SEM VÍTIMA	FINALIZADA	BOA VIAGEM	AV CONSELHEIRO AGUIAR	""	""	EM FRENTE DA DELTA EXPRESSO/PROX DO HOLLYDAY( ENTRE A RIBEIRO DE BRITO E BRUNO VELOZON	AV CONSELHEIRO AGUIAR	""	EM FRENTE DA DELTA EXPRESSO/PROX DO HOLLYDAY( ENTRE A RIBEIRO DE BRITO E BRUNO VELOZON	BOA VIAGEM		""	COLISÃO	DOIS AUTOS S/V	2									0		""	""	""	""	""	""	""	""	""	""	""	""	""
6807	2018-08-16T00:00:00	05:31:00	SEM VÍTIMA	FINALIZADA	PRADO	AV ENGENHEIRO ABDIAS DE CARVALHO	S/N	""	JOÃO IVO DA SILVA	AV ENGENHEIRO ABDIAS DE CARVALHO	S/N	JOÃO IVO DA SILVA	PRADO		""	CHOQUE	VEÍCULOS CHOCOU-SE COM UM POSTE										0		""	""	""	""	""	""	""	""	""	""	""	""	""
6808	2018-08-16T00:00:00	06:39:00	SEM VÍTIMA	FINALIZADA	PRADO	AV ENGENHEIRO ABDIAS DE CARVALHO	""	""	APOS A ENGEFRIO S/T BR	AV ENGENHEIRO ABDIAS DE CARVALHO	""	APOS A ENGEFRIO S/T BR	PRADO		""	COLISÃO	COLISAO ENTRE DOIS AUTOS S/V	2									0		""	""	""	""	""	""	""	""	""	""	""	""	""
6809	2018-08-16T00:00:00	07:07:00	SEM VÍTIMA	FINALIZADA	AFOGADOS	AV SUL	""	""	EM FRENTE A ESTAÇÃO DO METRO LARGO DA PAZ E POLICLINICA AGAMENON MAGALHAES	AV SUL	""	EM FRENTE A ESTAÇÃO DO METRO LARGO DA PAZ E POLICLINICA AGAMENON MAGALHAES	AFOGADOS		""	COLISÃO	DOIS AUTOS	2									0		""	""	""	""	""	""	""	""	""	""	""	""	""
6810	2018-08-16T00:00:00	07:08:00	SEM VÍTIMA	FINALIZADA	ESTÂNCIA	AV RECIFE	""	""	NO SENTIDO BOA VIAGEM EM FRENTE AO HOSPITAL GERAL DE AREIAS	AV RECIFE	""	NO SENTIDO BOA VIAGEM EM FRENTE AO HOSPITAL GERAL DE AREIAS	ESTÂNCIA		""	COLISÃO	COLISÃO SEM VITIMAS	5									0		""	""	""	""	""	""	""	""	""	""	""	""	""
6811	2018-08-16T00:00:00	07:12:00	SEM VÍTIMA	CANCELADA	AFLITOS	AV CONS ROSA E SILVA	""	""	E/F AO COLEGIO ABA	AV CONS ROSA E SILVA	""	E/F AO COLEGIO ABA	AFLITOS		""	COLISÃO	COLISAOP ENTRE AUTO E MOTO S/V	1	1								0		""	""	""	""	""	""	""	""	""	""	""	""	""
6812	2018-08-16T00:00:00	07:13:00	SEM VÍTIMA	FINALIZADA	BOA VIAGEM	RUA ANTONIO FALCAO	1559	""	EM FRENTE AO RESIDENCIAL LE PARC	RUA ANTONIO FALCAO	1559	EM FRENTE AO RESIDENCIAL LE PARC	BOA VIAGEM		""	COLISÃO	DOIS AUTOS	2									0		""	""	""	""	""	""	""	""	""	""	""	""	""
6813	2018-08-16T00:00:00	07:18:00	SEM VÍTIMA	FINALIZADA	SÃO JOSÉ	AV SUL	1485	""	SEMAFORO 205/ SENT CIDADE	AV SUL	1485	SEMAFORO 205/ SENT CIDADE	SÃO JOSÉ		""	COLISÃO	DOIS AUTOS	2									0		""	""	""	""	""	""	""	""	""	""	""	""	""
6814	2018-08-16T00:00:00	07:23:00	SEM VÍTIMA	FINALIZADA	BOA VIAGEM	RUA JOSE MARIA DE MIRANDA	""	""	EM FRENTE AO HOSPITAL DE BOA VIAGEM	RUA JOSE MARIA DE MIRANDA	""	EM FRENTE AO HOSPITAL DE BOA VIAGEM	BOA VIAGEM		""	COLISÃO	DOIS AUTOS	2									0		""	""	""	""	""	""	""	""	""	""	""	""	""
6815	2018-08-16T00:00:00	07:32:00	SEM VÍTIMA	FINALIZADA	TORRÕES	AV ENGENHEIRO ABDIAS DE CARVALHO	""	""	SENT CIDADE / EM FRENTE AO POSTO BR	AV ENGENHEIRO ABDIAS DE CARVALHO	""	SENT CIDADE / EM FRENTE AO POSTO BR	TORRÕES		""	COLISÃO	DOIS AUTOS	2									0		""	""	""	""	""	""	""	""	""	""	""	""	""
6816	2018-08-16T00:00:00	08:11:00	SEM VÍTIMA	FINALIZADA	PRADO	AV ENGENHEIRO ABDIAS DE CARVALHO	2990	""	RESIDENCIA AO LADO DA CHESF EM FRENTE A ESCOLA SONHO REAL	AV ENGENHEIRO ABDIAS DE CARVALHO	2990	RESIDENCIA AO LADO DA CHESF EM FRENTE A ESCOLA SONHO REAL	PRADO		""	COLISÃO	COLISÃO SEM VITIMAS	2									0		""	""	""	""	""	""	""	""	""	""	""	""	""
6817	2018-08-16T00:00:00	08:23:00	COM VÍTIMA	FINALIZADA	MADALENA	AV VISCONDE DE ALBUQUERQUE	217	""	""	AV VISCONDE DE ALBUQUERQUE	217	""	MADALENA		""	ACID. DE PERCURSO	MOTOCICLISTA CAIU DA MOTO.		1								1		""	""	""	""	""	""	""	""	""	""	""	""	""
6818	2018-08-16T00:00:00	09:30:00	SEM VÍTIMA	FINALIZADA	CORDEIRO	RUA MAURICIO DE NASSAU	209	""	PROX AO POSTO PETROCAL	RUA MAURICIO DE NASSAU	209	PROX AO POSTO PETROCAL	CORDEIRO		""	COLISÃO	COLISAO ENTRE TRES AUTO S/V	3									0		""	""	""	""	""	""	""	""	""	""	""	""	""
6819	2018-08-16T00:00:00	11:01:00	SEM VÍTIMA	FINALIZADA	BOA VIAGEM	AV ENGENHEIRO DOMINGOS FERREIRA	""	""	NO SEMAFORO 217, PROX. A FARMACIA EXTRA FARMA	AV ENGENHEIRO DOMINGOS FERREIRA	""	NO SEMAFORO 217, PROX. A FARMACIA EXTRA FARMA	BOA VIAGEM		""	COLISÃO	ONIBUS E AUTO	1					1				0		""	""	""	""	""	""	""	""	""	""	""	""	""