_id	DATA	hora	natureza_acidente	situacao	bairro	endereco	numero	detalhe_endereco_acidente	complemento	endereco_cruzamento	numero_cruzamento	referencia_cruzamento	bairro_cruzamento	num_semaforo	sentido_via	tipo	descricao	auto	moto	ciclom	ciclista	pedestre	onibus	caminhao	viatura	outros	vitimas	vitimasfatais	acidente_verificado	tempo_clima	situacao_semaforo	sinalizacao	condicao_via	conservacao_via	ponto_controle	situacao_placa	velocidade_max_via	mao_direcao	divisao_via1	divisao_via2	divisao_via3
6820	2018-08-16T00:00:00	11:20:00	COM VÍTIMA	FINALIZADA	SANCHO	AV LIBERDADE	623	""	""	AV LIBERDADE	623	""	SANCHO		""	COLISÃO	COLISÃO ENTRE MOTOCICLETA E AUTO PASSEIO	1	1								1		""	""	""	""	""	""	""	""	""	""	""	""	""
6821	2018-08-16T00:00:00	11:26:00	SEM VÍTIMA	FINALIZADA	AFOGADOS	RUA SAO MIGUEL	496	""	EM FRENTE AOS CORREIOS	RUA SAO MIGUEL	496	EM FRENTE AOS CORREIOS	AFOGADOS		""	COLISÃO	COLISÃO SEM VITIMAS	2									0		""	""	""	""	""	""	""	""	""	""	""	""	""
6822	2018-08-16T00:00:00	11:27:00	SEM VÍTIMA	FINALIZADA	MUSTARDINHA	AV MANOEL GONCALVES DA LUZ	704	""	PROX. A IGREJA EVANGELICA PENTECOSTAL DO BRASIL	AV MANOEL GONCALVES DA LUZ	704	PROX. A IGREJA EVANGELICA PENTECOSTAL DO BRASIL	MUSTARDINHA		""	COLISÃO	DOIS AUTOS	2									0		""	""	""	""	""	""	""	""	""	""	""	""	""
6823	2018-08-16T00:00:00	12:08:00	SEM VÍTIMA	FINALIZADA	IPUTINGA	RUA MAURICIO DE NASSAU	95	RUA FILADELFIA	CRUZAMENTO RUA COM A FILADELFIA	RUA MAURICIO DE NASSAU	95	CRUZAMENTO RUA COM A FILADELFIA	IPUTINGA		""	COLISÃO	COLISÃO SEM VÍTIMA	1	1								0		""	""	""	""	""	""	""	""	""	""	""	""	""
6824	2018-08-16T00:00:00	12:17:00	SEM VÍTIMA	FINALIZADA	DERBY	AV GOVERNADOR AGAMENON MAGALHAES	""	""	SEMAFORO 174 SENT/OLINDA /BOA VIAGEM	AV GOVERNADOR AGAMENON MAGALHAES	""	SEMAFORO 174 SENT/OLINDA /BOA VIAGEM	DERBY		""	COLISÃO	SEM VITIMAS,CTTU NO LOCAL 	2									0		""	""	""	""	""	""	""	""	""	""	""	""	""
6825	2018-08-16T00:00:00	12:38:00	SEM VÍTIMA	CANCELADA	ILHA DO LEITE	RUA FRANCISCO ALVES	542	""	PROXIMO AO HOSPITAL ESPERANÇA	RUA FRANCISCO ALVES	542	PROXIMO AO HOSPITAL ESPERANÇA	ILHA DO LEITE		""	COLISÃO	COLISÃO SEM VÍTIMA	2									0		""	""	""	""	""	""	""	""	""	""	""	""	""
6826	2018-08-16T00:00:00	13:48:00	SEM VÍTIMA	CANCELADA	SANTO AMARO	AV CRUZ CABUGA	""	""	EM FRENTE AO CEMITERIO DOS INGLESES/ SENTIDO CIDADE	AV CRUZ CABUGA	""	EM FRENTE AO CEMITERIO DOS INGLESES/ SENTIDO CIDADE	SANTO AMARO		""	COLISÃO	COLISÃO SEM VÍTIMA	2									0		""	""	""	""	""	""	""	""	""	""	""	""	""
6827	2018-08-16T00:00:00	15:58:00	SEM VÍTIMA	FINALIZADA	TOTÓ	AV LIBERDADE	""	""	EM FRENTE AO PARQUE DAS FLORES	AV LIBERDADE	""	EM FRENTE AO PARQUE DAS FLORES	TOTÓ		""	ACID. DE PERCURSO	MOTO		1								0		""	""	""	""	""	""	""	""	""	""	""	""	""
6828	2018-08-16T00:00:00	15:58:00	SEM VÍTIMA	FINALIZADA	IBURA	AV RECIFE	""	""	AV RECIFE E AV DOM HELDER CAMARA/SEMAFORO 016	AV RECIFE	""	AV RECIFE E AV DOM HELDER CAMARA/SEMAFORO 016	IBURA		""	COLISÃO	AUTO E MOTO S/V	1	1								0		""	""	""	""	""	""	""	""	""	""	""	""	""
6829	2018-08-16T00:00:00	16:47:00	COM VÍTIMA	FINALIZADA	PINA	AVENIDA CELSO FURTADO (VIA MANGUE)	""	""	SENTIDO SUBÚBIO, AO LADO DO SHOPPING RIO MAR	AVENIDA CELSO FURTADO (VIA MANGUE)	""	SENTIDO SUBÚBIO, AO LADO DO SHOPPING RIO MAR	PINA		""	ATROPELAMENTO	ATROPELAMENTO ENTRE AUTO E PEDRESTRE	1				1					1		""	""	""	""	""	""	""	""	""	""	""	""	""
6830	2018-08-16T00:00:00	17:28:00	COM VÍTIMA	CANCELADA	ÁGUA FRIA	RUA DO MACHADO	827	""	EM FRENTE AO CALDINHO DO PORTUGA	RUA DO MACHADO	827	EM FRENTE AO CALDINHO DO PORTUGA	ÁGUA FRIA		""	ATROPELAMENTO	COM UMA VITIMA	1				1					1		""	""	""	""	""	""	""	""	""	""	""	""	""
6831	2018-08-16T00:00:00	17:50:00	SEM VÍTIMA	FINALIZADA	AFOGADOS	AV SUL	""	""	EM FRENTE A ESTACAO LARGO DA PAZ	AV SUL	""	EM FRENTE A ESTACAO LARGO DA PAZ	AFOGADOS		""	COLISÃO	CAMINHAO E AUTO S/V	1						1			0		""	""	""	""	""	""	""	""	""	""	""	""	""
6832	2018-08-16T00:00:00	18:55:00	SEM VÍTIMA	FINALIZADA	MADALENA	RUA MONSENHOR JULIO MARIA	180	RUA NOBRE DE LACERDA	CRUZAMENTO COM A RUA NOBRE DE LACERDA	RUA MONSENHOR JULIO MARIA	180	CRUZAMENTO COM A RUA NOBRE DE LACERDA	MADALENA		""	COLISÃO	FORD K X FIAT ESTILO	2									0		""	""	""	""	""	""	""	""	""	""	""	""	""
6833	2018-08-16T00:00:00	18:57:00	SEM VÍTIMA	FINALIZADA	AFOGADOS	AV SUL	""	""	EM FRENTE AO TERMINAL DO LARGO DA PAZ/EM FRENTE AO TROCÃO	AV SUL	""	EM FRENTE AO TERMINAL DO LARGO DA PAZ/EM FRENTE AO TROCÃO	AFOGADOS		""	COLISÃO	CAMINHAO E AUTO S/V	1						1			0		""	""	""	""	""	""	""	""	""	""	""	""	""
6834	2018-08-16T00:00:00	19:06:00	SEM VÍTIMA	FINALIZADA	IMBIRIBEIRA	AV MARECHAL MASCARENHAS DE MORAES	""	""	EM FRENTE A AGENCIA ITAU S/T BOA VIAGEM/APOS A UNIVERSO	AV MARECHAL MASCARENHAS DE MORAES	""	EM FRENTE A AGENCIA ITAU S/T BOA VIAGEM/APOS A UNIVERSO	IMBIRIBEIRA		""	COLISÃO	DOIS AUTOS S/V	2									0		""	""	""	""	""	""	""	""	""	""	""	""	""
6835	2018-08-16T00:00:00	19:07:00	SEM VÍTIMA	FINALIZADA	ENCRUZILHADA	AV NORTE	""	""	SEMAFORO 043	AV NORTE	""	SEMAFORO 043	ENCRUZILHADA		""	COLISÃO	PALIO X HILUX AGENTE DA CTTU ESTA NO LOCAL	2									0		""	""	""	""	""	""	""	""	""	""	""	""	""
6836	2018-08-16T00:00:00	19:19:00	SEM VÍTIMA	CANCELADA	BOA VIAGEM	RUA ERNESTO DE PAULA SANTOS	""	""	EM FRENTE A EXTRA FARMA	RUA ERNESTO DE PAULA SANTOS	""	EM FRENTE A EXTRA FARMA	BOA VIAGEM		""	COLISÃO	COLISAO ENTRE DOIS AUTOS SEM VITIMA	2									0		""	""	""	""	""	""	""	""	""	""	""	""	""
6837	2018-08-16T00:00:00	21:46:00	SEM VÍTIMA	FINALIZADA	ESPINHEIRO	RUA DR VICENTE MEIRA	""	""	EM FRNTE AO ESPINHEIRO SHOPING E GALETO AMELIA	RUA DR VICENTE MEIRA	""	EM FRNTE AO ESPINHEIRO SHOPING E GALETO AMELIA	ESPINHEIRO		""	COLISÃO	DOIS AUTOS S/V	2									0		""	""	""	""	""	""	""	""	""	""	""	""	""
6838	2018-08-16T00:00:00	21:56:00	SEM VÍTIMA	FINALIZADA	MADALENA	EST DOS REMEDIOS	2416	""	NO POSTO SHELL // AO LADO DO BOMPREÇO	EST DOS REMEDIOS	2416	NO POSTO SHELL // AO LADO DO BOMPREÇO	MADALENA		""	COLISÃO	ETIOS X HRZ	2									0		""	""	""	""	""	""	""	""	""	""	""	""	""
6839	2018-08-16T00:00:00	22:01:00	SEM VÍTIMA	FINALIZADA	VÁRZEA	RUA VALE DO SIRIJI	""	""	EM FRENTE A PIZARIA PAULINE S/T UR 7 VARZEA	RUA VALE DO SIRIJI	""	EM FRENTE A PIZARIA PAULINE S/T UR 7 VARZEA	VÁRZEA		""	COLISÃO	MOTO E BICICLETA S/V		1								0		""	""	""	""	""	""	""	""	""	""	""	""	""
6840	2018-08-16T00:00:00	23:01:00	SEM VÍTIMA	FINALIZADA	JORDÃO	AV CENTENARIO ALBERTO SANTOS DUMONT	""	""	NO TUNEL DO JORDAO	AV CENTENARIO ALBERTO SANTOS DUMONT	""	NO TUNEL DO JORDAO	JORDÃO		""	COLISÃO	CORSA X AUTO	2									0		""	""	""	""	""	""	""	""	""	""	""	""	""
6841	2018-08-16T00:00:00	23:11:00	COM VÍTIMA	FINALIZADA	JARDIM SÃO PAULO	AV DR JOSE RUFINO	""	RUA IPOJUCA	CRUZAMENTO COM A RUA IPOJUCA // SEMAFORO 044	AV DR JOSE RUFINO	""	CRUZAMENTO COM A RUA IPOJUCA // SEMAFORO 044	JARDIM SÃO PAULO		""	COLISÃO	MOTO X FOX	1	1								1		""	""	""	""	""	""	""	""	""	""	""	""	""
6842	2018-08-16T00:00:00	23:17:00	SEM VÍTIMA	FINALIZADA	ARRUDA	AV PROFESSOR JOSE DOS ANJOS	""	""	PROX AO BOMPREÇO E O ESTADIO DO SANTA CRUZ	AV PROFESSOR JOSE DOS ANJOS	""	PROX AO BOMPREÇO E O ESTADIO DO SANTA CRUZ	ARRUDA		""	COLISÃO	DOIS AUTOS	2									0		""	""	""	""	""	""	""	""	""	""	""	""	""
6843	2018-08-16T00:00:00	23:34:00	COM VÍTIMA	FINALIZADA	SANTO AMARO	AV DR JAYME DA FONTE	""	""	PROX AO CAMPO DO 11	AV DR JAYME DA FONTE	""	PROX AO CAMPO DO 11	SANTO AMARO		""	COLISÃO	MOTO X GRANDE SIENA	1	1								1		""	""	""	""	""	""	""	""	""	""	""	""	""
6844	2018-08-17T00:00:00	07:21:00	SEM VÍTIMA	FINALIZADA	BOA VIAGEM	RUA TENENTE JOAO CICERO	""	""	NA RUA DO COLEGIO SANTA MARIA	RUA TENENTE JOAO CICERO	""	NA RUA DO COLEGIO SANTA MARIA	BOA VIAGEM		""	COLISÃO	COLISAO ENTRE DOIS AUTOS SEM VITIMA	2									0		""	""	""	""	""	""	""	""	""	""	""	""	""
6845	2018-08-17T00:00:00	07:38:00	SEM VÍTIMA	FINALIZADA	ESPINHEIRO	AV GOVERNADOR AGAMENON MAGALHAES	2764	""	AO LADO DO EMPRESARIAL ANTONIO DE ALBUQUERQUE GALVÃO, SENT. BOA VIAGEM	AV GOVERNADOR AGAMENON MAGALHAES	2764	AO LADO DO EMPRESARIAL ANTONIO DE ALBUQUERQUE GALVÃO, SENT. BOA VIAGEM	ESPINHEIRO		""	COLISÃO	AUTO E MOTO S/V	1	1								0		""	""	""	""	""	""	""	""	""	""	""	""	""
6846	2018-08-17T00:00:00	07:42:00	SEM VÍTIMA	FINALIZADA	ENCRUZILHADA	AV NORTE	1226	""	SENTIDO CIDADE EM FRENTE A BATERIAS MOURA E A BETO AUTO ELETRICA	AV NORTE	1226	SENTIDO CIDADE EM FRENTE A BATERIAS MOURA E A BETO AUTO ELETRICA	ENCRUZILHADA		""	COLISÃO	COLISÃO SEM VITIMAS	2									0		""	""	""	""	""	""	""	""	""	""	""	""	""
6847	2018-08-17T00:00:00	07:46:00	SEM VÍTIMA	FINALIZADA	ILHA JOANA BEZERRA	AV DES GUERRA BARRETO	""	""	EM CIMA DO VIADULTO , SENT. BOA VIAGEM	AV DES GUERRA BARRETO	""	EM CIMA DO VIADULTO , SENT. BOA VIAGEM	ILHA JOANA BEZERRA		""	COLISÃO	TRES AUTOS	3									0		""	""	""	""	""	""	""	""	""	""	""	""	""
6848	2018-08-17T00:00:00	08:08:00	SEM VÍTIMA	FINALIZADA	CASA AMARELA	EST DO ARRAIAL	3344	""	E/F AO EMPRESARIAL SÍTIO DA TRINDADE	EST DO ARRAIAL	3344	E/F AO EMPRESARIAL SÍTIO DA TRINDADE	CASA AMARELA		""	COLISÃO	SEM VÍTIMAS.	2									0		""	""	""	""	""	""	""	""	""	""	""	""	""
6849	2018-08-17T00:00:00	08:20:00	SEM VÍTIMA	FINALIZADA	ENCRUZILHADA	AV NORTE	""	""	NO SEMAFORO 045, EM FRENTE AO EXTRA BOM SENT. CIDADE	AV NORTE	""	NO SEMAFORO 045, EM FRENTE AO EXTRA BOM SENT. CIDADE	ENCRUZILHADA		""	COLISÃO	ONIBUS E AUTO	1					1				0		""	""	""	""	""	""	""	""	""	""	""	""	""
6850	2018-08-17T00:00:00	08:50:00	""	CANCELADA	ENCRUZILHADA	AV NORTE	""	""	SENTIDO SUBURBIO CIDADE EM FRENTE AO EXTRA BOM	AV NORTE	""	SENTIDO SUBURBIO CIDADE EM FRENTE AO EXTRA BOM	ENCRUZILHADA		""	COLISÃO	COLISÃO SEM VITIMAS VT 08 QTH	1					1				0		""	""	""	""	""	""	""	""	""	""	""	""	""
6851	2018-08-17T00:00:00	09:01:00	SEM VÍTIMA	FINALIZADA	AREIAS	AV DR JOSE RUFINO	889	""	EM FRENTE A HONDA	AV DR JOSE RUFINO	889	EM FRENTE A HONDA	AREIAS		""	COLISÃO	CAMINHÃO E AUTO (ROLO DE FIO CAIU DE CAMINHÃO SOBRE VEICULO)	1						1			0		""	""	""	""	""	""	""	""	""	""	""	""	""
6852	2018-08-17T00:00:00	10:11:00	SEM VÍTIMA	FINALIZADA	BOA VIAGEM	AV CHARLES DARWIN	235	""	E/F AO HOTEL ENSEADAS	AV CHARLES DARWIN	235	E/F AO HOTEL ENSEADAS	BOA VIAGEM		""	COLISÃO	SEM VÍTIMAS.	2									0		""	""	""	""	""	""	""	""	""	""	""	""	""
6853	2018-08-17T00:00:00	10:21:00	SEM VÍTIMA	FINALIZADA	CAJUEIRO	AV BEBERIBE	""	""	NA ENTRADA DE CAJUEIRO EM FRENTE A GALERIA CAJUEIRO	AV BEBERIBE	""	NA ENTRADA DE CAJUEIRO EM FRENTE A GALERIA CAJUEIRO	CAJUEIRO		""	COLISÃO	COLISÃO SEM VITIMAS	2					1				0		""	""	""	""	""	""	""	""	""	""	""	""	""
6854	2018-08-17T00:00:00	11:18:00	SEM VÍTIMA	FINALIZADA	BAIRRO DO RECIFE	CAIS DO APOLO	""	""	NO SEMAFORO 019 E/F AO BANCO DO BRASIL GM GILSON NO LOCAL	CAIS DO APOLO	""	NO SEMAFORO 019 E/F AO BANCO DO BRASIL GM GILSON NO LOCAL	BAIRRO DO RECIFE		""	COLISÃO	COLISAO ENTRE VT DA POLICIA E AUTO S/V	2									0		""	""	""	""	""	""	""	""	""	""	""	""	""
6855	2018-08-17T00:00:00	11:23:00	SEM VÍTIMA	FINALIZADA	IPSEP	AV RECIFE	3448	""	EM FRENTE A LOJA AÇO RECIFE SENTIDO BOA VIAGEM	AV RECIFE	3448	EM FRENTE A LOJA AÇO RECIFE SENTIDO BOA VIAGEM	IPSEP		""	COLISÃO	COLISÃO SEM VITIMAS	1					1				0		""	""	""	""	""	""	""	""	""	""	""	""	""
6856	2018-08-17T00:00:00	11:27:00	SEM VÍTIMA	FINALIZADA	AFOGADOS	RUA SAO MIGUEL	""	""	E/F AO DEPATRI, SENTIDO AREIAS	RUA SAO MIGUEL	""	E/F AO DEPATRI, SENTIDO AREIAS	AFOGADOS		""	COLISÃO	SEM VÍTIMAS.	1						1			0		""	""	""	""	""	""	""	""	""	""	""	""	""
6857	2018-08-17T00:00:00	11:27:00	COM VÍTIMA	FINALIZADA	BOA VISTA	AV ENGENHEIRO AGAMENON DE MAGALHAES MELO	""	""	SOBRE O VIADUTO INDEPENDÊNCIA SENTIDO OLINDA	AV ENGENHEIRO AGAMENON DE MAGALHAES MELO	""	SOBRE O VIADUTO INDEPENDÊNCIA SENTIDO OLINDA	BOA VISTA		""	ACID. DE PERCURSO	MOTOCICLISTA CAIU NA VIA		1								1		""	""	""	""	""	""	""	""	""	""	""	""	""
6858	2018-08-17T00:00:00	11:41:00	SEM VÍTIMA	FINALIZADA	PINA	RUA JEMIL ASFORA	1	""	POR TRAS DO SHOPPING RIOMAR AO LADO DO MERCADINHO BEIRA RIO	RUA JEMIL ASFORA	1	POR TRAS DO SHOPPING RIOMAR AO LADO DO MERCADINHO BEIRA RIO	PINA		""	COLISÃO	COLISAO ENTRE CAMINHAO E AUTO S/V	1						1			0		""	""	""	""	""	""	""	""	""	""	""	""	""
6859	2018-08-17T00:00:00	12:17:00	SEM VÍTIMA	FINALIZADA	BOA VIAGEM	RUA BARAO DE SOUZA LEAO	""	""	AV BOA VIAGEM / EM FRENTE A PRACINHA DE BOA VIAGEM	RUA BARAO DE SOUZA LEAO	""	AV BOA VIAGEM / EM FRENTE A PRACINHA DE BOA VIAGEM	BOA VIAGEM		""	COLISÃO	ONIBUS E AUTO PASSEIO	1					1				0		""	""	""	""	""	""	""	""	""	""	""	""	""
6860	2018-08-17T00:00:00	12:29:00	COM VÍTIMA	FINALIZADA	CAXANGÁ	AV CAXANGA	2117	""	EM FRENTE A CAXANGA ACESSORIOS / SENT CIDADE	AV CAXANGA	2117	EM FRENTE A CAXANGA ACESSORIOS / SENT CIDADE	CAXANGÁ		""	ATROPELAMENTO	PEDESTRE E AUTO	1				1					1		""	""	""	""	""	""	""	""	""	""	""	""	""
6861	2018-08-17T00:00:00	12:50:00	COM VÍTIMA	FINALIZADA	AFOGADOS	RUA VINTE E UM DE ABRIL	628	""	EM FRENTE AO RESTAURANTE RERCANTO VINTE E UM	RUA VINTE E UM DE ABRIL	628	EM FRENTE AO RESTAURANTE RERCANTO VINTE E UM	AFOGADOS		""	COLISÃO	COM UMA VITIMA,BOMBEIROS NO LOCAL	1	1								1		""	""	""	""	""	""	""	""	""	""	""	""	""
6862	2018-08-17T00:00:00	12:53:00	SEM VÍTIMA	FINALIZADA	AFOGADOS	RUA NICOLAU PEREIRA	""	""	EM FRENTE AO AUDERICO RODAS/ PROXIMO AO SEMÁFORO 073	RUA NICOLAU PEREIRA	""	EM FRENTE AO AUDERICO RODAS/ PROXIMO AO SEMÁFORO 073	AFOGADOS		""	COLISÃO	COLISÃO SEM VÍTIMA	1					1				0		""	""	""	""	""	""	""	""	""	""	""	""	""
6863	2018-08-17T00:00:00	13:21:00	SEM VÍTIMA	FINALIZADA	BOA VISTA	RUA JOAO FERNANDES VIEIRA	356	""	RUA DO POSTTO SHELL	RUA JOAO FERNANDES VIEIRA	356	RUA DO POSTTO SHELL	BOA VISTA		""	COLISÃO COM CICLISTA	CICLISTA E AUTO	1			1						0		""	""	""	""	""	""	""	""	""	""	""	""	""
6864	2018-08-17T00:00:00	14:01:00	SEM VÍTIMA	FINALIZADA	CORDEIRO	AV CAXANGA	2083	""	EM FRENTE AO RESTAURANTE REI DO JABA/ SENTIDO CIDADE	AV CAXANGA	2083	EM FRENTE AO RESTAURANTE REI DO JABA/ SENTIDO CIDADE	CORDEIRO		""	COLISÃO	COLISÃO SEM VÍTIMA	1	1								0		""	""	""	""	""	""	""	""	""	""	""	""	""
6865	2018-08-17T00:00:00	15:04:00	COM VÍTIMA	FINALIZADA	ILHA DO RETIRO	AV JOSE GONCALVES DE MEDEIROS	107	""	EM FRENTE AO EXTRA DA BENFICA,SENT/SPORT CRUB	AV JOSE GONCALVES DE MEDEIROS	107	EM FRENTE AO EXTRA DA BENFICA,SENT/SPORT CRUB	ILHA DO RETIRO		""	COLISÃO	COM UMA VITIMA AGUARDANDO O SAMU,INSPETOR FAZENDO B.O	1	1								1		""	""	""	""	""	""	""	""	""	""	""	""	""
6866	2018-08-17T00:00:00	15:13:00	SEM VÍTIMA	FINALIZADA	BOA VIAGEM	RUA ERNESTO DE PAULA SANTOS	451	""	ESQ DA FARMACIA DROGAGIL AO LADO DA FARMCIA	RUA ERNESTO DE PAULA SANTOS	451	ESQ DA FARMACIA DROGAGIL AO LADO DA FARMCIA	BOA VIAGEM		""	COLISÃO	DOIS AUTOS	2									0		""	""	""	""	""	""	""	""	""	""	""	""	""
6867	2018-08-17T00:00:00	15:25:00	SEM VÍTIMA	FINALIZADA	BOA VIAGEM	RUA PROFESSOR JOSE BRANDAO	180	""	EM FRENTE A EXTRAFARMA	RUA PROFESSOR JOSE BRANDAO	180	EM FRENTE A EXTRAFARMA	BOA VIAGEM		""	COLISÃO	COLISÃO SEM VÍTIMA	2									0		""	""	""	""	""	""	""	""	""	""	""	""	""
6868	2018-08-17T00:00:00	15:26:00	SEM VÍTIMA	FINALIZADA	MADALENA	AV ENGENHEIRO ABDIAS DE CARVALHO	""	""	RUA JOAO IVO DA SILVA /	AV ENGENHEIRO ABDIAS DE CARVALHO	""	RUA JOAO IVO DA SILVA /	MADALENA		""	COLISÃO	DOIS AUTOS	1						1			0		""	""	""	""	""	""	""	""	""	""	""	""	""
6869	2018-08-17T00:00:00	16:04:00	SEM VÍTIMA	FINALIZADA	BOA VISTA	RUA AFONSO PENA	233	""	EM FRENTE A BARBEARIA MERCADO BARBEIRO	RUA AFONSO PENA	233	EM FRENTE A BARBEARIA MERCADO BARBEIRO	BOA VISTA		""	COLISÃO	TRES AUTOS	3									0		""	""	""	""	""	""	""	""	""	""	""	""	""
6870	2018-08-17T00:00:00	17:46:00	SEM VÍTIMA	FINALIZADA	ILHA DO LEITE	RUA PAISSANDU	""	""	EM FRENTE AS PRAÇA CHORA MENINO	RUA PAISSANDU	""	EM FRENTE AS PRAÇA CHORA MENINO	ILHA DO LEITE		""	ENGAVETAMENTO	TRES AUTOS S/V	3									0		""	""	""	""	""	""	""	""	""	""	""	""	""
6871	2018-08-17T00:00:00	18:00:00	SEM VÍTIMA	FINALIZADA	CAXANGÁ	RUA RIBEIRO PESSOA	""	""	EM FRENTRE A UPA/ OS MESMOS ESTAO AGUARDANDO NO POSTO DE GASOLINA SHELL	RUA RIBEIRO PESSOA	""	EM FRENTRE A UPA/ OS MESMOS ESTAO AGUARDANDO NO POSTO DE GASOLINA SHELL	CAXANGÁ		""	COLISÃO	MOTO E AUTO S/V	1	1								0		""	""	""	""	""	""	""	""	""	""	""	""	""
6872	2018-08-17T00:00:00	18:02:00	SEM VÍTIMA	FINALIZADA	BOA VISTA	AV CONDE DA BOA VISTA	""	""	ENF AO MUSTANGUE SENTIDO CIDADE	AV CONDE DA BOA VISTA	""	ENF AO MUSTANGUE SENTIDO CIDADE	BOA VISTA		""	COLISÃO	ONIBUS X FORD K	1					1				0		""	""	""	""	""	""	""	""	""	""	""	""	""
6873	2018-08-17T00:00:00	18:29:00	COM VÍTIMA	FINALIZADA	CAXANGÁ	RUA PROFESSOR ANTONIO COELHO	""	AV GAL POLIDORO	CRUZAMENTO COM COLEGIO PONTUAL SENTIDO AV GENERAL POLIDORO	RUA PROFESSOR ANTONIO COELHO	""	CRUZAMENTO COM COLEGIO PONTUAL SENTIDO AV GENERAL POLIDORO	CAXANGÁ		""	COLISÃO	MOTO X DOBLO	1	1								1		""	""	""	""	""	""	""	""	""	""	""	""	""
6874	2018-08-17T00:00:00	19:29:00	SEM VÍTIMA	FINALIZADA	SANTO ANTÔNIO	PTE PRINCESA IZABEL	S/N	""	SOBRE A PONTE	PTE PRINCESA IZABEL	S/N	SOBRE A PONTE	SANTO ANTÔNIO		""	COLISÃO	""	2									0		""	""	""	""	""	""	""	""	""	""	""	""	""
6875	2018-08-17T00:00:00	19:34:00	SEM VÍTIMA	CANCELADA	CASA AMARELA	RUA PADRE LEMOS	""	RUA PEDRO ALLAIN	CRUZAMENTO COM A PEDRO ALLAIN / PROX AO SUPERMERCADO CANELAS	RUA PADRE LEMOS	""	CRUZAMENTO COM A PEDRO ALLAIN / PROX AO SUPERMERCADO CANELAS	CASA AMARELA		""	COLISÃO	OBS:: SUSPEITA DE EMBRIAGUEZ // TAXI X AUTO (VT DA POLICIA NO LOCAL)	2									0		""	""	""	""	""	""	""	""	""	""	""	""	""
6876	2018-08-17T00:00:00	19:51:00	SEM VÍTIMA	FINALIZADA	AFOGADOS	EST DOS REMEDIOS	""	""	EM FRENTE AO POSTO BR/ANTES DA JEEP AGENCIA	EST DOS REMEDIOS	""	EM FRENTE AO POSTO BR/ANTES DA JEEP AGENCIA	AFOGADOS		""	COLISÃO	AUTO E UMA CARROÇA S/V	1								1	0		""	""	""	""	""	""	""	""	""	""	""	""	""
6877	2018-08-17T00:00:00	19:52:00	SEM VÍTIMA	FINALIZADA	BOA VIAGEM	RUA RIBEIRO DE BRITO	404	""	PROX AO CRUZAMENTO DA AV ENG DOMINGOS FERREIRA	RUA RIBEIRO DE BRITO	404	PROX AO CRUZAMENTO DA AV ENG DOMINGOS FERREIRA	BOA VIAGEM		""	COLISÃO	ONIBUS X	1					1				0		""	""	""	""	""	""	""	""	""	""	""	""	""
6878	2018-08-17T00:00:00	20:09:00	SEM VÍTIMA	FINALIZADA	MADALENA	RUA MENEZES DRUMOND	""	RUA GALVAO RAPOSO	POR TRAZ DO MERCADO DA MADALENA/CRUZAMENTO COM GALVAO RAPOSO/EM FRENTE AO LAVA JATO VENEZA	RUA MENEZES DRUMOND	""	POR TRAZ DO MERCADO DA MADALENA/CRUZAMENTO COM GALVAO RAPOSO/EM FRENTE AO LAVA JATO VENEZA	MADALENA		""	COLISÃO	DOIS AUTOS S/V	2									0		""	""	""	""	""	""	""	""	""	""	""	""	""
6879	2018-08-17T00:00:00	20:27:00	SEM VÍTIMA	FINALIZADA	PINA	AV HERCULANO BANDEIRA	""	""	EM FRENTE A MERCEDES BEN/SEMAFORO 657	AV HERCULANO BANDEIRA	""	EM FRENTE A MERCEDES BEN/SEMAFORO 657	PINA		""	COLISÃO	DOIS AUTOS S/V	2									0		""	""	""	""	""	""	""	""	""	""	""	""	""
6880	2018-08-17T00:00:00	21:09:00	SEM VÍTIMA	FINALIZADA	ESPINHEIRO	AV JOAO DE BARROS	1200	""	ENF A FARMACIA SANTO ANTAO // PROX AO POSTO BR SENTIDO SUBURBIO	AV JOAO DE BARROS	1200	ENF A FARMACIA SANTO ANTAO // PROX AO POSTO BR SENTIDO SUBURBIO	ESPINHEIRO		""	COLISÃO	ONIBUS X AUTO	1					1				0		""	""	""	""	""	""	""	""	""	""	""	""	""
6881	2018-08-17T00:00:00	21:54:00	SEM VÍTIMA	FINALIZADA	BOA VISTA	RUA BARAO DE SAO BORJA	""	RUA JOSE DE ALENCAR	CRUZAMENTO COM A RUA JOSE DE ALENCAR // ENF AO HOTEL BOA VISTA	RUA BARAO DE SAO BORJA	""	CRUZAMENTO COM A RUA JOSE DE ALENCAR // ENF AO HOTEL BOA VISTA	BOA VISTA		""	COLISÃO	DOIS AUTOS S/V	2									0		""	""	""	""	""	""	""	""	""	""	""	""	""
6882	2018-08-17T00:00:00	23:50:00	SEM VÍTIMA	FINALIZADA	BOA VIAGEM	AV ENGENHEIRO DOMINGOS FERREIRA	""	""	ENF AO SPETTUS E O EXTRA DA DOMINGOS FERREIRA	AV ENGENHEIRO DOMINGOS FERREIRA	""	ENF AO SPETTUS E O EXTRA DA DOMINGOS FERREIRA	BOA VIAGEM		""	COLISÃO	TAXI X MERIVA	2									0		""	""	""	""	""	""	""	""	""	""	""	""	""
6883	2018-08-18T00:00:00	00:26:00	SEM VÍTIMA	FINALIZADA	BOA VIAGEM	AV CONSELHEIRO AGUIAR	4599	RUA DOM JOSE LOPES	ENF A FARMACIA PAGUE MENOS // CRUZAMENTO COM A RUA DOM JOSE LOPES	AV CONSELHEIRO AGUIAR	4599	ENF A FARMACIA PAGUE MENOS // CRUZAMENTO COM A RUA DOM JOSE LOPES	BOA VIAGEM		""	COLISÃO	AUDI X LAND ROVER	2									0		""	""	""	""	""	""	""	""	""	""	""	""	""