_id	DATA	hora	natureza_acidente	situacao	bairro	endereco	numero	detalhe_endereco_acidente	complemento	endereco_cruzamento	numero_cruzamento	referencia_cruzamento	bairro_cruzamento	num_semaforo	sentido_via	tipo	descricao	auto	moto	ciclom	ciclista	pedestre	onibus	caminhao	viatura	outros	vitimas	vitimasfatais	acidente_verificado	tempo_clima	situacao_semaforo	sinalizacao	condicao_via	conservacao_via	ponto_controle	situacao_placa	velocidade_max_via	mao_direcao	divisao_via1	divisao_via2	divisao_via3
6884	2018-08-18T00:00:00	04:17:00	SEM VÍTIMA	FINALIZADA	BOA VIAGEM	AV BOA VIAGEM	1020	""	EDF SAN REMO SEGUNDO JARDIM	AV BOA VIAGEM	1020	EDF SAN REMO SEGUNDO JARDIM	BOA VIAGEM		""	COLISÃO	FORD K X PALIO	2									0		""	""	""	""	""	""	""	""	""	""	""	""	""
6885	2018-08-18T00:00:00	04:24:00	COM VÍTIMA	FINALIZADA	BOA VIAGEM	RUA RIBEIRO DE BRITO	""	""	ENF A IGREJA PRESBITERIANA PROX A ENTRADA DO SHOPPING RECIFE	RUA RIBEIRO DE BRITO	""	ENF A IGREJA PRESBITERIANA PROX A ENTRADA DO SHOPPING RECIFE	BOA VIAGEM		""	CHOQUE	HB 20 X POSTE OBS: PERSEGUIÇAO VIATURA DA POLICIA NO LOCAL	1									3		""	""	""	""	""	""	""	""	""	""	""	""	""
6886	2018-08-18T00:00:00	07:47:00	SEM VÍTIMA	FINALIZADA	BARRO	AV DR JOSE RUFINO	2009	""	PROX AO RESTAURANTE CASTELO DA PICANHA EM FRENTE AO POSTO DE GASOLINA IMPERIO	AV DR JOSE RUFINO	2009	PROX AO RESTAURANTE CASTELO DA PICANHA EM FRENTE AO POSTO DE GASOLINA IMPERIO	BARRO		""	COLISÃO	COLISÃO SEM VITIMAS	1	1								0		""	""	""	""	""	""	""	""	""	""	""	""	""
6887	2018-08-18T00:00:00	08:30:00	SEM VÍTIMA	FINALIZADA	IMBIRIBEIRA	RUA ARQUITETO LUIZ NUNES	331	""	POR TRAS DO ASSAI	RUA ARQUITETO LUIZ NUNES	331	POR TRAS DO ASSAI	IMBIRIBEIRA		""	COLISÃO	DOIS AUTOS	2									0		""	""	""	""	""	""	""	""	""	""	""	""	""
6888	2018-08-18T00:00:00	08:58:00	SEM VÍTIMA	FINALIZADA	JAQUEIRA	RUA PADRE ROMA	291	RUA CONEGO BARATA	CRUZ COM RUA DA CONEGO BARATA EM FRENTE AO EDIFICIO JARDIM	RUA PADRE ROMA	291	CRUZ COM RUA DA CONEGO BARATA EM FRENTE AO EDIFICIO JARDIM	JAQUEIRA		""	COLISÃO	COLISÃO SEM VITIMAS	1					1				0		""	""	""	""	""	""	""	""	""	""	""	""	""
6889	2018-08-18T00:00:00	09:14:00	SEM VÍTIMA	FINALIZADA	TEJIPIÓ	AV DR JOSE RUFINO	""	""	E/F AO BATALHÃO DO EXÉRCITO, SEMÁFORO 208. SENTIDO SUBÚRBIO	AV DR JOSE RUFINO	""	E/F AO BATALHÃO DO EXÉRCITO, SEMÁFORO 208. SENTIDO SUBÚRBIO	TEJIPIÓ		""	COLISÃO	SE MVÍTIMAS	1	1								0		""	""	""	""	""	""	""	""	""	""	""	""	""
6890	2018-08-18T00:00:00	09:58:00	SEM VÍTIMA	FINALIZADA	IMBIRIBEIRA	AV MARECHAL MASCARENHAS DE MORAES	""	""	SEMÁFORO 287, E/F A ENCRUZILHADA PNEUS	AV MARECHAL MASCARENHAS DE MORAES	""	SEMÁFORO 287, E/F A ENCRUZILHADA PNEUS	IMBIRIBEIRA		""	COLISÃO	SEM VÍTIMAS. VT 09 NO LOCAL.	2									0		""	""	""	""	""	""	""	""	""	""	""	""	""
6891	2018-08-18T00:00:00	10:52:00	SEM VÍTIMA	FINALIZADA	SANTO AMARO	AV GOVERNADOR AGAMENON MAGALHAES	""	""	NO SEMAFORO 049	AV GOVERNADOR AGAMENON MAGALHAES	""	NO SEMAFORO 049	SANTO AMARO		""	COLISÃO	TRES AUTOS	3									0		""	""	""	""	""	""	""	""	""	""	""	""	""
6892	2018-08-18T00:00:00	10:59:00	SEM VÍTIMA	FINALIZADA	PINA	AV ANTONIO DE GOES	""	""	EM FRENTE AO POSTO DE GASOLINA BR	AV ANTONIO DE GOES	""	EM FRENTE AO POSTO DE GASOLINA BR	PINA		""	COLISÃO	DOIS AUTOS	2									0		""	""	""	""	""	""	""	""	""	""	""	""	""
6893	2018-08-18T00:00:00	11:23:00	SEM VÍTIMA	FINALIZADA	BOA VIAGEM	AV BOA VIAGEM	3356	""	NO SEMAFORO 547, EM FRENTE AO EDF. ANTONIO MONTE	AV BOA VIAGEM	3356	NO SEMAFORO 547, EM FRENTE AO EDF. ANTONIO MONTE	BOA VIAGEM		""	COLISÃO	CAMINHÃO E AUTO	1						1			0		""	""	""	""	""	""	""	""	""	""	""	""	""
6894	2018-08-18T00:00:00	11:32:00	COM VÍTIMA	CANCELADA	IBURA	AV DOIS RIOS	277	""	SENTIDO IPSEP PROX AO NUCLEO	AV DOIS RIOS	277	SENTIDO IPSEP PROX AO NUCLEO	IBURA		""	COLISÃO	COLISÃO COM VITIMA	1	1								1		""	""	""	""	""	""	""	""	""	""	""	""	""
6895	2018-08-18T00:00:00	12:27:00	SEM VÍTIMA	CANCELADA	ENGENHO DO MEIO	RUA MANUEL ALVES DEUSDARA	561	""	EM FRENTE A UNIDADE DA FAMILIA DE SAÚDE DE ENGENHO DO MEIO	RUA MANUEL ALVES DEUSDARA	561	EM FRENTE A UNIDADE DA FAMILIA DE SAÚDE DE ENGENHO DO MEIO	ENGENHO DO MEIO		""	COLISÃO	COLISÃO SEM VÍTIMA	1						1			0		""	""	""	""	""	""	""	""	""	""	""	""	""
6896	2018-08-18T00:00:00	13:27:00	SEM VÍTIMA	FINALIZADA	IBURA	RUA PINTOR AGENOR DE ALBUQUERQUE CESAR	195	""	IBURA DE BAIXO NA LADEIRA DO SESI	RUA PINTOR AGENOR DE ALBUQUERQUE CESAR	195	IBURA DE BAIXO NA LADEIRA DO SESI	IBURA		""	COLISÃO	COLISAO ENTRE CAMINHAO E MOTO		1					1			0		""	""	""	""	""	""	""	""	""	""	""	""	""
6897	2018-08-18T00:00:00	14:29:00	SEM VÍTIMA	CANCELADA	IMBIRIBEIRA	AV MARECHAL MASCARENHAS DE MORAES	""	""	LOGO NA ENTRADA DA MASCARENHA DE MORAES/SAINDO DA AV RECIFE CRUZANDO A MASCARENHA /	AV MARECHAL MASCARENHAS DE MORAES	""	LOGO NA ENTRADA DA MASCARENHA DE MORAES/SAINDO DA AV RECIFE CRUZANDO A MASCARENHA /	IMBIRIBEIRA		""	COLISÃO	ONIBUS E AUTO S/V	1					1				0		""	""	""	""	""	""	""	""	""	""	""	""	""
6898	2018-08-18T00:00:00	15:29:00	COM VÍTIMA	FINALIZADA	IPSEP	AV RECIFE	""	""	SAÍDA DO IBURA	AV RECIFE	""	SAÍDA DO IBURA	IPSEP		""	COLISÃO	HONDA CG150 FAN- MBENS 710		1					1			1		""	""	""	""	""	""	""	""	""	""	""	""	""
6899	2018-08-18T00:00:00	19:11:00	SEM VÍTIMA	FINALIZADA	SÃO JOSÉ	RUA IMPERIAL	""	RUA CABO EUTRÓPIO	SEMÁFORO 352 - CRUZ COM A RUA CABO EUTRÓPIO / E/F A NENO SERVIÇOS DE FUNILARIA / POR BAIXO DO VIADUTO	RUA IMPERIAL	""	SEMÁFORO 352 - CRUZ COM A RUA CABO EUTRÓPIO / E/F A NENO SERVIÇOS DE FUNILARIA / POR BAIXO DO VIADUTO	SÃO JOSÉ		""	COLISÃO	ENTRE 2 AUTOS. S/V	2									0		""	""	""	""	""	""	""	""	""	""	""	""	""
6900	2018-08-18T00:00:00	19:20:00	SEM VÍTIMA	FINALIZADA	GRAÇAS	RUA DAS PERNAMBUCANAS	""	RUA CARDEAL ARCOVERDE	CRUZAMENTO COM A RUA CARDIAL ARCOVERDE // ENF A PANIFICADORA PAO E VINHO	RUA DAS PERNAMBUCANAS	""	CRUZAMENTO COM A RUA CARDIAL ARCOVERDE // ENF A PANIFICADORA PAO E VINHO	GRAÇAS		""	COLISÃO	ETIOS X HB 20	2									0		""	""	""	""	""	""	""	""	""	""	""	""	""
6901	2018-08-18T00:00:00	21:03:00	SEM VÍTIMA	CANCELADA	COHAB	RUA VALE DO ITAJAI	4	""	PROX DA UPA DA LAGOA ENCANTADA	RUA VALE DO ITAJAI	4	PROX DA UPA DA LAGOA ENCANTADA	COHAB		""	COLISÃO	DOBLO X PALIO	2									0		""	""	""	""	""	""	""	""	""	""	""	""	""
6902	2018-08-20T00:00:00	06:43:00	""	CANCELADA	SANTO AMARO	SANTO AMARO	91	""	LINHA CANCELADA - CAMPO ENDEREÇO E NATUREZA PERMITEM SOMENTE ADICIONAR BAIRROS	SANTO AMARO	91	LINHA CANCELADA - CAMPO ENDEREÇO E NATUREZA PERMITEM SOMENTE ADICIONAR BAIRROS	SANTO AMARO		""	SANTO AMARO	LINHA CANCELADA - CAMPO ENDEREÇO E NATUREZA PERMITEM SOMENTE ADICIONAR BAIRROS												""	""	""	""	""	""	""	""	""	""	""	""	""
6903	2018-08-18T00:00:00	22:49:00	COM VÍTIMA	FINALIZADA	IBURA	RUA GONCALO LEITAO	""	""	PROXIMO A QUADRA DA UR 04 E EM FRENTE A ASSEMBLEIA DE DEUS	RUA GONCALO LEITAO	""	PROXIMO A QUADRA DA UR 04 E EM FRENTE A ASSEMBLEIA DE DEUS	IBURA		""	COLISÃO	DUAS MOTOS	2									3		""	""	""	""	""	""	""	""	""	""	""	""	""
6904	2018-08-18T00:00:00	23:21:00	SEM VÍTIMA	FINALIZADA	PINA	AV ENGENHEIRO DOMINGOS FERREIRA	10	""	E/F AO ARMAZÉM BEIRA MAR, PROXIMIDADES DO POSTO TOTAL	AV ENGENHEIRO DOMINGOS FERREIRA	10	E/F AO ARMAZÉM BEIRA MAR, PROXIMIDADES DO POSTO TOTAL	PINA		""	COLISÃO	ENTRE 2 AUTOS. S/V	2									0		""	""	""	""	""	""	""	""	""	""	""	""	""
6905	2018-08-19T00:00:00	00:43:00	COM VÍTIMA	CANCELADA	BEBERIBE	RUA URIEL DE HOLANDA	""	""	NA ENTRADA DE DOIS UNIDOS	RUA URIEL DE HOLANDA	""	NA ENTRADA DE DOIS UNIDOS	BEBERIBE		""	COLISÃO	ENTRE 2 MOTOS. C/V		2								1		""	""	""	""	""	""	""	""	""	""	""	""	""
6906	2018-08-19T00:00:00	03:42:00	COM VÍTIMA	FINALIZADA	BAIRRO DO RECIFE	RUA DO BRUM	""	""	POR TRÁS DA ANTIGA FÁBRICA DA PILLAR // ANTES DO FORTE DO BRUM, ÚLTIMA RUA À ESQUERDA	RUA DO BRUM	""	POR TRÁS DA ANTIGA FÁBRICA DA PILLAR // ANTES DO FORTE DO BRUM, ÚLTIMA RUA À ESQUERDA	BAIRRO DO RECIFE		""	CHOQUE	CONDUTOR, PERSEGUIDO POR AGENTES DA LEI SECA, PERDEU O CONTROLE DO VEÍCULO, COLIDINDO-O CONTRA UM POSTE. CONDUTOR CHOCOU A CABEÇA CONTRA O PROPRIO VEICULO E FOI SOCORRIDO PELA VIATURA DA PMPE.	1									1		""	""	""	""	""	""	""	""	""	""	""	""	""
6907	2018-08-19T00:00:00	07:38:00	SEM VÍTIMA	FINALIZADA	IBURA	RUA SOLDADO VIRGILIO LUCIO	104	""	E/F A ESCOLA ORLANDO PARAHYM	RUA SOLDADO VIRGILIO LUCIO	104	E/F A ESCOLA ORLANDO PARAHYM	IBURA		""	COLISÃO	SEM VÍTIMAS	2									0		""	""	""	""	""	""	""	""	""	""	""	""	""
6908	2018-08-19T00:00:00	08:33:00	SEM VÍTIMA	FINALIZADA	JOANA BEZERRA	VIADUTO CAPITAO TEMUDO	""	""	SENTIDO AV AGAMENON MAGALHÃES	VIADUTO CAPITAO TEMUDO	""	SENTIDO AV AGAMENON MAGALHÃES	JOANA BEZERRA		""	COLISÃO	SEM VITIMAS	2									0		""	""	""	""	""	""	""	""	""	""	""	""	""
6909	2018-08-19T00:00:00	09:59:00	SEM VÍTIMA	FINALIZADA	IPSEP	RUA JEAN EMILE FAVRE	""	""	SEMAFORO 574	RUA JEAN EMILE FAVRE	""	SEMAFORO 574	IPSEP		""	COLISÃO	DOIS AUTOS	2									0		""	""	""	""	""	""	""	""	""	""	""	""	""
6910	2018-08-19T00:00:00	11:24:00	SEM VÍTIMA	FINALIZADA	NOVA DESCOBERTA	RUA ALTO DA QUEIMADA	409	""	NO LARGO DA QUEIMADA E/F A IGREJA ASSEMBLÉIA DE DEUS	RUA ALTO DA QUEIMADA	409	NO LARGO DA QUEIMADA E/F A IGREJA ASSEMBLÉIA DE DEUS	NOVA DESCOBERTA		""	COLISÃO	SEM VÍTIMAS	1					1				0		""	""	""	""	""	""	""	""	""	""	""	""	""
6911	2018-08-19T00:00:00	11:29:00	SEM VÍTIMA	FINALIZADA	DERBY	AV GOVERNADOR AGAMENON MAGALHAES	""	""	COLISÃO SEM VITIMAS	AV GOVERNADOR AGAMENON MAGALHAES	""	COLISÃO SEM VITIMAS	DERBY		""	COLISÃO	COLISÃO SEM VITIMAS VT 02 QTH	2									0		""	""	""	""	""	""	""	""	""	""	""	""	""
6912	2018-08-19T00:00:00	13:05:00	SEM VÍTIMA	FINALIZADA	TOTÓ	RUA PAULINO DE FARIAS	640	""	EM FRENTE AO SALÃO RAIZES, PROX DA IGREJA EVANGELICA COGREGACIONAL//EM FRENTE A TELMA MÓVEIS	RUA PAULINO DE FARIAS	640	EM FRENTE AO SALÃO RAIZES, PROX DA IGREJA EVANGELICA COGREGACIONAL//EM FRENTE A TELMA MÓVEIS	TOTÓ		""	COLISÃO	COLISÃO ENTRE AUTO E MOTO S/V	1	1								0		""	""	""	""	""	""	""	""	""	""	""	""	""
6913	2018-08-19T00:00:00	13:28:00	SEM VÍTIMA	FINALIZADA	BOA VIAGEM	AV BOA VIAGEM	1590	""	NO SEGUNDO JARDIM DE BOA VIAGEM, EM FRENTE AO EDIFICIO PRINCESA ISABEL	AV BOA VIAGEM	1590	NO SEGUNDO JARDIM DE BOA VIAGEM, EM FRENTE AO EDIFICIO PRINCESA ISABEL	BOA VIAGEM		""	COLISÃO	COLISÃO ENTRE AUTO E MOTO C/V	1	1								0		""	""	""	""	""	""	""	""	""	""	""	""	""
6914	2018-08-19T00:00:00	13:51:00	COM VÍTIMA	FINALIZADA	ALTO JOSÉ BONIFÁCIO	RUA ALTO BRASIL	736	""	EM FRENTE A PAN LUCAS, EM FRENTE AO TERMINAL DE ÔNIBUS DO ALTO JOSÉ BONIFACIO	RUA ALTO BRASIL	736	EM FRENTE A PAN LUCAS, EM FRENTE AO TERMINAL DE ÔNIBUS DO ALTO JOSÉ BONIFACIO	ALTO JOSÉ BONIFÁCIO		""	COLISÃO	COLISÃO ENTRE AUTO E MOTO C/V	1	1								1		""	""	""	""	""	""	""	""	""	""	""	""	""
6915	2018-08-19T00:00:00	14:48:00	SEM VÍTIMA	FINALIZADA	CASA AMARELA	RUA ARNOLDO MAGALHAES	""	EST ARRAIAL	ESQUINA COM A ESTR DO ARRAIAL, EM FRENTE AO AMERICA FUTEBOL CLUBE	RUA ARNOLDO MAGALHAES	""	ESQUINA COM A ESTR DO ARRAIAL, EM FRENTE AO AMERICA FUTEBOL CLUBE	CASA AMARELA		""	COLISÃO	COLISÃO ENTRE DOIS AUTOS S/V	2									0		""	""	""	""	""	""	""	""	""	""	""	""	""
6916	2018-08-19T00:00:00	17:16:00	SEM VÍTIMA	FINALIZADA	CASA FORTE	AV DEZESSETE DE AGOSTO	1916	""	SEMAFORO 410, EM FRENTE AO AO BARCHEF	AV DEZESSETE DE AGOSTO	1916	SEMAFORO 410, EM FRENTE AO AO BARCHEF	CASA FORTE		""	COLISÃO	COLISÃO ENTRE AUTO E MOTO S/V	1	1								0		""	""	""	""	""	""	""	""	""	""	""	""	""
6917	2018-08-19T00:00:00	17:35:00	SEM VÍTIMA	FINALIZADA	CASA AMARELA	RUA DA HARMONIA	""	EST ARRAIAL	CRUZAMENTO COM A ESTR DO ARRAIAL, EM FRENTE A IGREJA CATOLICA, SEMAFORO 074	RUA DA HARMONIA	""	CRUZAMENTO COM A ESTR DO ARRAIAL, EM FRENTE A IGREJA CATOLICA, SEMAFORO 074	CASA AMARELA		""	COLISÃO	COLISÃO ENTRE DOIS E UMA MOTO C/V	2	1								0		""	""	""	""	""	""	""	""	""	""	""	""	""
6918	2018-08-19T00:00:00	17:47:00	SEM VÍTIMA	FINALIZADA	CAMPO GRANDE	RUA ODORICO MENDES	""	""	EM FRENTE AO CLUBE DAS PÁS	RUA ODORICO MENDES	""	EM FRENTE AO CLUBE DAS PÁS	CAMPO GRANDE		""	COLISÃO COM CICLISTA	COLISÃO ENVOLVENDO CICLITA S/V	1									0		""	""	""	""	""	""	""	""	""	""	""	""	""
6919	2018-08-19T00:00:00	19:17:00	COM VÍTIMA	FINALIZADA	AREIAS	AV DR JOSE RUFINO	634	""	AO LADO DA EMPRESA TRANSVAL E E/F AO COLÉGIO INDEPENDÊNCIA, SNT SUB	AV DR JOSE RUFINO	634	AO LADO DA EMPRESA TRANSVAL E E/F AO COLÉGIO INDEPENDÊNCIA, SNT SUB	AREIAS		""	COLISÃO	ENTRE 2 AUTOS. C/V	2									1		""	""	""	""	""	""	""	""	""	""	""	""	""
6920	2018-08-19T00:00:00	19:38:00	SEM VÍTIMA	FINALIZADA	SANTO AMARO	AV CRUZ CABUGA	""	""	EM FRENTE AO HOSPITAL DO CÂNCER, SENTIDO OLINDA	AV CRUZ CABUGA	""	EM FRENTE AO HOSPITAL DO CÂNCER, SENTIDO OLINDA	SANTO AMARO		""	COLISÃO	COLISÃO ENTRE AUTO E ÔNIBUS BRT S/V	1					1				0		""	""	""	""	""	""	""	""	""	""	""	""	""
6921	2018-08-19T00:00:00	20:18:00	SEM VÍTIMA	FINALIZADA	JARDIM SÃO PAULO	AV JOAO CABRAL DE MELO NETO	""	""	SEMÁFORO 259	AV JOAO CABRAL DE MELO NETO	""	SEMÁFORO 259	JARDIM SÃO PAULO		""	COLISÃO	ENTRE AMBULÂNCIA E AUTO. S/V	2									0		""	""	""	""	""	""	""	""	""	""	""	""	""
6922	2018-08-19T00:00:00	22:47:00	SEM VÍTIMA	FINALIZADA	JORDÃO	TUNEL FELIPE CAMARAO	""	""	NA SAÍDE DO TUNEL FELIPE CAMARÃO	TUNEL FELIPE CAMARAO	""	NA SAÍDE DO TUNEL FELIPE CAMARÃO	JORDÃO		""	COLISÃO	ENTRE 2 AUTOS. S/V	2									0		""	""	""	""	""	""	""	""	""	""	""	""	""
6923	2018-08-20T00:00:00	07:02:00	SEM VÍTIMA	FINALIZADA	DERBY	PRC DO DERBY	417	""	E/F A ODONTO CAPE	PRC DO DERBY	417	E/F A ODONTO CAPE	DERBY		""	COLISÃO	""	1					1				0		""	""	""	""	""	""	""	""	""	""	""	""	""
6924	2018-08-20T00:00:00	07:09:00	SEM VÍTIMA	FINALIZADA	CAXANGÁ	AV CAXANGA	""	""	EMBAIXO DO VIADUTO / SEN SUB	AV CAXANGA	""	EMBAIXO DO VIADUTO / SEN SUB	CAXANGÁ		""	COLISÃO	MOTO E AUTO	1	1								0		""	""	""	""	""	""	""	""	""	""	""	""	""
6925	2018-08-20T00:00:00	07:10:00	SEM VÍTIMA	FINALIZADA	JARDIM SÃO PAULO	RUA LEANDRO BARRETO	604	""	E/F AO CONSULTORIO ANNE MOURA, NO LADO DIREITO DA VIA, SENTIDO BR	RUA LEANDRO BARRETO	604	E/F AO CONSULTORIO ANNE MOURA, NO LADO DIREITO DA VIA, SENTIDO BR	JARDIM SÃO PAULO		""	COLISÃO	SEM VÍTIMAS	2									0		""	""	""	""	""	""	""	""	""	""	""	""	""
6926	2018-08-20T00:00:00	07:40:00	SEM VÍTIMA	FINALIZADA	ILHA DO RETIRO	AV ENGENHEIRO ABDIAS DE CARVALHO	2056	""	EM FRENTE AO RESTAURANTE CABLOCO DE LANÇA	AV ENGENHEIRO ABDIAS DE CARVALHO	2056	EM FRENTE AO RESTAURANTE CABLOCO DE LANÇA	ILHA DO RETIRO		""	COLISÃO	DOIS AUTOS	2									0		""	""	""	""	""	""	""	""	""	""	""	""	""
6927	2018-08-20T00:00:00	08:36:00	SEM VÍTIMA	FINALIZADA	MADALENA	RUA DEMOCRITO DE SOUZA FILHO	405	""	EM FRENTE A CLINICA FISIOTERAPIA E SAUDE	RUA DEMOCRITO DE SOUZA FILHO	405	EM FRENTE A CLINICA FISIOTERAPIA E SAUDE	MADALENA		""	COLISÃO	DOIS AUTOS	2									0		""	""	""	""	""	""	""	""	""	""	""	""	""
6928	2018-08-20T00:00:00	08:57:00	SEM VÍTIMA	FINALIZADA	AFLITOS	AV CONS ROSA E SILVA	""	""	EM FRNTE AO POSTO IPIRANGA	AV CONS ROSA E SILVA	""	EM FRNTE AO POSTO IPIRANGA	AFLITOS		""	COLISÃO	CAMINHAO E AUTO	1						1			0		""	""	""	""	""	""	""	""	""	""	""	""	""
6929	2018-08-20T00:00:00	08:57:00	SEM VÍTIMA	FINALIZADA	ENCRUZILHADA	AV NORTE	""	""	E/F AO BANCO SANTANDER, SENTIDO CIDADE. SEMÁFORO 043	AV NORTE	""	E/F AO BANCO SANTANDER, SENTIDO CIDADE. SEMÁFORO 043	ENCRUZILHADA		""	COLISÃO	SE MVÍTIMAS	1					1				0		""	""	""	""	""	""	""	""	""	""	""	""	""
6930	2018-08-20T00:00:00	08:59:00	SEM VÍTIMA	FINALIZADA	ESPINHEIRO	RUA LAURO MONTENEGRO	379	""	PROX. A IGREJA DO ESPINHEIRO	RUA LAURO MONTENEGRO	379	PROX. A IGREJA DO ESPINHEIRO	ESPINHEIRO		""	COLISÃO	DOIS AUTOS	2									0		""	""	""	""	""	""	""	""	""	""	""	""	""
6931	2018-08-20T00:00:00	09:53:00	SEM VÍTIMA	FINALIZADA	PINA	AV HERCULANO BANDEIRA	587	""	PROX. A FARMACIA DO TRABALHADOR	AV HERCULANO BANDEIRA	587	PROX. A FARMACIA DO TRABALHADOR	PINA		""	COLISÃO	DOIS AUTOS BATEDORES NO LOCAL, GM-S. SANTOS	2									0		""	""	""	""	""	""	""	""	""	""	""	""	""
6932	2018-08-20T00:00:00	10:02:00	SEM VÍTIMA	FINALIZADA	IBURA	AV DOIS RIOS	515	""	E/F AO DEPOSITO DE BEBIDAS DOIS RIOS	AV DOIS RIOS	515	E/F AO DEPOSITO DE BEBIDAS DOIS RIOS	IBURA		""	COLISÃO	SEM VÍTIMAS	2									0		""	""	""	""	""	""	""	""	""	""	""	""	""
6933	2018-08-20T00:00:00	12:16:00	""	CANCELADA	AFOGADOS	LARGO DA PAZ	""	""	""	LARGO DA PAZ	""	""	AFOGADOS		""	COLISÃO	COLISÃO SEM VITIMA	1	1								0		""	""	""	""	""	""	""	""	""	""	""	""	""
6934	2018-08-20T00:00:00	12:17:00	SEM VÍTIMA	FINALIZADA	AFOGADOS	AV SUL	""	""	EM FRENTE A ESTAÇÃO DO METRO LARGO DA PAZ	AV SUL	""	EM FRENTE A ESTAÇÃO DO METRO LARGO DA PAZ	AFOGADOS		""	COLISÃO	SEM VITIMAS	1	1								0		""	""	""	""	""	""	""	""	""	""	""	""	""
6935	2018-08-20T00:00:00	12:23:00	SEM VÍTIMA	FINALIZADA	IMBIRIBEIRA	RUA ARQUITETO FERNANDO ALMEIDA	280	RUA MOACIR DE ALBUQUERQUE	CRUZAMENTO COM A RUA MOACIR DE ALBUQUERQUE,EDF SIDERAL	RUA ARQUITETO FERNANDO ALMEIDA	280	CRUZAMENTO COM A RUA MOACIR DE ALBUQUERQUE,EDF SIDERAL	IMBIRIBEIRA		""	COLISÃO	SEM VITIMAS	1						1			0		""	""	""	""	""	""	""	""	""	""	""	""	""
6936	2018-08-20T00:00:00	12:55:00	SEM VÍTIMA	FINALIZADA	CAXANGÁ	RUA MAURICIO DE NASSAU	""	""	ESCOLA MUNICIPAL DARCI RIBEIRO, SENTIDO SUBURBIO	RUA MAURICIO DE NASSAU	""	ESCOLA MUNICIPAL DARCI RIBEIRO, SENTIDO SUBURBIO	CAXANGÁ		""	COLISÃO	COLISÃO SEM VITIMA	2									0		""	""	""	""	""	""	""	""	""	""	""	""	""
6937	2018-08-20T00:00:00	13:16:00	SEM VÍTIMA	FINALIZADA	CAMPO GRANDE	RUA PROFESSOR ANDRADE BEZERRA	1395	""	EM FRENTE A SOLL SERVIÇOS E LOCAÇÕES	RUA PROFESSOR ANDRADE BEZERRA	1395	EM FRENTE A SOLL SERVIÇOS E LOCAÇÕES	CAMPO GRANDE		""	COLISÃO	SEM VITIMAS						1	1			0		""	""	""	""	""	""	""	""	""	""	""	""	""
6938	2018-08-20T00:00:00	13:23:00	COM VÍTIMA	FINALIZADA	DERBY	AV GOVERNADOR AGAMENON MAGALHAES	""	""	NA PRAÇA DO DERBY , SENTIDO BOA VIAGEM	AV GOVERNADOR AGAMENON MAGALHAES	""	NA PRAÇA DO DERBY , SENTIDO BOA VIAGEM	DERBY		""	COLISÃO	COLISÃO COM VÍTIMA, MOTO E CARRO	1	1								1		""	""	""	""	""	""	""	""	""	""	""	""	""
6939	2018-08-20T00:00:00	13:57:00	SEM VÍTIMA	FINALIZADA	CASA FORTE	RUA LEONARDO BEZERRA CAVALCANTE	""	""	AO LADO DO WALLMART	RUA LEONARDO BEZERRA CAVALCANTE	""	AO LADO DO WALLMART	CASA FORTE		""	ENGAVETAMENTO	4 VEICULOS ENVOLVIDOS, SEM VITIMAS	4									0		""	""	""	""	""	""	""	""	""	""	""	""	""
6940	2018-08-20T00:00:00	14:34:00	COM VÍTIMA	FINALIZADA	CAMPO GRANDE	RUA ODORICO MENDES	""	""	EM FRENTE AO IC	RUA ODORICO MENDES	""	EM FRENTE AO IC	CAMPO GRANDE		""	COLISÃO	""	1	1								1		""	""	""	""	""	""	""	""	""	""	""	""	""
6941	2018-08-20T00:00:00	14:38:00	SEM VÍTIMA	FINALIZADA	MADALENA	AV ENGENHEIRO ABDIAS DE CARVALHO	175	""	EM FRENTE CARGLASS ,VIDROS AUTOMOTIVOS,SENT /CIDADE	AV ENGENHEIRO ABDIAS DE CARVALHO	175	EM FRENTE CARGLASS ,VIDROS AUTOMOTIVOS,SENT /CIDADE	MADALENA		""	COLISÃO	SEM VITIMAS	2									0		""	""	""	""	""	""	""	""	""	""	""	""	""
6942	2018-08-20T00:00:00	15:07:00	SEM VÍTIMA	FINALIZADA	SANTO AMARO	AV JOAO DE BARROS	""	""	JUNTO AO SANTANDER, SOB O SEMÁFORO 043	AV JOAO DE BARROS	""	JUNTO AO SANTANDER, SOB O SEMÁFORO 043	SANTO AMARO		""	COLISÃO	COLISÃO SEM VÍTIMAS	1	1								0		""	""	""	""	""	""	""	""	""	""	""	""	""
6943	2018-08-20T00:00:00	15:45:00	SEM VÍTIMA	FINALIZADA	ILHA DO RETIRO	AV ENGENHEIRO ABDIAS DE CARVALHO	175	""	CAR BLER, SENTIDO CENTRO	AV ENGENHEIRO ABDIAS DE CARVALHO	175	CAR BLER, SENTIDO CENTRO	ILHA DO RETIRO		""	COLISÃO	COLISÃO SEM VITIMAS	2									0		""	""	""	""	""	""	""	""	""	""	""	""	""
6944	2018-08-20T00:00:00	17:00:00	SEM VÍTIMA	FINALIZADA	TAMARINEIRA	AV CONS ROSA E SILVA	""	""	NA FRENTE DO HOSPITAL LUIZ PERNAMBUCANO	AV CONS ROSA E SILVA	""	NA FRENTE DO HOSPITAL LUIZ PERNAMBUCANO	TAMARINEIRA		""	COLISÃO	COLISÃO SEM VITIMAS	1					1				0		""	""	""	""	""	""	""	""	""	""	""	""	""
6945	2018-08-20T00:00:00	17:53:00	COM VÍTIMA	FINALIZADA	TORRÕES	AV CAXANGA	""	""	C /RUA INÁCIO MONTEIRO	AV CAXANGA	""	C /RUA INÁCIO MONTEIRO	TORRÕES		""	COLISÃO COM CICLISTA	MOTOCICLETA E BICICLETA		1		1						1		""	""	""	""	""	""	""	""	""	""	""	""	""