_id	DATA	hora	natureza_acidente	situacao	bairro	endereco	numero	detalhe_endereco_acidente	complemento	endereco_cruzamento	numero_cruzamento	referencia_cruzamento	bairro_cruzamento	num_semaforo	sentido_via	tipo	descricao	auto	moto	ciclom	ciclista	pedestre	onibus	caminhao	viatura	outros	vitimas	vitimasfatais	acidente_verificado	tempo_clima	situacao_semaforo	sinalizacao	condicao_via	conservacao_via	ponto_controle	situacao_placa	velocidade_max_via	mao_direcao	divisao_via1	divisao_via2	divisao_via3
6946	2018-08-20T00:00:00	17:55:00	SEM VÍTIMA	FINALIZADA	ILHA DO LEITE	RUA MINAS GERAIS	""	""	EMPRESARIAL ILHA DO LEITE NO PORTAO DE SAIDA	RUA MINAS GERAIS	""	EMPRESARIAL ILHA DO LEITE NO PORTAO DE SAIDA	ILHA DO LEITE		""	COLISÃO	FORD K X PAILO OBS: BATEDORES NO LOCAL MOTO 28 X 15	2									0		""	""	""	""	""	""	""	""	""	""	""	""	""
6947	2018-08-20T00:00:00	18:11:00	SEM VÍTIMA	FINALIZADA	GRAÇAS	AV GOVERNADOR AGAMENON MAGALHAES	""	""	ENF AO ESTACIONAMENTO DO WALMART PARQUE AMIRIM PISTA LOCAL	AV GOVERNADOR AGAMENON MAGALHAES	""	ENF AO ESTACIONAMENTO DO WALMART PARQUE AMIRIM PISTA LOCAL	GRAÇAS		""	COLISÃO	HONDA CIT X CAMINHAO OBS: AGENTE DA CTTU NO LOCAL	1						1			0		""	""	""	""	""	""	""	""	""	""	""	""	""
6948	2018-08-20T00:00:00	18:28:00	COM VÍTIMA	FINALIZADA	PORTO DA MADEIRA	AV BEBERIBE	3530	""	PROXIMO AO CONJUNTO JOÃO PAULO II	AV BEBERIBE	3530	PROXIMO AO CONJUNTO JOÃO PAULO II	PORTO DA MADEIRA		""	COLISÃO	DOIS AUTOS E UMA MOTO	2	1								1		""	""	""	""	""	""	""	""	""	""	""	""	""
6949	2018-08-20T00:00:00	18:36:00	SEM VÍTIMA	FINALIZADA	TORRE	RUA ALBERTO PAIVA	""	""	POR CIMA DA PONTE, SNT PRC TORRE / PROX AO POSTO SHELL	RUA ALBERTO PAIVA	""	POR CIMA DA PONTE, SNT PRC TORRE / PROX AO POSTO SHELL	TORRE		""	COLISÃO	ENTRE 2 AUTOS. S/V	2									0		""	""	""	""	""	""	""	""	""	""	""	""	""
6950	2018-08-20T00:00:00	18:31:00	SEM VÍTIMA	FINALIZADA	ENCRUZILHADA	AV NORTE	2530	""	E/F A JACAUNA E DEFENSORIA PÚBLICA, SNT SUB / PRÓX AO SANTANDER	AV NORTE	2530	E/F A JACAUNA E DEFENSORIA PÚBLICA, SNT SUB / PRÓX AO SANTANDER	ENCRUZILHADA		""	COLISÃO	ENTRE AUTO E CAMINHÃO. S/V / AGENTE NO LOCAL	1						1			0		""	""	""	""	""	""	""	""	""	""	""	""	""
6951	2018-08-20T00:00:00	18:47:00	SEM VÍTIMA	FINALIZADA	CASA AMARELA	RUA FERREIRA LOPES	249	""	EDF. TRIAMELLO POR TRAS DO SITIO DA TRINDADE	RUA FERREIRA LOPES	249	EDF. TRIAMELLO POR TRAS DO SITIO DA TRINDADE	CASA AMARELA		""	COLISÃO	MOTO X CITROEEN	1	1								0		""	""	""	""	""	""	""	""	""	""	""	""	""
6952	2018-08-20T00:00:00	19:23:00	SEM VÍTIMA	FINALIZADA	AFOGADOS	EST DOS REMEDIOS	582	""	ENF A DEFENSORIA DO ESTADO // PROX AO PONTAL DA PESCA	EST DOS REMEDIOS	582	ENF A DEFENSORIA DO ESTADO // PROX AO PONTAL DA PESCA	AFOGADOS		""	COLISÃO	CAMINHAO X TAXI	1						1			0		""	""	""	""	""	""	""	""	""	""	""	""	""
6953	2018-08-20T00:00:00	19:41:00	COM VÍTIMA	FINALIZADA	BOA VIAGEM	VIADUTO TANCREDO NEVES	""	""	POR CIMA DO VIADUTO TANCREDO NEVES, SNT BR 101 / PRÓX AO SAL E BRAZA	VIADUTO TANCREDO NEVES	""	POR CIMA DO VIADUTO TANCREDO NEVES, SNT BR 101 / PRÓX AO SAL E BRAZA	BOA VIAGEM		""	ENGAVETAMENTO	ENTRE 3 AUTOS E MOTO. C/V	3	1								1		""	""	""	""	""	""	""	""	""	""	""	""	""
6954	2018-08-20T00:00:00	20:24:00	SEM VÍTIMA	FINALIZADA	AFOGADOS	RUA EMILIA TORREAO	135	""	ENF AO EDF DESTRITO SANITARIO 5 // PROX AO HOSPITAL PEDIATRICO MARIA GRAVO GRAMA	RUA EMILIA TORREAO	135	ENF AO EDF DESTRITO SANITARIO 5 // PROX AO HOSPITAL PEDIATRICO MARIA GRAVO GRAMA	AFOGADOS		""	COLISÃO	VT DA POLICIA X VEICULO DA PREFEITURA								2		0		""	""	""	""	""	""	""	""	""	""	""	""	""
6955	2018-08-20T00:00:00	20:27:00	SEM VÍTIMA	FINALIZADA	ENCRUZILHADA	AV NORTE	""	AV JOAO DE BARROS	CRUZ COM A AV JOÃO DE BARROS	AV NORTE	""	CRUZ COM A AV JOÃO DE BARROS	ENCRUZILHADA		""	COLISÃO	ENTRE AUTO E ÕNIBUS. S/V // VT 02 NO LOCAL	1					1				0		""	""	""	""	""	""	""	""	""	""	""	""	""
6956	2018-08-20T00:00:00	22:28:00	SEM VÍTIMA	FINALIZADA	SANTO AMARO	AV CRUZ CABUGA	""	""	NA ENTRADA DO SHOPPING TACARUNA E AREA MILITAR, SNT OLINDA	AV CRUZ CABUGA	""	NA ENTRADA DO SHOPPING TACARUNA E AREA MILITAR, SNT OLINDA	SANTO AMARO		""	ENGAVETAMENTO	ENTRE 3 AUTOS. S/V	3									0		""	""	""	""	""	""	""	""	""	""	""	""	""
6957	2018-08-20T00:00:00	23:46:00	SEM VÍTIMA	FINALIZADA	AFOGADOS	RUA IMPERIAL	1600	RUA LOURENCO DA SE	ENF A JUCEPE /CRUZAMENTO COM A RUA LOURENÇO DA SE	RUA IMPERIAL	1600	ENF A JUCEPE /CRUZAMENTO COM A RUA LOURENÇO DA SE	AFOGADOS		""	COLISÃO	gol x sandero	2									0		""	""	""	""	""	""	""	""	""	""	""	""	""
6958	2018-08-21T00:00:00	06:57:00	COM VÍTIMA	FINALIZADA	CABANGA	PTE AGAMENON MAGALHAES	""	""	APÓS A PONTE PRÓXIMO DO CABANGA IATE CLUBE	PTE AGAMENON MAGALHAES	""	APÓS A PONTE PRÓXIMO DO CABANGA IATE CLUBE	CABANGA		""	CHOQUE	VEÍCULO CHOCOU-SE COM POSTE										1		""	""	""	""	""	""	""	""	""	""	""	""	""
6959	2018-08-21T00:00:00	07:41:00	SEM VÍTIMA	CANCELADA	IBURA	PTE DO CACOTE	""	""	""	PTE DO CACOTE	""	""	IBURA		""	COLISÃO	AUTO X MOTO										0		""	""	""	""	""	""	""	""	""	""	""	""	""
6960	2018-08-21T00:00:00	08:05:00	SEM VÍTIMA	FINALIZADA	ARRUDA	RUA DA REGENERACAO	1179	""	E/F A RESIDENCIA.	RUA DA REGENERACAO	1179	E/F A RESIDENCIA.	ARRUDA		""	COLISÃO	SEM VÍTIMAS	2									0		""	""	""	""	""	""	""	""	""	""	""	""	""
6961	2018-08-21T00:00:00	08:06:00	SEM VÍTIMA	FINALIZADA	IPUTINGA	RUA AMBROSIO MACHADO	105	RUA GOMES TABORDA	RESIDENCIA DE ESQUINA COM A RUA GOMES TABORDA	RUA AMBROSIO MACHADO	105	RESIDENCIA DE ESQUINA COM A RUA GOMES TABORDA	IPUTINGA		""	COLISÃO	COLISÃO SEM VITIMAS	2									0		""	""	""	""	""	""	""	""	""	""	""	""	""
6962	2018-08-21T00:00:00	08:15:00	SEM VÍTIMA	FINALIZADA	CAÇOTE	AV RECIFE	1010	""	""	AV RECIFE	1010	""	CAÇOTE		""	ACID. DE PERCURSO	""										0		""	""	""	""	""	""	""	""	""	""	""	""	""
6963	2018-08-21T00:00:00	08:22:00	""	CANCELADA	CORDEIRO	RUA AMBROSIO MACHADO	""	""	CRUZ COM O CANAL DO CAVOCO NA RUA DA AUTO ESCOLA PILOTO	RUA AMBROSIO MACHADO	""	CRUZ COM O CANAL DO CAVOCO NA RUA DA AUTO ESCOLA PILOTO	CORDEIRO		""	COLISÃO	COLISÃO SEM VITIMAS GM QTH	2									0		""	""	""	""	""	""	""	""	""	""	""	""	""
6964	2018-08-21T00:00:00	08:35:00	SEM VÍTIMA	FINALIZADA	APIPUCOS	RUA DOIS IRMAOS	""	""	PROX. AO HOTEL SENZALA	RUA DOIS IRMAOS	""	PROX. AO HOTEL SENZALA	APIPUCOS		""	COLISÃO	DOIS AUTO VT- 07 NO LOCAL	2									0		""	""	""	""	""	""	""	""	""	""	""	""	""
6965	2018-08-21T00:00:00	08:57:00	SEM VÍTIMA	FINALIZADA	AFOGADOS	EST DOS REMEDIOS	1918	""	""	EST DOS REMEDIOS	1918	""	AFOGADOS		""	COLISÃO	""	2									0		""	""	""	""	""	""	""	""	""	""	""	""	""
6966	2018-08-21T00:00:00	09:32:00	SEM VÍTIMA	CANCELADA	PINA	AV REPUBLICA DO LIBANO	""	""	NA ENTRADA DO SHOPPING RIO MAR	AV REPUBLICA DO LIBANO	""	NA ENTRADA DO SHOPPING RIO MAR	PINA		""	COLISÃO	COLISÃO SEM VITIMAS	2									0		""	""	""	""	""	""	""	""	""	""	""	""	""
6967	2018-08-21T00:00:00	09:22:00	SEM VÍTIMA	FINALIZADA	ESPINHEIRO	RUA BARAO DE ITAMARACA	397	""	E/F A CULTURA INGLESA	RUA BARAO DE ITAMARACA	397	E/F A CULTURA INGLESA	ESPINHEIRO		""	COLISÃO	COLISAO ENTRE DOIS AUTOS S/V	2									0		""	""	""	""	""	""	""	""	""	""	""	""	""
6968	2018-08-21T00:00:00	09:42:00	SEM VÍTIMA	FINALIZADA	BOA VIAGEM	AV CONSELHEIRO AGUIAR	2770	""	E/F A LOJA ORGANNO	AV CONSELHEIRO AGUIAR	2770	E/F A LOJA ORGANNO	BOA VIAGEM		""	COLISÃO	SEM VÍTIMAS										0		""	""	""	""	""	""	""	""	""	""	""	""	""
6969	2018-08-21T00:00:00	09:49:00	SEM VÍTIMA	FINALIZADA	SÃO JOSÉ	AV SUL	""	""	E/F AS TORRES GÊMEAS. SENTIDO MARCO ZERO	AV SUL	""	E/F AS TORRES GÊMEAS. SENTIDO MARCO ZERO	SÃO JOSÉ		""	COLISÃO	SEM VÍTIMAS	2									0		""	""	""	""	""	""	""	""	""	""	""	""	""
6970	2018-08-21T00:00:00	09:50:00	SEM VÍTIMA	FINALIZADA	AFOGADOS	RUA IMPERIAL	1800	""	E/F A GRANDE ORIENTE PERNAMBUCO	RUA IMPERIAL	1800	E/F A GRANDE ORIENTE PERNAMBUCO	AFOGADOS		""	COLISÃO	COLISAO ENTRE AUTO E CAMINHAO S/V	1						1			0		""	""	""	""	""	""	""	""	""	""	""	""	""
6971	2018-08-21T00:00:00	10:05:00	SEM VÍTIMA	FINALIZADA	BOA VIAGEM	AV ENGENHEIRO DOMINGOS FERREIRA	2600	""	E/F AO POSTO PETROBRAS	AV ENGENHEIRO DOMINGOS FERREIRA	2600	E/F AO POSTO PETROBRAS	BOA VIAGEM		""	COLISÃO	COLISAO ENTRE TRES AUTOS S/V	3									0		""	""	""	""	""	""	""	""	""	""	""	""	""
6972	2018-08-21T00:00:00	10:11:00	COM VÍTIMA	FINALIZADA	SANTO ANTÔNIO	RUA FLORIANO PEIXOTO	""	""	EM FRENTE A ESTAÇÃO RECIFE EM BAIXO DO SEMAFORO 012	RUA FLORIANO PEIXOTO	""	EM FRENTE A ESTAÇÃO RECIFE EM BAIXO DO SEMAFORO 012	SANTO ANTÔNIO		""	COLISÃO	COLISÃO COM VITIMA A ESPERA DO SAMU		1				1				1		""	""	""	""	""	""	""	""	""	""	""	""	""
6973	2018-08-21T00:00:00	10:23:00	SEM VÍTIMA	FINALIZADA	CAJUEIRO	AV CIDADE DE MONTEIRO	""	""	E/F AO ARMAZEM CORAL	AV CIDADE DE MONTEIRO	""	E/F AO ARMAZEM CORAL	CAJUEIRO		""	COLISÃO	COLISAO ENTRE DOIS AUTOS S/V	2									0		""	""	""	""	""	""	""	""	""	""	""	""	""
6974	2018-08-21T00:00:00	10:26:00	SEM VÍTIMA	FINALIZADA	DERBY	AV ENGENHEIRO AGAMENON DE MAGALHAES MELO	""	""	SEM. 075	AV ENGENHEIRO AGAMENON DE MAGALHAES MELO	""	SEM. 075	DERBY		""	COLISÃO	SEM VÍTIMA	1	1								0		""	""	""	""	""	""	""	""	""	""	""	""	""
6975	2018-08-21T00:00:00	12:01:00	SEM VÍTIMA	FINALIZADA	VASCO DA GAMA	RUA VASCO DA GAMA	""	""	MERCADINHO DOIS IRMÃOS	RUA VASCO DA GAMA	""	MERCADINHO DOIS IRMÃOS	VASCO DA GAMA		""	COLISÃO	COLISÃO SEM VÍTIMA	3									0		""	""	""	""	""	""	""	""	""	""	""	""	""
6976	2018-08-21T00:00:00	12:11:00	SEM VÍTIMA	FINALIZADA	GRAÇAS	RUA JOAQUIM NABUCO	""	""	NA FRENTE AO DERBY CENTER	RUA JOAQUIM NABUCO	""	NA FRENTE AO DERBY CENTER	GRAÇAS		""	COLISÃO	COLISÃO SEM VÍTIMA	2									0		""	""	""	""	""	""	""	""	""	""	""	""	""
6977	2018-08-21T00:00:00	12:14:00	SEM VÍTIMA	FINALIZADA	ENCRUZILHADA	RUA AMARO COUTINHO	315	""	EM FRENTE AO BAR DO TONHÃO	RUA AMARO COUTINHO	315	EM FRENTE AO BAR DO TONHÃO	ENCRUZILHADA		""	CHOQUE	VEÍCULO CHOCOU-SE NO MEIO FIO / SEM VÍTIMA	1									0		""	""	""	""	""	""	""	""	""	""	""	""	""
6978	2018-08-21T00:00:00	12:38:00	SEM VÍTIMA	FINALIZADA	BOA VISTA	AV GOVERNADOR AGAMENON MAGALHAES	""	""	JUNTO AO SEMÁFORO 174	AV GOVERNADOR AGAMENON MAGALHAES	""	JUNTO AO SEMÁFORO 174	BOA VISTA		""	COLISÃO	COLISÃO SEM VÍTIMA	2									0		""	""	""	""	""	""	""	""	""	""	""	""	""
6979	2018-08-21T00:00:00	13:02:00	SEM VÍTIMA	FINALIZADA	GRAÇAS	AV GOVERNADOR AGAMENON MAGALHAES	""	""	EM FRENTE A MCDONALD/ SENTIDO BOA VIAGEM	AV GOVERNADOR AGAMENON MAGALHAES	""	EM FRENTE A MCDONALD/ SENTIDO BOA VIAGEM	GRAÇAS		""	COLISÃO	COLISÃO SEM VÍTIMA	1								1	0		""	""	""	""	""	""	""	""	""	""	""	""	""
6980	2018-08-21T00:00:00	13:20:00	SEM VÍTIMA	FINALIZADA	BOA VISTA	RUA DO HOSPICIO	""	""	PRÓXIMO DA CÂMARA DOS VEREADORES	RUA DO HOSPICIO	""	PRÓXIMO DA CÂMARA DOS VEREADORES	BOA VISTA		""	ACID. DE PERCURSO	""										0		""	""	""	""	""	""	""	""	""	""	""	""	""
6981	2018-08-21T00:00:00	13:50:00	COM VÍTIMA	FINALIZADA	ESPINHEIRO	RUA AMELIA	""	""	ESQUINA DO ESPINHEIRO SHOPPING	RUA AMELIA	""	ESQUINA DO ESPINHEIRO SHOPPING	ESPINHEIRO		""	COLISÃO	COLISÃO COM VITIMA, AGUARDANDO O SAMU	1	1								1		""	""	""	""	""	""	""	""	""	""	""	""	""
6982	2018-08-21T00:00:00	14:02:00	SEM VÍTIMA	FINALIZADA	AFOGADOS	RUA SAO MIGUEL	""	""	NA FRENTE DO SENO CONSTRUÇÕES, SENTIDO CIDADE	RUA SAO MIGUEL	""	NA FRENTE DO SENO CONSTRUÇÕES, SENTIDO CIDADE	AFOGADOS		""	COLISÃO	COLISÃO SEM VITIMA	1					1				0		""	""	""	""	""	""	""	""	""	""	""	""	""
6983	2018-08-21T00:00:00	14:15:00	COM VÍTIMA	FINALIZADA	AFOGADOS	EST DOS REMEDIOS	""	""	EM FRENTE AO POSTO IPIRANGA / SENT CIDADE	EST DOS REMEDIOS	""	EM FRENTE AO POSTO IPIRANGA / SENT CIDADE	AFOGADOS		""	COLISÃO	DUAS MOTOS		2								2		""	""	""	""	""	""	""	""	""	""	""	""	""
6984	2018-08-21T00:00:00	14:45:00	COM VÍTIMA	FINALIZADA	ARRUDA	EST VELHA DE AGUA FRIA	""	""	PROX. AO CANAL, JUNTO AO SEMAFORO 306	EST VELHA DE AGUA FRIA	""	PROX. AO CANAL, JUNTO AO SEMAFORO 306	ARRUDA		""	COLISÃO	COLISÃO COM VITIMAS, VITIMA NO LOCAL AGUARDANDO ATENDIMENTO		2								2		""	""	""	""	""	""	""	""	""	""	""	""	""
6985	2018-08-21T00:00:00	15:24:00	COM VÍTIMA	FINALIZADA	BOA VISTA	AV CONDE DA BOA VISTA	""	""	EM FRENTE A FAFIRE/ SENTIDO CENTRO	AV CONDE DA BOA VISTA	""	EM FRENTE A FAFIRE/ SENTIDO CENTRO	BOA VISTA		""	COLISÃO	COLISÃO COM VÍTIMA	1	1								2		""	""	""	""	""	""	""	""	""	""	""	""	""
6986	2018-08-21T00:00:00	15:48:00	SEM VÍTIMA	FINALIZADA	BOA VISTA	RUA DOM BOSCO	""	""	AO LADO DO COLEGIO SALESIANO	RUA DOM BOSCO	""	AO LADO DO COLEGIO SALESIANO	BOA VISTA		""	COLISÃO	SEM VITIMAS ,CTTU NO LOCAL	2									0		""	""	""	""	""	""	""	""	""	""	""	""	""
6987	2018-08-21T00:00:00	16:09:00	SEM VÍTIMA	FINALIZADA	BOA VIAGEM	AVENIDA CELSO FURTADO (VIA MANGUE)	""	""	NA VIA MANGUE NO FINAL , SENTIDO SHOPPING RECIFE	AVENIDA CELSO FURTADO (VIA MANGUE)	""	NA VIA MANGUE NO FINAL , SENTIDO SHOPPING RECIFE	BOA VIAGEM		""	COLISÃO	COLISÃO SEM VÍTIMA	3									0		""	""	""	""	""	""	""	""	""	""	""	""	""
6988	2018-08-21T00:00:00	16:20:00	SEM VÍTIMA	CANCELADA	BOA VIAGEM	RUA PROFESSOR JOSE BRANDAO	""	""	EM FRENTE AO RESTAURANTE GIRO PRAIA	RUA PROFESSOR JOSE BRANDAO	""	EM FRENTE AO RESTAURANTE GIRO PRAIA	BOA VIAGEM		""	COLISÃO	COLISÃO SEM VÍTIMA	2									0		""	""	""	""	""	""	""	""	""	""	""	""	""
6989	2018-08-21T00:00:00	16:35:00	SEM VÍTIMA	CANCELADA	CAMPO GRANDE	AV GOVERNADOR AGAMENON MAGALHAES	""	RUA ODORICO MENDES	ESQUINA COM A RUA ODORICO MENDES	AV GOVERNADOR AGAMENON MAGALHAES	""	ESQUINA COM A RUA ODORICO MENDES	CAMPO GRANDE		""	COLISÃO	SEM VITIMAS.	2									0		""	""	""	""	""	""	""	""	""	""	""	""	""
6990	2018-08-21T00:00:00	16:37:00	SEM VÍTIMA	FINALIZADA	CASA FORTE	RUA OLIVEIRA GOES	80	""	RUA EM FRENTE A PRAÇA DE CASA FORTE	RUA OLIVEIRA GOES	80	RUA EM FRENTE A PRAÇA DE CASA FORTE	CASA FORTE		""	COLISÃO	COLISÃO SEM VÍTIMA	2									0		""	""	""	""	""	""	""	""	""	""	""	""	""
6991	2018-08-21T00:00:00	16:57:00	SEM VÍTIMA	FINALIZADA	FUNDÃO	RUA CORONEL URBANO RIBEIRO DE SENA	426	""	EM FRENTE DO MERCADINHO	RUA CORONEL URBANO RIBEIRO DE SENA	426	EM FRENTE DO MERCADINHO	FUNDÃO		""	COLISÃO	DOIS AUTOS	2									0		""	""	""	""	""	""	""	""	""	""	""	""	""
6992	2018-08-21T00:00:00	17:53:00	SEM VÍTIMA	FINALIZADA	ILHA DO LEITE	RUA GENERAL JOAQUIM INACIO	545	""	E/F A FARMACIA BIG BEN, FARMACIA INDEPENDENTE E EDF D'PLAZA	RUA GENERAL JOAQUIM INACIO	545	E/F A FARMACIA BIG BEN, FARMACIA INDEPENDENTE E EDF D'PLAZA	ILHA DO LEITE		""	ENGAVETAMENTO	ENTRE 3 AUTOS ( UM DOS ENVOLVIDOS, O QUE CAUSOU O ENGAVETAMENTO, SAIU DO LOCAL) S/V	3									0		""	""	""	""	""	""	""	""	""	""	""	""	""
6993	2018-08-21T00:00:00	18:02:00	SEM VÍTIMA	FINALIZADA	TAMARINEIRA	EST VELHA DE AGUA FRIA	""	""	E/F A BEER GRILL / PRÓX A FERREIRA COSTA	EST VELHA DE AGUA FRIA	""	E/F A BEER GRILL / PRÓX A FERREIRA COSTA	TAMARINEIRA		""	COLISÃO	ENTRE AUTO E AUTO. S/V	1	1								0		""	""	""	""	""	""	""	""	""	""	""	""	""
6994	2018-08-21T00:00:00	18:25:00	SEM VÍTIMA	CANCELADA	BOA VIAGEM	RUA SETUBAL	682	RUA MARIO DE CASTRO	CRUZ COM A R MARIO DE CASTRO / AO LADO DO EDF MARIA BEATRIZ	RUA SETUBAL	682	CRUZ COM A R MARIO DE CASTRO / AO LADO DO EDF MARIA BEATRIZ	BOA VIAGEM		""	COLISÃO	ENTRE 2 AUTOS . S/V	2									0		""	""	""	""	""	""	""	""	""	""	""	""	""
6995	2018-08-21T00:00:00	19:21:00	SEM VÍTIMA	FINALIZADA	ENCRUZILHADA	AV NORTE	""	""	E/F A ALBUQUERQUE PNEUS / AO LADO DO POSTO SHELL/ SNT CID-CASA AMARELA	AV NORTE	""	E/F A ALBUQUERQUE PNEUS / AO LADO DO POSTO SHELL/ SNT CID-CASA AMARELA	ENCRUZILHADA		""	COLISÃO	ENTRE ÔNIBUS E AUTO. S/V // VT 04 NO LOCAL	1					1				0		""	""	""	""	""	""	""	""	""	""	""	""	""
6996	2018-08-21T00:00:00	23:24:00	SEM VÍTIMA	FINALIZADA	CAMPO GRANDE	RUA MARQUES DE BAIPENDI	50	""	APÓS A COCA COLA / AO LADO DO CAMPO DO SANTA CRZ	RUA MARQUES DE BAIPENDI	50	APÓS A COCA COLA / AO LADO DO CAMPO DO SANTA CRZ	CAMPO GRANDE		""	COLISÃO	ENTRE 2 AUTOS . S/V	2									0		""	""	""	""	""	""	""	""	""	""	""	""	""
6997	2018-08-22T00:00:00	06:09:00	COM VÍTIMA	FINALIZADA	BOA VISTA	AV CONDE DA BOA VISTA	514	""	PROXIMO A CIA E ATACADAO DOS PRESENTES	AV CONDE DA BOA VISTA	514	PROXIMO A CIA E ATACADAO DOS PRESENTES	BOA VISTA		""	ATROPELAMENTO	ATROPELAMENTOS DE PEDESTRE NO CORREDOR DE ÔNIBUS					1	1				1		""	""	""	""	""	""	""	""	""	""	""	""	""
6998	2018-08-22T00:00:00	07:06:00	SEM VÍTIMA	FINALIZADA	CORDEIRO	AV CAXANGA	""	""	SENTIDO CENTRO EM FRENTE AO RESTAURANTE MASSARELLA E A ACADEMIA DA CIDADE	AV CAXANGA	""	SENTIDO CENTRO EM FRENTE AO RESTAURANTE MASSARELLA E A ACADEMIA DA CIDADE	CORDEIRO		""	COLISÃO	COLISÃO SEM VITIMAS	3									0		""	""	""	""	""	""	""	""	""	""	""	""	""
6999	2018-08-22T00:00:00	07:08:00	SEM VÍTIMA	FINALIZADA	SANTO AMARO	AV CRUZ CABUGA	""	""	EM FRENTE A ASSEMBLEIA / SENT CIDADE /EM FRENTE AO BRT	AV CRUZ CABUGA	""	EM FRENTE A ASSEMBLEIA / SENT CIDADE /EM FRENTE AO BRT	SANTO AMARO		""	COLISÃO	ONIBUS E AUTO	1					1				0		""	""	""	""	""	""	""	""	""	""	""	""	""
7000	2018-08-22T00:00:00	07:52:00	SEM VÍTIMA	CANCELADA	SANTO AMARO	AV CRUZ CABUGA	""	""	NO SEMAFORO 344, SENT. OLINDA	AV CRUZ CABUGA	""	NO SEMAFORO 344, SENT. OLINDA	SANTO AMARO		""	COLISÃO	CAMINHÃO E AUTO	1						1			0		""	""	""	""	""	""	""	""	""	""	""	""	""
7001	2018-08-22T00:00:00	08:30:00	SEM VÍTIMA	FINALIZADA	ESPINHEIRO	RUA QUARENTA E OITO	181	""	""	RUA QUARENTA E OITO	181	""	ESPINHEIRO		""	COLISÃO	4 AUTOS	4									0		""	""	""	""	""	""	""	""	""	""	""	""	""
7002	2018-08-22T00:00:00	08:34:00	SEM VÍTIMA	CANCELADA	IPSEP	AV RECIFE	""	""	SENTIDO BOA VIAGEM EM FRENTE WK AUTO MOTIVAS	AV RECIFE	""	SENTIDO BOA VIAGEM EM FRENTE WK AUTO MOTIVAS	IPSEP		""	COLISÃO	COLISÃO SEM VITIMAS	2									0		""	""	""	""	""	""	""	""	""	""	""	""	""
7003	2018-08-22T00:00:00	08:35:00	SEM VÍTIMA	FINALIZADA	CAÇOTE	RUA IPOJUCA	275	""	PROX AO INSS	RUA IPOJUCA	275	PROX AO INSS	CAÇOTE		""	COLISÃO	COLISAO ENTRE DOIS AUTOS S/V	2									0		""	""	""	""	""	""	""	""	""	""	""	""	""
7004	2018-08-22T00:00:00	08:36:00	SEM VÍTIMA	FINALIZADA	MADALENA	RUA COMENDADOR BENTO AGUIAR	61	""	AO LADO DO EXTRA	RUA COMENDADOR BENTO AGUIAR	61	AO LADO DO EXTRA	MADALENA		""	COLISÃO	ONIBUS E AUTO	1					1				0		""	""	""	""	""	""	""	""	""	""	""	""	""
7005	2018-08-22T00:00:00	08:49:00	SEM VÍTIMA	FINALIZADA	BOA VIAGEM	AV ENGENHEIRO DOMINGOS FERREIRA	2640	""	POSTO BR , PISTA DO LADO DIREITO	AV ENGENHEIRO DOMINGOS FERREIRA	2640	POSTO BR , PISTA DO LADO DIREITO	BOA VIAGEM		""	COLISÃO	COLISÃO ENTRE AUTO CAMINHÃO SEM VÍTIMAS	1						1			0		""	""	""	""	""	""	""	""	""	""	""	""	""
7006	2018-08-22T00:00:00	09:00:00	SEM VÍTIMA	FINALIZADA	IMBIRIBEIRA	RUA ARQUITETO LUIZ NUNES	341	""	POR TRAS DO ARMAZEM CORAL	RUA ARQUITETO LUIZ NUNES	341	POR TRAS DO ARMAZEM CORAL	IMBIRIBEIRA		""	COLISÃO	COLISÃO SEM VITIMAS	2	2					1			0		""	""	""	""	""	""	""	""	""	""	""	""	""
7007	2018-08-22T00:00:00	09:16:00	""	CANCELADA	IMBIRIBEIRA	RUA ENGENHEIRO JOSE APOLINARIO	""	""	RUA POR TRAS DO ARMAAZEM CORAL	RUA ENGENHEIRO JOSE APOLINARIO	""	RUA POR TRAS DO ARMAAZEM CORAL	IMBIRIBEIRA		""	COLISÃO	CAMINHÃO, MOTO E AUTO	2	2					1			0		""	""	""	""	""	""	""	""	""	""	""	""	""
7008	2018-08-22T00:00:00	09:31:00	SEM VÍTIMA	FINALIZADA	JORDÃO	AV MARIA IRENE	""	""	EM FRENTE A UNIDADE DA FAMILIA DE JARDIM JORDAO	AV MARIA IRENE	""	EM FRENTE A UNIDADE DA FAMILIA DE JARDIM JORDAO	JORDÃO		""	COLISÃO	""	2									0		""	""	""	""	""	""	""	""	""	""	""	""	""
7009	2018-08-22T00:00:00	10:09:00	SEM VÍTIMA	FINALIZADA	AFOGADOS	EST DOS REMEDIOS	1918	RUA DR JOAO MARQUES	COM A RUA DR JOAO MARQUES	EST DOS REMEDIOS	1918	COM A RUA DR JOAO MARQUES	AFOGADOS		""	COLISÃO	DOIS AUTOS / VT 24 NO QTH	2									0		""	""	""	""	""	""	""	""	""	""	""	""	""
7010	2018-08-22T00:00:00	10:34:00	SEM VÍTIMA	FINALIZADA	PINA	AV ENGENHEIRO DOMINGOS FERREIRA	636	""	EM FRENTE AO CLINICAL CENTER	AV ENGENHEIRO DOMINGOS FERREIRA	636	EM FRENTE AO CLINICAL CENTER	PINA		""	COLISÃO	COLISÃO SEM VITIMAS	1					1				0		""	""	""	""	""	""	""	""	""	""	""	""	""
7011	2018-08-22T00:00:00	11:02:00	SEM VÍTIMA	FINALIZADA	ENCRUZILHADA	AV JOAO DE BARROS	1622	""	PROX. AO BANCO ITAU	AV JOAO DE BARROS	1622	PROX. AO BANCO ITAU	ENCRUZILHADA		""	COLISÃO	MOTO E AUTO	1	1								0		""	""	""	""	""	""	""	""	""	""	""	""	""