_id	DATA	hora	natureza_acidente	situacao	bairro	endereco	numero	detalhe_endereco_acidente	complemento	endereco_cruzamento	numero_cruzamento	referencia_cruzamento	bairro_cruzamento	num_semaforo	sentido_via	tipo	descricao	auto	moto	ciclom	ciclista	pedestre	onibus	caminhao	viatura	outros	vitimas	vitimasfatais	acidente_verificado	tempo_clima	situacao_semaforo	sinalizacao	condicao_via	conservacao_via	ponto_controle	situacao_placa	velocidade_max_via	mao_direcao	divisao_via1	divisao_via2	divisao_via3
7461	2018-09-06T00:00:00	13:42:00	SEM VÍTIMA	FINALIZADA	DERBY	PRC PARQUE AMORIM	""	""	E/F AO COLEGIO MERICANO BATISTA PROX AO WALMART	PRC PARQUE AMORIM	""	E/F AO COLEGIO MERICANO BATISTA PROX AO WALMART	DERBY		""	COLISÃO	COLISAO ENTRE DOIS AUTOS S/V	2									0		""	""	""	""	""	""	""	""	""	""	""	""	""
7462	2018-09-06T00:00:00	14:08:00	SEM VÍTIMA	FINALIZADA	TAMARINEIRA	EST DO ARRAIAL	""	""	EM FRENTE A FARMACIA SÃO PAULO	EST DO ARRAIAL	""	EM FRENTE A FARMACIA SÃO PAULO	TAMARINEIRA		""	COLISÃO	SEM VITIMAS	1					1				0		""	""	""	""	""	""	""	""	""	""	""	""	""
7463	2018-09-06T00:00:00	14:12:00	SEM VÍTIMA	FINALIZADA	IMBIRIBEIRA	RUA JOAQUIM BANDEIRA	268	""	EM FRENTE ESCRITORIO DE ADVOCACIA MICHELE PEDROZA	RUA JOAQUIM BANDEIRA	268	EM FRENTE ESCRITORIO DE ADVOCACIA MICHELE PEDROZA	IMBIRIBEIRA		""	COLISÃO	SEM VITIMA	1	1								0		""	""	""	""	""	""	""	""	""	""	""	""	""
7464	2018-09-06T00:00:00	14:36:00	SEM VÍTIMA	FINALIZADA	IMBIRIBEIRA	RUA DONA ALDA DE ANDRADE	405	""	ESQUINA DA UNIFERRO CONTRUÇÃO	RUA DONA ALDA DE ANDRADE	405	ESQUINA DA UNIFERRO CONTRUÇÃO	IMBIRIBEIRA		""	COLISÃO	COLISAO DE CAMINHAO COM MURO DE RESIDENCIA FIO DE ALTA TENSAO EXPOSTA NA VIA							1			0		""	""	""	""	""	""	""	""	""	""	""	""	""
7465	2018-09-06T00:00:00	14:42:00	SEM VÍTIMA	FINALIZADA	TORRE	AV BEIRA RIO	""	""	HA 30 METROS DA PONTE DA TORRE	AV BEIRA RIO	""	HA 30 METROS DA PONTE DA TORRE	TORRE		""	COLISÃO	COM UMA VITIMA,AGUARDANDO SAMU	1	1								0		""	""	""	""	""	""	""	""	""	""	""	""	""
7466	2018-09-06T00:00:00	15:07:00	SEM VÍTIMA	FINALIZADA	MANGUEIRA	RUA DR JOAO ELISIO	101	""	PROX A ESTAÇAO DA MANGUEIRA	RUA DR JOAO ELISIO	101	PROX A ESTAÇAO DA MANGUEIRA	MANGUEIRA		""	COLISÃO	COLISAO ENTRE TRES AUTOS S/V	3									0		""	""	""	""	""	""	""	""	""	""	""	""	""
7467	2018-09-06T00:00:00	15:20:00	SEM VÍTIMA	FINALIZADA	VASCO DA GAMA	AV NORTE	6622	""	EM FRENTE A GARAGEM DA GLOBO	AV NORTE	6622	EM FRENTE A GARAGEM DA GLOBO	VASCO DA GAMA		""	COLISÃO	SEM VITIMAS	1					1				0		""	""	""	""	""	""	""	""	""	""	""	""	""
7468	2018-09-06T00:00:00	16:11:00	SEM VÍTIMA	FINALIZADA	BOA VIAGEM	RUA BARAO DE SOUZA LEAO	""	RUA SA E SOUZA	E/F AO RESTURANTE COSTA BRAVA ESQUINA DA RUA SA E SOUZA	RUA BARAO DE SOUZA LEAO	""	E/F AO RESTURANTE COSTA BRAVA ESQUINA DA RUA SA E SOUZA	BOA VIAGEM		""	COLISÃO	COLISAO ENTRE ONIBUS E AUTO S/V	1					1				0		""	""	""	""	""	""	""	""	""	""	""	""	""
7469	2018-09-06T00:00:00	16:14:00	SEM VÍTIMA	FINALIZADA	ILHA DO RETIRO	RUA SPORT CLUBE DO RECIFE	""	""	EM FRENTE AO CLUBE DO SPORT	RUA SPORT CLUBE DO RECIFE	""	EM FRENTE AO CLUBE DO SPORT	ILHA DO RETIRO		""	COLISÃO	SEM VITIMAS,CTTUNO LOCAL , VT 17 VAI FAZER O B.O		2								0		""	""	""	""	""	""	""	""	""	""	""	""	""
7470	2018-09-06T00:00:00	16:35:00	SEM VÍTIMA	FINALIZADA	SÃO JOSÉ	AV SUL	1487	""	E/F A OFICINA CABELEIREIRA ANTES DO VIADUTO CAPITAO TEMUDO	AV SUL	1487	E/F A OFICINA CABELEIREIRA ANTES DO VIADUTO CAPITAO TEMUDO	SÃO JOSÉ		""	COLISÃO	COLISAO ENTRE DOIS AUTOS S/V	2									0		""	""	""	""	""	""	""	""	""	""	""	""	""
7471	2018-09-06T00:00:00	16:42:00	SEM VÍTIMA	CANCELADA	ÁGUA FRIA	RUA ALEGRE	309	""	AO LADO COLEGIO ESTADUAL ALFREDO FREYRE	RUA ALEGRE	309	AO LADO COLEGIO ESTADUAL ALFREDO FREYRE	ÁGUA FRIA		""	COLISÃO	SEM VITIMAS	2									0		""	""	""	""	""	""	""	""	""	""	""	""	""
7472	2018-09-06T00:00:00	16:59:00	SEM VÍTIMA	FINALIZADA	IBURA	AV DOIS RIOS	550	""	EM FRENTE AO POSTO TOTAL, SENTIDO AV. RECIFE	AV DOIS RIOS	550	EM FRENTE AO POSTO TOTAL, SENTIDO AV. RECIFE	IBURA		""	COLISÃO	MICROONIBUS PRIME E UMA CAMINHONETE DA CELPE	1					1				0		""	""	""	""	""	""	""	""	""	""	""	""	""
7473	2018-09-06T00:00:00	17:14:00	SEM VÍTIMA	FINALIZADA	SÃO JOSÉ	AV ALFREDO LISBOA	""	""	EM FRENTE A ANTIGA RODOVIARIA	AV ALFREDO LISBOA	""	EM FRENTE A ANTIGA RODOVIARIA	SÃO JOSÉ		""	COLISÃO	CAMINHAO E AUTO S/V	1						1			0		""	""	""	""	""	""	""	""	""	""	""	""	""
7474	2018-09-06T00:00:00	17:28:00	SEM VÍTIMA	FINALIZADA	BONGI	RUA QUINZE DE MARCO	""	""	EM FRENTE A CHESF	RUA QUINZE DE MARCO	""	EM FRENTE A CHESF	BONGI		""	COLISÃO	SEM VITIMAS	1					1				0		""	""	""	""	""	""	""	""	""	""	""	""	""
7475	2018-09-06T00:00:00	17:39:00	COM VÍTIMA	FINALIZADA	ENGENHO DO MEIO	RUA ANTONIO CURADO	239	""	""	RUA ANTONIO CURADO	239	""	ENGENHO DO MEIO		""	COLISÃO	CAMINHÃO X MOTOCILETA		1					1			1		""	""	""	""	""	""	""	""	""	""	""	""	""
7476	2018-09-06T00:00:00	17:43:00	SEM VÍTIMA	CANCELADA	AREIAS	AV DR JOSE RUFINO	1267	""	EM FRENTE AO ARCO MIX	AV DR JOSE RUFINO	1267	EM FRENTE AO ARCO MIX	AREIAS		""	COLISÃO	DOIS AUTOS	2									0		""	""	""	""	""	""	""	""	""	""	""	""	""
7477	2018-09-06T00:00:00	18:27:00	SEM VÍTIMA	FINALIZADA	MADALENA	AV BEIRA RIO	""	RUA JOSE OSORIO	CRUZAMENTO COM A RUA JOSE OSORIO // SEMAFORO 387	AV BEIRA RIO	""	CRUZAMENTO COM A RUA JOSE OSORIO // SEMAFORO 387	MADALENA		""	COLISÃO	AMBULANCOIA X AUTO	2									0		""	""	""	""	""	""	""	""	""	""	""	""	""
7478	2018-09-06T00:00:00	18:33:00	SEM VÍTIMA	FINALIZADA	SAN MARTIN	RUA DELMIRO GOUVEIA	""	""	E/F A CHESF	RUA DELMIRO GOUVEIA	""	E/F A CHESF	SAN MARTIN		""	COLISÃO	FORD KA X CELTA	2									0		""	""	""	""	""	""	""	""	""	""	""	""	""
7479	2018-09-06T00:00:00	18:46:00	SEM VÍTIMA	FINALIZADA	BEBERIBE	AV BEBERIBE	""	""	PRÓX AO CAMPO DO SANTA / SEMÁFORO 480	AV BEBERIBE	""	PRÓX AO CAMPO DO SANTA / SEMÁFORO 480	BEBERIBE		""	COLISÃO	ENTRE AUTO E ÔNIBUS. S/V	1					1				0		""	""	""	""	""	""	""	""	""	""	""	""	""
7480	2018-09-06T00:00:00	19:19:00	COM VÍTIMA	CANCELADA	SAN MARTIN	RUA DELMIRO GOUVEIA	""	""	E/F A CHESF / PRÓX AO POSTO SHELL	RUA DELMIRO GOUVEIA	""	E/F A CHESF / PRÓX AO POSTO SHELL	SAN MARTIN		""	COLISÃO	ENTRE AUTO E MOTO. C/V	1	1								1		""	""	""	""	""	""	""	""	""	""	""	""	""
7481	2018-09-06T00:00:00	19:19:00	SEM VÍTIMA	FINALIZADA	ÁGUA FRIA	RUA DA REGENERACAO	81	""	PROX AO POSTO BR // PROX AO CRUZAMENTO DA AV BEBERIBE	RUA DA REGENERACAO	81	PROX AO POSTO BR // PROX AO CRUZAMENTO DA AV BEBERIBE	ÁGUA FRIA		""	COLISÃO	VT DA PM X COROLA	1							1		0		""	""	""	""	""	""	""	""	""	""	""	""	""
7482	2018-09-06T00:00:00	19:25:00	SEM VÍTIMA	CANCELADA	GRAÇAS	RUA ALBERTO PAIVA	349	""	APÓS A HABBIBS / E/F AO EDF JOÃO DE SOUZA	RUA ALBERTO PAIVA	349	APÓS A HABBIBS / E/F AO EDF JOÃO DE SOUZA	GRAÇAS		""	COLISÃO	ENTR 2 AUTOS. S/V	2									0		""	""	""	""	""	""	""	""	""	""	""	""	""
7483	2018-09-06T00:00:00	19:29:00	SEM VÍTIMA	FINALIZADA	VÁRZEA	AV PROFESSOR ARTUR DE SA	430	""	PRÓX AO CEMITÉRIO DA VÁRZEA E HOSPITAL DAS CLÍNICAS / E/F AO CURSO DE INGLÊS EASY	AV PROFESSOR ARTUR DE SA	430	PRÓX AO CEMITÉRIO DA VÁRZEA E HOSPITAL DAS CLÍNICAS / E/F AO CURSO DE INGLÊS EASY	VÁRZEA		""	COLISÃO	ENTRE 2 AUTOSS. S/V	1							1		0		""	""	""	""	""	""	""	""	""	""	""	""	""
7484	2018-09-06T00:00:00	19:39:00	SEM VÍTIMA	FINALIZADA	BOA VIAGEM	RUA CAPITAO ZUZINHA	""	""	E/F A DOMINO'S PIZZA	RUA CAPITAO ZUZINHA	""	E/F A DOMINO'S PIZZA	BOA VIAGEM		""	COLISÃO	ENTRE ÔNIBUS E AUTO PASSEIO. S/V	1					1				0		""	""	""	""	""	""	""	""	""	""	""	""	""
7485	2018-09-06T00:00:00	20:09:00	SEM VÍTIMA	CANCELADA	TAMARINEIRA	RUA PADRE ROMA	120	""	ENF AO EMPRESARIAL PADRE ROMA	RUA PADRE ROMA	120	ENF AO EMPRESARIAL PADRE ROMA	TAMARINEIRA		""	COLISÃO	FIESTA X PRISMA	2									0		""	""	""	""	""	""	""	""	""	""	""	""	""
7486	2018-09-06T00:00:00	20:42:00	SEM VÍTIMA	CANCELADA	PARNAMIRIM	RUA NESTOR SILVA	""	""	E/F AO WALLMART	RUA NESTOR SILVA	""	E/F AO WALLMART	PARNAMIRIM		""	COLISÃO	ENTRE 2 AUTOS. S/V	2									0		""	""	""	""	""	""	""	""	""	""	""	""	""
7487	2018-09-06T00:00:00	20:47:00	SEM VÍTIMA	FINALIZADA	DOIS IRMÃOS	AV JOAQUIM RIBEIRO	""	""	E/F AO POSTO SHELL E UPA	AV JOAQUIM RIBEIRO	""	E/F AO POSTO SHELL E UPA	DOIS IRMÃOS		""	COLISÃO	ENTRE 2 AUTOS. S/V										0		""	""	""	""	""	""	""	""	""	""	""	""	""
7488	2018-09-06T00:00:00	21:38:00	COM VÍTIMA	CANCELADA	AFOGADOS	RUA COSME VIANA	""	RUA TRES DE AGOSTO	SEMAFORO 525 CRUZAMENTO COM A RUA 3 DE AGOSTO	RUA COSME VIANA	""	SEMAFORO 525 CRUZAMENTO COM A RUA 3 DE AGOSTO	AFOGADOS		""	ATROPELAMENTO	AUTO X CICLISTA	1				1					1		""	""	""	""	""	""	""	""	""	""	""	""	""
7489	2018-09-06T00:00:00	21:40:00	SEM VÍTIMA	FINALIZADA	BOA VIAGEM	AVENIDA CELSO FURTADO (VIA MANGUE)	S/N	""	PRÓXIMO AO EXTRA	AVENIDA CELSO FURTADO (VIA MANGUE)	S/N	PRÓXIMO AO EXTRA	BOA VIAGEM		""	COLISÃO	SUB/CID	2									0		""	""	""	""	""	""	""	""	""	""	""	""	""
7490	2018-09-06T00:00:00	21:45:00	SEM VÍTIMA	FINALIZADA	MADALENA	AV VISCONDE DE ALBUQUERQUE	""	""	E/F A PADARIA ENGENHO MADALENA E LOJA DE CARROS DADA VEÍCULOS	AV VISCONDE DE ALBUQUERQUE	""	E/F A PADARIA ENGENHO MADALENA E LOJA DE CARROS DADA VEÍCULOS	MADALENA		""	COLISÃO	ENTRE 2 AUTOS. S/V	2									0		""	""	""	""	""	""	""	""	""	""	""	""	""
7491	2018-09-06T00:00:00	22:07:00	COM VÍTIMA	FINALIZADA	VÁRZEA	AV PROFESSOR LUIZ FREIRE	""	""	E/F A IFPE E QUARTEL DO 7 COMANDO	AV PROFESSOR LUIZ FREIRE	""	E/F A IFPE E QUARTEL DO 7 COMANDO	VÁRZEA		""	ATROPELAMENTO	ENTRE MICRO ÕNIBUS E PEDESTRE . C/ V					1	1				1		""	""	""	""	""	""	""	""	""	""	""	""	""
7492	2018-09-06T00:00:00	23:14:00	SEM VÍTIMA	FINALIZADA	ALTO JOSÉ BONIFÁCIO	RUA ALTO JOSE BONIFACIO	""	""	E/F A QUADRA DO ALTO JOSÉ BONIFÁCIO	RUA ALTO JOSE BONIFACIO	""	E/F A QUADRA DO ALTO JOSÉ BONIFÁCIO	ALTO JOSÉ BONIFÁCIO		""	COLISÃO	ENTRE ÕNIBUS E TÁXI. S/V	1					1				0		""	""	""	""	""	""	""	""	""	""	""	""	""
7493	2018-09-07T00:00:00	06:18:00	SEM VÍTIMA	CANCELADA	SANTO AMARO	AV GOVERNADOR AGAMENON MAGALHAES	""	""	SENT OLINDA / SEMAFORO 049	AV GOVERNADOR AGAMENON MAGALHAES	""	SENT OLINDA / SEMAFORO 049	SANTO AMARO		""	COLISÃO	DOIS AUTOS	2									0		""	""	""	""	""	""	""	""	""	""	""	""	""
7494	2018-09-07T00:00:00	06:31:00	SEM VÍTIMA	FINALIZADA	PINA	AV ENGENHEIRO DOMINGOS FERREIRA	""	""	SEMAF 142	AV ENGENHEIRO DOMINGOS FERREIRA	""	SEMAF 142	PINA		""	COLISÃO	ONIBUS E AUTO	1					1				0		""	""	""	""	""	""	""	""	""	""	""	""	""
7495	2018-09-07T00:00:00	07:30:00	COM VÍTIMA	FINALIZADA	ILHA DO RETIRO	RUA SPORT CLUBE DO RECIFE	""	""	EM FRENTE AO SPORT	RUA SPORT CLUBE DO RECIFE	""	EM FRENTE AO SPORT	ILHA DO RETIRO		""	COLISÃO	COLISÃO COM VITIMA	1	1								1		""	""	""	""	""	""	""	""	""	""	""	""	""
7496	2018-09-07T00:00:00	07:53:00	SEM VÍTIMA	FINALIZADA	BOA VIAGEM	AV BOA VIAGEM	3500	""	EM FRENTE AO EDF PORTUGAL	AV BOA VIAGEM	3500	EM FRENTE AO EDF PORTUGAL	BOA VIAGEM		""	COLISÃO	DOIS AUTOS VT 21 NO QTH	2									0		""	""	""	""	""	""	""	""	""	""	""	""	""
7497	2018-09-07T00:00:00	11:46:00	SEM VÍTIMA	FINALIZADA	CAMPO GRANDE	AV GOVERNADOR AGAMENON MAGALHAES	""	""	""	AV GOVERNADOR AGAMENON MAGALHAES	""	""	CAMPO GRANDE		""	COLISÃO	COLISÃO ENTRE DOIS AUTOS SEM VÍTMA										0		""	""	""	""	""	""	""	""	""	""	""	""	""
7498	2018-09-07T00:00:00	13:30:00	COM VÍTIMA	FINALIZADA	NOVA DESCOBERTA	COR PEDRO DA COCADA	79	""	PROX. A BARRACA DA MACAIBA	COR PEDRO DA COCADA	79	PROX. A BARRACA DA MACAIBA	NOVA DESCOBERTA		""	COLISÃO	COLISÃO COM VITMA /VITIMA DESACORDADA		2								2		""	""	""	""	""	""	""	""	""	""	""	""	""
7499	2018-09-07T00:00:00	13:46:00	SEM VÍTIMA	FINALIZADA	VÁRZEA	RUA AMARO GOMES POROCA	255	""	AO LADO DO RESTAURANTE BRAZZETTUS	RUA AMARO GOMES POROCA	255	AO LADO DO RESTAURANTE BRAZZETTUS	VÁRZEA		""	COLISÃO	SEM VITIMAS	2									0		""	""	""	""	""	""	""	""	""	""	""	""	""
7500	2018-09-07T00:00:00	15:19:00	SEM VÍTIMA	FINALIZADA	CIDADE UNIVERSITÁRIA	RUA AGRICOLANDIA	171	""	EDF. RIO TAPAJOS / PARADIA CIDADE UNIVERSITARIA	RUA AGRICOLANDIA	171	EDF. RIO TAPAJOS / PARADIA CIDADE UNIVERSITARIA	CIDADE UNIVERSITÁRIA		""	COLISÃO	COLISÃO SEM VITIMA	2									0		""	""	""	""	""	""	""	""	""	""	""	""	""
7501	2018-09-07T00:00:00	15:38:00	SEM VÍTIMA	FINALIZADA	BOA VISTA	RUA JOAO FERNANDES VIEIRA	""	""	AO LADO DO WALMART	RUA JOAO FERNANDES VIEIRA	""	AO LADO DO WALMART	BOA VISTA		""	COLISÃO	DOIS AUTOS S/V	2									0		""	""	""	""	""	""	""	""	""	""	""	""	""
7502	2018-09-07T00:00:00	15:53:00	SEM VÍTIMA	FINALIZADA	VASCO DA GAMA	RUA CROMINIA	""	AV NORTE	EM FRENTE A MATERNIDADE BARROS LIMA/ESQUINA com a av norte	RUA CROMINIA	""	EM FRENTE A MATERNIDADE BARROS LIMA/ESQUINA com a av norte	VASCO DA GAMA		""	COLISÃO COM CICLISTA	SEM VITIMAS,CTTU NO LOCAL VT 08	1			1						0		""	""	""	""	""	""	""	""	""	""	""	""	""
7503	2018-09-07T00:00:00	18:44:00	SEM VÍTIMA	FINALIZADA	IBURA	AV DOIS RIOS	""	RUA RIO XINGU	CRUZ COM R RIO XINGU / SEMÁFORO 351	AV DOIS RIOS	""	CRUZ COM R RIO XINGU / SEMÁFORO 351	IBURA		""	COLISÃO	ENTRE 2 AUTOS. S/V	2									0		""	""	""	""	""	""	""	""	""	""	""	""	""
7504	2018-09-07T00:00:00	19:37:00	SEM VÍTIMA	FINALIZADA	MANGUEIRA	RUA SAO MIGUEL	""	""	E/F AO BODE DO NÔ E POSTO GE / SEMÁFORO 392	RUA SAO MIGUEL	""	E/F AO BODE DO NÔ E POSTO GE / SEMÁFORO 392	MANGUEIRA		""	COLISÃO	ENTRE 2 AUTOS. S/V	2									0		""	""	""	""	""	""	""	""	""	""	""	""	""
7505	2018-09-07T00:00:00	22:10:00	COM VÍTIMA	FINALIZADA	SÃO JOSÉ	RUA IMPERIAL	""	RUA ANNA BEZERRA	CRUZ COM A R ANNA BEZERRA / PRÓX AO COLÉGIO JOAQUIM NABUCO	RUA IMPERIAL	""	CRUZ COM A R ANNA BEZERRA / PRÓX AO COLÉGIO JOAQUIM NABUCO	SÃO JOSÉ		""	COLISÃO	ENTRE AUTO E MOTO. C/V	1	1								1		""	""	""	""	""	""	""	""	""	""	""	""	""
7506	2018-09-07T00:00:00	22:30:00	COM VÍTIMA	FINALIZADA	IMBIRIBEIRA	RUA JOAQUIM BANDEIRA	""	""	PROX.A ESTAÇÃO ANTONIO FALÇÃO	RUA JOAQUIM BANDEIRA	""	PROX.A ESTAÇÃO ANTONIO FALÇÃO	IMBIRIBEIRA		""	COLISÃO	COLISÃO COM VÍTIMA/ SAMU E POLICIA MILITAR NO LOCAL	2									1		""	""	""	""	""	""	""	""	""	""	""	""	""
7507	2018-09-08T00:00:00	02:06:00	COM VÍTIMA	FINALIZADA	BARRO	AV SANTO ANTONIO	""	""	PRÓX AO PAGODE DO CHATOU	AV SANTO ANTONIO	""	PRÓX AO PAGODE DO CHATOU	BARRO		""	COLISÃO	MOTO COLIDIU COM VIATURA - CONDUTOR ALCOOLIZADO. C/V	1	1								2		""	""	""	""	""	""	""	""	""	""	""	""	""
7508	2018-09-08T00:00:00	04:26:00	SEM VÍTIMA	CANCELADA	BOA VIAGEM	AV ENGENHEIRO DOMINGOS FERREIRA	""	""	EM FRENTE A FARMÁCIA INDEPENDENTE. CRUZ C/A RUA PROF. JOSÉ BRANDÃO	AV ENGENHEIRO DOMINGOS FERREIRA	""	EM FRENTE A FARMÁCIA INDEPENDENTE. CRUZ C/A RUA PROF. JOSÉ BRANDÃO	BOA VIAGEM		""	COLISÃO	COLISÃO ENTRE DOIS AUTOS SEM VÍTMA	2									0		""	""	""	""	""	""	""	""	""	""	""	""	""
7509	2018-09-08T00:00:00	07:54:00	SEM VÍTIMA	FINALIZADA	AREIAS	AV RECIFE	960	""	SENTIDO AEROPORTO ,EM FRENTE A JJ VEICULOS	AV RECIFE	960	SENTIDO AEROPORTO ,EM FRENTE A JJ VEICULOS	AREIAS		""	COLISÃO	SEM VITIMAS	2									0		""	""	""	""	""	""	""	""	""	""	""	""	""
7510	2018-09-08T00:00:00	08:40:00	SEM VÍTIMA	FINALIZADA	AFOGADOS	RUA COSME VIANA	""	""	SEMAFORO 503 / EM FRENTE A TUPAM / SENT SUB	RUA COSME VIANA	""	SEMAFORO 503 / EM FRENTE A TUPAM / SENT SUB	AFOGADOS		""	COLISÃO	DOIS AUTOS	2									0		""	""	""	""	""	""	""	""	""	""	""	""	""
7511	2018-09-08T00:00:00	09:12:00	COM VÍTIMA	FINALIZADA	BOA VIAGEM	AV VINTE DE JANEIRO	520	""	E/F A RESIDENCIA	AV VINTE DE JANEIRO	520	E/F A RESIDENCIA	BOA VIAGEM		""	COLISÃO	COM UMA VÍTIMA. VT 29 NO LOCAL	1	1								1		""	""	""	""	""	""	""	""	""	""	""	""	""
7512	2018-09-08T00:00:00	09:20:00	SEM VÍTIMA	FINALIZADA	CASA AMARELA	RUA ARMANDO GAIOSO	103	""	RUA DA CELPE	RUA ARMANDO GAIOSO	103	RUA DA CELPE	CASA AMARELA		""	COLISÃO	CAMINHAO E AUTO	1						1			0		""	""	""	""	""	""	""	""	""	""	""	""	""
7513	2018-09-08T00:00:00	11:15:00	COM VÍTIMA	FINALIZADA	IMBIRIBEIRA	AV MARECHAL MASCARENHAS DE MORAES	""	RUA ALVARO AMORIM	PARALELA COM A RUA ALVARO AMORIM SENTIDO PRAZERES EM FRENTE A LOJA FLOARTE	AV MARECHAL MASCARENHAS DE MORAES	""	PARALELA COM A RUA ALVARO AMORIM SENTIDO PRAZERES EM FRENTE A LOJA FLOARTE	IMBIRIBEIRA		""	ACID. DE PERCURSO	DEVIDO A UM DERRAMAMENTO DE OLEO NA PISTA OCASIONADA POR UM CAMINHÃO COM ISSO MOTOCICLISTA AO TRAFEGAR CAIU A SITUAÇÃO FOI COM 2 VITIMAS A ESPERA DO SAMU		1								2		""	""	""	""	""	""	""	""	""	""	""	""	""
7514	2018-09-08T00:00:00	12:21:00	COM VÍTIMA	FINALIZADA	IMBIRIBEIRA	AV MARECHAL MASCARENHAS DE MORAES	""	""	SENTIDO CIDADE, EM FRENTE A FLORART	AV MARECHAL MASCARENHAS DE MORAES	""	SENTIDO CIDADE, EM FRENTE A FLORART	IMBIRIBEIRA		""	COLISÃO	""	1		1							1		""	""	""	""	""	""	""	""	""	""	""	""	""
7515	2018-09-08T00:00:00	12:21:00	SEM VÍTIMA	FINALIZADA	DOIS IRMÃOS	PRC FARIAS NEVES	""	""	EM FRENTE AO POSTO DA COMPESA	PRC FARIAS NEVES	""	EM FRENTE AO POSTO DA COMPESA	DOIS IRMÃOS		""	COLISÃO	SEM VÍTIMA	2									0		""	""	""	""	""	""	""	""	""	""	""	""	""
7516	2018-09-08T00:00:00	12:25:00	SEM VÍTIMA	FINALIZADA	IPUTINGA	EST DO BARBALHO	""	""	SEMÁFORO 533	EST DO BARBALHO	""	SEMÁFORO 533	IPUTINGA		""	COLISÃO	SEM VÍTIMA	1	1								0		""	""	""	""	""	""	""	""	""	""	""	""	""
7517	2018-09-08T00:00:00	12:28:00	COM VÍTIMA	FINALIZADA	IPSEP	RUA RIO OCEANICO	84	""	""	RUA RIO OCEANICO	84	""	IPSEP		""	ATROPELAMENTO	""						1				1		""	""	""	""	""	""	""	""	""	""	""	""	""
7518	2018-09-08T00:00:00	12:46:00	SEM VÍTIMA	FINALIZADA	SANTO AMARO	AV GOVERNADOR AGAMENON MAGALHAES	""	""	EM FRENTE AO POSTO DE GASOLINA BR E UNICORDS, SENT. DERBY	AV GOVERNADOR AGAMENON MAGALHAES	""	EM FRENTE AO POSTO DE GASOLINA BR E UNICORDS, SENT. DERBY	SANTO AMARO		""	COLISÃO	AUTO E MOTO S/V	1	1								0		""	""	""	""	""	""	""	""	""	""	""	""	""
7519	2018-09-08T00:00:00	13:20:00	SEM VÍTIMA	FINALIZADA	AFOGADOS	EST DOS REMEDIOS	2034	""	RESTAURANTE PORTO GAÚCHO , SEMÁFORO 052	EST DOS REMEDIOS	2034	RESTAURANTE PORTO GAÚCHO , SEMÁFORO 052	AFOGADOS		""	COLISÃO	""	1	1								0		""	""	""	""	""	""	""	""	""	""	""	""	""
7520	2018-09-08T00:00:00	15:19:00	""	CANCELADA	TORRE	RUA PROFESSOR TRAJANO DE MENDONCA	""	""	EM FRENTE AO ATACADÃO	RUA PROFESSOR TRAJANO DE MENDONCA	""	EM FRENTE AO ATACADÃO	TORRE		""	COLISÃO	COLISÃO SEM VÍTIMA	3									0		""	""	""	""	""	""	""	""	""	""	""	""	""
7521	2018-09-08T00:00:00	15:24:00	SEM VÍTIMA	FINALIZADA	IPSEP	RUA ADOLFO FARO	33	""	AO LADO DA IGREJA MATRIZ DO IPSEP	RUA ADOLFO FARO	33	AO LADO DA IGREJA MATRIZ DO IPSEP	IPSEP		""	COLISÃO	COLISÃO SEM VÍTIMA	1	1								0		""	""	""	""	""	""	""	""	""	""	""	""	""
7522	2018-09-08T00:00:00	15:36:00	SEM VÍTIMA	FINALIZADA	TORRE	RUA PROFESSOR TRAJANO DE MENDONCA	S/N	""	AO LADO DO ATACADÃO DOS PRESENTES	RUA PROFESSOR TRAJANO DE MENDONCA	S/N	AO LADO DO ATACADÃO DOS PRESENTES	TORRE		""	COLISÃO	ENGAVETAMENTO COM TRÊS VEÍCULOS	3									0		""	""	""	""	""	""	""	""	""	""	""	""	""
7523	2018-09-08T00:00:00	16:32:00	SEM VÍTIMA	FINALIZADA	DERBY	RUA JENER DE SOUZA	""	""	EM FRENTE AO QUARTEL DO DERBY/ SENTIDO SUBURBIO	RUA JENER DE SOUZA	""	EM FRENTE AO QUARTEL DO DERBY/ SENTIDO SUBURBIO	DERBY		""	COLISÃO	COLISÃO SEM VÍTIMA	1					1				0		""	""	""	""	""	""	""	""	""	""	""	""	""
7524	2018-09-08T00:00:00	18:03:00	SEM VÍTIMA	FINALIZADA	ESPINHEIRO	RUA ALFREDO DE CASTRO	622	""	PROX. AO EXTRA	RUA ALFREDO DE CASTRO	622	PROX. AO EXTRA	ESPINHEIRO		""	COLISÃO	COLISÃO SEM VÍTIMA	3									0		""	""	""	""	""	""	""	""	""	""	""	""	""
7525	2018-09-08T00:00:00	18:42:00	COM VÍTIMA	FINALIZADA	CORDEIRO	AV GENERAL SAN MARTIN	625	""	PROX.A DROGASIL E POSTO TOTAL	AV GENERAL SAN MARTIN	625	PROX.A DROGASIL E POSTO TOTAL	CORDEIRO		""	COLISÃO	COLSÃO COM VITIMAS/ AGUARDANDO ATENDIMENTO DO SAMU		2								2		""	""	""	""	""	""	""	""	""	""	""	""	""
7526	2018-09-08T00:00:00	22:02:00	SEM VÍTIMA	CANCELADA	CAMPINA DO BARRETO	RUA MARCILIO DIAS	""	""	PRÓX AO COLÉGIO SÃO JUDAS TADEU / E/F AO DEPÓSITO DE BEBIDAS JOEL	RUA MARCILIO DIAS	""	PRÓX AO COLÉGIO SÃO JUDAS TADEU / E/F AO DEPÓSITO DE BEBIDAS JOEL	CAMPINA DO BARRETO		""	COLISÃO	ENTRE ÔNIBUS E AUTO PASSEIO. S/V	1					1				0		""	""	""	""	""	""	""	""	""	""	""	""	""