_id	DATA	hora	natureza_acidente	situacao	bairro	endereco	numero	detalhe_endereco_acidente	complemento	endereco_cruzamento	numero_cruzamento	referencia_cruzamento	bairro_cruzamento	num_semaforo	sentido_via	tipo	descricao	auto	moto	ciclom	ciclista	pedestre	onibus	caminhao	viatura	outros	vitimas	vitimasfatais	acidente_verificado	tempo_clima	situacao_semaforo	sinalizacao	condicao_via	conservacao_via	ponto_controle	situacao_placa	velocidade_max_via	mao_direcao	divisao_via1	divisao_via2	divisao_via3
7527	2018-09-09T00:00:00	00:05:00	SEM VÍTIMA	CANCELADA	AFLITOS	AV CONS ROSA E SILVA	707	RUA AMELIA	CRUZAMENTO COM A RUA AMÉLIA, PRÓX A AUTOESCOLA PILOTO.	AV CONS ROSA E SILVA	707	CRUZAMENTO COM A RUA AMÉLIA, PRÓX A AUTOESCOLA PILOTO.	AFLITOS		""	COLISÃO	COLISÃO ENTRE DOIS AUTOS S/V	2									0		""	""	""	""	""	""	""	""	""	""	""	""	""
7528	2018-09-09T00:00:00	00:03:00	SEM VÍTIMA	CANCELADA	ILHA JOANA BEZERRA	AV GOVERNADOR AGAMENON MAGALHAES	""	""	SENTIDO RIO MAR, APOS A DESCIDA DO VIADUTO DA JOANA BEZERRA, EM FRENTE AO FORUM	AV GOVERNADOR AGAMENON MAGALHAES	""	SENTIDO RIO MAR, APOS A DESCIDA DO VIADUTO DA JOANA BEZERRA, EM FRENTE AO FORUM	ILHA JOANA BEZERRA		""	COLISÃO	COLISÃO ENTRE DOIS AUTOS S/V	2									0		""	""	""	""	""	""	""	""	""	""	""	""	""
7529	2018-09-09T00:00:00	00:07:00	SEM VÍTIMA	FINALIZADA	JORDÃO	AV MARIA IRENE	373	""	EM FRENTE A SERMOTEC, EM FRENTE A AGUA EXPRESSO, EM FRENTE A CAPELA SAO JOÃO BATISTA	AV MARIA IRENE	373	EM FRENTE A SERMOTEC, EM FRENTE A AGUA EXPRESSO, EM FRENTE A CAPELA SAO JOÃO BATISTA	JORDÃO		""	COLISÃO	COLISÃO ENTRE DOIS AUTOS S/V	2									0		""	""	""	""	""	""	""	""	""	""	""	""	""
7530	2018-09-09T00:00:00	00:35:00	SEM VÍTIMA	CANCELADA	DERBY	PRC DO DERBY	""	""	PRÓX AO CENTRO DE DIAGNÓSTICO JOSÉ ROCHA DE SÁ, PROX DO DRIVE IN.	PRC DO DERBY	""	PRÓX AO CENTRO DE DIAGNÓSTICO JOSÉ ROCHA DE SÁ, PROX DO DRIVE IN.	DERBY		""	CHOQUE	ÔNIBUS CHOCOU-SE COM AUTO QUE ESTAVA ESTACIONADO.	1					1				0		""	""	""	""	""	""	""	""	""	""	""	""	""
7531	2018-09-09T00:00:00	02:12:00	SEM VÍTIMA	FINALIZADA	JORDÃO	AV MARIA IRENE	""	""	EM FRENTE A SERMOTEC, EM FRENTE A AGUA EXPRESSO, EM FRENTE A CAPELA SAO JOÃO BATISTA.	AV MARIA IRENE	""	EM FRENTE A SERMOTEC, EM FRENTE A AGUA EXPRESSO, EM FRENTE A CAPELA SAO JOÃO BATISTA.	JORDÃO		""	CHOQUE	AUTO CHOCOU-SE COM ANIMAL.	1									0		""	""	""	""	""	""	""	""	""	""	""	""	""
7532	2018-09-09T00:00:00	03:02:00	SEM VÍTIMA	FINALIZADA	SAN MARTIN	AV ENGENHEIRO ABDIAS DE CARVALHO	""	""	PRÓX A FACULDADE ESTÁCIO / SEMÁFORO 58.	AV ENGENHEIRO ABDIAS DE CARVALHO	""	PRÓX A FACULDADE ESTÁCIO / SEMÁFORO 58.	SAN MARTIN		""	CHOQUE	AUTO CHOCOU-SE COM UM POSTE.	1									0		""	""	""	""	""	""	""	""	""	""	""	""	""
7533	2018-09-09T00:00:00	05:45:00	SEM VÍTIMA	FINALIZADA	BOA VIAGEM	RUA COSMORAMA	""	AV ARMINDO MOURA	CRUZAMENTO COM A AV ARMINDO MOURA, SEMÁFORO 441	RUA COSMORAMA	""	CRUZAMENTO COM A AV ARMINDO MOURA, SEMÁFORO 441	BOA VIAGEM		""	COLISÃO	COLISÃO ENTRE AUTO E MOTO S/V	1	1								0		""	""	""	""	""	""	""	""	""	""	""	""	""
7534	2018-09-09T00:00:00	09:27:00	SEM VÍTIMA	FINALIZADA	AFOGADOS	RUA COSME VIANA	245	""	EM FRENTE A PRIMO CENTRAL AUTOMOTIVA	RUA COSME VIANA	245	EM FRENTE A PRIMO CENTRAL AUTOMOTIVA	AFOGADOS		""	COLISÃO	DOIS AUTOS	2									0		""	""	""	""	""	""	""	""	""	""	""	""	""
7535	2018-09-09T00:00:00	09:56:00	COM VÍTIMA	FINALIZADA	CASA AMARELA	AV NORTE	""	""	EM FRENTE A ESCOLA MUNICIPAL ROSEMAR DE MACEDO LIMA,SENT/SUBURBIO	AV NORTE	""	EM FRENTE A ESCOLA MUNICIPAL ROSEMAR DE MACEDO LIMA,SENT/SUBURBIO	CASA AMARELA		""	COLISÃO	COM UMA VITIMA AGUARDANDO BOMBEIROS	1	1				1				1		""	""	""	""	""	""	""	""	""	""	""	""	""
7536	2018-09-09T00:00:00	12:49:00	SEM VÍTIMA	FINALIZADA	JARDIM SÃO PAULO	AV RECIFE	""	""	PROX. AO SEMÁFORO 259, SENTIDO BOA VIAGEM	AV RECIFE	""	PROX. AO SEMÁFORO 259, SENTIDO BOA VIAGEM	JARDIM SÃO PAULO		""	COLISÃO	COLISÃO SEM VITIMAS	2									0		""	""	""	""	""	""	""	""	""	""	""	""	""
7537	2018-09-09T00:00:00	13:12:00	COM VÍTIMA	FINALIZADA	COQUEIRAL	RUA DR JOSE CORNELIO	55	RUA INAJA	NA ESQUINA DA RUA INAJÁ	RUA DR JOSE CORNELIO	55	NA ESQUINA DA RUA INAJÁ	COQUEIRAL		""	CHOQUE	COLISÃO COM VÍTIMAS/ AS VITIMAS ENCONTRAM-SE DESACORDADAS NO LOCAL										2		""	""	""	""	""	""	""	""	""	""	""	""	""
7538	2018-09-09T00:00:00	13:19:00	SEM VÍTIMA	FINALIZADA	ROSARINHO	RUA SALVADOR DE SA	470	""	""	RUA SALVADOR DE SA	470	""	ROSARINHO		""	COLISÃO	""	2									0		""	""	""	""	""	""	""	""	""	""	""	""	""
7539	2018-09-09T00:00:00	13:22:00	SEM VÍTIMA	FINALIZADA	SAN MARTIN	AV GENERAL SAN MARTIN	""	""	AO LADO DA CAVALARIA, SENTIDO CENTRO...SEMÁFORO 326	AV GENERAL SAN MARTIN	""	AO LADO DA CAVALARIA, SENTIDO CENTRO...SEMÁFORO 326	SAN MARTIN		""	COLISÃO	COLISÃO SEM VITIMAS	1	1								0		""	""	""	""	""	""	""	""	""	""	""	""	""
7540	2018-09-09T00:00:00	13:29:00	SEM VÍTIMA	FINALIZADA	IBURA	AV DOIS RIOS	""	""	CONSULTORIOS MEDICOS SENNA SAÚDE	AV DOIS RIOS	""	CONSULTORIOS MEDICOS SENNA SAÚDE	IBURA		""	COLISÃO	COLISÃO SEM VITIMAS	2									0		""	""	""	""	""	""	""	""	""	""	""	""	""
7541	2018-09-09T00:00:00	16:15:00	SEM VÍTIMA	FINALIZADA	BOA VISTA	AV CONDE DA BOA VISTA	""	""	PROX. AO GRAU TÉCNICO, SENTIDO DERBY	AV CONDE DA BOA VISTA	""	PROX. AO GRAU TÉCNICO, SENTIDO DERBY	BOA VISTA		""	COLISÃO	COLISÃO SEM VITIMAS	2									0		""	""	""	""	""	""	""	""	""	""	""	""	""
7542	2018-09-09T00:00:00	19:19:00	COM VÍTIMA	FINALIZADA	AFOGADOS	RUA SAO MIGUEL	""	""	NA FRENTE DO ARMAZEM CORAL E BODE DO NÔ, SENTIDO SUBURBIO	RUA SAO MIGUEL	""	NA FRENTE DO ARMAZEM CORAL E BODE DO NÔ, SENTIDO SUBURBIO	AFOGADOS		""	COLISÃO	COLISÃO COM VITIMA/ VITIMA NO LOCAL AGUARDANDO ATENDIMENTO DO SAMU	1	1								1		""	""	""	""	""	""	""	""	""	""	""	""	""
7543	2018-09-09T00:00:00	23:19:00	COM VÍTIMA	FINALIZADA	DERBY	AV GOVERNADOR AGAMENON MAGALHAES	""	""	PROX. AO SEMAFORO 173	AV GOVERNADOR AGAMENON MAGALHAES	""	PROX. AO SEMAFORO 173	DERBY		""	COLISÃO	COLISÃO COM VITIMA/ VITIMA NO LOCAL AGUARDANDO ATENDIMENTO DO SAMU	1	1								1		""	""	""	""	""	""	""	""	""	""	""	""	""
7544	2018-09-09T00:00:00	23:56:00	SEM VÍTIMA	FINALIZADA	VASCO DA GAMA	RUA DOIS DE FEVEREIRO	516	""	EM FRENTE A AMANDA CONFECÇÕES, AO LADO DE MP INFORMÁTICA	RUA DOIS DE FEVEREIRO	516	EM FRENTE A AMANDA CONFECÇÕES, AO LADO DE MP INFORMÁTICA	VASCO DA GAMA		""	COLISÃO	COLISÃO ENTRE DOIS AUTOS S/V	2									0		""	""	""	""	""	""	""	""	""	""	""	""	""
7545	2018-09-10T00:00:00	01:07:00	COM VÍTIMA	FINALIZADA	IPSEP	RUA PROFESSOR JOSE VICENTE	626	RUA SÃO NICOLAU	CRUZAMENTO COM A RUA SÃO NICOLAU	RUA PROFESSOR JOSE VICENTE	626	CRUZAMENTO COM A RUA SÃO NICOLAU	IPSEP		""	COLISÃO	COLISÃO ENTRE AUTO E MOTO C/V.	1	1								1		""	""	""	""	""	""	""	""	""	""	""	""	""
7546	2018-09-10T00:00:00	01:30:00	SEM VÍTIMA	CANCELADA	IMBIRIBEIRA	AV MARECHAL MASCARENHAS DE MORAES	4728	""	SENTIDO AEROPORTO, AO LADO DO HOTEL AEROPORTO, APOS O VIADUTO TANCREDO NEVES	AV MARECHAL MASCARENHAS DE MORAES	4728	SENTIDO AEROPORTO, AO LADO DO HOTEL AEROPORTO, APOS O VIADUTO TANCREDO NEVES	IMBIRIBEIRA		""	COLISÃO	COLISÃO ENTRE DOIS AUTOS	2									0		""	""	""	""	""	""	""	""	""	""	""	""	""
7547	2018-09-10T00:00:00	02:03:00	SEM VÍTIMA	FINALIZADA	BAIRRO DO RECIFE	RUA ALVARES CABRAL	""	""	POR TRÁS DO PORTO DIGITAL.	RUA ALVARES CABRAL	""	POR TRÁS DO PORTO DIGITAL.	BAIRRO DO RECIFE		""	COLISÃO	COLISÃO ENTRE DOIS CAMINHÕES S/V.							2			0		""	""	""	""	""	""	""	""	""	""	""	""	""
7548	2018-09-10T00:00:00	06:11:00	COM VÍTIMA	FINALIZADA	BARRO	AV DR JOSE RUFINO	""	""	E/F POSTO IMPERIO - PROXIMO À IGREJA DO BARRO	AV DR JOSE RUFINO	""	E/F POSTO IMPERIO - PROXIMO À IGREJA DO BARRO	BARRO		""	COLISÃO	COLISÃO AUTO X CAMINHÃO C/VITIMA	1						1			1		""	""	""	""	""	""	""	""	""	""	""	""	""
7549	2018-09-10T00:00:00	07:33:00	COM VÍTIMA	FINALIZADA	IPUTINGA	RUA SAO MATEUS	1060	""	PROX. A FARMACIA DO TRABALHADOR	RUA SAO MATEUS	1060	PROX. A FARMACIA DO TRABALHADOR	IPUTINGA		""	COLISÃO	AUTO E MOTO	1	1								1		""	""	""	""	""	""	""	""	""	""	""	""	""
7550	2018-09-10T00:00:00	07:38:00	COM VÍTIMA	FINALIZADA	IMBIRIBEIRA	AV MARECHAL MASCARENHAS DE MORAES	""	""	EM FRENTE A LASER ELETRO	AV MARECHAL MASCARENHAS DE MORAES	""	EM FRENTE A LASER ELETRO	IMBIRIBEIRA		""	COLISÃO	BROS / CB 300		2								2		""	""	""	""	""	""	""	""	""	""	""	""	""
7551	2018-09-10T00:00:00	07:45:00	SEM VÍTIMA	FINALIZADA	BOA VIAGEM	RUA VICENCIA	618	""	EM FRENTE AO EDF ICARI	RUA VICENCIA	618	EM FRENTE AO EDF ICARI	BOA VIAGEM		""	COLISÃO	TRES AUTOS	3									0		""	""	""	""	""	""	""	""	""	""	""	""	""
7552	2018-09-10T00:00:00	08:06:00	SEM VÍTIMA	FINALIZADA	CAXANGÁ	AV CAXANGA	""	""	SEMAFORO 232 / SENT CIDADE	AV CAXANGA	""	SEMAFORO 232 / SENT CIDADE	CAXANGÁ		""	COLISÃO	DOIS AUTOS	2									0		""	""	""	""	""	""	""	""	""	""	""	""	""
7553	2018-09-10T00:00:00	08:07:00	SEM VÍTIMA	FINALIZADA	BOA VISTA	AV LINS PETIT	101	""	EM FRENTE A UNIMED E PADARIA TRIUNFO	AV LINS PETIT	101	EM FRENTE A UNIMED E PADARIA TRIUNFO	BOA VISTA		""	COLISÃO	TRES AUTOS	3									0		""	""	""	""	""	""	""	""	""	""	""	""	""
7554	2018-09-10T00:00:00	08:11:00	COM VÍTIMA	FINALIZADA	BOA VIAGEM	AV BOA VIAGEM	624	""	EM FRENTE AO EDF ALAIDE	AV BOA VIAGEM	624	EM FRENTE AO EDF ALAIDE	BOA VIAGEM		""	COLISÃO	MOTO E AUTO	1	1								1		""	""	""	""	""	""	""	""	""	""	""	""	""
7555	2018-09-10T00:00:00	08:14:00	COM VÍTIMA	FINALIZADA	JORDÃO	AV MARIA IRENE	""	""	EM FRENTE AO AEROPORTO	AV MARIA IRENE	""	EM FRENTE AO AEROPORTO	JORDÃO		""	COLISÃO	MOTO X VEÍCULO	1	1								1		""	""	""	""	""	""	""	""	""	""	""	""	""
7556	2018-09-10T00:00:00	08:14:00	SEM VÍTIMA	FINALIZADA	CORDEIRO	AV CAXANGA	1443	""	EM FRENTE AO TERMINAL DE ONIBUS GETULIO VARGAS, SENT CIDADE	AV CAXANGA	1443	EM FRENTE AO TERMINAL DE ONIBUS GETULIO VARGAS, SENT CIDADE	CORDEIRO		""	COLISÃO	DOIS AUTOS	2									0		""	""	""	""	""	""	""	""	""	""	""	""	""
7557	2018-09-10T00:00:00	08:28:00	SEM VÍTIMA	FINALIZADA	CORDEIRO	RUA ADELMAR TAVARES	25	""	EM FRENTE AO COLEGIO SANTA EMILIA	RUA ADELMAR TAVARES	25	EM FRENTE AO COLEGIO SANTA EMILIA	CORDEIRO		""	COLISÃO	DOIS AUTOS	2									0		""	""	""	""	""	""	""	""	""	""	""	""	""
7558	2018-09-10T00:00:00	08:55:00	SEM VÍTIMA	FINALIZADA	TEJIPIÓ	RUA APRIGIO GUIMARAES	277	""	NA RUA DO HOSPITAL OTAVIO DE FREITAS	RUA APRIGIO GUIMARAES	277	NA RUA DO HOSPITAL OTAVIO DE FREITAS	TEJIPIÓ		""	COLISÃO	ONIBUS E AUTO	1					1				0		""	""	""	""	""	""	""	""	""	""	""	""	""
7559	2018-09-10T00:00:00	09:21:00	SEM VÍTIMA	FINALIZADA	BOA VISTA	RUA JOSE DE ALENCAR	438	""	AO LADO DA DEFENSORIA PUBLICA DO ESTADO	RUA JOSE DE ALENCAR	438	AO LADO DA DEFENSORIA PUBLICA DO ESTADO	BOA VISTA		""	COLISÃO	DOIS AUTOS	2									0		""	""	""	""	""	""	""	""	""	""	""	""	""
7560	2018-09-10T00:00:00	09:45:00	SEM VÍTIMA	FINALIZADA	AFOGADOS	EST DOS REMEDIOS	1534	""	EM FRENTE A PIGALLE PEUGEOT	EST DOS REMEDIOS	1534	EM FRENTE A PIGALLE PEUGEOT	AFOGADOS		""	COLISÃO	TRES AUTOS VT-17 NO LOCAL	3									0		""	""	""	""	""	""	""	""	""	""	""	""	""
7561	2018-09-10T00:00:00	09:58:00	SEM VÍTIMA	FINALIZADA	SÃO JOSÉ	AV MARTINS DE BARROS	463	""	E/F AO MINISTÉRIO PÚBLICO. SEMÁFORO 194	AV MARTINS DE BARROS	463	E/F AO MINISTÉRIO PÚBLICO. SEMÁFORO 194	SÃO JOSÉ		""	COLISÃO	SEM VÍTIMAS	1					1				0		""	""	""	""	""	""	""	""	""	""	""	""	""
7562	2018-09-10T00:00:00	10:08:00	SEM VÍTIMA	FINALIZADA	MADALENA	RUA JOAO IVO DA SILVA	""	""	AO LADO DO POSTO PETROVIA	RUA JOAO IVO DA SILVA	""	AO LADO DO POSTO PETROVIA	MADALENA		""	COLISÃO	DOIS AUTOS	2									0		""	""	""	""	""	""	""	""	""	""	""	""	""
7563	2018-09-10T00:00:00	10:44:00	COM VÍTIMA	FINALIZADA	CAXANGÁ	AV CAXANGA	""	""	SENTIDO CIDADE EM FRENTE AO RESTAURANTE BOI E BRASA	AV CAXANGA	""	SENTIDO CIDADE EM FRENTE AO RESTAURANTE BOI E BRASA	CAXANGÁ		""	ACID. DE PERCURSO	COLISÃO COM VITIMA A ESPERA DO SAMU	1	1								1		""	""	""	""	""	""	""	""	""	""	""	""	""
7564	2018-09-10T00:00:00	11:42:00	COM VÍTIMA	FINALIZADA	ARRUDA	RUA DAS MOCAS	951	RUA DA REGENERACAO	COM A RUA DA REGENERAÇÃO, PROX. A QUERO MAIS COMEDORIA	RUA DAS MOCAS	951	COM A RUA DA REGENERAÇÃO, PROX. A QUERO MAIS COMEDORIA	ARRUDA		""	COLISÃO COM CICLISTA	AUTO E CICLISTA	1			1						1		""	""	""	""	""	""	""	""	""	""	""	""	""
7565	2018-09-10T00:00:00	11:43:00	SEM VÍTIMA	FINALIZADA	MACAXEIRA	AV NORTE	""	""	SENTIDO CIDADE EM FRENTE A ANTIGA FABRICA DA MACAXEIRA	AV NORTE	""	SENTIDO CIDADE EM FRENTE A ANTIGA FABRICA DA MACAXEIRA	MACAXEIRA		""	COLISÃO	COLISÃO SEM VÍTIMA	2					1				0		""	""	""	""	""	""	""	""	""	""	""	""	""
7566	2018-09-10T00:00:00	12:22:00	SEM VÍTIMA	FINALIZADA	VÁRZEA	AV PROFESSOR ARTUR DE SA	1180	""	RUA DO CEMITERIO DA VARZEA	AV PROFESSOR ARTUR DE SA	1180	RUA DO CEMITERIO DA VARZEA	VÁRZEA		""	ENGAVETAMENTO	SEM VITIMAS	4									0		""	""	""	""	""	""	""	""	""	""	""	""	""
7567	2018-09-10T00:00:00	12:40:00	COM VÍTIMA	FINALIZADA	PINA	AV ANTONIO DE GOES	142	""	SEMAFORO 656	AV ANTONIO DE GOES	142	SEMAFORO 656	PINA		""	COLISÃO	DOIS AUTOS S/V	2									1		""	""	""	""	""	""	""	""	""	""	""	""	""
7568	2018-09-10T00:00:00	13:03:00	COM VÍTIMA	FINALIZADA	BARRO	RUA CAPITAO PONCIANO	""	""	EM FRENTE AO CLUBE UMUARAMA	RUA CAPITAO PONCIANO	""	EM FRENTE AO CLUBE UMUARAMA	BARRO		""	COLISÃO	COM DUAS VITIMAS AGUARDANDO SAMU		1					1			2		""	""	""	""	""	""	""	""	""	""	""	""	""
7569	2018-09-10T00:00:00	13:13:00	SEM VÍTIMA	FINALIZADA	IMBIRIBEIRA	RUA ARQUITETO LUIZ NUNES	167	""	POR TRÁS DO ASSAÍ/ SENTIDO IPSEP	RUA ARQUITETO LUIZ NUNES	167	POR TRÁS DO ASSAÍ/ SENTIDO IPSEP	IMBIRIBEIRA		""	COLISÃO	COLISÃO SEM VÍTIMA	2									0		""	""	""	""	""	""	""	""	""	""	""	""	""
7570	2018-09-10T00:00:00	13:33:00	SEM VÍTIMA	FINALIZADA	BOA VIAGEM	AV CONSELHEIRO AGUIAR	3350	""	EM FRENTE AO SALÃO DE BELEZA TROIS	AV CONSELHEIRO AGUIAR	3350	EM FRENTE AO SALÃO DE BELEZA TROIS	BOA VIAGEM		""	COLISÃO	SEM VITIMAS	2									0		""	""	""	""	""	""	""	""	""	""	""	""	""
7571	2018-09-10T00:00:00	13:36:00	SEM VÍTIMA	FINALIZADA	JORDÃO	RUA ALBERTO LUNDGREN	""	""	SEMAFORO 581	RUA ALBERTO LUNDGREN	""	SEMAFORO 581	JORDÃO		""	COLISÃO	DOIS AUTOS S/V	2									0		""	""	""	""	""	""	""	""	""	""	""	""	""
7572	2018-09-10T00:00:00	13:49:00	SEM VÍTIMA	FINALIZADA	IMBIRIBEIRA	RUA GENERAL GOES MONTEIRO	764	""	RUA POR TRÁS DA HONDA DA MASCARENHAS DE MORAES	RUA GENERAL GOES MONTEIRO	764	RUA POR TRÁS DA HONDA DA MASCARENHAS DE MORAES	IMBIRIBEIRA		""	COLISÃO	SEM VITIMAS	1						1			0		""	""	""	""	""	""	""	""	""	""	""	""	""
7573	2018-09-10T00:00:00	14:13:00	SEM VÍTIMA	FINALIZADA	BEBERIBE	AV BEBERIBE	""	""	EM FRENTE A PIZZARIA ROUCHE	AV BEBERIBE	""	EM FRENTE A PIZZARIA ROUCHE	BEBERIBE		""	COLISÃO	DOIS AUTOS S/V	2									0		""	""	""	""	""	""	""	""	""	""	""	""	""
7574	2018-09-10T00:00:00	14:19:00	SEM VÍTIMA	CANCELADA	PINA	AV HERCULANO BANDEIRA	742	""	EM FRENTE A CAIXA ECONOMICA	AV HERCULANO BANDEIRA	742	EM FRENTE A CAIXA ECONOMICA	PINA		""	COLISÃO	AUTO E ONIBUS S/V	1					1				0		""	""	""	""	""	""	""	""	""	""	""	""	""
7575	2018-09-10T00:00:00	14:47:00	SEM VÍTIMA	FINALIZADA	AREIAS	AV DR JOSE RUFINO	1292	""	EM FRENTE A CHURRASCARIA BERRA BOI ,SENT/SUB	AV DR JOSE RUFINO	1292	EM FRENTE A CHURRASCARIA BERRA BOI ,SENT/SUB	AREIAS		""	COLISÃO	SEM VITIMAS	1	1								0		""	""	""	""	""	""	""	""	""	""	""	""	""
7576	2018-09-10T00:00:00	15:34:00	SEM VÍTIMA	FINALIZADA	AFOGADOS	RUA VINTE E UM DE ABRIL	359	""	""	RUA VINTE E UM DE ABRIL	359	""	AFOGADOS		""	COLISÃO	AUTO E MOTO S/V	1	1								0		""	""	""	""	""	""	""	""	""	""	""	""	""
7577	2018-09-10T00:00:00	15:39:00	SEM VÍTIMA	FINALIZADA	COHAB	AV SAO PAULO	183	""	EM FRENTE A PANIFICADORA MARIANA (TRES CARNEIRO ALTO)	AV SAO PAULO	183	EM FRENTE A PANIFICADORA MARIANA (TRES CARNEIRO ALTO)	COHAB		""	COLISÃO	SEM VITIMAS	1						1			0		""	""	""	""	""	""	""	""	""	""	""	""	""
7578	2018-09-10T00:00:00	15:59:00	SEM VÍTIMA	FINALIZADA	CASA AMARELA	EST DO ARRAIAL	3851	""	EM FRENTE AO BANCO BRADESCO,VEICULOS SE DIRIGIRAM PARA O ESTACIONAmento do bradesco	EST DO ARRAIAL	3851	EM FRENTE AO BANCO BRADESCO,VEICULOS SE DIRIGIRAM PARA O ESTACIONAmento do bradesco	CASA AMARELA		""	COLISÃO	SEM VITIMAS	2									0		""	""	""	""	""	""	""	""	""	""	""	""	""
7579	2018-09-10T00:00:00	16:06:00	SEM VÍTIMA	FINALIZADA	BONGI	EST DO BONGI	555	""	EM FRENTE AO EDF PRAÇA DOS CACTUS	EST DO BONGI	555	EM FRENTE AO EDF PRAÇA DOS CACTUS	BONGI		""	COLISÃO	SEM VITIMAS	2									0		""	""	""	""	""	""	""	""	""	""	""	""	""
7580	2018-09-10T00:00:00	16:08:00	SEM VÍTIMA	FINALIZADA	IPSEP	AV RECIFE	""	""	SEMAFORO 016	AV RECIFE	""	SEMAFORO 016	IPSEP		""	COLISÃO	DOIS AUTOS	2									0		""	""	""	""	""	""	""	""	""	""	""	""	""
7581	2018-09-10T00:00:00	16:13:00	SEM VÍTIMA	FINALIZADA	ARRUDA	AV PROFESSOR JOSE DOS ANJOS	""	""	EM FRENTE A ECO ESTAÇÃO DO ARRUDA/ SENTIDO CAMPO DO ARRUDA	AV PROFESSOR JOSE DOS ANJOS	""	EM FRENTE A ECO ESTAÇÃO DO ARRUDA/ SENTIDO CAMPO DO ARRUDA	ARRUDA		""	COLISÃO	COLISÃO SEM VÍTIMA	2									0		""	""	""	""	""	""	""	""	""	""	""	""	""
7582	2018-09-10T00:00:00	16:58:00	SEM VÍTIMA	FINALIZADA	VÁRZEA	RUA CORONEL PACHECO	1969	""	EM FRENTE A PAPELARIA DISNEY GRAFICA	RUA CORONEL PACHECO	1969	EM FRENTE A PAPELARIA DISNEY GRAFICA	VÁRZEA		""	COLISÃO	SEM VITIMAS	1					1				0		""	""	""	""	""	""	""	""	""	""	""	""	""
7583	2018-09-10T00:00:00	17:33:00	SEM VÍTIMA	FINALIZADA	BOA VISTA	RUA DO HOSPICIO	""	""	EM FRENTE A ESCOLA LUIZ DELGADO/ SENTIDO CIDADE	RUA DO HOSPICIO	""	EM FRENTE A ESCOLA LUIZ DELGADO/ SENTIDO CIDADE	BOA VISTA		""	COLISÃO	COLISÃO SEM VÍTIMA	1					1				0		""	""	""	""	""	""	""	""	""	""	""	""	""
7584	2018-09-10T00:00:00	17:38:00	SEM VÍTIMA	FINALIZADA	BOA VISTA	RUA PAISSANDU	245	""	EM FRENTE A MACMED	RUA PAISSANDU	245	EM FRENTE A MACMED	BOA VISTA		""	COLISÃO	SEM VITIMAS	2									0		""	""	""	""	""	""	""	""	""	""	""	""	""
7585	2018-09-10T00:00:00	17:42:00	SEM VÍTIMA	FINALIZADA	AFOGADOS	EST DOS REMEDIOS	""	""	E/F AO POSTO IPIRANGA	EST DOS REMEDIOS	""	E/F AO POSTO IPIRANGA	AFOGADOS		""	COLISÃO	HB20 X NISSAN MARCH	2									0		""	""	""	""	""	""	""	""	""	""	""	""	""
7586	2018-09-10T00:00:00	17:57:00	COM VÍTIMA	FINALIZADA	TAMARINEIRA	EST DO ARRAIAL	""	RUA GUIMARAES PEIXOTO	CRUZAMENTO COM A RUA GUIMARAES PEIXOTO	EST DO ARRAIAL	""	CRUZAMENTO COM A RUA GUIMARAES PEIXOTO	TAMARINEIRA		""	COLISÃO	COLISÃO COM VÍTIMA	1	1								1		""	""	""	""	""	""	""	""	""	""	""	""	""
7587	2018-09-10T00:00:00	18:00:00	SEM VÍTIMA	FINALIZADA	SANTO AMARO	AV CRUZ CABUGA	""	""	EM FRENTE A VICE GOVERNADORIA, E A PARADA DO BRT	AV CRUZ CABUGA	""	EM FRENTE A VICE GOVERNADORIA, E A PARADA DO BRT	SANTO AMARO		""	COLISÃO	AUTO E BRT, SENTIDO CENTRO	1					1				0		""	""	""	""	""	""	""	""	""	""	""	""	""
7588	2018-09-10T00:00:00	18:08:00	SEM VÍTIMA	FINALIZADA	GRAÇAS	RUA DAS PERNAMBUCANAS	""	""	NA FRENTE DO HOSPITAL JAYME DA FONTE	RUA DAS PERNAMBUCANAS	""	NA FRENTE DO HOSPITAL JAYME DA FONTE	GRAÇAS		""	COLISÃO	COLISÃO SEM VÍTIMAS	2									0		""	""	""	""	""	""	""	""	""	""	""	""	""
7589	2018-09-10T00:00:00	19:11:00	SEM VÍTIMA	FINALIZADA	GRAÇAS	AV CONS ROSA E SILVA	""	""	PROX AO HOSPITAL DOS SERVIDORES// PROX A SAIDA DA RUA DA HORA	AV CONS ROSA E SILVA	""	PROX AO HOSPITAL DOS SERVIDORES// PROX A SAIDA DA RUA DA HORA	GRAÇAS		""	COLISÃO	VOYAGE X ONIBUS GLOBO	1					1				0		""	""	""	""	""	""	""	""	""	""	""	""	""
7590	2018-09-10T00:00:00	19:55:00	SEM VÍTIMA	FINALIZADA	IBURA	RUA JOAO CORDEIRO DE SOUZA	782	""	NA FRENTE DA IGREJA BATISTA MISSIONARIA LAGOA ENCANTADA	RUA JOAO CORDEIRO DE SOUZA	782	NA FRENTE DA IGREJA BATISTA MISSIONARIA LAGOA ENCANTADA	IBURA		""	COLISÃO	COLISÃO SEM VÍTIMAS	1					1				0		""	""	""	""	""	""	""	""	""	""	""	""	""
7591	2018-09-10T00:00:00	21:17:00	SEM VÍTIMA	CANCELADA	ROSARINHO	RUA DR JOSE MARIA	841	""	NA FRENTE DA FARMACIA DROGASIL E A LANCHONETE O TAMARINUS	RUA DR JOSE MARIA	841	NA FRENTE DA FARMACIA DROGASIL E A LANCHONETE O TAMARINUS	ROSARINHO		""	CHOQUE	CONDUTOR ESTA APARENTEMENTE ALCOOLIZADO, VARIAS LIGAÇÕES DO LOCAL INFORMANDO QUE O MESMO NÃO SE ENCONTRA EM CONDIÇÕES DE CONDUZIR O VEICULO.	1									0		""	""	""	""	""	""	""	""	""	""	""	""	""