_id	DATA	hora	natureza_acidente	situacao	bairro	endereco	numero	detalhe_endereco_acidente	complemento	endereco_cruzamento	numero_cruzamento	referencia_cruzamento	bairro_cruzamento	num_semaforo	sentido_via	tipo	descricao	auto	moto	ciclom	ciclista	pedestre	onibus	caminhao	viatura	outros	vitimas	vitimasfatais	acidente_verificado	tempo_clima	situacao_semaforo	sinalizacao	condicao_via	conservacao_via	ponto_controle	situacao_placa	velocidade_max_via	mao_direcao	divisao_via1	divisao_via2	divisao_via3
7592	2018-09-11T00:00:00	07:11:00	SEM VÍTIMA	FINALIZADA	CASA AMARELA	RUA GUIMARAES PEIXOTO	31	""	APOS O COLEGIO SANTA CATARINA	RUA GUIMARAES PEIXOTO	31	APOS O COLEGIO SANTA CATARINA	CASA AMARELA		""	COLISÃO	DOIS AUTOS	2									0		""	""	""	""	""	""	""	""	""	""	""	""	""
7593	2018-09-11T00:00:00	08:26:00	SEM VÍTIMA	FINALIZADA	ILHA JOANA BEZERRA	VIADUTO CAPITAO TEMUDO	""	""	EM CIMA DO VIADULTO SENT. CIDADE	VIADUTO CAPITAO TEMUDO	""	EM CIMA DO VIADULTO SENT. CIDADE	ILHA JOANA BEZERRA		""	COLISÃO	DOIS AUTOS	2									0		""	""	""	""	""	""	""	""	""	""	""	""	""
7594	2018-09-11T00:00:00	08:26:00	SEM VÍTIMA	FINALIZADA	ENGENHO DO MEIO	RUA ANTONIO CURADO	194	""	EM FRENTE AO FRIGORIFICO FRIOS ASA BRANCA	RUA ANTONIO CURADO	194	EM FRENTE AO FRIGORIFICO FRIOS ASA BRANCA	ENGENHO DO MEIO		""	COLISÃO	COLISÃO SEM VITIMAS	3									0		""	""	""	""	""	""	""	""	""	""	""	""	""
7595	2018-09-11T00:00:00	08:52:00	SEM VÍTIMA	FINALIZADA	SÃO JOSÉ	AV SUL	504	""	EQUIPADORA HIDRAUPEÇAS	AV SUL	504	EQUIPADORA HIDRAUPEÇAS	SÃO JOSÉ		""	COLISÃO	ONIBUS E AUTO (BATEDOR NO LOCAL)	1					1				0		""	""	""	""	""	""	""	""	""	""	""	""	""
7596	2018-09-11T00:00:00	09:09:00	SEM VÍTIMA	FINALIZADA	JARDIM SÃO PAULO	RUA LEANDRO BARRETO	706 B	""	PROX. A PADARIA LA ROQUE	RUA LEANDRO BARRETO	706 B	PROX. A PADARIA LA ROQUE	JARDIM SÃO PAULO		""	COLISÃO	ONIBUS E AUTO	1					1				0		""	""	""	""	""	""	""	""	""	""	""	""	""
7597	2018-09-11T00:00:00	09:17:00	SEM VÍTIMA	FINALIZADA	DERBY	RUA AMAURI DE MEDEIROS	200	""	EM FRENTE AO MARCELO MAGALHAES	RUA AMAURI DE MEDEIROS	200	EM FRENTE AO MARCELO MAGALHAES	DERBY		""	COLISÃO	DOIS AUTOS	2									0		""	""	""	""	""	""	""	""	""	""	""	""	""
7598	2018-09-11T00:00:00	09:29:00	SEM VÍTIMA	FINALIZADA	ESTÂNCIA	AV RECIFE	272	""	EM FRENTE A EQUIPADORA SOUND CAR	AV RECIFE	272	EM FRENTE A EQUIPADORA SOUND CAR	ESTÂNCIA		""	COLISÃO	CAMINHÃO E AUTO	1						1			0		""	""	""	""	""	""	""	""	""	""	""	""	""
7599	2018-09-11T00:00:00	10:32:00	SEM VÍTIMA	FINALIZADA	CASA AMARELA	RUA CORREGO DO OURO	352	""	EM FRENTE A PADARIA PAM VICTOR	RUA CORREGO DO OURO	352	EM FRENTE A PADARIA PAM VICTOR	CASA AMARELA		""	COLISÃO	COLISÃO SEM VITIMAS	2									0		""	""	""	""	""	""	""	""	""	""	""	""	""
7600	2018-09-11T00:00:00	10:41:00	SEM VÍTIMA	FINALIZADA	GRAÇAS	AV RUI BARBOSA	""	RUA ABERTO PAIVA	CRUZ COM A RUA ALBERTO PAIVA	AV RUI BARBOSA	""	CRUZ COM A RUA ALBERTO PAIVA	GRAÇAS		""	COLISÃO	COLISÃO SEM VITIMAS	2									0		""	""	""	""	""	""	""	""	""	""	""	""	""
7601	2018-09-11T00:00:00	10:46:00	SEM VÍTIMA	FINALIZADA	AFOGADOS	RUA IMPERIAL	2110	""	EM FRENTE A SECRETARIA DA FAZENDA SENTIDO IMBIRIBEIRA	RUA IMPERIAL	2110	EM FRENTE A SECRETARIA DA FAZENDA SENTIDO IMBIRIBEIRA	AFOGADOS		""	COLISÃO	COLISÃO SEM VITIMAS	1						1			0		""	""	""	""	""	""	""	""	""	""	""	""	""
7602	2018-09-11T00:00:00	11:06:00	SEM VÍTIMA	FINALIZADA	BOA VIAGEM	AV BOA VIAGEM	1174	""	NO PRIMEIRO JARDIM PROX AO RESTAURANTE CAMARAO CAMARADA	AV BOA VIAGEM	1174	NO PRIMEIRO JARDIM PROX AO RESTAURANTE CAMARAO CAMARADA	BOA VIAGEM		""	COLISÃO	COLISAO ENTRE CAMINAHO E AUTO S/V	1						1			0		""	""	""	""	""	""	""	""	""	""	""	""	""
7603	2018-09-11T00:00:00	11:32:00	SEM VÍTIMA	FINALIZADA	MANGUEIRA	""	80	""	EM FRENTE A DROGARIA BONGI E A PADARIA LISBOA	""	80	EM FRENTE A DROGARIA BONGI E A PADARIA LISBOA	MANGUEIRA		""	COLISÃO	COLISÃO SEDM VITIMAS	2									0		""	""	""	""	""	""	""	""	""	""	""	""	""
7604	2018-09-11T00:00:00	11:48:00	SEM VÍTIMA	FINALIZADA	BOA VIAGEM	RUA COSMORAMA	""	""	AO LADO DO COLEGIO MADRE DE DEUS	RUA COSMORAMA	""	AO LADO DO COLEGIO MADRE DE DEUS	BOA VIAGEM		""	COLISÃO	DOIS AUTOS	2									0		""	""	""	""	""	""	""	""	""	""	""	""	""
7605	2018-09-11T00:00:00	12:47:00	SEM VÍTIMA	FINALIZADA	SANTO ANTÔNIO	PRC DA REPUBLICA	""	""	EM FRENTE AO TEATRO SANTA IZABEL	PRC DA REPUBLICA	""	EM FRENTE AO TEATRO SANTA IZABEL	SANTO ANTÔNIO		""	COLISÃO	SEM VITIMAS	2									0		""	""	""	""	""	""	""	""	""	""	""	""	""
7606	2018-09-11T00:00:00	13:03:00	SEM VÍTIMA	FINALIZADA	IBURA	AV JORNALISTA COSTA PORTO	1000 B	""	EM FRENTE AO ARMAZEM LINS	AV JORNALISTA COSTA PORTO	1000 B	EM FRENTE AO ARMAZEM LINS	IBURA		""	COLISÃO	COLISÃO SEM VÍTIMA	1					1				0		""	""	""	""	""	""	""	""	""	""	""	""	""
7607	2018-09-11T00:00:00	13:47:00	SEM VÍTIMA	FINALIZADA	IPSEP	AV RECIFE	""	""	EM FRENTE AO POSTO IPIRANGA SENT/BOA VIAGEM	AV RECIFE	""	EM FRENTE AO POSTO IPIRANGA SENT/BOA VIAGEM	IPSEP		""	COLISÃO	SEM VITIMAS	1						1			0		""	""	""	""	""	""	""	""	""	""	""	""	""
7608	2018-09-11T00:00:00	14:05:00	COM VÍTIMA	FINALIZADA	ESPINHEIRO	RUA CARNEIRO VILELA	""	RUA QUARENTA E OITO	CRUZAMENTO COM A RUA QUARENTA E OITO	RUA CARNEIRO VILELA	""	CRUZAMENTO COM A RUA QUARENTA E OITO	ESPINHEIRO		""	COLISÃO	COM DUAS VITIMAS	1	1								2		""	""	""	""	""	""	""	""	""	""	""	""	""
7609	2018-09-11T00:00:00	14:41:00	COM VÍTIMA	FINALIZADA	BONGI	RUA GOMES TABORDA	1507	""	PROXIMO AO ATACAREJO IDEAL	RUA GOMES TABORDA	1507	PROXIMO AO ATACAREJO IDEAL	BONGI		""	ATROPELAMENTO	ATROPELAMENTO PEDESTRE		1			1					1		""	""	""	""	""	""	""	""	""	""	""	""	""
7610	2018-09-11T00:00:00	14:49:00	SEM VÍTIMA	FINALIZADA	BOA VISTA	RUA DA SOLEDADE	""	""	EM FRENTE AO POSTO DE ATENDIMENTO DO VEM	RUA DA SOLEDADE	""	EM FRENTE AO POSTO DE ATENDIMENTO DO VEM	BOA VISTA		""	COLISÃO	AUTO E MOTO S/V	1	1								0		""	""	""	""	""	""	""	""	""	""	""	""	""
7611	2018-09-11T00:00:00	15:04:00	SEM VÍTIMA	CANCELADA	ESTÂNCIA	RUA MORAIS E SILVA	460A	""	PROX. A ESTAÇAO SANTA LUZIA	RUA MORAIS E SILVA	460A	PROX. A ESTAÇAO SANTA LUZIA	ESTÂNCIA		""	COLISÃO	AUTO E MOTO S/V	1	1								0		""	""	""	""	""	""	""	""	""	""	""	""	""
7612	2018-09-11T00:00:00	16:14:00	SEM VÍTIMA	CANCELADA	BOA VISTA	RUA JOAO FERNANDES VIEIRA	644	""	EM FRENTE AO HOSPITAL DE FRATURAS	RUA JOAO FERNANDES VIEIRA	644	EM FRENTE AO HOSPITAL DE FRATURAS	BOA VISTA		""	COLISÃO	AUTO E MOTO S/V	1	1								0		""	""	""	""	""	""	""	""	""	""	""	""	""
7613	2018-09-11T00:00:00	16:51:00	SEM VÍTIMA	FINALIZADA	BOA VIAGEM	AV BOA VIAGEM	3778	""	COLISÃO ENTRE DOIS AUTOS SEM VÍTIMAS	AV BOA VIAGEM	3778	COLISÃO ENTRE DOIS AUTOS SEM VÍTIMAS	BOA VIAGEM		""	COLISÃO	""										0		""	""	""	""	""	""	""	""	""	""	""	""	""
7614	2018-09-11T00:00:00	18:33:00	SEM VÍTIMA	FINALIZADA	PARNAMIRIM	AV PARNAMIRIM	448	""	NA SAÍDA DA PRAÇA DR LULA CABRAL DE MELO / E/F A LIVRARIA IDEIA FIXA / PROXIMIDADES DA DROGASIL E BANCO SANTANDER	AV PARNAMIRIM	448	NA SAÍDA DA PRAÇA DR LULA CABRAL DE MELO / E/F A LIVRARIA IDEIA FIXA / PROXIMIDADES DA DROGASIL E BANCO SANTANDER	PARNAMIRIM		""	COLISÃO	ENTRE AUTO PASSEIO E CAMINHÃO. S/V	1						1			0		""	""	""	""	""	""	""	""	""	""	""	""	""
7615	2018-09-11T00:00:00	19:57:00	SEM VÍTIMA	FINALIZADA	BOA VISTA	PTE DUARTE COELHO	""	""	PROXIMIDADES DO HOTEL PALACE E CINEMA SÃO LUIZ / POR CIMA DA PTE	PTE DUARTE COELHO	""	PROXIMIDADES DO HOTEL PALACE E CINEMA SÃO LUIZ / POR CIMA DA PTE	BOA VISTA		""	COLISÃO	ENTRE ÔNIBUS E AUTO PASSEIO. S/V	1					1				0		""	""	""	""	""	""	""	""	""	""	""	""	""
7616	2018-09-11T00:00:00	21:26:00	SEM VÍTIMA	FINALIZADA	ESPINHEIRO	RUA DA HORA	797	RUA BUENOS AYRES	PROX AO ENTRE AMIGOS // CRUZANDO COM A RUA BUENOS AYRES	RUA DA HORA	797	PROX AO ENTRE AMIGOS // CRUZANDO COM A RUA BUENOS AYRES	ESPINHEIRO		""	COLISÃO	FOX X AUTO	2									0		""	""	""	""	""	""	""	""	""	""	""	""	""
7617	2018-09-11T00:00:00	22:32:00	SEM VÍTIMA	CANCELADA	CAXANGÁ	AV CAXANGA	""	""	AO LADO DO RESIDENCIAL CAXANGÁ, SNT CAMARAGIBE / E/F A LANCHONETE COXINHA DE BATATA	AV CAXANGA	""	AO LADO DO RESIDENCIAL CAXANGÁ, SNT CAMARAGIBE / E/F A LANCHONETE COXINHA DE BATATA	CAXANGÁ		""	COLISÃO	ENTRE 2 AUTOS. S/V	2									0		""	""	""	""	""	""	""	""	""	""	""	""	""
7618	2018-09-11T00:00:00	22:38:00	COM VÍTIMA	FINALIZADA	ILHA DO RETIRO	RUA TABAIARES	403	""	ENFR AO GINASIO MARCELINO LOPES (CLUBE DO SPORT) // BEIRANDO O CANAL	RUA TABAIARES	403	ENFR AO GINASIO MARCELINO LOPES (CLUBE DO SPORT) // BEIRANDO O CANAL	ILHA DO RETIRO		""	COLISÃO	MOTO E AMBULANCIA		1					1			1		""	""	""	""	""	""	""	""	""	""	""	""	""
7619	2018-09-12T00:00:00	07:32:00	SEM VÍTIMA	FINALIZADA	BOA VIAGEM	RUA JOAO CARDOSO AIRES	647	""	EM FRENTE AO COLEGIO MADRE DE DEUS	RUA JOAO CARDOSO AIRES	647	EM FRENTE AO COLEGIO MADRE DE DEUS	BOA VIAGEM		""	COLISÃO	DOIS AUTOS	2									0		""	""	""	""	""	""	""	""	""	""	""	""	""
7620	2018-09-12T00:00:00	07:34:00	SEM VÍTIMA	CANCELADA	CAMPO GRANDE	EST DE BELEM	580	""	PROX. A EDITORA FABRICA DE IDEIAS	EST DE BELEM	580	PROX. A EDITORA FABRICA DE IDEIAS	CAMPO GRANDE		""	COLISÃO	AUTO E MOTO	1	1								0		""	""	""	""	""	""	""	""	""	""	""	""	""
7621	2018-09-12T00:00:00	07:35:00	COM VÍTIMA	CANCELADA	BEBERIBE	AV BEBERIBE	2009	""	PROXIMO A IGREJA BATISTA EM AGUA FRIA E A LOJA MAGAZINE LUIZA	AV BEBERIBE	2009	PROXIMO A IGREJA BATISTA EM AGUA FRIA E A LOJA MAGAZINE LUIZA	BEBERIBE		""	COLISÃO	AUTO E MOTO.	1	1								1		""	""	""	""	""	""	""	""	""	""	""	""	""
7622	2018-09-12T00:00:00	07:38:00	SEM VÍTIMA	CANCELADA	BONGI	RUA ISAAC MARKMAN	""	""	EM FRENTE A SECRETARIA DA SAUDE	RUA ISAAC MARKMAN	""	EM FRENTE A SECRETARIA DA SAUDE	BONGI		""	COLISÃO	DOIS AUTOS	2									0		""	""	""	""	""	""	""	""	""	""	""	""	""
7623	2018-09-12T00:00:00	07:51:00	COM VÍTIMA	FINALIZADA	VÁRZEA	AV CAXANGA	""	""	APOS O CAXANGÁ GOLF CLUBE (CENTIDO CAMARAGIBE)	AV CAXANGA	""	APOS O CAXANGÁ GOLF CLUBE (CENTIDO CAMARAGIBE)	VÁRZEA		""	COLISÃO	AUTO E MOTO - SENTIDO SUBÚRBIO	1	1								1		""	""	""	""	""	""	""	""	""	""	""	""	""
7624	2018-09-12T00:00:00	09:01:00	SEM VÍTIMA	FINALIZADA	DERBY	AV GOVERNADOR AGAMENON MAGALHAES	""	""	NO SEMAFORO 069 E/F AO HOSPITAL PORTUGUES S/T OLINDA	AV GOVERNADOR AGAMENON MAGALHAES	""	NO SEMAFORO 069 E/F AO HOSPITAL PORTUGUES S/T OLINDA	DERBY		""	COLISÃO	COLISAO ENTRE DOIS AUTOS S/V GM NO LOCAL	2									0		""	""	""	""	""	""	""	""	""	""	""	""	""
7625	2018-09-12T00:00:00	09:07:00	SEM VÍTIMA	FINALIZADA	BOMBA DO HEMETÉRIO	RUA PADRE OLIVEIRA	609	""	NA FEIRA FEIRA DA RODINHA NO GIRADOURO E/F A PADARIA SAO BARLOMEU	RUA PADRE OLIVEIRA	609	NA FEIRA FEIRA DA RODINHA NO GIRADOURO E/F A PADARIA SAO BARLOMEU	BOMBA DO HEMETÉRIO		""	COLISÃO	COLISAO ENTRE ONIBUS E TAXI S/V	1					1				0		""	""	""	""	""	""	""	""	""	""	""	""	""
7626	2018-09-12T00:00:00	09:14:00	COM VÍTIMA	FINALIZADA	BOA VISTA	AV CONDE DA BOA VISTA	""	""	E/F A LOJA CATAN, SENTIDO AV. GUARARAPES. SEMÁFORO 023	AV CONDE DA BOA VISTA	""	E/F A LOJA CATAN, SENTIDO AV. GUARARAPES. SEMÁFORO 023	BOA VISTA		""	COLISÃO	COM UMA VÍTIMA SENDO ATENDIDA PELO SAMU NO LOCAL.	1	1								1		""	""	""	""	""	""	""	""	""	""	""	""	""
7627	2018-09-12T00:00:00	09:30:00	SEM VÍTIMA	FINALIZADA	PINA	RUA CONSUL JOSEPH NOUJAIM	146	""	NA ENTRADA DO SHOPPING RIOMAR	RUA CONSUL JOSEPH NOUJAIM	146	NA ENTRADA DO SHOPPING RIOMAR	PINA		""	COLISÃO	COLISAO ENTRE DOIS AUTOS S/V	2									0		""	""	""	""	""	""	""	""	""	""	""	""	""
7628	2018-09-12T00:00:00	09:32:00	SEM VÍTIMA	FINALIZADA	ARRUDA	AV BEBERIBE	1359	""	EM FRENTE A FARMA ROCHA	AV BEBERIBE	1359	EM FRENTE A FARMA ROCHA	ARRUDA		""	COLISÃO	MOTO E AUTO VT- 05 NO LOCAL	1	1								0		""	""	""	""	""	""	""	""	""	""	""	""	""
7629	2018-09-12T00:00:00	09:45:00	SEM VÍTIMA	CANCELADA	ENCRUZILHADA	AV NORTE	2283	""	E/F AO BANCO DO BRASIL	AV NORTE	2283	E/F AO BANCO DO BRASIL	ENCRUZILHADA		""	COLISÃO	COLISAO ENTRE DOIS AUTOS S/V	2									0		""	""	""	""	""	""	""	""	""	""	""	""	""
7630	2018-09-12T00:00:00	10:05:00	COM VÍTIMA	FINALIZADA	IMBIRIBEIRA	RUA ITAJAI	""	RUA ITACARI	COM RUA ITACARI	RUA ITAJAI	""	COM RUA ITACARI	IMBIRIBEIRA		""	COLISÃO	COLISAO ENTRE AUTO E MOTO COM UMA VITIMA BATEDOR NO LOCAL	1	1								1		""	""	""	""	""	""	""	""	""	""	""	""	""
7631	2018-09-12T00:00:00	10:22:00	SEM VÍTIMA	FINALIZADA	BOA VIAGEM	AV ENGENHEIRO DOMINGOS FERREIRA	2600	""	APOS O SEMAFORO 550 AO LADO DA FARMACIA INDEPENDENTE	AV ENGENHEIRO DOMINGOS FERREIRA	2600	APOS O SEMAFORO 550 AO LADO DA FARMACIA INDEPENDENTE	BOA VIAGEM		""	COLISÃO	""	3									0		""	""	""	""	""	""	""	""	""	""	""	""	""
7632	2018-09-12T00:00:00	11:16:00	SEM VÍTIMA	FINALIZADA	APIPUCOS	RUA CAETES	887	""	RUA CRECHE NS DAS DORES	RUA CAETES	887	RUA CRECHE NS DAS DORES	APIPUCOS		""	COLISÃO	DOIS AUTOS	2									0		""	""	""	""	""	""	""	""	""	""	""	""	""
7633	2018-09-12T00:00:00	11:29:00	SEM VÍTIMA	FINALIZADA	PORTO DA MADEIRA	RUA MARAJO	78	""	PROX A PIZZARIA HUT	RUA MARAJO	78	PROX A PIZZARIA HUT	PORTO DA MADEIRA		""	CHOQUE	CAMINHAO CHOCOU COM UM MURO DE UMA RESIDENCIA							1			0		""	""	""	""	""	""	""	""	""	""	""	""	""
7634	2018-09-12T00:00:00	12:06:00	SEM VÍTIMA	FINALIZADA	SÃO JOSÉ	AV SUL	""	""	EM BAIXO DO VIADUTO CAPITÃO TEMUDO/ SENTIDO CIDADE	AV SUL	""	EM BAIXO DO VIADUTO CAPITÃO TEMUDO/ SENTIDO CIDADE	SÃO JOSÉ		""	COLISÃO	COLISÃO SEM VÍTIMA	2									0		""	""	""	""	""	""	""	""	""	""	""	""	""
7635	2018-09-12T00:00:00	12:07:00	SEM VÍTIMA	FINALIZADA	DERBY	RUA HENRIQUE DIAS	609	""	EM FRENTE A FUNDAÇÃO JOAQUIM NABUCO	RUA HENRIQUE DIAS	609	EM FRENTE A FUNDAÇÃO JOAQUIM NABUCO	DERBY		""	ENGAVETAMENTO	SEM VITIMAS/GM PONTO FIXO,NO LOCAL	4									0		""	""	""	""	""	""	""	""	""	""	""	""	""
7636	2018-09-12T00:00:00	12:39:00	COM VÍTIMA	FINALIZADA	IMBIRIBEIRA	AV MARECHAL MASCARENHAS DE MORAES	""	""	NA ALÇA QUE DAR NO AEROPORTO	AV MARECHAL MASCARENHAS DE MORAES	""	NA ALÇA QUE DAR NO AEROPORTO	IMBIRIBEIRA		""	COLISÃO COM CICLISTA	O VEÍCULO SE EVADIU E NÃO CONSEGUIRAM PEGAR A PLACA DO AUTOMÓVEL. O ESTADO DO CICLISTA: POSSÍVEL FRATURA DOS MEMBROS INFERIORES.- SAMU E BOMBEIROS ACIONADOS	1			1						1		""	""	""	""	""	""	""	""	""	""	""	""	""
7637	2018-09-12T00:00:00	12:41:00	SEM VÍTIMA	FINALIZADA	BOA VIAGEM	RUA ANTONIO FALCAO	1013	""	EM FRENTE AO EDIFICIO MARIA EMILIA	RUA ANTONIO FALCAO	1013	EM FRENTE AO EDIFICIO MARIA EMILIA	BOA VIAGEM		""	COLISÃO	COLISÃO SEM VÍTIMA	2									0		""	""	""	""	""	""	""	""	""	""	""	""	""
7638	2018-09-12T00:00:00	12:41:00	SEM VÍTIMA	FINALIZADA	MADALENA	RUA BENFICA	326	""	EM FRENTE AO COLEGIO GGE	RUA BENFICA	326	EM FRENTE AO COLEGIO GGE	MADALENA		""	COLISÃO	SEM VITIMAS	2									0		""	""	""	""	""	""	""	""	""	""	""	""	""
7639	2018-09-12T00:00:00	12:59:00	SEM VÍTIMA	FINALIZADA	MADALENA	AV BEIRA RIO	""	""	NO SEMÁFORO 387	AV BEIRA RIO	""	NO SEMÁFORO 387	MADALENA		""	COLISÃO	COLISÃO SEM VÍTIMA	1								1	0		""	""	""	""	""	""	""	""	""	""	""	""	""
7640	2018-09-12T00:00:00	13:01:00	SEM VÍTIMA	FINALIZADA	TORRÕES	AV ENGENHEIRO ABDIAS DE CARVALHO	""	""	EM FRENTE A PRAÇA DA CHESF	AV ENGENHEIRO ABDIAS DE CARVALHO	""	EM FRENTE A PRAÇA DA CHESF	TORRÕES		""	COLISÃO	AUTO E CAMINHAO	1						1			0		""	""	""	""	""	""	""	""	""	""	""	""	""
7641	2018-09-12T00:00:00	14:03:00	SEM VÍTIMA	FINALIZADA	ESPINHEIRO	RUA MARQUES DO PARANA	214	RUA ALFREDO DE CARVALHO	CRUZAMENTONTO COM A RUA ALFREDO DE CARVALHO/EM FRENTE AO MARTELINHO DE OURO.	RUA MARQUES DO PARANA	214	CRUZAMENTONTO COM A RUA ALFREDO DE CARVALHO/EM FRENTE AO MARTELINHO DE OURO.	ESPINHEIRO		""	COLISÃO	SEM VITIMAS	2									0		""	""	""	""	""	""	""	""	""	""	""	""	""
7642	2018-09-12T00:00:00	14:04:00	SEM VÍTIMA	FINALIZADA	SANTO AMARO	AV GOVERNADOR AGAMENON MAGALHAES	""	""	EM FRENTE AO MINISTERIO DO TRABALHO/ SENTIDO BOA VIAGEM	AV GOVERNADOR AGAMENON MAGALHAES	""	EM FRENTE AO MINISTERIO DO TRABALHO/ SENTIDO BOA VIAGEM	SANTO AMARO		""	COLISÃO	COLISÃO SEM VÍTIMA	1						1			0		""	""	""	""	""	""	""	""	""	""	""	""	""
7643	2018-09-12T00:00:00	14:16:00	SEM VÍTIMA	FINALIZADA	TORRE	RUA FLORIANO FRANCISCO DE OLIVEIRA	""	""	AO LADO DO GALLETO´S DELIVERY/ POR TRÁS DO ATACADO DOS PRESENTES	RUA FLORIANO FRANCISCO DE OLIVEIRA	""	AO LADO DO GALLETO´S DELIVERY/ POR TRÁS DO ATACADO DOS PRESENTES	TORRE		""	COLISÃO COM CICLISTA	COLISÃO SEM VÍTIMA	1			2						0		""	""	""	""	""	""	""	""	""	""	""	""	""
7644	2018-09-12T00:00:00	14:48:00	SEM VÍTIMA	FINALIZADA	ALTO JOSÉ BONIFÁCIO	RUA ALTO JOSE BONIFACIO	818	""	EM FRENTE AO COLEGIO ESTADUAL CAIO PEREIRA	RUA ALTO JOSE BONIFACIO	818	EM FRENTE AO COLEGIO ESTADUAL CAIO PEREIRA	ALTO JOSÉ BONIFÁCIO		""	COLISÃO	SEM VITIMAS	1					1				0		""	""	""	""	""	""	""	""	""	""	""	""	""
7645	2018-09-12T00:00:00	15:39:00	SEM VÍTIMA	FINALIZADA	CAXANGÁ	AV CAXANGA	""	""	EM FRENTE AO POSTO BR, SEMAFORO 533, SENTIDO CAMARAGIBE	AV CAXANGA	""	EM FRENTE AO POSTO BR, SEMAFORO 533, SENTIDO CAMARAGIBE	CAXANGÁ		""	COLISÃO	DOIS AUTOS S/V	2									0		""	""	""	""	""	""	""	""	""	""	""	""	""
7646	2018-09-12T00:00:00	16:22:00	SEM VÍTIMA	FINALIZADA	COELHOS	RUA PADRE VENANCIO	77	""	EM FRENTE AO IMIP	RUA PADRE VENANCIO	77	EM FRENTE AO IMIP	COELHOS		""	COLISÃO	COLISÃO SEM VÍTIMA	1					2				0		""	""	""	""	""	""	""	""	""	""	""	""	""
7647	2018-09-12T00:00:00	16:47:00	COM VÍTIMA	FINALIZADA	CIDADE UNIVERSITÁRIA	AV PROFESSOR LUIZ FREIRE	1000	""	EM FRENTE AO DEPARTAMENTO DE ENERGIA NUCLEAR,E AO LADO DO IPEM	AV PROFESSOR LUIZ FREIRE	1000	EM FRENTE AO DEPARTAMENTO DE ENERGIA NUCLEAR,E AO LADO DO IPEM	CIDADE UNIVERSITÁRIA		""	COLISÃO	COM UMA VITIMA AGUARDANDO SAMU	1	1								1		""	""	""	""	""	""	""	""	""	""	""	""	""
7648	2018-09-12T00:00:00	17:56:00	SEM VÍTIMA	FINALIZADA	AREIAS	AV DR JOSE RUFINO	""	""	E/F AO ARMAZÉM CORAL / POR BAIXO DO VIADUTO, SNT AFOGADOS	AV DR JOSE RUFINO	""	E/F AO ARMAZÉM CORAL / POR BAIXO DO VIADUTO, SNT AFOGADOS	AREIAS		""	COLISÃO	ENTRE 2 AUTOS. S/V	2									0		""	""	""	""	""	""	""	""	""	""	""	""	""
7649	2018-09-12T00:00:00	18:02:00	SEM VÍTIMA	FINALIZADA	CASA AMARELA	AV NORTE	5956	""	E/F AOS IRMÃOS FERRAGENS, SNT MACAXEIRA / PRÓX A ESCOLA PROF DOM BOSCO	AV NORTE	5956	E/F AOS IRMÃOS FERRAGENS, SNT MACAXEIRA / PRÓX A ESCOLA PROF DOM BOSCO	CASA AMARELA		""	COLISÃO	ENTRE CAMINHÃO E AUTO. S/V	1						1			0		""	""	""	""	""	""	""	""	""	""	""	""	""
7650	2018-09-12T00:00:00	18:27:00	SEM VÍTIMA	FINALIZADA	GRAÇAS	AV CONS ROSA E SILVA	""	AV SANTOS DUMONT	CRUZ COM A AV. SANTOS DUMONT - SEMÁFORO 047	AV CONS ROSA E SILVA	""	CRUZ COM A AV. SANTOS DUMONT - SEMÁFORO 047	GRAÇAS		""	COLISÃO	ENTRE TÁXI E ÔNIBUS S/V	1					1				0		""	""	""	""	""	""	""	""	""	""	""	""	""
7651	2018-09-12T00:00:00	18:39:00	SEM VÍTIMA	FINALIZADA	DERBY	RUA JOAQUIM NABUCO	""	""	AO LADO DO HOSPITAL DA RESTAURAÇÃO / CRUZANDO A AV AGAMENON MAG	RUA JOAQUIM NABUCO	""	AO LADO DO HOSPITAL DA RESTAURAÇÃO / CRUZANDO A AV AGAMENON MAG	DERBY		""	COLISÃO	ENTRE CAMINHÃO E AUTO. S/V	1						1			0		""	""	""	""	""	""	""	""	""	""	""	""	""
7652	2018-09-12T00:00:00	18:56:00	SEM VÍTIMA	CANCELADA	BOA VIAGEM	RUA COSMORAMA	""	RUA BALTAZAR PASSOS	CRUZAMENTO COM A RUA BALTAZAR PASSOS // POSTO COSMORAMA	RUA COSMORAMA	""	CRUZAMENTO COM A RUA BALTAZAR PASSOS // POSTO COSMORAMA	BOA VIAGEM		""	COLISÃO	CELTA X MOTO	1	1								0		""	""	""	""	""	""	""	""	""	""	""	""	""
7653	2018-09-12T00:00:00	19:42:00	SEM VÍTIMA	FINALIZADA	IPSEP	AV RECIFE	""	RUA RAIMUNDO DINIZ	SEMAFORO 247 CRUZAMENTO COM A RUA RAIMUNDO DINIZ	AV RECIFE	""	SEMAFORO 247 CRUZAMENTO COM A RUA RAIMUNDO DINIZ	IPSEP		""	ENGAVETAMENTO	TRES AUTOS	3									0		""	""	""	""	""	""	""	""	""	""	""	""	""
7654	2018-09-12T00:00:00	19:59:00	SEM VÍTIMA	CANCELADA	PINA	RUA AMAZONAS	154	RUA TOME GIBSON	CRUZAMENTO COM A RUA TOME GIBSON // ENF AO EDF. ENCANTA MOÇA	RUA AMAZONAS	154	CRUZAMENTO COM A RUA TOME GIBSON // ENF AO EDF. ENCANTA MOÇA	PINA		""	COLISÃO	HONDA CIVIC X MOTO	1	1								0		""	""	""	""	""	""	""	""	""	""	""	""	""
7655	2018-09-12T00:00:00	20:08:00	SEM VÍTIMA	FINALIZADA	TEJIPIÓ	AV DR JOSE RUFINO	2642	""	PROX A ENTRADA DA BR // ANTES DA PONTE SENTIDO TEJIPIO BARRO	AV DR JOSE RUFINO	2642	PROX A ENTRADA DA BR // ANTES DA PONTE SENTIDO TEJIPIO BARRO	TEJIPIÓ		""	COLISÃO	DOIS AUTOS OBS::: VEICULOS COLIDIU EM UMA TENTATIVA DE ASALTO VT DA PM NO LOCAL	2									0		""	""	""	""	""	""	""	""	""	""	""	""	""