_id	DATA	hora	natureza_acidente	situacao	bairro	endereco	numero	detalhe_endereco_acidente	complemento	endereco_cruzamento	numero_cruzamento	referencia_cruzamento	bairro_cruzamento	num_semaforo	sentido_via	tipo	descricao	auto	moto	ciclom	ciclista	pedestre	onibus	caminhao	viatura	outros	vitimas	vitimasfatais	acidente_verificado	tempo_clima	situacao_semaforo	sinalizacao	condicao_via	conservacao_via	ponto_controle	situacao_placa	velocidade_max_via	mao_direcao	divisao_via1	divisao_via2	divisao_via3
7656	2018-09-12T00:00:00	20:21:00	SEM VÍTIMA	FINALIZADA	IPSEP	AV RECIFE	""	""	ENF A PIZZARIA ATLANTICO E FARMACIA PAGUE MENOS SENTIDO BOA VIAGEM	AV RECIFE	""	ENF A PIZZARIA ATLANTICO E FARMACIA PAGUE MENOS SENTIDO BOA VIAGEM	IPSEP		""	ENGAVETAMENTO	TRES AUTOS	3									0		""	""	""	""	""	""	""	""	""	""	""	""	""
7657	2018-09-12T00:00:00	22:53:00	COM VÍTIMA	CANCELADA	IBURA	AV SERRA DA MANTIQUEIRA	""	""	POR CIMA DA LADEIRA MONTE VERDE / E/F GRANJA FRANGO BRILHANTE	AV SERRA DA MANTIQUEIRA	""	POR CIMA DA LADEIRA MONTE VERDE / E/F GRANJA FRANGO BRILHANTE	IBURA		""	COLISÃO	ENTRE MOTO E AUTO. C/V	1	1								1		""	""	""	""	""	""	""	""	""	""	""	""	""
7658	2018-09-12T00:00:00	22:56:00	SEM VÍTIMA	FINALIZADA	CABANGA	RUA BITURI	""	""	ENF A COMPESA PROX A UMA REFORMA NA VIA	RUA BITURI	""	ENF A COMPESA PROX A UMA REFORMA NA VIA	CABANGA		""	CHOQUE	VT DA PM X FERRO DE PROTEÇAO DE CALÇADA								1		0		""	""	""	""	""	""	""	""	""	""	""	""	""
7659	2018-09-13T00:00:00	06:40:00	SEM VÍTIMA	FINALIZADA	AFOGADOS	LARGO DA PAZ	""	""	EM FRENTE A LOJA NARCISO E AO BANCO ITAU	LARGO DA PAZ	""	EM FRENTE A LOJA NARCISO E AO BANCO ITAU	AFOGADOS		""	COLISÃO	COLISÃO SEM VITIMAS	1					1				0		""	""	""	""	""	""	""	""	""	""	""	""	""
7660	2018-09-13T00:00:00	08:05:00	SEM VÍTIMA	FINALIZADA	BOA VIAGEM	AV BOA VIAGEM	3312	""	EM FRENTE AO EDF MICHELANGELO	AV BOA VIAGEM	3312	EM FRENTE AO EDF MICHELANGELO	BOA VIAGEM		""	COLISÃO	AUTO E CAMINHAO	2									0		""	""	""	""	""	""	""	""	""	""	""	""	""
7661	2018-09-13T00:00:00	08:16:00	SEM VÍTIMA	FINALIZADA	BOA VIAGEM	RUA VISCONDE DE JEQUITINHONHA	1874	""	ANTES DO PARQU DONA LINDU	RUA VISCONDE DE JEQUITINHONHA	1874	ANTES DO PARQU DONA LINDU	BOA VIAGEM		""	CHOQUE	VEICULO SE CHOCOU COM UMA ARVORE S/V	1									0		""	""	""	""	""	""	""	""	""	""	""	""	""
7662	2018-09-13T00:00:00	08:22:00	COM VÍTIMA	FINALIZADA	VASCO DA GAMA	AV VEREADOR OTACILIO AZEVEDO	3333	""	SERRALHARIA JC - AQUI TEM	AV VEREADOR OTACILIO AZEVEDO	3333	SERRALHARIA JC - AQUI TEM	VASCO DA GAMA		""	ATROPELAMENTO	COLISÃO ENVOLVENDO MOTOCICLETA E PEDESTRE		1			1					1		""	""	""	""	""	""	""	""	""	""	""	""	""
7663	2018-09-13T00:00:00	08:28:00	COM VÍTIMA	CANCELADA	CASA AMARELA	EST DO ARRAIAL	3140	RUA FERREIRA LOPES	ESQUINA COM RUA FERREIRA LOPES, PROX. AO SITIO DA TRINDADE	EST DO ARRAIAL	3140	ESQUINA COM RUA FERREIRA LOPES, PROX. AO SITIO DA TRINDADE	CASA AMARELA		""	COLISÃO COM CICLISTA	AUTO E CICLISTA	1			1						1		""	""	""	""	""	""	""	""	""	""	""	""	""
7664	2018-09-13T00:00:00	08:29:00	COM VÍTIMA	FINALIZADA	IPSEP	AV RECIFE	""	AV DOM HELDER CAMARA	COM DOM HÉLDER CÂMARA, EM FRENTE À CASA DAS BATERIAS.	AV RECIFE	""	COM DOM HÉLDER CÂMARA, EM FRENTE À CASA DAS BATERIAS.	IPSEP		""	COLISÃO	COLISÃO COM VÍTIMA, ENVOLVENDO 2 MOTOCICLETAS- SENDO UMA VIATURA DA CTTU.		2								1		""	""	""	""	""	""	""	""	""	""	""	""	""
7665	2018-09-13T00:00:00	08:34:00	SEM VÍTIMA	FINALIZADA	ESPINHEIRO	RUA DR VICENTE MEIRA	28	""	PROX. AO IOR	RUA DR VICENTE MEIRA	28	PROX. AO IOR	ESPINHEIRO		""	COLISÃO	DOIS AUTOS S/V	2									0		""	""	""	""	""	""	""	""	""	""	""	""	""
7666	2018-09-13T00:00:00	08:48:00	SEM VÍTIMA	FINALIZADA	ESPINHEIRO	RUA DO ESPINHEIRO	334	""	E/F A ACADEMIA VIKINGS. NO LADO DIREITO DA VIA, SEMÁFORO 195	RUA DO ESPINHEIRO	334	E/F A ACADEMIA VIKINGS. NO LADO DIREITO DA VIA, SEMÁFORO 195	ESPINHEIRO		""	COLISÃO	SEM VÍTIMAS	1					1				0		""	""	""	""	""	""	""	""	""	""	""	""	""
7667	2018-09-13T00:00:00	09:03:00	SEM VÍTIMA	FINALIZADA	CASA AMARELA	RUA SEBASTIAO ALVES	144	""	E/F A ACADEMIA OK AGYM	RUA SEBASTIAO ALVES	144	E/F A ACADEMIA OK AGYM	CASA AMARELA		""	COLISÃO	SEM VÍTIMAS	2									0		""	""	""	""	""	""	""	""	""	""	""	""	""
7668	2018-09-13T00:00:00	09:28:00	SEM VÍTIMA	CANCELADA	IMBIRIBEIRA	RUA CORONEL FABRICIANO	1	""	RUA AO LADO DO ATACADO DOS PRESENTES / E/F COM A LINHA DO TREM	RUA CORONEL FABRICIANO	1	RUA AO LADO DO ATACADO DOS PRESENTES / E/F COM A LINHA DO TREM	IMBIRIBEIRA		""	COLISÃO	CARRETA E AUTO PASSEIO	1						1			0		""	""	""	""	""	""	""	""	""	""	""	""	""
7669	2018-09-13T00:00:00	09:28:00	SEM VÍTIMA	FINALIZADA	IPSEP	AV RECIFE	""	""	AO LADO DO POSTO SHELL, SENTIDO BR, SEMAFORO 055	AV RECIFE	""	AO LADO DO POSTO SHELL, SENTIDO BR, SEMAFORO 055	IPSEP		""	COLISÃO	DOIS AUTOS S/V	2									0		""	""	""	""	""	""	""	""	""	""	""	""	""
7670	2018-09-13T00:00:00	10:11:00	SEM VÍTIMA	FINALIZADA	BOA VIAGEM	AV BOA VIAGEM	3906	""	C/ RUA RIBEIRO DE BRITO	AV BOA VIAGEM	3906	C/ RUA RIBEIRO DE BRITO	BOA VIAGEM		""	COLISÃO	COLISÃO ENTRE DOIS AUTOS E UMA MOTOCICLETA SEM VÍTIMAS	2	1								0		""	""	""	""	""	""	""	""	""	""	""	""	""
7671	2018-09-13T00:00:00	11:12:00	SEM VÍTIMA	FINALIZADA	SANTO AMARO	AV NORTE	""	""	SEMAFORO 097 / SENT SUB	AV NORTE	""	SEMAFORO 097 / SENT SUB	SANTO AMARO		""	COLISÃO	DOIS AUTOS // PONTO FIXO DUVALE NO QTH	2									0		""	""	""	""	""	""	""	""	""	""	""	""	""
7672	2018-09-13T00:00:00	11:21:00	SEM VÍTIMA	FINALIZADA	CAMPO GRANDE	1TR MARQUES DE BAIPENDI	364	""	E/F A UNIÃO BEBIDAS	1TR MARQUES DE BAIPENDI	364	E/F A UNIÃO BEBIDAS	CAMPO GRANDE		""	COLISÃO	SEM VÍTIMAS	1					1				0		""	""	""	""	""	""	""	""	""	""	""	""	""
7673	2018-09-13T00:00:00	11:47:00	SEM VÍTIMA	FINALIZADA	BOA VIAGEM	AV ENGENHEIRO DOMINGOS FERREIRA	107	RUA BRUNO VELOSO	CRUZAMENTO COM A RUA BRUNO VELOSO SENTIDO BOA VIAGEM // ENF AO LAÇA BURGUE	AV ENGENHEIRO DOMINGOS FERREIRA	107	CRUZAMENTO COM A RUA BRUNO VELOSO SENTIDO BOA VIAGEM // ENF AO LAÇA BURGUE	BOA VIAGEM		""	COLISÃO	4 AUTOS	4									0		""	""	""	""	""	""	""	""	""	""	""	""	""
7674	2018-09-13T00:00:00	13:02:00	SEM VÍTIMA	FINALIZADA	BARRO	AV DR JOSE RUFINO	2916	""	E/F AO COLEGIO ALBERTO TORRES	AV DR JOSE RUFINO	2916	E/F AO COLEGIO ALBERTO TORRES	BARRO		""	COLISÃO	COLISAO ENTRE ONIBUS E AUTO S/V	1					1				0		""	""	""	""	""	""	""	""	""	""	""	""	""
7675	2018-09-13T00:00:00	13:20:00	SEM VÍTIMA	FINALIZADA	CAXANGÁ	AV CAXANGA	1018	""	ENF A LOCALIZA SENTIDO CAMARAGIBE	AV CAXANGA	1018	ENF A LOCALIZA SENTIDO CAMARAGIBE	CAXANGÁ		""	COLISÃO	DOIS AUTOS OBS::: VT 17 DA CTTU ESTA NO LOCAL	2									0		""	""	""	""	""	""	""	""	""	""	""	""	""
7676	2018-09-13T00:00:00	13:32:00	SEM VÍTIMA	FINALIZADA	SAN MARTIN	AV GENERAL SAN MARTIN	""	""	E/F AOS CORREIOS	AV GENERAL SAN MARTIN	""	E/F AOS CORREIOS	SAN MARTIN		""	COLISÃO	COLISAO ENTRE TRES AUTOS S/V	3									0		""	""	""	""	""	""	""	""	""	""	""	""	""
7677	2018-09-13T00:00:00	13:44:00	COM VÍTIMA	FINALIZADA	ILHA DO RETIRO	RUA BENFICA	""	""	NA SAIDA DO TUNEL CHICO SCIENCE	RUA BENFICA	""	NA SAIDA DO TUNEL CHICO SCIENCE	ILHA DO RETIRO		""	COLISÃO	CARRO OFICIAL DO TRIBUNAL DE JUSTIÇA E UMA MOTO, C/V	1	1								1		""	""	""	""	""	""	""	""	""	""	""	""	""
7678	2018-09-13T00:00:00	13:52:00	SEM VÍTIMA	CANCELADA	BOA VIAGEM	AV FERNANDO SIMOES BARBOSA	316	""	EM FRENTE AO EXTRABOM	AV FERNANDO SIMOES BARBOSA	316	EM FRENTE AO EXTRABOM	BOA VIAGEM		""	COLISÃO	DOIS AUTOS S/V	2									0		""	""	""	""	""	""	""	""	""	""	""	""	""
7679	2018-09-13T00:00:00	14:14:00	SEM VÍTIMA	FINALIZADA	MUSTARDINHA	RUA VINTE E UM DE ABRIL	1626	""	ENF A MT MOTOS // PROX A RUA FRUTUOSO DE BARROS	RUA VINTE E UM DE ABRIL	1626	ENF A MT MOTOS // PROX A RUA FRUTUOSO DE BARROS	MUSTARDINHA		""	COLISÃO	DOIS AUTO	2									0		""	""	""	""	""	""	""	""	""	""	""	""	""
7680	2018-09-13T00:00:00	14:33:00	SEM VÍTIMA	CANCELADA	BOA VIAGEM	RUA WALDEMAR NERY CARNEIRO MONTEIRO	76	""	ENF A ESCOLA CRISTAO DO RECIFE // PROX A RUA CONFRATERNIZAÇAO	RUA WALDEMAR NERY CARNEIRO MONTEIRO	76	ENF A ESCOLA CRISTAO DO RECIFE // PROX A RUA CONFRATERNIZAÇAO	BOA VIAGEM		""	COLISÃO	CAMINHAO BAU X AUTO	1						1			0		""	""	""	""	""	""	""	""	""	""	""	""	""
7681	2018-09-13T00:00:00	15:43:00	SEM VÍTIMA	FINALIZADA	ESTÂNCIA	AV DR JOSE RUFINO	2027	""	E/F AO POSTO PETROISA	AV DR JOSE RUFINO	2027	E/F AO POSTO PETROISA	ESTÂNCIA		""	COLISÃO	COLISAO ENTRE DOIS AUTOS S/V	2									0		""	""	""	""	""	""	""	""	""	""	""	""	""
7682	2018-09-13T00:00:00	15:58:00	SEM VÍTIMA	FINALIZADA	BOA VIAGEM	RUA BELMONTE	116	RUA JOSE DOMINGUES DA SILVA	CRUZAMENTO COM RUA JOSE DOMINGUES DA SILVA	RUA BELMONTE	116	CRUZAMENTO COM RUA JOSE DOMINGUES DA SILVA	BOA VIAGEM		""	COLISÃO	DUAS MOTOS S/V		2								0		""	""	""	""	""	""	""	""	""	""	""	""	""
7683	2018-09-13T00:00:00	15:59:00	SEM VÍTIMA	FINALIZADA	IPSEP	AV RECIFE	""	""	SEMAFORO 016 / ENTRADA DO IBURA	AV RECIFE	""	SEMAFORO 016 / ENTRADA DO IBURA	IPSEP		""	COLISÃO	DOIS AUTOS S/V	2									0		""	""	""	""	""	""	""	""	""	""	""	""	""
7684	2018-09-13T00:00:00	16:40:00	SEM VÍTIMA	FINALIZADA	PARNAMIRIM	RUA DES GOIS CAVALCANTE	68	""	E/F A GALERIA VIA ROMA	RUA DES GOIS CAVALCANTE	68	E/F A GALERIA VIA ROMA	PARNAMIRIM		""	COLISÃO	COLISAO ENTRE DOIS AUTS S/V	2									0		""	""	""	""	""	""	""	""	""	""	""	""	""
7685	2018-09-13T00:00:00	16:41:00	COM VÍTIMA	FINALIZADA	SANTO AMARO	AV CRUZ CABUGA	""	RUA PEDRO AFONSO	CRUZAMENTO COM A RUA PEDRO AFONSO // NA RUA QUE DA ACESSO AO IML	AV CRUZ CABUGA	""	CRUZAMENTO COM A RUA PEDRO AFONSO // NA RUA QUE DA ACESSO AO IML	SANTO AMARO		""	COLISÃO	VT DA CIVIL X CARROÇA								1	1	1		""	""	""	""	""	""	""	""	""	""	""	""	""
7686	2018-09-13T00:00:00	16:53:00	SEM VÍTIMA	FINALIZADA	TORRE	RUA VERMELHA	5	""	NO GIRADOURO DO ATACADO DOS PRESENTES E/F AO ABSOLUT CABELEIREIROS	RUA VERMELHA	5	NO GIRADOURO DO ATACADO DOS PRESENTES E/F AO ABSOLUT CABELEIREIROS	TORRE		""	COLISÃO	COLISAO ENTRE DOIS AUTOS S/V	2									0		""	""	""	""	""	""	""	""	""	""	""	""	""
7687	2018-09-13T00:00:00	17:11:00	SEM VÍTIMA	FINALIZADA	VÁRZEA	AV AFONSO OLINDENSE	409	""	APOS O COLISEU, SENTIDO CAXANGA	AV AFONSO OLINDENSE	409	APOS O COLISEU, SENTIDO CAXANGA	VÁRZEA		""	COLISÃO	DOIS AUTOS	2									0		""	""	""	""	""	""	""	""	""	""	""	""	""
7688	2018-09-13T00:00:00	17:38:00	SEM VÍTIMA	FINALIZADA	BAIRRO DO RECIFE	AV ALFREDO LISBOA	S/N	""	ENF AO MUSEU CAIS DO SERTAO	AV ALFREDO LISBOA	S/N	ENF AO MUSEU CAIS DO SERTAO	BAIRRO DO RECIFE		""	ENGAVETAMENTO	DOIS CAMINHAO E UM TAXI	1						2			0		""	""	""	""	""	""	""	""	""	""	""	""	""
7689	2018-09-13T00:00:00	17:40:00	SEM VÍTIMA	FINALIZADA	SANTO AMARO	AV GOVERNADOR AGAMENON MAGALHAES	""	""	SEMAFORO 378 SENTIDO OLINDA	AV GOVERNADOR AGAMENON MAGALHAES	""	SEMAFORO 378 SENTIDO OLINDA	SANTO AMARO		""	COLISÃO	MOTO X AUTO	1	1								0		""	""	""	""	""	""	""	""	""	""	""	""	""
7690	2018-09-13T00:00:00	17:54:00	SEM VÍTIMA	FINALIZADA	IMBIRIBEIRA	AV MARECHAL MASCARENHAS DE MORAES	1043	""	ENF CONCESSIONARIA MEIRA LINS SENTIDO AFOGADOS	AV MARECHAL MASCARENHAS DE MORAES	1043	ENF CONCESSIONARIA MEIRA LINS SENTIDO AFOGADOS	IMBIRIBEIRA		""	COLISÃO	DOIS AUTO	2									0		""	""	""	""	""	""	""	""	""	""	""	""	""
7691	2018-09-13T00:00:00	18:03:00	COM VÍTIMA	FINALIZADA	JOANA BEZERRA	AV BEIRA RIO	""	""	APÓS O FORUM DE JOANA BEZERRA / E/F AO CAMPO DA BEIRA RIO / AO LADO DA ACADEMIA DA CIDADE	AV BEIRA RIO	""	APÓS O FORUM DE JOANA BEZERRA / E/F AO CAMPO DA BEIRA RIO / AO LADO DA ACADEMIA DA CIDADE	JOANA BEZERRA		""	COLISÃO COM CICLISTA	MOTO X CICLISTA	1			1						1		""	""	""	""	""	""	""	""	""	""	""	""	""
7692	2018-09-13T00:00:00	18:05:00	SEM VÍTIMA	CANCELADA	IPUTINGA	RUA ADEMAR PIRES TRAVASSO	330	""	ENF AO PATIO DA AUTO ESCOLA PILOTO	RUA ADEMAR PIRES TRAVASSO	330	ENF AO PATIO DA AUTO ESCOLA PILOTO	IPUTINGA		""	COLISÃO	ONIBIUS DA AUTO ESCOLA X AUTO	1					1				0		""	""	""	""	""	""	""	""	""	""	""	""	""
7693	2018-09-13T00:00:00	18:12:00	SEM VÍTIMA	CANCELADA	CABANGA	AV ENGENHEIRO JOSE ESTELITA	""	""	E/F AO CABANGA IATE CLUB	AV ENGENHEIRO JOSE ESTELITA	""	E/F AO CABANGA IATE CLUB	CABANGA		""	COLISÃO	ENTRE 2 AUTOS. S/V	2									0		""	""	""	""	""	""	""	""	""	""	""	""	""
7694	2018-09-13T00:00:00	18:25:00	SEM VÍTIMA	FINALIZADA	ESTÂNCIA	AV DR JOSE RUFINO	525	RUA MORAIS E SILVA	CRUZAMENTO COM A RUA MORAIS E SILVA	AV DR JOSE RUFINO	525	CRUZAMENTO COM A RUA MORAIS E SILVA	ESTÂNCIA		""	COLISÃO	DOIS AUTOS E UMA MOTO	2	1								0		""	""	""	""	""	""	""	""	""	""	""	""	""
7695	2018-09-13T00:00:00	18:26:00	COM VÍTIMA	CANCELADA	ESTÂNCIA	AV RECIFE	""	""	E/F A IGREJA BATISTA DA ESTÂNCIA E POSTO TOTAL / ANTES DA ENTRADA DE SAN MARTIN / SEMÁFORO 261 - CRUZ RUA NOSSA SENHORA DE FÁTIMA	AV RECIFE	""	E/F A IGREJA BATISTA DA ESTÂNCIA E POSTO TOTAL / ANTES DA ENTRADA DE SAN MARTIN / SEMÁFORO 261 - CRUZ RUA NOSSA SENHORA DE FÁTIMA	ESTÂNCIA		""	COLISÃO	ENTRE AUTO E MOTO. C/V	1	1								1		""	""	""	""	""	""	""	""	""	""	""	""	""
7696	2018-09-13T00:00:00	18:52:00	SEM VÍTIMA	CANCELADA	AFOGADOS	AV SUL	2144	""	ENF A ESTAÇAO LARGO DA PAZ	AV SUL	2144	ENF A ESTAÇAO LARGO DA PAZ	AFOGADOS		""	COLISÃO	SPACECROSS X PEUGEOT	2									0		""	""	""	""	""	""	""	""	""	""	""	""	""
7697	2018-09-13T00:00:00	18:55:00	SEM VÍTIMA	FINALIZADA	IMBIRIBEIRA	AV MARECHAL MASCARENHAS DE MORAES	""	""	E/F A EMPRESA FOCUSLOG E AEROPORTO, SNT SETUBAL	AV MARECHAL MASCARENHAS DE MORAES	""	E/F A EMPRESA FOCUSLOG E AEROPORTO, SNT SETUBAL	IMBIRIBEIRA		""	COLISÃO	ENTRE 2 AUTOS. S/V	2									0		""	""	""	""	""	""	""	""	""	""	""	""	""
7698	2018-09-13T00:00:00	19:22:00	SEM VÍTIMA	FINALIZADA	CASA FORTE	AV DEZESSETE DE AGOSTO	""	""	PRÓX A PRC DE CASA FORTE / E/F A LOJAS AMERICANAS	AV DEZESSETE DE AGOSTO	""	PRÓX A PRC DE CASA FORTE / E/F A LOJAS AMERICANAS	CASA FORTE		""	COLISÃO	ENTRE 2 AUTOS. S/V	2									0		""	""	""	""	""	""	""	""	""	""	""	""	""
7699	2018-09-13T00:00:00	19:30:00	SEM VÍTIMA	CANCELADA	IMBIRIBEIRA	AV MARECHAL MASCARENHAS DE MORAES	4000	""	ENF A TUPAN SENTIDO CENTRO	AV MARECHAL MASCARENHAS DE MORAES	4000	ENF A TUPAN SENTIDO CENTRO	IMBIRIBEIRA		""	COLISÃO	FAIT UNO X HILUX	2									0		""	""	""	""	""	""	""	""	""	""	""	""	""
7700	2018-09-13T00:00:00	19:59:00	SEM VÍTIMA	FINALIZADA	BOA VIAGEM	AV MARECHAL JUAREZ TAVORA	""	RUA JOAO CARDOSO AYRES	AO LADO DO COLÉGIO MADRE DE DEUS, SNT PIEDADE / ESQUINA COM A R JOÃO CARDOSO AYRES	AV MARECHAL JUAREZ TAVORA	""	AO LADO DO COLÉGIO MADRE DE DEUS, SNT PIEDADE / ESQUINA COM A R JOÃO CARDOSO AYRES	BOA VIAGEM		""	COLISÃO	ENTRE 2 AUTOS. S/V ( BATEDORES NO LOCAL)	2									0		""	""	""	""	""	""	""	""	""	""	""	""	""
7701	2018-09-13T00:00:00	22:35:00	COM VÍTIMA	FINALIZADA	BAIRRO DO RECIFE	PTE DO LIMOEIRO	""	""	SNT CENTRO DO RECIFE / NA DESCIDA DA PTE DO LIMOEIRO	PTE DO LIMOEIRO	""	SNT CENTRO DO RECIFE / NA DESCIDA DA PTE DO LIMOEIRO	BAIRRO DO RECIFE		""	COLISÃO	ENTRE 2 AUTOS. C/V	2									1		""	""	""	""	""	""	""	""	""	""	""	""	""
7702	2018-09-13T00:00:00	23:34:00	COM VÍTIMA	FINALIZADA	ESTÂNCIA	AV RECIFE	""	""	SEMÁFORO 261	AV RECIFE	""	SEMÁFORO 261	ESTÂNCIA		""	ENGAVETAMENTO	ENTRE 3 AUTOS. C/V ( UM DOS VEÍCULOS ENVOLVIDOS ESTAVA EM PERSEGUIÇÃO COM A POLÍCIA)	3									1		""	""	""	""	""	""	""	""	""	""	""	""	""
7703	2018-09-14T00:00:00	07:10:00	COM VÍTIMA	FINALIZADA	AREIAS	AV DR JOSE RUFINO	""	""	EM BAIXO DO SEMAFORO 044 EM FRENTE AO POSTO DE GASOLINA SHELL	AV DR JOSE RUFINO	""	EM BAIXO DO SEMAFORO 044 EM FRENTE AO POSTO DE GASOLINA SHELL	AREIAS		""	COLISÃO	COLISÃO COM VITIMA A ESPERA DO SAMU	1	1								1		""	""	""	""	""	""	""	""	""	""	""	""	""
7704	2018-09-14T00:00:00	08:05:00	SEM VÍTIMA	CANCELADA	BOA VIAGEM	AV ARMINDO MOURA	""	""	APOS A ESTAÇÃO PORTA LARGA EM FRENTE A GARAGEM DA BORBOREMA	AV ARMINDO MOURA	""	APOS A ESTAÇÃO PORTA LARGA EM FRENTE A GARAGEM DA BORBOREMA	BOA VIAGEM		""	COLISÃO	COLISÃO SEM VITIMAS	1					1				0		""	""	""	""	""	""	""	""	""	""	""	""	""
7705	2018-09-14T00:00:00	08:33:00	SEM VÍTIMA	FINALIZADA	AFOGADOS	AV SUL	""	""	APOS A PONTE MOTOCOLOMBO EM FRENTE AO SUPERMERCADO TROCÃO	AV SUL	""	APOS A PONTE MOTOCOLOMBO EM FRENTE AO SUPERMERCADO TROCÃO	AFOGADOS		""	COLISÃO	COLISÃO SEM VITIMAS	2									0		""	""	""	""	""	""	""	""	""	""	""	""	""
7706	2018-09-14T00:00:00	08:36:00	SEM VÍTIMA	FINALIZADA	IPUTINGA	RUA GENERAL CANDIDO BORGES CASTELO BRANCO	608	""	PROX AO CANAL DO CAVOUCO	RUA GENERAL CANDIDO BORGES CASTELO BRANCO	608	PROX AO CANAL DO CAVOUCO	IPUTINGA		""	COLISÃO	MOTO E AUTO PASSEIO	1	1								0		""	""	""	""	""	""	""	""	""	""	""	""	""
7707	2018-09-14T00:00:00	08:42:00	COM VÍTIMA	FINALIZADA	IPSEP	RUA ADERBAL DE MELO	281	RUA DAS PALMEIRAS	COM RUA DAS PALMEIRAS PROX A FEIJOADA DO JOAO	RUA ADERBAL DE MELO	281	COM RUA DAS PALMEIRAS PROX A FEIJOADA DO JOAO	IPSEP		""	COLISÃO	COLISAO ENTRE ONIBUS E AUTO S/V	1					1				2		""	""	""	""	""	""	""	""	""	""	""	""	""
7708	2018-09-14T00:00:00	08:57:00	SEM VÍTIMA	FINALIZADA	MADALENA	AV VISCONDE DE ALBUQUERQUE	""	""	E/F A CLINICA TERAPEUTICA EDF AO EDF EÇA DE QUEIROZ	AV VISCONDE DE ALBUQUERQUE	""	E/F A CLINICA TERAPEUTICA EDF AO EDF EÇA DE QUEIROZ	MADALENA		""	COLISÃO	COLISAO ENTRE AUTO E MOTO S/V GM NO LOCAL	1	1								0		""	""	""	""	""	""	""	""	""	""	""	""	""
7709	2018-09-14T00:00:00	09:03:00	SEM VÍTIMA	FINALIZADA	TEJIPIÓ	AV DR JOSE RUFINO	""	""	EM FRENTE A ESTAÇÃO DO METRO DE TEJIPIO	AV DR JOSE RUFINO	""	EM FRENTE A ESTAÇÃO DO METRO DE TEJIPIO	TEJIPIÓ		""	COLISÃO	COLISÃO SEM VITIMAS	1					1				0		""	""	""	""	""	""	""	""	""	""	""	""	""
7710	2018-09-14T00:00:00	09:07:00	SEM VÍTIMA	FINALIZADA	CIDADE UNIVERSITÁRIA	AV PROFESSOR ARTUR DE SA	140	""	AO LADO DO HOSPITAL DAS CLÍNICAS.	AV PROFESSOR ARTUR DE SA	140	AO LADO DO HOSPITAL DAS CLÍNICAS.	CIDADE UNIVERSITÁRIA		""	COLISÃO	SEM VÍTIMAS	1					1				0		""	""	""	""	""	""	""	""	""	""	""	""	""
7711	2018-09-14T00:00:00	09:40:00	SEM VÍTIMA	FINALIZADA	ÁGUA FRIA	RUA LADEIRA DE PEDRA	195	""	E/F AO LAVA JATO DO ABILIO	RUA LADEIRA DE PEDRA	195	E/F AO LAVA JATO DO ABILIO	ÁGUA FRIA		""	COLISÃO	SEM VÍTIMAS. VT 08 NO LOCAL.	1	1								0		""	""	""	""	""	""	""	""	""	""	""	""	""
7712	2018-09-14T00:00:00	09:43:00	SEM VÍTIMA	FINALIZADA	BOA VIAGEM	RUA DEZ DE JULHO	520	RUA VINTE DE JANEIRO	ESQUINA DA RUA VINTE DE JANEIRO NO SEMAFORO 572	RUA DEZ DE JULHO	520	ESQUINA DA RUA VINTE DE JANEIRO NO SEMAFORO 572	BOA VIAGEM		""	COLISÃO	COLISAO ENTRE DOIS AUTOS S/V	2									0		""	""	""	""	""	""	""	""	""	""	""	""	""
7713	2018-09-14T00:00:00	09:47:00	SEM VÍTIMA	FINALIZADA	BOA VIAGEM	PRC GOVERNADOR PAULO GUERRA	""	""	NA DESCIDA DA PONTE DO PINA EM BAIXO DO SEMAFORO 661 EM FRENTE A COMPESA	PRC GOVERNADOR PAULO GUERRA	""	NA DESCIDA DA PONTE DO PINA EM BAIXO DO SEMAFORO 661 EM FRENTE A COMPESA	BOA VIAGEM		""	COLISÃO	COLISÃO SEM VITIMAS	2									0		""	""	""	""	""	""	""	""	""	""	""	""	""
7714	2018-09-14T00:00:00	09:54:00	SEM VÍTIMA	FINALIZADA	BEBERIBE	PRC DA CONVENCAO	""	""	EM FRENTE A IGREJA CATOLICA / SENT SUB	PRC DA CONVENCAO	""	EM FRENTE A IGREJA CATOLICA / SENT SUB	BEBERIBE		""	COLISÃO	ONIBUS E AUTO	1					1				0		""	""	""	""	""	""	""	""	""	""	""	""	""
7715	2018-09-14T00:00:00	09:56:00	SEM VÍTIMA	FINALIZADA	DERBY	RUA HENRIQUE DIAS	609	""	E/F A FUNDAÇÃO JOAQUIM NABUCO.	RUA HENRIQUE DIAS	609	E/F A FUNDAÇÃO JOAQUIM NABUCO.	DERBY		""	COLISÃO	SEM VÍTIMAS.	1						1			0		""	""	""	""	""	""	""	""	""	""	""	""	""
7716	2018-09-14T00:00:00	09:58:00	SEM VÍTIMA	FINALIZADA	BOA VIAGEM	AV ENGENHEIRO DOMINGOS FERREIRA	""	""	SEMAFORO 129 / LADO ESQUEDO	AV ENGENHEIRO DOMINGOS FERREIRA	""	SEMAFORO 129 / LADO ESQUEDO	BOA VIAGEM		""	COLISÃO	DOIS AUTOS	2									0		""	""	""	""	""	""	""	""	""	""	""	""	""
7717	2018-09-14T00:00:00	10:04:00	SEM VÍTIMA	FINALIZADA	CAXANGÁ	AV CAXANGA	""	""	SENTIDO SUBURBIO EM BAIXO DO SEMAFORO 281 NA ENTRADA DA VARZEA	AV CAXANGA	""	SENTIDO SUBURBIO EM BAIXO DO SEMAFORO 281 NA ENTRADA DA VARZEA	CAXANGÁ		""	COLISÃO	COLISÃO SEM VITIMAS	2									0		""	""	""	""	""	""	""	""	""	""	""	""	""