_id	DATA	hora	natureza_acidente	situacao	bairro	endereco	numero	detalhe_endereco_acidente	complemento	endereco_cruzamento	numero_cruzamento	referencia_cruzamento	bairro_cruzamento	num_semaforo	sentido_via	tipo	descricao	auto	moto	ciclom	ciclista	pedestre	onibus	caminhao	viatura	outros	vitimas	vitimasfatais	acidente_verificado	tempo_clima	situacao_semaforo	sinalizacao	condicao_via	conservacao_via	ponto_controle	situacao_placa	velocidade_max_via	mao_direcao	divisao_via1	divisao_via2	divisao_via3
7718	2018-09-14T00:00:00	10:29:00	SEM VÍTIMA	CANCELADA	SÃO JOSÉ	AV SUL	1390	""	SENTIDO PINA EM FRENTE A LOJA PORTELA	AV SUL	1390	SENTIDO PINA EM FRENTE A LOJA PORTELA	SÃO JOSÉ		""	COLISÃO	COLISÃO SEM VITIMAS							2			0		""	""	""	""	""	""	""	""	""	""	""	""	""
7719	2018-09-14T00:00:00	10:47:00	SEM VÍTIMA	FINALIZADA	CASA AMARELA	COR DO BARTOLOMEU	""	AV NORTE	DE ESQUINA COM A AV NORTE EM FRENTE A FARMACIA PAGUE MENOS E A LOJA BIKE NORTE	COR DO BARTOLOMEU	""	DE ESQUINA COM A AV NORTE EM FRENTE A FARMACIA PAGUE MENOS E A LOJA BIKE NORTE	CASA AMARELA		""	COLISÃO	COLISÃO SEM VITIMAS	2									0		""	""	""	""	""	""	""	""	""	""	""	""	""
7720	2018-09-14T00:00:00	11:03:00	SEM VÍTIMA	FINALIZADA	BAIRRO DO RECIFE	CAIS DO APOLO	""	""	APOS A PONTE DUARTE COELHO AO LADO DO BANCO DO BRASIL	CAIS DO APOLO	""	APOS A PONTE DUARTE COELHO AO LADO DO BANCO DO BRASIL	BAIRRO DO RECIFE		""	COLISÃO	COLISÃO SEM VITIMAS	2									0		""	""	""	""	""	""	""	""	""	""	""	""	""
7721	2018-09-14T00:00:00	11:05:00	SEM VÍTIMA	FINALIZADA	BOA VIAGEM	AV DOM JOAO VI	""	""	EM FRENTE AO COLEGIO GGE /	AV DOM JOAO VI	""	EM FRENTE AO COLEGIO GGE /	BOA VIAGEM		""	COLISÃO	CARRETA E AUTO PÁSSEIO / O VEICULO CAIU NO CANAL	1						1			0		""	""	""	""	""	""	""	""	""	""	""	""	""
7722	2018-09-14T00:00:00	11:33:00	COM VÍTIMA	FINALIZADA	BOA VIAGEM	AV BOA VIAGEM	""	""	E/F AO QUIOSQUE 08	AV BOA VIAGEM	""	E/F AO QUIOSQUE 08	BOA VIAGEM		""	COLISÃO	COLISAO ENTRE VEICULO E MOTO C/ VÍTIMA	1	1								1		""	""	""	""	""	""	""	""	""	""	""	""	""
7723	2018-09-14T00:00:00	11:34:00	COM VÍTIMA	FINALIZADA	ARRUDA	RUA PROFESSOR JERONIMO GUEIROS	""	""	EM BAIXO DO SEMAFORO 495 EM FRENTE A DISTRIBUIDORA DA COCA COLA	RUA PROFESSOR JERONIMO GUEIROS	""	EM BAIXO DO SEMAFORO 495 EM FRENTE A DISTRIBUIDORA DA COCA COLA	ARRUDA		""	COLISÃO	COLISÃO COM VITIMA A ESPERA DO SAMU	2									1		""	""	""	""	""	""	""	""	""	""	""	""	""
7724	2018-09-14T00:00:00	11:37:00	SEM VÍTIMA	FINALIZADA	ESPINHEIRO	AV JOAO DE BARROS	""	""	AO LADO DO EXTRA DA JOAO DE BARROS	AV JOAO DE BARROS	""	AO LADO DO EXTRA DA JOAO DE BARROS	ESPINHEIRO		""	COLISÃO	COLISAP ENTRE TRES AUTOS S/V	3									0		""	""	""	""	""	""	""	""	""	""	""	""	""
7725	2018-09-14T00:00:00	11:45:00	SEM VÍTIMA	FINALIZADA	BOA VISTA	AV MONTEVIDEU	""	""	NA SAIDA DA AGAMENON MAGALHAES EM FREBNTE AO BANCO BRADESCO	AV MONTEVIDEU	""	NA SAIDA DA AGAMENON MAGALHAES EM FREBNTE AO BANCO BRADESCO	BOA VISTA		""	COLISÃO	COLISÃO SEM VITIMAS	2									0		""	""	""	""	""	""	""	""	""	""	""	""	""
7726	2018-09-14T00:00:00	12:00:00	SEM VÍTIMA	CANCELADA	ESPINHEIRO	RUA ALFREDO DE MEDEIROS	""	AV JOAO DE BARROS	CRUZ COM A AV JOÃO DE BARROS AO LADO DO POSTO DE GASOLINA SHELL	RUA ALFREDO DE MEDEIROS	""	CRUZ COM A AV JOÃO DE BARROS AO LADO DO POSTO DE GASOLINA SHELL	ESPINHEIRO		""	COLISÃO	COLISÃO SEM VITIMAS	3									0		""	""	""	""	""	""	""	""	""	""	""	""	""
7727	2018-09-14T00:00:00	12:05:00	SEM VÍTIMA	FINALIZADA	PORTO DA MADEIRA	AV BEBERIBE	""	""	EM FRENTE AO SEST SENAT	AV BEBERIBE	""	EM FRENTE AO SEST SENAT	PORTO DA MADEIRA		""	COLISÃO	COLISÃO SEM VITIMAS	1						1			0		""	""	""	""	""	""	""	""	""	""	""	""	""
7728	2018-09-14T00:00:00	12:06:00	SEM VÍTIMA	CANCELADA	CASA AMARELA	AV NORTE	""	""	EM FRENTE A MATERNIDADE BARROS LIMA SENT. CIDADE	AV NORTE	""	EM FRENTE A MATERNIDADE BARROS LIMA SENT. CIDADE	CASA AMARELA		""	COLISÃO	MOTO E AUTO	1	1								0		""	""	""	""	""	""	""	""	""	""	""	""	""
7729	2018-09-14T00:00:00	12:16:00	VÍTIMA FATAL	FINALIZADA	MANGABEIRA	RUA GUIMARAES PEIXOTO	""	""	SEMAFORO 096	RUA GUIMARAES PEIXOTO	""	SEMAFORO 096	MANGABEIRA		""	COLISÃO	""		1					1				2	""	""	""	""	""	""	""	""	""	""	""	""	""
7730	2018-09-14T00:00:00	12:20:00	SEM VÍTIMA	FINALIZADA	PRADO	RUA CARLOS GOMES	""	""	ESQUINA DO POSTO DISLUB	RUA CARLOS GOMES	""	ESQUINA DO POSTO DISLUB	PRADO		""	COLISÃO	COLISAO ENTRE CAMINHAO E AUTO S/V	1						1			0		""	""	""	""	""	""	""	""	""	""	""	""	""
7731	2018-09-14T00:00:00	13:12:00	SEM VÍTIMA	CANCELADA	BOA VISTA	AV GOVERNADOR AGAMENON MAGALHAES	""	""	NA PISTA LOCAL, NA ENTRADA DO PARQUE AMORIM	AV GOVERNADOR AGAMENON MAGALHAES	""	NA PISTA LOCAL, NA ENTRADA DO PARQUE AMORIM	BOA VISTA		""	COLISÃO	DOIS AUTOS S/V	2									0		""	""	""	""	""	""	""	""	""	""	""	""	""
7732	2018-09-14T00:00:00	13:13:00	SEM VÍTIMA	FINALIZADA	ÁGUA FRIA	EST VELHA DE AGUA FRIA	""	""	EM FRENTE AO DENOC	EST VELHA DE AGUA FRIA	""	EM FRENTE AO DENOC	ÁGUA FRIA		""	COLISÃO	COLISÃO SEM VITIMAS	2									0		""	""	""	""	""	""	""	""	""	""	""	""	""
7733	2018-09-14T00:00:00	14:21:00	COM VÍTIMA	FINALIZADA	AFOGADOS	RUA COSME VIANA	""	""	EM FRENTE A TUPAM	RUA COSME VIANA	""	EM FRENTE A TUPAM	AFOGADOS		""	COLISÃO	COLISAO ENVOLVENDO AUTO E MOTO	1	1								1		""	""	""	""	""	""	""	""	""	""	""	""	""
7734	2018-09-14T00:00:00	15:21:00	SEM VÍTIMA	CANCELADA	VÁRZEA	RUA GASTAO VIDIGAL	""	""	EM FRENTE AO POSTO VOLTA AO MUNDO, E A UPA, SENTIDO SUB	RUA GASTAO VIDIGAL	""	EM FRENTE AO POSTO VOLTA AO MUNDO, E A UPA, SENTIDO SUB	VÁRZEA		""	COLISÃO	DOIS AUTOS	2									0		""	""	""	""	""	""	""	""	""	""	""	""	""
7735	2018-09-14T00:00:00	16:09:00	COM VÍTIMA	FINALIZADA	CASA FORTE	AV DEZESSETE DE AGOSTO	""	""	PROX AO CPOR EM FRENTE AO LABORATORIO CERPE	AV DEZESSETE DE AGOSTO	""	PROX AO CPOR EM FRENTE AO LABORATORIO CERPE	CASA FORTE		""	COLISÃO	COLISÃO COM VITIMA A ESPERA DO SAMU	1	1								1		""	""	""	""	""	""	""	""	""	""	""	""	""
7736	2018-09-14T00:00:00	16:14:00	SEM VÍTIMA	FINALIZADA	IMBIRIBEIRA	RUA ITAJAI	162	""	PROX. A LOJA DRYFOR	RUA ITAJAI	162	PROX. A LOJA DRYFOR	IMBIRIBEIRA		""	COLISÃO	DOIS AUTOS	2									0		""	""	""	""	""	""	""	""	""	""	""	""	""
7737	2018-09-14T00:00:00	16:30:00	SEM VÍTIMA	FINALIZADA	VASCO DA GAMA	RUA VASCO DA GAMA	""	""	PROX. A DELEGACIA DO VASCO DA GAMA	RUA VASCO DA GAMA	""	PROX. A DELEGACIA DO VASCO DA GAMA	VASCO DA GAMA		""	COLISÃO	ONIBUS E AUTO	1					1				0		""	""	""	""	""	""	""	""	""	""	""	""	""
7738	2018-09-14T00:00:00	16:55:00	SEM VÍTIMA	FINALIZADA	AREIAS	AV DR JOSE RUFINO	1602	""	PROX. AO POSTO SHELL, SENTIDO CENTRO	AV DR JOSE RUFINO	1602	PROX. AO POSTO SHELL, SENTIDO CENTRO	AREIAS		""	ENGAVETAMENTO	TRES AUTOS	3									0		""	""	""	""	""	""	""	""	""	""	""	""	""
7739	2018-09-14T00:00:00	17:03:00	SEM VÍTIMA	FINALIZADA	COQUEIRAL	RUA ANANIAS CATANHO	""	""	""	RUA ANANIAS CATANHO	""	""	COQUEIRAL		""	COLISÃO	ÔNIBUS X FIAT SIENA	1					1				0		""	""	""	""	""	""	""	""	""	""	""	""	""
7740	2018-09-14T00:00:00	17:08:00	SEM VÍTIMA	FINALIZADA	MADALENA	RUA ANTONIO VIEIRA	131	""	PROX. AO BUFFET INFATIL ENCANTO KIDS	RUA ANTONIO VIEIRA	131	PROX. AO BUFFET INFATIL ENCANTO KIDS	MADALENA		""	COLISÃO	DOIS AUTOS	2									0		""	""	""	""	""	""	""	""	""	""	""	""	""
7741	2018-09-14T00:00:00	17:23:00	SEM VÍTIMA	FINALIZADA	BOA VISTA	RUA JORNALISTA PAULO BITTENCOURT	155	""	EM FRENTE AO GRUPO MAXIMO	RUA JORNALISTA PAULO BITTENCOURT	155	EM FRENTE AO GRUPO MAXIMO	BOA VISTA		""	COLISÃO	DOIS AUTOS S/V	2									0		""	""	""	""	""	""	""	""	""	""	""	""	""
7742	2018-09-14T00:00:00	17:53:00	SEM VÍTIMA	FINALIZADA	TORRE	RUA JOSE BONIFACIO	""	""	E/F AO ATACADO DOS PRESENTES	RUA JOSE BONIFACIO	""	E/F AO ATACADO DOS PRESENTES	TORRE		""	COLISÃO	ENTRE 2 AUTOS. S/V	2									0		""	""	""	""	""	""	""	""	""	""	""	""	""
7743	2018-09-14T00:00:00	18:24:00	COM VÍTIMA	FINALIZADA	IMBIRIBEIRA	AV MARECHAL MASCARENHAS DE MORAES	""	""	JUNTO AO MURO DO AEROPORTO, SENTIDO JABOATÃO ( NO FINAL DO MURO)	AV MARECHAL MASCARENHAS DE MORAES	""	JUNTO AO MURO DO AEROPORTO, SENTIDO JABOATÃO ( NO FINAL DO MURO)	IMBIRIBEIRA		""	COLISÃO COM CICLISTA	ATROPELAMENTO A UM CICLISTA				1		1				1		""	""	""	""	""	""	""	""	""	""	""	""	""
7744	2018-09-14T00:00:00	18:57:00	COM VÍTIMA	FINALIZADA	IPSEP	AV RECIFE	""	""	ENFRENTE AO POSTO PETROBRAS, SENTIDO AV RECIFE CAXANGÁ	AV RECIFE	""	ENFRENTE AO POSTO PETROBRAS, SENTIDO AV RECIFE CAXANGÁ	IPSEP		""	COLISÃO	COLISÃO COM VÍTIMA, A VITIMA JA FOI LEVADA POLO SAMU	1	1								1		""	""	""	""	""	""	""	""	""	""	""	""	""
7745	2018-09-14T00:00:00	18:59:00	SEM VÍTIMA	FINALIZADA	IMBIRIBEIRA	AV MARECHAL MASCARENHAS DE MORAES	""	""	E/F A UPA E MERCEDES BENZ	AV MARECHAL MASCARENHAS DE MORAES	""	E/F A UPA E MERCEDES BENZ	IMBIRIBEIRA		""	COLISÃO	ENTRE AUTO E CAMINHÃO. S/V	1						1			0		""	""	""	""	""	""	""	""	""	""	""	""	""
7746	2018-09-14T00:00:00	19:06:00	SEM VÍTIMA	FINALIZADA	IMBIRIBEIRA	AV MARECHAL MASCARENHAS DE MORAES	""	""	ANTES DO VIADUTO TANCREDO NEVES, ENFRENTE AO TOYOLET, SENTIDO CIDADE	AV MARECHAL MASCARENHAS DE MORAES	""	ANTES DO VIADUTO TANCREDO NEVES, ENFRENTE AO TOYOLET, SENTIDO CIDADE	IMBIRIBEIRA		""	COLISÃO	COLISÃO SEM VITIMAS	1					1				0		""	""	""	""	""	""	""	""	""	""	""	""	""
7747	2018-09-14T00:00:00	19:40:00	SEM VÍTIMA	FINALIZADA	SÃO JOSÉ	RUA DO PEIXOTO	""	""	PRÓX AO GALO DA MADRUGADA / E/-F AO JOSÉ LEMOS VASCONCELOS	RUA DO PEIXOTO	""	PRÓX AO GALO DA MADRUGADA / E/-F AO JOSÉ LEMOS VASCONCELOS	SÃO JOSÉ		""	COLISÃO	ENTRE ÕNIBUS E MOTO. S/V		1				1				0		""	""	""	""	""	""	""	""	""	""	""	""	""
7748	2018-09-14T00:00:00	21:43:00	SEM VÍTIMA	FINALIZADA	SÃO JOSÉ	RUA FLORIANO PEIXOTO	""	""	ESTAÇÃO DE TREM DO RECIFE, APOS A CASA DA CULTURA	RUA FLORIANO PEIXOTO	""	ESTAÇÃO DE TREM DO RECIFE, APOS A CASA DA CULTURA	SÃO JOSÉ		""	COLISÃO	COLISÃO SEM VITIMAS	1						1			0		""	""	""	""	""	""	""	""	""	""	""	""	""
7749	2018-09-14T00:00:00	21:44:00	SEM VÍTIMA	CANCELADA	JARDIM SÃO PAULO	AV CENTRAL	""	""	E/F A ESTAÇÃO DE METRÔ WERNECK	AV CENTRAL	""	E/F A ESTAÇÃO DE METRÔ WERNECK	JARDIM SÃO PAULO		""	COLISÃO	ENTRE AUTO PASSEIO E ÔNIBUS. S/V	1					1				0		""	""	""	""	""	""	""	""	""	""	""	""	""
7750	2018-09-14T00:00:00	22:14:00	COM VÍTIMA	FINALIZADA	BOMBA DO HEMETÉRIO	RUA MUCURI	""	""	APOS A FUNERARIA CANAÃ	RUA MUCURI	""	APOS A FUNERARIA CANAÃ	BOMBA DO HEMETÉRIO		""	COLISÃO	COLISÃO COM VITIMA	1	1								1		""	""	""	""	""	""	""	""	""	""	""	""	""
7751	2018-09-14T00:00:00	22:22:00	SEM VÍTIMA	CANCELADA	BOA VIAGEM	RUA ERNESTO DE PAULA SANTOS	""	""	ESQUINA DO POSTO SETTA	RUA ERNESTO DE PAULA SANTOS	""	ESQUINA DO POSTO SETTA	BOA VIAGEM		""	COLISÃO	COLISÃO SEM VITIMAS	2									0		""	""	""	""	""	""	""	""	""	""	""	""	""
7752	2018-09-15T00:00:00	01:20:00	SEM VÍTIMA	CANCELADA	ESTÂNCIA	AV RECIFE	""	RUA MARQUES DE ITANHAEM	CRUZAMENTO COM A RUA MARQUÊS DE ITANHAÉM, EM FRENTE AO BAR MAMELUCO, PROX DO POSTO TOTAL, SENTIDO ABDIAS DE CARVALHO	AV RECIFE	""	CRUZAMENTO COM A RUA MARQUÊS DE ITANHAÉM, EM FRENTE AO BAR MAMELUCO, PROX DO POSTO TOTAL, SENTIDO ABDIAS DE CARVALHO	ESTÂNCIA		""	COLISÃO	COLISÃO ENTRE DOIS AUTOS S/V	2									0		""	""	""	""	""	""	""	""	""	""	""	""	""
7753	2018-09-15T00:00:00	08:36:00	SEM VÍTIMA	FINALIZADA	SANTO ANTÔNIO	PRC DA REPUBLICA	""	""	AO LADO DO TEATRO SANTA ISABEL EM FRENTE A CAIXA ECONOMICA	PRC DA REPUBLICA	""	AO LADO DO TEATRO SANTA ISABEL EM FRENTE A CAIXA ECONOMICA	SANTO ANTÔNIO		""	CAPOTAMENTO	COLISÃO EM SEGUIDA DE CAPOTAMENTO SEM VITIMAS	2									0		""	""	""	""	""	""	""	""	""	""	""	""	""
7754	2018-09-15T00:00:00	09:07:00	SEM VÍTIMA	FINALIZADA	MADALENA	RUA DEMOCRITO DE SOUZA FILHO	477	""	E/F AO EDF. BOSQUE DE BOULOGNE	RUA DEMOCRITO DE SOUZA FILHO	477	E/F AO EDF. BOSQUE DE BOULOGNE	MADALENA		""	COLISÃO	SEM VÍTIMAS.	2									0		""	""	""	""	""	""	""	""	""	""	""	""	""
7755	2018-09-15T00:00:00	09:22:00	SEM VÍTIMA	CANCELADA	CORDEIRO	RUA DES VIRGILIO DE SA PEREIRA	32	""	AO LADO DO LABORATORIO CERPE E AO EDFICIO FREIXO	RUA DES VIRGILIO DE SA PEREIRA	32	AO LADO DO LABORATORIO CERPE E AO EDFICIO FREIXO	CORDEIRO		""	COLISÃO	COLISÃO SEM VITIMAS	3									0		""	""	""	""	""	""	""	""	""	""	""	""	""
7756	2018-09-15T00:00:00	09:31:00	SEM VÍTIMA	FINALIZADA	IMBIRIBEIRA	AV MARECHAL MASCARENHAS DE MORAES	""	""	EM FRENTE A UPA, SENT. AFOGADOS	AV MARECHAL MASCARENHAS DE MORAES	""	EM FRENTE A UPA, SENT. AFOGADOS	IMBIRIBEIRA		""	COLISÃO	DOIS AUTOS	2									0		""	""	""	""	""	""	""	""	""	""	""	""	""
7757	2018-09-15T00:00:00	09:32:00	SEM VÍTIMA	FINALIZADA	NOVA DESCOBERTA	RUA NOVA DESCOBERTA	260	""	RESIDENCIA APOS O LARGO DONA REGINA	RUA NOVA DESCOBERTA	260	RESIDENCIA APOS O LARGO DONA REGINA	NOVA DESCOBERTA		""	COLISÃO	COLISÃO SEM VITIMAS	1						1			0		""	""	""	""	""	""	""	""	""	""	""	""	""
7758	2018-09-15T00:00:00	10:05:00	COM VÍTIMA	FINALIZADA	TAMARINEIRA	RUA CONEGO BARATA	671	""	SENTIDO DENOC DE ESQUINA COM A PADARIA MANÁ	RUA CONEGO BARATA	671	SENTIDO DENOC DE ESQUINA COM A PADARIA MANÁ	TAMARINEIRA		""	COLISÃO	COLISÃO COM VITIMA	1	1								1		""	""	""	""	""	""	""	""	""	""	""	""	""
7759	2018-09-15T00:00:00	10:03:00	COM VÍTIMA	FINALIZADA	ENCRUZILHADA	AV BEBERIBE	XX	""	EM FRENTE AO BANCO DO BRASIL / SEMÁFORO 238	AV BEBERIBE	XX	EM FRENTE AO BANCO DO BRASIL / SEMÁFORO 238	ENCRUZILHADA		""	COLISÃO	COLISÃO COM VÍTIMA	1	1								2		""	""	""	""	""	""	""	""	""	""	""	""	""
7760	2018-09-15T00:00:00	10:52:00	COM VÍTIMA	FINALIZADA	BOA VIAGEM	AV CONSELHEIRO AGUIAR	""	RUA TOME GIBSON	COM RUA TOME GIBSON E/F A PADARIA MIRA MAR	AV CONSELHEIRO AGUIAR	""	COM RUA TOME GIBSON E/F A PADARIA MIRA MAR	BOA VIAGEM		""	COLISÃO	COLISAO ENTRE AUTO E MOTO COM UMA VITIMA	1	1								1		""	""	""	""	""	""	""	""	""	""	""	""	""
7761	2018-09-15T00:00:00	10:55:00	SEM VÍTIMA	FINALIZADA	TAMARINEIRA	RUA JOSE DE VASCONCELOS	""	""	AO LADO DO COLEGIO ANGULO	RUA JOSE DE VASCONCELOS	""	AO LADO DO COLEGIO ANGULO	TAMARINEIRA		""	COLISÃO	DOIS AUTOS	2									0		""	""	""	""	""	""	""	""	""	""	""	""	""
7762	2018-09-15T00:00:00	11:29:00	SEM VÍTIMA	CANCELADA	MADALENA	RUA DAVINO PONTUAL	570	""	AO LADO DA DI BRANCO BUFFET E RECEPÇOES	RUA DAVINO PONTUAL	570	AO LADO DA DI BRANCO BUFFET E RECEPÇOES	MADALENA		""	COLISÃO	COLISAO ENTRE AUTO E CAMINHAO S/V	1						1			0		""	""	""	""	""	""	""	""	""	""	""	""	""
7763	2018-09-15T00:00:00	12:20:00	SEM VÍTIMA	FINALIZADA	AFOGADOS	AV SUL	2372	""	APOS A PONTE MOTOCOLOMBO PROX A ESTAÇAO DO METRO	AV SUL	2372	APOS A PONTE MOTOCOLOMBO PROX A ESTAÇAO DO METRO	AFOGADOS		""	COLISÃO	COLISAO ENTRE CAMINHAO E AUTO S/V	1						1			0		""	""	""	""	""	""	""	""	""	""	""	""	""
7764	2018-09-15T00:00:00	12:07:00	SEM VÍTIMA	FINALIZADA	GRAÇAS	RUA PAULINO GOMES DE SOUZA	181	""	NA LATERAL AO COLEGIO SAO LUIZ	RUA PAULINO GOMES DE SOUZA	181	NA LATERAL AO COLEGIO SAO LUIZ	GRAÇAS		""	COLISÃO	COLISAO ENTRE DOIS AUTOS S/V	2									0		""	""	""	""	""	""	""	""	""	""	""	""	""
7765	2018-09-15T00:00:00	12:27:00	SEM VÍTIMA	FINALIZADA	DERBY	AV GOVERNADOR AGAMENON MAGALHAES	""	RUA JOAQUIM NABUCO	COM RUA JOAQUIM NABUCO AO LADO DO HOSPITAL DA RESTAURAÇÃO	AV GOVERNADOR AGAMENON MAGALHAES	""	COM RUA JOAQUIM NABUCO AO LADO DO HOSPITAL DA RESTAURAÇÃO	DERBY		""	COLISÃO	COLISAO ENTRE TRES AUTOS S/V	3									0		""	""	""	""	""	""	""	""	""	""	""	""	""
7766	2018-09-15T00:00:00	12:31:00	SEM VÍTIMA	FINALIZADA	VASCO DA GAMA	RUA ALTO 13 DE MAIO	1086	""	EM FRENTE AO TERMINAL DO ALTO 13 DE MAIO	RUA ALTO 13 DE MAIO	1086	EM FRENTE AO TERMINAL DO ALTO 13 DE MAIO	VASCO DA GAMA		""	COLISÃO	COLISÃO SEM VÍTIMA	1					1				0		""	""	""	""	""	""	""	""	""	""	""	""	""
7767	2018-09-15T00:00:00	12:43:00	SEM VÍTIMA	FINALIZADA	ENGENHO DO MEIO	RUA GOVERNADOR LOPO GARRO	353	""	EM FRENTE AO EDIFICIO PARQUE DOS NOBRES	RUA GOVERNADOR LOPO GARRO	353	EM FRENTE AO EDIFICIO PARQUE DOS NOBRES	ENGENHO DO MEIO		""	COLISÃO	COLISÃO SEM VÍTIMA	2									0		""	""	""	""	""	""	""	""	""	""	""	""	""
7768	2018-09-15T00:00:00	13:39:00	SEM VÍTIMA	FINALIZADA	BEBERIBE	AV BEBERIBE	""	""	ENFRENTE A ARENA	AV BEBERIBE	""	ENFRENTE A ARENA	BEBERIBE		""	COLISÃO	COLISÃO SEM VÍTIMA	1	1								0		""	""	""	""	""	""	""	""	""	""	""	""	""
7769	2018-09-15T00:00:00	13:47:00	SEM VÍTIMA	FINALIZADA	IBURA	AV SAO PAULO	""	""	NO TERMINAL DE TRES CARNEIRO ALTO	AV SAO PAULO	""	NO TERMINAL DE TRES CARNEIRO ALTO	IBURA		""	COLISÃO	COLISAO ENTRE ONIBUS E AUTO S/V	1									0		""	""	""	""	""	""	""	""	""	""	""	""	""
7770	2018-09-15T00:00:00	14:00:00	SEM VÍTIMA	FINALIZADA	CAXANGÁ	AV CAXANGA	""	""	LADO OPOSTO DA UPA/ SENTIDO CIDADE E NA ENTRADA PADRE CICERO	AV CAXANGA	""	LADO OPOSTO DA UPA/ SENTIDO CIDADE E NA ENTRADA PADRE CICERO	CAXANGÁ		""	COLISÃO	COLISÃO SEM VÍTIMA	1					1				0		""	""	""	""	""	""	""	""	""	""	""	""	""
7771	2018-09-15T00:00:00	14:09:00	SEM VÍTIMA	FINALIZADA	GRAÇAS	RUA MONSENHOR AMBROZINO LEITE	130	""	E/F AO CENTRO DE ASSISTENCIA SOCIAL DA POLICIA	RUA MONSENHOR AMBROZINO LEITE	130	E/F AO CENTRO DE ASSISTENCIA SOCIAL DA POLICIA	GRAÇAS		""	COLISÃO	COLISAO ENTRE DOIS AUTOS S/V	2									0		""	""	""	""	""	""	""	""	""	""	""	""	""
7772	2018-09-15T00:00:00	14:21:00	SEM VÍTIMA	CANCELADA	NOVA DESCOBERTA	RUA NOVA DESCOBERTA	390	""	IGREJA ASSEMBLEI ADE DEUS, SENTIDO NOVA DESCOBERTA	RUA NOVA DESCOBERTA	390	IGREJA ASSEMBLEI ADE DEUS, SENTIDO NOVA DESCOBERTA	NOVA DESCOBERTA		""	COLISÃO	COLISÃO SEM VÍTIMA	1	1								0		""	""	""	""	""	""	""	""	""	""	""	""	""
7773	2018-09-15T00:00:00	14:38:00	COM VÍTIMA	FINALIZADA	AFOGADOS	RUA NICOLAU PEREIRA	""	""	EM BAIXO DO PONTILHAO	RUA NICOLAU PEREIRA	""	EM BAIXO DO PONTILHAO	AFOGADOS		""	ATROPELAMENTO	ATROPELAMENTO COM DOIS PEDESTRE E MOTO VT 15 NO LOCAL		1			1					2		""	""	""	""	""	""	""	""	""	""	""	""	""
7774	2018-09-15T00:00:00	15:34:00	SEM VÍTIMA	FINALIZADA	BRASÍLIA TEIMOSA	RUA JOAO MARQUES DOS ANJOS	48	""	PROXIMO AO JCPM	RUA JOAO MARQUES DOS ANJOS	48	PROXIMO AO JCPM	BRASÍLIA TEIMOSA		""	COLISÃO	COLISÃO SEM VÍTIMA	2									0		""	""	""	""	""	""	""	""	""	""	""	""	""
7775	2018-09-15T00:00:00	15:39:00	SEM VÍTIMA	FINALIZADA	SANTO AMARO	AV JOAO DE BARROS	""	""	EM BAIXO DO VIADUTO, DA JOÃO DE BARROS...JUNTO A PATRULHA DA LEI SECA	AV JOAO DE BARROS	""	EM BAIXO DO VIADUTO, DA JOÃO DE BARROS...JUNTO A PATRULHA DA LEI SECA	SANTO AMARO		""	COLISÃO	COLISÃO SEM VÍTIMA	2									0		""	""	""	""	""	""	""	""	""	""	""	""	""
7776	2018-09-15T00:00:00	15:56:00	SEM VÍTIMA	FINALIZADA	SÃO JOSÉ	RUA SAO JOAO	""	RUA VIDAL DE NEGREIROS	NO CRUZAMENTO DA SÃO JOÃO COM A VIDAL DE NEGREIROS	RUA SAO JOAO	""	NO CRUZAMENTO DA SÃO JOÃO COM A VIDAL DE NEGREIROS	SÃO JOSÉ		""	COLISÃO	COLISÃO SEM VÍTIMA	2									0		""	""	""	""	""	""	""	""	""	""	""	""	""
7777	2018-09-15T00:00:00	17:18:00	COM VÍTIMA	FINALIZADA	IPUTINGA	RUA MAURICIO DE NASSAU	""	""	EM FRENTE A PADARIA ATLANTICA	RUA MAURICIO DE NASSAU	""	EM FRENTE A PADARIA ATLANTICA	IPUTINGA		""	COLISÃO	COLISÃO COM VÍTIMA	1	1								1		""	""	""	""	""	""	""	""	""	""	""	""	""
7778	2018-09-15T00:00:00	17:26:00	SEM VÍTIMA	CANCELADA	IMBIRIBEIRA	RUA JOAQUIM BANDEIRA	""	""	NA FRENTE A ANATEL	RUA JOAQUIM BANDEIRA	""	NA FRENTE A ANATEL	IMBIRIBEIRA		""	COLISÃO	COLISÃO SEM VÍTIMA	1	1								0		""	""	""	""	""	""	""	""	""	""	""	""	""
7779	2018-09-15T00:00:00	17:35:00	SEM VÍTIMA	CANCELADA	TEJIPIÓ	AV DR JOSE RUFINO	""	""	E/F AO ARMAZEM CORAL	AV DR JOSE RUFINO	""	E/F AO ARMAZEM CORAL	TEJIPIÓ		""	COLISÃO	COLISAO ENTRE DOIS AUTOS S/V	2									0		""	""	""	""	""	""	""	""	""	""	""	""	""
7780	2018-09-15T00:00:00	18:09:00	SEM VÍTIMA	FINALIZADA	""	AV SUL	""	""	NA ENTRADA PARA O CABANGA	AV SUL	""	NA ENTRADA PARA O CABANGA	""		""	COLISÃO	COLISÃO SEM VÍTIMA						2				0		""	""	""	""	""	""	""	""	""	""	""	""	""
7781	2018-09-15T00:00:00	18:51:00	SEM VÍTIMA	FINALIZADA	SANTO AMARO	RUA MONTE CARMELO	""	""	PROX. AO OSWLADO CRUZ	RUA MONTE CARMELO	""	PROX. AO OSWLADO CRUZ	SANTO AMARO		""	COLISÃO	COLISÃO SEM VÍTIMA	2									0		""	""	""	""	""	""	""	""	""	""	""	""	""