_id	DATA	hora	natureza_acidente	situacao	bairro	endereco	numero	detalhe_endereco_acidente	complemento	endereco_cruzamento	numero_cruzamento	referencia_cruzamento	bairro_cruzamento	num_semaforo	sentido_via	tipo	descricao	auto	moto	ciclom	ciclista	pedestre	onibus	caminhao	viatura	outros	vitimas	vitimasfatais	acidente_verificado	tempo_clima	situacao_semaforo	sinalizacao	condicao_via	conservacao_via	ponto_controle	situacao_placa	velocidade_max_via	mao_direcao	divisao_via1	divisao_via2	divisao_via3
7782	2018-09-15T00:00:00	20:25:00	COM VÍTIMA	FINALIZADA	AFOGADOS	RUA VINTE E UM DE ABRIL	122	""	PROX A MASTERBOI // E FABRICA DA PIPOCA	RUA VINTE E UM DE ABRIL	122	PROX A MASTERBOI // E FABRICA DA PIPOCA	AFOGADOS		""	COLISÃO COM CICLISTA	FOX X CICLISTA	1			1						1		""	""	""	""	""	""	""	""	""	""	""	""	""
7783	2018-09-15T00:00:00	20:38:00	SEM VÍTIMA	FINALIZADA	BOA VIAGEM	RUA ERNESTO DE PAULA SANTOS	""	""	PROX. AO POSTO BR, LADO ESQUERDO DA VIA SENTIDO BOA VIAGEM	RUA ERNESTO DE PAULA SANTOS	""	PROX. AO POSTO BR, LADO ESQUERDO DA VIA SENTIDO BOA VIAGEM	BOA VIAGEM		""	COLISÃO	COLISÃO SEM VÍTIMA	2									0		""	""	""	""	""	""	""	""	""	""	""	""	""
7784	2018-09-15T00:00:00	21:38:00	SEM VÍTIMA	FINALIZADA	ENGENHO DO MEIO	AV MARIO ALVARES PEREIRA DE LYRA	""	""	NO CANAL DO CAVOCO, SENTIDO CAXANGA	AV MARIO ALVARES PEREIRA DE LYRA	""	NO CANAL DO CAVOCO, SENTIDO CAXANGA	ENGENHO DO MEIO		""	COLISÃO	COLISÃO SEM VÍTIMA	2									0		""	""	""	""	""	""	""	""	""	""	""	""	""
7785	2018-09-15T00:00:00	21:51:00	SEM VÍTIMA	FINALIZADA	SANTO AMARO	AV GOVERNADOR AGAMENON MAGALHAES	""	""	PROX AO POSTO DISLUB SENTIDO OLINDA PISTA LOCAL // PROX AO CRUZAMENTO DA RUA ODORICO MENDES	AV GOVERNADOR AGAMENON MAGALHAES	""	PROX AO POSTO DISLUB SENTIDO OLINDA PISTA LOCAL // PROX AO CRUZAMENTO DA RUA ODORICO MENDES	SANTO AMARO		""	COLISÃO	ETIOS X GOL	2									0		""	""	""	""	""	""	""	""	""	""	""	""	""
7786	2018-09-15T00:00:00	21:53:00	SEM VÍTIMA	CANCELADA	DOIS IRMÃOS	RUA GUADALUPE	""	""	PROX. A LAFEPE	RUA GUADALUPE	""	PROX. A LAFEPE	DOIS IRMÃOS		""	COLISÃO	COLISÃO SEM VITIMAS	1					1				0		""	""	""	""	""	""	""	""	""	""	""	""	""
7787	2018-09-16T00:00:00	00:17:00	SEM VÍTIMA	CANCELADA	CAXANGÁ	AV CAXANGA	""	RUA GASTAO VIDIGAL	CRUZAMENTO COM A RUA GASTÃO VIDIGAL, EM FRENTE A UPA DA CAXANGÁ	AV CAXANGA	""	CRUZAMENTO COM A RUA GASTÃO VIDIGAL, EM FRENTE A UPA DA CAXANGÁ	CAXANGÁ		""	COLISÃO	COLISÃO ENTRE DOIS AUTOS S/V	2									0		""	""	""	""	""	""	""	""	""	""	""	""	""
7788	2018-09-16T00:00:00	00:54:00	COM VÍTIMA	FINALIZADA	ARRUDA	AV BEBERIBE	""	RUA SÃO BENTO	CRUZAMENTO COM A RUA SÃO BENTO, SEMAFOR 064	AV BEBERIBE	""	CRUZAMENTO COM A RUA SÃO BENTO, SEMAFOR 064	ARRUDA		""	COLISÃO	COLISÃO ENTRE DOIS AUTOS C/V	2									1		""	""	""	""	""	""	""	""	""	""	""	""	""
7789	2018-09-16T00:00:00	02:14:00	SEM VÍTIMA	FINALIZADA	NOVA DESCOBERTA	RUA ALTO DAS PEDRINHAS	56	""	PRÓX AO CLUBE INDEPENDÊNCIA, PRÓX AO EDUCANDÁRIO LIMA	RUA ALTO DAS PEDRINHAS	56	PRÓX AO CLUBE INDEPENDÊNCIA, PRÓX AO EDUCANDÁRIO LIMA	NOVA DESCOBERTA		""	CHOQUE	VEÍCULO CHOCOU-SE CONTRA ALGUMAS CASAS.	1									0		""	""	""	""	""	""	""	""	""	""	""	""	""
7790	2018-09-16T00:00:00	06:23:00	SEM VÍTIMA	FINALIZADA	IPSEP	RUA JEAN EMILE FAVRE	1774	""	NO SEMAFORO 130, EM FRENTE A PADARIA VILA DO PAO	RUA JEAN EMILE FAVRE	1774	NO SEMAFORO 130, EM FRENTE A PADARIA VILA DO PAO	IPSEP		""	COLISÃO	DOIS AUTOS	2									0		""	""	""	""	""	""	""	""	""	""	""	""	""
7791	2018-09-16T00:00:00	09:17:00	COM VÍTIMA	FINALIZADA	IBURA	RUA RIO XINGU	621	""	""	RUA RIO XINGU	621	""	IBURA		""	COLISÃO	HONDA 300 X FIAT/UNO	1	1								1		""	""	""	""	""	""	""	""	""	""	""	""	""
7792	2018-09-16T00:00:00	10:01:00	SEM VÍTIMA	FINALIZADA	BOA VIAGEM	RUA PADRE CARAPUCEIRO	""	RUA EDSON RAMALHO	CRUZ COM A RUA EDSON RAMALHO	RUA PADRE CARAPUCEIRO	""	CRUZ COM A RUA EDSON RAMALHO	BOA VIAGEM		""	COLISÃO	VAN E UM AUTO PASSEIO VT 31 NO QTH	1					1				0		""	""	""	""	""	""	""	""	""	""	""	""	""
7793	2018-09-16T00:00:00	13:17:00	SEM VÍTIMA	FINALIZADA	ILHA DO RETIRO	AV ENGENHEIRO ABDIAS DE CARVALHO	""	""	NO SEMÁFORO 052/ SENTIDO CIDADE	AV ENGENHEIRO ABDIAS DE CARVALHO	""	NO SEMÁFORO 052/ SENTIDO CIDADE	ILHA DO RETIRO		""	COLISÃO	COLISÃO SEM VÍTIMA	2									0		""	""	""	""	""	""	""	""	""	""	""	""	""
7794	2018-09-16T00:00:00	13:48:00	SEM VÍTIMA	FINALIZADA	SÃO JOSÉ	AV SUL	""	""	SEMAFORO 311, PROX. A PRAÇA SERGION LORETO	AV SUL	""	SEMAFORO 311, PROX. A PRAÇA SERGION LORETO	SÃO JOSÉ		""	COLISÃO	AUTO E ONIBUS 	1					1				0		""	""	""	""	""	""	""	""	""	""	""	""	""
7795	2018-09-16T00:00:00	13:51:00	SEM VÍTIMA	FINALIZADA	BOA VIAGEM	AV FERNANDO SIMOES BARBOSA	""	""	PISTA QUE DA CONTINUIDADE DA VIA MANGUE, SENTIDO BOA VIAGEM	AV FERNANDO SIMOES BARBOSA	""	PISTA QUE DA CONTINUIDADE DA VIA MANGUE, SENTIDO BOA VIAGEM	BOA VIAGEM		""	COLISÃO	DOIS AUTOS S/V	2									0		""	""	""	""	""	""	""	""	""	""	""	""	""
7796	2018-09-16T00:00:00	15:19:00	COM VÍTIMA	FINALIZADA	AFOGADOS	RUA MOTOCOLOMBO	190	""	APOS A IGREJA DE AFOGADOS, SENTIDO BOA VIAGEM	RUA MOTOCOLOMBO	190	APOS A IGREJA DE AFOGADOS, SENTIDO BOA VIAGEM	AFOGADOS		""	COLISÃO	COLISAO AUTO E MOTO COM VITIMA	1	1								1		""	""	""	""	""	""	""	""	""	""	""	""	""
7797	2018-09-16T00:00:00	15:42:00	COM VÍTIMA	FINALIZADA	DERBY	AV GOVERNADOR AGAMENON MAGALHAES	""	""	APÓS O BANCO DO BRASIL E PROXIMOA DROGASIL/ SENTIDO OLINDA	AV GOVERNADOR AGAMENON MAGALHAES	""	APÓS O BANCO DO BRASIL E PROXIMOA DROGASIL/ SENTIDO OLINDA	DERBY		""	COLISÃO	COLISÃO COM VÍTIMA	1	1								1		""	""	""	""	""	""	""	""	""	""	""	""	""
7798	2018-09-16T00:00:00	15:52:00	SEM VÍTIMA	FINALIZADA	BOA VIAGEM	RUA RIBEIRO DE BRITO	""	""	SEMAFORO 332	RUA RIBEIRO DE BRITO	""	SEMAFORO 332	BOA VIAGEM		""	COLISÃO	DOIS AUTOS S/V	2									0		""	""	""	""	""	""	""	""	""	""	""	""	""
7799	2018-09-16T00:00:00	16:20:00	SEM VÍTIMA	FINALIZADA	AFLITOS	RUA QUARENTA E OITO	260	""	EM FRENTE A GALERIA CENTER 48	RUA QUARENTA E OITO	260	EM FRENTE A GALERIA CENTER 48	AFLITOS		""	COLISÃO	DOIS AUTOS S/V	2									0		""	""	""	""	""	""	""	""	""	""	""	""	""
7800	2018-09-16T00:00:00	16:34:00	COM VÍTIMA	FINALIZADA	ESTÂNCIA	AV DR JOSE RUFINO	""	""	APOS O COLEGIO VISAO, SENTIDO SUB, EM FRENTE A PADARIA SITIENCE	AV DR JOSE RUFINO	""	APOS O COLEGIO VISAO, SENTIDO SUB, EM FRENTE A PADARIA SITIENCE	ESTÂNCIA		""	COLISÃO	AUTO E MOTO C/V	1	1								1		""	""	""	""	""	""	""	""	""	""	""	""	""
7801	2018-09-16T00:00:00	18:21:00	SEM VÍTIMA	FINALIZADA	BOMBA DO HEMETÉRIO	RUA ARLINDO CISNEIRO	42	""	AO LADO DO ARMAZEM OLIVEIRA , CRECHE AME AS CRIANÇAS	RUA ARLINDO CISNEIRO	42	AO LADO DO ARMAZEM OLIVEIRA , CRECHE AME AS CRIANÇAS	BOMBA DO HEMETÉRIO		""	COLISÃO	TRES AUTOS	3									0		""	""	""	""	""	""	""	""	""	""	""	""	""
7802	2018-09-16T00:00:00	19:04:00	COM VÍTIMA	FINALIZADA	BOA VISTA	""	""	""	PONTE BUARTE DE MACEDO, SENTIDO MARCO ZERO	""	""	PONTE BUARTE DE MACEDO, SENTIDO MARCO ZERO	BOA VISTA		""	ACID. DE PERCURSO	COLISÃO COM VITIMA/ VITIMA AGUARDANDO ATENDIMENTO NO LOCAL		1								1		""	""	""	""	""	""	""	""	""	""	""	""	""
7803	2018-09-16T00:00:00	19:15:00	SEM VÍTIMA	FINALIZADA	BOA VISTA	AV GOVERNADOR AGAMENON MAGALHAES	S/N	""	PROXIMO AO COLÉGIO AMERICANO BATISTA	AV GOVERNADOR AGAMENON MAGALHAES	S/N	PROXIMO AO COLÉGIO AMERICANO BATISTA	BOA VISTA		""	COLISÃO	PROXIMO AO WAL MART (ANTINGO BOMPREÇO )										0		""	""	""	""	""	""	""	""	""	""	""	""	""
7804	2018-09-16T00:00:00	21:09:00	SEM VÍTIMA	FINALIZADA	DERBY	RUA BARAO DE GOIANA	""	RUA AMAURI DE MEDEIROS	CRUZAMENTO COM A RUA AMAURI DE MEDEIROS	RUA BARAO DE GOIANA	""	CRUZAMENTO COM A RUA AMAURI DE MEDEIROS	DERBY		""	COLISÃO	DOIS AUTOS OBS:: VT 17 DA CTTU ESTA NO LOCAL	2									0		""	""	""	""	""	""	""	""	""	""	""	""	""
7805	2018-09-16T00:00:00	23:30:00	COM VÍTIMA	FINALIZADA	CIDADE UNIVERSITÁRIA	RUA ABATIA	295	""	ENF AO SUPERMERCADO RIO CLARO	RUA ABATIA	295	ENF AO SUPERMERCADO RIO CLARO	CIDADE UNIVERSITÁRIA		""	ATROPELAMENTO	HB 20 X PEDESTRE	1				1					1		""	""	""	""	""	""	""	""	""	""	""	""	""
7806	2018-09-17T00:00:00	07:36:00	SEM VÍTIMA	FINALIZADA	PINA	AV ANTONIO DE GOES	""	""	EM FRENTE AO DNIT, LADO OPOSTO	AV ANTONIO DE GOES	""	EM FRENTE AO DNIT, LADO OPOSTO	PINA		""	COLISÃO	DOIS AUTOS S/V	2									0		""	""	""	""	""	""	""	""	""	""	""	""	""
7807	2018-09-17T00:00:00	07:42:00	SEM VÍTIMA	FINALIZADA	CAXANGÁ	RUA MANOEL JOAQUIM DE ALMEIDA	""	AV CAXANGA	COM AV CAXANGA NO SEMAFORO 533 VT 05 NO LOCAL	RUA MANOEL JOAQUIM DE ALMEIDA	""	COM AV CAXANGA NO SEMAFORO 533 VT 05 NO LOCAL	CAXANGÁ		""	COLISÃO	COLISAO ENTRE AUTO E MOTO S/V	1	1								0		""	""	""	""	""	""	""	""	""	""	""	""	""
7808	2018-09-17T00:00:00	08:03:00	COM VÍTIMA	FINALIZADA	GUABIRABA	AV DA RECUPERACAO	1470	""	EM FRENTE A MOLAS BOM JESUS	AV DA RECUPERACAO	1470	EM FRENTE A MOLAS BOM JESUS	GUABIRABA		""	COLISÃO	DUAS MOTOS		2								2		""	""	""	""	""	""	""	""	""	""	""	""	""
7809	2018-09-17T00:00:00	08:06:00	SEM VÍTIMA	FINALIZADA	BOA VIAGEM	RUA MINISTRO NELSON HUNGRIA	300	""	EM FRENTE AO EDF GOLDEN VIEW	RUA MINISTRO NELSON HUNGRIA	300	EM FRENTE AO EDF GOLDEN VIEW	BOA VIAGEM		""	COLISÃO	DOIS AUTOS	2									0		""	""	""	""	""	""	""	""	""	""	""	""	""
7810	2018-09-17T00:00:00	08:21:00	SEM VÍTIMA	FINALIZADA	BOA VIAGEM	RUA SETUBAL	156	RUA BARAO DE SOUZA LEAO	COM A RUA BARÃO DE SOUZA LEAO E/F A PRACINHA DE BOA VIAGEM	RUA SETUBAL	156	COM A RUA BARÃO DE SOUZA LEAO E/F A PRACINHA DE BOA VIAGEM	BOA VIAGEM		""	COLISÃO	COLISAO ENTRE CAMINHAO E AUTO S/V	1						1			0		""	""	""	""	""	""	""	""	""	""	""	""	""
7811	2018-09-17T00:00:00	08:28:00	SEM VÍTIMA	FINALIZADA	SANTO AMARO	AV CRUZ CABUGA	343	""	E/F A FACULDADE FAMA S/T CID	AV CRUZ CABUGA	343	E/F A FACULDADE FAMA S/T CID	SANTO AMARO		""	COLISÃO	COLISAO ENTRE AUTO E ONIBUS S/V	1					1				0		""	""	""	""	""	""	""	""	""	""	""	""	""
7812	2018-09-17T00:00:00	08:39:00	SEM VÍTIMA	FINALIZADA	CAXANGÁ	AV CAXANGA	5775	""	E/F AO POSTO DA CAXANGA VT 14 NO LOCAL	AV CAXANGA	5775	E/F AO POSTO DA CAXANGA VT 14 NO LOCAL	CAXANGÁ		""	COLISÃO	COLISAO ENTRE DOIS AUTOS S/V	2									0		""	""	""	""	""	""	""	""	""	""	""	""	""
7813	2018-09-17T00:00:00	08:51:00	SEM VÍTIMA	FINALIZADA	CASA AMARELA	EST DO ARRAIAL	""	""	SEMAF 074 / SENT SUB	EST DO ARRAIAL	""	SEMAF 074 / SENT SUB	CASA AMARELA		""	COLISÃO	ONIBUS E AUTO	1					1				0		""	""	""	""	""	""	""	""	""	""	""	""	""
7814	2018-09-17T00:00:00	09:01:00	SEM VÍTIMA	FINALIZADA	NOVA DESCOBERTA	RUA NOVA DESCOBERTA	""	""	E/F FEIRA DE NOVA DESCOBERTA	RUA NOVA DESCOBERTA	""	E/F FEIRA DE NOVA DESCOBERTA	NOVA DESCOBERTA		""	COLISÃO	COLISAO ENTRE AUTO E ONIBUS S/V	1					1				0		""	""	""	""	""	""	""	""	""	""	""	""	""
7815	2018-09-17T00:00:00	09:01:00	SEM VÍTIMA	FINALIZADA	BOA VIAGEM	RUA ANTONIO FALCAO	""	AV CELSO FURTADO	ESQ COM A VIA MANGUE	RUA ANTONIO FALCAO	""	ESQ COM A VIA MANGUE	BOA VIAGEM		""	COLISÃO	CAMINHAO E AUTO	1						1			0		""	""	""	""	""	""	""	""	""	""	""	""	""
7816	2018-09-17T00:00:00	09:21:00	SEM VÍTIMA	FINALIZADA	IPUTINGA	RUA MAURICIO DE NASSAU	""	""	E/F A FUNDAÇAO ALTINO VENTURA	RUA MAURICIO DE NASSAU	""	E/F A FUNDAÇAO ALTINO VENTURA	IPUTINGA		""	CAPOTAMENTO	(CAPOTAMENTO SEGUIDO DE CHOQUE) VEICULO CHOCOU COM UMA ARVORE	1									0		""	""	""	""	""	""	""	""	""	""	""	""	""
7817	2018-09-17T00:00:00	09:22:00	SEM VÍTIMA	FINALIZADA	AFOGADOS	RUA QUITERIO INACIO DE MELLO	""	""	SEMAFORO 333	RUA QUITERIO INACIO DE MELLO	""	SEMAFORO 333	AFOGADOS		""	COLISÃO	DOIS AUTOS	2									0		""	""	""	""	""	""	""	""	""	""	""	""	""
7818	2018-09-17T00:00:00	09:22:00	SEM VÍTIMA	FINALIZADA	AREIAS	AV RECIFE	""	""	PROX AO HIPER	AV RECIFE	""	PROX AO HIPER	AREIAS		""	ENGAVETAMENTO	TRES AUTOS / VT 31 NO QTH	3									0		""	""	""	""	""	""	""	""	""	""	""	""	""
7819	2018-09-17T00:00:00	10:55:00	SEM VÍTIMA	FINALIZADA	ESTÂNCIA	AV RECIFE	""	""	NA SAIDA DE JARDIM SAO PAULO PROX AO SEMAFORO 261 S/T BR	AV RECIFE	""	NA SAIDA DE JARDIM SAO PAULO PROX AO SEMAFORO 261 S/T BR	ESTÂNCIA		""	COLISÃO	COLISAO ENTRE CARRETA E AUTO S/V										0		""	""	""	""	""	""	""	""	""	""	""	""	""
7820	2018-09-17T00:00:00	11:34:00	SEM VÍTIMA	FINALIZADA	CASA AMARELA	AV NORTE	4413	AV PROFESSOR JOSE DOS ANJOS	COM A RUA PROFESSOR JOSE DOS ANJOS GM JORGE BARROS NO LOCAL	AV NORTE	4413	COM A RUA PROFESSOR JOSE DOS ANJOS GM JORGE BARROS NO LOCAL	CASA AMARELA		""	COLISÃO	COLISAO ENTRE DOIS AUTOS S/V	2									0		""	""	""	""	""	""	""	""	""	""	""	""	""
7821	2018-09-17T00:00:00	11:53:00	SEM VÍTIMA	FINALIZADA	BOA VIAGEM	RUA RIBEIRO DE BRITO	1111	""	PROX. AO VIADUTO TANCREDO NEVES	RUA RIBEIRO DE BRITO	1111	PROX. AO VIADUTO TANCREDO NEVES	BOA VIAGEM		""	COLISÃO	DOIS AUTOS S/V	2									0		""	""	""	""	""	""	""	""	""	""	""	""	""
7822	2018-09-17T00:00:00	12:24:00	SEM VÍTIMA	CANCELADA	FUNDÃO	AV BEBERIBE	3142	""	EM FRENTE A IGREJA EPSICOPAL QUADRANGULAR	AV BEBERIBE	3142	EM FRENTE A IGREJA EPSICOPAL QUADRANGULAR	FUNDÃO		""	COLISÃO	COLISÃO SEM VÍTIMA	2									0		""	""	""	""	""	""	""	""	""	""	""	""	""
7823	2018-09-17T00:00:00	12:37:00	SEM VÍTIMA	FINALIZADA	GRAÇAS	AV CONS ROSA E SILVA	295	""	EM FRENTE AO EDIFICIO BARÃO DE BONITO	AV CONS ROSA E SILVA	295	EM FRENTE AO EDIFICIO BARÃO DE BONITO	GRAÇAS		""	COLISÃO	COLISÃO SEM VÍTIMA	2									0		""	""	""	""	""	""	""	""	""	""	""	""	""
7824	2018-09-17T00:00:00	12:55:00	SEM VÍTIMA	FINALIZADA	CASA FORTE	AV DEZESSETE DE AGOSTO	""	""	EM FRENTE A PAGUE MENOS, AO LADO DO CPOR	AV DEZESSETE DE AGOSTO	""	EM FRENTE A PAGUE MENOS, AO LADO DO CPOR	CASA FORTE		""	COLISÃO	AUTO E MOTO S/V	1	1								0		""	""	""	""	""	""	""	""	""	""	""	""	""
7825	2018-09-17T00:00:00	13:00:00	SEM VÍTIMA	CANCELADA	ENCRUZILHADA	AV NORTE	""	""	EM FRENTE A JACAUNA, SENTIDO CID/SUB	AV NORTE	""	EM FRENTE A JACAUNA, SENTIDO CID/SUB	ENCRUZILHADA		""	COLISÃO	DOIS AUTOS S/V	2									0		""	""	""	""	""	""	""	""	""	""	""	""	""
7826	2018-09-17T00:00:00	13:20:00	COM VÍTIMA	FINALIZADA	BARRO	AV DR JOSE RUFINO	""	""	EM CIMA DO VIADUTO DO BARRO	AV DR JOSE RUFINO	""	EM CIMA DO VIADUTO DO BARRO	BARRO		""	COLISÃO	COLISÃO COM VÍTIMA	2	1								1		""	""	""	""	""	""	""	""	""	""	""	""	""
7827	2018-09-17T00:00:00	13:29:00	SEM VÍTIMA	FINALIZADA	CASA AMARELA	EST DO ARRAIAL	4262	""	E/F A CASA FORTE DIGNOSTICO	EST DO ARRAIAL	4262	E/F A CASA FORTE DIGNOSTICO	CASA AMARELA		""	COLISÃO	COLISAO ENTRE DOIS AUTOS S/V	2									0		""	""	""	""	""	""	""	""	""	""	""	""	""
7828	2018-09-17T00:00:00	14:03:00	SEM VÍTIMA	FINALIZADA	PINA	AV REPUBLICA DO LIBANO	""	""	NA ENTRADA DO SHOPPING RIO MAR, PROX. A POLICLINICA	AV REPUBLICA DO LIBANO	""	NA ENTRADA DO SHOPPING RIO MAR, PROX. A POLICLINICA	PINA		""	COLISÃO	AUTO E ONIBUS 	1					1				0		""	""	""	""	""	""	""	""	""	""	""	""	""
7829	2018-09-17T00:00:00	14:34:00	SEM VÍTIMA	FINALIZADA	DOIS IRMÃOS	RUA MANUEL DE MEDEIROS	1402	""	EM FRENTE A LAMARK	RUA MANUEL DE MEDEIROS	1402	EM FRENTE A LAMARK	DOIS IRMÃOS		""	COLISÃO	COLISÃO SEM VÍTIMA	2									0		""	""	""	""	""	""	""	""	""	""	""	""	""
7830	2018-09-17T00:00:00	14:43:00	SEM VÍTIMA	FINALIZADA	CAMPO GRANDE	EST DE BELEM	1659	""	E/F A IGREJA UNIVERSAL	EST DE BELEM	1659	E/F A IGREJA UNIVERSAL	CAMPO GRANDE		""	COLISÃO	COLISAO ENTRE TRES AUTOS S/V	2									0		""	""	""	""	""	""	""	""	""	""	""	""	""
7831	2018-09-17T00:00:00	14:47:00	SEM VÍTIMA	CANCELADA	CASA AMARELA	AV NORTE	4861	""	AO LADO DA AUTO TOTAL S/T CID	AV NORTE	4861	AO LADO DA AUTO TOTAL S/T CID	CASA AMARELA		""	COLISÃO	COLISAO ENTRE AUTO E MOTO S/V	1	1								0		""	""	""	""	""	""	""	""	""	""	""	""	""
7832	2018-09-17T00:00:00	14:51:00	SEM VÍTIMA	FINALIZADA	AFOGADOS	RUA SAO MIGUEL	2072	""	PROX. AO POSTO IPIRANGA	RUA SAO MIGUEL	2072	PROX. AO POSTO IPIRANGA	AFOGADOS		""	COLISÃO	DOIS AUTOS	2									0		""	""	""	""	""	""	""	""	""	""	""	""	""
7833	2018-09-17T00:00:00	15:00:00	SEM VÍTIMA	FINALIZADA	ÁGUA FRIA	RUA JAPARANDUBA	87	""	EM FRENTE AO MERCADO DE ÁGUA FRIA	RUA JAPARANDUBA	87	EM FRENTE AO MERCADO DE ÁGUA FRIA	ÁGUA FRIA		""	COLISÃO	COLISÃO SEM VÍTIMA	2									0		""	""	""	""	""	""	""	""	""	""	""	""	""
7834	2018-09-17T00:00:00	15:08:00	SEM VÍTIMA	CANCELADA	CORDEIRO	AV CAMARAO	417	""	NO CANAL DO CAVOCO	AV CAMARAO	417	NO CANAL DO CAVOCO	CORDEIRO		""	COLISÃO	COLISAO ENTRE CAMINHAO DO LIXO E AUTO S/V	1						1			0		""	""	""	""	""	""	""	""	""	""	""	""	""
7835	2018-09-17T00:00:00	16:11:00	SEM VÍTIMA	FINALIZADA	BOA VIAGEM	RUA FRANCISCO DA CUNHA	""	""	NA RUA DO COLEGIO BEM -ME-QUER	RUA FRANCISCO DA CUNHA	""	NA RUA DO COLEGIO BEM -ME-QUER	BOA VIAGEM		""	COLISÃO	UM AUTO, PERDEU O CONTROLE E ATINGIU 4 VEICULOS ESTACIONADOS	5									0		""	""	""	""	""	""	""	""	""	""	""	""	""
7836	2018-09-17T00:00:00	16:20:00	SEM VÍTIMA	FINALIZADA	BAIRRO DO RECIFE	CAIS DO APOLO	""	""	EM FRENTE A PREFEITURA, SENTIDO SUB	CAIS DO APOLO	""	EM FRENTE A PREFEITURA, SENTIDO SUB	BAIRRO DO RECIFE		""	COLISÃO	CAMINHAO E ONIBUS						1	1			0		""	""	""	""	""	""	""	""	""	""	""	""	""
7837	2018-09-17T00:00:00	16:25:00	SEM VÍTIMA	FINALIZADA	PAISSANDU	AV GOVERNADOR AGAMENON MAGALHAES	""	""	EM FRENTE AO HOSPITAL PORTUGUÊS, PISTA LOCAL NO SENTIDO BOA VIAGEM	AV GOVERNADOR AGAMENON MAGALHAES	""	EM FRENTE AO HOSPITAL PORTUGUÊS, PISTA LOCAL NO SENTIDO BOA VIAGEM	PAISSANDU		""	COLISÃO	COLISÃO ENTRE 2 AUTOS, SEM VÍTIMAS.	2									0		""	""	""	""	""	""	""	""	""	""	""	""	""
7838	2018-09-17T00:00:00	17:56:00	SEM VÍTIMA	FINALIZADA	GRAÇAS	RUA AMELIA	""	""	POR CIMA DA PONTE, SNT TORRE / PRÓX AO POSTO SHELL	RUA AMELIA	""	POR CIMA DA PONTE, SNT TORRE / PRÓX AO POSTO SHELL	GRAÇAS		""	COLISÃO	ENTRE AUTO E CAMINHÃO. S/V	1						1			0		""	""	""	""	""	""	""	""	""	""	""	""	""
7839	2018-09-17T00:00:00	18:02:00	SEM VÍTIMA	FINALIZADA	BOA VIAGEM	RUA DOS NAVEGANTES	865	""	CRUZANDO A R ERNESTO DE PAULA SANTOS/POR TRÁS DO RECIFE PALACE / E/F AO EDF VAUTHIER	RUA DOS NAVEGANTES	865	CRUZANDO A R ERNESTO DE PAULA SANTOS/POR TRÁS DO RECIFE PALACE / E/F AO EDF VAUTHIER	BOA VIAGEM		""	COLISÃO	ENTRE 2 AUTOS. S/V	2									0		""	""	""	""	""	""	""	""	""	""	""	""	""
7840	2018-09-17T00:00:00	18:25:00	SEM VÍTIMA	FINALIZADA	BOA VIAGEM	AV ENGENHEIRO DOMINGOS FERREIRA	""	""	E/F AO CARREFOUR, SNT AEROPORTO / AO LADO DO HOTEL LGN E PRÓX AO RESTAURANTE MANDACARU	AV ENGENHEIRO DOMINGOS FERREIRA	""	E/F AO CARREFOUR, SNT AEROPORTO / AO LADO DO HOTEL LGN E PRÓX AO RESTAURANTE MANDACARU	BOA VIAGEM		""	COLISÃO	ENTRE 2 AUTOS. S/V	2									0		""	""	""	""	""	""	""	""	""	""	""	""	""
7841	2018-09-17T00:00:00	18:29:00	SEM VÍTIMA	FINALIZADA	MUSTARDINHA	AV MANOEL GONCALVES DA LUZ	""	""	CRUZANDO A R VINTE E UM DE ABRIL - SEMÁFORO 245	AV MANOEL GONCALVES DA LUZ	""	CRUZANDO A R VINTE E UM DE ABRIL - SEMÁFORO 245	MUSTARDINHA		""	COLISÃO	ENTRE AUTO PASSEIO E ÔNIBVUS S/V	1					1				0		""	""	""	""	""	""	""	""	""	""	""	""	""
7842	2018-09-17T00:00:00	20:59:00	SEM VÍTIMA	FINALIZADA	BOA VIAGEM	RUA SARGENTO SILVINO DE MACEDO	131	""	PROX AO COLEGIO GGE	RUA SARGENTO SILVINO DE MACEDO	131	PROX AO COLEGIO GGE	BOA VIAGEM		""	COLISÃO	GOL X CG 125 MOTO	1	1								0		""	""	""	""	""	""	""	""	""	""	""	""	""
7843	2018-09-18T00:00:00	05:49:00	SEM VÍTIMA	FINALIZADA	BOA VISTA	AV CONDE DA BOA VISTA	""	RUA DOM BOSCO	SEMAFORO 027,SENT/CIDADE CRUZ/COM RUA DOM BOSCO,EM FRENTE A EMLURB	AV CONDE DA BOA VISTA	""	SEMAFORO 027,SENT/CIDADE CRUZ/COM RUA DOM BOSCO,EM FRENTE A EMLURB	BOA VISTA		""	COLISÃO	SEM VITIMAS/VEÍCULO NO MEIO DA VIA SEM CONDIÇÕES DE SER REMOVIDO	2									0		""	""	""	""	""	""	""	""	""	""	""	""	""
7844	2018-09-18T00:00:00	07:19:00	SEM VÍTIMA	FINALIZADA	PINA	RUA VILA TEIMOSA	636	""	AO LADO DO CLINICAL CENTER	RUA VILA TEIMOSA	636	AO LADO DO CLINICAL CENTER	PINA		""	COLISÃO	DOIS AUTOS	2									0		""	""	""	""	""	""	""	""	""	""	""	""	""
7845	2018-09-18T00:00:00	07:48:00	SEM VÍTIMA	FINALIZADA	IPUTINGA	EST DO BARBALHO	171	""	AO LADO DO WALMART.	EST DO BARBALHO	171	AO LADO DO WALMART.	IPUTINGA		""	COLISÃO	SEM VÍTIMAS		1					1			0		""	""	""	""	""	""	""	""	""	""	""	""	""
7846	2018-09-18T00:00:00	08:03:00	SEM VÍTIMA	CANCELADA	SANTO AMARO	PRC GENERAL ABREU E LIMA	""	""	POR TRÁS DO CEMITERIO DOS INGLESES	PRC GENERAL ABREU E LIMA	""	POR TRÁS DO CEMITERIO DOS INGLESES	SANTO AMARO		""	COLISÃO	SEM VITIMAS,GM PONTO FIXO NO LOCAL	1						1			0		""	""	""	""	""	""	""	""	""	""	""	""	""