_id	DATA	hora	natureza_acidente	situacao	bairro	endereco	numero	detalhe_endereco_acidente	complemento	endereco_cruzamento	numero_cruzamento	referencia_cruzamento	bairro_cruzamento	num_semaforo	sentido_via	tipo	descricao	auto	moto	ciclom	ciclista	pedestre	onibus	caminhao	viatura	outros	vitimas	vitimasfatais	acidente_verificado	tempo_clima	situacao_semaforo	sinalizacao	condicao_via	conservacao_via	ponto_controle	situacao_placa	velocidade_max_via	mao_direcao	divisao_via1	divisao_via2	divisao_via3
7847	2018-09-18T00:00:00	08:19:00	SEM VÍTIMA	FINALIZADA	BARRO	AV DR JOSE RUFINO	""	""	SENTIDO BR 101, APÓS O SEMÁFORO 615. NO INÍCIO DA PONTE, PROX. A BIFURCAÇÃO.	AV DR JOSE RUFINO	""	SENTIDO BR 101, APÓS O SEMÁFORO 615. NO INÍCIO DA PONTE, PROX. A BIFURCAÇÃO.	BARRO		""	COLISÃO	SEM VÍTIMAS.	2									0		""	""	""	""	""	""	""	""	""	""	""	""	""
7848	2018-09-18T00:00:00	08:49:00	SEM VÍTIMA	FINALIZADA	CAMPO GRANDE	AV PROFESSOR JOSE DOS ANJOS	38	""	EM FRENTE AO AÇAI BURGAO	AV PROFESSOR JOSE DOS ANJOS	38	EM FRENTE AO AÇAI BURGAO	CAMPO GRANDE		""	COLISÃO	""	1	1								0		""	""	""	""	""	""	""	""	""	""	""	""	""
7849	2018-09-18T00:00:00	09:27:00	SEM VÍTIMA	FINALIZADA	DERBY	RUA JENER DE SOUZA	""	""	SEMAFORO 418	RUA JENER DE SOUZA	""	SEMAFORO 418	DERBY		""	COLISÃO	SEM VITIMAS/ CTTU NO LOCAL	1						1			0		""	""	""	""	""	""	""	""	""	""	""	""	""
7850	2018-09-18T00:00:00	09:43:00	SEM VÍTIMA	FINALIZADA	MADALENA	EST DOS REMEDIOS	2464	""	""	EST DOS REMEDIOS	2464	""	MADALENA		""	COLISÃO	S/ VITIMA	2									0		""	""	""	""	""	""	""	""	""	""	""	""	""
7851	2018-09-18T00:00:00	10:47:00	SEM VÍTIMA	FINALIZADA	MADALENA	RUA BENFICA	""	""	EM FRENTRE AO MUSEU DA ABOLIÇÃO	RUA BENFICA	""	EM FRENTRE AO MUSEU DA ABOLIÇÃO	MADALENA		""	COLISÃO	S/ VITIMA CO0M A VT 18										0		""	""	""	""	""	""	""	""	""	""	""	""	""
7852	2018-09-18T00:00:00	11:11:00	SEM VÍTIMA	FINALIZADA	PARNAMIRIM	EST DO ARRAIAL	""	""	EM FRENTE AO EXTRA E AO LADO DO HOSPITAL AGAMENON	EST DO ARRAIAL	""	EM FRENTE AO EXTRA E AO LADO DO HOSPITAL AGAMENON	PARNAMIRIM		""	COLISÃO	COLISÃO SEM VÍTIMA										0		""	""	""	""	""	""	""	""	""	""	""	""	""
7853	2018-09-18T00:00:00	11:46:00	COM VÍTIMA	FINALIZADA	SANTO AMARO	AV GOVERNADOR AGAMENON MAGALHAES	""	""	EM FRENTE AO CIRCULO MILITAR -	AV GOVERNADOR AGAMENON MAGALHAES	""	EM FRENTE AO CIRCULO MILITAR -	SANTO AMARO		""	COLISÃO	COLISÃO ENTRE MOTO E AUTOMÓVEL -										1		""	""	""	""	""	""	""	""	""	""	""	""	""
7854	2018-09-18T00:00:00	12:01:00	COM VÍTIMA	FINALIZADA	AFOGADOS	RUA SAO MIGUEL	""	""	EM FRENTE AO DEPATRI	RUA SAO MIGUEL	""	EM FRENTE AO DEPATRI	AFOGADOS		""	COLISÃO	COLISÃO COM VÍTIMA	1	1								1		""	""	""	""	""	""	""	""	""	""	""	""	""
7855	2018-09-18T00:00:00	12:28:00	SEM VÍTIMA	CANCELADA	BOA VISTA	RUA OSVALDO CRUZ	""	""	AO LADO DO POSTO BR E/F AO POSTO PETROBRAS	RUA OSVALDO CRUZ	""	AO LADO DO POSTO BR E/F AO POSTO PETROBRAS	BOA VISTA		""	COLISÃO	COLISAO ENTRE DOIS AUTOS S/V	2									0		""	""	""	""	""	""	""	""	""	""	""	""	""
7856	2018-09-18T00:00:00	13:25:00	SEM VÍTIMA	FINALIZADA	BOA VIAGEM	RUA ERNESTO DE PAULA SANTOS	960	""	E/F AO POSTO SETTA	RUA ERNESTO DE PAULA SANTOS	960	E/F AO POSTO SETTA	BOA VIAGEM		""	COLISÃO	COLISAO ENTRE DOIS AUTOS S/V	2									0		""	""	""	""	""	""	""	""	""	""	""	""	""
7857	2018-09-18T00:00:00	13:41:00	SEM VÍTIMA	FINALIZADA	IMBIRIBEIRA	RUA ARQUITETO LUIZ NUNES	65	""	EM FRENTE A GALERIA LEOPAR E PROXIMO AO SEMÁFORO 635	RUA ARQUITETO LUIZ NUNES	65	EM FRENTE A GALERIA LEOPAR E PROXIMO AO SEMÁFORO 635	IMBIRIBEIRA		""	COLISÃO	COLISÃO SEM VÍTIMA	2									0		""	""	""	""	""	""	""	""	""	""	""	""	""
7858	2018-09-18T00:00:00	14:03:00	SEM VÍTIMA	FINALIZADA	BOA VISTA	PTE PRINCESA IZABEL	""	""	EM CIMA DA PONTE	PTE PRINCESA IZABEL	""	EM CIMA DA PONTE	BOA VISTA		""	COLISÃO	COLISÃO SEM VÍTIMA	1					1				0		""	""	""	""	""	""	""	""	""	""	""	""	""
7859	2018-09-18T00:00:00	14:05:00	SEM VÍTIMA	FINALIZADA	ARRUDA	AV BEBERIBE	1468	""	PROXIMO AO MISTURA SHOW/ SENTIDO OLINDA	AV BEBERIBE	1468	PROXIMO AO MISTURA SHOW/ SENTIDO OLINDA	ARRUDA		""	COLISÃO	COLISÃO SEM VÍTIMA	1	1								0		""	""	""	""	""	""	""	""	""	""	""	""	""
7860	2018-09-18T00:00:00	14:09:00	SEM VÍTIMA	FINALIZADA	IMBIRIBEIRA	AV PRESIDENTE DUTRA	298	""	EM FRENTE AO EMPRESARIAL MG/ SENTIDO SUBURBIO	AV PRESIDENTE DUTRA	298	EM FRENTE AO EMPRESARIAL MG/ SENTIDO SUBURBIO	IMBIRIBEIRA		""	COLISÃO	COLISÃO SEM VÍTIMA	1					1				0		""	""	""	""	""	""	""	""	""	""	""	""	""
7861	2018-09-18T00:00:00	14:30:00	SEM VÍTIMA	FINALIZADA	BOA VIAGEM	RUA PADRE CARAPUCEIRO	""	""	EM FRENTE AO COLEGIO MOTIVO	RUA PADRE CARAPUCEIRO	""	EM FRENTE AO COLEGIO MOTIVO	BOA VIAGEM		""	COLISÃO	DOIS AUTOS S/V	2									0		""	""	""	""	""	""	""	""	""	""	""	""	""
7862	2018-09-18T00:00:00	14:40:00	SEM VÍTIMA	FINALIZADA	VÁRZEA	RUA ZEZITO COSTA REGO	218	""	AO LADO COLEGIO CONHECER PONTUAL	RUA ZEZITO COSTA REGO	218	AO LADO COLEGIO CONHECER PONTUAL	VÁRZEA		""	COLISÃO	COLISÃO SEM VÍTIMA	2									0		""	""	""	""	""	""	""	""	""	""	""	""	""
7863	2018-09-18T00:00:00	15:01:00	SEM VÍTIMA	FINALIZADA	MADALENA	AV ENGENHEIRO ABDIAS DE CARVALHO	""	""	PROXIMO A DROGASIL/ SENTIDO BR/ SEMÁFORO 052	AV ENGENHEIRO ABDIAS DE CARVALHO	""	PROXIMO A DROGASIL/ SENTIDO BR/ SEMÁFORO 052	MADALENA		""	COLISÃO	COLISÃO SEM VÍTIMA	1						1			0		""	""	""	""	""	""	""	""	""	""	""	""	""
7864	2018-09-18T00:00:00	17:20:00	SEM VÍTIMA	CANCELADA	BOA VIAGEM	RUA TENENTE DOMINGOS DE BRITO	375	""	EM FRENTE AO POSTO SETTA	RUA TENENTE DOMINGOS DE BRITO	375	EM FRENTE AO POSTO SETTA	BOA VIAGEM		""	COLISÃO	DOIS AUTOS S/V	2									0		""	""	""	""	""	""	""	""	""	""	""	""	""
7865	2018-09-18T00:00:00	17:29:00	SEM VÍTIMA	FINALIZADA	BOA VIAGEM	AV ENGENHEIRO DOMINGOS FERREIRA	4650	""	EM FRENTE AO EDIFICIO JULIANE, SNT PIEDADE / AO LADO DO PONTEIO	AV ENGENHEIRO DOMINGOS FERREIRA	4650	EM FRENTE AO EDIFICIO JULIANE, SNT PIEDADE / AO LADO DO PONTEIO	BOA VIAGEM		""	COLISÃO	COLISÃO SEM VÍTIMA	1					1				0		""	""	""	""	""	""	""	""	""	""	""	""	""
7866	2018-09-18T00:00:00	17:56:00	COM VÍTIMA	FINALIZADA	BONGI	AV ENGENHEIRO ABDIAS DE CARVALHO	""	""	PRÓXIMO A CHESF NO SENTIDO BR	AV ENGENHEIRO ABDIAS DE CARVALHO	""	PRÓXIMO A CHESF NO SENTIDO BR	BONGI		""	COLISÃO	COLISÃO ENTRE MOTO X AUTO	1	1								1		""	""	""	""	""	""	""	""	""	""	""	""	""
7867	2018-09-18T00:00:00	18:10:00	SEM VÍTIMA	FINALIZADA	SÃO JOSÉ	PRC DAS CINCO PONTAS	321	""	ENF TRIBUNAL REGIONAL ELEITORAL DE PE. // NA ENTRADA PRINCIPAL	PRC DAS CINCO PONTAS	321	ENF TRIBUNAL REGIONAL ELEITORAL DE PE. // NA ENTRADA PRINCIPAL	SÃO JOSÉ		""	COLISÃO	LOGAN X MOTO	1	1								0		""	""	""	""	""	""	""	""	""	""	""	""	""
7868	2018-09-18T00:00:00	18:15:00	SEM VÍTIMA	CANCELADA	SAN MARTIN	AV GENERAL SAN MARTIN	""	AV ENG ABDIAS DE CARVALHO	SEMÁFORO 058 - CRUZ COM A AV. ABDIAS DE CARVALHO / PRÓX A COMPAZ	AV GENERAL SAN MARTIN	""	SEMÁFORO 058 - CRUZ COM A AV. ABDIAS DE CARVALHO / PRÓX A COMPAZ	SAN MARTIN		""	COLISÃO	ENTRE CAMINHÃO E AUTO . S/V	1						1			0		""	""	""	""	""	""	""	""	""	""	""	""	""
7869	2018-09-18T00:00:00	18:26:00	SEM VÍTIMA	FINALIZADA	GRAÇAS	AV RUI BARBOSA	57	""	ENF AO COLEGIO VERA CRUZ	AV RUI BARBOSA	57	ENF AO COLEGIO VERA CRUZ	GRAÇAS		""	COLISÃO	MOTO X AUTO	1	1								0		""	""	""	""	""	""	""	""	""	""	""	""	""
7870	2018-09-18T00:00:00	18:43:00	SEM VÍTIMA	CANCELADA	NOVA DESCOBERTA	RUA NOVA DESCOBERTA	1375	""	E/F A PANIFICADORA REFÚGIO / NA DESCIDA DO '' OLHO D ÁGUA ''	RUA NOVA DESCOBERTA	1375	E/F A PANIFICADORA REFÚGIO / NA DESCIDA DO '' OLHO D ÁGUA ''	NOVA DESCOBERTA		""	COLISÃO	ENTRE ÕNIBUS E MICRO ÕNIBUS. S/V						2				0		""	""	""	""	""	""	""	""	""	""	""	""	""
7871	2018-09-18T00:00:00	18:50:00	SEM VÍTIMA	FINALIZADA	IMBIRIBEIRA	AV MARECHAL MASCARENHAS DE MORAES	""	""	SEMAFORO 116 SENTIDO SUB // APOS O VIADUTO TANCREDO NEVES	AV MARECHAL MASCARENHAS DE MORAES	""	SEMAFORO 116 SENTIDO SUB // APOS O VIADUTO TANCREDO NEVES	IMBIRIBEIRA		""	COLISÃO	GOL X CAMINHAO DE CONCRETO	1						1			0		""	""	""	""	""	""	""	""	""	""	""	""	""
7872	2018-09-18T00:00:00	19:18:00	SEM VÍTIMA	FINALIZADA	AFOGADOS	RUA SAO MIGUEL	350	""	E/F AO BANCO DO BRASIL / AO LADO DO POSTO BP / PRÓX A IGREJA BATISTA	RUA SAO MIGUEL	350	E/F AO BANCO DO BRASIL / AO LADO DO POSTO BP / PRÓX A IGREJA BATISTA	AFOGADOS		""	COLISÃO	ENTRE AUTO PASSEIO E ÕNIBUS. S/V	1					1				0		""	""	""	""	""	""	""	""	""	""	""	""	""
7873	2018-09-18T00:00:00	20:16:00	SEM VÍTIMA	FINALIZADA	MADALENA	RUA CONDE DE IRAJA	""	""	E/F A PADARIA NOVA ARMADA / PRÓX AO CARREFOUR	RUA CONDE DE IRAJA	""	E/F A PADARIA NOVA ARMADA / PRÓX AO CARREFOUR	MADALENA		""	COLISÃO	ENTRE AUTO E CARRETA. S/V	1						1			0		""	""	""	""	""	""	""	""	""	""	""	""	""
7874	2018-09-18T00:00:00	21:49:00	COM VÍTIMA	FINALIZADA	IPSEP	RUA ITACARI	""	RUA ITAJAI	CRUZAMENTO COM A RUA ITAJAI // ENF A EMPRESA DRYFOR	RUA ITACARI	""	CRUZAMENTO COM A RUA ITAJAI // ENF A EMPRESA DRYFOR	IPSEP		""	COLISÃO	PRISMA X MOTO	1	1								1		""	""	""	""	""	""	""	""	""	""	""	""	""
7875	2018-09-19T00:00:00	07:12:00	COM VÍTIMA	FINALIZADA	BOA VIAGEM	RUA TENENTE JOAO CICERO	""	""	EM FRENTE AO COLEGIO SANTA MARIA	RUA TENENTE JOAO CICERO	""	EM FRENTE AO COLEGIO SANTA MARIA	BOA VIAGEM		""	COLISÃO	COM UMA VITIMA AGUARDANDO SAMU	1	1								1		""	""	""	""	""	""	""	""	""	""	""	""	""
7876	2018-09-19T00:00:00	07:32:00	SEM VÍTIMA	FINALIZADA	JARDIM SÃO PAULO	AV SAO PAULO	257	""	EM FRENTE AO COLEGIO 2001	AV SAO PAULO	257	EM FRENTE AO COLEGIO 2001	JARDIM SÃO PAULO		""	COLISÃO	TRES AUTOS	3									0		""	""	""	""	""	""	""	""	""	""	""	""	""
7877	2018-09-19T00:00:00	07:35:00	SEM VÍTIMA	FINALIZADA	MADALENA	AV VISCONDE DE ALBUQUERQUE	210	""	EM FRENTE A FARMACIA EXTRAFARMA	AV VISCONDE DE ALBUQUERQUE	210	EM FRENTE A FARMACIA EXTRAFARMA	MADALENA		""	COLISÃO	SEM VITIMA	2									0		""	""	""	""	""	""	""	""	""	""	""	""	""
7878	2018-09-19T00:00:00	07:45:00	SEM VÍTIMA	FINALIZADA	JOANA BEZERRA	VIADUTO CAPITAO TEMUDO	""	""	SOBRE O VIADUTO CAPITÃO TEMUDO SENT/AGAMENON MAGALHÃES	VIADUTO CAPITAO TEMUDO	""	SOBRE O VIADUTO CAPITÃO TEMUDO SENT/AGAMENON MAGALHÃES	JOANA BEZERRA		""	COLISÃO	SEM VITIMAS	2									0		""	""	""	""	""	""	""	""	""	""	""	""	""
7879	2018-09-19T00:00:00	07:47:00	COM VÍTIMA	FINALIZADA	ARRUDA	RUA ALEGRE	""	""	APÓS A AVENIDA BEBERIBE	RUA ALEGRE	""	APÓS A AVENIDA BEBERIBE	ARRUDA		""	ACID. DE PERCURSO	QUEDA DE MOTO										1		""	""	""	""	""	""	""	""	""	""	""	""	""
7880	2018-09-19T00:00:00	07:50:00	SEM VÍTIMA	FINALIZADA	CASA FORTE	RUA HENRIQUE MACHADO	""	""	PROXIMO À ESCOLA CAROCHINHA	RUA HENRIQUE MACHADO	""	PROXIMO À ESCOLA CAROCHINHA	CASA FORTE		""	COLISÃO	COLISÃO ENTRE AUTO E MOTO SEM VÍTIMAS										0		""	""	""	""	""	""	""	""	""	""	""	""	""
7881	2018-09-19T00:00:00	07:57:00	SEM VÍTIMA	CANCELADA	ENGENHO DO MEIO	AV VISCONDE DE SAO LEOPOLDO	509	""	PROX. A UFPE	AV VISCONDE DE SAO LEOPOLDO	509	PROX. A UFPE	ENGENHO DO MEIO		""	COLISÃO	AUTO E CAMINHÃO	1						1			0		""	""	""	""	""	""	""	""	""	""	""	""	""
7882	2018-09-19T00:00:00	08:30:00	SEM VÍTIMA	FINALIZADA	CAXANGÁ	AV CAXANGA	423	""	SENT. CIDADE, EM FRENTE A PARAFUSOS	AV CAXANGA	423	SENT. CIDADE, EM FRENTE A PARAFUSOS	CAXANGÁ		""	COLISÃO	DOIS AUTOS	2									0		""	""	""	""	""	""	""	""	""	""	""	""	""
7883	2018-09-19T00:00:00	08:54:00	SEM VÍTIMA	FINALIZADA	BOA VISTA	RUA DO HOSPICIO	""	""	E/F A ESTAÇÃO BRT TREZE DE MAIO, SENTIDO PREFEITURA DO RECIFE. A LADO DA CAMARA DOS VEREADORES ANTES DO SEMÁFORO 031	RUA DO HOSPICIO	""	E/F A ESTAÇÃO BRT TREZE DE MAIO, SENTIDO PREFEITURA DO RECIFE. A LADO DA CAMARA DOS VEREADORES ANTES DO SEMÁFORO 031	BOA VISTA		""	COLISÃO	SEM VÍTIMAS	1					1				0		""	""	""	""	""	""	""	""	""	""	""	""	""
7884	2018-09-19T00:00:00	08:58:00	COM VÍTIMA	FINALIZADA	TAMARINEIRA	AV NORTE	S/N	RUA CONEGO BARATA	CRUZAMENTO COM A RUA CÔNEGO BARATA	AV NORTE	S/N	CRUZAMENTO COM A RUA CÔNEGO BARATA	TAMARINEIRA		""	COLISÃO	COLISÃO COM VÍTIMA, ENVOLVENDO UM ÔNIBUS, UM AUTO E UMA MOTOCICLETA.	1	1				1				1		""	""	""	""	""	""	""	""	""	""	""	""	""
7885	2018-09-19T00:00:00	09:20:00	COM VÍTIMA	CANCELADA	CASA AMARELA	RUA SEMPRE VIVA	146	""	RUA DA CAIXA ECONOMICA DE CASA AMARELA	RUA SEMPRE VIVA	146	RUA DA CAIXA ECONOMICA DE CASA AMARELA	CASA AMARELA		""	COLISÃO COM CICLISTA	COM UMA VITIMA JÁ SOCORRIDA	1			1						1		""	""	""	""	""	""	""	""	""	""	""	""	""
7886	2018-09-19T00:00:00	10:27:00	SEM VÍTIMA	FINALIZADA	TEJIPIÓ	RUA ITANHENGA	53	""	AO LADO DA DELEGACIA DE CAPTURAS	RUA ITANHENGA	53	AO LADO DA DELEGACIA DE CAPTURAS	TEJIPIÓ		""	COLISÃO	SEM VITIMAS	1	1								0		""	""	""	""	""	""	""	""	""	""	""	""	""
7887	2018-09-19T00:00:00	11:01:00	SEM VÍTIMA	FINALIZADA	BAIRRO DO RECIFE	CAIS DO APOLO	""	""	EM FRENTE A PREFEITURA / SEMAFORO 436	CAIS DO APOLO	""	EM FRENTE A PREFEITURA / SEMAFORO 436	BAIRRO DO RECIFE		""	COLISÃO	DOIS AUTOS	2									0		""	""	""	""	""	""	""	""	""	""	""	""	""
7888	2018-09-19T00:00:00	12:04:00	SEM VÍTIMA	CANCELADA	SANTO AMARO	RUA FREI CASSIMIRO	""	""	NA FRENTE DA DELEGACIA	RUA FREI CASSIMIRO	""	NA FRENTE DA DELEGACIA	SANTO AMARO		""	COLISÃO	COLISÃO SEM VITIMA	2									0		""	""	""	""	""	""	""	""	""	""	""	""	""
7889	2018-09-19T00:00:00	12:13:00	COM VÍTIMA	FINALIZADA	PINA	AVENIDA CELSO FURTADO (VIA MANGUE)	""	""	NA VIA MANGUE S/T BOA VIAGEM	AVENIDA CELSO FURTADO (VIA MANGUE)	""	NA VIA MANGUE S/T BOA VIAGEM	PINA		""	COLISÃO	COLISAO ENTRE DOIS AUTOS S/V	1	1								1		""	""	""	""	""	""	""	""	""	""	""	""	""
7890	2018-09-19T00:00:00	13:15:00	SEM VÍTIMA	FINALIZADA	ENCRUZILHADA	AV NORTE	""	""	EM FRENTE AO EXTRABOM, SENTIDO SUB/CID	AV NORTE	""	EM FRENTE AO EXTRABOM, SENTIDO SUB/CID	ENCRUZILHADA		""	COLISÃO	CAMINHAO E ONIBUS 						1	1			0		""	""	""	""	""	""	""	""	""	""	""	""	""
7891	2018-09-19T00:00:00	13:19:00	SEM VÍTIMA	FINALIZADA	PINA	AV ANTONIO DE GOES	""	""	APOS O JCP, NA FRENTE DA SUL ANERICA	AV ANTONIO DE GOES	""	APOS O JCP, NA FRENTE DA SUL ANERICA	PINA		""	COLISÃO	COLISÃO SEM VITIMA	2									0		""	""	""	""	""	""	""	""	""	""	""	""	""
7892	2018-09-19T00:00:00	14:04:00	COM VÍTIMA	FINALIZADA	MACAXEIRA	AV NORTE	""	""	FINAL DA AVENIDA NORTE, A 300METROS DA BR 101	AV NORTE	""	FINAL DA AVENIDA NORTE, A 300METROS DA BR 101	MACAXEIRA		""	COLISÃO	COLISÃO COM VITIMA	1	1								1		""	""	""	""	""	""	""	""	""	""	""	""	""
7893	2018-09-19T00:00:00	14:17:00	SEM VÍTIMA	FINALIZADA	CIDADE UNIVERSITÁRIA	RUA ACADEMICO HELIO RAMOS	""	""	E/F AGRE RECIFE SUL	RUA ACADEMICO HELIO RAMOS	""	E/F AGRE RECIFE SUL	CIDADE UNIVERSITÁRIA		""	COLISÃO	COLISAO ENTRE ONIBUS E AUTO S/V	1					1				0		""	""	""	""	""	""	""	""	""	""	""	""	""
7894	2018-09-19T00:00:00	14:22:00	SEM VÍTIMA	FINALIZADA	ESTÂNCIA	AV RECIFE	5536	""	EM FRENTE A SN DISTRIBUIDORA, AO LADO DO POSTO BR, SENTIDO SUB.	AV RECIFE	5536	EM FRENTE A SN DISTRIBUIDORA, AO LADO DO POSTO BR, SENTIDO SUB.	ESTÂNCIA		""	COLISÃO	AUTO E CAMINHAO	1						1			0		""	""	""	""	""	""	""	""	""	""	""	""	""
7895	2018-09-19T00:00:00	14:53:00	SEM VÍTIMA	FINALIZADA	SANTO AMARO	AV CRUZ CABUGA	""	""	AO LADO DA PRAÇA NA ENTRADA DO HOSPITAL DO CANCER	AV CRUZ CABUGA	""	AO LADO DA PRAÇA NA ENTRADA DO HOSPITAL DO CANCER	SANTO AMARO		""	COLISÃO	COLISAO ENTRE VT DA POLICIA E AUTO S/V	2									0		""	""	""	""	""	""	""	""	""	""	""	""	""
7896	2018-09-19T00:00:00	15:04:00	SEM VÍTIMA	FINALIZADA	MACAXEIRA	RUA MARIA CANDIDA	""	""	AO LADO DA ANTIGA INTEGRAÇAO DA MACAXEIRA	RUA MARIA CANDIDA	""	AO LADO DA ANTIGA INTEGRAÇAO DA MACAXEIRA	MACAXEIRA		""	COLISÃO	COLISAO ENTRE DOIS AUTOS S/V	2									0		""	""	""	""	""	""	""	""	""	""	""	""	""
7897	2018-09-19T00:00:00	15:21:00	SEM VÍTIMA	FINALIZADA	DERBY	AV GOVERNADOR AGAMENON MAGALHAES	""	RUA HENRIQUE DIAS	COM RUA HENRIQUE DIAS NO SEMAFORO 068 GM SADRAQUE NO LOCAL	AV GOVERNADOR AGAMENON MAGALHAES	""	COM RUA HENRIQUE DIAS NO SEMAFORO 068 GM SADRAQUE NO LOCAL	DERBY		""	COLISÃO	COLISAO ENTRE DOIS AUTOS S/V	2									0		""	""	""	""	""	""	""	""	""	""	""	""	""
7898	2018-09-19T00:00:00	15:39:00	SEM VÍTIMA	FINALIZADA	PRADO	RUA GOMES TABORDA	""	""	CORREIOS DA ABDIAS / NO SEMAFORO 067	RUA GOMES TABORDA	""	CORREIOS DA ABDIAS / NO SEMAFORO 067	PRADO		""	COLISÃO	COLISÃO SEM VITIMA	1					1				0		""	""	""	""	""	""	""	""	""	""	""	""	""
7899	2018-09-19T00:00:00	16:05:00	VÍTIMA FATAL	FINALIZADA	VÁRZEA	AV CAXANGA	S/N	""	EM FRENTE AO CAXANGÁ GOLFE CLUBE	AV CAXANGA	S/N	EM FRENTE AO CAXANGÁ GOLFE CLUBE	VÁRZEA		""	COLISÃO	COLISÃO ENTRE DUAS MOTOS. COM DUAS VÍTIMAS SENDO UMA FATAL.		2								1	1	""	""	""	""	""	""	""	""	""	""	""	""	""
7900	2018-09-19T00:00:00	16:11:00	SEM VÍTIMA	FINALIZADA	IMBIRIBEIRA	AV MARECHAL MASCARENHAS DE MORAES	6133	""	EM FRENTE A FOCO ALUGUEL DE CARROS, SENTIDO RECIFE	AV MARECHAL MASCARENHAS DE MORAES	6133	EM FRENTE A FOCO ALUGUEL DE CARROS, SENTIDO RECIFE	IMBIRIBEIRA		""	COLISÃO	AUTO E MOTO	1	1								0		""	""	""	""	""	""	""	""	""	""	""	""	""
7901	2018-09-19T00:00:00	16:42:00	SEM VÍTIMA	FINALIZADA	AREIAS	AV DR JOSE RUFINO	1384	""	EM FRENTE AO BRADESCO, SENTIDO BARRO	AV DR JOSE RUFINO	1384	EM FRENTE AO BRADESCO, SENTIDO BARRO	AREIAS		""	COLISÃO	DOIS AUTOS S/V	2									0		""	""	""	""	""	""	""	""	""	""	""	""	""
7902	2018-09-19T00:00:00	16:50:00	SEM VÍTIMA	FINALIZADA	IMBIRIBEIRA	RUA OLIVIA MENELAU	245	""	APOS O COLEGIO PINHEIROS AO LADO DO LAVAJATO PRIME CAR	RUA OLIVIA MENELAU	245	APOS O COLEGIO PINHEIROS AO LADO DO LAVAJATO PRIME CAR	IMBIRIBEIRA		""	COLISÃO	COLISAO ENTRE DOS AUTOS S/V	2									0		""	""	""	""	""	""	""	""	""	""	""	""	""
7903	2018-09-19T00:00:00	16:55:00	SEM VÍTIMA	FINALIZADA	DERBY	AV GOVERNADOR AGAMENON MAGALHAES	""	""	E/F AO RESTAURANTE SPETTUS S/T BOA VIAGEM	AV GOVERNADOR AGAMENON MAGALHAES	""	E/F AO RESTAURANTE SPETTUS S/T BOA VIAGEM	DERBY		""	COLISÃO	COLISAO ENTRE ONIBUS E AUTO S/V	1					1				0		""	""	""	""	""	""	""	""	""	""	""	""	""
7904	2018-09-19T00:00:00	17:39:00	COM VÍTIMA	FINALIZADA	SANTO AMARO	AV MARIO MELO	""	RUA DA AURORA	E/F A ESCOLA DO TRIBUNAL DE CONTAS / SEMÁFORO 090 - CRUZ COM A R DA AURORA	AV MARIO MELO	""	E/F A ESCOLA DO TRIBUNAL DE CONTAS / SEMÁFORO 090 - CRUZ COM A R DA AURORA	SANTO AMARO		""	ATROPELAMENTO	MOTO X PEDESTRE . C/V		1			1					1		""	""	""	""	""	""	""	""	""	""	""	""	""
7905	2018-09-19T00:00:00	17:43:00	COM VÍTIMA	FINALIZADA	GRAÇAS	RUA DA HORA	""	RUA BARAO DE ITAMARACA	EM FRENTE AO ESPAÇO 285 SALÃO DE BELEZA (RUA DA HORA COM RUA BARÃO DE ITAMARACÁ)	RUA DA HORA	""	EM FRENTE AO ESPAÇO 285 SALÃO DE BELEZA (RUA DA HORA COM RUA BARÃO DE ITAMARACÁ)	GRAÇAS		""	COLISÃO	CARRO E MOTO	1	1								1		""	""	""	""	""	""	""	""	""	""	""	""	""
7906	2018-09-19T00:00:00	17:51:00	SEM VÍTIMA	FINALIZADA	ALTO SANTA TERESINHA	AV ANIBAL BENEVOLO	1014	""	E/F A COQUEIRAL FRIOS / PRÓX A MERCADO SUPERBOM	AV ANIBAL BENEVOLO	1014	E/F A COQUEIRAL FRIOS / PRÓX A MERCADO SUPERBOM	ALTO SANTA TERESINHA		""	COLISÃO	ENTRE ÕNIBUS E VAN ESCOLAR. S/V	1					1				0		""	""	""	""	""	""	""	""	""	""	""	""	""
7907	2018-09-19T00:00:00	18:09:00	SEM VÍTIMA	FINALIZADA	MADALENA	RUA BENFICA	""	""	ENF AO POSTO DE GASOLINA BR // PROX A RUA ARLINDO GOUVEIA	RUA BENFICA	""	ENF AO POSTO DE GASOLINA BR // PROX A RUA ARLINDO GOUVEIA	MADALENA		""	COLISÃO	ONIBUS X AUTO	1					1				0		""	""	""	""	""	""	""	""	""	""	""	""	""
7908	2018-09-19T00:00:00	18:12:00	SEM VÍTIMA	CANCELADA	MADALENA	RUA BENFICA	""	""	E/F AO POSTO BR E AO CLUBE INTERNACIONAL	RUA BENFICA	""	E/F AO POSTO BR E AO CLUBE INTERNACIONAL	MADALENA		""	COLISÃO	ENTRE 2 AUTOS. S/V	2									0		""	""	""	""	""	""	""	""	""	""	""	""	""
7909	2018-09-19T00:00:00	18:34:00	SEM VÍTIMA	FINALIZADA	BOA VIAGEM	RUA CAPITAO ZUZINHA	152	RUA DONA UZINHA NUNES	ENF A COMIDA CHINESA CHING LING // CRUZAMENTO COM A RUA DONA UZINHA NUNES	RUA CAPITAO ZUZINHA	152	ENF A COMIDA CHINESA CHING LING // CRUZAMENTO COM A RUA DONA UZINHA NUNES	BOA VIAGEM		""	COLISÃO	ONIX X JAC T6	2									0		""	""	""	""	""	""	""	""	""	""	""	""	""