_id	DATA	hora	natureza_acidente	situacao	bairro	endereco	numero	detalhe_endereco_acidente	complemento	endereco_cruzamento	numero_cruzamento	referencia_cruzamento	bairro_cruzamento	num_semaforo	sentido_via	tipo	descricao	auto	moto	ciclom	ciclista	pedestre	onibus	caminhao	viatura	outros	vitimas	vitimasfatais	acidente_verificado	tempo_clima	situacao_semaforo	sinalizacao	condicao_via	conservacao_via	ponto_controle	situacao_placa	velocidade_max_via	mao_direcao	divisao_via1	divisao_via2	divisao_via3
7910	2018-09-19T00:00:00	18:40:00	SEM VÍTIMA	CANCELADA	AREIAS	AV RECIFE	""	""	E/F AO POSTO TOTAL / AO LADO DO HOTEL ESTORIL / SNT BV	AV RECIFE	""	E/F AO POSTO TOTAL / AO LADO DO HOTEL ESTORIL / SNT BV	AREIAS		""	ENGAVETAMENTO	ENTRE 3 AUTOS ( UM DOS ENVOLVIDOS SE EVADIU DO LOCAL	3									0		""	""	""	""	""	""	""	""	""	""	""	""	""
7911	2018-09-19T00:00:00	19:18:00	SEM VÍTIMA	FINALIZADA	BOA VISTA	AV CONDE DA BOA VISTA	385	""	ENFR AO ATACADO DOS PRESENTES SENTIDO DERBY	AV CONDE DA BOA VISTA	385	ENFR AO ATACADO DOS PRESENTES SENTIDO DERBY	BOA VISTA		""	COLISÃO	BRT X MICRO-ONIBUS						2				0		""	""	""	""	""	""	""	""	""	""	""	""	""
7912	2018-09-19T00:00:00	19:47:00	SEM VÍTIMA	FINALIZADA	IMBIRIBEIRA	AV MARECHAL MASCARENHAS DE MORAES	""	""	AO LADO DA BASE AÉREA / E/F A ERAMICA E CIA / PRÓX A DIAMANOR, SNT PRAZERES	AV MARECHAL MASCARENHAS DE MORAES	""	AO LADO DA BASE AÉREA / E/F A ERAMICA E CIA / PRÓX A DIAMANOR, SNT PRAZERES	IMBIRIBEIRA		""	COLISÃO	ENTRE ÔNIBUS E AUTO. S/V	1					1				0		""	""	""	""	""	""	""	""	""	""	""	""	""
7913	2018-09-19T00:00:00	20:32:00	SEM VÍTIMA	FINALIZADA	JIQUIÁ	RUA ANTONIO FIGUEIREDO	378	""	PROX AO CRUZAMENTO DA AV DR JOSE RUFINO // PROX AO COLEGIO DECISAO	RUA ANTONIO FIGUEIREDO	378	PROX AO CRUZAMENTO DA AV DR JOSE RUFINO // PROX AO COLEGIO DECISAO	JIQUIÁ		""	COLISÃO	MOTO XRE 300 X PRISMA PRETO	1	1								0		""	""	""	""	""	""	""	""	""	""	""	""	""
7914	2018-09-19T00:00:00	21:05:00	SEM VÍTIMA	FINALIZADA	ALTO SANTA TERESINHA	RUA TAMBOARA	622	""	NA METADE DA LADEIRA SEGUNDA PARADA DE ONIBUS	RUA TAMBOARA	622	NA METADE DA LADEIRA SEGUNDA PARADA DE ONIBUS	ALTO SANTA TERESINHA		""	COLISÃO	ONIBUS X ONIX	1					1				0		""	""	""	""	""	""	""	""	""	""	""	""	""
7915	2018-09-19T00:00:00	21:14:00	SEM VÍTIMA	FINALIZADA	BOA VIAGEM	RUA PADRE BERNADINO PESSOA	""	RUA FRANCISCO DA CUNHA	PROXIMO AO CRUZAMENTO COM A RUA FRANCISCO DA CUNHA	RUA PADRE BERNADINO PESSOA	""	PROXIMO AO CRUZAMENTO COM A RUA FRANCISCO DA CUNHA	BOA VIAGEM		""	COLISÃO	COLISÃO VIATURA CTTU X AUTO PASSEIO S/VITIMA	1							1		0		""	""	""	""	""	""	""	""	""	""	""	""	""
7916	2018-09-20T00:00:00	05:49:00	SEM VÍTIMA	FINALIZADA	NOVA DESCOBERTA	AV VEREADOR OTACILIO AZEVEDO	4557	""	AO LADO DE JAIRO MOTO PEÇAS,SENT/NOVA DESCOBERTA	AV VEREADOR OTACILIO AZEVEDO	4557	AO LADO DE JAIRO MOTO PEÇAS,SENT/NOVA DESCOBERTA	NOVA DESCOBERTA		""	COLISÃO	SEM VITIMAS	1					1				0		""	""	""	""	""	""	""	""	""	""	""	""	""
7917	2018-09-20T00:00:00	07:26:00	SEM VÍTIMA	FINALIZADA	TORRE	RUA PADRE ANCHIETA	""	RUA AGUAS BELAS	CRUZ COM A RUA AGUAS BELAS AO LADO DA PADARIA MASSA NOBRE	RUA PADRE ANCHIETA	""	CRUZ COM A RUA AGUAS BELAS AO LADO DA PADARIA MASSA NOBRE	TORRE		""	COLISÃO	COLISÃO SEM VITIMAS	1					1				0		""	""	""	""	""	""	""	""	""	""	""	""	""
7918	2018-09-20T00:00:00	07:50:00	SEM VÍTIMA	FINALIZADA	GRAÇAS	RUA SOUZA DE ANDRADE	""	""	EM FRENTE AO EDIFICIO VILLAGE DA FONTE	RUA SOUZA DE ANDRADE	""	EM FRENTE AO EDIFICIO VILLAGE DA FONTE	GRAÇAS		""	COLISÃO	COLISÃO SEM VITIMAS	2									0		""	""	""	""	""	""	""	""	""	""	""	""	""
7919	2018-09-20T00:00:00	07:59:00	SEM VÍTIMA	CANCELADA	MANGUEIRA	AV DR JOSE RUFINO	1758	""	EM FRENTE AO ATACAREJO,SENT/AFOGADOS	AV DR JOSE RUFINO	1758	EM FRENTE AO ATACAREJO,SENT/AFOGADOS	MANGUEIRA		""	COLISÃO	SEM VITIMAS	2									0		""	""	""	""	""	""	""	""	""	""	""	""	""
7920	2018-09-20T00:00:00	08:08:00	SEM VÍTIMA	CANCELADA	AFOGADOS	AV SUL	2282	""	EM FRENTE A ESTAÇÃO DE METRO LARGO DA PAZ	AV SUL	2282	EM FRENTE A ESTAÇÃO DE METRO LARGO DA PAZ	AFOGADOS		""	COLISÃO	SEM VITIMAS	2									0		""	""	""	""	""	""	""	""	""	""	""	""	""
7921	2018-09-20T00:00:00	09:26:00	COM VÍTIMA	FINALIZADA	NOVA DESCOBERTA	AV VEREADOR OTACILIO AZEVEDO	""	""	EM FRENTE A UPA DE NOVA DESCOBERTA	AV VEREADOR OTACILIO AZEVEDO	""	EM FRENTE A UPA DE NOVA DESCOBERTA	NOVA DESCOBERTA		""	COLISÃO COM CICLISTA	COLISÃO COM VITIMA A ESPERA DO SAMU				1		1				1		""	""	""	""	""	""	""	""	""	""	""	""	""
7922	2018-09-20T00:00:00	09:29:00	SEM VÍTIMA	FINALIZADA	CASA FORTE	RUA JERONIMO DE ALBUQUERQUE	635	""	E/F A ACADEMIA TOP FIT	RUA JERONIMO DE ALBUQUERQUE	635	E/F A ACADEMIA TOP FIT	CASA FORTE		""	COLISÃO	SEM VÍTIMAS	2									0		""	""	""	""	""	""	""	""	""	""	""	""	""
7923	2018-09-20T00:00:00	09:38:00	SEM VÍTIMA	FINALIZADA	MADALENA	AV JOSE GONCALVES DE MEDEIROS	""	""	E/F AO EXTRA, SENTIDO CIDADE.	AV JOSE GONCALVES DE MEDEIROS	""	E/F AO EXTRA, SENTIDO CIDADE.	MADALENA		""	COLISÃO	SEM VÍTIMAS	2									0		""	""	""	""	""	""	""	""	""	""	""	""	""
7924	2018-09-20T00:00:00	10:11:00	SEM VÍTIMA	FINALIZADA	BOA VIAGEM	AV VINTE DE JANEIRO	""	""	AO LADO DA CAIXA ECONOMICA NA ENTRADA DA INTEGRAÇÃO AEROPORTO	AV VINTE DE JANEIRO	""	AO LADO DA CAIXA ECONOMICA NA ENTRADA DA INTEGRAÇÃO AEROPORTO	BOA VIAGEM		""	COLISÃO	COLISÃO SEM VITIMAS	1					1				0		""	""	""	""	""	""	""	""	""	""	""	""	""
7925	2018-09-20T00:00:00	10:40:00	SEM VÍTIMA	FINALIZADA	DERBY	AV GOVERNADOR AGAMENON MAGALHAES	""	""	SEMÁFORO 173, E/F AO TRE, SENTIDO BOA VIAGEM	AV GOVERNADOR AGAMENON MAGALHAES	""	SEMÁFORO 173, E/F AO TRE, SENTIDO BOA VIAGEM	DERBY		""	COLISÃO	SEM VÍTIMAS. BATEDORES NO LOCAL	2									0		""	""	""	""	""	""	""	""	""	""	""	""	""
7926	2018-09-20T00:00:00	10:55:00	SEM VÍTIMA	CANCELADA	PINA	AV ANTONIO DE GOES	195	""	E/F AO MICHELIN LOJA DE PNEU.	AV ANTONIO DE GOES	195	E/F AO MICHELIN LOJA DE PNEU.	PINA		""	COLISÃO	SEM VÍTIMAS. GM NO LOCAL	2									0		""	""	""	""	""	""	""	""	""	""	""	""	""
7927	2018-09-20T00:00:00	11:37:00	COM VÍTIMA	FINALIZADA	ESTÂNCIA	AV DR JOSE RUFINO	539	""	EM FRENTE A GALERIA MARGARIDA	AV DR JOSE RUFINO	539	EM FRENTE A GALERIA MARGARIDA	ESTÂNCIA		""	COLISÃO	MOTO E AUTO	1	1								1		""	""	""	""	""	""	""	""	""	""	""	""	""
7928	2018-09-20T00:00:00	12:22:00	COM VÍTIMA	FINALIZADA	CAXANGÁ	AV CAXANGA	""	""	PROX. AO CARTORIO DA VARZEA	AV CAXANGA	""	PROX. AO CARTORIO DA VARZEA	CAXANGÁ		""	COLISÃO	AUTO E MOTO VT-24 NO LOCAL GM	1	1								1		""	""	""	""	""	""	""	""	""	""	""	""	""
7929	2018-09-20T00:00:00	12:29:00	SEM VÍTIMA	CANCELADA	VÁRZEA	AV AFONSO OLINDENSE	""	AV CAXANGA	COM AV CAXANGA, SEMAFORO 568	AV AFONSO OLINDENSE	""	COM AV CAXANGA, SEMAFORO 568	VÁRZEA		""	COLISÃO	DOIS AUTO E MOTO	2	1								0		""	""	""	""	""	""	""	""	""	""	""	""	""
7930	2018-09-20T00:00:00	12:40:00	COM VÍTIMA	FINALIZADA	JORDÃO	AV MARIA IRENE	""	""	EM FRENTE AO SINDACTA	AV MARIA IRENE	""	EM FRENTE AO SINDACTA	JORDÃO		""	COLISÃO	""										1		""	""	""	""	""	""	""	""	""	""	""	""	""
7931	2018-09-20T00:00:00	13:01:00	SEM VÍTIMA	FINALIZADA	MACAXEIRA	AV NORTE	""	""	EM FRENTE A INTEGRAÇÃO DA MACAXEIRA	AV NORTE	""	EM FRENTE A INTEGRAÇÃO DA MACAXEIRA	MACAXEIRA		""	COLISÃO	ONIBUS E AUTO	1					1				0		""	""	""	""	""	""	""	""	""	""	""	""	""
7932	2018-09-20T00:00:00	13:06:00	COM VÍTIMA	FINALIZADA	SÃO JOSÉ	RUA IMPERIAL	""	""	EM FRENTE PERNAMBUCO ALUMINIO	RUA IMPERIAL	""	EM FRENTE PERNAMBUCO ALUMINIO	SÃO JOSÉ		""	CHOQUE	MOTO E POSTE										1		""	""	""	""	""	""	""	""	""	""	""	""	""
7933	2018-09-20T00:00:00	13:53:00	SEM VÍTIMA	FINALIZADA	BOA VISTA	RUA DA CONCEICAO	""	""	EM FRENTE AO COLÉGIO BANDEIRA	RUA DA CONCEICAO	""	EM FRENTE AO COLÉGIO BANDEIRA	BOA VISTA		""	ATROPELAMENTO	GM ONIX 1.0	1				1					0		""	""	""	""	""	""	""	""	""	""	""	""	""
7934	2018-09-20T00:00:00	14:07:00	SEM VÍTIMA	FINALIZADA	BOA VIAGEM	RUA ERNESTO DE PAULA SANTOS	525	""	EM FRENTE AO POSTO SHELL	RUA ERNESTO DE PAULA SANTOS	525	EM FRENTE AO POSTO SHELL	BOA VIAGEM		""	COLISÃO	COLISÃO SEM VÍTIMA	2									0		""	""	""	""	""	""	""	""	""	""	""	""	""
7935	2018-09-20T00:00:00	14:27:00	SEM VÍTIMA	FINALIZADA	IMBIRIBEIRA	AV MARECHAL MASCARENHAS DE MORAES	4052	""	EM FRENTE AO SHOPPING DO AUTOMOVEL, SENTIDO RECIFE	AV MARECHAL MASCARENHAS DE MORAES	4052	EM FRENTE AO SHOPPING DO AUTOMOVEL, SENTIDO RECIFE	IMBIRIBEIRA		""	COLISÃO	AUTO E CAMINHAO	1						1			0		""	""	""	""	""	""	""	""	""	""	""	""	""
7936	2018-09-20T00:00:00	14:53:00	SEM VÍTIMA	FINALIZADA	BARRO	AV DR JOSE RUFINO	2278	""	E/F A IGREJA DO BARRO	AV DR JOSE RUFINO	2278	E/F A IGREJA DO BARRO	BARRO		""	COLISÃO	COLISAO ENTRE DOIS AUTOS S/V	2									0		""	""	""	""	""	""	""	""	""	""	""	""	""
7937	2018-09-20T00:00:00	15:00:00	SEM VÍTIMA	FINALIZADA	SÃO JOSÉ	AV SUL	1374	""	EM FRENTE A PORTELA INDUSTRIA	AV SUL	1374	EM FRENTE A PORTELA INDUSTRIA	SÃO JOSÉ		""	COLISÃO	COLISÃO SEM VÍTIMA	2									0		""	""	""	""	""	""	""	""	""	""	""	""	""
7938	2018-09-20T00:00:00	15:00:00	SEM VÍTIMA	FINALIZADA	CABANGA	PTE GOVERNADOR PAULO GUERRA	""	""	E/F A COMPESA S/T RIOMAR	PTE GOVERNADOR PAULO GUERRA	""	E/F A COMPESA S/T RIOMAR	CABANGA		""	COLISÃO	COLISAO ENTRE DOIS AUTOS S/V	2									0		""	""	""	""	""	""	""	""	""	""	""	""	""
7939	2018-09-20T00:00:00	15:06:00	SEM VÍTIMA	FINALIZADA	ESPINHEIRO	AV JOAO DE BARROS	1187	""	EM FRENTE AO ESPAÇO VIE	AV JOAO DE BARROS	1187	EM FRENTE AO ESPAÇO VIE	ESPINHEIRO		""	COLISÃO	COLISÃO SEM VÍTIMA	2									0		""	""	""	""	""	""	""	""	""	""	""	""	""
7940	2018-09-20T00:00:00	15:52:00	SEM VÍTIMA	FINALIZADA	AFLITOS	AV CONS ROSA E SILVA	""	""	500 METROS DO SEMAFORO ANTES DO NAUTICO	AV CONS ROSA E SILVA	""	500 METROS DO SEMAFORO ANTES DO NAUTICO	AFLITOS		""	COLISÃO	DOIS AUTOS	2									0		""	""	""	""	""	""	""	""	""	""	""	""	""
7941	2018-09-20T00:00:00	16:11:00	SEM VÍTIMA	FINALIZADA	AFOGADOS	LARGO DA PAZ	230	""	E/F A CAIXA ECONOMICA	LARGO DA PAZ	230	E/F A CAIXA ECONOMICA	AFOGADOS		""	COLISÃO	COLISAO ENTRE CAMINHAO E AUTO S/V	2									0		""	""	""	""	""	""	""	""	""	""	""	""	""
7942	2018-09-20T00:00:00	16:24:00	SEM VÍTIMA	FINALIZADA	MACAXEIRA	AV NORTE	""	""	E/F A ESCOLA MUNICIPAL NADIR COLAÇO LADO OPOSTO, S/T CENTRO	AV NORTE	""	E/F A ESCOLA MUNICIPAL NADIR COLAÇO LADO OPOSTO, S/T CENTRO	MACAXEIRA		""	COLISÃO	COLISAO ENTRE AUTO E CINQUENTINHA S/V	1		1							0		""	""	""	""	""	""	""	""	""	""	""	""	""
7943	2018-09-20T00:00:00	16:28:00	SEM VÍTIMA	FINALIZADA	DERBY	AV GOVERNADOR AGAMENON MAGALHAES	""	""	EM FRENTE A WIZARD	AV GOVERNADOR AGAMENON MAGALHAES	""	EM FRENTE A WIZARD	DERBY		""	COLISÃO	COLISAO ENVOLVENDO DOIS AUTOS SEM VITIMA	2									0		""	""	""	""	""	""	""	""	""	""	""	""	""
7944	2018-09-20T00:00:00	16:27:00	SEM VÍTIMA	FINALIZADA	IMBIRIBEIRA	AV MARECHAL MASCARENHAS DE MORAES	4555	""	EM FRENTE A TOYOLEX, SENT. AEROPORTO	AV MARECHAL MASCARENHAS DE MORAES	4555	EM FRENTE A TOYOLEX, SENT. AEROPORTO	IMBIRIBEIRA		""	COLISÃO	DOIS AUTOS	2									0		""	""	""	""	""	""	""	""	""	""	""	""	""
7945	2018-09-20T00:00:00	16:32:00	SEM VÍTIMA	FINALIZADA	CORDEIRO	EST DO FORTE DO ARRAIAL N. DO B. JESUS	657	""	EM A HDR VITAL	EST DO FORTE DO ARRAIAL N. DO B. JESUS	657	EM A HDR VITAL	CORDEIRO		""	COLISÃO	DOIS AUTOS	2									0		""	""	""	""	""	""	""	""	""	""	""	""	""
7946	2018-09-20T00:00:00	17:07:00	SEM VÍTIMA	FINALIZADA	MADALENA	RUA DR SEVERINO PINHEIRO	52	""	APOS A PONTE ESTACIO COIMBRA	RUA DR SEVERINO PINHEIRO	52	APOS A PONTE ESTACIO COIMBRA	MADALENA		""	COLISÃO	TRES AUTOS	3									0		""	""	""	""	""	""	""	""	""	""	""	""	""
7947	2018-09-20T00:00:00	17:25:00	COM VÍTIMA	FINALIZADA	CASA FORTE	AV DEZESSETE DE AGOSTO	""	""	AO LADO DO MUSEU DO HOMEM DO NORDESTE PROX A PAGUE MENOS	AV DEZESSETE DE AGOSTO	""	AO LADO DO MUSEU DO HOMEM DO NORDESTE PROX A PAGUE MENOS	CASA FORTE		""	COLISÃO	COLISAO ENTRE MOTO E AUTO S/V	1	1								1		""	""	""	""	""	""	""	""	""	""	""	""	""
7948	2018-09-20T00:00:00	17:52:00	SEM VÍTIMA	FINALIZADA	BOA VIAGEM	AV BOA VIAGEM	5426	""	EM FRENTE AO HOTEL ATLANTI PLAZA	AV BOA VIAGEM	5426	EM FRENTE AO HOTEL ATLANTI PLAZA	BOA VIAGEM		""	COLISÃO	TRÊS VEÍCULOS - NISSAN LIVINA , RENAUKTO TANGO , FIAT PUNTO	3									0		""	""	""	""	""	""	""	""	""	""	""	""	""
7949	2018-09-20T00:00:00	18:44:00	SEM VÍTIMA	FINALIZADA	SÃO JOSÉ	RUA IMPERIAL	""	""	PRÓX AO QUARTEL E CABANGA / E/F A LOJA PORTELLA	RUA IMPERIAL	""	PRÓX AO QUARTEL E CABANGA / E/F A LOJA PORTELLA	SÃO JOSÉ		""	COLISÃO	ENTRE AUTO E CARRETA. S/V	1						1			0		""	""	""	""	""	""	""	""	""	""	""	""	""
7950	2018-09-20T00:00:00	19:14:00	SEM VÍTIMA	FINALIZADA	SÃO JOSÉ	RUA DA CONCORDIA	874	RUA DO PEIXOTO	E/F AO CAMPOS FRIO / DE ESQUINA COM A R DO PEIXOTO	RUA DA CONCORDIA	874	E/F AO CAMPOS FRIO / DE ESQUINA COM A R DO PEIXOTO	SÃO JOSÉ		""	COLISÃO	ENTRE AUTO PASSEIO E ÕNIBUS. S/V	1					1				0		""	""	""	""	""	""	""	""	""	""	""	""	""
7951	2018-09-20T00:00:00	20:10:00	SEM VÍTIMA	FINALIZADA	CORDEIRO	RUA DR MIGUEL VIEIRA FERREIRA	""	""	SEMÁFORO 541	RUA DR MIGUEL VIEIRA FERREIRA	""	SEMÁFORO 541	CORDEIRO		""	COLISÃO	ENTRE 2 AUTOS.S/V	2									0		""	""	""	""	""	""	""	""	""	""	""	""	""
7952	2018-09-20T00:00:00	20:24:00	COM VÍTIMA	FINALIZADA	SAN MARTIN	AV GENERAL SAN MARTIN	""	""	PRÓX A CAVALARIA / ENTRE A R JOSÉ VELOSO / E/F A DOCE SABOR PADARIA	AV GENERAL SAN MARTIN	""	PRÓX A CAVALARIA / ENTRE A R JOSÉ VELOSO / E/F A DOCE SABOR PADARIA	SAN MARTIN		""	COLISÃO	ENTRE 2 MOTOS. C/V		2								1		""	""	""	""	""	""	""	""	""	""	""	""	""
7953	2018-09-20T00:00:00	20:49:00	SEM VÍTIMA	CANCELADA	CASA AMARELA	AV NORTE	""	""	NA FRENTE DA FARMACIA PAGUE MENOS, SENTIDO MACAXEIRA	AV NORTE	""	NA FRENTE DA FARMACIA PAGUE MENOS, SENTIDO MACAXEIRA	CASA AMARELA		""	COLISÃO	COLISÃO SEM VÍTIMAS	2									0		""	""	""	""	""	""	""	""	""	""	""	""	""
7954	2018-09-20T00:00:00	21:48:00	SEM VÍTIMA	FINALIZADA	IBURA	AV DOIS RIOS	""	RUA FERNANDO TAVARES DA SILVA	FARMACIA PAGUE MENOS , SENTIDO AV RECIFE/ COM A FERNANDO TAVARES DA SILVA SEMÁFORO 323	AV DOIS RIOS	""	FARMACIA PAGUE MENOS , SENTIDO AV RECIFE/ COM A FERNANDO TAVARES DA SILVA SEMÁFORO 323	IBURA		""	COLISÃO	COLISÃO SEM VÍTIMAS	2									0		""	""	""	""	""	""	""	""	""	""	""	""	""
7955	2018-09-20T00:00:00	21:49:00	SEM VÍTIMA	CANCELADA	FUNDÃO	AV BEBERIBE	""	RUA CEL URBANO DE SENNA	SEMÁFORO 307 - CRUZ COM A R CORONEL URBANO DE SENNA	AV BEBERIBE	""	SEMÁFORO 307 - CRUZ COM A R CORONEL URBANO DE SENNA	FUNDÃO		""	COLISÃO	ENTRE 2 AUTOS. S/V	2									0		""	""	""	""	""	""	""	""	""	""	""	""	""
7956	2018-09-20T00:00:00	23:03:00	COM VÍTIMA	FINALIZADA	AFOGADOS	RUA SAO MIGUEL	""	""	AO LADO DO ARMAZÉM CORAL E PRÓX AO POSTO IPIRANGA	RUA SAO MIGUEL	""	AO LADO DO ARMAZÉM CORAL E PRÓX AO POSTO IPIRANGA	AFOGADOS		""	COLISÃO	ENTRE AUTO E MOTO. C/V	1	1								1		""	""	""	""	""	""	""	""	""	""	""	""	""
7957	2018-09-21T00:00:00	06:07:00	SEM VÍTIMA	FINALIZADA	MADALENA	RUA BENFICA	""	""	EM FRENTE AO EXTRA	RUA BENFICA	""	EM FRENTE AO EXTRA	MADALENA		""	COLISÃO	ONIBUS E AUTO	1					1				0		""	""	""	""	""	""	""	""	""	""	""	""	""
7958	2018-09-21T00:00:00	06:24:00	SEM VÍTIMA	FINALIZADA	MADALENA	RUA JOSE BONIFACIO	""	RUA CONDE DE IRAJA	CRUZ COM A CONDE DE IRAJA EM FRENTE A PIZZARIA SPECIALLE	RUA JOSE BONIFACIO	""	CRUZ COM A CONDE DE IRAJA EM FRENTE A PIZZARIA SPECIALLE	MADALENA		""	COLISÃO	COLISÃO SEM VITIMAS	2									0		""	""	""	""	""	""	""	""	""	""	""	""	""
7959	2018-09-21T00:00:00	07:14:00	COM VÍTIMA	FINALIZADA	SAN MARTIN	AV GENERAL SAN MARTIN	""	RUA JOSE VELOSO	CRUZ COM A RUA JOSE VELOSO EM FRENTE A CAVALARIA	AV GENERAL SAN MARTIN	""	CRUZ COM A RUA JOSE VELOSO EM FRENTE A CAVALARIA	SAN MARTIN		""	COLISÃO	COLISÃO COM VITIMA	1							1		1		""	""	""	""	""	""	""	""	""	""	""	""	""
7960	2018-09-21T00:00:00	07:59:00	SEM VÍTIMA	FINALIZADA	BARRO	AV DR JOSE RUFINO	2262	""	EM FRENTE A CLINICA PILATES FISIOTERAPIA,E AO LADO DA IGREJA DO BARRO,SENT/TEJIPIÓ	AV DR JOSE RUFINO	2262	EM FRENTE A CLINICA PILATES FISIOTERAPIA,E AO LADO DA IGREJA DO BARRO,SENT/TEJIPIÓ	BARRO		""	COLISÃO	SEM VITIMAS						1	1			0		""	""	""	""	""	""	""	""	""	""	""	""	""
7961	2018-09-21T00:00:00	08:30:00	SEM VÍTIMA	FINALIZADA	MADALENA	RUA REAL DA TORRE	361	""	E/F A CLÍNICA DE ESTETICA SCHOOL, SENTIDO AFOGADOS ANTES DO TÚNEL DA ABOLIÇÃO	RUA REAL DA TORRE	361	E/F A CLÍNICA DE ESTETICA SCHOOL, SENTIDO AFOGADOS ANTES DO TÚNEL DA ABOLIÇÃO	MADALENA		""	COLISÃO	SEM VITIMAS	2									0		""	""	""	""	""	""	""	""	""	""	""	""	""
7962	2018-09-21T00:00:00	08:37:00	SEM VÍTIMA	FINALIZADA	DERBY	PRC PARQUE AMORIM	""	""	EM FRENTE AO WALMART	PRC PARQUE AMORIM	""	EM FRENTE AO WALMART	DERBY		""	COLISÃO	SEM VITIMAS /CTTU NO LOCAL ,GM VAI FAZERR O B.O	2									0		""	""	""	""	""	""	""	""	""	""	""	""	""
7963	2018-09-21T00:00:00	09:13:00	SEM VÍTIMA	FINALIZADA	SÃO JOSÉ	RUA PASSO DA PATRIA	""	RUA DA CONCORDIA	CRUZ COM A RUA DA CONCORDIA PROX A OFICINA MOTO IRMÃO CRUZ	RUA PASSO DA PATRIA	""	CRUZ COM A RUA DA CONCORDIA PROX A OFICINA MOTO IRMÃO CRUZ	SÃO JOSÉ		""	COLISÃO	COLISÃO SEM VITIMAS	2									0		""	""	""	""	""	""	""	""	""	""	""	""	""
7964	2018-09-21T00:00:00	09:19:00	SEM VÍTIMA	CANCELADA	SANTO AMARO	RUA DA AURORA	""	AV NORTE	SEMAFORO 243 SENT/OLINDA,CRUZAMENTO COM AV NORTE	RUA DA AURORA	""	SEMAFORO 243 SENT/OLINDA,CRUZAMENTO COM AV NORTE	SANTO AMARO		""	COLISÃO	SEM VITIMAS	2									0		""	""	""	""	""	""	""	""	""	""	""	""	""
7965	2018-09-21T00:00:00	09:32:00	SEM VÍTIMA	FINALIZADA	JORDÃO	AV MARIA IRENE	""	""	EM FRENTE A CAPELA SÃO JOÃO BATISTA	AV MARIA IRENE	""	EM FRENTE A CAPELA SÃO JOÃO BATISTA	JORDÃO		""	COLISÃO	COLISÃO SEM VITIMAS	1					1				0		""	""	""	""	""	""	""	""	""	""	""	""	""
7966	2018-09-21T00:00:00	09:36:00	SEM VÍTIMA	CANCELADA	SANTO AMARO	AV VISCONDE DE SUASSUNA	797	""	PROX. A INOVE PROMOTORA	AV VISCONDE DE SUASSUNA	797	PROX. A INOVE PROMOTORA	SANTO AMARO		""	COLISÃO	DOIS AUTOS	2									0		""	""	""	""	""	""	""	""	""	""	""	""	""
7967	2018-09-21T00:00:00	09:45:00	SEM VÍTIMA	CANCELADA	CAXANGÁ	RUA RIBEIRO PESSOA	""	""	NO SEMAFORO 281, EM FRENTE AO POSTO DE GASOLINA SHELL	RUA RIBEIRO PESSOA	""	NO SEMAFORO 281, EM FRENTE AO POSTO DE GASOLINA SHELL	CAXANGÁ		""	COLISÃO	ONIBUS E AUTO	1					1				0		""	""	""	""	""	""	""	""	""	""	""	""	""
7968	2018-09-21T00:00:00	09:58:00	SEM VÍTIMA	FINALIZADA	ALTO JOSÉ BONIFÁCIO	RUA CORREGO DO EUCLIDES	1926	""	E/F A RESIDENCIA	RUA CORREGO DO EUCLIDES	1926	E/F A RESIDENCIA	ALTO JOSÉ BONIFÁCIO		""	COLISÃO	SEM VÍTIMAS	2									0		""	""	""	""	""	""	""	""	""	""	""	""	""
7969	2018-09-21T00:00:00	10:00:00	SEM VÍTIMA	CANCELADA	ESPINHEIRO	RUA ANGUSTURA	225	""	POR TRAS DA IGREJA DO ESPINHEIRO EM FRENTE AO EDIFICIO ANGUSTURA PRINCE	RUA ANGUSTURA	225	POR TRAS DA IGREJA DO ESPINHEIRO EM FRENTE AO EDIFICIO ANGUSTURA PRINCE	ESPINHEIRO		""	COLISÃO	COLISÃO SEM VITIMAS	2									0		""	""	""	""	""	""	""	""	""	""	""	""	""
7970	2018-09-21T00:00:00	10:57:00	SEM VÍTIMA	FINALIZADA	CORDEIRO	AV GENERAL SAN MARTIN	""	""	EM FRENTE AO HOSPITAL GETULIO VARGAS E POSTO DE GASOLINA DISLUB	AV GENERAL SAN MARTIN	""	EM FRENTE AO HOSPITAL GETULIO VARGAS E POSTO DE GASOLINA DISLUB	CORDEIRO		""	COLISÃO	DOIS AUTOS	2									0		""	""	""	""	""	""	""	""	""	""	""	""	""
7971	2018-09-21T00:00:00	11:07:00	SEM VÍTIMA	FINALIZADA	PARNAMIRIM	AV PARNAMIRIM	""	RUA TITO ROSAS	CRUZ COM A RUA TITO ROSAS	AV PARNAMIRIM	""	CRUZ COM A RUA TITO ROSAS	PARNAMIRIM		""	COLISÃO	COLISÃO SEM VITIMAS GM	2									0		""	""	""	""	""	""	""	""	""	""	""	""	""
7972	2018-09-21T00:00:00	11:16:00	SEM VÍTIMA	FINALIZADA	AFOGADOS	LARGO DA PAZ	""	""	E/F AO ITAU	LARGO DA PAZ	""	E/F AO ITAU	AFOGADOS		""	COLISÃO	SEM VÍTIMAS. VT 12 NO LOCAL	2									0		""	""	""	""	""	""	""	""	""	""	""	""	""
7973	2018-09-21T00:00:00	11:27:00	SEM VÍTIMA	FINALIZADA	ESPINHEIRO	AV GOVERNADOR AGAMENON MAGALHAES	""	""	SENTIDO CIDADE EM FRENTE AO MINISTERIO DO TRABALHO	AV GOVERNADOR AGAMENON MAGALHAES	""	SENTIDO CIDADE EM FRENTE AO MINISTERIO DO TRABALHO	ESPINHEIRO		""	COLISÃO	COLISÃO SEM VITIMAS	3						1			0		""	""	""	""	""	""	""	""	""	""	""	""	""
7974	2018-09-21T00:00:00	11:31:00	SEM VÍTIMA	FINALIZADA	ILHA DO LEITE	RUA FRANCISCO ALVES	552	""	CONSULT CENTER, SEMÁFORO 508	RUA FRANCISCO ALVES	552	CONSULT CENTER, SEMÁFORO 508	ILHA DO LEITE		""	COLISÃO	SEM VÍTIMAS	1					1				0		""	""	""	""	""	""	""	""	""	""	""	""	""