_id	DATA	hora	natureza_acidente	situacao	bairro	endereco	numero	detalhe_endereco_acidente	complemento	endereco_cruzamento	numero_cruzamento	referencia_cruzamento	bairro_cruzamento	num_semaforo	sentido_via	tipo	descricao	auto	moto	ciclom	ciclista	pedestre	onibus	caminhao	viatura	outros	vitimas	vitimasfatais	acidente_verificado	tempo_clima	situacao_semaforo	sinalizacao	condicao_via	conservacao_via	ponto_controle	situacao_placa	velocidade_max_via	mao_direcao	divisao_via1	divisao_via2	divisao_via3
7975	2018-09-21T00:00:00	12:09:00	SEM VÍTIMA	FINALIZADA	DERBY	AV GOVERNADOR AGAMENON MAGALHAES	""	""	NA FRENTE DO HOSP. DA RESTAURAÇÃO, SENTIDO OLINDA	AV GOVERNADOR AGAMENON MAGALHAES	""	NA FRENTE DO HOSP. DA RESTAURAÇÃO, SENTIDO OLINDA	DERBY		""	COLISÃO	COLISÃO SEM VITIMAS	2									0		""	""	""	""	""	""	""	""	""	""	""	""	""
7976	2018-09-21T00:00:00	12:14:00	COM VÍTIMA	FINALIZADA	MANGUEIRA	RUA SAO MIGUEL	""	""	PROXIMO AO BODE DO NÔ	RUA SAO MIGUEL	""	PROXIMO AO BODE DO NÔ	MANGUEIRA		""	COLISÃO	COLISÃO COM VÍTIMA	1	1								1		""	""	""	""	""	""	""	""	""	""	""	""	""
7977	2018-09-21T00:00:00	12:23:00	SEM VÍTIMA	FINALIZADA	ESTÂNCIA	AV RECIFE	""	""	EM CIMA DO PONTILHAO DO METRO / SENT SUB	AV RECIFE	""	EM CIMA DO PONTILHAO DO METRO / SENT SUB	ESTÂNCIA		""	COLISÃO	AUTO E CAMINHAO	1						1			0		""	""	""	""	""	""	""	""	""	""	""	""	""
7978	2018-09-21T00:00:00	12:26:00	SEM VÍTIMA	FINALIZADA	PINA	PTE GOVERNADOR PAULO GUERRA	""	""	EM CIMA DA PONTE/ SENTIDO CIDADE	PTE GOVERNADOR PAULO GUERRA	""	EM CIMA DA PONTE/ SENTIDO CIDADE	PINA		""	ENGAVETAMENTO	SEM VÍTIMA	4									0		""	""	""	""	""	""	""	""	""	""	""	""	""
7979	2018-09-21T00:00:00	12:28:00	SEM VÍTIMA	FINALIZADA	ESPINHEIRO	RUA DO ESPINHEIRO	""	""	SUPERMERCADO EXRA	RUA DO ESPINHEIRO	""	SUPERMERCADO EXRA	ESPINHEIRO		""	COLISÃO	COLISÃO SEM VITIMAS	1					1				0		""	""	""	""	""	""	""	""	""	""	""	""	""
7980	2018-09-21T00:00:00	12:59:00	COM VÍTIMA	FINALIZADA	VÁRZEA	RUA VALE DO SIRIJI	130	""	EM FRENTE A FABRICA STUDIOS	RUA VALE DO SIRIJI	130	EM FRENTE A FABRICA STUDIOS	VÁRZEA		""	COLISÃO	COLISÃO COM VÍTIMA	1	1								1		""	""	""	""	""	""	""	""	""	""	""	""	""
7981	2018-09-21T00:00:00	13:15:00	SEM VÍTIMA	FINALIZADA	BOA VISTA	RUA GERVASIO PIRES	382	""	POR TRAS DO SHOPPING BOA VISTA	RUA GERVASIO PIRES	382	POR TRAS DO SHOPPING BOA VISTA	BOA VISTA		""	COLISÃO	CAMINHAO E AUTO	1						1			0		""	""	""	""	""	""	""	""	""	""	""	""	""
7982	2018-09-21T00:00:00	13:34:00	SEM VÍTIMA	FINALIZADA	ESTÂNCIA	AV RECIFE	""	""	NA DESCIDA DO VIADUTO, SENTIDO BR101	AV RECIFE	""	NA DESCIDA DO VIADUTO, SENTIDO BR101	ESTÂNCIA		""	COLISÃO	COLISÃO SEM VITIMAS	1						1			0		""	""	""	""	""	""	""	""	""	""	""	""	""
7983	2018-09-21T00:00:00	13:44:00	SEM VÍTIMA	CANCELADA	SAN MARTIN	AV CONSUL VILARES FRAGOSO	""	""	EM FRENTE A PRAÇA DA CHESF	AV CONSUL VILARES FRAGOSO	""	EM FRENTE A PRAÇA DA CHESF	SAN MARTIN		""	COLISÃO	COLISÃO SEM VÍTIMA	2									0		""	""	""	""	""	""	""	""	""	""	""	""	""
7984	2018-09-21T00:00:00	13:46:00	SEM VÍTIMA	FINALIZADA	ESPINHEIRO	RUA QUARENTA E OITO	244	""	EM FRENTE AO PONTO 48	RUA QUARENTA E OITO	244	EM FRENTE AO PONTO 48	ESPINHEIRO		""	COLISÃO	COLISAO ENTRE ONIBUS E AUTO PASSEIO	1					1				0		""	""	""	""	""	""	""	""	""	""	""	""	""
7985	2018-09-21T00:00:00	14:01:00	COM VÍTIMA	FINALIZADA	IBURA	AV DOIS RIOS	1093	""	PROXIMO A PAGUE MENOS/ SENTIDO IPSEP	AV DOIS RIOS	1093	PROXIMO A PAGUE MENOS/ SENTIDO IPSEP	IBURA		""	ATROPELAMENTO	COM VÍTIMA		1			1					1		""	""	""	""	""	""	""	""	""	""	""	""	""
7986	2018-09-21T00:00:00	14:05:00	SEM VÍTIMA	FINALIZADA	IMBIRIBEIRA	AV MARECHAL MASCARENHAS DE MORAES	""	""	SEMAFORO 532 / SENT SUB / ESTACIONADO NAS LOJAS GRILLO	AV MARECHAL MASCARENHAS DE MORAES	""	SEMAFORO 532 / SENT SUB / ESTACIONADO NAS LOJAS GRILLO	IMBIRIBEIRA		""	COLISÃO	DOIS AUTOS	2									0		""	""	""	""	""	""	""	""	""	""	""	""	""
7987	2018-09-21T00:00:00	14:13:00	SEM VÍTIMA	FINALIZADA	MADALENA	RUA BENFICA	""	""	ENFRENTE A CELPE DA CAXANGA, SOBRE O TUNEL DA ABOLIÇÃO	RUA BENFICA	""	ENFRENTE A CELPE DA CAXANGA, SOBRE O TUNEL DA ABOLIÇÃO	MADALENA		""	COLISÃO	COLISÃO SEM VITIMA	1	1								0		""	""	""	""	""	""	""	""	""	""	""	""	""
7988	2018-09-21T00:00:00	14:25:00	SEM VÍTIMA	CANCELADA	BOA VIAGEM	RUA CAPITAO ZUZINHA	22	""	EM FRENTE A GALERIA SETÚBAL CENTER	RUA CAPITAO ZUZINHA	22	EM FRENTE A GALERIA SETÚBAL CENTER	BOA VIAGEM		""	COLISÃO	COLISÃO SEM VÍTIMA	2									0		""	""	""	""	""	""	""	""	""	""	""	""	""
7989	2018-09-21T00:00:00	14:42:00	SEM VÍTIMA	FINALIZADA	SÃO JOSÉ	RUA DA CONCORDIA	708	""	EM FRENTE AO EDIFICIO GARAGEM DA SECRETARIA DA FAZENDA	RUA DA CONCORDIA	708	EM FRENTE AO EDIFICIO GARAGEM DA SECRETARIA DA FAZENDA	SÃO JOSÉ		""	COLISÃO	COLISÃO SEM VÍTIMA	2									0		""	""	""	""	""	""	""	""	""	""	""	""	""
7990	2018-09-21T00:00:00	14:52:00	SEM VÍTIMA	PENDENTE	BOA VIAGEM	AV BOA VIAGEM	1870	""	EM FRENTE AO EDF COMENDADOR PEDRO RENDA	AV BOA VIAGEM	1870	EM FRENTE AO EDF COMENDADOR PEDRO RENDA	BOA VIAGEM		""	COLISÃO	COLISÃO SEM VÍTIMA	2									0		""	""	""	""	""	""	""	""	""	""	""	""	""
7991	2018-09-21T00:00:00	15:04:00	SEM VÍTIMA	FINALIZADA	BOA VIAGEM	RUA BRUNO VELOSO	""	""	SAIDA DO SHOPPING RECIFE / EM FRENTE AO POSTO DE PLICIA / SEMAFORO 335	RUA BRUNO VELOSO	""	SAIDA DO SHOPPING RECIFE / EM FRENTE AO POSTO DE PLICIA / SEMAFORO 335	BOA VIAGEM		""	COLISÃO	DOIS AUTOS	2									0		""	""	""	""	""	""	""	""	""	""	""	""	""
7992	2018-09-21T00:00:00	15:12:00	SEM VÍTIMA	FINALIZADA	AFOGADOS	LARGO DA PAZ	""	""	EM BAIXO DO PONTILHÃO	LARGO DA PAZ	""	EM BAIXO DO PONTILHÃO	AFOGADOS		""	COLISÃO	COLISÃO SEM VÍTIMA	1						1			0		""	""	""	""	""	""	""	""	""	""	""	""	""
7993	2018-09-21T00:00:00	15:13:00	SEM VÍTIMA	FINALIZADA	BREJO DA GUABIRABA	RUA URIEL DE HOLANDA	1800	""	EM FRENTE AO ARMAZEM DE CONSTRUÇAPO SHALON	RUA URIEL DE HOLANDA	1800	EM FRENTE AO ARMAZEM DE CONSTRUÇAPO SHALON	BREJO DA GUABIRABA		""	COLISÃO	CAMINHAO E AUTO	1						1			0		""	""	""	""	""	""	""	""	""	""	""	""	""
7994	2018-09-21T00:00:00	15:31:00	SEM VÍTIMA	FINALIZADA	CASA FORTE	AV DEZESSETE DE AGOSTO	1441	""	EM FRENTE A LOJAS AMERICANAS	AV DEZESSETE DE AGOSTO	1441	EM FRENTE A LOJAS AMERICANAS	CASA FORTE		""	COLISÃO	COLISÃO SEM VÍTIMA	2									0		""	""	""	""	""	""	""	""	""	""	""	""	""
7995	2018-09-21T00:00:00	15:44:00	COM VÍTIMA	FINALIZADA	ESPINHEIRO	AV CONS ROSA E SILVA	""	""	POR TRAZ DO CLUBE PORTUGUES	AV CONS ROSA E SILVA	""	POR TRAZ DO CLUBE PORTUGUES	ESPINHEIRO		""	ATROPELAMENTO	ATROPELAMENTO COM CICLISTA	1				1					1		""	""	""	""	""	""	""	""	""	""	""	""	""
7996	2018-09-21T00:00:00	16:04:00	SEM VÍTIMA	FINALIZADA	AREIAS	AV RECIFE	""	""	JUNTO AO MAKRO / SENTIDO CAXANGA	AV RECIFE	""	JUNTO AO MAKRO / SENTIDO CAXANGA	AREIAS		""	COLISÃO	COLISÃO SEM VITIMA		1					1			0		""	""	""	""	""	""	""	""	""	""	""	""	""
7997	2018-09-21T00:00:00	16:36:00	SEM VÍTIMA	FINALIZADA	TEJIPIÓ	RUA APRIGIO GUIMARAES	184	""	PROXIMO AO SALÃO DO REINO DAS TESTEMHUNHAS DE JEOVA	RUA APRIGIO GUIMARAES	184	PROXIMO AO SALÃO DO REINO DAS TESTEMHUNHAS DE JEOVA	TEJIPIÓ		""	COLISÃO	COLISÃO SEM VÍTIMA	2									0		""	""	""	""	""	""	""	""	""	""	""	""	""
7998	2018-09-21T00:00:00	16:49:00	COM VÍTIMA	FINALIZADA	JOANA BEZERRA	VIADUTO CAPITAO TEMUDO	""	""	EM CIMA DO VIADUTO/ SENTIDO PINA	VIADUTO CAPITAO TEMUDO	""	EM CIMA DO VIADUTO/ SENTIDO PINA	JOANA BEZERRA		""	COLISÃO	COLISÃO COM VÍTIMA	1	1								2		""	""	""	""	""	""	""	""	""	""	""	""	""
7999	2018-09-21T00:00:00	16:52:00	SEM VÍTIMA	FINALIZADA	CIDADE UNIVERSITÁRIA	RUA PROFESSOR CHAVES BATISTA	""	""	AO LADO DO BOI E BRAZA	RUA PROFESSOR CHAVES BATISTA	""	AO LADO DO BOI E BRAZA	CIDADE UNIVERSITÁRIA		""	COLISÃO	ONIBUS E AUTO	1					1				0		""	""	""	""	""	""	""	""	""	""	""	""	""
8000	2018-09-21T00:00:00	18:01:00	SEM VÍTIMA	FINALIZADA	ENCRUZILHADA	RUA ALFREDO DE CASTRO	""	""	ENFRENTE A FEDERAÇÃO ESPIRITA DE PERNAMBUCO	RUA ALFREDO DE CASTRO	""	ENFRENTE A FEDERAÇÃO ESPIRITA DE PERNAMBUCO	ENCRUZILHADA		""	COLISÃO	COLISÃO SEM VITIMAS	1					1				0		""	""	""	""	""	""	""	""	""	""	""	""	""
8001	2018-09-21T00:00:00	18:20:00	COM VÍTIMA	FINALIZADA	SÃO JOSÉ	AV SUL	""	""	FAIXA EXCLUSIVA DE ONIBUS	AV SUL	""	FAIXA EXCLUSIVA DE ONIBUS	SÃO JOSÉ		""	ACID. DE PERCURSO	ACIDENTE COM MOTO 33 - BATEDOR DEYLTON										1		""	""	""	""	""	""	""	""	""	""	""	""	""
8002	2018-09-21T00:00:00	19:26:00	SEM VÍTIMA	FINALIZADA	SÃO JOSÉ	AV SUL	""	""	NA FRENTE DA IGREJA BATISTA IMPERIAL	AV SUL	""	NA FRENTE DA IGREJA BATISTA IMPERIAL	SÃO JOSÉ		""	COLISÃO	COLISÃO SEM VITIMAS	2									0		""	""	""	""	""	""	""	""	""	""	""	""	""
8003	2018-09-21T00:00:00	20:08:00	COM VÍTIMA	FINALIZADA	BEBERIBE	RUA URIEL DE HOLANDA	""	RUA TAQUARITINGA	CRUZAMENTO C/A RUA TAGUATINGA - E/F A ESCOLA PEDRO CELSO	RUA URIEL DE HOLANDA	""	CRUZAMENTO C/A RUA TAGUATINGA - E/F A ESCOLA PEDRO CELSO	BEBERIBE		""	COLISÃO	TAXI X MOTO	1	1								1		""	""	""	""	""	""	""	""	""	""	""	""	""
8004	2018-09-21T00:00:00	21:36:00	COM VÍTIMA	FINALIZADA	IPSEP	RUA JEAN EMILE FAVRE	""	""	EMFRENTE A UNIFBV	RUA JEAN EMILE FAVRE	""	EMFRENTE A UNIFBV	IPSEP		""	COLISÃO	COLISÃO COM VITIMA	1	1								1		""	""	""	""	""	""	""	""	""	""	""	""	""
8005	2018-09-21T00:00:00	22:04:00	COM VÍTIMA	FINALIZADA	AREIAS	AV DR JOSE RUFINO	994	""	ENF A HONDA SENTIDO RECIFE	AV DR JOSE RUFINO	994	ENF A HONDA SENTIDO RECIFE	AREIAS		""	COLISÃO	KOMBI X GOL	2									2		""	""	""	""	""	""	""	""	""	""	""	""	""
8006	2018-09-21T00:00:00	22:52:00	SEM VÍTIMA	CANCELADA	IPSEP	RUA PROFESSOR JOSE VICENTE	467	""	PROX AO MERCADINHO CONVENÇAO	RUA PROFESSOR JOSE VICENTE	467	PROX AO MERCADINHO CONVENÇAO	IPSEP		""	COLISÃO	UNO X MOTO OBS O PILOTO FOI EMBORA	1	1								0		""	""	""	""	""	""	""	""	""	""	""	""	""
8007	2018-09-22T00:00:00	01:10:00	COM VÍTIMA	CANCELADA	VASCO DA GAMA	RUA VASCO DA GAMA	885	""	PERTO DA QUADRA DO VASCO, EM FRENTE À IGREJA ASSEMBLÉIA DE DEUS.	RUA VASCO DA GAMA	885	PERTO DA QUADRA DO VASCO, EM FRENTE À IGREJA ASSEMBLÉIA DE DEUS.	VASCO DA GAMA		""	COLISÃO	COLISÃO ENTRE AUTO E MOTO C/V	1	1								2		""	""	""	""	""	""	""	""	""	""	""	""	""
8008	2018-09-22T00:00:00	02:00:00	SEM VÍTIMA	FINALIZADA	BOA VIAGEM	AV ENGENHEIRO DOMINGOS FERREIRA	467	""	EM FRENTE AO PRÉDIO DA MOURA DUBEUX E HDI SEGUROS. PISTA DIREITA	AV ENGENHEIRO DOMINGOS FERREIRA	467	EM FRENTE AO PRÉDIO DA MOURA DUBEUX E HDI SEGUROS. PISTA DIREITA	BOA VIAGEM		""	COLISÃO	COLISÃO ENTRE AUTO E MOTO S/V	1	1								0		""	""	""	""	""	""	""	""	""	""	""	""	""
8009	2018-09-22T00:00:00	05:20:00	SEM VÍTIMA	CANCELADA	CAMPO GRANDE	AV GOVERNADOR AGAMENON MAGALHAES	""	""	CENTRAL DE PLANTÕES, PRÉDIO DO 13º BATALHÃO DA PM	AV GOVERNADOR AGAMENON MAGALHAES	""	CENTRAL DE PLANTÕES, PRÉDIO DO 13º BATALHÃO DA PM	CAMPO GRANDE		""	COLISÃO	COLISÃO ENTRE DOIS AUTOS S/V	2									0		""	""	""	""	""	""	""	""	""	""	""	""	""
8010	2018-09-22T00:00:00	08:02:00	SEM VÍTIMA	FINALIZADA	IMBIRIBEIRA	AV MARECHAL MASCARENHAS DE MORAES	5089	""	SENTIDO PRAZERES PROX A ENTRADA DO AEROPORTO EM FRENTE A PR PALACIO DOS RADIADORES	AV MARECHAL MASCARENHAS DE MORAES	5089	SENTIDO PRAZERES PROX A ENTRADA DO AEROPORTO EM FRENTE A PR PALACIO DOS RADIADORES	IMBIRIBEIRA		""	COLISÃO	COLISÃO SEM VITIMAS	2									0		""	""	""	""	""	""	""	""	""	""	""	""	""
8011	2018-09-22T00:00:00	08:18:00	SEM VÍTIMA	FINALIZADA	ESPINHEIRO	RUA DO ESPINHEIRO	""	""	E/F A GALERIA ESPINHEIRO E O POSTO IPIRANGA	RUA DO ESPINHEIRO	""	E/F A GALERIA ESPINHEIRO E O POSTO IPIRANGA	ESPINHEIRO		""	COLISÃO	SEM VÍTIMA. VT 02 NO LOCAL.	2									0		""	""	""	""	""	""	""	""	""	""	""	""	""
8012	2018-09-22T00:00:00	08:56:00	SEM VÍTIMA	FINALIZADA	IPUTINGA	RUA EMILIANO BRAGA	""	""	AO LADO DO PARAIBANOS BAR	RUA EMILIANO BRAGA	""	AO LADO DO PARAIBANOS BAR	IPUTINGA		""	COLISÃO	SEM VÍTIMAS	1					1				0		""	""	""	""	""	""	""	""	""	""	""	""	""
8013	2018-09-22T00:00:00	09:06:00	""	CANCELADA	IPUTINGA	RUA EMILIANO BRAGA	256	""	SENTIDO BR EM FRENTE AO PARAIBANOS BAR	RUA EMILIANO BRAGA	256	SENTIDO BR EM FRENTE AO PARAIBANOS BAR	IPUTINGA		""	COLISÃO	COLISÃO SEM VITIMAS	1						1			0		""	""	""	""	""	""	""	""	""	""	""	""	""
8014	2018-09-22T00:00:00	09:34:00	SEM VÍTIMA	FINALIZADA	CASA AMARELA	AV PROFESSOR JOSE DOS ANJOS	""	AV NORTE	COM AV. NORTE, EM FRENTE AO SESC SENT. ARRUDA	AV PROFESSOR JOSE DOS ANJOS	""	COM AV. NORTE, EM FRENTE AO SESC SENT. ARRUDA	CASA AMARELA		""	COLISÃO	DOIS AUTOS E CAMINHÃO	2						1			0		""	""	""	""	""	""	""	""	""	""	""	""	""
8015	2018-09-22T00:00:00	10:17:00	SEM VÍTIMA	FINALIZADA	TORRÕES	AV ENGENHEIRO ABDIAS DE CARVALHO	""	""	EM FRENTE AO YOKI S/T CID	AV ENGENHEIRO ABDIAS DE CARVALHO	""	EM FRENTE AO YOKI S/T CID	TORRÕES		""	COLISÃO	COLISAO ENTRE DOIS AUTOS S/V	2									0		""	""	""	""	""	""	""	""	""	""	""	""	""
8016	2018-09-22T00:00:00	10:24:00	SEM VÍTIMA	FINALIZADA	ESTÂNCIA	AV RECIFE	5630	""	AO LADO DO CERPE, SEMÁFORO 259. SENTIDO SAN MARTIN	AV RECIFE	5630	AO LADO DO CERPE, SEMÁFORO 259. SENTIDO SAN MARTIN	ESTÂNCIA		""	COLISÃO	SEM VÍTIMAS	2									0		""	""	""	""	""	""	""	""	""	""	""	""	""
8017	2018-09-22T00:00:00	11:21:00	COM VÍTIMA	FINALIZADA	BOA VIAGEM	AV HELIO FALCAO	""	RUA DESEMBARGADOR JOAO PAES	COM RUA DESEMBARGADOR JOAO PAES VT 15 NO LOCAL	AV HELIO FALCAO	""	COM RUA DESEMBARGADOR JOAO PAES VT 15 NO LOCAL	BOA VIAGEM		""	ATROPELAMENTO	ATROPELAMENTO COM UMA VITIMA	1				1					1		""	""	""	""	""	""	""	""	""	""	""	""	""
8018	2018-09-22T00:00:00	11:36:00	SEM VÍTIMA	FINALIZADA	PORTO DA MADEIRA	AV BEBERIBE	3433	""	EM FRENTE AO POSTO DE GASOLINA SIVINI	AV BEBERIBE	3433	EM FRENTE AO POSTO DE GASOLINA SIVINI	PORTO DA MADEIRA		""	COLISÃO	DOIS AUTOS	2									0		""	""	""	""	""	""	""	""	""	""	""	""	""
8019	2018-09-22T00:00:00	11:39:00	SEM VÍTIMA	FINALIZADA	JARDIM SÃO PAULO	RUA BREJOLANDIA	171	""	E/F A RESIDENCIA. AO LADO DO CONDOMINIO VILA JARDIM	RUA BREJOLANDIA	171	E/F A RESIDENCIA. AO LADO DO CONDOMINIO VILA JARDIM	JARDIM SÃO PAULO		""	COLISÃO	SEM VÍTIMAS	1	1								0		""	""	""	""	""	""	""	""	""	""	""	""	""
8020	2018-09-22T00:00:00	12:04:00	SEM VÍTIMA	FINALIZADA	MADALENA	AV ENGENHEIRO ABDIAS DE CARVALHO	XX	RUA JOAO IVO	SEMÁFORO Nº 132 , COM A RUA JOÃO IVO.	AV ENGENHEIRO ABDIAS DE CARVALHO	XX	SEMÁFORO Nº 132 , COM A RUA JOÃO IVO.	MADALENA		""	COLISÃO	COLISÃO SEM VITIMAS	1	1								0		""	""	""	""	""	""	""	""	""	""	""	""	""
8021	2018-09-22T00:00:00	12:09:00	SEM VÍTIMA	CANCELADA	SANTO AMARO	AV CRUZ CABUGA	""	""	EM FRENTE AO COLEGIO ESTADUAL SIZENANDO SILVEIRA SEMAFORO 171/SENT/CIDADE	AV CRUZ CABUGA	""	EM FRENTE AO COLEGIO ESTADUAL SIZENANDO SILVEIRA SEMAFORO 171/SENT/CIDADE	SANTO AMARO		""	COLISÃO	SEM VITIMAS	1					1				0		""	""	""	""	""	""	""	""	""	""	""	""	""
8022	2018-09-22T00:00:00	12:10:00	SEM VÍTIMA	FINALIZADA	IPSEP	RUA ITAJAI	246	""	EM FRENTE AO EDIFICIO RIO UATAMÃ	RUA ITAJAI	246	EM FRENTE AO EDIFICIO RIO UATAMÃ	IPSEP		""	COLISÃO	COLISÃO SEM VÍTIMA	1								1	0		""	""	""	""	""	""	""	""	""	""	""	""	""
8023	2018-09-22T00:00:00	12:20:00	COM VÍTIMA	FINALIZADA	TORRE	RUA DOM MANOEL DA COSTA	""	RUA PADRE LANDIN	ESQUINA COM A RUA PADRE LANDIN,RUA DO COLEGIO CRISTO REI	RUA DOM MANOEL DA COSTA	""	ESQUINA COM A RUA PADRE LANDIN,RUA DO COLEGIO CRISTO REI	TORRE		""	COLISÃO	COM UMA VITIMA .AGUARDANDO SAMU	1	1								1		""	""	""	""	""	""	""	""	""	""	""	""	""
8024	2018-09-22T00:00:00	12:42:00	SEM VÍTIMA	FINALIZADA	PINA	RUA PAULO MAFRA	""	""	EM FRENTE AO COLEGIO SOLANO MAGALHAES	RUA PAULO MAFRA	""	EM FRENTE AO COLEGIO SOLANO MAGALHAES	PINA		""	COLISÃO	CAMINHAO E AUTO	1						1			0		""	""	""	""	""	""	""	""	""	""	""	""	""
8025	2018-09-22T00:00:00	12:52:00	SEM VÍTIMA	FINALIZADA	SÃO JOSÉ	AV SUL	""	""	AO LADO DO FORTE DAS CINCO PONTAS, E EMBAIXO DO VIADUTO DO RETORNO DAS CINCO PONTAS SENT/CAIS DE SANTA RITA	AV SUL	""	AO LADO DO FORTE DAS CINCO PONTAS, E EMBAIXO DO VIADUTO DO RETORNO DAS CINCO PONTAS SENT/CAIS DE SANTA RITA	SÃO JOSÉ		""	COLISÃO	COLISÃO SEM VITIMAS	1						1			0		""	""	""	""	""	""	""	""	""	""	""	""	""
8026	2018-09-22T00:00:00	13:06:00	COM VÍTIMA	FINALIZADA	GRAÇAS	RUA JOAQUIM NABUCO	""	""	AO LADO DO HOSPITAL DA RESTAURACAO	RUA JOAQUIM NABUCO	""	AO LADO DO HOSPITAL DA RESTAURACAO	GRAÇAS		""	ATROPELAMENTO	ATROPELAMENTO DE DEFICIENTE FÍSICO	1				1					1		""	""	""	""	""	""	""	""	""	""	""	""	""
8027	2018-09-22T00:00:00	13:41:00	SEM VÍTIMA	CANCELADA	DERBY	RUA BENFICA	""	""	EM FRENTE AO POSTO BR SENT/CIDADE SUBURBIO	RUA BENFICA	""	EM FRENTE AO POSTO BR SENT/CIDADE SUBURBIO	DERBY		""	COLISÃO	SEM VITIMAS		1				1				0		""	""	""	""	""	""	""	""	""	""	""	""	""
8028	2018-09-22T00:00:00	13:52:00	SEM VÍTIMA	FINALIZADA	CIDADE UNIVERSITÁRIA	RUA GENERAL VARGAS	345	""	EM FRENTE DO EDF BAUGAINNILLE	RUA GENERAL VARGAS	345	EM FRENTE DO EDF BAUGAINNILLE	CIDADE UNIVERSITÁRIA		""	COLISÃO	CAMINHAO E AUTO	1						1			0		""	""	""	""	""	""	""	""	""	""	""	""	""
8029	2018-09-22T00:00:00	14:01:00	SEM VÍTIMA	FINALIZADA	JARDIM SÃO PAULO	RUA PROFESSOR NELSON CASTRO E SILVA	73B	""	EM FRENTE A TEMAKERIA CASUI	RUA PROFESSOR NELSON CASTRO E SILVA	73B	EM FRENTE A TEMAKERIA CASUI	JARDIM SÃO PAULO		""	COLISÃO	COLISÃO SEM VÍTIMA	1	1								0		""	""	""	""	""	""	""	""	""	""	""	""	""
8030	2018-09-22T00:00:00	14:05:00	SEM VÍTIMA	FINALIZADA	IPUTINGA	RUA MAURICIO DE NASSAU	122	""	""	RUA MAURICIO DE NASSAU	122	""	IPUTINGA		""	COLISÃO	SEM VITIMAS	2									0		""	""	""	""	""	""	""	""	""	""	""	""	""
8031	2018-09-22T00:00:00	14:42:00	COM VÍTIMA	FINALIZADA	TORREÃO	AV GOVERNADOR AGAMENON MAGALHAES	X	""	EM FRENTE AO POSTO BR DA UNICORDIS	AV GOVERNADOR AGAMENON MAGALHAES	X	EM FRENTE AO POSTO BR DA UNICORDIS	TORREÃO		""	COLISÃO	ACIDENTE CARRO E MOTO COM VÍTIMA	1	1								1		""	""	""	""	""	""	""	""	""	""	""	""	""
8032	2018-09-22T00:00:00	14:56:00	SEM VÍTIMA	FINALIZADA	TORRE	RUA REAL DA TORRE	139	""	EM FRENTE AO MARTELINHO DE OURO	RUA REAL DA TORRE	139	EM FRENTE AO MARTELINHO DE OURO	TORRE		""	COLISÃO	COLISÃO SEM VÍTIMA	3									0		""	""	""	""	""	""	""	""	""	""	""	""	""
8033	2018-09-22T00:00:00	16:18:00	SEM VÍTIMA	FINALIZADA	CORDEIRO	RUA ANTERO MOTA	187	""	RUA DELEGACIA DO CORDEIRO	RUA ANTERO MOTA	187	RUA DELEGACIA DO CORDEIRO	CORDEIRO		""	COLISÃO	SEM VITIMAS	2									0		""	""	""	""	""	""	""	""	""	""	""	""	""
8034	2018-09-22T00:00:00	16:32:00	COM VÍTIMA	FINALIZADA	SANTO AMARO	AV GOVERNADOR AGAMENON MAGALHAES	""	""	EM FRENTE AO UNICORDIS/ SENTIDO BOA VIEGEM	AV GOVERNADOR AGAMENON MAGALHAES	""	EM FRENTE AO UNICORDIS/ SENTIDO BOA VIEGEM	SANTO AMARO		""	COLISÃO	COLISÃO COM VÍTIMA	1	1								2		""	""	""	""	""	""	""	""	""	""	""	""	""
8035	2018-09-22T00:00:00	16:34:00	COM VÍTIMA	FINALIZADA	ENCRUZILHADA	AV NORTE	""	""	EM FRENTE AO SANTANDER,SEMAFORO 043	AV NORTE	""	EM FRENTE AO SANTANDER,SEMAFORO 043	ENCRUZILHADA		""	COLISÃO	COM DUAS VITIMAS	1	1								2		""	""	""	""	""	""	""	""	""	""	""	""	""
8036	2018-09-22T00:00:00	18:35:00	""	CANCELADA	IPUTINGA	RUA CELESTINO NEVES	""	""	ENFRENTE AO POSTO BR	RUA CELESTINO NEVES	""	ENFRENTE AO POSTO BR	IPUTINGA		""	COLISÃO	COLISÃO SEM VITIMAS	2									0		""	""	""	""	""	""	""	""	""	""	""	""	""
8037	2018-09-22T00:00:00	18:53:00	SEM VÍTIMA	FINALIZADA	ENCRUZILHADA	EST DE BELEM	""	""	NA FRENTE A PRAÇA LARGO DA ENCRUZILHADA	EST DE BELEM	""	NA FRENTE A PRAÇA LARGO DA ENCRUZILHADA	ENCRUZILHADA		""	COLISÃO	COLISÃO SEM VITIMAS	1					1				0		""	""	""	""	""	""	""	""	""	""	""	""	""
8038	2018-09-22T00:00:00	19:08:00	SEM VÍTIMA	FINALIZADA	IPUTINGA	RUA CELESTINO NEVES	176	""	PROX AO RESTAURANTE GOTA SERENA	RUA CELESTINO NEVES	176	PROX AO RESTAURANTE GOTA SERENA	IPUTINGA		""	COLISÃO	F 1000 X GOL	1						1			0		""	""	""	""	""	""	""	""	""	""	""	""	""
8039	2018-09-22T00:00:00	20:04:00	SEM VÍTIMA	FINALIZADA	BOA VIAGEM	AV CONSELHEIRO AGUIAR	4270	""	ENF A HABIB´´S	AV CONSELHEIRO AGUIAR	4270	ENF A HABIB´´S	BOA VIAGEM		""	COLISÃO	FAIT MILE X HONDA CIT	2									0		""	""	""	""	""	""	""	""	""	""	""	""	""
8040	2018-09-22T00:00:00	20:22:00	SEM VÍTIMA	FINALIZADA	GRAÇAS	RUA DO FUTURO	74	""	POR TRAS DA HABIB´´S	RUA DO FUTURO	74	POR TRAS DA HABIB´´S	GRAÇAS		""	COLISÃO	HONDA CIT X AUTO	2									0		""	""	""	""	""	""	""	""	""	""	""	""	""