_id	DATA	hora	natureza_acidente	situacao	bairro	endereco	numero	detalhe_endereco_acidente	complemento	endereco_cruzamento	numero_cruzamento	referencia_cruzamento	bairro_cruzamento	num_semaforo	sentido_via	tipo	descricao	auto	moto	ciclom	ciclista	pedestre	onibus	caminhao	viatura	outros	vitimas	vitimasfatais	acidente_verificado	tempo_clima	situacao_semaforo	sinalizacao	condicao_via	conservacao_via	ponto_controle	situacao_placa	velocidade_max_via	mao_direcao	divisao_via1	divisao_via2	divisao_via3
8041	2018-09-22T00:00:00	20:57:00	SEM VÍTIMA	FINALIZADA	ENGENHO DO MEIO	RUA MANOEL ESTEVAO DA COSTA	145	RUA MUCIO UCHOA CAVALCANTE	CRUZAMENTO COM A MUCIO UCHOA CAVALCANTE	RUA MANOEL ESTEVAO DA COSTA	145	CRUZAMENTO COM A MUCIO UCHOA CAVALCANTE	ENGENHO DO MEIO		""	COLISÃO	GOL X TOYOTA	2									0		""	""	""	""	""	""	""	""	""	""	""	""	""
8042	2018-09-22T00:00:00	21:11:00	SEM VÍTIMA	FINALIZADA	ÁGUA FRIA	RUA SAO SEBASTIAO	""	""	""	RUA SAO SEBASTIAO	""	""	ÁGUA FRIA		""	COLISÃO	COLISÃO SEM VITIMAS	2									0		""	""	""	""	""	""	""	""	""	""	""	""	""
8043	2018-09-22T00:00:00	22:00:00	COM VÍTIMA	FINALIZADA	CORDEIRO	RUA GOMES TABORDA	1100	RUA GREGORIO JUNIOR	ENF A JUNIO DA BATERIA // CRUZAMENTO COM A RUA GREGORIO JUNIOR	RUA GOMES TABORDA	1100	ENF A JUNIO DA BATERIA // CRUZAMENTO COM A RUA GREGORIO JUNIOR	CORDEIRO		""	COLISÃO	GROSSFOX X MOTO	1	1								1		""	""	""	""	""	""	""	""	""	""	""	""	""
8044	2018-09-22T00:00:00	23:17:00	SEM VÍTIMA	FINALIZADA	SANTO AMARO	AV GOVERNADOR AGAMENON MAGALHAES	""	""	NA DESCIDA DO VIADUTO APOS O TACARUNA, SENTIDO OLINDA	AV GOVERNADOR AGAMENON MAGALHAES	""	NA DESCIDA DO VIADUTO APOS O TACARUNA, SENTIDO OLINDA	SANTO AMARO		""	COLISÃO	COLISÃO SEM VITIMAS	2									0		""	""	""	""	""	""	""	""	""	""	""	""	""
8045	2018-09-22T00:00:00	23:26:00	SEM VÍTIMA	FINALIZADA	BOA VIAGEM	RUA PROFESSOR JOAO MEDEIROS	""	RUA RIBEIRO DE BRITO	COM A RIBEIRO DE BRITO, JUNTO AO SEMÁFORO 332	RUA PROFESSOR JOAO MEDEIROS	""	COM A RIBEIRO DE BRITO, JUNTO AO SEMÁFORO 332	BOA VIAGEM		""	COLISÃO	COLISÃO SEM VITIMAS	2									0		""	""	""	""	""	""	""	""	""	""	""	""	""
8046	2018-09-23T00:00:00	00:15:00	COM VÍTIMA	FINALIZADA	CASA FORTE	AV DEZESSETE DE AGOSTO	1893	""	EM FRENTE AO BAR CHEF	AV DEZESSETE DE AGOSTO	1893	EM FRENTE AO BAR CHEF	CASA FORTE		""	CHOQUE	AUTO CHOCOU-SE EM ALGUNS VEÍCULOS QUE E ESTAVAM PARADO E DEPOIS CHOCOU-SE EM UM MURO	1									1		""	""	""	""	""	""	""	""	""	""	""	""	""
8047	2018-09-23T00:00:00	08:36:00	SEM VÍTIMA	FINALIZADA	ESPINHEIRO	RUA DO ESPINHEIRO	""	RUA QUARENTA E OITO	CRUZ COM A RUA 48 EM BAIXO DO SEMAFORO 166	RUA DO ESPINHEIRO	""	CRUZ COM A RUA 48 EM BAIXO DO SEMAFORO 166	ESPINHEIRO		""	COLISÃO	COLISÃO SEM VITIMAS		1				1				0		""	""	""	""	""	""	""	""	""	""	""	""	""
8048	2018-09-23T00:00:00	08:47:00	SEM VÍTIMA	FINALIZADA	BOA VISTA	RUA DO RIACHUELO	455	RUA GERVASIO PIRES	CRUZAMENTO COM A RUA GERVASIO PIRES/	RUA DO RIACHUELO	455	CRUZAMENTO COM A RUA GERVASIO PIRES/	BOA VISTA		""	COLISÃO	SEM VITIMAS	2									0		""	""	""	""	""	""	""	""	""	""	""	""	""
8049	2018-09-23T00:00:00	09:27:00	SEM VÍTIMA	FINALIZADA	SANTO AMARO	RUA PRINCESA IZABEL	""	""	EM FRENTE A FACULDADE DE DIREITO/SEMAFORO 031	RUA PRINCESA IZABEL	""	EM FRENTE A FACULDADE DE DIREITO/SEMAFORO 031	SANTO AMARO		""	COLISÃO	SEM VITIMAS		1				1				0		""	""	""	""	""	""	""	""	""	""	""	""	""
8050	2018-09-23T00:00:00	09:33:00	SEM VÍTIMA	FINALIZADA	TORRE	RUA DOM MANOEL DA COSTA	178	""	APOS A IGREJA DA TORRE PROX AO BAR DO AGENOR	RUA DOM MANOEL DA COSTA	178	APOS A IGREJA DA TORRE PROX AO BAR DO AGENOR	TORRE		""	COLISÃO	COLISÃO SEM VITIMAS	2									0		""	""	""	""	""	""	""	""	""	""	""	""	""
8051	2018-09-23T00:00:00	12:20:00	SEM VÍTIMA	FINALIZADA	CORDEIRO	AV CAXANGA	""	""	NO SEMÁFORO 080/ SENTIDO CIDADE	AV CAXANGA	""	NO SEMÁFORO 080/ SENTIDO CIDADE	CORDEIRO		""	COLISÃO	COLISÃO SEM VÍTIMA	3									0		""	""	""	""	""	""	""	""	""	""	""	""	""
8052	2018-09-23T00:00:00	13:01:00	""	CANCELADA	PINA	AV ANTONIO DE GOES	""	""	EM FRENTE AO BARGAÇO	AV ANTONIO DE GOES	""	EM FRENTE AO BARGAÇO	PINA		""	COLISÃO	COLISÃO SEM VITIMAS	2									0		""	""	""	""	""	""	""	""	""	""	""	""	""
8053	2018-09-23T00:00:00	13:10:00	SEM VÍTIMA	FINALIZADA	PINA	AV ANTONIO DE GOES	""	""	EM FRENTE A PRF	AV ANTONIO DE GOES	""	EM FRENTE A PRF	PINA		""	COLISÃO	COLISÃO SEM VÍTIMA	2									0		""	""	""	""	""	""	""	""	""	""	""	""	""
8054	2018-09-23T00:00:00	15:06:00	COM VÍTIMA	FINALIZADA	AREIAS	AV CAPITAO GREGORIO DE CALDAS	307	""	PROX. AO HIPER, DA AV. RECIFE, EM FRENTE A FARMAVIDA	AV CAPITAO GREGORIO DE CALDAS	307	PROX. AO HIPER, DA AV. RECIFE, EM FRENTE A FARMAVIDA	AREIAS		""	COLISÃO	AUTO E MOTO	1	1								1		""	""	""	""	""	""	""	""	""	""	""	""	""
8055	2018-09-23T00:00:00	15:50:00	SEM VÍTIMA	FINALIZADA	IMBIRIBEIRA	RUA ITAJAI	""	RUA ITACARI	CRUZAMENTO COM RUA ITACARI, CRUZANDO A MASCARENHAS, SENTIDO IPSEP, PROX. A PRAÇA DA MAURICEA	RUA ITAJAI	""	CRUZAMENTO COM RUA ITACARI, CRUZANDO A MASCARENHAS, SENTIDO IPSEP, PROX. A PRAÇA DA MAURICEA	IMBIRIBEIRA		""	COLISÃO	DOIS AUTOS S/V	2									0		""	""	""	""	""	""	""	""	""	""	""	""	""
8056	2018-09-23T00:00:00	16:39:00	SEM VÍTIMA	FINALIZADA	TAMARINEIRA	AV CONS ROSA E SILVA	""	""	EM FRENTE A PAGUE MENOS, SEMAFORO 253	AV CONS ROSA E SILVA	""	EM FRENTE A PAGUE MENOS, SEMAFORO 253	TAMARINEIRA		""	COLISÃO	AUTO E ONIBUS	1					1				0		""	""	""	""	""	""	""	""	""	""	""	""	""
8057	2018-09-23T00:00:00	18:19:00	COM VÍTIMA	FINALIZADA	ÁGUA FRIA	AV BEBERIBE	""	""	EM FRENTE AO MERCADO DE AGUA FRIA	AV BEBERIBE	""	EM FRENTE AO MERCADO DE AGUA FRIA	ÁGUA FRIA		""	ATROPELAMENTO	ONIBUS E PEDESTRE					1	1				1		""	""	""	""	""	""	""	""	""	""	""	""	""
8058	2018-09-23T00:00:00	18:33:00	SEM VÍTIMA	FINALIZADA	PRADO	RUA SANTA EDWIRGES	131	RUA PADRE TEOFILO TWORZ	CRUZAMENTO COM A RUA PADRE TEOFILO TWORZ	RUA SANTA EDWIRGES	131	CRUZAMENTO COM A RUA PADRE TEOFILO TWORZ	PRADO		""	COLISÃO	ONIBUS DE TURISMO X VOYAGE	1					1				0		""	""	""	""	""	""	""	""	""	""	""	""	""
8059	2018-09-23T00:00:00	20:26:00	SEM VÍTIMA	FINALIZADA	IPSEP	RUA BLUMENAU	473	RUA ITANAGE	E/F A PANIFICADORA BLUMENAU / ESQUINA COM A R ITANAGÉ	RUA BLUMENAU	473	E/F A PANIFICADORA BLUMENAU / ESQUINA COM A R ITANAGÉ	IPSEP		""	COLISÃO	ENTRE AUTO E MOTO ( MOTOQUEIRO APRESENTA EMBRIGAGUEZ, SEGUNDO AS INFO DO USUÁRIO ) S/V	1	1								0		""	""	""	""	""	""	""	""	""	""	""	""	""
8060	2018-09-23T00:00:00	22:20:00	SEM VÍTIMA	FINALIZADA	DERBY	AV GOVERNADOR AGAMENON MAGALHAES	""	""	E/F A ESCOLA ESTADUAL GOV BARBOSA LIMA / AO LADO DO HOSPITAL DA RESTAURAÇÃO, SNT BV	AV GOVERNADOR AGAMENON MAGALHAES	""	E/F A ESCOLA ESTADUAL GOV BARBOSA LIMA / AO LADO DO HOSPITAL DA RESTAURAÇÃO, SNT BV	DERBY		""	COLISÃO	ENTRE AUTO PASSEIO E VT DA POLÍCIA. S/V	1							1		0		""	""	""	""	""	""	""	""	""	""	""	""	""
8061	2018-09-24T00:00:00	00:55:00	SEM VÍTIMA	CANCELADA	DOIS UNIDOS	AV HILDEBRANDO DE VASCONCELOS	""	""	E/F AO MURO DA CIP CÃES	AV HILDEBRANDO DE VASCONCELOS	""	E/F AO MURO DA CIP CÃES	DOIS UNIDOS		""	COLISÃO	ENTRE AUTO E MOTO. S/V	1	1								0		""	""	""	""	""	""	""	""	""	""	""	""	""
8062	2018-09-24T00:00:00	06:43:00	SEM VÍTIMA	FINALIZADA	DERBY	AV GOVERNADOR AGAMENON MAGALHAES	""	""	EM FRENTE AO COLEGIO AMERICANO BATISTA	AV GOVERNADOR AGAMENON MAGALHAES	""	EM FRENTE AO COLEGIO AMERICANO BATISTA	DERBY		""	COLISÃO	COLISÃO SEM VITIMAS	2									0		""	""	""	""	""	""	""	""	""	""	""	""	""
8063	2018-09-24T00:00:00	07:15:00	SEM VÍTIMA	FINALIZADA	DOIS IRMÃOS	RUA DOIS IRMAOS	""	""	E/F AO LAFEPE, SENTIDO CAXANGÁ	RUA DOIS IRMAOS	""	E/F AO LAFEPE, SENTIDO CAXANGÁ	DOIS IRMÃOS		""	COLISÃO	SEM VÍTIMAS	2									0		""	""	""	""	""	""	""	""	""	""	""	""	""
8064	2018-09-24T00:00:00	08:18:00	SEM VÍTIMA	FINALIZADA	ESPINHEIRO	RUA CONS PORTELA	602	""	EDF ORTENSIA,EM FRENTE AO SALÃO DE BELEZA LA BELLE	RUA CONS PORTELA	602	EDF ORTENSIA,EM FRENTE AO SALÃO DE BELEZA LA BELLE	ESPINHEIRO		""	COLISÃO	SEM VITIMAS	1					1				0		""	""	""	""	""	""	""	""	""	""	""	""	""
8065	2018-09-24T00:00:00	08:37:00	SEM VÍTIMA	FINALIZADA	SÃO JOSÉ	RUA IMPERIAL	1217	""	E/F A RESIDENCIA E A PANIFICADORA PÃO PÃO	RUA IMPERIAL	1217	E/F A RESIDENCIA E A PANIFICADORA PÃO PÃO	SÃO JOSÉ		""	COLISÃO	SEM VÍTIMAS	2									0		""	""	""	""	""	""	""	""	""	""	""	""	""
8066	2018-09-24T00:00:00	08:45:00	SEM VÍTIMA	FINALIZADA	IBURA	RUA RIO TAPADO	30	""	RESIDENCIA IBURA DO BAIXO NO SENTIDO BR EM FRENTE AO POSTO DE GASOLINA BR	RUA RIO TAPADO	30	RESIDENCIA IBURA DO BAIXO NO SENTIDO BR EM FRENTE AO POSTO DE GASOLINA BR	IBURA		""	COLISÃO	COLISÃO SEM VITIMAS	1					1				0		""	""	""	""	""	""	""	""	""	""	""	""	""
8067	2018-09-24T00:00:00	08:56:00	COM VÍTIMA	FINALIZADA	MADALENA	RUA BENFICA	412	""	EM FRENTE A PRAÇA DO CLUBE INTERNACIONAL ,SENT/CAXANGA	RUA BENFICA	412	EM FRENTE A PRAÇA DO CLUBE INTERNACIONAL ,SENT/CAXANGA	MADALENA		""	COLISÃO	COM UMA VITIMA,AGUARDANDO SAMU,LOCAL DESCARACTERIZADO	2									1		""	""	""	""	""	""	""	""	""	""	""	""	""
8068	2018-09-24T00:00:00	08:59:00	COM VÍTIMA	FINALIZADA	DOIS IRMÃOS	RUA DOIS IRMAOS	""	""	SENTIDO SUBURBIO, E/F A EXTENÇÃO DA PRÓ-REITORIA DA UFRPE. PORTARIA G2 A	RUA DOIS IRMAOS	""	SENTIDO SUBURBIO, E/F A EXTENÇÃO DA PRÓ-REITORIA DA UFRPE. PORTARIA G2 A	DOIS IRMÃOS		""	COLISÃO	COM UMA VÍTIMA A ESPERA DO SAMU	1	1								1		""	""	""	""	""	""	""	""	""	""	""	""	""
8069	2018-09-24T00:00:00	09:08:00	SEM VÍTIMA	FINALIZADA	MADALENA	RUA JOAO IVO DA SILVA	""	""	SENTIDO AFOGADOS PROX A CONCESSIONARIA FIORI	RUA JOAO IVO DA SILVA	""	SENTIDO AFOGADOS PROX A CONCESSIONARIA FIORI	MADALENA		""	COLISÃO	COLISÃO SEM VITIMAS	1					1				0		""	""	""	""	""	""	""	""	""	""	""	""	""
8070	2018-09-24T00:00:00	09:20:00	SEM VÍTIMA	FINALIZADA	BOA VISTA	RUA DO PRINCIPE	""	""	EM FRENTE CELPE E A UNIVERSIDADE CATOLICA	RUA DO PRINCIPE	""	EM FRENTE CELPE E A UNIVERSIDADE CATOLICA	BOA VISTA		""	COLISÃO	COLISÃO SEM VITIMAS	1					1				0		""	""	""	""	""	""	""	""	""	""	""	""	""
8071	2018-09-24T00:00:00	09:59:00	SEM VÍTIMA	FINALIZADA	IMBIRIBEIRA	AV MARECHAL MASCARENHAS DE MORAES	2931	""	EM FRENTE AO POSTO BR SENT/AEROPORTO	AV MARECHAL MASCARENHAS DE MORAES	2931	EM FRENTE AO POSTO BR SENT/AEROPORTO	IMBIRIBEIRA		""	COLISÃO	SEM VITIMAS	2									0		""	""	""	""	""	""	""	""	""	""	""	""	""
8072	2018-09-24T00:00:00	10:31:00	COM VÍTIMA	FINALIZADA	BOA VISTA	RUA DO HOSPICIO	""	RUA PRINCESA ISABEL	COM A RUA PRINCESA ISABEL. EM FRENTE A CAMARA.	RUA DO HOSPICIO	""	COM A RUA PRINCESA ISABEL. EM FRENTE A CAMARA.	BOA VISTA		""	COLISÃO	""	2	1								1		""	""	""	""	""	""	""	""	""	""	""	""	""
8073	2018-09-24T00:00:00	11:23:00	SEM VÍTIMA	FINALIZADA	PINA	AV ANTONIO DE GOES	""	""	EM BAIXO DO SEMAFORO 656	AV ANTONIO DE GOES	""	EM BAIXO DO SEMAFORO 656	PINA		""	COLISÃO	COLISÃO SEM VITIMAS	2									0		""	""	""	""	""	""	""	""	""	""	""	""	""
8074	2018-09-24T00:00:00	12:50:00	SEM VÍTIMA	FINALIZADA	BOA VIAGEM	RUA DEZ DE JULHO	""	AV VINTE DE JANEIRO	CRUZAMENTO COM A AV. VINTE DE JANEIRO/ NO SEMÁFORO 572	RUA DEZ DE JULHO	""	CRUZAMENTO COM A AV. VINTE DE JANEIRO/ NO SEMÁFORO 572	BOA VIAGEM		""	COLISÃO	COLISÃO SEM VÍTIMA	2					1				0		""	""	""	""	""	""	""	""	""	""	""	""	""
8075	2018-09-24T00:00:00	13:19:00	SEM VÍTIMA	FINALIZADA	MUSTARDINHA	AV MANOEL GONCALVES DA LUZ	800	""	EM FRENTE AO CENTRO COMUNITARIO	AV MANOEL GONCALVES DA LUZ	800	EM FRENTE AO CENTRO COMUNITARIO	MUSTARDINHA		""	COLISÃO	DOIS AUTOS	2									0		""	""	""	""	""	""	""	""	""	""	""	""	""
8076	2018-09-24T00:00:00	14:36:00	SEM VÍTIMA	FINALIZADA	JORDÃO	AV MARIA IRENE	""	""	POSTO TOTAL, PRÓXIMO A BASE DA AERONÁUTICA	AV MARIA IRENE	""	POSTO TOTAL, PRÓXIMO A BASE DA AERONÁUTICA	JORDÃO		""	COLISÃO COM CICLISTA	""		1								0		""	""	""	""	""	""	""	""	""	""	""	""	""
8077	2018-09-24T00:00:00	15:57:00	SEM VÍTIMA	FINALIZADA	PINA	AV ANTONIO DE GOES	275	""	E/F AO CENTO DIAGNOSTICO LUCILO AVILA S/T CID	AV ANTONIO DE GOES	275	E/F AO CENTO DIAGNOSTICO LUCILO AVILA S/T CID	PINA		""	COLISÃO	COLISAO ENTRE ONIBUS E AUTO S/V	1					1				0		""	""	""	""	""	""	""	""	""	""	""	""	""
8078	2018-09-24T00:00:00	16:19:00	SEM VÍTIMA	FINALIZADA	HIPÓDROMO	RUA CARLOS FERNANDES	""	""	EM FRENTE A PRAÇA DO HIPODROMO	RUA CARLOS FERNANDES	""	EM FRENTE A PRAÇA DO HIPODROMO	HIPÓDROMO		""	COLISÃO	COLISÃO SEM VÍTIMA	1	1								0		""	""	""	""	""	""	""	""	""	""	""	""	""
8079	2018-09-24T00:00:00	16:22:00	SEM VÍTIMA	FINALIZADA	MANGUEIRA	RUA SAO MIGUEL	2055	""	""	RUA SAO MIGUEL	2055	""	MANGUEIRA		""	COLISÃO	VW GOL X FIAT FIORINO	2									0		""	""	""	""	""	""	""	""	""	""	""	""	""
8080	2018-09-24T00:00:00	17:27:00	SEM VÍTIMA	CANCELADA	CAMPO GRANDE	RUA ODORICO MENDES	""	""	EM FRENTE AO MERCADO STYLLO	RUA ODORICO MENDES	""	EM FRENTE AO MERCADO STYLLO	CAMPO GRANDE		""	COLISÃO	DOIS AUTOS S/V	2									0		""	""	""	""	""	""	""	""	""	""	""	""	""
8081	2018-09-24T00:00:00	17:59:00	SEM VÍTIMA	FINALIZADA	SANTO AMARO	AV CRUZ CABUGA	""	""	"ANTES DO SHOPPING TACARUNA, SNT OLINDA / AO LADO DO MURO DA MARINHA / SEMÁFORO 344 X BECO DO TRAMWAYS_x000D_
"	AV CRUZ CABUGA	""	"ANTES DO SHOPPING TACARUNA, SNT OLINDA / AO LADO DO MURO DA MARINHA / SEMÁFORO 344 X BECO DO TRAMWAYS_x000D_
"	SANTO AMARO		""	COLISÃO	ENTRE AUTO E ÔNIBUS. S/V	1					1				0		""	""	""	""	""	""	""	""	""	""	""	""	""
8082	2018-09-24T00:00:00	18:16:00	COM VÍTIMA	FINALIZADA	ENCRUZILHADA	AV NORTE	""	""	LADO OPOSTO DO HOSPITAL JORGE DE MEDEIROS, SNT SUB / PRÓX AO POSTO SHELL E MERCADO DA ENCRUZILHADA	AV NORTE	""	LADO OPOSTO DO HOSPITAL JORGE DE MEDEIROS, SNT SUB / PRÓX AO POSTO SHELL E MERCADO DA ENCRUZILHADA	ENCRUZILHADA		""	COLISÃO	ENTRE AUTO E MOTO, C/V	1	1								1		""	""	""	""	""	""	""	""	""	""	""	""	""
8083	2018-09-24T00:00:00	19:10:00	SEM VÍTIMA	FINALIZADA	IMBIRIBEIRA	AV MARECHAL MASCARENHAS DE MORAES	""	""	DENTRO DA AREA DO AEROPORTO PORTAO A5	AV MARECHAL MASCARENHAS DE MORAES	""	DENTRO DA AREA DO AEROPORTO PORTAO A5	IMBIRIBEIRA		""	COLISÃO	VAN X COBALT AZUL	2									0		""	""	""	""	""	""	""	""	""	""	""	""	""
8084	2018-09-24T00:00:00	19:56:00	SEM VÍTIMA	FINALIZADA	JARDIM SÃO PAULO	RUA LEANDRO BARRETO	1361	""	ENF A PIZZARIA DOS GEMEOS	RUA LEANDRO BARRETO	1361	ENF A PIZZARIA DOS GEMEOS	JARDIM SÃO PAULO		""	COLISÃO	ONIBUS X AUTO	1					1				0		""	""	""	""	""	""	""	""	""	""	""	""	""
8085	2018-09-24T00:00:00	21:52:00	COM VÍTIMA	FINALIZADA	BONGI	AV ENGENHEIRO ABDIAS DE CARVALHO	""	""	ENF A FACULDADE ESTACIO E POSTO DISLUB// SENTIDO CIDADE	AV ENGENHEIRO ABDIAS DE CARVALHO	""	ENF A FACULDADE ESTACIO E POSTO DISLUB// SENTIDO CIDADE	BONGI		""	COLISÃO	CLASSIC X ONIBUS 	1					1				1		""	""	""	""	""	""	""	""	""	""	""	""	""
8086	2018-09-25T00:00:00	00:23:00	SEM VÍTIMA	CANCELADA	ESPINHEIRO	RUA DO ESPINHEIRO	347	RUA QUARENTA E OITO	COM A RUA 48 // SEMÁFORO 166 // PRÓX AO EDIFÍCIO MARIA TEREZA.	RUA DO ESPINHEIRO	347	COM A RUA 48 // SEMÁFORO 166 // PRÓX AO EDIFÍCIO MARIA TEREZA.	ESPINHEIRO		""	COLISÃO	COLISÃO ENTRE AUTO E ÔNIBUS S/V.	1					1				0		""	""	""	""	""	""	""	""	""	""	""	""	""
8087	2018-09-25T00:00:00	06:21:00	SEM VÍTIMA	CANCELADA	AFOGADOS	RUA PEDRO CABRAL DE OLIVEIRA	113	""	EM FRENTE AO CARTORIO DE AFOGADOS	RUA PEDRO CABRAL DE OLIVEIRA	113	EM FRENTE AO CARTORIO DE AFOGADOS	AFOGADOS		""	COLISÃO	SEM VITIMAS	1					1				0		""	""	""	""	""	""	""	""	""	""	""	""	""
8088	2018-09-25T00:00:00	06:56:00	SEM VÍTIMA	FINALIZADA	DERBY	AV GOVERNADOR AGAMENON MAGALHAES	""	""	E/F AO HR, SENTIDO BOA VIAGEM. SEMÁFORO 650	AV GOVERNADOR AGAMENON MAGALHAES	""	E/F AO HR, SENTIDO BOA VIAGEM. SEMÁFORO 650	DERBY		""	COLISÃO	SEM VÍTIMAS	1					1				0		""	""	""	""	""	""	""	""	""	""	""	""	""
8089	2018-09-25T00:00:00	07:03:00	SEM VÍTIMA	FINALIZADA	CORDEIRO	AV CAXANGA	""	""	EM FRENTE AO SEMAFORO 080/E AO TERMINAL DE INTEGRAÇÃO DA CAXANGA SENT /CIDADE	AV CAXANGA	""	EM FRENTE AO SEMAFORO 080/E AO TERMINAL DE INTEGRAÇÃO DA CAXANGA SENT /CIDADE	CORDEIRO		""	COLISÃO	COM A VIATURA DA PM E AUTO PASSEIO SEM VITIMAS	1							1		0		""	""	""	""	""	""	""	""	""	""	""	""	""
8090	2018-09-25T00:00:00	07:24:00	SEM VÍTIMA	FINALIZADA	BOA VIAGEM	RUA VISCONDE DE JEQUITINHONHA	""	AV ARMINDO MOURA	CRUZAMENTO COM A RUA ARMINDO MOURA/SEMAFORO 258	RUA VISCONDE DE JEQUITINHONHA	""	CRUZAMENTO COM A RUA ARMINDO MOURA/SEMAFORO 258	BOA VIAGEM		""	COLISÃO	SEM VITIMAS	2									0		""	""	""	""	""	""	""	""	""	""	""	""	""
8091	2018-09-25T00:00:00	07:31:00	SEM VÍTIMA	FINALIZADA	GUABIRABA	AV VEREADOR OTACILIO AZEVEDO	S/N	""	E/F A ESCOLA TOME GIBSON	AV VEREADOR OTACILIO AZEVEDO	S/N	E/F A ESCOLA TOME GIBSON	GUABIRABA		""	COLISÃO	COLOISAO ENTRE DOIS AUTOS S/V	2									0		""	""	""	""	""	""	""	""	""	""	""	""	""
8092	2018-09-25T00:00:00	07:28:00	COM VÍTIMA	FINALIZADA	CAMPO GRANDE	RUA PROFESSOR FRANCISCO DA TRINDADE	290	RUA SÃO CAETANO	E/F A RESIDENCIA. CRIZAMENTO COM A RUA SÃO CAETANO	RUA PROFESSOR FRANCISCO DA TRINDADE	290	E/F A RESIDENCIA. CRIZAMENTO COM A RUA SÃO CAETANO	CAMPO GRANDE		""	COLISÃO	COM UMA VÍTIMA.	1	1								1		""	""	""	""	""	""	""	""	""	""	""	""	""
8093	2018-09-25T00:00:00	07:58:00	SEM VÍTIMA	CANCELADA	BOA VIAGEM	RUA FRANCA PEREIRA	115	""	EM FRENTE AO EDF STUDIO PORTAL DOS CORAIS	RUA FRANCA PEREIRA	115	EM FRENTE AO EDF STUDIO PORTAL DOS CORAIS	BOA VIAGEM		""	COLISÃO	SEM VITIMAS	2									0		""	""	""	""	""	""	""	""	""	""	""	""	""
8094	2018-09-25T00:00:00	08:00:00	COM VÍTIMA	FINALIZADA	DERBY	AV GOVERNADOR AGAMENON MAGALHAES	""	""	PISTA LOCAL, SENTIDO BOA VIAGEM E/F AO HAPVIDA	AV GOVERNADOR AGAMENON MAGALHAES	""	PISTA LOCAL, SENTIDO BOA VIAGEM E/F AO HAPVIDA	DERBY		""	COLISÃO	COM UMA VITIMA. GM (PONTO FIXO) NO LOCAL.	2									1		""	""	""	""	""	""	""	""	""	""	""	""	""
8095	2018-09-25T00:00:00	08:20:00	SEM VÍTIMA	PENDENTE	ESTÂNCIA	AV RECIFE	""	""	E/F AO WALMART S/T CID	AV RECIFE	""	E/F AO WALMART S/T CID	ESTÂNCIA		""	COLISÃO	COLISAO ENTRE DOIS AUTOS S/V										0		""	""	""	""	""	""	""	""	""	""	""	""	""
8096	2018-09-25T00:00:00	10:32:00	SEM VÍTIMA	FINALIZADA	TEJIPIÓ	AV LIBERDADE	""	""	E/F AO PRESIDIO ANIBAL BRUNO	AV LIBERDADE	""	E/F AO PRESIDIO ANIBAL BRUNO	TEJIPIÓ		""	COLISÃO	COLISAO ENTRE DOIS AUTOS S/V	2									0		""	""	""	""	""	""	""	""	""	""	""	""	""
8097	2018-09-25T00:00:00	10:49:00	SEM VÍTIMA	FINALIZADA	TAMARINEIRA	RUA PADRE ROMA	""	AV CONS ROSA E SILVA	COM AV ROSA E SILVA NO SEMAFORO 061	RUA PADRE ROMA	""	COM AV ROSA E SILVA NO SEMAFORO 061	TAMARINEIRA		""	COLISÃO	COLISAO ENTRE DOIS AUTOS S/V	2									0		""	""	""	""	""	""	""	""	""	""	""	""	""
8098	2018-09-25T00:00:00	11:28:00	SEM VÍTIMA	FINALIZADA	ARRUDA	RUA ZEFERINO AGRA	254	RUA PROF JOSE DOS ANJOS	COM A RUA PROFESSOR JOSE DOS ANJOS, EM FRENTE AO CANAL	RUA ZEFERINO AGRA	254	COM A RUA PROFESSOR JOSE DOS ANJOS, EM FRENTE AO CANAL	ARRUDA		""	COLISÃO	AUTO E MOTO	1	1								0		""	""	""	""	""	""	""	""	""	""	""	""	""
8099	2018-09-25T00:00:00	11:31:00	SEM VÍTIMA	FINALIZADA	GRAÇAS	RUA ENGENHEIRO EDGAR D'AMORIM	85	""	LAVANDERIA LAVARE, SEMÁFORO 521	RUA ENGENHEIRO EDGAR D'AMORIM	85	LAVANDERIA LAVARE, SEMÁFORO 521	GRAÇAS		""	COLISÃO	SEM VÍTIMAS.	2									0		""	""	""	""	""	""	""	""	""	""	""	""	""
8100	2018-09-25T00:00:00	11:37:00	SEM VÍTIMA	FINALIZADA	CORDEIRO	AV ENGENHEIRO ABDIAS DE CARVALHO	246	""	LOGO APÓS O COMPAZ	AV ENGENHEIRO ABDIAS DE CARVALHO	246	LOGO APÓS O COMPAZ	CORDEIRO		""	COLISÃO	EM FRENTE À FARMÁCIA BONGI	2									0		""	""	""	""	""	""	""	""	""	""	""	""	""
8101	2018-09-25T00:00:00	13:09:00	COM VÍTIMA	FINALIZADA	FUNDÃO	AV BEBERIBE	3494	""	PROX. AO POSTO BR	AV BEBERIBE	3494	PROX. AO POSTO BR	FUNDÃO		""	COLISÃO COM CICLISTA	ONIBUS E CICLISTA				1		1				1		""	""	""	""	""	""	""	""	""	""	""	""	""
8102	2018-09-25T00:00:00	13:54:00	SEM VÍTIMA	FINALIZADA	BOA VISTA	RUA DA UNIAO	115	RUA MAMEDE SIMOES	ESQUINA COM RUA MAMEDE SIMOES	RUA DA UNIAO	115	ESQUINA COM RUA MAMEDE SIMOES	BOA VISTA		""	COLISÃO	DOIS AUTOS S/V	2									0		""	""	""	""	""	""	""	""	""	""	""	""	""