_id	DATA	hora	natureza_acidente	situacao	bairro	endereco	numero	detalhe_endereco_acidente	complemento	endereco_cruzamento	numero_cruzamento	referencia_cruzamento	bairro_cruzamento	num_semaforo	sentido_via	tipo	descricao	auto	moto	ciclom	ciclista	pedestre	onibus	caminhao	viatura	outros	vitimas	vitimasfatais	acidente_verificado	tempo_clima	situacao_semaforo	sinalizacao	condicao_via	conservacao_via	ponto_controle	situacao_placa	velocidade_max_via	mao_direcao	divisao_via1	divisao_via2	divisao_via3
8103	2018-09-25T00:00:00	14:10:00	COM VÍTIMA	FINALIZADA	SÃO JOSÉ	RUA DO PEIXOTO	1320	AV DANTAS BARRETO	COM AV. DANTAS BARRETO, PROX. AO CAMELODROMO	RUA DO PEIXOTO	1320	COM AV. DANTAS BARRETO, PROX. AO CAMELODROMO	SÃO JOSÉ		""	COLISÃO	ONIBUS E MOTO		1				1				1		""	""	""	""	""	""	""	""	""	""	""	""	""
8104	2018-09-25T00:00:00	14:37:00	SEM VÍTIMA	FINALIZADA	AFOGADOS	RUA VINTE E UM DE ABRIL	""	""	PROX. A MASTER BOI	RUA VINTE E UM DE ABRIL	""	PROX. A MASTER BOI	AFOGADOS		""	COLISÃO	ONIBUS E AUTO	1					1				0		""	""	""	""	""	""	""	""	""	""	""	""	""
8105	2018-09-25T00:00:00	15:17:00	SEM VÍTIMA	FINALIZADA	BOA VIAGEM	RUA PROFESSOR JOAO MEDEIROS	533	""	PROX. AO EMPRESARIAL UNIVERSAL CENTER	RUA PROFESSOR JOAO MEDEIROS	533	PROX. AO EMPRESARIAL UNIVERSAL CENTER	BOA VIAGEM		""	COLISÃO	DOIS AUTOS S/V	2									0		""	""	""	""	""	""	""	""	""	""	""	""	""
8106	2018-09-25T00:00:00	15:30:00	SEM VÍTIMA	FINALIZADA	CORDEIRO	RUA N S DA SAUDE	153	""	PROX. A IGREJA BATISTA E CHAMBARIL DO DANIEL	RUA N S DA SAUDE	153	PROX. A IGREJA BATISTA E CHAMBARIL DO DANIEL	CORDEIRO		""	COLISÃO	DOIS AUTOS S/V	2									0		""	""	""	""	""	""	""	""	""	""	""	""	""
8107	2018-09-25T00:00:00	15:31:00	COM VÍTIMA	FINALIZADA	VÁRZEA	AV AFONSO OLINDENSE	1990	""	NA PRAÇA DA VARZEA VT 18 NO LOCAL	AV AFONSO OLINDENSE	1990	NA PRAÇA DA VARZEA VT 18 NO LOCAL	VÁRZEA		""	COLISÃO	COLISAO ENTRE CAMINHAO E MOTO COM UMA VITIMA		1					1			1		""	""	""	""	""	""	""	""	""	""	""	""	""
8108	2018-09-25T00:00:00	15:41:00	SEM VÍTIMA	FINALIZADA	BOA VIAGEM	RUA JOSE DA SILVA LUCENA	""	""	POR TRAS DA FERREIRA COSTA	RUA JOSE DA SILVA LUCENA	""	POR TRAS DA FERREIRA COSTA	BOA VIAGEM		""	COLISÃO	COLISAO ENTRE UM CARRO FORTE E AUTO S/V	2									0		""	""	""	""	""	""	""	""	""	""	""	""	""
8109	2018-09-25T00:00:00	15:43:00	COM VÍTIMA	FINALIZADA	PRADO	EST DO FORTE DO ARRAIAL N. DO B. JESUS	""	RUA ADELINO FRUTUOSO	COM RUA ADELINO FRUTUOSO	EST DO FORTE DO ARRAIAL N. DO B. JESUS	""	COM RUA ADELINO FRUTUOSO	PRADO		""	COLISÃO	COLISÃO COM VITIMA	1	1								1		""	""	""	""	""	""	""	""	""	""	""	""	""
8110	2018-09-25T00:00:00	17:02:00	SEM VÍTIMA	FINALIZADA	CABANGA	PTE GOVERNADOR PAULO GUERRA	""	""	PROX. AO SEMAFORO 661, SENT. BOA VIAGEM	PTE GOVERNADOR PAULO GUERRA	""	PROX. AO SEMAFORO 661, SENT. BOA VIAGEM	CABANGA		""	COLISÃO	AUTO E ONIBUS	1					1				0		""	""	""	""	""	""	""	""	""	""	""	""	""
8111	2018-09-25T00:00:00	17:11:00	COM VÍTIMA	FINALIZADA	IMBIRIBEIRA	RUA ARQUITETO LUIZ NUNES	""	""	SEMAFORO 634	RUA ARQUITETO LUIZ NUNES	""	SEMAFORO 634	IMBIRIBEIRA		""	COLISÃO	AUTO E MOTO	1	1								1		""	""	""	""	""	""	""	""	""	""	""	""	""
8112	2018-09-25T00:00:00	17:17:00	SEM VÍTIMA	CANCELADA	BOA VIAGEM	AV CONSELHEIRO AGUIAR	""	""	NO SEMAFORO 146	AV CONSELHEIRO AGUIAR	""	NO SEMAFORO 146	BOA VIAGEM		""	COLISÃO	COLISAO ENTRE DOIS ONIBUS S/V						2				0		""	""	""	""	""	""	""	""	""	""	""	""	""
8113	2018-09-25T00:00:00	17:59:00	SEM VÍTIMA	FINALIZADA	ILHA DO RETIRO	RUA ASTORGA	70	AV COMENDADOS BENTO AGUIAR	CRUZAMENTO COM A RUA COMENDADOR BENTO AGUIAR	RUA ASTORGA	70	CRUZAMENTO COM A RUA COMENDADOR BENTO AGUIAR	ILHA DO RETIRO		""	COLISÃO	UNO X ONIX	2									0		""	""	""	""	""	""	""	""	""	""	""	""	""
8114	2018-09-25T00:00:00	18:11:00	SEM VÍTIMA	FINALIZADA	TORRE	RUA CONDE DE IRAJA	""	""	EM FRENTE A IGREJA CATOLICA DA TORRE	RUA CONDE DE IRAJA	""	EM FRENTE A IGREJA CATOLICA DA TORRE	TORRE		""	COLISÃO	COLISÃO SEM VITIMA	2									0		""	""	""	""	""	""	""	""	""	""	""	""	""
8115	2018-09-25T00:00:00	18:13:00	SEM VÍTIMA	CANCELADA	IPUTINGA	RUA BOM PASTOR	24	AV CAXANGA	SEMAFORO 008 // POSTO BR CRUZAMENTO COM AV CAXANGA	RUA BOM PASTOR	24	SEMAFORO 008 // POSTO BR CRUZAMENTO COM AV CAXANGA	IPUTINGA		""	COLISÃO	GOL X VEICULO DE AUTO ESCOLA	2									0		""	""	""	""	""	""	""	""	""	""	""	""	""
8116	2018-09-25T00:00:00	18:41:00	SEM VÍTIMA	FINALIZADA	CORDEIRO	AV ENGENHEIRO ABDIAS DE CARVALHO	""	""	E/F A ARENA CAMARÃO, SNT CIDADE / PRÓX AO COMPAZ	AV ENGENHEIRO ABDIAS DE CARVALHO	""	E/F A ARENA CAMARÃO, SNT CIDADE / PRÓX AO COMPAZ	CORDEIRO		""	COLISÃO	ENTRE AUTO E CARRETA. S/V	1						1			0		""	""	""	""	""	""	""	""	""	""	""	""	""
8117	2018-09-25T00:00:00	18:52:00	COM VÍTIMA	FINALIZADA	SÃO JOSÉ	AV DANTAS BARRETO	251	RUA SIQUEIRA CAMPOS	CRUZAMENTO COM A RUA SIQUEIRA CAMPOS	AV DANTAS BARRETO	251	CRUZAMENTO COM A RUA SIQUEIRA CAMPOS	SÃO JOSÉ		""	ATROPELAMENTO	ONIBUS X PEDESTRE	1				1					1		""	""	""	""	""	""	""	""	""	""	""	""	""
8118	2018-09-25T00:00:00	19:24:00	SEM VÍTIMA	FINALIZADA	PRADO	RUA HERCULES FLORENCE	21	RUA CARLOS GOMES	CRUZAMENTO COM A RUA CARLOS GOMES	RUA HERCULES FLORENCE	21	CRUZAMENTO COM A RUA CARLOS GOMES	PRADO		""	COLISÃO	NISSAN VERSA X PRISMA	2									0		""	""	""	""	""	""	""	""	""	""	""	""	""
8119	2018-09-25T00:00:00	19:27:00	SEM VÍTIMA	FINALIZADA	ESPINHEIRO	AV JOAO DE BARROS	""	""	E/F A FARMÁCIA EXTRAFARMA, SNT ENCRUZILHADA	AV JOAO DE BARROS	""	E/F A FARMÁCIA EXTRAFARMA, SNT ENCRUZILHADA	ESPINHEIRO		""	COLISÃO	ENTRE 2 AUTOS. S/V	2									0		""	""	""	""	""	""	""	""	""	""	""	""	""
8120	2018-09-25T00:00:00	19:36:00	COM VÍTIMA	FINALIZADA	AREIAS	AV DR JOSE RUFINO	""	""	SEMAFORO 044 // ROX A ENTRADA DE JARDIM SAO PAULO	AV DR JOSE RUFINO	""	SEMAFORO 044 // ROX A ENTRADA DE JARDIM SAO PAULO	AREIAS		""	COLISÃO	MOTO X UNO	1	1								1		""	""	""	""	""	""	""	""	""	""	""	""	""
8121	2018-09-25T00:00:00	20:02:00	COM VÍTIMA	FINALIZADA	ESPINHEIRO	RUA QUARENTA E OITO	630	""	E/F AO RESTAURANTE CHINÊS / FINAL DA PRC 48	RUA QUARENTA E OITO	630	E/F AO RESTAURANTE CHINÊS / FINAL DA PRC 48	ESPINHEIRO		""	COLISÃO	ENTRE AUTO E MOTO. C/V	1	1								1		""	""	""	""	""	""	""	""	""	""	""	""	""
8122	2018-09-25T00:00:00	20:12:00	COM VÍTIMA	FINALIZADA	BOA VIAGEM	RUA BARAO DE SOUZA LEAO	""	AV ENG DOMINGOS FERREIRA	CRUZAMENTO COM A DOMINGOS FERREIRA // SEMAFORO 190	RUA BARAO DE SOUZA LEAO	""	CRUZAMENTO COM A DOMINGOS FERREIRA // SEMAFORO 190	BOA VIAGEM		""	COLISÃO	MOTO X SANDERO OBS:: BATEDORES 12 X 13 NO LOCAL	1	1								1		""	""	""	""	""	""	""	""	""	""	""	""	""
8123	2018-09-25T00:00:00	22:00:00	COM VÍTIMA	FINALIZADA	AFLITOS	AV CONS ROSA E SILVA	225	""	E/F AO EDF ANGUSTURA PRINCE / PRÓX AO CAMPO DO NAUTICO	AV CONS ROSA E SILVA	225	E/F AO EDF ANGUSTURA PRINCE / PRÓX AO CAMPO DO NAUTICO	AFLITOS		""	COLISÃO	ENTRE AUTO E MOTO. C/V	1	1								1		""	""	""	""	""	""	""	""	""	""	""	""	""
8124	2018-09-26T00:00:00	01:51:00	COM VÍTIMA	CANCELADA	SANCHO	AV LIBERDADE	""	""	AO LADO DO COLÉGIO BOM SENHOR ALVÁRO NEGRO MONTE // PRÓX À USF BIDU KRAUSE	AV LIBERDADE	""	AO LADO DO COLÉGIO BOM SENHOR ALVÁRO NEGRO MONTE // PRÓX À USF BIDU KRAUSE	SANCHO		""	COLISÃO	COLISÃO ENTRE AMBULÂNCIA E MOTO COM VÍTIMAS		1						1		2		""	""	""	""	""	""	""	""	""	""	""	""	""
8125	2018-09-26T00:00:00	03:49:00	SEM VÍTIMA	CANCELADA	IMBIRIBEIRA	PRC MINISTRO SALGADO FILHO	""	""	NO ESTACIONAMENTO DO AEROPORTO	PRC MINISTRO SALGADO FILHO	""	NO ESTACIONAMENTO DO AEROPORTO	IMBIRIBEIRA		""	COLISÃO	COLISÃO ENTRE DOIS AUTOS S/V	2									0		""	""	""	""	""	""	""	""	""	""	""	""	""
8126	2018-09-26T00:00:00	07:12:00	SEM VÍTIMA	FINALIZADA	JARDIM SÃO PAULO	AV RECIFE	6205	""	SENT/BOA VIAGEM 100 METROS APÓS A AMUPE	AV RECIFE	6205	SENT/BOA VIAGEM 100 METROS APÓS A AMUPE	JARDIM SÃO PAULO		""	COLISÃO	SEM VITIMAS	1						1			0		""	""	""	""	""	""	""	""	""	""	""	""	""
8127	2018-09-26T00:00:00	07:23:00	SEM VÍTIMA	CANCELADA	IMBIRIBEIRA	AV MARECHAL MASCARENHAS DE MORAES	""	""	E/F AO AEROPORTO S/T CID	AV MARECHAL MASCARENHAS DE MORAES	""	E/F AO AEROPORTO S/T CID	IMBIRIBEIRA		""	COLISÃO	COLISAO ENTRE CAMINHAO DO LIXO E AUTO S/V	1					1				0		""	""	""	""	""	""	""	""	""	""	""	""	""
8128	2018-09-26T00:00:00	08:13:00	COM VÍTIMA	FINALIZADA	BOMBA DO HEMETÉRIO	RUA BOMBA DO HEMETERIO	236	""	HA 30 METROS DO MERCADINHO COMPRE MAIS	RUA BOMBA DO HEMETERIO	236	HA 30 METROS DO MERCADINHO COMPRE MAIS	BOMBA DO HEMETÉRIO		""	COLISÃO COM CICLISTA	COM UMA VITIMA AGUARDANDO O SAMU				1		1				1		""	""	""	""	""	""	""	""	""	""	""	""	""
8129	2018-09-26T00:00:00	08:17:00	SEM VÍTIMA	FINALIZADA	ENGENHO DO MEIO	RUA MANOEL CORTE REAL	372	""	E/F A OFICINA DO REGIS	RUA MANOEL CORTE REAL	372	E/F A OFICINA DO REGIS	ENGENHO DO MEIO		""	COLISÃO	COLISAO ENTRE DOIS AUTOS S/V	2									0		""	""	""	""	""	""	""	""	""	""	""	""	""
8130	2018-09-26T00:00:00	08:21:00	SEM VÍTIMA	FINALIZADA	IMBIRIBEIRA	AV MARECHAL MASCARENHAS DE MORAES	""	""	EM FRENTE A LOCALIZA / SENT CIDADE	AV MARECHAL MASCARENHAS DE MORAES	""	EM FRENTE A LOCALIZA / SENT CIDADE	IMBIRIBEIRA		""	COLISÃO	DOIS AUTO PASSEIO	2									0		""	""	""	""	""	""	""	""	""	""	""	""	""
8131	2018-09-26T00:00:00	08:46:00	SEM VÍTIMA	CANCELADA	AFOGADOS	RUA DO ACRE	""	""	E/F AO MERCADO DE AFOGADOS AO LADO DO TODO DIA	RUA DO ACRE	""	E/F AO MERCADO DE AFOGADOS AO LADO DO TODO DIA	AFOGADOS		""	COLISÃO	COLISAO ENTRE ONIBUS E AUTO S/V	1					1				0		""	""	""	""	""	""	""	""	""	""	""	""	""
8132	2018-09-26T00:00:00	08:55:00	SEM VÍTIMA	FINALIZADA	BOA VIAGEM	AV GENERAL MAC ARTHUR	""	""	EM FRENTE AO CONDOMINIO VITA	AV GENERAL MAC ARTHUR	""	EM FRENTE AO CONDOMINIO VITA	BOA VIAGEM		""	COLISÃO	SEM VITIMAS	3									0		""	""	""	""	""	""	""	""	""	""	""	""	""
8133	2018-09-26T00:00:00	09:24:00	SEM VÍTIMA	FINALIZADA	AFOGADOS	RUA IMPERIAL	2026 A	""	SEMÁFORO 352 E/F A PERNAMBUCO ALUMINIOS	RUA IMPERIAL	2026 A	SEMÁFORO 352 E/F A PERNAMBUCO ALUMINIOS	AFOGADOS		""	COLISÃO	SEM VÍTIMAS	2									0		""	""	""	""	""	""	""	""	""	""	""	""	""
8134	2018-09-26T00:00:00	10:24:00	SEM VÍTIMA	FINALIZADA	AREIAS	AV RECIFE	1040	""	EM FRENTE A LOJA HM VEÍCULOS SENT/BOA VIAGEM	AV RECIFE	1040	EM FRENTE A LOJA HM VEÍCULOS SENT/BOA VIAGEM	AREIAS		""	COLISÃO	SEM VITIMAS	1	1								0		""	""	""	""	""	""	""	""	""	""	""	""	""
8135	2018-09-26T00:00:00	11:01:00	SEM VÍTIMA	FINALIZADA	CASA FORTE	AV DEZESSETE DE AGOSTO	""	""	EM FRENTE A ACADEMIA CRUBE DEZESSETE/PRAÇA DO MONTEIRO	AV DEZESSETE DE AGOSTO	""	EM FRENTE A ACADEMIA CRUBE DEZESSETE/PRAÇA DO MONTEIRO	CASA FORTE		""	COLISÃO COM CICLISTA	SEM VITIMAS	1			1						0		""	""	""	""	""	""	""	""	""	""	""	""	""
8136	2018-09-26T00:00:00	12:01:00	SEM VÍTIMA	FINALIZADA	ESPINHEIRO	AV NORTE	""	""	PRÓX. A PRAÇA DA PICANHA // SEMÁFORO 376	AV NORTE	""	PRÓX. A PRAÇA DA PICANHA // SEMÁFORO 376	ESPINHEIRO		""	COLISÃO	COLISÃO ENTRE DOIS AUTOS. S/V.	1	1								0		""	""	""	""	""	""	""	""	""	""	""	""	""
8137	2018-09-26T00:00:00	12:23:00	SEM VÍTIMA	FINALIZADA	BOA VISTA	RUA DA SOLEDADE	94	AV MANOEL BORBA	DE ESQUINA COM A RUA MANOEL BORBA EM FRENTE A LOJA OTICA MENOR PREÇO	RUA DA SOLEDADE	94	DE ESQUINA COM A RUA MANOEL BORBA EM FRENTE A LOJA OTICA MENOR PREÇO	BOA VISTA		""	COLISÃO	COLISÃO SEM VITIMAS	1						1			0		""	""	""	""	""	""	""	""	""	""	""	""	""
8138	2018-09-26T00:00:00	13:00:00	SEM VÍTIMA	FINALIZADA	BOA VIAGEM	RUA JOSE DOMINGUES DA SILVA	147	RUA BELMONTE	CRUZAMENTO COM RUA BELMONTE, NA RUA FARMACIA PAGUE MENOS	RUA JOSE DOMINGUES DA SILVA	147	CRUZAMENTO COM RUA BELMONTE, NA RUA FARMACIA PAGUE MENOS	BOA VIAGEM		""	COLISÃO	DOIS AUTOS S/V	2									0		""	""	""	""	""	""	""	""	""	""	""	""	""
8139	2018-09-26T00:00:00	13:49:00	SEM VÍTIMA	FINALIZADA	BOA VIAGEM	AV DES JOSE NEVES	""	""	POR TRAS DO ATACADÃO NO SENTIDO PRAZERES	AV DES JOSE NEVES	""	POR TRAS DO ATACADÃO NO SENTIDO PRAZERES	BOA VIAGEM		""	COLISÃO	COLISÃO SEM VITIMAS	2									0		""	""	""	""	""	""	""	""	""	""	""	""	""
8140	2018-09-26T00:00:00	13:51:00	SEM VÍTIMA	FINALIZADA	BOA VISTA	RUA DA AURORA	""	AV MARIO MELO	COM A MÁRIO MELO // EM FRENTE AO MONUMENTO TORTURA NUNCA MAIS.	RUA DA AURORA	""	COM A MÁRIO MELO // EM FRENTE AO MONUMENTO TORTURA NUNCA MAIS.	BOA VISTA		""	COLISÃO	COLISÃO ENTRE AUTO E ÔNIBUS. S/V.	1					1				0		""	""	""	""	""	""	""	""	""	""	""	""	""
8141	2018-09-26T00:00:00	14:01:00	SEM VÍTIMA	FINALIZADA	CASA AMARELA	RUA PADRE LEMOS	639	""	SENTIDO CIDADE SUBURBIO EM FRENTE A LOJA KINITOS	RUA PADRE LEMOS	639	SENTIDO CIDADE SUBURBIO EM FRENTE A LOJA KINITOS	CASA AMARELA		""	COLISÃO	COLISÃO SEM VITIMAS	2									0		""	""	""	""	""	""	""	""	""	""	""	""	""
8142	2018-09-26T00:00:00	14:01:00	SEM VÍTIMA	FINALIZADA	ESPINHEIRO	AV NORTE	""	AV SANTOS DUMONT	EM FRENTE A PADARIA ROSARINHO // COM A SANTOS DUMONT	AV NORTE	""	EM FRENTE A PADARIA ROSARINHO // COM A SANTOS DUMONT	ESPINHEIRO		""	COLISÃO	COLISÃO ENTRE DOIS AUTOS S/V.	2									0		""	""	""	""	""	""	""	""	""	""	""	""	""
8143	2018-09-26T00:00:00	14:34:00	SEM VÍTIMA	CANCELADA	BAIRRO DO RECIFE	CAIS DO APOLO	""	""	EM FRENTE AO ESTACIONAMENTO PREFEITURA DO RECIFE EM BAIXO DO SEMAFORO 436	CAIS DO APOLO	""	EM FRENTE AO ESTACIONAMENTO PREFEITURA DO RECIFE EM BAIXO DO SEMAFORO 436	BAIRRO DO RECIFE		""	COLISÃO	COLISÃO SEM VITIMAS	2									0		""	""	""	""	""	""	""	""	""	""	""	""	""
8144	2018-09-26T00:00:00	14:34:00	SEM VÍTIMA	FINALIZADA	ENCRUZILHADA	RUA ALFREDO DE CASTRO	150	""	EM FRENTE À ARMORI // SENTIDO AV. NORTE // AMÉRICA FORD	RUA ALFREDO DE CASTRO	150	EM FRENTE À ARMORI // SENTIDO AV. NORTE // AMÉRICA FORD	ENCRUZILHADA		""	ENGAVETAMENTO	ENGAVETAMENTO ENTRE TRÊS AUTOS. S/V.	3									0		""	""	""	""	""	""	""	""	""	""	""	""	""
8145	2018-09-26T00:00:00	14:39:00	SEM VÍTIMA	FINALIZADA	SANTO AMARO	RUA AURORA	""	""	AV NORTE	RUA AURORA	""	AV NORTE	SANTO AMARO		""	COLISÃO	MOTO X AUTO	1	1								0		""	""	""	""	""	""	""	""	""	""	""	""	""
8146	2018-09-26T00:00:00	16:07:00	COM VÍTIMA	FINALIZADA	MADALENA	RUA BENFICA	""	""	PROX AO EXTRA DA BENFICA DE ESQUINA COM O HOSPITAL LESSA DE ANDRADE	RUA BENFICA	""	PROX AO EXTRA DA BENFICA DE ESQUINA COM O HOSPITAL LESSA DE ANDRADE	MADALENA		""	COLISÃO	COLISÃO COM VITIMA A ESPERA DO SAMU		2								1		""	""	""	""	""	""	""	""	""	""	""	""	""
8147	2018-09-26T00:00:00	16:19:00	COM VÍTIMA	FINALIZADA	IPUTINGA	RUA SAO MATEUS	""	""	EM BAIXO DO SEMAFORO 239 PROX AO ALTINO VENTURA	RUA SAO MATEUS	""	EM BAIXO DO SEMAFORO 239 PROX AO ALTINO VENTURA	IPUTINGA		""	COLISÃO	COLISÃO COM VITIMA A ESPERA DO SAMU	1	1								1		""	""	""	""	""	""	""	""	""	""	""	""	""
8148	2018-09-26T00:00:00	16:29:00	SEM VÍTIMA	FINALIZADA	MADALENA	RUA DR JOAO COIMBRA	""	""	EM FRENTE AO MERCADO DA MADALENA	RUA DR JOAO COIMBRA	""	EM FRENTE AO MERCADO DA MADALENA	MADALENA		""	COLISÃO	COLISÃO SEM VITIMAS	2									0		""	""	""	""	""	""	""	""	""	""	""	""	""
8149	2018-09-26T00:00:00	16:34:00	SEM VÍTIMA	FINALIZADA	AFOGADOS	LARGO DA PAZ	""	""	EM FRENTE AO BANCO ITAU	LARGO DA PAZ	""	EM FRENTE AO BANCO ITAU	AFOGADOS		""	COLISÃO	COLISÃO SEM VITIMAS	1					1				0		""	""	""	""	""	""	""	""	""	""	""	""	""
8150	2018-09-26T00:00:00	16:35:00	SEM VÍTIMA	FINALIZADA	ILHA DO LEITE	AV LINS PETIT	412	RUA JOAQUIM INACIO	COM RUA JOAQUIM INACIO E/F AO POSTO IPIRANGA	AV LINS PETIT	412	COM RUA JOAQUIM INACIO E/F AO POSTO IPIRANGA	ILHA DO LEITE		""	COLISÃO	COLISAO ENTRE DOIS AUTOS S/V	1						1			0		""	""	""	""	""	""	""	""	""	""	""	""	""
8151	2018-09-26T00:00:00	16:52:00	SEM VÍTIMA	FINALIZADA	CORDEIRO	AV ENGENHEIRO ABDIAS DE CARVALHO	""	""	PRÓXIMO AOS CORREIOS NO SENTIDO BR	AV ENGENHEIRO ABDIAS DE CARVALHO	""	PRÓXIMO AOS CORREIOS NO SENTIDO BR	CORDEIRO		""	COLISÃO	CARRO DO IML X AUTO	1							1		0		""	""	""	""	""	""	""	""	""	""	""	""	""
8152	2018-09-26T00:00:00	18:13:00	SEM VÍTIMA	FINALIZADA	JORDÃO	AV MARIA IRENE	503	""	E/F A IGREJA BATISTA DEUS É ESPÍRITO, SNT IBURA	AV MARIA IRENE	503	E/F A IGREJA BATISTA DEUS É ESPÍRITO, SNT IBURA	JORDÃO		""	COLISÃO	ENTRE AUTO E MOTO. S/V	1	1								0		""	""	""	""	""	""	""	""	""	""	""	""	""
8153	2018-09-26T00:00:00	18:25:00	SEM VÍTIMA	FINALIZADA	TORRÕES	AV ENGENHEIRO ABDIAS DE CARVALHO	""	""	SEMÁFORO 272 / APÓS A UPA	AV ENGENHEIRO ABDIAS DE CARVALHO	""	SEMÁFORO 272 / APÓS A UPA	TORRÕES		""	COLISÃO	ENTRE 2 AUTOS, S/V	2									0		""	""	""	""	""	""	""	""	""	""	""	""	""
8154	2018-09-26T00:00:00	20:11:00	COM VÍTIMA	FINALIZADA	IPSEP	RUA ITACARI	""	RUA ITAJAI	COM A ITAJAÍ... PROX. A GOCIL VIGILANCIA E SEGURANÇA	RUA ITACARI	""	COM A ITAJAÍ... PROX. A GOCIL VIGILANCIA E SEGURANÇA	IPSEP		""	COLISÃO	COLISÃO COM VÍTIMA, AGUARDANDO NO LOCAL	1	1								1		""	""	""	""	""	""	""	""	""	""	""	""	""
8155	2018-09-26T00:00:00	21:35:00	SEM VÍTIMA	CANCELADA	AFOGADOS	RUA IMPERIAL	""	""	E/F A SECRETARIA DA FAZENDA	RUA IMPERIAL	""	E/F A SECRETARIA DA FAZENDA	AFOGADOS		""	ENGAVETAMENTO	ENTRE 3 AUTOS. S/V	3									0		""	""	""	""	""	""	""	""	""	""	""	""	""
8156	2018-09-26T00:00:00	21:44:00	SEM VÍTIMA	CANCELADA	NOVA DESCOBERTA	RUA TANCREDO NEVES	""	""	POR TRAZ DO CAMPO DO FLUMINENCE	RUA TANCREDO NEVES	""	POR TRAZ DO CAMPO DO FLUMINENCE	NOVA DESCOBERTA		""	COLISÃO	COLISÃO SEM VITIMA	1	1								0		""	""	""	""	""	""	""	""	""	""	""	""	""
8157	2018-09-26T00:00:00	21:49:00	COM VÍTIMA	FINALIZADA	SANTO AMARO	RUA TREZE DE MAIO	S/N	""	AV NORTE	RUA TREZE DE MAIO	S/N	AV NORTE	SANTO AMARO		""	COLISÃO	""	1	1								1		""	""	""	""	""	""	""	""	""	""	""	""	""
8158	2018-09-26T00:00:00	22:36:00	SEM VÍTIMA	CANCELADA	AFOGADOS	RUA NICOLAU PEREIRA	""	""	E/F A ALUMIAÇO / PRÓX A PONTE MOTOCOLOMBÓ	RUA NICOLAU PEREIRA	""	E/F A ALUMIAÇO / PRÓX A PONTE MOTOCOLOMBÓ	AFOGADOS		""	COLISÃO	ENTRE ÕNIBUS E CAMINHÃO. S/V						1	1			0		""	""	""	""	""	""	""	""	""	""	""	""	""
8159	2018-09-27T00:00:00	07:03:00	SEM VÍTIMA	CANCELADA	ESPINHEIRO	RUA AMELIA	111	""	EM FRENTE AO MUNDO DO CABELEREIRO	RUA AMELIA	111	EM FRENTE AO MUNDO DO CABELEREIRO	ESPINHEIRO		""	COLISÃO	SEM VITIMAS	2									0		""	""	""	""	""	""	""	""	""	""	""	""	""
8160	2018-09-27T00:00:00	07:14:00	SEM VÍTIMA	FINALIZADA	TAMARINEIRA	RUA JOAO TUDE DE MELO	""	""	EM FRENTE AO SHOPPING PARNAMIRIM	RUA JOAO TUDE DE MELO	""	EM FRENTE AO SHOPPING PARNAMIRIM	TAMARINEIRA		""	COLISÃO	COLISÃO ENTRE DOIS AUTOS S/V.	2									0		""	""	""	""	""	""	""	""	""	""	""	""	""
8161	2018-09-27T00:00:00	07:16:00	SEM VÍTIMA	FINALIZADA	SANTO AMARO	AV CRUZ CABUGA	S/N	""	EM FRENTE AO HOSPITAL DO CÂNCER / SENTIDO OLINDA	AV CRUZ CABUGA	S/N	EM FRENTE AO HOSPITAL DO CÂNCER / SENTIDO OLINDA	SANTO AMARO		""	COLISÃO	AGENTE DE TERRENO INFORMOU QUE CONDUTORES AVISARAM SOBRE O ACIDENTE QUE ESTÁ CAUSANDO FORTE RETENÇÃO NA VIA										0		""	""	""	""	""	""	""	""	""	""	""	""	""
8162	2018-09-27T00:00:00	07:41:00	COM VÍTIMA	FINALIZADA	BAIRRO DO RECIFE	CAIS DO APOLO	""	""	EM FRENTE A PREFEITURA	CAIS DO APOLO	""	EM FRENTE A PREFEITURA	BAIRRO DO RECIFE		""	COLISÃO COM CICLISTA	ONIBUS E CICLISTA				1		1				1		""	""	""	""	""	""	""	""	""	""	""	""	""
8163	2018-09-27T00:00:00	08:36:00	SEM VÍTIMA	FINALIZADA	PARNAMIRIM	AV PARNAMIRIM	278	""	""	AV PARNAMIRIM	278	""	PARNAMIRIM		""	COLISÃO	COLISÃO SEM VITIMA	3									0		""	""	""	""	""	""	""	""	""	""	""	""	""
8164	2018-09-27T00:00:00	08:37:00	SEM VÍTIMA	FINALIZADA	PINA	AV ANTONIO DE GOES	""	""	EM BAIXO DO SEMAFORO 538	AV ANTONIO DE GOES	""	EM BAIXO DO SEMAFORO 538	PINA		""	COLISÃO	COLISÃO SEM VITIMAS GM QTH	2									0		""	""	""	""	""	""	""	""	""	""	""	""	""
8165	2018-09-27T00:00:00	09:10:00	SEM VÍTIMA	FINALIZADA	TEJIPIÓ	AV DR JOSE RUFINO	""	""	DEPOIS DA ESTAÇÃO TEJIPIÓ // ENTRADA DO PACHECO // ESQUINA COM CASA MOTO E COM A ASSEMBLÉIA DE DEUS	AV DR JOSE RUFINO	""	DEPOIS DA ESTAÇÃO TEJIPIÓ // ENTRADA DO PACHECO // ESQUINA COM CASA MOTO E COM A ASSEMBLÉIA DE DEUS	TEJIPIÓ		""	COLISÃO	COLISÃO S/V	1						1			0		""	""	""	""	""	""	""	""	""	""	""	""	""
8166	2018-09-27T00:00:00	09:22:00	COM VÍTIMA	FINALIZADA	CORDEIRO	EST DO FORTE DO ARRAIAL N. DO B. JESUS	937	""	HA 50 METROS DA PRAÇA DO QUINZE/SENT AV ENG ABDIAS DE CARVALHO	EST DO FORTE DO ARRAIAL N. DO B. JESUS	937	HA 50 METROS DA PRAÇA DO QUINZE/SENT AV ENG ABDIAS DE CARVALHO	CORDEIRO		""	COLISÃO	COM UMA VITIMA/SAMU ACIONADO/GM NO LOCAL	1	1								1		""	""	""	""	""	""	""	""	""	""	""	""	""