_id	DATA	hora	natureza_acidente	situacao	bairro	endereco	numero	detalhe_endereco_acidente	complemento	endereco_cruzamento	numero_cruzamento	referencia_cruzamento	bairro_cruzamento	num_semaforo	sentido_via	tipo	descricao	auto	moto	ciclom	ciclista	pedestre	onibus	caminhao	viatura	outros	vitimas	vitimasfatais	acidente_verificado	tempo_clima	situacao_semaforo	sinalizacao	condicao_via	conservacao_via	ponto_controle	situacao_placa	velocidade_max_via	mao_direcao	divisao_via1	divisao_via2	divisao_via3
8232	2018-09-28T00:00:00	21:49:00	COM VÍTIMA	FINALIZADA	SAN MARTIN	AV CONSUL VILARES FRAGOSO	""	""	POR TRAZ DA CAVALARIA	AV CONSUL VILARES FRAGOSO	""	POR TRAZ DA CAVALARIA	SAN MARTIN		""	COLISÃO	COLISÃO COM VITIMAS	1		1							1		""	""	""	""	""	""	""	""	""	""	""	""	""
8233	2018-09-28T00:00:00	23:03:00	COM VÍTIMA	CANCELADA	CASA AMARELA	EST DO ENCANAMENTO	""	RUA ENG OSCAR FERREIRA	CRUZAMENTO COM A RUA ENGENHEIRO OSCAR FERREIRA	EST DO ENCANAMENTO	""	CRUZAMENTO COM A RUA ENGENHEIRO OSCAR FERREIRA	CASA AMARELA		""	COLISÃO	CELTA X SANDEIRO	2									1		""	""	""	""	""	""	""	""	""	""	""	""	""
8234	2018-09-29T00:00:00	03:21:00	SEM VÍTIMA	CANCELADA	BAIRRO DO RECIFE	RUA VIGARIO TENORIO	""	RUA MARIZ E BARROS	CRUZAMENTO COM A RUA MARIZ E BARROS	RUA VIGARIO TENORIO	""	CRUZAMENTO COM A RUA MARIZ E BARROS	BAIRRO DO RECIFE		""	COLISÃO	COLISÃO ENTRE DOIS AUTOS S/V	2									0		""	""	""	""	""	""	""	""	""	""	""	""	""
8235	2018-09-29T00:00:00	07:36:00	SEM VÍTIMA	FINALIZADA	AFOGADOS	RUA SAO MIGUEL	1096	""	EM FRENTE AO POSTO FEDERAL // ESQUINA COM O CHINA IN BOX	RUA SAO MIGUEL	1096	EM FRENTE AO POSTO FEDERAL // ESQUINA COM O CHINA IN BOX	AFOGADOS		""	COLISÃO	COLISÃO ENTRE AUTOS S/V.	3									0		""	""	""	""	""	""	""	""	""	""	""	""	""
8236	2018-09-29T00:00:00	07:50:00	SEM VÍTIMA	FINALIZADA	BOA VISTA	RUA DO PRINCIPE	213	RUA GERVASIO PIRES	COM A GERVÁSIO PIRES // PRÓX AO HOSPITAL DO EXÉRCITO	RUA DO PRINCIPE	213	COM A GERVÁSIO PIRES // PRÓX AO HOSPITAL DO EXÉRCITO	BOA VISTA		""	COLISÃO	""	2									0		""	""	""	""	""	""	""	""	""	""	""	""	""
8237	2018-09-29T00:00:00	08:45:00	SEM VÍTIMA	FINALIZADA	BOA VIAGEM	AV ENGENHEIRO DOMINGOS FERREIRA	""	""	E/F AO CARREFOUR, LADO DIREITO DA VIA. SEMÁFORO 145	AV ENGENHEIRO DOMINGOS FERREIRA	""	E/F AO CARREFOUR, LADO DIREITO DA VIA. SEMÁFORO 145	BOA VIAGEM		""	COLISÃO	SEM VÍTIMAS	2									0		""	""	""	""	""	""	""	""	""	""	""	""	""
8238	2018-09-29T00:00:00	09:27:00	COM VÍTIMA	FINALIZADA	IPUTINGA	RUA BOM PASTOR	1635	""	E/F AO CONDOMINIO SONHO DOURADO, SENTIDO PRESIDIO BOM PASTOR	RUA BOM PASTOR	1635	E/F AO CONDOMINIO SONHO DOURADO, SENTIDO PRESIDIO BOM PASTOR	IPUTINGA		""	COLISÃO	COM UMA VÍTIMA SOORRIDA POR TERCEIROS.		2								1		""	""	""	""	""	""	""	""	""	""	""	""	""
8239	2018-09-29T00:00:00	11:00:00	SEM VÍTIMA	FINALIZADA	ESTÂNCIA	AV RECIFE	""	""	NA DESCIDA DO VIADUTO DA AV RECIFE PROX AO MACRO SENTIDO CAXANGA	AV RECIFE	""	NA DESCIDA DO VIADUTO DA AV RECIFE PROX AO MACRO SENTIDO CAXANGA	ESTÂNCIA		""	COLISÃO	COLISÃO SEM VITIMAS	1						1			0		""	""	""	""	""	""	""	""	""	""	""	""	""
8240	2018-09-29T00:00:00	11:18:00	SEM VÍTIMA	FINALIZADA	ARRUDA	RUA JERONIMO VILELA	1598	""	CRUZAMENTO DO CANAL DO ARRUDA	RUA JERONIMO VILELA	1598	CRUZAMENTO DO CANAL DO ARRUDA	ARRUDA		""	COLISÃO	SEM VITIMAS	2									0		""	""	""	""	""	""	""	""	""	""	""	""	""
8241	2018-09-29T00:00:00	11:47:00	COM VÍTIMA	FINALIZADA	TAMARINEIRA	EST DO ARRAIAL	""	""	AO LADO DO POSTO DE GASOLINA SHELL EM FRENTE AO EDIFICIO BARÃO DE VERA CRUZ	EST DO ARRAIAL	""	AO LADO DO POSTO DE GASOLINA SHELL EM FRENTE AO EDIFICIO BARÃO DE VERA CRUZ	TAMARINEIRA		""	COLISÃO	COLISÃO COM VITIMA A ESPERA DO SAMU	1	1								1		""	""	""	""	""	""	""	""	""	""	""	""	""
8242	2018-09-29T00:00:00	12:08:00	COM VÍTIMA	FINALIZADA	SAN MARTIN	RUA VINTE E UM DE ABRIL	2225	""	EM FRENTE A MULTILAR	RUA VINTE E UM DE ABRIL	2225	EM FRENTE A MULTILAR	SAN MARTIN		""	COLISÃO COM CICLISTA	COM VÍTIMA	1			1						1		""	""	""	""	""	""	""	""	""	""	""	""	""
8243	2018-09-29T00:00:00	12:42:00	SEM VÍTIMA	FINALIZADA	IPSEP	RUA JEAN EMILE FAVRE	""	""	E/F A FARMACIA PAGUE MENOS AO LADO DO SUPERMERCADO ARCO IRIS	RUA JEAN EMILE FAVRE	""	E/F A FARMACIA PAGUE MENOS AO LADO DO SUPERMERCADO ARCO IRIS	IPSEP		""	COLISÃO	COLISAO ENTRE AUTO E MOTO S/V	1	1								0		""	""	""	""	""	""	""	""	""	""	""	""	""
8244	2018-09-29T00:00:00	13:09:00	SEM VÍTIMA	FINALIZADA	TORREÃO	AV GOVERNADOR AGAMENON MAGALHAES	""	""	EM FRENTE A IGREJA DE JESUS CRISTO DOS SANTOS DOS ULTIMOS DIAS/ SENTIDO BOA VAIGEM	AV GOVERNADOR AGAMENON MAGALHAES	""	EM FRENTE A IGREJA DE JESUS CRISTO DOS SANTOS DOS ULTIMOS DIAS/ SENTIDO BOA VAIGEM	TORREÃO		""	COLISÃO	COLISÃO SEM VÍTIMA	2									0		""	""	""	""	""	""	""	""	""	""	""	""	""
8245	2018-09-29T00:00:00	13:20:00	SEM VÍTIMA	CANCELADA	SANCHO	RUA APRIGIO GUIMARAES	894	RUA ARGINA AGUIAR	CRUZAMENTO COM A RAU ARGINA ÁGUIAR E PROXIMO AO OTAVIO DE FREITAS	RUA APRIGIO GUIMARAES	894	CRUZAMENTO COM A RAU ARGINA ÁGUIAR E PROXIMO AO OTAVIO DE FREITAS	SANCHO		""	CHOQUE	VEÍCULO CHOCOU-SE COM O MURO DE UMA RESIDENCIA/ SEM VÍTIMA										0		""	""	""	""	""	""	""	""	""	""	""	""	""
8246	2018-09-29T00:00:00	13:30:00	SEM VÍTIMA	PENDENTE	CAMPO GRANDE	EST DE BELEM	763	""	EM FRENTE AO POSTO TOTAL, SENTIDO OLINDA	EST DE BELEM	763	EM FRENTE AO POSTO TOTAL, SENTIDO OLINDA	CAMPO GRANDE		""	COLISÃO	DOIS AUTOS S/V	2									0		""	""	""	""	""	""	""	""	""	""	""	""	""
8247	2018-09-29T00:00:00	13:59:00	SEM VÍTIMA	CANCELADA	ESPINHEIRO	RUA AMELIA	293	""	ANTES DO SEMAFORO DA ROSA E SILVA, COM RUA AMELIA	RUA AMELIA	293	ANTES DO SEMAFORO DA ROSA E SILVA, COM RUA AMELIA	ESPINHEIRO		""	COLISÃO	DOIS AUTOS S/V	2									0		""	""	""	""	""	""	""	""	""	""	""	""	""
8248	2018-09-29T00:00:00	14:15:00	SEM VÍTIMA	CANCELADA	CASA AMARELA	COR DO BARTOLOMEU	""	""	NO SEMAFORO 079	COR DO BARTOLOMEU	""	NO SEMAFORO 079	CASA AMARELA		""	COLISÃO	COLISÃO SEM VÍTIMA	2									0		""	""	""	""	""	""	""	""	""	""	""	""	""
8249	2018-09-29T00:00:00	15:29:00	SEM VÍTIMA	FINALIZADA	ARRUDA	RUA CORONEL ALENCAR DE CARVALHO	""	""	E/F AO COLEGIO PANDA	RUA CORONEL ALENCAR DE CARVALHO	""	E/F AO COLEGIO PANDA	ARRUDA		""	COLISÃO	COLISAO ENTRE AUTO E CAMINHAO S/V	1						1			0		""	""	""	""	""	""	""	""	""	""	""	""	""
8250	2018-09-29T00:00:00	15:30:00	SEM VÍTIMA	FINALIZADA	BOA VIAGEM	AV MARECHAL MASCARENHAS DE MORAES	""	""	EM FRENTE AO AEROPORTO, SEMAFORO 218, SENTIDO CIDADE	AV MARECHAL MASCARENHAS DE MORAES	""	EM FRENTE AO AEROPORTO, SEMAFORO 218, SENTIDO CIDADE	BOA VIAGEM		""	COLISÃO	DOIS AUTOS S/V	2									0		""	""	""	""	""	""	""	""	""	""	""	""	""
8251	2018-09-29T00:00:00	18:34:00	SEM VÍTIMA	FINALIZADA	MADALENA	EST DOS REMEDIOS	2360	""	SEMAFORO 353 / E/F A CASA DOS COLCHÕES E PRÓX AO SUPER MERCADO EXTRA	EST DOS REMEDIOS	2360	SEMAFORO 353 / E/F A CASA DOS COLCHÕES E PRÓX AO SUPER MERCADO EXTRA	MADALENA		""	COLISÃO	HRV X ETIOS	2									0		""	""	""	""	""	""	""	""	""	""	""	""	""
8252	2018-09-29T00:00:00	18:39:00	SEM VÍTIMA	CANCELADA	DOIS IRMÃOS	EST DOS PINTOS	3	""	PRÓX A UNIVERSIDADE RURAL / E/F AO BAR PONTO 16 E ESPAÇO OVNI	EST DOS PINTOS	3	PRÓX A UNIVERSIDADE RURAL / E/F AO BAR PONTO 16 E ESPAÇO OVNI	DOIS IRMÃOS		""	COLISÃO	ENTRE AUTO E CAMIHÃO. S/V	1						1			0		""	""	""	""	""	""	""	""	""	""	""	""	""
8253	2018-09-29T00:00:00	19:12:00	SEM VÍTIMA	CANCELADA	TORRE	RUA AMELIA	896	""	AO LADO DA EMLURB / NO INÍCIO DA PONTE DA TORRE E PRÓX O POSTO BR / SNT AGAMENON	RUA AMELIA	896	AO LADO DA EMLURB / NO INÍCIO DA PONTE DA TORRE E PRÓX O POSTO BR / SNT AGAMENON	TORRE		""	COLISÃO	ENTRE 2 AUTOS. S/V	2									0		""	""	""	""	""	""	""	""	""	""	""	""	""
8254	2018-09-29T00:00:00	19:32:00	COM VÍTIMA	FINALIZADA	TEJIPIÓ	RUA FALCAO DE LACERDA	429	RUA QUINZE DE NOVEMBRO	SEMAFORO 285 // CRUZAMENTO COM A RUA 15 DE NOVEMBRO	RUA FALCAO DE LACERDA	429	SEMAFORO 285 // CRUZAMENTO COM A RUA 15 DE NOVEMBRO	TEJIPIÓ		""	COLISÃO	VOYGA X YAMAHA 150 /// OBS: SUSPEITA DE EMBRIAGUEZ	1	1								2		""	""	""	""	""	""	""	""	""	""	""	""	""
8255	2018-09-29T00:00:00	20:23:00	COM VÍTIMA	FINALIZADA	AFOGADOS	RUA TRES DE AGOSTO	""	""	ESQUINA COM O EROS HOTEL / PRÓX A ANTIGA BREMEN	RUA TRES DE AGOSTO	""	ESQUINA COM O EROS HOTEL / PRÓX A ANTIGA BREMEN	AFOGADOS		""	COLISÃO	ENTRE AUTO E MOTO. C/V	1	1								1		""	""	""	""	""	""	""	""	""	""	""	""	""
8256	2018-09-29T00:00:00	21:58:00	SEM VÍTIMA	FINALIZADA	JARDIM SÃO PAULO	AV SAO PAULO	228	""	ENF ASSEMBLEIA DE DEUS // PROX AO COLEGIO 2001	AV SAO PAULO	228	ENF ASSEMBLEIA DE DEUS // PROX AO COLEGIO 2001	JARDIM SÃO PAULO		""	COLISÃO	FIESTA X PRISMA TAXI // OBS:: SUSPEITA DE EMBRIAGUEZ	2									0		""	""	""	""	""	""	""	""	""	""	""	""	""
8257	2018-09-29T00:00:00	22:03:00	SEM VÍTIMA	FINALIZADA	BOA VIAGEM	RUA ERNESTO DE PAULA SANTOS	960	""	PRÓX AO POSTO SETTA E UNIMED / E/F A SECOVI	RUA ERNESTO DE PAULA SANTOS	960	PRÓX AO POSTO SETTA E UNIMED / E/F A SECOVI	BOA VIAGEM		""	COLISÃO	ENTRE 2 AUTOS. S/V	2									0		""	""	""	""	""	""	""	""	""	""	""	""	""
8258	2018-09-29T00:00:00	22:13:00	SEM VÍTIMA	CANCELADA	MADALENA	RUA JOSE BONIFACIO	389	""	AO LADO DO JOÃO DA CARNE DE SOL E PRÓX A DROGASIL / E/F A MASSA NOBRE	RUA JOSE BONIFACIO	389	AO LADO DO JOÃO DA CARNE DE SOL E PRÓX A DROGASIL / E/F A MASSA NOBRE	MADALENA		""	COLISÃO	ENTRE AUTO E MOTO. S/V	1	1								0		""	""	""	""	""	""	""	""	""	""	""	""	""
8259	2018-09-30T00:00:00	00:46:00	SEM VÍTIMA	FINALIZADA	JARDIM SÃO PAULO	RUA LEANDRO BARRETO	""	AV SÃO PAULO	EM FRENTE A PIZZARIA DOS GÊMEOS// CRUZAMENTO COM AV SÃO PAULO	RUA LEANDRO BARRETO	""	EM FRENTE A PIZZARIA DOS GÊMEOS// CRUZAMENTO COM AV SÃO PAULO	JARDIM SÃO PAULO		""	COLISÃO	COLISÃO ENTRE DOIS AUTOS S/V	2									0		""	""	""	""	""	""	""	""	""	""	""	""	""
8260	2018-09-30T00:00:00	03:08:00	SEM VÍTIMA	FINALIZADA	AREIAS	AV RECIFE	""	""	EM FRENTE AO WALMART	AV RECIFE	""	EM FRENTE AO WALMART	AREIAS		""	COLISÃO	COLISÃO ENTRE DUAS MOTOS S/V		2								0		""	""	""	""	""	""	""	""	""	""	""	""	""
8261	2018-09-30T00:00:00	03:45:00	SEM VÍTIMA	FINALIZADA	JAQUEIRA	RUA LEONARDO BEZERRA CAVALCANTE	60030	""	PRÓX AO HOSPITAL INFANTIL	RUA LEONARDO BEZERRA CAVALCANTE	60030	PRÓX AO HOSPITAL INFANTIL	JAQUEIRA		""	COLISÃO	ENTRE 2 AUTOS. S/V	2									0		""	""	""	""	""	""	""	""	""	""	""	""	""
8262	2018-09-30T00:00:00	05:26:00	SEM VÍTIMA	FINALIZADA	SÃO JOSÉ	RUA DA CONCORDIA	""	""	EM FRENTE A SECRETARIA DA FAZENDA // SEMÁFORO 180	RUA DA CONCORDIA	""	EM FRENTE A SECRETARIA DA FAZENDA // SEMÁFORO 180	SÃO JOSÉ		""	COLISÃO	COLISÃO ENTRE DOIS AUTOS S/V	2									0		""	""	""	""	""	""	""	""	""	""	""	""	""
8263	2018-09-30T00:00:00	06:50:00	SEM VÍTIMA	FINALIZADA	BOA VISTA	RUA DR JOSE MARIANO	""	RUA VELHA	SEMÁFORO 209, DE ESQUINA COM A PONTE SEIS DE MARÇO	RUA DR JOSE MARIANO	""	SEMÁFORO 209, DE ESQUINA COM A PONTE SEIS DE MARÇO	BOA VISTA		""	COLISÃO	SEM VÍTIMAS	1					1				0		""	""	""	""	""	""	""	""	""	""	""	""	""
8264	2018-09-30T00:00:00	07:20:00	COM VÍTIMA	FINALIZADA	ÁGUA FRIA	RUA BELO JARDIM	2115	""	EM FRENTE A FARMACIA FARMA FORTE	RUA BELO JARDIM	2115	EM FRENTE A FARMACIA FARMA FORTE	ÁGUA FRIA		""	COLISÃO	COM DUAS VITIMAS SOCORRIDAS PELOS BOMBEIROS, CTTU NO LOCAL		1					1			2		""	""	""	""	""	""	""	""	""	""	""	""	""
8265	2018-09-30T00:00:00	09:06:00	SEM VÍTIMA	FINALIZADA	BOA VISTA	RUA DA AURORA	""	RUA DA IMPERATRIZ	CRUZ COM A RUA DA IMPETRIZ NA SUBIDA DA PONTE DOM PEDRO II	RUA DA AURORA	""	CRUZ COM A RUA DA IMPETRIZ NA SUBIDA DA PONTE DOM PEDRO II	BOA VISTA		""	COLISÃO	COLISÃO SEM VITIMAS	1					1				0		""	""	""	""	""	""	""	""	""	""	""	""	""
8266	2018-09-30T00:00:00	09:50:00	SEM VÍTIMA	CANCELADA	IMBIRIBEIRA	RUA ANTONIO FALCAO	2690	""	EM FRENT AO BANCO ITAU	RUA ANTONIO FALCAO	2690	EM FRENT AO BANCO ITAU	IMBIRIBEIRA		""	COLISÃO	""	1					1				0		""	""	""	""	""	""	""	""	""	""	""	""	""
8267	2018-09-30T00:00:00	09:50:00	SEM VÍTIMA	FINALIZADA	TORRE	RUA CONDE DE IRAJA	1015	""	PROX A IGREJA DA TORRE EM FRENTE AO EDIFICIO PRAÇA DAS PETUNIAS	RUA CONDE DE IRAJA	1015	PROX A IGREJA DA TORRE EM FRENTE AO EDIFICIO PRAÇA DAS PETUNIAS	TORRE		""	COLISÃO	COLISÃO SEM VITIMAS	3									0		""	""	""	""	""	""	""	""	""	""	""	""	""
8268	2018-09-30T00:00:00	10:01:00	SEM VÍTIMA	FINALIZADA	ENGENHO DO MEIO	RUA LINDOLFO COLOR	26	""	EM FRENTE A BORRRACHARIA E B	RUA LINDOLFO COLOR	26	EM FRENTE A BORRRACHARIA E B	ENGENHO DO MEIO		""	COLISÃO	COLISÃO SEM VITIMAS	1	1								0		""	""	""	""	""	""	""	""	""	""	""	""	""
8269	2018-09-30T00:00:00	11:27:00	SEM VÍTIMA	FINALIZADA	CORDEIRO	AV MARIO ALVARES PEREIRA DE LYRA	""	AV CAMARAO	PROX AO CANAL DO CAVOCO CRUZ COM A AV CAMARÃO	AV MARIO ALVARES PEREIRA DE LYRA	""	PROX AO CANAL DO CAVOCO CRUZ COM A AV CAMARÃO	CORDEIRO		""	COLISÃO	COLISÃO SEM VITIMAS	2									0		""	""	""	""	""	""	""	""	""	""	""	""	""
8270	2018-09-30T00:00:00	13:45:00	SEM VÍTIMA	FINALIZADA	TORRE	RUA MARCOS ANDRE	""	""	EM FRENTE AO CARREFOUR	RUA MARCOS ANDRE	""	EM FRENTE AO CARREFOUR	TORRE		""	COLISÃO	COLISÃO SEM VÍTIMA	1						1			0		""	""	""	""	""	""	""	""	""	""	""	""	""
8271	2018-09-30T00:00:00	14:16:00	SEM VÍTIMA	FINALIZADA	PASSARINHO	EST DE PASSARINHO	2210	""	EM FRENTE A IGREJA QUADRANGULAR/ SENTIDO BR	EST DE PASSARINHO	2210	EM FRENTE A IGREJA QUADRANGULAR/ SENTIDO BR	PASSARINHO		""	COLISÃO	COLISÃO SEM VÍTIMA	2									0		""	""	""	""	""	""	""	""	""	""	""	""	""
8272	2018-09-30T00:00:00	14:47:00	SEM VÍTIMA	FINALIZADA	BOA VISTA	RUA BARAO DE SAO BORJA	""	""	EM FRENTE AO POSTO DE SAUDE, SENTIDO IMIP, SEMAFORO 221	RUA BARAO DE SAO BORJA	""	EM FRENTE AO POSTO DE SAUDE, SENTIDO IMIP, SEMAFORO 221	BOA VISTA		""	COLISÃO	DOIS AUTOS S/V	2									0		""	""	""	""	""	""	""	""	""	""	""	""	""
8273	2018-09-30T00:00:00	14:47:00	COM VÍTIMA	FINALIZADA	CORDEIRO	AV CAXANGA	""	""	NO SEMÁFORO 080 / SENTIDO CAMARAGIBE	AV CAXANGA	""	NO SEMÁFORO 080 / SENTIDO CAMARAGIBE	CORDEIRO		""	ATROPELAMENTO	COM VÍTIMA		1			1					1		""	""	""	""	""	""	""	""	""	""	""	""	""
8274	2018-09-30T00:00:00	17:55:00	SEM VÍTIMA	FINALIZADA	DERBY	AV GOVERNADOR AGAMENON MAGALHAES	""	""	E/F AO BANCO BRADESCO E AO LADO DA PRC DO DERBY, SNT BOA VIAGEM	AV GOVERNADOR AGAMENON MAGALHAES	""	E/F AO BANCO BRADESCO E AO LADO DA PRC DO DERBY, SNT BOA VIAGEM	DERBY		""	COLISÃO	ENTRE VT DA PM E AUTO PASSEIO. S/V	1							1		0		""	""	""	""	""	""	""	""	""	""	""	""	""
8275	2018-09-30T00:00:00	18:00:00	SEM VÍTIMA	FINALIZADA	TORRE	RUA MARQUES DE MARICA	""	RUA SOUZA BANDEIRA	SEMÁFORO 317 - CRUZ COM A R SOUZA BANDEIRA	RUA MARQUES DE MARICA	""	SEMÁFORO 317 - CRUZ COM A R SOUZA BANDEIRA	TORRE		""	COLISÃO	ENTRE 2 AUTOS ( UM DOS ENVOLVIDOS APRESENTOU SINAIS DE EMBRIAGUEZ E SAIU DO LOCAL, DEIXANDO SEU VEÍCULO COM A OUTRA PARTE) S/V	2									0		""	""	""	""	""	""	""	""	""	""	""	""	""
8276	2018-09-30T00:00:00	18:30:00	SEM VÍTIMA	FINALIZADA	BEBERIBE	RUA URIEL DE HOLANDA	""	""	E/F A PRC DA CONVENÇÃO E MERCADO PÚBLICO DE BEBERIBE / PRÓX AO POSTO BR	RUA URIEL DE HOLANDA	""	E/F A PRC DA CONVENÇÃO E MERCADO PÚBLICO DE BEBERIBE / PRÓX AO POSTO BR	BEBERIBE		""	COLISÃO	ENTRE AUTO E ÔNIBUS. S/V	1					1				0		""	""	""	""	""	""	""	""	""	""	""	""	""
8277	2018-09-30T00:00:00	20:50:00	SEM VÍTIMA	FINALIZADA	BOA VIAGEM	RUA RIBEIRO DE BRITO	""	RUA TENENTE DOMINGOS DE BRITO	CRUZAMENTO COM A RUA TENENTE DOMINGO DE BRITO	RUA RIBEIRO DE BRITO	""	CRUZAMENTO COM A RUA TENENTE DOMINGO DE BRITO	BOA VIAGEM		""	COLISÃO	SIENA X FAIT IDEIA	2									0		""	""	""	""	""	""	""	""	""	""	""	""	""
8278	2018-09-30T00:00:00	21:50:00	SEM VÍTIMA	FINALIZADA	ILHA DO LEITE	RUA DR JOAO ASFORA	""	AV FREI MATIAS TEVES	SEMÁFORO 122 - CRUZ COM A AV FREI MATIAS TEVES	RUA DR JOAO ASFORA	""	SEMÁFORO 122 - CRUZ COM A AV FREI MATIAS TEVES	ILHA DO LEITE		""	COLISÃO	ENTRE 2 AUTOS. S/V	2									0		""	""	""	""	""	""	""	""	""	""	""	""	""
8279	2018-09-30T00:00:00	22:00:00	SEM VÍTIMA	FINALIZADA	SANTO AMARO	AV CRUZ CABUGA	""	""	NO RETORNO SENTIDO OLINDA POR BAIXO DO VIADUTO AO LADO DO SHOPPING TACARUNA	AV CRUZ CABUGA	""	NO RETORNO SENTIDO OLINDA POR BAIXO DO VIADUTO AO LADO DO SHOPPING TACARUNA	SANTO AMARO		""	COLISÃO	GOL X COBOLT X KIA	3									0		""	""	""	""	""	""	""	""	""	""	""	""	""
8280	2018-10-01T00:00:00	07:09:00	SEM VÍTIMA	FINALIZADA	DERBY	RUA JENER DE SOUZA	""	""	EM FRENTE A PRAÇA DO DERBY/SENTIDO GRAÇAS	RUA JENER DE SOUZA	""	EM FRENTE A PRAÇA DO DERBY/SENTIDO GRAÇAS	DERBY		""	COLISÃO	SEM VITIMAS	2									0		""	""	""	""	""	""	""	""	""	""	""	""	""
8281	2018-10-01T00:00:00	07:36:00	COM VÍTIMA	FINALIZADA	JORDÃO	AV MARIA IRENE	113	""	PRÓX AO QUARTEL DA AERONAUTICA // PRÓX À EQUIPADORA ZEZINHO SOM	AV MARIA IRENE	113	PRÓX AO QUARTEL DA AERONAUTICA // PRÓX À EQUIPADORA ZEZINHO SOM	JORDÃO		""	COLISÃO	COLISÃO ENTRE AUTOS C/V.	1					1				2		""	""	""	""	""	""	""	""	""	""	""	""	""
8282	2018-10-01T00:00:00	07:42:00	COM VÍTIMA	FINALIZADA	PINA	AV ANTONIO DE GOES	254	""	EM FRENTE A VENEZA NAUTICA / FAIXA DA ESQUERDA	AV ANTONIO DE GOES	254	EM FRENTE A VENEZA NAUTICA / FAIXA DA ESQUERDA	PINA		""	ATROPELAMENTO	COM UMA VITIMA SENDO ATENDIDA PELOS BOMBEIROS/CTTU NO LOCAL,GM NO LOCAL		1			1					1		""	""	""	""	""	""	""	""	""	""	""	""	""
8283	2018-10-01T00:00:00	08:06:00	SEM VÍTIMA	FINALIZADA	PINA	AV ANTONIO DE GOES	194	""	AO LADO DA CASA DAS BATERIAS	AV ANTONIO DE GOES	194	AO LADO DA CASA DAS BATERIAS	PINA		""	COLISÃO	DOIS AUTOS // GM NO QTH PO	2									0		""	""	""	""	""	""	""	""	""	""	""	""	""
8284	2018-10-01T00:00:00	08:11:00	SEM VÍTIMA	FINALIZADA	TEJIPIÓ	AV DR JOSE RUFINO	""	RUA ITAENGA	E/F AO 4º BCOM, SEMÁFORO 208	AV DR JOSE RUFINO	""	E/F AO 4º BCOM, SEMÁFORO 208	TEJIPIÓ		""	COLISÃO	SEM VÍTIMAS	2									0		""	""	""	""	""	""	""	""	""	""	""	""	""
8285	2018-10-01T00:00:00	08:39:00	SEM VÍTIMA	CANCELADA	SÃO JOSÉ	C SANTA RITA	""	""	EM FRENTE À AGEMAR	C SANTA RITA	""	EM FRENTE À AGEMAR	SÃO JOSÉ		""	COLISÃO	COLISÃO ENTRE AUTOS S/V.	2									0		""	""	""	""	""	""	""	""	""	""	""	""	""
8286	2018-10-01T00:00:00	08:40:00	SEM VÍTIMA	FINALIZADA	IMBIRIBEIRA	AV MARECHAL MASCARENHAS DE MORAES	4831	""	EM FRENTE A ANTIGA LOCALIZA SENT/AFOGADOS	AV MARECHAL MASCARENHAS DE MORAES	4831	EM FRENTE A ANTIGA LOCALIZA SENT/AFOGADOS	IMBIRIBEIRA		""	COLISÃO	SEM VITIMAS	1						1			0		""	""	""	""	""	""	""	""	""	""	""	""	""
8287	2018-10-01T00:00:00	08:51:00	SEM VÍTIMA	CANCELADA	BOA VIAGEM	RUA PROFESSOR AUGUSTO LINS E SILVA	22	RUA PROFESSOR MARIO CASTRO	COM A RUA PROFESSOR MÁRIO DE CASTRO // PRÓX. AO COLÉGIO MADRE DE DEUS // PRÓX. À LOJA BELLA MADAME	RUA PROFESSOR AUGUSTO LINS E SILVA	22	COM A RUA PROFESSOR MÁRIO DE CASTRO // PRÓX. AO COLÉGIO MADRE DE DEUS // PRÓX. À LOJA BELLA MADAME	BOA VIAGEM		""	COLISÃO	COLISÃO ENTRE AUTOS S/V.	1						1			0		""	""	""	""	""	""	""	""	""	""	""	""	""
8288	2018-10-01T00:00:00	08:55:00	SEM VÍTIMA	FINALIZADA	GRAÇAS	RUA AMELIA	43	""	E/F AO CONS. ODONTOLOGICO ADOLFO SILVA.	RUA AMELIA	43	E/F AO CONS. ODONTOLOGICO ADOLFO SILVA.	GRAÇAS		""	COLISÃO	SEM VÍTIMAS	3									0		""	""	""	""	""	""	""	""	""	""	""	""	""
8289	2018-10-01T00:00:00	09:03:00	SEM VÍTIMA	CANCELADA	ZUMBI	RUA TOMAZ GONZAGA	380	AV PROFESSOR ESTEVAO FRANCISCO DA COSTA	COM A AV. ESTEVÃO F. DA COSTA // PRÓX À SORRISO RECEPÇÕES // SEMÁFORO 280	RUA TOMAZ GONZAGA	380	COM A AV. ESTEVÃO F. DA COSTA // PRÓX À SORRISO RECEPÇÕES // SEMÁFORO 280	ZUMBI		""	COLISÃO	COLISÃO ENTRE AUTOS S/V.	2									0		""	""	""	""	""	""	""	""	""	""	""	""	""
8290	2018-10-01T00:00:00	09:27:00	SEM VÍTIMA	FINALIZADA	IMBIRIBEIRA	RUA ITAJAI	408	RUA PAMPULHA	COM RUA PAMPULHA / EM FRENTE AO EDF MAURICEIA	RUA ITAJAI	408	COM RUA PAMPULHA / EM FRENTE AO EDF MAURICEIA	IMBIRIBEIRA		""	COLISÃO	DOIS AUTO	2									0		""	""	""	""	""	""	""	""	""	""	""	""	""
8291	2018-10-01T00:00:00	09:39:00	SEM VÍTIMA	FINALIZADA	BOA VIAGEM	RUA VISCONDE DE JEQUITINHONHA	""	RUA BALTAZAR PASSOS	COM A RUA BALTAZAR PASSOS // SEMÁFORO 154	RUA VISCONDE DE JEQUITINHONHA	""	COM A RUA BALTAZAR PASSOS // SEMÁFORO 154	BOA VIAGEM		""	COLISÃO	COLISÃO ENTRE AUTOS S/V. CTTU NO LOCAL - MOTO 25 E 27	2									0		""	""	""	""	""	""	""	""	""	""	""	""	""