_id	DATA	hora	natureza_acidente	situacao	bairro	endereco	numero	detalhe_endereco_acidente	complemento	endereco_cruzamento	numero_cruzamento	referencia_cruzamento	bairro_cruzamento	num_semaforo	sentido_via	tipo	descricao	auto	moto	ciclom	ciclista	pedestre	onibus	caminhao	viatura	outros	vitimas	vitimasfatais	acidente_verificado	tempo_clima	situacao_semaforo	sinalizacao	condicao_via	conservacao_via	ponto_controle	situacao_placa	velocidade_max_via	mao_direcao	divisao_via1	divisao_via2	divisao_via3
8356	2018-10-02T00:00:00	18:52:00	SEM VÍTIMA	FINALIZADA	BOA VIAGEM	RUA TENENTE JOAO CICERO	2700	AV ENGENHEIRO DOMINGOS FERREIRA	E/F A DROGASIL / ESQUINA COM A AV DOMINGOS FERREIRA	RUA TENENTE JOAO CICERO	2700	E/F A DROGASIL / ESQUINA COM A AV DOMINGOS FERREIRA	BOA VIAGEM		""	ENGAVETAMENTO	ENTRE 3 AUTOS. S/V	3									0		""	""	""	""	""	""	""	""	""	""	""	""	""
8357	2018-10-02T00:00:00	19:07:00	COM VÍTIMA	FINALIZADA	PINA	AV ANTONIO DE GOES	""	""	E/F AO SEMAFORO 277	AV ANTONIO DE GOES	""	E/F AO SEMAFORO 277	PINA		""	ATROPELAMENTO	ATTOPELAMENTO PEDESTRE		1			1					1		""	""	""	""	""	""	""	""	""	""	""	""	""
8358	2018-10-02T00:00:00	19:33:00	SEM VÍTIMA	FINALIZADA	AREIAS	AV DR JOSE RUFINO	""	""	PROX.AO ARCO MIX	AV DR JOSE RUFINO	""	PROX.AO ARCO MIX	AREIAS		""	COLISÃO	COLISÃO SEM VITIMA	1	1								0		""	""	""	""	""	""	""	""	""	""	""	""	""
8359	2018-10-02T00:00:00	20:16:00	SEM VÍTIMA	CANCELADA	BEBERIBE	AV BEBERIBE	484	""	CASA DE ESQUINA/ JUNTO KLAUBER MAR	AV BEBERIBE	484	CASA DE ESQUINA/ JUNTO KLAUBER MAR	BEBERIBE		""	COLISÃO	COLISÃO SEM VITIMA	1						1			0		""	""	""	""	""	""	""	""	""	""	""	""	""
8360	2018-10-02T00:00:00	20:43:00	SEM VÍTIMA	CANCELADA	LINHA DO TIRO	RUA URIEL DE HOLANDA	847	""	PROX. A ASSEMBLEIA DE DEUS	RUA URIEL DE HOLANDA	847	PROX. A ASSEMBLEIA DE DEUS	LINHA DO TIRO		""	COLISÃO	COLISÃO SEM VITMAS	1					1				0		""	""	""	""	""	""	""	""	""	""	""	""	""
8361	2018-10-02T00:00:00	23:09:00	SEM VÍTIMA	FINALIZADA	DERBY	AV GOVERNADOR AGAMENON MAGALHAES	""	""	APOS O AMERICANO BATISTA, NA FRENTE DO PREDIO DA EMBRATEL, SENTIDO OLINDA .	AV GOVERNADOR AGAMENON MAGALHAES	""	APOS O AMERICANO BATISTA, NA FRENTE DO PREDIO DA EMBRATEL, SENTIDO OLINDA .	DERBY		""	COLISÃO	COLISÃO SEM VITIMAS	1	1								0		""	""	""	""	""	""	""	""	""	""	""	""	""
8362	2018-10-03T00:00:00	06:45:00	SEM VÍTIMA	FINALIZADA	BONGI	EST DO BONGI	""	""	DE ESQUINA COM O POSTO DE GASOLINA TOTAL EM FRENTE A IGREJA DO BONGI	EST DO BONGI	""	DE ESQUINA COM O POSTO DE GASOLINA TOTAL EM FRENTE A IGREJA DO BONGI	BONGI		""	COLISÃO	COLISÃO SEM VITIMAS	2									0		""	""	""	""	""	""	""	""	""	""	""	""	""
8363	2018-10-03T00:00:00	07:04:00	SEM VÍTIMA	FINALIZADA	BOA VISTA	RUA DOM BOSCO	596	""	EM FRENTE AO COLÉGIO SALESIANO	RUA DOM BOSCO	596	EM FRENTE AO COLÉGIO SALESIANO	BOA VISTA		""	COLISÃO	COLISÃO ENTRE AUTOS S/V.	3									0		""	""	""	""	""	""	""	""	""	""	""	""	""
8364	2018-10-03T00:00:00	07:45:00	SEM VÍTIMA	FINALIZADA	PINA	AV HERCULANO BANDEIRA	""	""	EM BAIXO DO SEMAFORO 657	AV HERCULANO BANDEIRA	""	EM BAIXO DO SEMAFORO 657	PINA		""	COLISÃO	COLISÃO SEM VITIMAS GM QTH		1					1			0		""	""	""	""	""	""	""	""	""	""	""	""	""
8365	2018-10-03T00:00:00	08:11:00	COM VÍTIMA	FINALIZADA	MADALENA	RUA LOPES DE CARVALHO	123	""	APOS O BOM PREÇO EM FRENTE A GALERIA MADALENA CENTER	RUA LOPES DE CARVALHO	123	APOS O BOM PREÇO EM FRENTE A GALERIA MADALENA CENTER	MADALENA		""	COLISÃO	COLISÃO COM VITIMA A ESPERA DO SAMU		1				1				1		""	""	""	""	""	""	""	""	""	""	""	""	""
8366	2018-10-03T00:00:00	08:39:00	SEM VÍTIMA	FINALIZADA	SANTO AMARO	RUA DOS PALMARES	""	RUA DO POMBAL	COM RUA DO POMBAL	RUA DOS PALMARES	""	COM RUA DO POMBAL	SANTO AMARO		""	COLISÃO	COLISÃO SEM VITMAS										0		""	""	""	""	""	""	""	""	""	""	""	""	""
8367	2018-10-03T00:00:00	10:07:00	SEM VÍTIMA	FINALIZADA	SANTO AMARO	AV VISCONDE DE SUASSUNA	607	""	EM FRENTE A SEAP SENTIDO SUBURBIO	AV VISCONDE DE SUASSUNA	607	EM FRENTE A SEAP SENTIDO SUBURBIO	SANTO AMARO		""	COLISÃO	COLISÃO SEM VITIMAS	2									0		""	""	""	""	""	""	""	""	""	""	""	""	""
8368	2018-10-03T00:00:00	10:17:00	SEM VÍTIMA	FINALIZADA	PINA	AV HERCULANO BANDEIRA	""	""	E/F AO MARTELINHO DE OURO	AV HERCULANO BANDEIRA	""	E/F AO MARTELINHO DE OURO	PINA		""	COLISÃO	SEM VÍTIMAS. VT 01 NO LOCAL.	2									0		""	""	""	""	""	""	""	""	""	""	""	""	""
8369	2018-10-03T00:00:00	10:28:00	SEM VÍTIMA	FINALIZADA	MADALENA	RUA BENFICA	480	""	E/F A ACADEMIA DE ESTUDOS FERNANDO BELTRÃO	RUA BENFICA	480	E/F A ACADEMIA DE ESTUDOS FERNANDO BELTRÃO	MADALENA		""	COLISÃO	SEM VÍTIMAS.	2									0		""	""	""	""	""	""	""	""	""	""	""	""	""
8370	2018-10-03T00:00:00	10:58:00	SEM VÍTIMA	FINALIZADA	GRAÇAS	AV GOVERNADOR AGAMENON MAGALHAES	""	""	POR TRAS DO CLUBE PORTUGUES / PROX A UNIMED PEDIATRIA	AV GOVERNADOR AGAMENON MAGALHAES	""	POR TRAS DO CLUBE PORTUGUES / PROX A UNIMED PEDIATRIA	GRAÇAS		""	COLISÃO	""	2									0		""	""	""	""	""	""	""	""	""	""	""	""	""
8371	2018-10-03T00:00:00	11:23:00	SEM VÍTIMA	FINALIZADA	DERBY	RUA JORNALISTA PAULO BITTENCOURT	""	RUA DA BAIXA VERDE	ESQUINA COM A BAIXA VERDE	RUA JORNALISTA PAULO BITTENCOURT	""	ESQUINA COM A BAIXA VERDE	DERBY		""	COLISÃO	COLISÃO SEM VÍTIMAS, ENVOLVENDO 2 AUTOS.	2									0		""	""	""	""	""	""	""	""	""	""	""	""	""
8372	2018-10-03T00:00:00	11:45:00	SEM VÍTIMA	FINALIZADA	IMBIRIBEIRA	RUA ARQUITETO LUIZ NUNES	366	""	EM FRENTE AO POSTO IPIRANGA	RUA ARQUITETO LUIZ NUNES	366	EM FRENTE AO POSTO IPIRANGA	IMBIRIBEIRA		""	COLISÃO	COLISÃO SEM VITIMAS	1					1				0		""	""	""	""	""	""	""	""	""	""	""	""	""
8373	2018-10-03T00:00:00	12:27:00	SEM VÍTIMA	FINALIZADA	PRADO	AV ENGENHEIRO ABDIAS DE CARVALHO	""	""	EM FRENTE A BIG CAR/ SENTIDO CIDADE /PROXIMO AO SEMÁFORO 057	AV ENGENHEIRO ABDIAS DE CARVALHO	""	EM FRENTE A BIG CAR/ SENTIDO CIDADE /PROXIMO AO SEMÁFORO 057	PRADO		""	COLISÃO	COLISÃO SEM VÍTIMA	3									0		""	""	""	""	""	""	""	""	""	""	""	""	""
8374	2018-10-03T00:00:00	12:31:00	SEM VÍTIMA	FINALIZADA	AFOGADOS	RUA MOTOCOLOMBO	""	""	NA FRENTE DO BRADESCO E A POLICLINICA	RUA MOTOCOLOMBO	""	NA FRENTE DO BRADESCO E A POLICLINICA	AFOGADOS		""	COLISÃO	COLISÃO SEM VITIMAS	1	1								0		""	""	""	""	""	""	""	""	""	""	""	""	""
8375	2018-10-03T00:00:00	12:32:00	SEM VÍTIMA	FINALIZADA	CAXANGÁ	RUA RENATO DE MEDEIROS	300	""	AO LADO DA ASTRAL VEICULOS MULTIMARCAS PROX AO LOJAO DO CABELEIREIRO	RUA RENATO DE MEDEIROS	300	AO LADO DA ASTRAL VEICULOS MULTIMARCAS PROX AO LOJAO DO CABELEIREIRO	CAXANGÁ		""	COLISÃO	COLISAO ENTRE DOIS AUTOS S/V	2									0		""	""	""	""	""	""	""	""	""	""	""	""	""
8376	2018-10-03T00:00:00	12:36:00	SEM VÍTIMA	CANCELADA	AFLITOS	AV CONS ROSA E SILVA	S/N	""	CLUBE NAUTICO CAPIBARIBE	AV CONS ROSA E SILVA	S/N	CLUBE NAUTICO CAPIBARIBE	AFLITOS		""	COLISÃO	COLISÃO ENVOLVENDO MOTOCICLETA E AUTO SEM VÍTIMAS. VEÍCULOS OBSTRUÍNDO UMA DAS FAIXAS E VIA SEM SINALIZAÇÃO.	1	1								0		""	""	""	""	""	""	""	""	""	""	""	""	""
8377	2018-10-03T00:00:00	12:46:00	SEM VÍTIMA	FINALIZADA	CABANGA	RUA NOVA DA CABANGA	""	""	RUA LAG DO CABANGA ANTES DO RIOMAR E/F AO SEMAFORO 662/ LOMBADA ELETRONICA	RUA NOVA DA CABANGA	""	RUA LAG DO CABANGA ANTES DO RIOMAR E/F AO SEMAFORO 662/ LOMBADA ELETRONICA	CABANGA		""	COLISÃO	COLISAO ENTRE DOIS AUTOS S/V	2									0		""	""	""	""	""	""	""	""	""	""	""	""	""
8378	2018-10-03T00:00:00	12:57:00	""	CANCELADA	AFOGADOS	RUA MOTOCOLOMBO	""	""	E/F A PRAÇA DE TAXI DO BRADESCO	RUA MOTOCOLOMBO	""	E/F A PRAÇA DE TAXI DO BRADESCO	AFOGADOS		""	COLISÃO	COLISAO ENTRE MOTO E ATXI S/V	1	1								0		""	""	""	""	""	""	""	""	""	""	""	""	""
8379	2018-10-03T00:00:00	13:07:00	SEM VÍTIMA	FINALIZADA	ENCRUZILHADA	EST DE BELEM	""	""	APOS O COLEGIO JESUS CRUCIFICADO	EST DE BELEM	""	APOS O COLEGIO JESUS CRUCIFICADO	ENCRUZILHADA		""	COLISÃO	COLISÃO SEM VITIMAS	1					1				0		""	""	""	""	""	""	""	""	""	""	""	""	""
8380	2018-10-03T00:00:00	13:44:00	SEM VÍTIMA	FINALIZADA	SANTO ANTÔNIO	RUA PRIMEIRO DE MARCO	447	""	EM FRENTE AO ITAU	RUA PRIMEIRO DE MARCO	447	EM FRENTE AO ITAU	SANTO ANTÔNIO		""	COLISÃO	COLISÃO SEM VÍTIMA	1	1								0		""	""	""	""	""	""	""	""	""	""	""	""	""
8381	2018-10-03T00:00:00	13:52:00	SEM VÍTIMA	FINALIZADA	PINA	RUA AMADOR BUENO	231	""	POR TRAS DO RIOMAR	RUA AMADOR BUENO	231	POR TRAS DO RIOMAR	PINA		""	COLISÃO	COLISAO ENTRE ONIBUS E AUTO S/V	1					1				0		""	""	""	""	""	""	""	""	""	""	""	""	""
8382	2018-10-03T00:00:00	14:12:00	SEM VÍTIMA	FINALIZADA	PINA	AV REPUBLICA ARABE UNIDA	""	""	E/F AO TREILER DA POLICIA PROX AO RIOMAR	AV REPUBLICA ARABE UNIDA	""	E/F AO TREILER DA POLICIA PROX AO RIOMAR	PINA		""	COLISÃO	COLISAO ENTRE DOIS AUTOS S/V	2									0		""	""	""	""	""	""	""	""	""	""	""	""	""
8383	2018-10-03T00:00:00	15:13:00	SEM VÍTIMA	FINALIZADA	ESTÂNCIA	AV RECIFE	""	""	MAKRO, SENTIDO CEASA...APOS A ANTIGA TRANSVAL	AV RECIFE	""	MAKRO, SENTIDO CEASA...APOS A ANTIGA TRANSVAL	ESTÂNCIA		""	COLISÃO	COLISÃO SEM VITIMAS	1						1			0		""	""	""	""	""	""	""	""	""	""	""	""	""
8384	2018-10-03T00:00:00	15:43:00	SEM VÍTIMA	FINALIZADA	IMBIRIBEIRA	RUA ITAJAI	162	""	E/F LOJA DRYSOR	RUA ITAJAI	162	E/F LOJA DRYSOR	IMBIRIBEIRA		""	COLISÃO	COLISAO ENTRE CAMINHAO E AUTO S/V	1						1			0		""	""	""	""	""	""	""	""	""	""	""	""	""
8385	2018-10-03T00:00:00	15:46:00	COM VÍTIMA	CANCELADA	SÃO JOSÉ	AV SUL	""	""	NO SEMÁFORO 510	AV SUL	""	NO SEMÁFORO 510	SÃO JOSÉ		""	COLISÃO	COLISÃO COM VÍTIMA		2								1		""	""	""	""	""	""	""	""	""	""	""	""	""
8386	2018-10-03T00:00:00	15:56:00	SEM VÍTIMA	FINALIZADA	BARRO	AV DR JOSE RUFINO	""	""	ANTES DO VIADUTO DA AV RECIFE	AV DR JOSE RUFINO	""	ANTES DO VIADUTO DA AV RECIFE	BARRO		""	COLISÃO	COLISÃO SEM VITIMAS	1	1								0		""	""	""	""	""	""	""	""	""	""	""	""	""
8387	2018-10-03T00:00:00	16:07:00	COM VÍTIMA	FINALIZADA	AFOGADOS	RUA BENFICA	""	EST DOS REMEDIOS	COM ESTRADA DOS REMÉDIOS	RUA BENFICA	""	COM ESTRADA DOS REMÉDIOS	AFOGADOS		""	COLISÃO COM CICLISTA	COLISÃO AUTO E CICLISTA	1			1						1		""	""	""	""	""	""	""	""	""	""	""	""	""
8388	2018-10-03T00:00:00	16:38:00	SEM VÍTIMA	CANCELADA	AFOGADOS	RUA IMPERIAL	""	""	NA FRENTE DO HOTEL LUA DE MEL	RUA IMPERIAL	""	NA FRENTE DO HOTEL LUA DE MEL	AFOGADOS		""	COLISÃO	COLISÃO SEM VITIMAS	1					1				0		""	""	""	""	""	""	""	""	""	""	""	""	""
8389	2018-10-03T00:00:00	16:42:00	COM VÍTIMA	FINALIZADA	SANTO AMARO	AV NORTE	""	""	ANTES DA PRAÇA DA PICANHA S/T SUB COLISAO SOBRE VIADUTO	AV NORTE	""	ANTES DA PRAÇA DA PICANHA S/T SUB COLISAO SOBRE VIADUTO	SANTO AMARO		""	COLISÃO	COLISAO ENTRE MOTO E DOIS AUTOS COM UMA VITIMA	2	1								1		""	""	""	""	""	""	""	""	""	""	""	""	""
8390	2018-10-03T00:00:00	17:08:00	SEM VÍTIMA	CANCELADA	IMBIRIBEIRA	AV MARECHAL MASCARENHAS DE MORAES	""	""	NA FRENTE DO ARMAZÉM ACHAQUI	AV MARECHAL MASCARENHAS DE MORAES	""	NA FRENTE DO ARMAZÉM ACHAQUI	IMBIRIBEIRA		""	COLISÃO	COLISÃO SEM VÍTIMAS	1								1	0		""	""	""	""	""	""	""	""	""	""	""	""	""
8391	2018-10-03T00:00:00	17:09:00	SEM VÍTIMA	FINALIZADA	IPSEP	AV RECIFE	""	""	E/F AO RESTAURANTE SAL E BRASA S/T CID	AV RECIFE	""	E/F AO RESTAURANTE SAL E BRASA S/T CID	IPSEP		""	COLISÃO	COLISAO ENTRE DOIS AUTOS S/V	2									0		""	""	""	""	""	""	""	""	""	""	""	""	""
8392	2018-10-03T00:00:00	17:57:00	SEM VÍTIMA	CANCELADA	SANTO AMARO	AV GOVERNADOR AGAMENON MAGALHAES	S/M	RUA ODORICO MENDES	CRUZAMENTO COM RUA ODORICO MENDES // SENTIDO BOA VIAGEM	AV GOVERNADOR AGAMENON MAGALHAES	S/M	CRUZAMENTO COM RUA ODORICO MENDES // SENTIDO BOA VIAGEM	SANTO AMARO		""	COLISÃO	KOMBI X FIAT STRADA	2									0		""	""	""	""	""	""	""	""	""	""	""	""	""
8393	2018-10-03T00:00:00	18:38:00	COM VÍTIMA	FINALIZADA	BOA VIAGEM	RUA CORONEL ANIZIO RODRIGUES COELHO	""	RUA MARQUES DE VALENCA	IGREJA NOSSA SENHORA DE FATIMA/ COM A MARQUES DE VALENÇA	RUA CORONEL ANIZIO RODRIGUES COELHO	""	IGREJA NOSSA SENHORA DE FATIMA/ COM A MARQUES DE VALENÇA	BOA VIAGEM		""	COLISÃO	COLISÃO COM VÍTIMA	1	1								1		""	""	""	""	""	""	""	""	""	""	""	""	""
8394	2018-10-03T00:00:00	19:31:00	COM VÍTIMA	FINALIZADA	AFOGADOS	LARGO DA PAZ	""	""	PROX. A ESTAÇÃO LARGO DA PAZ, NO INÍCIO DA AV. SUL	LARGO DA PAZ	""	PROX. A ESTAÇÃO LARGO DA PAZ, NO INÍCIO DA AV. SUL	AFOGADOS		""	COLISÃO	COLISÃO COM VÍTIMA		1				1				1		""	""	""	""	""	""	""	""	""	""	""	""	""
8395	2018-10-03T00:00:00	20:01:00	SEM VÍTIMA	FINALIZADA	BOA VIAGEM	AV HERCULANO BANDEIRA	""	""	ENF A IGREJA DO PINA // PROX AO CRUZAMENTO DA RUA CARNEIRO PESSOA	AV HERCULANO BANDEIRA	""	ENF A IGREJA DO PINA // PROX AO CRUZAMENTO DA RUA CARNEIRO PESSOA	BOA VIAGEM		""	COLISÃO	PRISMA TAXI X HB 20	2									0		""	""	""	""	""	""	""	""	""	""	""	""	""
8396	2018-10-03T00:00:00	20:12:00	SEM VÍTIMA	FINALIZADA	ENGENHO DO MEIO	RUA GOVERNADOR LOPO GARRO	444	RUA LINDOLFO COLOR	CRUZAMENTO COM A RUA LINDOLFO COLOR	RUA GOVERNADOR LOPO GARRO	444	CRUZAMENTO COM A RUA LINDOLFO COLOR	ENGENHO DO MEIO		""	COLISÃO	SIENA PRETO X LOGAN PRATA	2									0		""	""	""	""	""	""	""	""	""	""	""	""	""
8397	2018-10-03T00:00:00	20:24:00	SEM VÍTIMA	FINALIZADA	MADALENA	RUA BENFICA	""	""	NA FRENTE DO CLUB INTERNACIONAL	RUA BENFICA	""	NA FRENTE DO CLUB INTERNACIONAL	MADALENA		""	COLISÃO	COLISÃO SEM VITIMAS	2									0		""	""	""	""	""	""	""	""	""	""	""	""	""
8398	2018-10-03T00:00:00	20:48:00	""	CANCELADA	ENGENHO DO MEIO	RUA LINDOLFO COLOR	""	""	REITORIA DA UNIVERDIDADE FEDERAL	RUA LINDOLFO COLOR	""	REITORIA DA UNIVERDIDADE FEDERAL	ENGENHO DO MEIO		""	COLISÃO	COLISÃO SEM VITIMAS	2									0		""	""	""	""	""	""	""	""	""	""	""	""	""
8399	2018-10-03T00:00:00	21:06:00	SEM VÍTIMA	FINALIZADA	CORDEIRO	RUA ANTONIO VALDEVINO COSTA	""	""	AO LADO DO COMPAZ // PROX A ABDIAS DE CARVALHO , A PRIMEIRA RUA A DIREITA	RUA ANTONIO VALDEVINO COSTA	""	AO LADO DO COMPAZ // PROX A ABDIAS DE CARVALHO , A PRIMEIRA RUA A DIREITA	CORDEIRO		""	COLISÃO	FOX BRANCO X LOGAN	2									0		""	""	""	""	""	""	""	""	""	""	""	""	""
8400	2018-10-03T00:00:00	21:16:00	COM VÍTIMA	FINALIZADA	CAXANGÁ	AV JOAQUIM RIBEIRO	""	RUA RIBEIRO PESSOA	CRUZAMENTO COM A RUA RIBEIRO PESSOA // SEMAFORO 281	AV JOAQUIM RIBEIRO	""	CRUZAMENTO COM A RUA RIBEIRO PESSOA // SEMAFORO 281	CAXANGÁ		""	COLISÃO	CAMINHAO PIPA X MOTO		1					1			1		""	""	""	""	""	""	""	""	""	""	""	""	""
8401	2018-10-03T00:00:00	21:19:00	COM VÍTIMA	CANCELADA	IPUTINGA	RUA MAURICIO DE NASSAU	""	""	PROX. AO POSTO SAUDE SKALAB	RUA MAURICIO DE NASSAU	""	PROX. AO POSTO SAUDE SKALAB	IPUTINGA		""	ATROPELAMENTO	SENHORA ESTAVA ATRAVESSANDO A RUA A PÉ	1				1					1		""	""	""	""	""	""	""	""	""	""	""	""	""
8402	2018-10-03T00:00:00	21:44:00	SEM VÍTIMA	FINALIZADA	BOA VIAGEM	RUA DOS NAVEGANTES	""	""	NA FRENTE DO ILHA CAMARRÕES	RUA DOS NAVEGANTES	""	NA FRENTE DO ILHA CAMARRÕES	BOA VIAGEM		""	COLISÃO	COLISÃO SEM VITIMAS	1								1	0		""	""	""	""	""	""	""	""	""	""	""	""	""
8403	2018-10-03T00:00:00	22:00:00	SEM VÍTIMA	CANCELADA	PINA	RUA CAPITAO REBELINHO	""	RUA SOUTO FILHO	CRUZAMENTO COM A RUA SOUTO FILHO	RUA CAPITAO REBELINHO	""	CRUZAMENTO COM A RUA SOUTO FILHO	PINA		""	CHOQUE	CAMINHONETE X POSTE	1								1	0		""	""	""	""	""	""	""	""	""	""	""	""	""
8404	2018-10-04T00:00:00	00:24:00	SEM VÍTIMA	FINALIZADA	SANTO AMARO	AV CRUZ CABUGA	""	RUA CAPITAO LIMA	CRUZAMENTO COM RUA CAPITÃO LIMA	AV CRUZ CABUGA	""	CRUZAMENTO COM RUA CAPITÃO LIMA	SANTO AMARO		""	COLISÃO	COLISÃO ENTRE AUTO E MOTO S/V.	1	1								0		""	""	""	""	""	""	""	""	""	""	""	""	""
8405	2018-10-04T00:00:00	00:27:00	SEM VÍTIMA	FINALIZADA	IPSEP	AV RECIFE	""	AV SENADOR ROBERT KENNEDY	CRUZAMENTO COM A RUA SENADOR ROBERT KENNEDY	AV RECIFE	""	CRUZAMENTO COM A RUA SENADOR ROBERT KENNEDY	IPSEP		""	COLISÃO	COLISÃO ENTRE CAMINHÃO E AUTO S/V	2									0		""	""	""	""	""	""	""	""	""	""	""	""	""
8406	2018-10-04T00:00:00	01:11:00	SEM VÍTIMA	FINALIZADA	TAMARINEIRA	RUA VISCONDE DE ABAETE	""	""	EM FRENTE AO COLÉGIO ANGLO LÍDER	RUA VISCONDE DE ABAETE	""	EM FRENTE AO COLÉGIO ANGLO LÍDER	TAMARINEIRA		""	COLISÃO	COLISÃO ENTRE DOIS AUTOS S/V	2									0		""	""	""	""	""	""	""	""	""	""	""	""	""
8407	2018-10-04T00:00:00	04:57:00	SEM VÍTIMA	FINALIZADA	JORDÃO	RUA JOSE MARTORANO	""	""	EM FRENTE AO TERMINAL DE ÔNIBUS DO JORDÃO BAIXO	RUA JOSE MARTORANO	""	EM FRENTE AO TERMINAL DE ÔNIBUS DO JORDÃO BAIXO	JORDÃO		""	COLISÃO	COLISÃO ENTRE AUTO E ÔNIBUS S/V	1					1				0		""	""	""	""	""	""	""	""	""	""	""	""	""
8408	2018-10-04T00:00:00	06:13:00	SEM VÍTIMA	FINALIZADA	BOA VISTA	RUA PADRE INGLES	""	""	E/F AO COPE	RUA PADRE INGLES	""	E/F AO COPE	BOA VISTA		""	COLISÃO	SEM VÍTIMAS. E/F AO PONTO DE TÁXI	2									0		""	""	""	""	""	""	""	""	""	""	""	""	""
8409	2018-10-04T00:00:00	07:30:00	SEM VÍTIMA	FINALIZADA	BARRO	RUA PADRE DIOGO RODRIGUES	382	RUA PADRE NOBREGA	ESQUINA COM A R. PADRE NÓBREGA // PRÓX A QUADRA DO CANÁRIO E AO ARMAZÉM SALVADOR	RUA PADRE DIOGO RODRIGUES	382	ESQUINA COM A R. PADRE NÓBREGA // PRÓX A QUADRA DO CANÁRIO E AO ARMAZÉM SALVADOR	BARRO		""	COLISÃO	COLISÃO ENTRE AUTOS S/V.	2									0		""	""	""	""	""	""	""	""	""	""	""	""	""
8410	2018-10-04T00:00:00	08:06:00	SEM VÍTIMA	CANCELADA	TEJIPIÓ	AV LIBERDADE	811	""	EM FRENTE AO ARMAZEM LIBERDADE	AV LIBERDADE	811	EM FRENTE AO ARMAZEM LIBERDADE	TEJIPIÓ		""	COLISÃO	CAMINHAO E AUTO	1						1			0		""	""	""	""	""	""	""	""	""	""	""	""	""
8411	2018-10-04T00:00:00	08:27:00	SEM VÍTIMA	FINALIZADA	BOA VIAGEM	RUA BARAO DE SOUZA LEAO	""	AV DES JOSE NEVES	COM A AV. DES. JOSÉ NEVES // EM FRENTE AO SUPERMERCADO TREVO	RUA BARAO DE SOUZA LEAO	""	COM A AV. DES. JOSÉ NEVES // EM FRENTE AO SUPERMERCADO TREVO	BOA VIAGEM		""	COLISÃO	""	2									0		""	""	""	""	""	""	""	""	""	""	""	""	""
8412	2018-10-04T00:00:00	08:34:00	SEM VÍTIMA	FINALIZADA	BOMBA DO HEMETÉRIO	RUA CORREGO DO EUCLIDES	""	""	PRÓX À PANIFICADORA SENHOR DO BONFIM	RUA CORREGO DO EUCLIDES	""	PRÓX À PANIFICADORA SENHOR DO BONFIM	BOMBA DO HEMETÉRIO		""	COLISÃO	COLISÃO ENTRE ÔNIBUS E AUTO S/V. VT-12 NO QTH	1					1				0		""	""	""	""	""	""	""	""	""	""	""	""	""
8413	2018-10-04T00:00:00	09:57:00	SEM VÍTIMA	FINALIZADA	PINA	AV ANTONIO DE GOES	""	RUA JOSE MARIANO FILHO	CRUZ COM A RUA JOSE MARIANO FILHO	AV ANTONIO DE GOES	""	CRUZ COM A RUA JOSE MARIANO FILHO	PINA		""	COLISÃO	COLISÃO SEM VITIMAS GM QTH	1					1				0		""	""	""	""	""	""	""	""	""	""	""	""	""
8414	2018-10-04T00:00:00	10:01:00	COM VÍTIMA	FINALIZADA	PORTO DA MADEIRA	AV CIDADE DE MONTEIRO	""	""	EM FRENTE AO ARMAZEM CORAL ACHAQUI	AV CIDADE DE MONTEIRO	""	EM FRENTE AO ARMAZEM CORAL ACHAQUI	PORTO DA MADEIRA		""	COLISÃO	COLISÃO COM VITIMA SOCORRIDO PELOS BOMBEIROS	1	1								1		""	""	""	""	""	""	""	""	""	""	""	""	""
8415	2018-10-04T00:00:00	10:13:00	SEM VÍTIMA	FINALIZADA	ENCRUZILHADA	AV NORTE	""	""	EM FRENTE AO POSTO SHELL / SENT SUB	AV NORTE	""	EM FRENTE AO POSTO SHELL / SENT SUB	ENCRUZILHADA		""	COLISÃO	MOTO BOMBEIRO / RANGER	1							1		0		""	""	""	""	""	""	""	""	""	""	""	""	""
8416	2018-10-04T00:00:00	10:28:00	SEM VÍTIMA	FINALIZADA	GRAÇAS	RUA AMELIA	""	""	EM FRENTE AO COLEGIO AGNES	RUA AMELIA	""	EM FRENTE AO COLEGIO AGNES	GRAÇAS		""	COLISÃO	COLISÃO SEM VITIMAS	3									0		""	""	""	""	""	""	""	""	""	""	""	""	""
8417	2018-10-04T00:00:00	10:30:00	SEM VÍTIMA	CANCELADA	IMBIRIBEIRA	RUA ALLAN KARDEC	123	RUA JORNALISTA CLEOFHAS DE OLIVEIRA	PRÓX. À EMPRESA VOLARE // COM A RUA JORN. CLEOFAS DE OLIVEIRA	RUA ALLAN KARDEC	123	PRÓX. À EMPRESA VOLARE // COM A RUA JORN. CLEOFAS DE OLIVEIRA	IMBIRIBEIRA		""	COLISÃO	COLISÃO ENTRE AUTOS S/V.	2									0		""	""	""	""	""	""	""	""	""	""	""	""	""
8418	2018-10-04T00:00:00	10:36:00	SEM VÍTIMA	FINALIZADA	DERBY	RUA DA BAIXA VERDE	409	""	E/F AO BORIS BERENSTEIN	RUA DA BAIXA VERDE	409	E/F AO BORIS BERENSTEIN	DERBY		""	COLISÃO	SEM VÍTIMAS	2									0		""	""	""	""	""	""	""	""	""	""	""	""	""
8419	2018-10-04T00:00:00	10:52:00	SEM VÍTIMA	FINALIZADA	PRADO	EST DO BONGI	190	""	PRÓX À FACULDADE NOVA ROMA // EM FRENTE À WMGNV // PRÓX À OFICINA AUTO RENOV	EST DO BONGI	190	PRÓX À FACULDADE NOVA ROMA // EM FRENTE À WMGNV // PRÓX À OFICINA AUTO RENOV	PRADO		""	COLISÃO	COLISÃO ENTRE AUTO E MOTO S/V.	1	1								0		""	""	""	""	""	""	""	""	""	""	""	""	""