_id	DATA	hora	natureza_acidente	situacao	bairro	endereco	numero	detalhe_endereco_acidente	complemento	endereco_cruzamento	numero_cruzamento	referencia_cruzamento	bairro_cruzamento	num_semaforo	sentido_via	tipo	descricao	auto	moto	ciclom	ciclista	pedestre	onibus	caminhao	viatura	outros	vitimas	vitimasfatais	acidente_verificado	tempo_clima	situacao_semaforo	sinalizacao	condicao_via	conservacao_via	ponto_controle	situacao_placa	velocidade_max_via	mao_direcao	divisao_via1	divisao_via2	divisao_via3
8548	2018-10-08T00:00:00	16:50:00	COM VÍTIMA	CANCELADA	DOIS UNIDOS	RUA JOSE MENEZES DE LYRA FILHO	305	RUA JOSE FRANCISCO DE SOUZA	ESQ COM RUA JOSÉ FRANCISCO DE SOUZA // PRÓX DA IGREJA BRASIL PARA CRISTO E ANTENA DA OI	RUA JOSE MENEZES DE LYRA FILHO	305	ESQ COM RUA JOSÉ FRANCISCO DE SOUZA // PRÓX DA IGREJA BRASIL PARA CRISTO E ANTENA DA OI	DOIS UNIDOS		""	COLISÃO	COLISÃO ENTRE AUTO E MOTO C/V.	1	1								1		""	""	""	""	""	""	""	""	""	""	""	""	""
8549	2018-10-08T00:00:00	17:20:00	SEM VÍTIMA	CANCELADA	MANGUEIRA	AV CENTRAL	""	""	NO PONTILHÃO DA MANGUEIRA	AV CENTRAL	""	NO PONTILHÃO DA MANGUEIRA	MANGUEIRA		""	COLISÃO	COLISÃO SEM VÍTIMA	2									0		""	""	""	""	""	""	""	""	""	""	""	""	""
8550	2018-10-08T00:00:00	17:55:00	SEM VÍTIMA	FINALIZADA	TORRE	RUA REAL DA TORRE	""	RUA VISCONDE DE ITAPARICA	AO LADO DO ATACADO DOS PRESENTES / CRUZ COM A R VISC DE ITAPARICA	RUA REAL DA TORRE	""	AO LADO DO ATACADO DOS PRESENTES / CRUZ COM A R VISC DE ITAPARICA	TORRE		""	COLISÃO	ENTRE 2 AUTOS. S/V	2									0		""	""	""	""	""	""	""	""	""	""	""	""	""
8551	2018-10-08T00:00:00	18:49:00	SEM VÍTIMA	CANCELADA	BOA VIAGEM	AV CONSELHEIRO AGUIAR	""	RUA ERNESTO DE PAULA SANTOS	COM A R ERNESTO DE PAULA SANTOS / E/F AO HABBIBS, SNT CIDADE	AV CONSELHEIRO AGUIAR	""	COM A R ERNESTO DE PAULA SANTOS / E/F AO HABBIBS, SNT CIDADE	BOA VIAGEM		""	COLISÃO	ENTRE ÕNIBUS E AUTO PASSEIO. S/V	1					1				0		""	""	""	""	""	""	""	""	""	""	""	""	""
8552	2018-10-08T00:00:00	18:59:00	SEM VÍTIMA	FINALIZADA	BOA VIAGEM	RUA PADRE BERNADINO PESSOA	""	AV CONSELHEIRO AGUIAR	PRÓX A PADARIA GOURMET KARMEN / E/F AO EDF GALERIA / NA ESQUINA DA CONSELHEIRO AGUIAR	RUA PADRE BERNADINO PESSOA	""	PRÓX A PADARIA GOURMET KARMEN / E/F AO EDF GALERIA / NA ESQUINA DA CONSELHEIRO AGUIAR	BOA VIAGEM		""	COLISÃO	ENTRE TÁXI E AUTO PASSEIO. S/V	2									0		""	""	""	""	""	""	""	""	""	""	""	""	""
8553	2018-10-08T00:00:00	20:38:00	SEM VÍTIMA	CANCELADA	PINA	AV REPUBLICA ARABE UNIDA	""	""	DENTRO DO RIO MAR, AO LADO DA VAGA D30/ O SOLICITANTE INFORMA QUE: A OUTRA PARTE ESTAVA OCUPANDO A VAGA DE IDOSO SEM A DEVIDA IDENTIDADE ( CREDENCIAL)	AV REPUBLICA ARABE UNIDA	""	DENTRO DO RIO MAR, AO LADO DA VAGA D30/ O SOLICITANTE INFORMA QUE: A OUTRA PARTE ESTAVA OCUPANDO A VAGA DE IDOSO SEM A DEVIDA IDENTIDADE ( CREDENCIAL)	PINA		""	COLISÃO	COLISÃO SEM VITIMAS	2									0		""	""	""	""	""	""	""	""	""	""	""	""	""
8554	2018-10-08T00:00:00	21:37:00	SEM VÍTIMA	FINALIZADA	ESPINHEIRO	AV GOVERNADOR AGAMENON MAGALHAES	""	""	PRÓX A JEEP E VIADUTO, SNT BV / AO LADO DO CANAL / SEMÁFORO 108 - EM FRENTE AO DRT	AV GOVERNADOR AGAMENON MAGALHAES	""	PRÓX A JEEP E VIADUTO, SNT BV / AO LADO DO CANAL / SEMÁFORO 108 - EM FRENTE AO DRT	ESPINHEIRO		""	COLISÃO	ENTRE 2 AUTOS. S/V	2									0		""	""	""	""	""	""	""	""	""	""	""	""	""
8555	2018-10-09T00:00:00	01:03:00	SEM VÍTIMA	FINALIZADA	SANTO AMARO	AV GOVERNADOR AGAMENON MAGALHAES	""	AV DR JAYME DA FONTE	CRUZAMENTO COM A AVENIDA DR.JAYME DA FONTE, EM FRENTE A CENTRAL DE FLAGRANTES, SENTIDO OLINDA	AV GOVERNADOR AGAMENON MAGALHAES	""	CRUZAMENTO COM A AVENIDA DR.JAYME DA FONTE, EM FRENTE A CENTRAL DE FLAGRANTES, SENTIDO OLINDA	SANTO AMARO		""	COLISÃO	COLISÃO ENTRE DOIS AUTOS S/V	2									0		""	""	""	""	""	""	""	""	""	""	""	""	""
8556	2018-10-09T00:00:00	06:04:00	COM VÍTIMA	FINALIZADA	MADALENA	AV ENGENHEIRO ABDIAS DE CARVALHO	""	""	semaforo 052/AO LADO DA DROGASIL/SENT TORRE	AV ENGENHEIRO ABDIAS DE CARVALHO	""	semaforo 052/AO LADO DA DROGASIL/SENT TORRE	MADALENA		""	COLISÃO	COM UMA VITIMA ,SAMU NO LOCAL	1	1								1		""	""	""	""	""	""	""	""	""	""	""	""	""
8557	2018-10-09T00:00:00	07:46:00	SEM VÍTIMA	FINALIZADA	AFOGADOS	RUA NICOLAU PEREIRA	82	RUA DA PAZ	COM RUA DA PAZ // AO LADO DO ASA INDÚSTRIA	RUA NICOLAU PEREIRA	82	COM RUA DA PAZ // AO LADO DO ASA INDÚSTRIA	AFOGADOS		""	COLISÃO	COLISÃO ENTRE AUTOS S/V.	2									0		""	""	""	""	""	""	""	""	""	""	""	""	""
8558	2018-10-09T00:00:00	07:47:00	SEM VÍTIMA	CANCELADA	CURADO	AV RECIFE	1924	""	EM FRENTE AO GALPAO HR RECIFE	AV RECIFE	1924	EM FRENTE AO GALPAO HR RECIFE	CURADO		""	COLISÃO	ONIBUS E MOTO		1				1				0		""	""	""	""	""	""	""	""	""	""	""	""	""
8559	2018-10-09T00:00:00	08:26:00	COM VÍTIMA	FINALIZADA	APIPUCOS	AV DEZESSETE DE AGOSTO	355	""	EM FRENTE A MORADA APIPUCOS	AV DEZESSETE DE AGOSTO	355	EM FRENTE A MORADA APIPUCOS	APIPUCOS		""	COLISÃO	MOTO E AUTO	1	1								2		""	""	""	""	""	""	""	""	""	""	""	""	""
8560	2018-10-09T00:00:00	09:06:00	""	CANCELADA	BOA VIAGEM	AV DOM JOAO VI	""	""	POR TRAS DO DO SHOPPING CENTER NA ENTRADA DO MC DONALD-S	AV DOM JOAO VI	""	POR TRAS DO DO SHOPPING CENTER NA ENTRADA DO MC DONALD-S	BOA VIAGEM		""	COLISÃO	COLISÃO SEM VITIMAS	1						1			0		""	""	""	""	""	""	""	""	""	""	""	""	""
8561	2018-10-09T00:00:00	09:02:00	SEM VÍTIMA	FINALIZADA	BOA VIAGEM	AV DOM JOAO VI	""	""	POR TRÁS DO SHOPPING RECIFE,SENT/AEROPORTO/BOA VIAGEM	AV DOM JOAO VI	""	POR TRÁS DO SHOPPING RECIFE,SENT/AEROPORTO/BOA VIAGEM	BOA VIAGEM		""	COLISÃO	SEM VITIMAS	1						1			0		""	""	""	""	""	""	""	""	""	""	""	""	""
8562	2018-10-09T00:00:00	09:51:00	SEM VÍTIMA	FINALIZADA	ESPINHEIRO	AV NORTE	""	RUA GUADALUPE	CRUZ COM A RUA GUADALUPE ´PROX A PRAÇA DA PICANHA	AV NORTE	""	CRUZ COM A RUA GUADALUPE ´PROX A PRAÇA DA PICANHA	ESPINHEIRO		""	COLISÃO	COLISÃO SEM VITIMAS	1	1								0		""	""	""	""	""	""	""	""	""	""	""	""	""
8563	2018-10-09T00:00:00	09:52:00	COM VÍTIMA	FINALIZADA	SANTO AMARO	AV NORTE	""	""	SEMAFORO 097 - EM FRENTE A PAROQUIA SÃO SEBASTIÃO	AV NORTE	""	SEMAFORO 097 - EM FRENTE A PAROQUIA SÃO SEBASTIÃO	SANTO AMARO		""	ATROPELAMENTO	ATROPELAMENTO DE PEDESTRE	1				1					1		""	""	""	""	""	""	""	""	""	""	""	""	""
8564	2018-10-09T00:00:00	11:01:00	SEM VÍTIMA	FINALIZADA	ILHA DO LEITE	AV GOVERNADOR AGAMENON MAGALHAES	""	""	SENTIDO OLINDA EM FRENTE AO BANCO SAFRA	AV GOVERNADOR AGAMENON MAGALHAES	""	SENTIDO OLINDA EM FRENTE AO BANCO SAFRA	ILHA DO LEITE		""	COLISÃO	COLISÃO SEM VITIMAS	1						1			0		""	""	""	""	""	""	""	""	""	""	""	""	""
8565	2018-10-09T00:00:00	11:23:00	SEM VÍTIMA	FINALIZADA	BOA VISTA	RUA JOAO FERNANDES VIEIRA	675	""	EM FRENTE A IGREJA BATISTA DA CAPUNGA	RUA JOAO FERNANDES VIEIRA	675	EM FRENTE A IGREJA BATISTA DA CAPUNGA	BOA VISTA		""	COLISÃO	SEM VITIMAS	1					1				0		""	""	""	""	""	""	""	""	""	""	""	""	""
8566	2018-10-09T00:00:00	11:52:00	SEM VÍTIMA	FINALIZADA	PINA	AV HERCULANO BANDEIRA	766	""	EM FRENTE A CAIXA ECONOMICA	AV HERCULANO BANDEIRA	766	EM FRENTE A CAIXA ECONOMICA	PINA		""	COLISÃO	COLISÃO SEM VITIMAS	5									0		""	""	""	""	""	""	""	""	""	""	""	""	""
8567	2018-10-09T00:00:00	12:45:00	SEM VÍTIMA	FINALIZADA	SÃO JOSÉ	RUA IMPERIAL	185	""	PROXIMO A IGREJA MATRIZ DE SÃO JOSÉ	RUA IMPERIAL	185	PROXIMO A IGREJA MATRIZ DE SÃO JOSÉ	SÃO JOSÉ		""	COLISÃO	COLISÃO SEM VITIMAS	2									0		""	""	""	""	""	""	""	""	""	""	""	""	""
8568	2018-10-09T00:00:00	13:26:00	SEM VÍTIMA	FINALIZADA	CAMPO GRANDE	RUA MARIO SETE	""	RUA MANUEL DE BARROS LIMA	COM A MANUEL DE BARROS LIMA/ APOS O CRUZAMENTO DO COLGIO MENINO CRUSCIFICADO	RUA MARIO SETE	""	COM A MANUEL DE BARROS LIMA/ APOS O CRUZAMENTO DO COLGIO MENINO CRUSCIFICADO	CAMPO GRANDE		""	COLISÃO	COLISÃO SEM VITIMAS	2									0		""	""	""	""	""	""	""	""	""	""	""	""	""
8569	2018-10-09T00:00:00	13:41:00	SEM VÍTIMA	FINALIZADA	PARNAMIRIM	RUA JOAO TUDE DE MELO	""	AV PARNAMIRIM	COM AV PARNAMIRIM	RUA JOAO TUDE DE MELO	""	COM AV PARNAMIRIM	PARNAMIRIM		""	COLISÃO	COLISÃO ENTRE UM AUTO E UMA MOTO	1	1								0		""	""	""	""	""	""	""	""	""	""	""	""	""
8570	2018-10-09T00:00:00	13:42:00	SEM VÍTIMA	CANCELADA	IMBIRIBEIRA	AV MARECHAL MASCARENHAS DE MORAES	""	""	EM FRENTE AO JUIZADO ESPECIAIS DO RECIFE/ SENTIDO CIDADE	AV MARECHAL MASCARENHAS DE MORAES	""	EM FRENTE AO JUIZADO ESPECIAIS DO RECIFE/ SENTIDO CIDADE	IMBIRIBEIRA		""	COLISÃO	COLISÃO SEM VÍTIMA	2									0		""	""	""	""	""	""	""	""	""	""	""	""	""
8571	2018-10-09T00:00:00	14:08:00	SEM VÍTIMA	FINALIZADA	IMBIRIBEIRA	AV MARECHAL MASCARENHAS DE MORAES	""	""	EM FRENTE A INFRAERO/ SENTIDO PRAZERES	AV MARECHAL MASCARENHAS DE MORAES	""	EM FRENTE A INFRAERO/ SENTIDO PRAZERES	IMBIRIBEIRA		""	COLISÃO	COLISÃO SEM VÍTIMA	1					1				0		""	""	""	""	""	""	""	""	""	""	""	""	""
8572	2018-10-09T00:00:00	14:19:00	SEM VÍTIMA	FINALIZADA	SÃO JOSÉ	RUA IMPERIAL	185	""	""	RUA IMPERIAL	185	""	SÃO JOSÉ		""	COLISÃO	COLISÃO ENTRE DOIS AUTOS	2									0		""	""	""	""	""	""	""	""	""	""	""	""	""
8573	2018-10-09T00:00:00	14:27:00	COM VÍTIMA	FINALIZADA	SANTO AMARO	AV NORTE	""	""	EM FRENTE A IGREJA SAO SEBASTIAO	AV NORTE	""	EM FRENTE A IGREJA SAO SEBASTIAO	SANTO AMARO		""	COLISÃO COM CICLISTA	AUTO E CICLISTA	1			1						1		""	""	""	""	""	""	""	""	""	""	""	""	""
8574	2018-10-09T00:00:00	14:32:00	SEM VÍTIMA	FINALIZADA	BAIRRO DO RECIFE	AV ALFREDO LISBOA	""	""	NO MARCO ZERO	AV ALFREDO LISBOA	""	NO MARCO ZERO	BAIRRO DO RECIFE		""	COLISÃO	COLISAO ENTRE DOIS AUTOS S/V	2									0		""	""	""	""	""	""	""	""	""	""	""	""	""
8575	2018-10-09T00:00:00	14:44:00	SEM VÍTIMA	FINALIZADA	SANTO AMARO	AV GOVERNADOR AGAMENON MAGALHAES	""	""	EM FRENTE A UPE/ SENTIDO OLINDA	AV GOVERNADOR AGAMENON MAGALHAES	""	EM FRENTE A UPE/ SENTIDO OLINDA	SANTO AMARO		""	COLISÃO	COLISÃO SEM VÍTIMA	2									0		""	""	""	""	""	""	""	""	""	""	""	""	""
8576	2018-10-09T00:00:00	16:00:00	SEM VÍTIMA	FINALIZADA	PASSARINHO	RUA PEREIRA BARRETO	""	""	PROX. AO TERMINAL DE PASSARINHO	RUA PEREIRA BARRETO	""	PROX. AO TERMINAL DE PASSARINHO	PASSARINHO		""	COLISÃO	COLISÃO SEM VITIMAS	1					1				0		""	""	""	""	""	""	""	""	""	""	""	""	""
8577	2018-10-09T00:00:00	16:18:00	SEM VÍTIMA	FINALIZADA	BOA VIAGEM	AV VINTE DE JANEIRO	159	RUA DEZ DE JULHO	CRUZAMENTO COM A RUA DEZ DE JULHO	AV VINTE DE JANEIRO	159	CRUZAMENTO COM A RUA DEZ DE JULHO	BOA VIAGEM		""	COLISÃO	COLISÃO SEM VÍTIMA	2									0		""	""	""	""	""	""	""	""	""	""	""	""	""
8578	2018-10-09T00:00:00	17:21:00	SEM VÍTIMA	FINALIZADA	AFOGADOS	RUA COSME VIANA	""	RUA PADRE TEOFILO TWORZ	CRUZAMENTO COM A RUA PADRE TEOFILO TWORZ	RUA COSME VIANA	""	CRUZAMENTO COM A RUA PADRE TEOFILO TWORZ	AFOGADOS		""	COLISÃO	COLISÃO SEM VÍTIMA	2									0		""	""	""	""	""	""	""	""	""	""	""	""	""
8579	2018-10-09T00:00:00	17:27:00	COM VÍTIMA	FINALIZADA	MADALENA	AV ENGENHEIRO ABDIAS DE CARVALHO	S/N	EST DOS REMEDIOS	C/ ESTRADA DOS REMÉDIOS (FORTURIA)	AV ENGENHEIRO ABDIAS DE CARVALHO	S/N	C/ ESTRADA DOS REMÉDIOS (FORTURIA)	MADALENA		""	COLISÃO COM CICLISTA	COLISÃO ENVOLVENDO AUTO E BICICLETA COM VÍTIMA	1			1						1		""	""	""	""	""	""	""	""	""	""	""	""	""
8580	2018-10-09T00:00:00	17:28:00	SEM VÍTIMA	FINALIZADA	BOA VIAGEM	AV CONSELHEIRO AGUIAR	4734	""	E/F AO PONTO DO AÇAI	AV CONSELHEIRO AGUIAR	4734	E/F AO PONTO DO AÇAI	BOA VIAGEM		""	COLISÃO	COLISAO ENTRE DOIS AUTOS S/V	2									0		""	""	""	""	""	""	""	""	""	""	""	""	""
8581	2018-10-09T00:00:00	17:40:00	SEM VÍTIMA	FINALIZADA	BOA VIAGEM	RUA ERNESTO DE PAULA SANTOS	""	RUA PROFESSOR JOAO MEDEIROS	COM A RUA PROF. JOÃO MEDEIROS /FARMACIA DROGASIL E O SEMAFORO 329	RUA ERNESTO DE PAULA SANTOS	""	COM A RUA PROF. JOÃO MEDEIROS /FARMACIA DROGASIL E O SEMAFORO 329	BOA VIAGEM		""	COLISÃO	COLISÃO SEM VITIMAS	2									0		""	""	""	""	""	""	""	""	""	""	""	""	""
8582	2018-10-09T00:00:00	18:02:00	SEM VÍTIMA	FINALIZADA	DERBY	PRC DO DERBY	""	""	ANTES DA PONTE // ENF AO QUARTEL DO DERBY // SENTIDO INTERNACIONAL	PRC DO DERBY	""	ANTES DA PONTE // ENF AO QUARTEL DO DERBY // SENTIDO INTERNACIONAL	DERBY		""	COLISÃO	VT DA SDS X PALIO X FIAT PUNTO OBS:: GM DA CTTU ESTAO NO LOCAL	3									0		""	""	""	""	""	""	""	""	""	""	""	""	""
8583	2018-10-09T00:00:00	18:05:00	SEM VÍTIMA	FINALIZADA	BEBERIBE	AV BEBERIBE	1442	""	CENTRO MEDICO E LABOARATORIAL, AUTO ESCOLA VENÇA O MEDO DE DIRIGIR	AV BEBERIBE	1442	CENTRO MEDICO E LABOARATORIAL, AUTO ESCOLA VENÇA O MEDO DE DIRIGIR	BEBERIBE		""	COLISÃO	COLISÃO SEM VITIMAS	1					1				0		""	""	""	""	""	""	""	""	""	""	""	""	""
8584	2018-10-09T00:00:00	18:11:00	SEM VÍTIMA	FINALIZADA	SÃO JOSÉ	C SANTA RITA	""	""	E/F AS TORRES GEMEAS	C SANTA RITA	""	E/F AS TORRES GEMEAS	SÃO JOSÉ		""	COLISÃO	COLISÃO SEM VÍTIMA	1						1			0		""	""	""	""	""	""	""	""	""	""	""	""	""
8585	2018-10-09T00:00:00	18:33:00	SEM VÍTIMA	FINALIZADA	TEJIPIÓ	AV DR JOSE RUFINO	2802	""	EM CIMA DA PONTE SENTIDO BARRO	AV DR JOSE RUFINO	2802	EM CIMA DA PONTE SENTIDO BARRO	TEJIPIÓ		""	COLISÃO	FIORINO X MOTO	1	1								0		""	""	""	""	""	""	""	""	""	""	""	""	""
8586	2018-10-09T00:00:00	18:58:00	COM VÍTIMA	FINALIZADA	SANTO AMARO	AV GOVERNADOR AGAMENON MAGALHAES	""	""	VIADUTO JAO DE BARROS // SENTIDO OLINDA	AV GOVERNADOR AGAMENON MAGALHAES	""	VIADUTO JAO DE BARROS // SENTIDO OLINDA	SANTO AMARO		""	COLISÃO	HB 20 X MOTO	1	1								1		""	""	""	""	""	""	""	""	""	""	""	""	""
8587	2018-10-09T00:00:00	19:03:00	SEM VÍTIMA	FINALIZADA	BOA VIAGEM	AV MARECHAL MASCARENHAS DE MORAES	4792	""	PROX AO HOTEL AEROPORTO // SENTIDO AEROPORTO	AV MARECHAL MASCARENHAS DE MORAES	4792	PROX AO HOTEL AEROPORTO // SENTIDO AEROPORTO	BOA VIAGEM		""	COLISÃO	CAMINHAO DE AGUA X SIENA	1						1			0		""	""	""	""	""	""	""	""	""	""	""	""	""
8588	2018-10-09T00:00:00	19:05:00	SEM VÍTIMA	FINALIZADA	BOA VIAGEM	RUA DOS NAVEGANTES	1755	""	ENFRETE AO HOTEL MERCURI	RUA DOS NAVEGANTES	1755	ENFRETE AO HOTEL MERCURI	BOA VIAGEM		""	COLISÃO	COLISÃO SEM VITIMA	2	1								0		""	""	""	""	""	""	""	""	""	""	""	""	""
8589	2018-10-09T00:00:00	19:14:00	SEM VÍTIMA	FINALIZADA	BOA VIAGEM	RUA PROFESSOR MARIO CASTRO	""	""	NA FRENTE DO COLEGIO MADRE DE DEUS	RUA PROFESSOR MARIO CASTRO	""	NA FRENTE DO COLEGIO MADRE DE DEUS	BOA VIAGEM		""	COLISÃO	COLISÃO SEM VITIMAS	2									0		""	""	""	""	""	""	""	""	""	""	""	""	""
8590	2018-10-09T00:00:00	20:27:00	COM VÍTIMA	FINALIZADA	TAMARINEIRA	RUA CONEGO BARATA	908	""	ENF DNOCS // SENTIDO ESTADIO DO SANTA CRUZ	RUA CONEGO BARATA	908	ENF DNOCS // SENTIDO ESTADIO DO SANTA CRUZ	TAMARINEIRA		""	COLISÃO	MOTO X CELTA	1	1								1		""	""	""	""	""	""	""	""	""	""	""	""	""
8591	2018-10-09T00:00:00	20:32:00	SEM VÍTIMA	FINALIZADA	BOA VIAGEM	RUA DEZ DE JULHO	210	""	ESTÃO NO CRUZAMENTO COM A CAMBUI/ PROX. AO MESA CRISTAL, SENTIDO PRAIA	RUA DEZ DE JULHO	210	ESTÃO NO CRUZAMENTO COM A CAMBUI/ PROX. AO MESA CRISTAL, SENTIDO PRAIA	BOA VIAGEM		""	COLISÃO	COLISÃO SEM VITIMA	2									0		""	""	""	""	""	""	""	""	""	""	""	""	""
8592	2018-10-09T00:00:00	20:52:00	COM VÍTIMA	FINALIZADA	DOIS IRMÃOS	RUA DOIS IRMAOS	""	""	PROX À PONTE DOIS IRMÃOS, ENTRADA DA CASA DO EX-GOV EDUARDO CAMPOS, SENTIDO CID/SUB	RUA DOIS IRMAOS	""	PROX À PONTE DOIS IRMÃOS, ENTRADA DA CASA DO EX-GOV EDUARDO CAMPOS, SENTIDO CID/SUB	DOIS IRMÃOS		""	COLISÃO	AUTOS E MOTO C/VITIMA	1	1								1		""	""	""	""	""	""	""	""	""	""	""	""	""
8593	2018-10-09T00:00:00	22:12:00	SEM VÍTIMA	FINALIZADA	NOVA DESCOBERTA	AV VEREADOR OTACILIO AZEVEDO	S/N	""	ENF A UPA DE NOVA DESCOBERTA	AV VEREADOR OTACILIO AZEVEDO	S/N	ENF A UPA DE NOVA DESCOBERTA	NOVA DESCOBERTA		""	COLISÃO	MOTO X GOLF	1	1								0		""	""	""	""	""	""	""	""	""	""	""	""	""
8594	2018-10-09T00:00:00	22:39:00	SEM VÍTIMA	FINALIZADA	CORDEIRO	AV CAMARAO	323	AV MARIO ALVARES PEREIRA DE LYRA	CRUZAMENTO COM AV MARIO ALVARES PEREIRA DE LYRA	AV CAMARAO	323	CRUZAMENTO COM AV MARIO ALVARES PEREIRA DE LYRA	CORDEIRO		""	COLISÃO	AUDI X JAC	2									0		""	""	""	""	""	""	""	""	""	""	""	""	""
8595	2018-10-09T00:00:00	23:16:00	SEM VÍTIMA	FINALIZADA	SANTO ANTÔNIO	AV DANTAS BARRETO	""	RUA SIQUEIRA CAMPOS	CRUZAMENTO COM A RUA SIQUEIRA CAMPOS // ENF A PREVIDENCIA SOCIAL	AV DANTAS BARRETO	""	CRUZAMENTO COM A RUA SIQUEIRA CAMPOS // ENF A PREVIDENCIA SOCIAL	SANTO ANTÔNIO		""	COLISÃO	ONIBUS X ONIBUS						2				0		""	""	""	""	""	""	""	""	""	""	""	""	""
8596	2018-10-10T00:00:00	06:09:00	SEM VÍTIMA	FINALIZADA	BOA VIAGEM	AV ENGENHEIRO DOMINGOS FERREIRA	4140	""	EM FRENTE AO RESTAURANTE DOM FERREIRA	AV ENGENHEIRO DOMINGOS FERREIRA	4140	EM FRENTE AO RESTAURANTE DOM FERREIRA	BOA VIAGEM		""	COLISÃO	ONIBUS E AUTO	1					1				0		""	""	""	""	""	""	""	""	""	""	""	""	""
8597	2018-10-10T00:00:00	06:50:00	SEM VÍTIMA	FINALIZADA	PARNAMIRIM	RUA MIZAEL MONTENEGRO	""	RUA PADRE ROMA	CRUZ COM A RUA PADRE ROMA EM FRENTE AO EDIFICIO SIMONE DE BELA BANVOIR	RUA MIZAEL MONTENEGRO	""	CRUZ COM A RUA PADRE ROMA EM FRENTE AO EDIFICIO SIMONE DE BELA BANVOIR	PARNAMIRIM		""	COLISÃO	""	2									0		""	""	""	""	""	""	""	""	""	""	""	""	""
8598	2018-10-10T00:00:00	07:50:00	COM VÍTIMA	FINALIZADA	SOLEDADE	RUA JOAQUIM FELIPE	60	AV JOAO DE BARROS	COM A AV JOÃO DE BARROS // EM FRENTE AO NUCE	RUA JOAQUIM FELIPE	60	COM A AV JOÃO DE BARROS // EM FRENTE AO NUCE	SOLEDADE		""	COLISÃO	COLISÃO ENTRE AUTO E MOTO C/V.	1	1								1		""	""	""	""	""	""	""	""	""	""	""	""	""
8599	2018-10-10T00:00:00	08:42:00	SEM VÍTIMA	FINALIZADA	ÁGUA FRIA	EST VELHA DE AGUA FRIA	63	""	SENT BOMBA DO HEMETERIO / ESQ COM	EST VELHA DE AGUA FRIA	63	SENT BOMBA DO HEMETERIO / ESQ COM	ÁGUA FRIA		""	COLISÃO	DOIS AUTOS	2									0		""	""	""	""	""	""	""	""	""	""	""	""	""
8600	2018-10-10T00:00:00	08:44:00	SEM VÍTIMA	FINALIZADA	GRAÇAS	AV RUI BARBOSA	370	""	EM FRENTE A IGREJA DOS MANGUINHOS	AV RUI BARBOSA	370	EM FRENTE A IGREJA DOS MANGUINHOS	GRAÇAS		""	COLISÃO	COLISÃO SEM VITIMAS	2									0		""	""	""	""	""	""	""	""	""	""	""	""	""
8601	2018-10-10T00:00:00	09:23:00	COM VÍTIMA	FINALIZADA	JAQUEIRA	RUA DO FUTURO	959	RUA DEPUTADO PEDRO PIRES FERREIRA	COM R. DEP. PEDRO PIRES FERREIRA // EM FRENTE AO LABORATÓRIO MARCELO MAGALHÃES E LIVRARIA JAQUEIRA	RUA DO FUTURO	959	COM R. DEP. PEDRO PIRES FERREIRA // EM FRENTE AO LABORATÓRIO MARCELO MAGALHÃES E LIVRARIA JAQUEIRA	JAQUEIRA		""	COLISÃO	COLISÃO ENTRE AUTO E MOTO C/V.	1	1								2		""	""	""	""	""	""	""	""	""	""	""	""	""
8602	2018-10-10T00:00:00	09:49:00	SEM VÍTIMA	FINALIZADA	PINA	AV ANTONIO DE GOES	62	""	AO LADO DO RESTAURANTE BARGAÇO	AV ANTONIO DE GOES	62	AO LADO DO RESTAURANTE BARGAÇO	PINA		""	COLISÃO	COLISÃO SEM VITIMAS		2								0		""	""	""	""	""	""	""	""	""	""	""	""	""
8603	2018-10-10T00:00:00	09:50:00	SEM VÍTIMA	FINALIZADA	ESPINHEIRO	AV GOVERNADOR AGAMENON MAGALHAES	""	""	SOBRE O VIADUTO / SENT OLINDA /BOA VIAGEM	AV GOVERNADOR AGAMENON MAGALHAES	""	SOBRE O VIADUTO / SENT OLINDA /BOA VIAGEM	ESPINHEIRO		""	COLISÃO	TRES AUTOS	3									0		""	""	""	""	""	""	""	""	""	""	""	""	""
8604	2018-10-10T00:00:00	09:52:00	SEM VÍTIMA	FINALIZADA	BOA VIAGEM	RUA ERNESTO DE PAULA SANTOS	4070	""	E/F AO HOTEL MERCURY	RUA ERNESTO DE PAULA SANTOS	4070	E/F AO HOTEL MERCURY	BOA VIAGEM		""	COLISÃO	SM VÍTIMAS	2									0		""	""	""	""	""	""	""	""	""	""	""	""	""
8605	2018-10-10T00:00:00	10:44:00	SEM VÍTIMA	FINALIZADA	IPSEP	AV RECIFE	""	""	SENTIDO MASCARENHA DE MORAES PROX AO POSTO DE GASOLINA FEDERAL SEMAFORO 130	AV RECIFE	""	SENTIDO MASCARENHA DE MORAES PROX AO POSTO DE GASOLINA FEDERAL SEMAFORO 130	IPSEP		""	COLISÃO	COLISÃO SEM VITIMAS	1					1				0		""	""	""	""	""	""	""	""	""	""	""	""	""
8606	2018-10-10T00:00:00	11:03:00	SEM VÍTIMA	FINALIZADA	MADALENA	AV ENGENHEIRO ABDIAS DE CARVALHO	12	""	EM FRENTE À BIG CAR // SENTIDO DERBY	AV ENGENHEIRO ABDIAS DE CARVALHO	12	EM FRENTE À BIG CAR // SENTIDO DERBY	MADALENA		""	COLISÃO	COLISÃO ENTRE AUTOS S/V.	2									0		""	""	""	""	""	""	""	""	""	""	""	""	""
8607	2018-10-10T00:00:00	11:40:00	SEM VÍTIMA	FINALIZADA	BOA VISTA	RUA HENRIQUE DIAS	303	AV GOVERNADOR AGAMENON MAGALHAES	COM AV GOV. AGAMENON MAGALHÃES // EM FRENTE AO CREFITO // AO LADO DA ESTAÇÃO DA COMPESA	RUA HENRIQUE DIAS	303	COM AV GOV. AGAMENON MAGALHÃES // EM FRENTE AO CREFITO // AO LADO DA ESTAÇÃO DA COMPESA	BOA VISTA		""	COLISÃO	COLISÃO ENTRE AUTOS S/V.	2									0		""	""	""	""	""	""	""	""	""	""	""	""	""