_id	DATA	hora	natureza_acidente	situacao	bairro	endereco	numero	detalhe_endereco_acidente	complemento	endereco_cruzamento	numero_cruzamento	referencia_cruzamento	bairro_cruzamento	num_semaforo	sentido_via	tipo	descricao	auto	moto	ciclom	ciclista	pedestre	onibus	caminhao	viatura	outros	vitimas	vitimasfatais	acidente_verificado	tempo_clima	situacao_semaforo	sinalizacao	condicao_via	conservacao_via	ponto_controle	situacao_placa	velocidade_max_via	mao_direcao	divisao_via1	divisao_via2	divisao_via3
8608	2018-10-10T00:00:00	12:29:00	SEM VÍTIMA	CANCELADA	DERBY	AV GOVERNADOR AGAMENON MAGALHAES	""	""	EM FRENTE AO BRADESCO/ SENTIDO BOA VIAGEM	AV GOVERNADOR AGAMENON MAGALHAES	""	EM FRENTE AO BRADESCO/ SENTIDO BOA VIAGEM	DERBY		""	COLISÃO	COLISÃO SEM VÍTIMA	1						1			0		""	""	""	""	""	""	""	""	""	""	""	""	""
8609	2018-10-10T00:00:00	12:50:00	SEM VÍTIMA	FINALIZADA	DERBY	RUA HENRIQUE DIAS	""	""	NA RUA DO COLEGIO DA POLICIA	RUA HENRIQUE DIAS	""	NA RUA DO COLEGIO DA POLICIA	DERBY		""	COLISÃO	CARRETA COLIDIU COM UMA AUTO S/V / GM NO LOCAL MOTO 01	1						1			0		""	""	""	""	""	""	""	""	""	""	""	""	""
8610	2018-10-10T00:00:00	12:54:00	SEM VÍTIMA	FINALIZADA	BOA VISTA	AV CONDE DA BOA VISTA	""	""	PROXIMO AO SHOPPING BOA VISTA SENTIDO DERBY	AV CONDE DA BOA VISTA	""	PROXIMO AO SHOPPING BOA VISTA SENTIDO DERBY	BOA VISTA		""	COLISÃO	COLISÃO ENTRE AMBULANCIA E UM ONIBUS	1					1				0		""	""	""	""	""	""	""	""	""	""	""	""	""
8611	2018-10-10T00:00:00	13:15:00	COM VÍTIMA	FINALIZADA	LINHA DO TIRO	RUA GUARAJA	""	""	NA RUA DO CALDINHO DO AMBRÓSIO E/F AO HABITACIONAL DA LINHA DO TIRO	RUA GUARAJA	""	NA RUA DO CALDINHO DO AMBRÓSIO E/F AO HABITACIONAL DA LINHA DO TIRO	LINHA DO TIRO		""	COLISÃO	COLISAO ENTRE AUTO E MOTO COM UMA VITIMA	1	1								1		""	""	""	""	""	""	""	""	""	""	""	""	""
8612	2018-10-10T00:00:00	13:29:00	COM VÍTIMA	FINALIZADA	TORRE	RUA MARQUES DE MARICA	170	""	NO SENTIDO AV MAURICIO DE NASSAU	RUA MARQUES DE MARICA	170	NO SENTIDO AV MAURICIO DE NASSAU	TORRE		""	COLISÃO	AUTO X MOTO	1	1								1		""	""	""	""	""	""	""	""	""	""	""	""	""
8613	2018-10-10T00:00:00	13:35:00	""	CANCELADA	LINHA DO TIRO	RUA GUARAJA	65	""	PROXIMO AO CALDINHO DE AMBROZIO	RUA GUARAJA	65	PROXIMO AO CALDINHO DE AMBROZIO	LINHA DO TIRO		""	COLISÃO	COLISÃO COM VÍTIMA	1	1								1		""	""	""	""	""	""	""	""	""	""	""	""	""
8614	2018-10-10T00:00:00	13:38:00	SEM VÍTIMA	FINALIZADA	BOA VIAGEM	RUA ERNESTO DE PAULA SANTOS	365	""	PROX. AO COLEGIO ANCHIETA	RUA ERNESTO DE PAULA SANTOS	365	PROX. AO COLEGIO ANCHIETA	BOA VIAGEM		""	COLISÃO	AUTO E ONIBUS S/V	1					1				0		""	""	""	""	""	""	""	""	""	""	""	""	""
8615	2018-10-10T00:00:00	13:40:00	SEM VÍTIMA	CANCELADA	TORRE	RUA MARQUES DE MARICA	172	""	PROX A PRAÇA DA TORRE E/F AO EDF PRAÇA DAS CAMELIAS	RUA MARQUES DE MARICA	172	PROX A PRAÇA DA TORRE E/F AO EDF PRAÇA DAS CAMELIAS	TORRE		""	COLISÃO	COLISAO ENTRE AUTO E MOTO COM UMA VITIMA	1	1								0		""	""	""	""	""	""	""	""	""	""	""	""	""
8616	2018-10-10T00:00:00	13:57:00	SEM VÍTIMA	FINALIZADA	ILHA DO RETIRO	RUA TABAIARES	""	""	AO LADO DO SPORT NA RUA DO SEBRAE	RUA TABAIARES	""	AO LADO DO SPORT NA RUA DO SEBRAE	ILHA DO RETIRO		""	COLISÃO	COLISAO ENTRE MOTO E AUTO S/V	1	1								0		""	""	""	""	""	""	""	""	""	""	""	""	""
8617	2018-10-10T00:00:00	14:34:00	SEM VÍTIMA	FINALIZADA	GRAÇAS	RUA AMELIA	""	""	EM FRENTE A EXTRAFARMA	RUA AMELIA	""	EM FRENTE A EXTRAFARMA	GRAÇAS		""	COLISÃO	COLISÃO SEM VÍTIMA	2									0		""	""	""	""	""	""	""	""	""	""	""	""	""
8618	2018-10-10T00:00:00	""	SEM VÍTIMA	FINALIZADA	VÁRZEA	AV AFONSO OLINDENSE	1654	""	E/F AO INSTITUTO PADRE VENÂNCIO PROX A GARAGEM DO CRT	AV AFONSO OLINDENSE	1654	E/F AO INSTITUTO PADRE VENÂNCIO PROX A GARAGEM DO CRT	VÁRZEA		""	COLISÃO	COLISAO ENTRE AUTO E CAMINHAO S/V	1						1			0		""	""	""	""	""	""	""	""	""	""	""	""	""
8619	2018-10-10T00:00:00	14:43:00	SEM VÍTIMA	FINALIZADA	BOA VIAGEM	AV ENGENHEIRO DOMINGOS FERREIRA	1971	""	AO LADO DA TOP DIAGNOSTICO	AV ENGENHEIRO DOMINGOS FERREIRA	1971	AO LADO DA TOP DIAGNOSTICO	BOA VIAGEM		""	COLISÃO	COLISAO ENTRE DOIS AUTOS S/V	2									0		""	""	""	""	""	""	""	""	""	""	""	""	""
8620	2018-10-10T00:00:00	15:16:00	SEM VÍTIMA	FINALIZADA	BOA VISTA	RUA DOM BOSCO	""	AV CONDE DA BOA VISTA	COM AV CONDE DA BOA VISTA NO SEMAFORO 027 E/F A EMLURB	RUA DOM BOSCO	""	COM AV CONDE DA BOA VISTA NO SEMAFORO 027 E/F A EMLURB	BOA VISTA		""	COLISÃO	COLISAO ENTRE DOIS AUTOS S/V	2									0		""	""	""	""	""	""	""	""	""	""	""	""	""
8621	2018-10-10T00:00:00	15:37:00	SEM VÍTIMA	FINALIZADA	DERBY	PRC DO DERBY	""	""	E/F AO QUARTEL DO DERBY BATEDOR MAXWELL MOTO 21 NO LOCAL	PRC DO DERBY	""	E/F AO QUARTEL DO DERBY BATEDOR MAXWELL MOTO 21 NO LOCAL	DERBY		""	COLISÃO	COLISAO ENTRE AUTO E MOTO S/V	1	1								0		""	""	""	""	""	""	""	""	""	""	""	""	""
8622	2018-10-10T00:00:00	15:47:00	SEM VÍTIMA	FINALIZADA	TORRE	RUA REAL DA TORRE	""	""	PROX AO EXTRA NO SEMAFORO 192	RUA REAL DA TORRE	""	PROX AO EXTRA NO SEMAFORO 192	TORRE		""	COLISÃO	COLISAO ENTRE DOIS AUTOS S/V	2									0		""	""	""	""	""	""	""	""	""	""	""	""	""
8623	2018-10-10T00:00:00	16:02:00	SEM VÍTIMA	FINALIZADA	LINHA DO TIRO	RUA URIEL DE HOLANDA	1406	""	PROX. AO TERMINAL DE LINHA DO TIRO	RUA URIEL DE HOLANDA	1406	PROX. AO TERMINAL DE LINHA DO TIRO	LINHA DO TIRO		""	COLISÃO	AUTO E ONIBUS 	1					1				0		""	""	""	""	""	""	""	""	""	""	""	""	""
8624	2018-10-10T00:00:00	16:23:00	SEM VÍTIMA	FINALIZADA	BAIRRO DO RECIFE	AV ALFREDO LISBOA	""	""	AO LADO DO MEMORIAL DA JUSTIÇA	AV ALFREDO LISBOA	""	AO LADO DO MEMORIAL DA JUSTIÇA	BAIRRO DO RECIFE		""	COLISÃO	AUTO E CAMINHAO S/V	1						1			0		""	""	""	""	""	""	""	""	""	""	""	""	""
8625	2018-10-10T00:00:00	16:37:00	SEM VÍTIMA	FINALIZADA	PORTO DA MADEIRA	AV BEBERIBE	""	""	EM FRENTE AO CONJUNTO RESIDENCIAL JOÃO PAULO SEGUNDO	AV BEBERIBE	""	EM FRENTE AO CONJUNTO RESIDENCIAL JOÃO PAULO SEGUNDO	PORTO DA MADEIRA		""	COLISÃO	COLISÃO SEM VÍTIMA	2									0		""	""	""	""	""	""	""	""	""	""	""	""	""
8626	2018-10-10T00:00:00	16:47:00	SEM VÍTIMA	FINALIZADA	MONTEIRO	AV DEZESSETE DE AGOSTO	2665	""	EM FRENTE A PRAÇA DO MONTEIRO	AV DEZESSETE DE AGOSTO	2665	EM FRENTE A PRAÇA DO MONTEIRO	MONTEIRO		""	COLISÃO	DOIS AUTOS S/V	2									0		""	""	""	""	""	""	""	""	""	""	""	""	""
8627	2018-10-10T00:00:00	17:33:00	SEM VÍTIMA	CANCELADA	DOIS UNIDOS	RUA LEONCIO RODRIGUES	114	""	PROXIMO AO TERMINAL JOSE ARMARINHO DOS REIS	RUA LEONCIO RODRIGUES	114	PROXIMO AO TERMINAL JOSE ARMARINHO DOS REIS	DOIS UNIDOS		""	COLISÃO	COLISÃO SEM VÍTIMA	1					1				0		""	""	""	""	""	""	""	""	""	""	""	""	""
8628	2018-10-10T00:00:00	17:41:00	COM VÍTIMA	FINALIZADA	ENCRUZILHADA	AV BEBERIBE	""	""	POSTO SHELL	AV BEBERIBE	""	POSTO SHELL	ENCRUZILHADA		""	COLISÃO	COLISÃO AUTO E MOTO COM VÍTIMA	1	1								1		""	""	""	""	""	""	""	""	""	""	""	""	""
8629	2018-10-10T00:00:00	18:21:00	COM VÍTIMA	FINALIZADA	ARRUDA	AV PROFESSOR JOSE DOS ANJOS	""	""	NA FRENTE DO ARRUDA AO LADO DA QUADRA BEIRA DO CANAL	AV PROFESSOR JOSE DOS ANJOS	""	NA FRENTE DO ARRUDA AO LADO DA QUADRA BEIRA DO CANAL	ARRUDA		""	COLISÃO	COLISÃO COM VITIMA	1	1								1		""	""	""	""	""	""	""	""	""	""	""	""	""
8630	2018-10-10T00:00:00	19:55:00	COM VÍTIMA	FINALIZADA	IMBIRIBEIRA	RUA ITAJAI	""	""	COLISÃO MOTO E AUTO / RUA POR TRAZ DO BANCO ITAU	RUA ITAJAI	""	COLISÃO MOTO E AUTO / RUA POR TRAZ DO BANCO ITAU	IMBIRIBEIRA		""	COLISÃO	COLISÃO COM VITIMA	1	1								1		""	""	""	""	""	""	""	""	""	""	""	""	""
8631	2018-10-10T00:00:00	20:27:00	SEM VÍTIMA	FINALIZADA	TORRÕES	AV ENGENHEIRO ABDIAS DE CARVALHO	285	""	SEMAFORO 375 ENF AO POSTO IPIRANGA	AV ENGENHEIRO ABDIAS DE CARVALHO	285	SEMAFORO 375 ENF AO POSTO IPIRANGA	TORRÕES		""	COLISÃO	MOBI X AUTO	2									0		""	""	""	""	""	""	""	""	""	""	""	""	""
8632	2018-10-11T00:00:00	07:35:00	SEM VÍTIMA	FINALIZADA	PINA	AV ANTONIO DE GOES	""	""	EM FRENTE AO LABORATORIO LUCILO AVILA	AV ANTONIO DE GOES	""	EM FRENTE AO LABORATORIO LUCILO AVILA	PINA		""	COLISÃO	SEM VITIMAS,CTTU NO LOCAL ANDRE SANTOS	2									0		""	""	""	""	""	""	""	""	""	""	""	""	""
8633	2018-10-11T00:00:00	08:00:00	COM VÍTIMA	FINALIZADA	TORRE	RUA JOSE DE HOLANDA	""	RUA JOSE BONIFACIO	SEMAFORO 601/CRUZAMENTO COM A RUA JOSE BONIFACIO	RUA JOSE DE HOLANDA	""	SEMAFORO 601/CRUZAMENTO COM A RUA JOSE BONIFACIO	TORRE		""	COLISÃO	COM UMA VITIMA AGUARDANDO SAMU	1	1								1		""	""	""	""	""	""	""	""	""	""	""	""	""
8634	2018-10-11T00:00:00	08:16:00	COM VÍTIMA	FINALIZADA	FUNDÃO	AV BEBERIBE	2446	""	PROXIMO A AUTO ESCOLA PILOTO	AV BEBERIBE	2446	PROXIMO A AUTO ESCOLA PILOTO	FUNDÃO		""	COLISÃO	COLISÃO COM VITIMA	1	1								1		""	""	""	""	""	""	""	""	""	""	""	""	""
8635	2018-10-11T00:00:00	08:18:00	SEM VÍTIMA	CANCELADA	ROSARINHO	AV NORTE	""	""	EM FRENTE FACIL PNEUS/SENT/CIDADE	AV NORTE	""	EM FRENTE FACIL PNEUS/SENT/CIDADE	ROSARINHO		""	COLISÃO	SEM VITIMAS.	2									0		""	""	""	""	""	""	""	""	""	""	""	""	""
8636	2018-10-11T00:00:00	08:42:00	COM VÍTIMA	FINALIZADA	CASA AMARELA	AV NORTE	5400	""	APÓS A DESCIDA DO MORRO	AV NORTE	5400	APÓS A DESCIDA DO MORRO	CASA AMARELA		""	ATROPELAMENTO	MOCICLISTA E PEDESTRE. MOTOCICLISTA ESPERA O SOCORRO E ATROPELADO SEGUIU DESTINO IGNORADO		1			1					1		""	""	""	""	""	""	""	""	""	""	""	""	""
8637	2018-10-11T00:00:00	09:52:00	SEM VÍTIMA	FINALIZADA	IBURA	AV DOIS RIOS	117	""	EM FRENTE A LOJA ZÉ TINTAS	AV DOIS RIOS	117	EM FRENTE A LOJA ZÉ TINTAS	IBURA		""	COLISÃO	SEM VITIMAS	2									0		""	""	""	""	""	""	""	""	""	""	""	""	""
8638	2018-10-11T00:00:00	09:56:00	SEM VÍTIMA	FINALIZADA	BOA VIAGEM	AVENIDA CELSO FURTADO (VIA MANGUE)	""	""	POR TRAS DO SHOPPING CENTER RECIFE	AVENIDA CELSO FURTADO (VIA MANGUE)	""	POR TRAS DO SHOPPING CENTER RECIFE	BOA VIAGEM		""	COLISÃO	COLISÃO SEM VITIMAS	2									0		""	""	""	""	""	""	""	""	""	""	""	""	""
8639	2018-10-11T00:00:00	11:31:00	SEM VÍTIMA	CANCELADA	DERBY	RUA JENER DE SOUZA	""	RUA DA BAIXA VERDE	COM RUA DA BAIXA VERDE // EM FRENTE À PRAÇA JENNER DE SOUZA	RUA JENER DE SOUZA	""	COM RUA DA BAIXA VERDE // EM FRENTE À PRAÇA JENNER DE SOUZA	DERBY		""	COLISÃO	COLISÃO S/V.	1						1			0		""	""	""	""	""	""	""	""	""	""	""	""	""
8640	2018-10-11T00:00:00	12:35:00	COM VÍTIMA	FINALIZADA	PINA	AV CONSUL JOSEPH NOUJAIM	40	""	EM FRENTE AO EDF ESQUINA 40	AV CONSUL JOSEPH NOUJAIM	40	EM FRENTE AO EDF ESQUINA 40	PINA		""	COLISÃO	ONIBUS E MOTO		1				1				2		""	""	""	""	""	""	""	""	""	""	""	""	""
8641	2018-10-11T00:00:00	12:46:00	SEM VÍTIMA	FINALIZADA	IMBIRIBEIRA	AV MARECHAL MASCARENHAS DE MORAES	4831	""	SENT CIDADE	AV MARECHAL MASCARENHAS DE MORAES	4831	SENT CIDADE	IMBIRIBEIRA		""	COLISÃO	TRES AUTOS	3									0		""	""	""	""	""	""	""	""	""	""	""	""	""
8642	2018-10-11T00:00:00	12:49:00	SEM VÍTIMA	FINALIZADA	DOIS IRMÃOS	AV DEZESSETE DE AGOSTO	""	""	SEMAFORO 416 / EM FRENTE AO HOTEL SENZALA	AV DEZESSETE DE AGOSTO	""	SEMAFORO 416 / EM FRENTE AO HOTEL SENZALA	DOIS IRMÃOS		""	COLISÃO	DOIS AUTOS	2									0		""	""	""	""	""	""	""	""	""	""	""	""	""
8643	2018-10-11T00:00:00	13:13:00	SEM VÍTIMA	CANCELADA	MADALENA	AV VISCONDE DE ALBUQUERQUE	913	""	EM FRENTE AO CORREIOS	AV VISCONDE DE ALBUQUERQUE	913	EM FRENTE AO CORREIOS	MADALENA		""	COLISÃO	DOIS AUTOS	2									0		""	""	""	""	""	""	""	""	""	""	""	""	""
8644	2018-10-11T00:00:00	13:18:00	SEM VÍTIMA	FINALIZADA	MACAXEIRA	AV NORTE	7386	""	EM FRENTE A IGREJA DOS MORMOS / SENT SUB	AV NORTE	7386	EM FRENTE A IGREJA DOS MORMOS / SENT SUB	MACAXEIRA		""	COLISÃO	ONIBUS E KOMBI	1					1				0		""	""	""	""	""	""	""	""	""	""	""	""	""
8645	2018-10-11T00:00:00	13:18:00	SEM VÍTIMA	CANCELADA	BAIRRO DO RECIFE	AV MARQUES DE OLINDA	""	RUA MADRE DEUS	SEMAFORO 020	AV MARQUES DE OLINDA	""	SEMAFORO 020	BAIRRO DO RECIFE		""	COLISÃO	AUTO E ONIBUS 	1					1				0		""	""	""	""	""	""	""	""	""	""	""	""	""
8646	2018-10-11T00:00:00	14:00:00	SEM VÍTIMA	FINALIZADA	IMBIRIBEIRA	AV MARECHAL MASCARENHAS DE MORAES	""	""	SEMAFORO 289 / SENT AEROPORTO / EM FRENTE A TEL CABOS	AV MARECHAL MASCARENHAS DE MORAES	""	SEMAFORO 289 / SENT AEROPORTO / EM FRENTE A TEL CABOS	IMBIRIBEIRA		""	COLISÃO	DOIS AUTOS	2									0		""	""	""	""	""	""	""	""	""	""	""	""	""
8647	2018-10-11T00:00:00	14:07:00	SEM VÍTIMA	FINALIZADA	PINA	AV ENCANTA MOCA	260	""	PROX AO MERCADO ENCANTA MOÇA	AV ENCANTA MOCA	260	PROX AO MERCADO ENCANTA MOÇA	PINA		""	COLISÃO	DOIS AUTOS	2									0		""	""	""	""	""	""	""	""	""	""	""	""	""
8648	2018-10-11T00:00:00	14:23:00	SEM VÍTIMA	FINALIZADA	BOA VIAGEM	AV ENGENHEIRO DOMINGOS FERREIRA	""	""	EM FRENTE A ESCOLA MUNICIPAL OSWALDO LIMA FILHO	AV ENGENHEIRO DOMINGOS FERREIRA	""	EM FRENTE A ESCOLA MUNICIPAL OSWALDO LIMA FILHO	BOA VIAGEM		""	COLISÃO	COLISÃO SEM VÍTIMA	2									0		""	""	""	""	""	""	""	""	""	""	""	""	""
8649	2018-10-11T00:00:00	14:35:00	COM VÍTIMA	FINALIZADA	BOA VISTA	AV GOVERNADOR CARLOS DE LIMA CAVALCANTI	63	""	PROX. AO POSTO IPIRANGA	AV GOVERNADOR CARLOS DE LIMA CAVALCANTI	63	PROX. AO POSTO IPIRANGA	BOA VISTA		""	COLISÃO	AUTO E MOTO C/V	1	1								1		""	""	""	""	""	""	""	""	""	""	""	""	""
8650	2018-10-11T00:00:00	14:45:00	SEM VÍTIMA	FINALIZADA	MADALENA	RUA BENFICA	""	EST DOS REMEDIOS	EM FRENTE AO POSTO EXTRA/ CRUZAMENTO COM A ESTRADA DOS REMEDIOS	RUA BENFICA	""	EM FRENTE AO POSTO EXTRA/ CRUZAMENTO COM A ESTRADA DOS REMEDIOS	MADALENA		""	COLISÃO	COLISÃO SEM VÍTIMA	1	1								0		""	""	""	""	""	""	""	""	""	""	""	""	""
8651	2018-10-11T00:00:00	14:59:00	COM VÍTIMA	FINALIZADA	BOA VIAGEM	AV BOA VIAGEM	2510	""	EM FRENTE AO EDF RENATO BEZERRA DE MELO	AV BOA VIAGEM	2510	EM FRENTE AO EDF RENATO BEZERRA DE MELO	BOA VIAGEM		""	COLISÃO	CAMINHAO E MOTO		1					1			1		""	""	""	""	""	""	""	""	""	""	""	""	""
8652	2018-10-11T00:00:00	15:41:00	SEM VÍTIMA	FINALIZADA	AREIAS	AV RECIFE	""	""	EM CIMA DO PONTILHAO DO METRO, SENTIDO CAXANGA, APOS O VIADUTO DO MAKRO	AV RECIFE	""	EM CIMA DO PONTILHAO DO METRO, SENTIDO CAXANGA, APOS O VIADUTO DO MAKRO	AREIAS		""	ENGAVETAMENTO	AUTO , ONIBUS E CARRETA S/V	1					1	1			0		""	""	""	""	""	""	""	""	""	""	""	""	""
8653	2018-10-11T00:00:00	15:48:00	SEM VÍTIMA	FINALIZADA	IMBIRIBEIRA	AV MARECHAL MASCARENHAS DE MORAES	""	""	EM FRENTE A IMBIRIBEIRA DIESEL/ SENTIDO AFOGADOS	AV MARECHAL MASCARENHAS DE MORAES	""	EM FRENTE A IMBIRIBEIRA DIESEL/ SENTIDO AFOGADOS	IMBIRIBEIRA		""	COLISÃO	COLISÃO SEM VÍTIMA	3									0		""	""	""	""	""	""	""	""	""	""	""	""	""
8654	2018-10-11T00:00:00	15:55:00	SEM VÍTIMA	FINALIZADA	BONGI	RUA DONA MARIA AUGUSTA NOGUEIRA	519	""	EM FRENTE A SECRETARIA DE SAUDE	RUA DONA MARIA AUGUSTA NOGUEIRA	519	EM FRENTE A SECRETARIA DE SAUDE	BONGI		""	COLISÃO	MOTO E ONIBUS	1	1								0		""	""	""	""	""	""	""	""	""	""	""	""	""
8655	2018-10-11T00:00:00	15:55:00	SEM VÍTIMA	FINALIZADA	SANTO AMARO	AV GOVERNADOR AGAMENON MAGALHAES	""	""	EM FRENTE AO POSTO BR E PROXIMO AO TACARUNA / SENTIDO OLINDA	AV GOVERNADOR AGAMENON MAGALHAES	""	EM FRENTE AO POSTO BR E PROXIMO AO TACARUNA / SENTIDO OLINDA	SANTO AMARO		""	COLISÃO	COLISÃO SEM VÍTIMA	3									0		""	""	""	""	""	""	""	""	""	""	""	""	""
8656	2018-10-11T00:00:00	16:12:00	COM VÍTIMA	FINALIZADA	AREIAS	AV RECIFE	""	""	PONTE DO CAÇOTE	AV RECIFE	""	PONTE DO CAÇOTE	AREIAS		""	ATROPELAMENTO	ATROPELAMENTO DE PEDESTRE	1				1					1		""	""	""	""	""	""	""	""	""	""	""	""	""
8657	2018-10-11T00:00:00	17:12:00	COM VÍTIMA	FINALIZADA	ILHA DO LEITE	PTE JOSE DE BARROS LIMA	""	""	SUBIDA DA PONTE JOSÉ DE BARROS LIMA, E/F AO HOSPITAL PORTUGUÊS	PTE JOSE DE BARROS LIMA	""	SUBIDA DA PONTE JOSÉ DE BARROS LIMA, E/F AO HOSPITAL PORTUGUÊS	ILHA DO LEITE		""	COLISÃO	ACIDENTE COM VÍTIMA ENTRE CARRO E MOTOCICLISTA	1	1								1		""	""	""	""	""	""	""	""	""	""	""	""	""
8658	2018-10-11T00:00:00	17:47:00	SEM VÍTIMA	FINALIZADA	BAIRRO DO RECIFE	CAIS DO APOLO	""	""	EM FRENTE AO TRIBUNAL REGIONAL E A EMPRESA CESAR	CAIS DO APOLO	""	EM FRENTE AO TRIBUNAL REGIONAL E A EMPRESA CESAR	BAIRRO DO RECIFE		""	COLISÃO	COLISÃO SEM VÍTIMA	1	1								0		""	""	""	""	""	""	""	""	""	""	""	""	""
8659	2018-10-11T00:00:00	19:15:00	SEM VÍTIMA	FINALIZADA	MADALENA	AV CAXANGA	""	""	ENTRE A PRIMEIRA PARADA DO BRT E O SEMAFORO DA JOSE OSORIO PROX A AUTO ESCOLA // SENTIDO SUBURBIO	AV CAXANGA	""	ENTRE A PRIMEIRA PARADA DO BRT E O SEMAFORO DA JOSE OSORIO PROX A AUTO ESCOLA // SENTIDO SUBURBIO	MADALENA		""	COLISÃO	ONIBUS X SAVERO X MERIVA	2					1				0		""	""	""	""	""	""	""	""	""	""	""	""	""
8660	2018-10-11T00:00:00	19:24:00	SEM VÍTIMA	FINALIZADA	IMBIRIBEIRA	AV MARECHAL MASCARENHAS DE MORAES	""	""	ENF A LOJA DA TROLLE ( JEEP) SENTIDO AEROPORTO	AV MARECHAL MASCARENHAS DE MORAES	""	ENF A LOJA DA TROLLE ( JEEP) SENTIDO AEROPORTO	IMBIRIBEIRA		""	COLISÃO COM CICLISTA	MOTO X CLASSIC X CICLISTA	1	1		1						0		""	""	""	""	""	""	""	""	""	""	""	""	""
8661	2018-10-11T00:00:00	19:53:00	SEM VÍTIMA	FINALIZADA	PINA	AV HERCULANO BANDEIRA	855	RUA NOGUEIRA DE SOUZA	CRUZAMENTO COM A RUA NOGUEIRA DE SOUZA	AV HERCULANO BANDEIRA	855	CRUZAMENTO COM A RUA NOGUEIRA DE SOUZA	PINA		""	COLISÃO	ONIBUS X CITROEN	1					1				0		""	""	""	""	""	""	""	""	""	""	""	""	""
8662	2018-10-11T00:00:00	21:36:00	SEM VÍTIMA	CANCELADA	ESTÂNCIA	AV RECIFE	""	""	NO INICIO DA AV RECICE / E/F AO POSTO BR E PRÓX AO MAKRO / SNT BV	AV RECIFE	""	NO INICIO DA AV RECICE / E/F AO POSTO BR E PRÓX AO MAKRO / SNT BV	ESTÂNCIA		""	COLISÃO	ENTRE 2 AUTOS. S/V										0		""	""	""	""	""	""	""	""	""	""	""	""	""
8663	2018-10-11T00:00:00	21:39:00	COM VÍTIMA	CANCELADA	CORDEIRO	AV GENERAL SAN MARTIN	1208	""	ENF AO COMPAZ	AV GENERAL SAN MARTIN	1208	ENF AO COMPAZ	CORDEIRO		""	COLISÃO	MOTO X AGILE	1	1								1		""	""	""	""	""	""	""	""	""	""	""	""	""
8664	2018-10-11T00:00:00	21:52:00	COM VÍTIMA	FINALIZADA	ESTÂNCIA	AV DR JOSE RUFINO	754	""	POR BAIXO DO VIADUTO / E/F A SOCORRO DOCES E SALGADOS / PRÓX AO ARMAZÉM CORAL	AV DR JOSE RUFINO	754	POR BAIXO DO VIADUTO / E/F A SOCORRO DOCES E SALGADOS / PRÓX AO ARMAZÉM CORAL	ESTÂNCIA		""	COLISÃO	ENTRE AUTO E MOTO. C/V	1	1								2		""	""	""	""	""	""	""	""	""	""	""	""	""
8665	2018-10-11T00:00:00	22:04:00	COM VÍTIMA	FINALIZADA	TAMARINEIRA	RUA DR JOSE MARIA	""	""	APOIS O PORTAL DA PICANHA // SENTIDO PARQUE DA JAQUEIRA	RUA DR JOSE MARIA	""	APOIS O PORTAL DA PICANHA // SENTIDO PARQUE DA JAQUEIRA	TAMARINEIRA		""	COLISÃO	MOTO X RENO DUSTER	1	1								1		""	""	""	""	""	""	""	""	""	""	""	""	""
8666	2018-10-12T00:00:00	00:46:00	SEM VÍTIMA	FINALIZADA	BOA VIAGEM	RUA VISCONDE DE JEQUITINHONHA	1400	""	EM FRENTE AO RECIFE FLAT	RUA VISCONDE DE JEQUITINHONHA	1400	EM FRENTE AO RECIFE FLAT	BOA VIAGEM		""	COLISÃO	COLISÁO ENTRE DOIS AUTOS S/V.	2									0		""	""	""	""	""	""	""	""	""	""	""	""	""
8667	2018-10-12T00:00:00	04:32:00	SEM VÍTIMA	FINALIZADA	MADALENA	EST DOS REMEDIOS	""	AV ENGENHEIRO ABDIAS DE CARVALHO	CRUZAMENTO COM A AV ADBIAS DE CARVALHO // SEMAFORO 052	EST DOS REMEDIOS	""	CRUZAMENTO COM A AV ADBIAS DE CARVALHO // SEMAFORO 052	MADALENA	52	CIDADE	ABALROAMENTO LONGITUDINAL	COLISÁO ENTRE DOIS AUTOS S/V.	2									0		Cruzamento	Bom	Sem defeito	Perfeito estado	Seca	Perfeito estado	Agente	""	60 km/h	Única	Faixa contínua	""	""
8668	2018-10-12T00:00:00	05:12:00	COM VÍTIMA	CANCELADA	DOIS IRMÃOS	RUA MANUEL DE MEDEIROS	""	""	E/F A CASA DE ESTUDANTES DA FACULDADE RURAL	RUA MANUEL DE MEDEIROS	""	E/F A CASA DE ESTUDANTES DA FACULDADE RURAL	DOIS IRMÃOS		""	COLISÃO	ENTRE ÔNIBUS E AUTO. C/V	1					1				1		""	""	""	""	""	""	""	""	""	""	""	""	""
8669	2018-10-12T00:00:00	10:35:00	SEM VÍTIMA	FINALIZADA	JARDIM SÃO PAULO	AV SAO PAULO	625	""	EM FRENTE A FARMACIA PAQUE MENOS	AV SAO PAULO	625	EM FRENTE A FARMACIA PAQUE MENOS	JARDIM SÃO PAULO		""	COLISÃO	DOIS AUTOS	2									0		""	""	""	""	""	""	""	""	""	""	""	""	""
8670	2018-10-12T00:00:00	11:32:00	SEM VÍTIMA	FINALIZADA	TEJIPIÓ	AV DR JOSE RUFINO	""	""	AO LADO DO COLEGIO ESTADUAL EDWIRGENS DE SA PEREIRA	AV DR JOSE RUFINO	""	AO LADO DO COLEGIO ESTADUAL EDWIRGENS DE SA PEREIRA	TEJIPIÓ		SUBURBIO	COLISÃO TRASEIRA	SEM VITIMAS/CTTU VT 24 NO LOCAL	2									0		Longo da via	Bom	Não existe	Não existente	Seca	Perfeito estado	Não existe	Não há placas	""	Dupla	Faixa contínua	""	""