_id	DATA	hora	natureza_acidente	situacao	bairro	endereco	numero	detalhe_endereco_acidente	complemento	endereco_cruzamento	numero_cruzamento	referencia_cruzamento	bairro_cruzamento	num_semaforo	sentido_via	tipo	descricao	auto	moto	ciclom	ciclista	pedestre	onibus	caminhao	viatura	outros	vitimas	vitimasfatais	acidente_verificado	tempo_clima	situacao_semaforo	sinalizacao	condicao_via	conservacao_via	ponto_controle	situacao_placa	velocidade_max_via	mao_direcao	divisao_via1	divisao_via2	divisao_via3
8671	2018-11-08T00:00:00	07:46:00	SEM VÍTIMA	""	DOIS IRMÃOS	RUA MANUEL DE MEDEIROS	""	""	EM FRENTE A PRAÇA DOIS IRMÃOS	RUA MANUEL DE MEDEIROS	""	EM FRENTE A PRAÇA DOIS IRMÃOS	DOIS IRMÃOS	189	SUBURBIO	COLISÃO TRASEIRA	COLISÃO SEM VITIMAS	2									0		Outros	Bom	Sem defeito	Perfeito estado	Seca	Perfeito estado	""	Outras	30 km/h	Dupla	Faixa contínua	""	""
8672	2018-10-12T00:00:00	12:50:00	SEM VÍTIMA	FINALIZADA	IMBIRIBEIRA	AV MARECHAL MASCARENHAS DE MORAES	4052	""	EM FRENTE AO ATACADO DOS PRESENTES, SENTIDO CABO	AV MARECHAL MASCARENHAS DE MORAES	4052	EM FRENTE AO ATACADO DOS PRESENTES, SENTIDO CABO	IMBIRIBEIRA		SUBURBIO	ABALROAMENTO LONGITUDINAL	ONIBUS E CAMINHAO S/V						1	1			0		Longo da via	Bom	Não existe	Perfeito estado	Seca	Perfeito estado	Não existe	Não há placas	""	Dupla	Canteiro central	""	""
8673	2018-10-12T00:00:00	13:23:00	SEM VÍTIMA	FINALIZADA	CAMPO GRANDE	AV GOVERNADOR AGAMENON MAGALHAES	282	""	ALÇA DE RETORNO PARA VIA LOCAL / PRÓX A O 13º BPM	AV GOVERNADOR AGAMENON MAGALHAES	282	ALÇA DE RETORNO PARA VIA LOCAL / PRÓX A O 13º BPM	CAMPO GRANDE		SUBURBIO	CHOQUE VEÍCULO PARADO	COLISÃO SEM VITIMAS	2									0		Outros	Bom	Não existe	Não existente	Seca	Perfeito estado	Não existe	Não há placas	30 km/h	Única	Não existe	""	""
8674	2018-10-12T00:00:00	13:33:00	SEM VÍTIMA	CANCELADA	COELHOS	RUA PADRE VENANCIO	""	""	EM FRENTE AO HOSPITAL IMIP ENTRE A PRACINHA DA MATARAZZO	RUA PADRE VENANCIO	""	EM FRENTE AO HOSPITAL IMIP ENTRE A PRACINHA DA MATARAZZO	COELHOS		""	COLISÃO	COLISÃO SEM VITIMAS	2									0		""	""	""	""	""	""	""	""	""	""	""	""	""
8675	2018-10-12T00:00:00	14:16:00	SEM VÍTIMA	CANCELADA	IMBIRIBEIRA	RUA PARIS	630	""	EM FRENTE A EMPRESA YAKULT	RUA PARIS	630	EM FRENTE A EMPRESA YAKULT	IMBIRIBEIRA		""	COLISÃO	COLISÃO SEM VÍTIMA	2									0		""	""	""	""	""	""	""	""	""	""	""	""	""
8676	2018-10-12T00:00:00	15:59:00	SEM VÍTIMA	FINALIZADA	BOA VIAGEM	RUA ERNESTO DE PAULA SANTOS	1277	""	APOS O VIADUTO TANCREDO NEVES TERCEIRA RUA AO LADO ESQUERDO, SENTIDO PRAIA EM FRENTE AO CORREIOS	RUA ERNESTO DE PAULA SANTOS	1277	APOS O VIADUTO TANCREDO NEVES TERCEIRA RUA AO LADO ESQUERDO, SENTIDO PRAIA EM FRENTE AO CORREIOS	BOA VIAGEM		""	ENGAVETAMENTO	ENTRE QUATRO VEICULOS, DOIS SE EVADIRAM, E 2 PERMANECEM DOIS NO LOCAL	4									0		""	""	""	""	""	""	""	""	""	""	""	""	""
8677	2018-10-12T00:00:00	17:49:00	SEM VÍTIMA	FINALIZADA	SANTO AMARO	AV GOVERNADOR AGAMENON MAGALHAES	""	""	E/F AO POSTO DISLUB, SNT OLINDA	AV GOVERNADOR AGAMENON MAGALHAES	""	E/F AO POSTO DISLUB, SNT OLINDA	SANTO AMARO		SUBURBIO	ABALROAMENTO LONGITUDINAL	ENTRE 2 AUTOS. S/V	2									0		Longo da via	Bom	Não existe	Perfeito estado	Seca	Perfeito estado	""	Outras	""	Dupla	Canteiro central	""	""
8678	2018-10-12T00:00:00	17:53:00	SEM VÍTIMA	FINALIZADA	DERBY	RUA JENER DE SOUZA	""	PRC DO DERBY	EM FRENTE AO QUARTEL DO DERBY	RUA JENER DE SOUZA	""	EM FRENTE AO QUARTEL DO DERBY	DERBY		SUBURBIO	ABALROAMENTO LONGITUDINAL	COLISÃO ENTRE AUTO E ONIBUS S/V	1					1				0		Outros	Bom	Não existe	Perfeito estado	Seca	Perfeito estado	Não existe	"Placas ""Pare"""	""	Única	Não existe	""	""
8679	2018-10-12T00:00:00	18:25:00	SEM VÍTIMA	FINALIZADA	GRAÇAS	RUA ENGENHEIRO EDGAR D'AMORIM	""	RUA DO FUTURO	CRUZAMENTO COM RUA DO FUTURO	RUA ENGENHEIRO EDGAR D'AMORIM	""	CRUZAMENTO COM RUA DO FUTURO	GRAÇAS	521	SUBURBIO	ABALROAMENTO LONGITUDINAL	COLISÃO ENTRE AUTO E MOTO S/V	1	1								0		Cruzamento	Bom	Sem defeito	Perfeito estado	Seca	Perfeito estado	Não existe	Não há placas	""	Única	Faixa seccionada	""	""
8680	2018-10-12T00:00:00	19:49:00	COM VÍTIMA	FINALIZADA	APIPUCOS	RUA DE APIPUCOS	""	RUA CORONEL JOAO BATISTA DO REGO BARROS	COM RUA CEL. JOÃO BATISTA DO REGO BARROS, SEMÁFORO 540	RUA DE APIPUCOS	""	COM RUA CEL. JOÃO BATISTA DO REGO BARROS, SEMÁFORO 540	APIPUCOS		""	COLISÃO	COLISÃO ENTRE AUTO E MOTO C/V	1	1								1		""	""	""	""	""	""	""	""	""	""	""	""	""
8681	2018-10-12T00:00:00	19:51:00	SEM VÍTIMA	FINALIZADA	SANTO AMARO	AV CRUZ CABUGA	""	""	E/F AO CEMITÉRIO DOS INGLESES E MERCADO DE SANTO AMARO, SNT CID	AV CRUZ CABUGA	""	E/F AO CEMITÉRIO DOS INGLESES E MERCADO DE SANTO AMARO, SNT CID	SANTO AMARO	455	CIDADE	ABALROAMENTO TRANSVERSAL	ENTRE 2 AUTOS. S/V	2									0		Longo da via	Bom	Sem defeito	Perfeito estado	Seca	Perfeito estado	Faixa de pedestre	Outras	""	Dupla	Faixa contínua	""	""
8682	2018-10-12T00:00:00	20:05:00	SEM VÍTIMA	FINALIZADA	BOA VIAGEM	RUA TENENTE DOMINGOS DE BRITO	50	""	EM FRENTE IGREJA FONTE DA VIDA, PROX DO AQUARIUS LANCHES	RUA TENENTE DOMINGOS DE BRITO	50	EM FRENTE IGREJA FONTE DA VIDA, PROX DO AQUARIUS LANCHES	BOA VIAGEM		SUBURBIO	ABALROAMENTO LONGITUDINAL	""	1									0		Longo da via	Bom	Sem defeito	Perfeito estado	Seca	Perfeito estado	Não existe	Outras	""	Única	Não existe	""	""
8683	2018-10-12T00:00:00	21:53:00	SEM VÍTIMA	FINALIZADA	ÁGUA FRIA	AV BEBERIBE	""	""	EM FRENTE AO MERCADO DE ÁGUA FRIA	AV BEBERIBE	""	EM FRENTE AO MERCADO DE ÁGUA FRIA	ÁGUA FRIA		SUBURBIO	ABALROAMENTO LONGITUDINAL	COLISÃO ENTRE VIATURA DA PM E MOTO S/V		1						1		0		Longo da via	Bom	Sem defeito	Perfeito estado	Seca	Perfeito estado	Não existe	Não há placas	""	Dupla	Faixa contínua	""	""
8684	2018-10-12T00:00:00	22:25:00	SEM VÍTIMA	FINALIZADA	IPSEP	RUA HELIO BRANDAO	135	RUA ADERBAL DE MELO	PRÓX AO CHAMBARIL DO JOÃO	RUA HELIO BRANDAO	135	PRÓX AO CHAMBARIL DO JOÃO	IPSEP		SUBURBIO	ABALROAMENTO LONGITUDINAL	ENTRE 2 AUTOS. S/V	2									0		Cruzamento	Bom	Não existe	Ilegível	Seca	Perfeito estado	""	"Placas ""Pare"""	""	Dupla	Faixa seccionada	""	""
8685	2018-10-13T00:00:00	09:29:00	SEM VÍTIMA	FINALIZADA	ESTÂNCIA	AV RECIFE	5421	""	EM FRENTE AO POSTO TOTAL/SENTIDO BOA VIAGEM	AV RECIFE	5421	EM FRENTE AO POSTO TOTAL/SENTIDO BOA VIAGEM	ESTÂNCIA		""	CHOQUE VEÍCULO PARADO	SEM VITIMAS	2									0		Longo da via	Bom	Sem defeito	Perfeito estado	Seca	Perfeito estado	""	Outras	60 km/h	Dupla	Canteiro central	""	""
8686	2018-10-13T00:00:00	10:34:00	COM VÍTIMA	FINALIZADA	SÃO JOSÉ	RUA IMPERIAL	981	""	E/F A SAB EXPRESS, SEMÁFORO 510	RUA IMPERIAL	981	E/F A SAB EXPRESS, SEMÁFORO 510	SÃO JOSÉ		""	COLISÃO	SEM VÍTIMAS. HÁ UMA GESTANTE ENTRE OS ENVOLVIDOS NA COLISÃO.	2									1		""	""	""	""	""	""	""	""	""	""	""	""	""
8687	2018-10-13T00:00:00	11:21:00	SEM VÍTIMA	CANCELADA	BOA VIAGEM	AV ARMINDO MOURA	""	""	""	AV ARMINDO MOURA	""	""	BOA VIAGEM		""	COLISÃO	""										0		""	""	""	""	""	""	""	""	""	""	""	""	""
8688	2018-10-13T00:00:00	11:21:00	SEM VÍTIMA	CANCELADA	BARRO	AV DR JOSE RUFINO	2116	""	SENT/JABOATÃOEM FRENTE AO CONJUNTO RESIDECIAL ALAMEDA PARKE	AV DR JOSE RUFINO	2116	SENT/JABOATÃOEM FRENTE AO CONJUNTO RESIDECIAL ALAMEDA PARKE	BARRO		""	COLISÃO	SEM VITIMAS	1						1			0		""	""	""	""	""	""	""	""	""	""	""	""	""
8689	2018-10-13T00:00:00	15:27:00	SEM VÍTIMA	CANCELADA	MANGUEIRA	AV DR JOSE RUFINO	""	""	ATACAREJO	AV DR JOSE RUFINO	""	ATACAREJO	MANGUEIRA		""	COLISÃO	COLISÃO SEM VITIMAS	2									0		""	""	""	""	""	""	""	""	""	""	""	""	""
8690	2018-10-13T00:00:00	18:45:00	SEM VÍTIMA	FINALIZADA	IMBIRIBEIRA	RUA ANTONIO FALCAO	80	1 TRV JUSTICA E PAZ	AO LADO DO POSTO IPIRANGA / E/F AO EDF MARIA FERREIRA DE CASTRO	RUA ANTONIO FALCAO	80	AO LADO DO POSTO IPIRANGA / E/F AO EDF MARIA FERREIRA DE CASTRO	IMBIRIBEIRA		SUBURBIO	ABALROAMENTO LONGITUDINAL	ENTRE 3 AUTOS. S/V	2								1	0		Longo da via	Bom	Não existe	Perfeito estado	Seca	Perfeito estado	Não existe	"Placas ""Dê a preferência"""	40 km/h	Única	Faixa seccionada	""	""
8691	2018-10-13T00:00:00	18:52:00	SEM VÍTIMA	FINALIZADA	BOA VISTA	AV VISCONDE DE SUASSUNA	""	""	PROX.AO CAFE SÃO BRAZ, JUNTO AO SEMAFORO 244	AV VISCONDE DE SUASSUNA	""	PROX.AO CAFE SÃO BRAZ, JUNTO AO SEMAFORO 244	BOA VISTA	244	SUBURBIO	COLISÃO TRASEIRA	COLISÃO SEM VITIMAS	2									0		Outros	Bom	Sem defeito	Perfeito estado	Seca	Perfeito estado	Outros	Outras	""	Única	""	""	""
8692	2018-10-13T00:00:00	19:15:00	COM VÍTIMA	FINALIZADA	BARRO	AV DR JOSE RUFINO	""	""	JUNTO AO SEMÁFORO 044, POSTO SHELL...SENTIDO JABOATÃO	AV DR JOSE RUFINO	""	JUNTO AO SEMÁFORO 044, POSTO SHELL...SENTIDO JABOATÃO	BARRO		""	COLISÃO	COLISÃO COM VÍTMA/ O SOLICITANTE ESTA AGUARDANDO O SAMU NO LOCAL ,PESSOAS O SENTARAM EM UMA CADEIRA DENTRO DO POSTO E REMOVERAM OS VEÍCULOS DA VIA	1	1								1		""	""	""	""	""	""	""	""	""	""	""	""	""
8693	2018-10-13T00:00:00	20:13:00	SEM VÍTIMA	FINALIZADA	MADALENA	AV VISCONDE DE ALBUQUERQUE	""	""	NA FRENTE DA FARMACIA INDEPENDENTE	AV VISCONDE DE ALBUQUERQUE	""	NA FRENTE DA FARMACIA INDEPENDENTE	MADALENA		""	COLISÃO TRASEIRA	COLISÃO SEM VITIMAS	2									0		Longo da via	Bom	Sem defeito	Perfeito estado	Seca	Perfeito estado	Faixa de pedestre	""	""	Única	Faixa seccionada	""	""
8694	2018-10-13T00:00:00	22:05:00	SEM VÍTIMA	CANCELADA	TEJIPIÓ	RUA PRESIDENTE OLEGARIO MACIEL	155	""	PROX. AO CLUB DO COLONIA	RUA PRESIDENTE OLEGARIO MACIEL	155	PROX. AO CLUB DO COLONIA	TEJIPIÓ		""	COLISÃO	COLISÃO SEM VITIMAS	3									0		""	""	""	""	""	""	""	""	""	""	""	""	""
8695	2018-10-13T00:00:00	22:38:00	COM VÍTIMA	FINALIZADA	BOA VIAGEM	AV DOM JOAO VI	""	""	POR TRÁS DO SHOPPING RECIFE, SNT PRAZERES	AV DOM JOAO VI	""	POR TRÁS DO SHOPPING RECIFE, SNT PRAZERES	BOA VIAGEM		""	CHOQUE	ENTRE AUTO E POSTE. C/V	1									5		""	""	""	""	""	""	""	""	""	""	""	""	""
8696	2018-10-14T00:00:00	06:37:00	SEM VÍTIMA	FINALIZADA	SÃO JOSÉ	C SANTA RITA	""	""	SENT/AV SUL,NA SAÍDA DO TERMINAL DOS ONIBUS	C SANTA RITA	""	SENT/AV SUL,NA SAÍDA DO TERMINAL DOS ONIBUS	SÃO JOSÉ		""	COLISÃO	SEM VITIMAS	1					1				0		""	""	""	""	""	""	""	""	""	""	""	""	""
8697	2018-10-14T00:00:00	08:18:00	SEM VÍTIMA	FINALIZADA	SANTO AMARO	AV CRUZ CABUGA	449	""	SENTIDO OLINDA, SEMÁFORO 457. PROX. A PARADA DO BRT	AV CRUZ CABUGA	449	SENTIDO OLINDA, SEMÁFORO 457. PROX. A PARADA DO BRT	SANTO AMARO		""	COLISÃO	SM VÍTIMAS	1					1				0		""	""	""	""	""	""	""	""	""	""	""	""	""
8698	2018-10-14T00:00:00	10:02:00	COM VÍTIMA	FINALIZADA	ENCRUZILHADA	RUA ENGENHEIRO LUIZ VAUTHIER	""	""	PRÓX AO BANCO ITAÚ	RUA ENGENHEIRO LUIZ VAUTHIER	""	PRÓX AO BANCO ITAÚ	ENCRUZILHADA		""	COLISÃO	COLISÃO ENTRE AUTO E MOTO C/V - VT07 NO QTH	1	1								1		""	""	""	""	""	""	""	""	""	""	""	""	""
8699	2018-10-14T00:00:00	09:50:00	SEM VÍTIMA	FINALIZADA	ILHA DO LEITE	AV GOVERNADOR AGAMENON MAGALHAES	""	""	EM FRENTE AO HOSPITAL PORTUGUES/SENT BOA VIAGEM	AV GOVERNADOR AGAMENON MAGALHAES	""	EM FRENTE AO HOSPITAL PORTUGUES/SENT BOA VIAGEM	ILHA DO LEITE		""	COLISÃO	SEM VITIMAS	2									0		""	""	""	""	""	""	""	""	""	""	""	""	""
8700	2018-10-14T00:00:00	10:34:00	COM VÍTIMA	FINALIZADA	BOA VIAGEM	AV CONSELHEIRO AGUIAR	960	""	EM FRENTE A PADARIA MIRAMAR	AV CONSELHEIRO AGUIAR	960	EM FRENTE A PADARIA MIRAMAR	BOA VIAGEM		""	COLISÃO	COM UMA VITIMA ,AGUARDANDO SAMU	1	1								1		""	""	""	""	""	""	""	""	""	""	""	""	""
8701	2018-10-14T00:00:00	11:33:00	SEM VÍTIMA	FINALIZADA	AREIAS	AV RECIFE	1644	""	PRÓX AO HOSPITAL GERAL DE AREIAS E AO GALETUS // SENTIDO AEROPORTO	AV RECIFE	1644	PRÓX AO HOSPITAL GERAL DE AREIAS E AO GALETUS // SENTIDO AEROPORTO	AREIAS		""	COLISÃO	COLISÃO ENTRE AUTOS S/V.	2									0		""	""	""	""	""	""	""	""	""	""	""	""	""
8702	2018-10-14T00:00:00	11:59:00	SEM VÍTIMA	FINALIZADA	AFOGADOS	RUA SAO MIGUEL	1648	""	EM FRENTE AO CHARQUE NA BRASA	RUA SAO MIGUEL	1648	EM FRENTE AO CHARQUE NA BRASA	AFOGADOS		""	COLISÃO	COLISÃO SEM VÍTIMA	2									0		""	""	""	""	""	""	""	""	""	""	""	""	""
8703	2018-10-14T00:00:00	13:52:00	SEM VÍTIMA	FINALIZADA	AREIAS	AV RECIFE	41	AV TAPAJOS	COM AV. TAPAJÓS // PRÓX AO POSTO BR // SEMÁFORO 620 // SENTIDO CDU	AV RECIFE	41	COM AV. TAPAJÓS // PRÓX AO POSTO BR // SEMÁFORO 620 // SENTIDO CDU	AREIAS		""	COLISÃO	COLISÃO ENTRE AUTOS S/V.	2									0		""	""	""	""	""	""	""	""	""	""	""	""	""
8704	2018-10-14T00:00:00	15:03:00	SEM VÍTIMA	FINALIZADA	COQUEIRAL	RUA GUANABARA	""	""	EM FRENTE A ACADEMIA TECNO FORM	RUA GUANABARA	""	EM FRENTE A ACADEMIA TECNO FORM	COQUEIRAL		""	COLISÃO	COLISÃO SEM VÍTIMA	1					1				0		""	""	""	""	""	""	""	""	""	""	""	""	""
8705	2018-10-14T00:00:00	15:47:00	SEM VÍTIMA	FINALIZADA	BOA VISTA	RUA DOM BOSCO	""	""	AO LADO DO EXTRA, SEMAFORO 294	RUA DOM BOSCO	""	AO LADO DO EXTRA, SEMAFORO 294	BOA VISTA		""	COLISÃO	AUTO E MOTO	1	1								0		""	""	""	""	""	""	""	""	""	""	""	""	""
8706	2018-10-14T00:00:00	18:08:00	SEM VÍTIMA	FINALIZADA	IMBIRIBEIRA	AV MARECHAL MASCARENHAS DE MORAES	""	""	NO FINAL DO MURO DO AEROPORTO, SENTIDO JORDÃO	AV MARECHAL MASCARENHAS DE MORAES	""	NO FINAL DO MURO DO AEROPORTO, SENTIDO JORDÃO	IMBIRIBEIRA		""	COLISÃO	COLISÃO SEM VITIMAS	1					1				0		""	""	""	""	""	""	""	""	""	""	""	""	""
8707	2018-10-14T00:00:00	19:42:00	SEM VÍTIMA	CANCELADA	BREJO DA GUABIRABA	AV DA RECUPERACAO	""	""	POR TRÁS DA GARAGEM DA GLOBO	AV DA RECUPERACAO	""	POR TRÁS DA GARAGEM DA GLOBO	BREJO DA GUABIRABA		""	COLISÃO	ENTRE AUTO E ONIBUS, S/V	1					1				0		""	""	""	""	""	""	""	""	""	""	""	""	""
8708	2018-10-14T00:00:00	21:46:00	SEM VÍTIMA	FINALIZADA	TORRE	RUA REAL DA TORRE	""	AV VISCONDE DE TAPARICA	ESCOLA DESPERTAR, NO CRUZAMENTO DA VISCONDE DE TAPARICA	RUA REAL DA TORRE	""	ESCOLA DESPERTAR, NO CRUZAMENTO DA VISCONDE DE TAPARICA	TORRE		""	COLISÃO	COLISÃO SEM VITIMAS	2									0		""	""	""	""	""	""	""	""	""	""	""	""	""
8709	2018-10-14T00:00:00	22:17:00	COM VÍTIMA	FINALIZADA	TAMARINEIRA	RUA CONEGO BARATA	""	AV NORTE	COM A AV. NORTE/ A VT 27 ESTA NO LOCAL	RUA CONEGO BARATA	""	COM A AV. NORTE/ A VT 27 ESTA NO LOCAL	TAMARINEIRA		""	COLISÃO	COLISÃO COM VITIMA	1	1								1		""	""	""	""	""	""	""	""	""	""	""	""	""
8710	2018-10-15T00:00:00	07:33:00	COM VÍTIMA	FINALIZADA	ILHA DO LEITE	RUA FRANCISCO ALVES	325	""	EM FRENTE A MULTI MED CENTER	RUA FRANCISCO ALVES	325	EM FRENTE A MULTI MED CENTER	ILHA DO LEITE		""	COLISÃO	MOTO E AUTO	1	1								1		""	""	""	""	""	""	""	""	""	""	""	""	""
8711	2018-10-15T00:00:00	07:34:00	SEM VÍTIMA	FINALIZADA	DOIS IRMÃOS	RUA MANUEL DE MEDEIROS	""	""	PRÓX À REITORIA DA UFRPE E À CASA DO ESTUDANTE	RUA MANUEL DE MEDEIROS	""	PRÓX À REITORIA DA UFRPE E À CASA DO ESTUDANTE	DOIS IRMÃOS		""	ENGAVETAMENTO	TRÊS AUTOS	3									0		""	""	""	""	""	""	""	""	""	""	""	""	""
8712	2018-10-15T00:00:00	07:57:00	COM VÍTIMA	FINALIZADA	BEBERIBE	RUA DALVA DE OLIVEIRA	91	""	AO LADO DO SEST SENAT	RUA DALVA DE OLIVEIRA	91	AO LADO DO SEST SENAT	BEBERIBE		""	ATROPELAMENTO	""	1				1					1		""	""	""	""	""	""	""	""	""	""	""	""	""
8713	2018-10-15T00:00:00	09:37:00	SEM VÍTIMA	FINALIZADA	APIPUCOS	RUA DR PEDRO CORREA	626	""	AO LADO CONTRARIO AO ARCADIA APIPUCOS E EM FRENTE A VILA APIPUCOS RECEPÇÕES	RUA DR PEDRO CORREA	626	AO LADO CONTRARIO AO ARCADIA APIPUCOS E EM FRENTE A VILA APIPUCOS RECEPÇÕES	APIPUCOS		""	COLISÃO	SEM VITIMAS	2									0		""	""	""	""	""	""	""	""	""	""	""	""	""
8714	2018-10-15T00:00:00	11:08:00	SEM VÍTIMA	FINALIZADA	BOA VIAGEM	RUA TENENTE JOAO CICERO	638	RUA MINISTRO NELSON HUNGRIA	COM A RUA MINISTRO NELSON HUNGRIA / AO LADO DA ACADEMIA CORPO LIVRE	RUA TENENTE JOAO CICERO	638	COM A RUA MINISTRO NELSON HUNGRIA / AO LADO DA ACADEMIA CORPO LIVRE	BOA VIAGEM		""	COLISÃO	DOIS AUTOS	2									0		""	""	""	""	""	""	""	""	""	""	""	""	""
8715	2018-10-15T00:00:00	11:58:00	SEM VÍTIMA	FINALIZADA	ÁGUA FRIA	EST VELHA DE AGUA FRIA	1803	""	EM FRENTE AO RESTAURANTE HOANG	EST VELHA DE AGUA FRIA	1803	EM FRENTE AO RESTAURANTE HOANG	ÁGUA FRIA		""	COLISÃO	COLISÃO SEM VÍTIMA	1							1		0		""	""	""	""	""	""	""	""	""	""	""	""	""
8716	2018-10-15T00:00:00	12:36:00	SEM VÍTIMA	CANCELADA	BOA VIAGEM	RUA FRANCISCO DA CUNHA	""	RUA MAMANGUAPE	COM RUA MAMAGUAPE POR TRAS DO CARREFOUR	RUA FRANCISCO DA CUNHA	""	COM RUA MAMAGUAPE POR TRAS DO CARREFOUR	BOA VIAGEM		""	COLISÃO	COLISAO ENTRE DOIS AUTOS S/V	2									0		""	""	""	""	""	""	""	""	""	""	""	""	""
8717	2018-10-15T00:00:00	15:04:00	SEM VÍTIMA	FINALIZADA	BOA VIAGEM	RUA PADRE LUIZ MARQUES TEIXEIRA	698	""	AO LADO DO RESTAURANTE COSTA BRAVA	RUA PADRE LUIZ MARQUES TEIXEIRA	698	AO LADO DO RESTAURANTE COSTA BRAVA	BOA VIAGEM		""	COLISÃO	COLISAO ENTRE DOIS AUTOS S/V	2									0		""	""	""	""	""	""	""	""	""	""	""	""	""
8718	2018-10-15T00:00:00	15:55:00	COM VÍTIMA	FINALIZADA	CASA AMARELA	RUA DA HARMONIA	3692	""	E/F A CASA DOS DOCES	RUA DA HARMONIA	3692	PROXIMO A LANCHONETE PITIGIO E EM FRENTE A IGREJA BATISTA DO ALTO SANTA ISABEL	CASA AMARELA		""	COLISÃO	COLISAO ENTRE DOIS AUTOS E UMA MOTO COM UMA VITIMA	2	1								1		""	""	""	""	""	""	""	""	""	""	""	""	""
8719	2018-10-15T00:00:00	17:37:00	COM VÍTIMA	EQUIPE EM DESLOCAMENTO	BOA VIAGEM	RUA DEZ DE JULHO	""	""	EM FRENTE A MAISON CHRISTAL RECEPÇÕES	RUA DEZ DE JULHO	""	EM FRENTE A MAISON CHRISTAL RECEPÇÕES	BOA VIAGEM		""	COLISÃO	COLISÃO COM VÍTIMA	1	1								1		""	""	""	""	""	""	""	""	""	""	""	""	""
8720	2018-10-15T00:00:00	19:13:00	SEM VÍTIMA	CANCELADA	""	AV GOVERNADOR AGAMENON MAGALHAES	""	""	PROX. AO WALL MART E A MEC DONALDS	AV GOVERNADOR AGAMENON MAGALHAES	""	PROX. AO WALL MART E A MEC DONALDS	""		""	COLISÃO	COLISÃO SEM VÍTIMA	2									0		""	""	""	""	""	""	""	""	""	""	""	""	""
8721	2018-10-15T00:00:00	19:36:00	SEM VÍTIMA	FINALIZADA	ÁGUA FRIA	EST VELHA DE AGUA FRIA	""	""	DEPOIS DO CRUZAMENTO DA AV PRF JOSE DOS ANJOS // SENTIDO POSTO NORTEBRAZ	EST VELHA DE AGUA FRIA	""	DEPOIS DO CRUZAMENTO DA AV PRF JOSE DOS ANJOS // SENTIDO POSTO NORTEBRAZ	ÁGUA FRIA		""	COLISÃO	ONIBUS X FOX	1					1				0		""	""	""	""	""	""	""	""	""	""	""	""	""
8722	2018-10-15T00:00:00	19:38:00	SEM VÍTIMA	FINALIZADA	ENCRUZILHADA	AV NORTE	2160	""	NA FRENTE DA RENAULT/ LUCELIO	AV NORTE	2160	NA FRENTE DA RENAULT/ LUCELIO	ENCRUZILHADA		""	COLISÃO	COLISÃO SEM VITIMA		2								0		""	""	""	""	""	""	""	""	""	""	""	""	""
8723	2018-10-15T00:00:00	21:55:00	COM VÍTIMA	FINALIZADA	BOA VIAGEM	AV CONSELHEIRO AGUIAR	""	RUA RIBEIRO DE BRITO	PROX AO HOLIDEY // CRUZAMENTO COM A RIBEIRO DE BRITO // SENTIDO SHOPPING RECIFE	AV CONSELHEIRO AGUIAR	""	PROX AO HOLIDEY // CRUZAMENTO COM A RIBEIRO DE BRITO // SENTIDO SHOPPING RECIFE	BOA VIAGEM		""	COLISÃO	AUTO X MOTO	1	1								2		""	""	""	""	""	""	""	""	""	""	""	""	""
8724	2018-10-15T00:00:00	22:01:00	SEM VÍTIMA	FINALIZADA	IPSEP	AV RECIFE	""	""	AO LADO DO RESTAURANTE SAL E BRAZA E POSTO IPIRANGA // SENTIDO BOA VIAGEM	AV RECIFE	""	AO LADO DO RESTAURANTE SAL E BRAZA E POSTO IPIRANGA // SENTIDO BOA VIAGEM	IPSEP		""	COLISÃO	FIAT PONTO X MOTO	1	1								0		""	""	""	""	""	""	""	""	""	""	""	""	""
8725	2018-10-16T00:00:00	00:09:00	COM VÍTIMA	FINALIZADA	AFOGADOS	RUA SAO MIGUEL	685	""	EM FRENTE AO PORTUGUÊS AUTO-PEÇAS // SENTIDO CIDADE/SUBÚRBIO, ANTES DO QUARTEL 14° BLOG	RUA SAO MIGUEL	685	EM FRENTE AO PORTUGUÊS AUTO-PEÇAS // SENTIDO CIDADE/SUBÚRBIO, ANTES DO QUARTEL 14° BLOG	AFOGADOS		""	COLISÃO	COLISÃO ENTRE AUTO E MOTO, C/V.	1	1								1		""	""	""	""	""	""	""	""	""	""	""	""	""
8726	2018-10-16T00:00:00	00:49:00	COM VÍTIMA	FINALIZADA	BOA VISTA	AV CONDE DA BOA VISTA	""	RUA DO HOSPICIO	CRUZAMENTO COM A RUA DO HOSPÍCIO	AV CONDE DA BOA VISTA	""	CRUZAMENTO COM A RUA DO HOSPÍCIO	BOA VISTA		""	COLISÃO	COLISÃO ENTRE ÔNIBUS E UM CICLOMOTOR, C/V.	1		1							1		""	""	""	""	""	""	""	""	""	""	""	""	""
8727	2018-10-16T00:00:00	07:34:00	SEM VÍTIMA	FINALIZADA	AREIAS	AV RECIFE	3587	RUA SINDICATO DOS BANCÁRIOS	COM R. SINDICATO DOS BANCÁRIOS // APÓS O GALETUS // SENTIDO AEROPORTO	AV RECIFE	3587	COM R. SINDICATO DOS BANCÁRIOS // APÓS O GALETUS // SENTIDO AEROPORTO	AREIAS		""	ENGAVETAMENTO	ENTRE TRÊS AUTOS	3									0		""	""	""	""	""	""	""	""	""	""	""	""	""