_id	DATA	hora	natureza_acidente	situacao	bairro	endereco	numero	detalhe_endereco_acidente	complemento	endereco_cruzamento	numero_cruzamento	referencia_cruzamento	bairro_cruzamento	num_semaforo	sentido_via	tipo	descricao	auto	moto	ciclom	ciclista	pedestre	onibus	caminhao	viatura	outros	vitimas	vitimasfatais	acidente_verificado	tempo_clima	situacao_semaforo	sinalizacao	condicao_via	conservacao_via	ponto_controle	situacao_placa	velocidade_max_via	mao_direcao	divisao_via1	divisao_via2	divisao_via3
8728	2018-10-16T00:00:00	08:11:00	SEM VÍTIMA	FINALIZADA	CASA FORTE	AV DEZESSETE DE AGOSTO	""	RUA PIAUI	COM RUA DO PIAUI // SEMÁFORO 251 // SENTIDO TORRE	AV DEZESSETE DE AGOSTO	""	COM RUA DO PIAUI // SEMÁFORO 251 // SENTIDO TORRE	CASA FORTE		""	COLISÃO	COLISÃO ENTRE AUTOS S/V.	2									0		""	""	""	""	""	""	""	""	""	""	""	""	""
8729	2018-10-16T00:00:00	09:27:00	SEM VÍTIMA	FINALIZADA	ESPINHEIRO	RUA QUARENTA E OITO	261	""	E/F AO EDF. MARIA BETÂNIA	RUA QUARENTA E OITO	261	E/F AO EDF. MARIA BETÂNIA	ESPINHEIRO		""	COLISÃO	SEM VÍTIMAS	1					1				0		""	""	""	""	""	""	""	""	""	""	""	""	""
8730	2018-10-16T00:00:00	09:34:00	SEM VÍTIMA	FINALIZADA	IMBIRIBEIRA	AV MARECHAL MASCARENHAS DE MORAES	1482	RUA MIS JOEL CARLSON	COM R. MISSIONÁRIO JOEL CARLSON // SENTIDO AEROPORTO	AV MARECHAL MASCARENHAS DE MORAES	1482	COM R. MISSIONÁRIO JOEL CARLSON // SENTIDO AEROPORTO	IMBIRIBEIRA		""	COLISÃO	COLISÃO S/V.	1						1			0		""	""	""	""	""	""	""	""	""	""	""	""	""
8731	2018-10-16T00:00:00	09:39:00	SEM VÍTIMA	FINALIZADA	PINA	AV ANTONIO DE GOES	""	""	EM FRENTE A PRF	AV ANTONIO DE GOES	""	EM FRENTE A PRF	PINA		""	COLISÃO	SEM VITIMAS/CTTU NO LOCAL GM VAI FAZER O B.O	1	1								0		""	""	""	""	""	""	""	""	""	""	""	""	""
8732	2018-10-16T00:00:00	09:40:00	SEM VÍTIMA	FINALIZADA	TORRÕES	AV ENGENHEIRO ABDIAS DE CARVALHO	""	""	EM FRENTE AO POSTO BR // SENTIDO BR 232	AV ENGENHEIRO ABDIAS DE CARVALHO	""	EM FRENTE AO POSTO BR // SENTIDO BR 232	TORRÕES		""	COLISÃO	COLISÃO ENTRE AUTOS S/V.	2									0		""	""	""	""	""	""	""	""	""	""	""	""	""
8733	2018-10-16T00:00:00	09:49:00	COM VÍTIMA	FINALIZADA	IMBIRIBEIRA	AV MARECHAL MASCARENHAS DE MORAES	795-A	""	MP MULTI MARCAS SENT/RECIFE	AV MARECHAL MASCARENHAS DE MORAES	795-A	MP MULTI MARCAS SENT/RECIFE	IMBIRIBEIRA		""	COLISÃO	COM UMA VITIMA ,SAMU NO LOCAL	1	1								1		""	""	""	""	""	""	""	""	""	""	""	""	""
8734	2018-10-16T00:00:00	10:08:00	SEM VÍTIMA	FINALIZADA	BAIRRO DO RECIFE	AV ALFREDO LISBOA	""	""	EM FRENTE AOTERMINAL MARITIMO,APÓS O MOINHO	AV ALFREDO LISBOA	""	EM FRENTE AOTERMINAL MARITIMO,APÓS O MOINHO	BAIRRO DO RECIFE		""	COLISÃO	SEM VITIMAS.	2									0		""	""	""	""	""	""	""	""	""	""	""	""	""
8735	2018-10-16T00:00:00	10:08:00	SEM VÍTIMA	FINALIZADA	MACAXEIRA	RUA ALTO DA UNIAO	5	""	NA SUBIDA DA UNIÃO. E/F A RESIDENCIA, AO LADO DA QUADRA DA UNIÃO	RUA ALTO DA UNIAO	5	NA SUBIDA DA UNIÃO. E/F A RESIDENCIA, AO LADO DA QUADRA DA UNIÃO	MACAXEIRA		""	COLISÃO	SEM VÍTIMAS	1					1				0		""	""	""	""	""	""	""	""	""	""	""	""	""
8736	2018-10-16T00:00:00	10:17:00	SEM VÍTIMA	FINALIZADA	ENCRUZILHADA	RUA PEDRO ALVES	42	""	EM FRENTE A CLINICA SOS SAÚDE	RUA PEDRO ALVES	42	EM FRENTE A CLINICA SOS SAÚDE	ENCRUZILHADA		""	COLISÃO	SEM VITIMAS	2									0		""	""	""	""	""	""	""	""	""	""	""	""	""
8737	2018-10-16T00:00:00	10:43:00	SEM VÍTIMA	FINALIZADA	MADALENA	RUA JOSE OSORIO	303	AV VISCONDE DE ALBUQUERQUE	COM AV VISCONDE DE ALBUQUERQUE // SEMÁFORO 050	RUA JOSE OSORIO	303	COM AV VISCONDE DE ALBUQUERQUE // SEMÁFORO 050	MADALENA		""	COLISÃO	COLISÃO ENTRE AUTOS S/V.	2									0		""	""	""	""	""	""	""	""	""	""	""	""	""
8738	2018-10-16T00:00:00	10:45:00	SEM VÍTIMA	FINALIZADA	GRAÇAS	AV RUI BARBOSA	""	""	E/F AO COLÉGIO AGNES, SENTIDO CIDADE. SEMÁFORO 562	AV RUI BARBOSA	""	E/F AO COLÉGIO AGNES, SENTIDO CIDADE. SEMÁFORO 562	GRAÇAS		""	COLISÃO	SEM VÍTIMAS	1					1				0		""	""	""	""	""	""	""	""	""	""	""	""	""
8739	2018-10-16T00:00:00	10:50:00	COM VÍTIMA	FINALIZADA	CASA FORTE	AV DEZESSETE DE AGOSTO	""	""	E/F AO PLAZA SHOPPING, SENTIDO SUBÚRBIO. SEMÁFORO 345	AV DEZESSETE DE AGOSTO	""	E/F AO PLAZA SHOPPING, SENTIDO SUBÚRBIO. SEMÁFORO 345	CASA FORTE		""	ATROPELAMENTO	COM UMA VÍTIMA A ESPERA DO SAMU	1				1					1		""	""	""	""	""	""	""	""	""	""	""	""	""
8740	2018-10-16T00:00:00	11:04:00	COM VÍTIMA	FINALIZADA	IPSEP	RUA IRAPUA	467	RUA FRANCISCO BARRETO	COM RUA FRANCISCO BARRETO // EM FRENTE AO EDF. PARQUE BOQUEIRÃO	RUA IRAPUA	467	COM RUA FRANCISCO BARRETO // EM FRENTE AO EDF. PARQUE BOQUEIRÃO	IPSEP		""	COLISÃO	COLISÃO C/V.	1	1								1		""	""	""	""	""	""	""	""	""	""	""	""	""
8741	2018-10-16T00:00:00	11:15:00	SEM VÍTIMA	FINALIZADA	CORDEIRO	AV CAXANGA	""	""	EM FRENTE A DELEGACIA DO CORDEIRO	AV CAXANGA	""	EM FRENTE A DELEGACIA DO CORDEIRO	CORDEIRO		""	COLISÃO	SEM VÍTIMA	1					1				0		""	""	""	""	""	""	""	""	""	""	""	""	""
8742	2018-10-16T00:00:00	11:26:00	SEM VÍTIMA	FINALIZADA	ILHA DO LEITE	RUA SENADOR JOSE HENRIQUE	199	""	SENTIDO OLINDA, AO LADO DO EMPRESARIAL CHARLES DARWIN	RUA SENADOR JOSE HENRIQUE	199	SENTIDO OLINDA, AO LADO DO EMPRESARIAL CHARLES DARWIN	ILHA DO LEITE		""	COLISÃO	SEM VÍTIMAS	1	1								0		""	""	""	""	""	""	""	""	""	""	""	""	""
8743	2018-10-16T00:00:00	11:46:00	SEM VÍTIMA	FINALIZADA	MADALENA	RUA BENFICA	""	""	EM FRENTE AO CLUBE INTERNACIONAL	RUA BENFICA	""	EM FRENTE AO CLUBE INTERNACIONAL	MADALENA		""	COLISÃO	COLISÃO S/V. GM NO QTH.	2									0		""	""	""	""	""	""	""	""	""	""	""	""	""
8744	2018-10-16T00:00:00	11:54:00	SEM VÍTIMA	FINALIZADA	AREIAS	AV RECIFE	""	""	NA ENTRADA DO PAN DE AREIAS	AV RECIFE	""	NA ENTRADA DO PAN DE AREIAS	AREIAS		""	COLISÃO	SEM VITIMAS /CTTU NO LOCAL VT 04 VAI FAZER O B.O	1						1			0		""	""	""	""	""	""	""	""	""	""	""	""	""
8745	2018-10-16T00:00:00	12:07:00	SEM VÍTIMA	FINALIZADA	ENGENHO DO MEIO	RUA ANTONIO CURADO	198	""	EM FRENTE A ACADEMIA AGFITNESS	RUA ANTONIO CURADO	198	EM FRENTE A ACADEMIA AGFITNESS	ENGENHO DO MEIO		""	COLISÃO	COLISÃO SEM VÍTIMA		1					1			0		""	""	""	""	""	""	""	""	""	""	""	""	""
8746	2018-10-16T00:00:00	12:21:00	SEM VÍTIMA	CANCELADA	BOA VIAGEM	RUA SA E SOUZA	263	""	EM FRENTE AO EDF MIRAMAR CLASSIC	RUA SA E SOUZA	263	EM FRENTE AO EDF MIRAMAR CLASSIC	BOA VIAGEM		""	COLISÃO	SEM VITIMAS	2									0		""	""	""	""	""	""	""	""	""	""	""	""	""
8747	2018-10-16T00:00:00	13:16:00	SEM VÍTIMA	CANCELADA	VÁRZEA	RUA ACADEMICO HELIO RAMOS	""	""	NO SEMÁFORO 520	RUA ACADEMICO HELIO RAMOS	""	NO SEMÁFORO 520	VÁRZEA		""	COLISÃO	COLISÃO SEM VÍTIMA	1					1				0		""	""	""	""	""	""	""	""	""	""	""	""	""
8748	2018-10-16T00:00:00	13:53:00	SEM VÍTIMA	FINALIZADA	BOA VISTA	RUA AURORA	288	""	APOS A PONTE VELHA E/F AO IPIRANGA MADEIRAS	RUA AURORA	288	APOS A PONTE VELHA E/F AO IPIRANGA MADEIRAS	BOA VISTA		""	COLISÃO	COLISAO ENTRE DOIS AUTOS S/V	2									0		""	""	""	""	""	""	""	""	""	""	""	""	""
8749	2018-10-16T00:00:00	14:03:00	COM VÍTIMA	FINALIZADA	SÃO JOSÉ	AV DANTAS BARRETO	""	""	SENT/AFOGADOS AO LADO DO CAMELODROMO	AV DANTAS BARRETO	""	SENT/AFOGADOS AO LADO DO CAMELODROMO	SÃO JOSÉ		""	COLISÃO COM CICLISTA	COM DUAS VITIMAS,UMA SOCORRIDA PELO SAMU,E A OUTRA AGUARDANDO SOCORRO				1		1				2		""	""	""	""	""	""	""	""	""	""	""	""	""
8750	2018-10-16T00:00:00	14:21:00	SEM VÍTIMA	FINALIZADA	SANTO ANTÔNIO	RUA DA PRAIA	34	""	ANTES DO ARMAZEM CORAL E/F A LOJA DE PRODUTOS NATURAIS	RUA DA PRAIA	34	ANTES DO ARMAZEM CORAL E/F A LOJA DE PRODUTOS NATURAIS	SANTO ANTÔNIO		""	COLISÃO	COLISAO ENTRE DOIS AUTOS E MOTO S/V	1	1								0		""	""	""	""	""	""	""	""	""	""	""	""	""
8751	2018-10-16T00:00:00	14:25:00	SEM VÍTIMA	FINALIZADA	ESPINHEIRO	RUA QUARENTA E OITO	525	RUA CONS PORTELA	SEMAFORO 011/ ESQUINA COM A RUA CONSELHEIRO PORTELA	RUA QUARENTA E OITO	525	SEMAFORO 011/ ESQUINA COM A RUA CONSELHEIRO PORTELA	ESPINHEIRO		""	COLISÃO	SEM VITIMAS	2								1	0		""	""	""	""	""	""	""	""	""	""	""	""	""
8752	2018-10-16T00:00:00	14:34:00	SEM VÍTIMA	FINALIZADA	BOA VIAGEM	RUA PROFESSOR ALOISIO PESSOA DE ARAUJO	75	RUA CONS PORTELA	EM FRENTE AO HOTEL BUGAN	RUA PROFESSOR ALOISIO PESSOA DE ARAUJO	75	EM FRENTE AO HOTEL BUGAN	BOA VIAGEM		""	COLISÃO	COLISÃO SEM VÍTIMA	2									0		""	""	""	""	""	""	""	""	""	""	""	""	""
8753	2018-10-16T00:00:00	14:53:00	SEM VÍTIMA	FINALIZADA	CORDEIRO	AV CAXANGA	""	""	EM FRENTE A EXPOSIÇÃO DE ANIMAIS/ SENTIDO SUBURBIO	AV CAXANGA	""	EM FRENTE A EXPOSIÇÃO DE ANIMAIS/ SENTIDO SUBURBIO	CORDEIRO		""	ENGAVETAMENTO	SEM VÍTIMA	4									0		""	""	""	""	""	""	""	""	""	""	""	""	""
8754	2018-10-16T00:00:00	15:01:00	SEM VÍTIMA	FINALIZADA	SANTO AMARO	RUA DO SOSSEGO	617	""	EM FRENTE A O ESCRITORIO DE ADVOCACIA HILTON MONTEIRO	RUA DO SOSSEGO	617	EM FRENTE A O ESCRITORIO DE ADVOCACIA HILTON MONTEIRO	SANTO AMARO		""	COLISÃO	SEM VITIMAS	2									0		""	""	""	""	""	""	""	""	""	""	""	""	""
8755	2018-10-16T00:00:00	15:24:00	COM VÍTIMA	FINALIZADA	DERBY	AV GOVERNADOR AGAMENON MAGALHAES	""	AV GOVERNADOR CARLOS DE LIMA CAVALCANTI	NO SEMÁFORO 075/ SENTIDO OLINDA	AV GOVERNADOR AGAMENON MAGALHAES	""	NO SEMÁFORO 075/ SENTIDO OLINDA	DERBY		""	COLISÃO	COLISÃO COM VÍTIMA	1	1								1		""	""	""	""	""	""	""	""	""	""	""	""	""
8756	2018-10-16T00:00:00	16:43:00	SEM VÍTIMA	FINALIZADA	BOA VIAGEM	RUA RIBEIRO DE BRITO	""	""	EM FRENTE AO POSTO PETROBRAS E AO HOLIDAY/ SEMÁFORO 147	RUA RIBEIRO DE BRITO	""	EM FRENTE AO POSTO PETROBRAS E AO HOLIDAY/ SEMÁFORO 147	BOA VIAGEM		""	COLISÃO	COLISÃO SEM VÍTIMA	1					1				0		""	""	""	""	""	""	""	""	""	""	""	""	""
8757	2018-10-16T00:00:00	17:15:00	SEM VÍTIMA	FINALIZADA	SANTO AMARO	AV GOVERNADOR AGAMENON MAGALHAES	""	""	NA SUBIDA DO VIADUTO E/F A JEEP S/T BOA VIAGEM	AV GOVERNADOR AGAMENON MAGALHAES	""	NA SUBIDA DO VIADUTO E/F A JEEP S/T BOA VIAGEM	SANTO AMARO		""	COLISÃO	""	2									0		""	""	""	""	""	""	""	""	""	""	""	""	""
8758	2018-10-16T00:00:00	17:19:00	COM VÍTIMA	FINALIZADA	IMBIRIBEIRA	RUA AUGUSTO CALHEIROS	""	""	EM FRENTE AO REI DOS FAROIS	RUA AUGUSTO CALHEIROS	""	EM FRENTE AO REI DOS FAROIS	IMBIRIBEIRA		""	COLISÃO	COM VITIMA,AGUARDANDO SAMU,CTTU NO LOCAL	1	2								1		""	""	""	""	""	""	""	""	""	""	""	""	""
8759	2018-10-16T00:00:00	17:21:00	COM VÍTIMA	FINALIZADA	CAMPO GRANDE	RUA CORONEL URBANO RIBEIRO DE SENA	226	""	E/F A PIZZARIA VICIU´S	RUA CORONEL URBANO RIBEIRO DE SENA	226	E/F A PIZZARIA VICIU´S	CAMPO GRANDE		""	COLISÃO	COLISAO ENTRE AUTO E MOTO COM UMA VITIMA	1	1								1		""	""	""	""	""	""	""	""	""	""	""	""	""
8760	2018-10-16T00:00:00	17:28:00	SEM VÍTIMA	FINALIZADA	BOA VISTA	RUA DA CONCEICAO	86	""	POR TRÁS DO SHOPPING BOA VISTA	RUA DA CONCEICAO	86	POR TRÁS DO SHOPPING BOA VISTA	BOA VISTA		""	COLISÃO	COLISÃO SEM VÍTIMA	2									0		""	""	""	""	""	""	""	""	""	""	""	""	""
8761	2018-10-16T00:00:00	17:32:00	COM VÍTIMA	FINALIZADA	PINA	PTE GOVERNADOR PAULO GUERRA	""	""	sobre a ponte sent/pina	PTE GOVERNADOR PAULO GUERRA	""	sobre a ponte sent/pina	PINA		""	COLISÃO	COM UMA VITIMA AGUARDANDO SAMU/	2	1								1		""	""	""	""	""	""	""	""	""	""	""	""	""
8762	2018-10-16T00:00:00	18:04:00	SEM VÍTIMA	FINALIZADA	TORRE	RUA MARCOS ANDRE	""	RUA JOSE BONIFACIO	CRUZAMENTO COM A RUA JOSE BONIFACIO // AO LADO DO CARREFOUR	RUA MARCOS ANDRE	""	CRUZAMENTO COM A RUA JOSE BONIFACIO // AO LADO DO CARREFOUR	TORRE		""	COLISÃO	FOX X MOTO	1	1								0		""	""	""	""	""	""	""	""	""	""	""	""	""
8763	2018-10-16T00:00:00	18:13:00	SEM VÍTIMA	FINALIZADA	IPSEP	AV RECIFE	369	""	""	AV RECIFE	369	""	IPSEP		""	COLISÃO	MOTO X auto	1	1								0		""	""	""	""	""	""	""	""	""	""	""	""	""
8764	2018-10-16T00:00:00	18:39:00	SEM VÍTIMA	CANCELADA	IPSEP	RUA RIO AMAZONAS	25	AV SALDANHA MARINHO	CRUZAMENTO COM A RUA SALDANHA MARINHO	RUA RIO AMAZONAS	25	CRUZAMENTO COM A RUA SALDANHA MARINHO	IPSEP		""	COLISÃO	VOYAGEM X SANDERO	2									0		""	""	""	""	""	""	""	""	""	""	""	""	""
8765	2018-10-16T00:00:00	18:58:00	SEM VÍTIMA	FINALIZADA	SOLEDADE	RUA JOSE DE ALENCAR	""	RUA BARAO DE SAO BORJA	CRUZAMENTO COM A RUA BARAO DE SAO BORJA	RUA JOSE DE ALENCAR	""	CRUZAMENTO COM A RUA BARAO DE SAO BORJA	SOLEDADE		""	COLISÃO	GOL PRATA X GOL PRETO	2									0		""	""	""	""	""	""	""	""	""	""	""	""	""
8766	2018-10-16T00:00:00	20:50:00	SEM VÍTIMA	FINALIZADA	MADALENA	RUA JOSE OSORIO	541	""	ENF JM VEICULOS // DEPOIS DO CRUZAMENTO DA RUA REAL DA TORRE	RUA JOSE OSORIO	541	ENF JM VEICULOS // DEPOIS DO CRUZAMENTO DA RUA REAL DA TORRE	MADALENA		""	COLISÃO	VT DO SAMU X JEEP	1							1		0		""	""	""	""	""	""	""	""	""	""	""	""	""
8767	2018-10-16T00:00:00	22:27:00	SEM VÍTIMA	FINALIZADA	AFOGADOS	EST DOS REMEDIOS	""	""	PROX AO POSTO IPIRANGA E CABOCLIINHO	EST DOS REMEDIOS	""	PROX AO POSTO IPIRANGA E CABOCLIINHO	AFOGADOS		""	COLISÃO	TAXI X FAIT UNO	2									0		""	""	""	""	""	""	""	""	""	""	""	""	""
8768	2018-10-17T00:00:00	04:31:00	SEM VÍTIMA	FINALIZADA	BOA VIAGEM	RUA COPACABANA	426	RUA WALDEMAR NERY CARNEIRO MONTEIRO	PROX EDIFICIO MARENATA, PROX DA ACADEMIA YES FIT	RUA COPACABANA	426	PROX EDIFICIO MARENATA, PROX DA ACADEMIA YES FIT	BOA VIAGEM		CIDADE	COLISÃO TRASEIRA	COLISÃO ENTRE DOIS AUTOS S/V	2									0		Cruzamento	Bom	Não existe	Ilegível	Seca	Perfeito estado	Não existe	Não há placas	""	Dupla	Não existe	""	""
8769	2018-10-17T00:00:00	06:53:00	SEM VÍTIMA	FINALIZADA	ESTÂNCIA	AV RECIFE	150	""	SEMAFORO 621/SENT/BR 101	AV RECIFE	150	SEMAFORO 621/SENT/BR 101	ESTÂNCIA	621	OUTRO	COLISÃO TRASEIRA	SEM VITIMAS	2									0		Longo da via	Chuvoso	Sem defeito	Perfeito estado	Molhada	Perfeito estado	""	Outras	""	Dupla	Canteiro central	""	""
8770	2018-10-17T00:00:00	07:09:00	SEM VÍTIMA	FINALIZADA	IBURA	RUA RIO XINGU	213	RUA SANTA LEOPOLDINA	EM FRENTE A COXINHA E CALDO	RUA RIO XINGU	213	EM FRENTE A COXINHA E CALDO	IBURA		CIDADE	ABALROAMENTO LONGITUDINAL	DOIS AUTOS	2									0		Cruzamento	Bom	Não existe	Perfeito estado	Seca	Perfeito estado	Não existe	Não há placas	40 km/h	Dupla	Não existe	""	""
8771	2018-10-17T00:00:00	07:47:00	COM VÍTIMA	FINALIZADA	MADALENA	RUA REAL DA TORRE	637	""	PRÓX. AO MERCADO DA MADALENA	RUA REAL DA TORRE	637	PRÓX. AO MERCADO DA MADALENA	MADALENA		""	COLISÃO	COLISÃO ENTRE AUTO E MOTO COM VÍTIMA	1	1								1		""	""	""	""	""	""	""	""	""	""	""	""	""
8772	2018-10-17T00:00:00	07:59:00	SEM VÍTIMA	FINALIZADA	MADALENA	RUA JOSE OSORIO	""	AV VISCONDE DE SUASSUNA	CRUZAMENTO COM A RUA JOSE OSORIO,EM FRENTE A EXTRAFARMA	RUA JOSE OSORIO	""	CRUZAMENTO COM A RUA JOSE OSORIO,EM FRENTE A EXTRAFARMA	MADALENA	50	SUBURBIO	ABALROAMENTO LONGITUDINAL	SEM VITIMAS	2									0		Cruzamento	Bom	Sem defeito	Perfeito estado	Seca	Perfeito estado	Faixa de pedestre	Outras	""	Única	""	""	""
8773	2018-10-17T00:00:00	08:01:00	COM VÍTIMA	FINALIZADA	CAMPO GRANDE	RUA ODORICO MENDES	524	""	PROX AO CLUBE DAS PÁS EM FRENTE A LOJA HIDEL MOVEIS	RUA ODORICO MENDES	524	PROX AO CLUBE DAS PÁS EM FRENTE A LOJA HIDEL MOVEIS	CAMPO GRANDE		""	COLISÃO	COLISÃO COM VITIMAS A ESPERA DO SAMU	1	1								2		""	""	""	""	""	""	""	""	""	""	""	""	""
8774	2018-10-17T00:00:00	08:30:00	SEM VÍTIMA	FINALIZADA	BOA VIAGEM	AV CONSELHEIRO AGUIAR	2178	""	EDF GILKA	AV CONSELHEIRO AGUIAR	2178	EDF GILKA	BOA VIAGEM		CIDADE	COLISÃO TRASEIRA	TRES AUTOS	3									0		Longo da via	Bom	Não existe	Perfeito estado	Seca	Perfeito estado	Não existe	Não há placas	""	Única	Não existe	""	""
8775	2018-10-17T00:00:00	08:33:00	SEM VÍTIMA	FINALIZADA	SANTO AMARO	RUA DA AURORA	439	""	EM FRENTE ALEPE	RUA DA AURORA	439	EM FRENTE ALEPE	SANTO AMARO		""	COLISÃO	""	2									0		""	""	""	""	""	""	""	""	""	""	""	""	""
8776	2018-10-17T00:00:00	08:45:00	SEM VÍTIMA	FINALIZADA	IPSEP	AV RECIFE	3433	""	EM FRENTE POSTO BR,SENT/BR 101	AV RECIFE	3433	EM FRENTE POSTO BR,SENT/BR 101	IPSEP		SUBURBIO	ABALROAMENTO LONGITUDINAL	SEM VITIMA	1						1			0		Longo da via	Bom	Não existe	Perfeito estado	Seca	Perfeito estado	Não existe	Outras	60 km/h	Dupla	Faixa seccionada	Canteiro central	""
8777	2018-10-17T00:00:00	09:09:00	SEM VÍTIMA	FINALIZADA	BOA VIAGEM	RUA WALDEMAR NERY CARNEIRO MONTEIRO	866	""	EM FRENTE A ESCOLA GRANDE PASSO	RUA WALDEMAR NERY CARNEIRO MONTEIRO	866	EM FRENTE A ESCOLA GRANDE PASSO	BOA VIAGEM		""	COLISÃO TRASEIRA	DOIS AUTOS	2									0		Longo da via	Bom	Não existe	Não existente	Seca	Mal iluminada	Não existe	Não há placas	""	Dupla	Não existe	""	""
8778	2018-10-17T00:00:00	10:43:00	SEM VÍTIMA	FINALIZADA	BOA VIAGEM	RUA VISCONDE DE JEQUITINHONHA	""	RUA BALTAZAR PASSOS	CRUZ COM A RUA BALTAZAR PASSOS AO LADO DO EDIFICIO MARILIA GUILHERMINA	RUA VISCONDE DE JEQUITINHONHA	""	CRUZ COM A RUA BALTAZAR PASSOS AO LADO DO EDIFICIO MARILIA GUILHERMINA	BOA VIAGEM	154	SUBURBIO	COLISÃO TRASEIRA	COLISÃO SEM VITIMAS	2									0		Cruzamento	Bom	Sem defeito	Perfeito estado	Seca	Perfeito estado	Faixa de pedestre	Outras	""	Única	Canal	""	""
8779	2018-10-17T00:00:00	12:02:00	SEM VÍTIMA	FINALIZADA	ESPINHEIRO	RUA ANTONIO NOVAIS	""	RUA ALBERTO PAIVA	COM RUA ALBERTO PAIVA AO LADO DO CURSO DE INGLES MINDS	RUA ANTONIO NOVAIS	""	COM RUA ALBERTO PAIVA AO LADO DO CURSO DE INGLES MINDS	ESPINHEIRO	360	SUBURBIO	ABALROAMENTO TRANSVERSAL	COLISAO ENTRE DOIS AUTOS S/V	2									0		Cruzamento	Bom	Sem defeito	Perfeito estado	Seca	Perfeito estado	Faixa de pedestre	Outras	""	Única	Faixa seccionada	""	""
8780	2018-10-17T00:00:00	13:27:00	SEM VÍTIMA	FINALIZADA	AFOGADOS	RUA NICOLAU PEREIRA	""	""	AO LADO DA ESTAÇAO DE AFOGADOS, E DO MERCADO	RUA NICOLAU PEREIRA	""	AO LADO DA ESTAÇAO DE AFOGADOS, E DO MERCADO	AFOGADOS		SUBURBIO	ABALROAMENTO LONGITUDINAL	AUTO E ONIBUS	1					1				0		Longo da via	Bom	Não existe	Perfeito estado	Seca	Perfeito estado	Não existe	Outras	""	Única	""	""	""
8781	2018-10-17T00:00:00	13:40:00	SEM VÍTIMA	FINALIZADA	JARDIM SÃO PAULO	RUA JOSE NATARIO	38	""	EM FRENTE AO POSTO DO SHELL, SEMAFORO 044	RUA JOSE NATARIO	38	EM FRENTE AO POSTO DO SHELL, SEMAFORO 044	JARDIM SÃO PAULO		SUBURBIO	ABALROAMENTO LONGITUDINAL	AUTO E MOTO C/V	1	1								0		Longo da via	Bom	Não existe	Incompleta	Seca	Perfeito estado	Não existe	Outras	""	Dupla	Não existe	""	""
8782	2018-10-17T00:00:00	13:47:00	SEM VÍTIMA	FINALIZADA	MADALENA	RUA ARLINDO GOUVEIA	""	RUA ARLINDO GOUVEIA	COM RUA ARLINDO GOVEIA E/F AO INTERNACIONAL	RUA ARLINDO GOUVEIA	""	COM RUA ARLINDO GOVEIA E/F AO INTERNACIONAL	MADALENA	515	CIDADE	ABALROAMENTO TRANSVERSAL	COLISAO ENTRE AUTO E ONIBUS S/V	1					1				0		Longo da via	Bom	Sem defeito	Perfeito estado	Seca	Perfeito estado	Faixa de pedestre	Não há placas	""	Única	Faixa seccionada	Canteiro central	""
8783	2018-10-17T00:00:00	13:50:00	SEM VÍTIMA	FINALIZADA	JORDÃO	AV MARIA IRENE	1670	""	PROX. AO POSTO IPIRANGA, E A UPINHA	AV MARIA IRENE	1670	PROX. AO POSTO IPIRANGA, E A UPINHA	JORDÃO		""	COLISÃO	DOIS AUTOS	2									0		""	""	""	""	""	""	""	""	""	""	""	""	""
8784	2018-10-17T00:00:00	14:02:00	SEM VÍTIMA	FINALIZADA	CASA FORTE	AV DEZESSETE DE AGOSTO	2187	""	EM FRENTE A FUNDAÇÃO JOAQUIM NABUCO	AV DEZESSETE DE AGOSTO	2187	EM FRENTE A FUNDAÇÃO JOAQUIM NABUCO	CASA FORTE		CIDADE	COLISÃO TRASEIRA	COLISÃO SEM VÍTIMA	1	1								0		Longo da via	Bom	Não existe	Perfeito estado	Seca	Perfeito estado	Faixa de pedestre	Outras	""	Dupla	Faixa contínua	""	""
8785	2018-10-17T00:00:00	15:33:00	COM VÍTIMA	FINALIZADA	CASA AMARELA	AV DR EURICO CHAVES	""	RUA SANTA IZABEL	COM A RUA SANTA IZABEL	AV DR EURICO CHAVES	""	COM A RUA SANTA IZABEL	CASA AMARELA		""	COLISÃO	COLISÃO COM MOTOS OFICIAIS		3								2		""	""	""	""	""	""	""	""	""	""	""	""	""
8786	2018-10-17T00:00:00	15:45:00	SEM VÍTIMA	FINALIZADA	PARNAMIRIM	RUA VIRGINIA LORETO	87	""	PROX A CULTURA INGLESA	RUA VIRGINIA LORETO	87	PROX A CULTURA INGLESA	PARNAMIRIM		CIDADE	ABALROAMENTO LONGITUDINAL	COLISAO ENTRE CAMINHAO E AUTO S/V	1						1			0		Longo da via	Bom	Não existe	Perfeito estado	Seca	Perfeito estado	Não existe	Outras	""	Única	Faixa seccionada	""	""
8787	2018-10-17T00:00:00	16:05:00	SEM VÍTIMA	FINALIZADA	PARNAMIRIM	AV PARNAMIRIM	""	""	EM FRENTE AO SERPO	AV PARNAMIRIM	""	EM FRENTE AO SERPO	PARNAMIRIM		CIDADE	COLISÃO TRASEIRA	COLISÃO SEM VÍTIMA	2									0		Longo da via	Bom	Sem defeito	Perfeito estado	Seca	Perfeito estado	Faixa de pedestre	Outras	""	Única	Não existe	""	""