_id	DATA	hora	natureza_acidente	situacao	bairro	endereco	numero	detalhe_endereco_acidente	complemento	endereco_cruzamento	numero_cruzamento	referencia_cruzamento	bairro_cruzamento	num_semaforo	sentido_via	tipo	descricao	auto	moto	ciclom	ciclista	pedestre	onibus	caminhao	viatura	outros	vitimas	vitimasfatais	acidente_verificado	tempo_clima	situacao_semaforo	sinalizacao	condicao_via	conservacao_via	ponto_controle	situacao_placa	velocidade_max_via	mao_direcao	divisao_via1	divisao_via2	divisao_via3
8788	2018-10-17T00:00:00	16:28:00	SEM VÍTIMA	FINALIZADA	ROSARINHO	RUA REGUEIRA COSTA	""	RUA ENGENHEIRO SAMPAIO	EM FRENTE AO COLEGIO MUNICIPAL REGUEIRA COSTA	RUA REGUEIRA COSTA	""	EM FRENTE AO COLEGIO MUNICIPAL REGUEIRA COSTA	ROSARINHO		SUBURBIO	ABALROAMENTO TRANSVERSAL	COLISÃO SEM VÍTIMA	1	1								0		Cruzamento	Bom	Não existe	Incompleta	Seca	Perfeito estado	Faixa de retenção	Não há placas	""	Única	""	""	""
8789	2018-10-17T00:00:00	16:47:00	SEM VÍTIMA	FINALIZADA	ILHA DO LEITE	PTE JOSE DE BARROS LIMA	""	""	APÓS O HOSPITAL PORTUGUÊS	PTE JOSE DE BARROS LIMA	""	APÓS O HOSPITAL PORTUGUÊS	ILHA DO LEITE		OUTRO	CAPOTAMENTO	""	1									0		Ponte	Bom	Não existe	Perfeito estado	Seca	Perfeito estado	Não existe	Não há placas	""	Dupla	Canteiro central	""	""
8790	2018-10-17T00:00:00	16:54:00	SEM VÍTIMA	FINALIZADA	IPSEP	AV RECIFE	2662	""	EM FRENTE AO NUCLEO DA PM, SENTIDO SAN MARTIM	AV RECIFE	2662	EM FRENTE AO NUCLEO DA PM, SENTIDO SAN MARTIM	IPSEP	55	OUTRO	COLISÃO TRASEIRA	AUTO E CAMINHAO S/V	1						1			0		Longo da via	Bom	Sem defeito	Perfeito estado	Seca	Perfeito estado	Faixa de pedestre	Outras	""	Dupla	Canteiro central	""	""
8791	2018-10-17T00:00:00	17:00:00	SEM VÍTIMA	FINALIZADA	AFOGADOS	RUA SAO MIGUEL	""	""	EM FRENTE AO DEPATRI	RUA SAO MIGUEL	""	EM FRENTE AO DEPATRI	AFOGADOS	300	SUBURBIO	COLISÃO TRASEIRA	COLISÃO SEM VÍTIMA	2					1				0		Longo da via	Bom	Sem defeito	Perfeito estado	Seca	Perfeito estado	Faixa de pedestre	Outras	""	Dupla	Faixa contínua	""	""
8792	2018-10-17T00:00:00	18:14:00	SEM VÍTIMA	EQUIPE EM DESLOCAMENTO	SANTO AMARO	AV JOAO DE BARROS	""	""	EM FRENTE AO POSTO BR/ AO LADO DA FARMACIA SANTO ANTÃO	AV JOAO DE BARROS	""	EM FRENTE AO POSTO BR/ AO LADO DA FARMACIA SANTO ANTÃO	SANTO AMARO		""	COLISÃO	COLISÃO SEM VÍTIMA	2									0		""	""	""	""	""	""	""	""	""	""	""	""	""
8793	2018-10-17T00:00:00	18:32:00	SEM VÍTIMA	FINALIZADA	PAISSANDU	AV FREI MATIAS TEVES	""	""	AO LADO DO EMPRESARIAL ALBERT AINSTEIN	AV FREI MATIAS TEVES	""	AO LADO DO EMPRESARIAL ALBERT AINSTEIN	PAISSANDU		CIDADE	COLISÃO TRASEIRA	HB 20 X CORSA	2									0		Longo da via	Bom	Não existe	Perfeito estado	Seca	Perfeito estado	Não existe	Não há placas	""	Única	Não existe	""	""
8794	2018-10-17T00:00:00	18:55:00	SEM VÍTIMA	FINALIZADA	CAMPO GRANDE	EST DE BELEM	""	RUA PAULO DE ARRUDA	POSTO TOTAL	EST DE BELEM	""	POSTO TOTAL	CAMPO GRANDE	94	CIDADE	ABALROAMENTO TRANSVERSAL	JEEP X GOL OBS:: EIXO DO VEICULO QUEBRADO	2									0		Cruzamento	Bom	Sem defeito	Perfeito estado	Seca	Perfeito estado	Faixa de pedestre	Outras	""	Dupla	Faixa contínua	""	""
8795	2018-10-17T00:00:00	20:21:00	SEM VÍTIMA	FINALIZADA	DERBY	AV RUI BARBOSA	1599	""	AO LADO DO TRE	AV RUI BARBOSA	1599	AO LADO DO TRE	DERBY	37	CIDADE	COLISÃO TRASEIRA	ENTRE 2 AUTOS. S/V	2									0		Longo da via	Bom	Sem defeito	Perfeito estado	Seca	Perfeito estado	Faixa de pedestre	Outras	""	Única	Faixa seccionada	""	""
8796	2018-10-17T00:00:00	22:24:00	SEM VÍTIMA	FINALIZADA	MUSTARDINHA	AV MANOEL GONCALVES DA LUZ	860 A	""	""	AV MANOEL GONCALVES DA LUZ	860 A	""	MUSTARDINHA		SUBURBIO	ABALROAMENTO LONGITUDINAL	CAMINHAO X GOL	1						1			0		Cruzamento	Bom	Não existe	Perfeito estado	Seca	Perfeito estado	Não existe	Não há placas	40 km/h	Dupla	Faixa seccionada	""	""
8797	2018-10-18T00:00:00	07:07:00	SEM VÍTIMA	FINALIZADA	BOA VIAGEM	AV ENGENHEIRO DOMINGOS FERREIRA	1970	""	AO APOS O SUPERMERCADO EXTRA EM FRENTE A LOJA CASA DOS COLCHÕES	AV ENGENHEIRO DOMINGOS FERREIRA	1970	AO APOS O SUPERMERCADO EXTRA EM FRENTE A LOJA CASA DOS COLCHÕES	BOA VIAGEM		""	COLISÃO	COLISÃO SEM VITIMAS GM QTH	1	1								0		""	""	""	""	""	""	""	""	""	""	""	""	""
8798	2018-10-18T00:00:00	07:07:00	SEM VÍTIMA	CANCELADA	GRAÇAS	RUA DOM JOAO DE SOUZA	825	""	EM FRENTE AO EDF RIVER TOWER	RUA DOM JOAO DE SOUZA	825	EM FRENTE AO EDF RIVER TOWER	GRAÇAS		""	COLISÃO	""	2									0		""	""	""	""	""	""	""	""	""	""	""	""	""
8799	2018-10-18T00:00:00	07:31:00	SEM VÍTIMA	FINALIZADA	TORRE	RUA REAL DA TORRE	""	""	SEMÁFORO 237	RUA REAL DA TORRE	""	SEMÁFORO 237	TORRE		""	COLISÃO	""										0		""	""	""	""	""	""	""	""	""	""	""	""	""
8800	2018-10-18T00:00:00	07:38:00	SEM VÍTIMA	FINALIZADA	BOMBA DO HEMETÉRIO	RUA CORREGO DO EUCLIDES	74 A	""	EM FRNETE LOJA DE COSMETICOS	RUA CORREGO DO EUCLIDES	74 A	EM FRNETE LOJA DE COSMETICOS	BOMBA DO HEMETÉRIO		""	COLISÃO	ONIBUS E AUTO	1					1				0		""	""	""	""	""	""	""	""	""	""	""	""	""
8801	2018-10-18T00:00:00	07:41:00	SEM VÍTIMA	FINALIZADA	TORRE	RUA MANUEL BEZERRA	39 A	""	SEMAFORO 237,RUA EM FRENTE A ESCOLA ESTADUAL JOAQUIM TAVORA	RUA MANUEL BEZERRA	39 A	SEMAFORO 237,RUA EM FRENTE A ESCOLA ESTADUAL JOAQUIM TAVORA	TORRE		""	COLISÃO	,SEM VITIMAS	1						1			0		""	""	""	""	""	""	""	""	""	""	""	""	""
8802	2018-10-18T00:00:00	08:46:00	SEM VÍTIMA	FINALIZADA	ESPINHEIRO	AV CONS ROSA E SILVA	""	""	EM FRENTE AO SUPERMERCADO BOM PREÇO	AV CONS ROSA E SILVA	""	EM FRENTE AO SUPERMERCADO BOM PREÇO	ESPINHEIRO		""	COLISÃO	COLISÃO SEM VITIMAS	2									0		""	""	""	""	""	""	""	""	""	""	""	""	""
8803	2018-10-18T00:00:00	09:06:00	SEM VÍTIMA	FINALIZADA	CASA AMARELA	AV NORTE	""	""	SEMAFORO 312 SENT SUB	AV NORTE	""	SEMAFORO 312 SENT SUB	CASA AMARELA		""	COLISÃO	CAMINHAO E AUTO	1						1			0		""	""	""	""	""	""	""	""	""	""	""	""	""
8804	2018-10-18T00:00:00	09:35:00	COM VÍTIMA	FINALIZADA	IMBIRIBEIRA	RUA PAMPULHA	160	""	EM FRENTE A CASA BRANCA RECEPÇÃO	RUA PAMPULHA	160	EM FRENTE A CASA BRANCA RECEPÇÃO	IMBIRIBEIRA		""	COLISÃO	COLISÃO COM VITIMA A ESPERA DO SAMU	1	1								1		""	""	""	""	""	""	""	""	""	""	""	""	""
8805	2018-10-18T00:00:00	09:39:00	SEM VÍTIMA	CANCELADA	TORRE	RUA PROFESSOR TRAJANO DE MENDONCA	440	""	E/F AO POSTO SHELL	RUA PROFESSOR TRAJANO DE MENDONCA	440	E/F AO POSTO SHELL	TORRE		""	COLISÃO	SEM VÍTIMAS	2									0		""	""	""	""	""	""	""	""	""	""	""	""	""
8806	2018-10-18T00:00:00	10:14:00	SEM VÍTIMA	FINALIZADA	MADALENA	AV BEIRA RIO	1035	""	EM FRENTE AO SHERIDAN	AV BEIRA RIO	1035	EM FRENTE AO SHERIDAN	MADALENA		""	COLISÃO	SEM VITIMAS	2									0		""	""	""	""	""	""	""	""	""	""	""	""	""
8807	2018-10-18T00:00:00	10:44:00	SEM VÍTIMA	CANCELADA	SANTO AMARO	RUA ALMEIDA CUNHA	""	""	EM FRENTE A UNIVERSIDADE CATOLICA	RUA ALMEIDA CUNHA	""	EM FRENTE A UNIVERSIDADE CATOLICA	SANTO AMARO		""	COLISÃO	COLISÃO SEM VITIMAS	2									0		""	""	""	""	""	""	""	""	""	""	""	""	""
8808	2018-10-18T00:00:00	10:48:00	SEM VÍTIMA	FINALIZADA	IPSEP	AV RECIFE	1500	""	EM FRENTE A PERNAMBUCO PSCINA	AV RECIFE	1500	EM FRENTE A PERNAMBUCO PSCINA	IPSEP		""	COLISÃO	DOIS AUTOS	2									0		""	""	""	""	""	""	""	""	""	""	""	""	""
8809	2018-10-18T00:00:00	10:53:00	SEM VÍTIMA	FINALIZADA	MONTEIRO	AV DEZESSETE DE AGOSTO	""	""	E/F AO COLÉGIO SILVA JARDIM, SENTIDO SHOPPING PLAZA. SEMÁFORO 370	AV DEZESSETE DE AGOSTO	""	E/F AO COLÉGIO SILVA JARDIM, SENTIDO SHOPPING PLAZA. SEMÁFORO 370	MONTEIRO		""	COLISÃO	SEM VITIMAS	1						1			0		""	""	""	""	""	""	""	""	""	""	""	""	""
8810	2018-10-18T00:00:00	11:10:00	SEM VÍTIMA	FINALIZADA	DOIS IRMÃOS	RUA DOIS IRMAOS	1117	""	E/F AO LAFEPE	RUA DOIS IRMAOS	1117	E/F AO LAFEPE	DOIS IRMÃOS		""	COLISÃO	SEM VÍTIMAS	1					1				0		""	""	""	""	""	""	""	""	""	""	""	""	""
8811	2018-10-18T00:00:00	11:22:00	SEM VÍTIMA	CANCELADA	AFOGADOS	RUA IMPERIAL	1524	""	RESIDENCIA EM FRENTE A JUCEPE JUNTA COMERCIAL	RUA IMPERIAL	1524	RESIDENCIA EM FRENTE A JUCEPE JUNTA COMERCIAL	AFOGADOS		""	COLISÃO	COLISÃO SEM VITIMAS	2									0		""	""	""	""	""	""	""	""	""	""	""	""	""
8812	2018-10-18T00:00:00	11:34:00	SEM VÍTIMA	FINALIZADA	IMBIRIBEIRA	AV MARECHAL MASCARENHAS DE MORAES	""	""	NO RETORONO DO AEROPOROTO.	AV MARECHAL MASCARENHAS DE MORAES	""	NO RETORONO DO AEROPOROTO.	IMBIRIBEIRA		""	COLISÃO	SEM VÍTIMAS	2									0		""	""	""	""	""	""	""	""	""	""	""	""	""
8813	2018-10-18T00:00:00	11:36:00	COM VÍTIMA	FINALIZADA	TAMARINEIRA	EST VELHA DE AGUA FRIA	596	""	EM FRENTE AO BAR DO CHICO	EST VELHA DE AGUA FRIA	596	EM FRENTE AO BAR DO CHICO	TAMARINEIRA		""	COLISÃO	COLISAO ENVOLVENDO MOTO E AUTO	1	1								1		""	""	""	""	""	""	""	""	""	""	""	""	""
8814	2018-10-18T00:00:00	11:53:00	SEM VÍTIMA	FINALIZADA	BOA VIAGEM	AV DES JOSE NEVES	""	RUA BARAO DE SOUZA LEAO	COM A BARAO DE SOUZA LEAO SEMAF 476	AV DES JOSE NEVES	""	COM A BARAO DE SOUZA LEAO SEMAF 476	BOA VIAGEM		""	COLISÃO	DOIS AUTOS	2									0		""	""	""	""	""	""	""	""	""	""	""	""	""
8815	2018-10-18T00:00:00	12:16:00	SEM VÍTIMA	FINALIZADA	BOA VISTA	RUA BARAO DE SAO BORJA	""	""	DE ESQUINA COM O HOTEL BOA VISTA	RUA BARAO DE SAO BORJA	""	DE ESQUINA COM O HOTEL BOA VISTA	BOA VISTA		""	COLISÃO	COLISÃO SEM VITIMAS	2									0		""	""	""	""	""	""	""	""	""	""	""	""	""
8816	2018-10-18T00:00:00	12:29:00	SEM VÍTIMA	FINALIZADA	AREIAS	AV CAPITAO GREGORIO DE CALDAS	302	""	NA RUA DO SUPERMERCADO WALMART EM FRENTE A FIRZEE FORMA ACADEMIA	AV CAPITAO GREGORIO DE CALDAS	302	NA RUA DO SUPERMERCADO WALMART EM FRENTE A FIRZEE FORMA ACADEMIA	AREIAS		""	CAPOTAMENTO	CAPOTAMENTO EM SEGUIDA DE COLISÃO SEM VITIMAS	2									0		""	""	""	""	""	""	""	""	""	""	""	""	""
8817	2018-10-18T00:00:00	12:31:00	""	CANCELADA	AREIAS	AV CAPITAO GREGORIO DE CALDAS	302	""	AO LADO DO WALMART	AV CAPITAO GREGORIO DE CALDAS	302	AO LADO DO WALMART	AREIAS		""	COLISÃO	COLISAO ENTRE DOIS AUTOS S/V	2									0		""	""	""	""	""	""	""	""	""	""	""	""	""
8818	2018-10-18T00:00:00	13:11:00	SEM VÍTIMA	FINALIZADA	CORDEIRO	RUA DO FORTE	750	""	PROX A ARTE ODONTO E A LOJA HIDRO VITAL	RUA DO FORTE	750	PROX A ARTE ODONTO E A LOJA HIDRO VITAL	CORDEIRO		""	COLISÃO	COLISÃO SEM VITIMAS	1						1			0		""	""	""	""	""	""	""	""	""	""	""	""	""
8819	2018-10-18T00:00:00	13:24:00	SEM VÍTIMA	FINALIZADA	BOA VIAGEM	RUA DR LUIZ INACIO PESSOA DE MELO	420	""	PROX. AO RM EXPRESS	RUA DR LUIZ INACIO PESSOA DE MELO	420	PROX. AO RM EXPRESS	BOA VIAGEM		""	COLISÃO	AUTO E CAMINHAO S/V	1						1			0		""	""	""	""	""	""	""	""	""	""	""	""	""
8820	2018-10-18T00:00:00	13:36:00	SEM VÍTIMA	FINALIZADA	ESPINHEIRO	RUA SANTO ELIAS	""	""	EM FRENTE A GALERIA QUATRO CENTOS	RUA SANTO ELIAS	""	EM FRENTE A GALERIA QUATRO CENTOS	ESPINHEIRO		""	COLISÃO	COLISÃO SEM VITIMAS	2									0		""	""	""	""	""	""	""	""	""	""	""	""	""
8821	2018-10-18T00:00:00	14:04:00	COM VÍTIMA	FINALIZADA	NOVA DESCOBERTA	AV VEREADOR OTACILIO AZEVEDO	1145	""	EM FRENTE AO CLUBE DA FAZENDA	AV VEREADOR OTACILIO AZEVEDO	1145	EM FRENTE AO CLUBE DA FAZENDA	NOVA DESCOBERTA		""	ATROPELAMENTO	VITIMA SOCORRIDA PELO SAMU VT 02 QTH		1			1					1		""	""	""	""	""	""	""	""	""	""	""	""	""
8822	2018-10-18T00:00:00	15:02:00	SEM VÍTIMA	FINALIZADA	CAXANGÁ	AV CAXANGA	""	""	E/F A FIAT ITALIANA VT 16 ESTA NO LOCAL	AV CAXANGA	""	E/F A FIAT ITALIANA VT 16 ESTA NO LOCAL	CAXANGÁ		""	COLISÃO	COLISAO ENTRE DOIS AUTOS S/V	2									0		""	""	""	""	""	""	""	""	""	""	""	""	""
8823	2018-10-18T00:00:00	16:08:00	SEM VÍTIMA	FINALIZADA	SAN MARTIN	RUA COMENDADOR FRANCO FERREIRA	""	RUA EDUARDO DE ANDRADE	DE ESQUINA COM A RUA EDUARDO DE ANDRADE PROX A PRAÇA DE SAN MARTIN	RUA COMENDADOR FRANCO FERREIRA	""	DE ESQUINA COM A RUA EDUARDO DE ANDRADE PROX A PRAÇA DE SAN MARTIN	SAN MARTIN		""	COLISÃO	COLISÃO COM VITIMA A ESPERA DO SAMU	1	1								0		""	""	""	""	""	""	""	""	""	""	""	""	""
8824	2018-10-18T00:00:00	16:49:00	SEM VÍTIMA	FINALIZADA	IMBIRIBEIRA	RUA PAMPULHA	""	""	EM FRENTE A CASA BRANCA RECEPÇOES	RUA PAMPULHA	""	EM FRENTE A CASA BRANCA RECEPÇOES	IMBIRIBEIRA		""	COLISÃO	COLISÃO SEM VITIMAS	2									0		""	""	""	""	""	""	""	""	""	""	""	""	""
8825	2018-10-18T00:00:00	18:04:00	SEM VÍTIMA	FINALIZADA	TORRÕES	EST DO FORTE DO ARRAIAL N. DO B. JESUS	""	""	""	EST DO FORTE DO ARRAIAL N. DO B. JESUS	""	""	TORRÕES		""	COLISÃO	DOIS AUTOMÓVEIS - FIAT UNO X VW VOYAGE	2									0		""	""	""	""	""	""	""	""	""	""	""	""	""
8826	2018-10-18T00:00:00	18:09:00	SEM VÍTIMA	FINALIZADA	BOA VIAGEM	AV BOA VIAGEM	3672	RUA BRUNO VELOSO	CRUZAMENTO COM A RUA BRUNO VELOSO	AV BOA VIAGEM	3672	CRUZAMENTO COM A RUA BRUNO VELOSO	BOA VIAGEM		""	COLISÃO	TRES AUTO	3									0		""	""	""	""	""	""	""	""	""	""	""	""	""
8827	2018-10-18T00:00:00	18:30:00	SEM VÍTIMA	FINALIZADA	DERBY	AV GOVERNADOR AGAMENON MAGALHAES	""	""	ENF AO TRE // SENTIDO BOA VIAGEM // PISTA LOCAL	AV GOVERNADOR AGAMENON MAGALHAES	""	ENF AO TRE // SENTIDO BOA VIAGEM // PISTA LOCAL	DERBY		""	COLISÃO	HONDA CIT X FORD K	2									0		""	""	""	""	""	""	""	""	""	""	""	""	""
8828	2018-10-18T00:00:00	20:46:00	SEM VÍTIMA	CANCELADA	BARRO	AV DR JOSE RUFINO	46	""	E/F AO MOTEL OLIMPIKUS, SNT TEJIPIÓ / PRÓX AO VIADUTO DA BR	AV DR JOSE RUFINO	46	E/F AO MOTEL OLIMPIKUS, SNT TEJIPIÓ / PRÓX AO VIADUTO DA BR	BARRO		""	COLISÃO	ENTRE AUTO E CAMINHÃO. S/V	1						1			0		""	""	""	""	""	""	""	""	""	""	""	""	""
8829	2018-10-18T00:00:00	21:59:00	SEM VÍTIMA	FINALIZADA	TORRE	RUA REAL DA TORRE	1400	""	EDF LOS ANGELES E EDF REAL MORADA DA TORRE	RUA REAL DA TORRE	1400	EDF LOS ANGELES E EDF REAL MORADA DA TORRE	TORRE		""	COLISÃO	SIENA X AUTO	2									0		""	""	""	""	""	""	""	""	""	""	""	""	""
8830	2018-10-19T00:00:00	00:01:00	SEM VÍTIMA	FINALIZADA	TAMARINEIRA	RUA VISCONDE DE ABAETE	""	""	EM FRENTE AO COLÉGIO ANGLO LÍDER // PRÓX A PRAÇA ALBINO PIMENTEL	RUA VISCONDE DE ABAETE	""	EM FRENTE AO COLÉGIO ANGLO LÍDER // PRÓX A PRAÇA ALBINO PIMENTEL	TAMARINEIRA		""	COLISÃO	COLISÃO ENTRE DOIS AUTOS, S/V.	2									0		""	""	""	""	""	""	""	""	""	""	""	""	""
8831	2018-10-19T00:00:00	04:59:00	SEM VÍTIMA	FINALIZADA	DERBY	RUA JOAQUIM NABUCO	""	RUA GUILHERME PINTO	COM RUA GUILHERME PINTO	RUA JOAQUIM NABUCO	""	COM RUA GUILHERME PINTO	DERBY		""	COLISÃO	VT 11ESTAVA SE DESLOCANDO PARA FAZER MONITORAMENTO NA RUA GUILHERME PINTO COM RUA TEÓFILO DE FREITAS QUANTO UM VEICULO COLIDIU NA TRAZEIRA DO VEICULO								1		0		""	""	""	""	""	""	""	""	""	""	""	""	""
8832	2018-10-19T00:00:00	06:07:00	SEM VÍTIMA	FINALIZADA	BOA VIAGEM	RUA CAPITAO ZUZINHA	""	""	EM FRENTE A LOCALIZA NO SENTIDO PIEDADE	RUA CAPITAO ZUZINHA	""	EM FRENTE A LOCALIZA NO SENTIDO PIEDADE	BOA VIAGEM		""	COLISÃO	COLISÃO SEM VITIMAS	1					1				0		""	""	""	""	""	""	""	""	""	""	""	""	""
8833	2018-10-19T00:00:00	06:15:00	SEM VÍTIMA	PENDENTE	SAN MARTIN	RUA APULCRO DE ASSUNCAO	205 A	RUA EDUARDO DE ANDRADE	COM RUA EDUARDO DE ANDRADE // PRÓX. AO PASSIRA PIZZARIA E RESTAURANTE.	RUA APULCRO DE ASSUNCAO	205 A	COM RUA EDUARDO DE ANDRADE // PRÓX. AO PASSIRA PIZZARIA E RESTAURANTE.	SAN MARTIN		""	COLISÃO	COLISÃO S/V.	3									0		""	""	""	""	""	""	""	""	""	""	""	""	""
8834	2018-10-19T00:00:00	06:37:00	COM VÍTIMA	CANCELADA	SANTO AMARO	RUA DOS COELHOS	S/N	""	DESCIDA DA PONTE PARA O IMIP	RUA DOS COELHOS	S/N	DESCIDA DA PONTE PARA O IMIP	SANTO AMARO		""	COLISÃO	COLISÃO COM VÍTIMA - AUTO X MOTOCICLETA	1									1		""	""	""	""	""	""	""	""	""	""	""	""	""
8835	2018-10-19T00:00:00	07:15:00	SEM VÍTIMA	FINALIZADA	BOA VIAGEM	AV BOA VIAGEM	6836	""	NA ENTRADA DO CLUBE OFICIAIS DA AERONAUTICA	AV BOA VIAGEM	6836	NA ENTRADA DO CLUBE OFICIAIS DA AERONAUTICA	BOA VIAGEM		""	COLISÃO	COLISÃO SEM VITIMAS	1	1								0		""	""	""	""	""	""	""	""	""	""	""	""	""
8836	2018-10-19T00:00:00	07:30:00	SEM VÍTIMA	FINALIZADA	DOIS UNIDOS	RUA PADRE CICERO	76	""	RUA DO HOTEL SECULO XX	RUA PADRE CICERO	76	RUA DO HOTEL SECULO XX	DOIS UNIDOS		""	COLISÃO	DOIS AUTOS	2									0		""	""	""	""	""	""	""	""	""	""	""	""	""
8837	2018-10-19T00:00:00	07:44:00	SEM VÍTIMA	FINALIZADA	MADALENA	RUA BENFICA	""	RUA ARLINDO GOUVEIA	COM A RUA ALINDO GOUVEIA	RUA BENFICA	""	COM A RUA ALINDO GOUVEIA	MADALENA		""	COLISÃO	COLISÃO SEM VITIMA	2									0		""	""	""	""	""	""	""	""	""	""	""	""	""
8838	2018-10-19T00:00:00	08:58:00	SEM VÍTIMA	FINALIZADA	CAXANGÁ	AV CAXANGA	""	""	EM FRENTE AO TI CAXANGA SEMAFORO 262	AV CAXANGA	""	EM FRENTE AO TI CAXANGA SEMAFORO 262	CAXANGÁ		""	COLISÃO	ONIBUS E AUTO	1					1				0		""	""	""	""	""	""	""	""	""	""	""	""	""
8839	2018-10-19T00:00:00	08:58:00	SEM VÍTIMA	FINALIZADA	CORDEIRO	RUA GOMES TABORDA	1764	""	E/F AO MARTELINHO DE OURO	RUA GOMES TABORDA	1764	E/F AO MARTELINHO DE OURO	CORDEIRO		""	COLISÃO	SEM VÍTIMAS	2									0		""	""	""	""	""	""	""	""	""	""	""	""	""
8840	2018-10-19T00:00:00	09:09:00	COM VÍTIMA	FINALIZADA	BOA VISTA	AV GOVERNADOR AGAMENON MAGALHAES	""	""	EM FRENTE AO MEMORIAL SÃO JOSÉ	AV GOVERNADOR AGAMENON MAGALHAES	""	EM FRENTE AO MEMORIAL SÃO JOSÉ	BOA VISTA		""	COLISÃO	COLISÃO C/V. - MOTOS 19 E 20 NO QTH.	1	1								1		""	""	""	""	""	""	""	""	""	""	""	""	""
8841	2018-10-19T00:00:00	09:30:00	SEM VÍTIMA	FINALIZADA	SANTO AMARO	AV GOVERNADOR AGAMENON MAGALHAES	""	""	EM FRENTE À REITORIA DA UPE	AV GOVERNADOR AGAMENON MAGALHAES	""	EM FRENTE À REITORIA DA UPE	SANTO AMARO		""	COLISÃO	""	2									0		""	""	""	""	""	""	""	""	""	""	""	""	""
8842	2018-10-19T00:00:00	10:00:00	COM VÍTIMA	FINALIZADA	BOMBA DO HEMETÉRIO	RUA ARLINDO CISNEIRO	223	""	AO LADO DA PADARIA PANIFICAÇÃO RECORD	RUA ARLINDO CISNEIRO	223	AO LADO DA PADARIA PANIFICAÇÃO RECORD	BOMBA DO HEMETÉRIO		""	COLISÃO	COLISÃO ENTRE AUTO E MOTO C/V	1	1								1		""	""	""	""	""	""	""	""	""	""	""	""	""
8843	2018-10-19T00:00:00	10:15:00	COM VÍTIMA	FINALIZADA	BOA VIAGEM	AV CONSELHEIRO AGUIAR	""	""	EM FRENTE AO NUCLEO DA POLICIA	AV CONSELHEIRO AGUIAR	""	EM FRENTE AO NUCLEO DA POLICIA	BOA VIAGEM		""	COLISÃO	COLISÃO COM VITIMAS SOCORRIDAS PELO SAMU						2				3		""	""	""	""	""	""	""	""	""	""	""	""	""
8844	2018-10-19T00:00:00	10:25:00	COM VÍTIMA	FINALIZADA	CASA AMARELA	RUA DA HARMONIA	""	EST DO ARRAIAL	COM ESTR. DO ARRAIAL // EM FRENTE À IGREJA DA HARMONIA	RUA DA HARMONIA	""	COM ESTR. DO ARRAIAL // EM FRENTE À IGREJA DA HARMONIA	CASA AMARELA		""	COLISÃO	COLISÃO C/V.	1	1								1		""	""	""	""	""	""	""	""	""	""	""	""	""
8845	2018-10-19T00:00:00	10:20:00	SEM VÍTIMA	FINALIZADA	IMBIRIBEIRA	RUA ITALIA	""	AV MARECHAL MASCARENHAS DE MORAES	DE ESQUINA COM A MASCARENHA DE MORAES EM FRENTE AO ASSAI	RUA ITALIA	""	DE ESQUINA COM A MASCARENHA DE MORAES EM FRENTE AO ASSAI	IMBIRIBEIRA		""	COLISÃO	COLISÃO SEM VITIMAS	1					1	1			0		""	""	""	""	""	""	""	""	""	""	""	""	""
8846	2018-10-19T00:00:00	10:37:00	COM VÍTIMA	FINALIZADA	BOMBA DO HEMETÉRIO	RUA BOMBA DO HEMETERIO	135	""	AO LADO DO DEPÓSITO EDVALDO BEBIDAS E PADARIA DA BOMBA	RUA BOMBA DO HEMETERIO	135	AO LADO DO DEPÓSITO EDVALDO BEBIDAS E PADARIA DA BOMBA	BOMBA DO HEMETÉRIO		""	COLISÃO COM CICLISTA	MOTO X CICLISTA - VT 04 NO QTH.		1		1						1		""	""	""	""	""	""	""	""	""	""	""	""	""
8847	2018-10-19T00:00:00	10:50:00	SEM VÍTIMA	FINALIZADA	BEBERIBE	AV BEBERIBE	""	""	EM FRENTE A PRAÇA DE BEBERIBE	AV BEBERIBE	""	EM FRENTE A PRAÇA DE BEBERIBE	BEBERIBE		""	COLISÃO	COLISÃO SEM VITIMAS GM VT 08 QTH	1						1			0		""	""	""	""	""	""	""	""	""	""	""	""	""
8848	2018-10-19T00:00:00	11:18:00	SEM VÍTIMA	FINALIZADA	TORRÕES	RUA ANTONIO VALDEVINO COSTA	""	""	PRÓX. DA COMPAZ	RUA ANTONIO VALDEVINO COSTA	""	PRÓX. DA COMPAZ	TORRÕES		""	COLISÃO	COLISÃO ENTRE AUTOS S/V.	2									0		""	""	""	""	""	""	""	""	""	""	""	""	""
8849	2018-10-19T00:00:00	11:32:00	SEM VÍTIMA	FINALIZADA	IMBIRIBEIRA	RUA PAMPULHA	104	RUA IZABEL DE SOUZA	SEMÁFORO 450 // COM R. IZABEL DE SOUZA	RUA PAMPULHA	104	SEMÁFORO 450 // COM R. IZABEL DE SOUZA	IMBIRIBEIRA		""	COLISÃO	COLISÃO ENTRE AUTO E CAMINHÃO S/V.	1						1			0		""	""	""	""	""	""	""	""	""	""	""	""	""
8850	2018-10-19T00:00:00	12:15:00	COM VÍTIMA	FINALIZADA	SANTO AMARO	RUA DOS PALMARES	""	""	APÓS O PROCAPE	RUA DOS PALMARES	""	APÓS O PROCAPE	SANTO AMARO		""	COLISÃO	COLISÃO COM VITIMA	1	1								1		""	""	""	""	""	""	""	""	""	""	""	""	""
8851	2018-10-19T00:00:00	12:32:00	SEM VÍTIMA	FINALIZADA	AFOGADOS	EST DOS REMEDIOS	850	""	ENF A ELETRO FLASH // PROX O POSTO IPIRANGA // PERTO DO CABOCLINHO	EST DOS REMEDIOS	850	ENF A ELETRO FLASH // PROX O POSTO IPIRANGA // PERTO DO CABOCLINHO	AFOGADOS		""	COLISÃO	DUSTE X ECOSPORT	2									0		""	""	""	""	""	""	""	""	""	""	""	""	""