_id	DATA	hora	natureza_acidente	situacao	bairro	endereco	numero	detalhe_endereco_acidente	complemento	endereco_cruzamento	numero_cruzamento	referencia_cruzamento	bairro_cruzamento	num_semaforo	sentido_via	tipo	descricao	auto	moto	ciclom	ciclista	pedestre	onibus	caminhao	viatura	outros	vitimas	vitimasfatais	acidente_verificado	tempo_clima	situacao_semaforo	sinalizacao	condicao_via	conservacao_via	ponto_controle	situacao_placa	velocidade_max_via	mao_direcao	divisao_via1	divisao_via2	divisao_via3
8852	2018-10-19T00:00:00	12:51:00	SEM VÍTIMA	FINALIZADA	BOA VIAGEM	RUA VISCONDE DE JEQUITINHONHA	518	""	APOS O HOSPITAL N.S DAS GRAÇAS	RUA VISCONDE DE JEQUITINHONHA	518	APOS O HOSPITAL N.S DAS GRAÇAS	BOA VIAGEM		""	COLISÃO	DOIS AUTOS S/V	2									0		""	""	""	""	""	""	""	""	""	""	""	""	""
8853	2018-10-19T00:00:00	12:53:00	SEM VÍTIMA	FINALIZADA	SANTO AMARO	RUA DOS PALMARES	""	""	NO SEMAFORO 093 ESQUINA DA ESCOLA ULISSES PERNAMBUCO	RUA DOS PALMARES	""	NO SEMAFORO 093 ESQUINA DA ESCOLA ULISSES PERNAMBUCO	SANTO AMARO		""	COLISÃO	COLISAO ENTRE DOIS AUTOS S/V	2									0		""	""	""	""	""	""	""	""	""	""	""	""	""
8854	2018-10-19T00:00:00	12:53:00	SEM VÍTIMA	FINALIZADA	SANTO AMARO	RUA DO POMBAL	""	RUA BARROS BARRETO	CRUZAMENTO COM A RUA BARROS BARRETO	RUA DO POMBAL	""	CRUZAMENTO COM A RUA BARROS BARRETO	SANTO AMARO		""	COLISÃO	GOL X FISTA X AUTO	3									0		""	""	""	""	""	""	""	""	""	""	""	""	""
8855	2018-10-19T00:00:00	12:59:00	SEM VÍTIMA	FINALIZADA	ARRUDA	RUA PETRONILA BOTELHO	""	""	EM FRENTE AO CAMPO DO ARRUADA, NA DIVISA DA PÓNTE, SENTIDO BOMPREÇO	RUA PETRONILA BOTELHO	""	EM FRENTE AO CAMPO DO ARRUADA, NA DIVISA DA PÓNTE, SENTIDO BOMPREÇO	ARRUDA		""	COLISÃO	DOIS AUTOS S/V	2									0		""	""	""	""	""	""	""	""	""	""	""	""	""
8856	2018-10-19T00:00:00	13:30:00	SEM VÍTIMA	FINALIZADA	BOA VISTA	AV JOAO DE BARROS	""	""	EM FRENTE AO QUARTEL DOS BOMBEIROS	AV JOAO DE BARROS	""	EM FRENTE AO QUARTEL DOS BOMBEIROS	BOA VISTA		""	COLISÃO	COLISÃO SEM VITIMA - VEICULO OFICIAL	2									0		""	""	""	""	""	""	""	""	""	""	""	""	""
8857	2018-10-19T00:00:00	13:43:00	SEM VÍTIMA	FINALIZADA	CORDEIRO	RUA 10 DE NOVEMBRO	""	""	SEMAFORO 280, AO LADO DA DELICATESSEN RAINHA DA TORRE	RUA 10 DE NOVEMBRO	""	SEMAFORO 280, AO LADO DA DELICATESSEN RAINHA DA TORRE	CORDEIRO		""	COLISÃO	DOIS AUTOS S/V	2									0		""	""	""	""	""	""	""	""	""	""	""	""	""
8858	2018-10-19T00:00:00	14:19:00	SEM VÍTIMA	FINALIZADA	IPSEP	AV RECIFE	""	RUA JEAN EMILE FAVRE	COM A JEAN EMILE FAVRE - PADARIA VILA DO PÃO	AV RECIFE	""	COM A JEAN EMILE FAVRE - PADARIA VILA DO PÃO	IPSEP		""	COLISÃO	COLISÃO SEM VITIMA -	1	1								0		""	""	""	""	""	""	""	""	""	""	""	""	""
8859	2018-10-19T00:00:00	14:33:00	SEM VÍTIMA	CANCELADA	IPSEP	AV RECIFE	""	""	NO SEMAFORO 130	AV RECIFE	""	NO SEMAFORO 130	IPSEP		""	COLISÃO	COLISAO ENTRE AUTO E MOTO S/V	1	1								0		""	""	""	""	""	""	""	""	""	""	""	""	""
8860	2018-10-19T00:00:00	14:57:00	SEM VÍTIMA	FINALIZADA	BOA VIAGEM	RUA PROFESSOR JULIO FERREIRA DE MELO	355	""	POR TRAS DO CARREFOUR	RUA PROFESSOR JULIO FERREIRA DE MELO	355	POR TRAS DO CARREFOUR	BOA VIAGEM		""	COLISÃO	COLISAO ENTRE DOIS AUTOS S/V	2									0		""	""	""	""	""	""	""	""	""	""	""	""	""
8861	2018-10-19T00:00:00	15:06:00	SEM VÍTIMA	FINALIZADA	SÃO JOSÉ	RUA VIDAL DE NEGREIROS	""	""	AO LADO DO TRE	RUA VIDAL DE NEGREIROS	""	AO LADO DO TRE	SÃO JOSÉ		""	COLISÃO	COLISAO ENTRE DOIS AUTOS S/V	2									0		""	""	""	""	""	""	""	""	""	""	""	""	""
8862	2018-10-19T00:00:00	15:23:00	SEM VÍTIMA	CANCELADA	PINA	AV ANTONIO DE GOES	""	""	E/F AO DENIT	AV ANTONIO DE GOES	""	E/F AO DENIT	PINA		""	COLISÃO	COLISAO DE DOIS AUTOS S/V	2									0		""	""	""	""	""	""	""	""	""	""	""	""	""
8863	2018-10-19T00:00:00	17:28:00	SEM VÍTIMA	FINALIZADA	BOA VIAGEM	RUA JOSE DOMINGUES DA SILVA	258	RUA CAPITAO ZUZINHA	ESQUINA COM RUA CAPITAO ZUZINHA	RUA JOSE DOMINGUES DA SILVA	258	ESQUINA COM RUA CAPITAO ZUZINHA	BOA VIAGEM		""	COLISÃO	DOIS AUTOS S/V	2									0		""	""	""	""	""	""	""	""	""	""	""	""	""
8864	2018-10-19T00:00:00	18:19:00	SEM VÍTIMA	FINALIZADA	PAISSANDU	RUA ANTONIO GOMES DE FREITAS	161	""	AO LADO DO SEOPE	RUA ANTONIO GOMES DE FREITAS	161	AO LADO DO SEOPE	PAISSANDU		""	COLISÃO	FOX PRATA X CORSA	2									0		""	""	""	""	""	""	""	""	""	""	""	""	""
8865	2018-10-19T00:00:00	18:35:00	SEM VÍTIMA	FINALIZADA	SANTO AMARO	AV GOVERNADOR AGAMENON MAGALHAES	""	""	POR CIMA DO VIADUTO, SNT OLINDA / AO LADO DO SHOPPING TACARUNA	AV GOVERNADOR AGAMENON MAGALHAES	""	POR CIMA DO VIADUTO, SNT OLINDA / AO LADO DO SHOPPING TACARUNA	SANTO AMARO		""	ENGAVETAMENTO	ENTRE 3 AUTOS. S/V	3									0		""	""	""	""	""	""	""	""	""	""	""	""	""
8866	2018-10-19T00:00:00	18:37:00	SEM VÍTIMA	FINALIZADA	BOA VISTA	RUA PRINCESA IZABEL	""	""	PONTE PRINCESA IZABEL	RUA PRINCESA IZABEL	""	PONTE PRINCESA IZABEL	BOA VISTA		""	COLISÃO	COLISÃO SEM VITIMA	2									0		""	""	""	""	""	""	""	""	""	""	""	""	""
8867	2018-10-19T00:00:00	18:49:00	COM VÍTIMA	FINALIZADA	ILHA JOANA BEZERRA	AV BEIRA RIO	""	""	ANTES DO VIADUTO. SNT AV ABDIAS / E/F A ACADEMIA DA CIDADE / PRÓX AO FÓRUM	AV BEIRA RIO	""	ANTES DO VIADUTO. SNT AV ABDIAS / E/F A ACADEMIA DA CIDADE / PRÓX AO FÓRUM	ILHA JOANA BEZERRA		""	COLISÃO	ENTRE AUTO E MOTO. C/V	1	1								2		""	""	""	""	""	""	""	""	""	""	""	""	""
8868	2018-10-19T00:00:00	18:55:00	SEM VÍTIMA	CANCELADA	BOA VIAGEM	AV ENGENHEIRO DOMINGOS FERREIRA	4403	""	PROX A DELEGACIA DE BOA VIAGEM	AV ENGENHEIRO DOMINGOS FERREIRA	4403	PROX A DELEGACIA DE BOA VIAGEM	BOA VIAGEM		""	COLISÃO	ONIBUS X MICRO-ONIBUS						2				0		""	""	""	""	""	""	""	""	""	""	""	""	""
8869	2018-10-19T00:00:00	19:01:00	SEM VÍTIMA	FINALIZADA	ESPINHEIRO	AV CONS ROSA E SILVA	""	RUA CONFEDERACAO DO EQUADOR	E/F AO HOSPITAl DOS SERVIDORES / CRUZANDO A R CONF DO EQUADOR	AV CONS ROSA E SILVA	""	E/F AO HOSPITAl DOS SERVIDORES / CRUZANDO A R CONF DO EQUADOR	ESPINHEIRO		""	COLISÃO	ENTRE 2 AUTOS. S/V	2									0		""	""	""	""	""	""	""	""	""	""	""	""	""
8870	2018-10-19T00:00:00	19:03:00	SEM VÍTIMA	FINALIZADA	JARDIM SÃO PAULO	RUA LEANDRO BARRETO	445	""	POSTO DE COMBUSTÍVEL LAROQUE	RUA LEANDRO BARRETO	445	POSTO DE COMBUSTÍVEL LAROQUE	JARDIM SÃO PAULO		""	COLISÃO	COLISÃO SEGUIDA DE CHOQUE CONTRA BOMBA DE ABASTECIMENTO DO POSTO DE COMBUSTÍVEL. OCORRÊNCIA SEM VÍTIMA ENVOLVENDO 05 (CINCO) VEÍCULOS	5									0		""	""	""	""	""	""	""	""	""	""	""	""	""
8871	2018-10-19T00:00:00	19:03:00	SEM VÍTIMA	FINALIZADA	SANTO AMARO	AV CRUZ CABUGA	""	AV DR JAYME DA FONTE	CRUZAMENTO COM AV DR JAYME DA FONTE	AV CRUZ CABUGA	""	CRUZAMENTO COM AV DR JAYME DA FONTE	SANTO AMARO		""	COLISÃO	HB 20 X AGILE	2									0		""	""	""	""	""	""	""	""	""	""	""	""	""
8872	2018-10-19T00:00:00	20:51:00	SEM VÍTIMA	FINALIZADA	COELHOS	LGO DOS COELHOS	46	""	ENF A MARCENARIA DE CARLINHOS // PROX BAR DO DUDA	LGO DOS COELHOS	46	ENF A MARCENARIA DE CARLINHOS // PROX BAR DO DUDA	COELHOS		""	CHOQUE	VEICULO COLEDIU EM UM MURO (MOTORISTA ABANDONOU O VEICULO) SEGUNDO A POPULAÇAO INFORMOU QUE O VEICULO E ROUBADO	1									0		""	""	""	""	""	""	""	""	""	""	""	""	""
8873	2018-10-19T00:00:00	21:44:00	SEM VÍTIMA	FINALIZADA	AFOGADOS	RUA COSME VIANA	""	""	E/F A TUPAN E AO LADO DA PRC COMES VIANA / PRÓX AO CANAL	RUA COSME VIANA	""	E/F A TUPAN E AO LADO DA PRC COMES VIANA / PRÓX AO CANAL	AFOGADOS		""	COLISÃO	ENTRE AUTO E ÔNIBUS S/V	1					1				0		""	""	""	""	""	""	""	""	""	""	""	""	""
8874	2018-10-19T00:00:00	23:26:00	SEM VÍTIMA	FINALIZADA	BOA VIAGEM	RUA DOS NAVEGANTES	1997	""	E/F AO HOTEL DOS NAVEGANTES E PRÓX AO RESTAURANTE ILHA DOS NAVEGANTES	RUA DOS NAVEGANTES	1997	E/F AO HOTEL DOS NAVEGANTES E PRÓX AO RESTAURANTE ILHA DOS NAVEGANTES	BOA VIAGEM		SUBURBIO	ABALROAMENTO LONGITUDINAL	ENTRE 3 AUTOS. S/V	3									0		Longo da via	Bom	Não existe	Incompleta	Seca	Perfeito estado	Não existe	Não há placas	""	Única	Faixa seccionada	""	""
8875	2018-10-20T00:00:00	02:07:00	COM VÍTIMA	CANCELADA	TORRE	RUA JOSE BONIFACIO	""	""	PROX DO CARREFUR	RUA JOSE BONIFACIO	""	PROX DO CARREFUR	TORRE		""	CHOQUE	MOTO CHOCOU-SE COM MURETA DA PONTE DA TORRE		1								2		""	""	""	""	""	""	""	""	""	""	""	""	""
8876	2018-10-20T00:00:00	04:08:00	COM VÍTIMA	FINALIZADA	ESPINHEIRO	RUA DO ESPINHEIRO	""	RUA SANTO ELIAS	CRUZAMENTO COM A RUA SANTO ELIAS	RUA DO ESPINHEIRO	""	CRUZAMENTO COM A RUA SANTO ELIAS	ESPINHEIRO		""	COLISÃO	COLISÃO ENTRE DOIS AUTOS C/V	2									2		""	""	""	""	""	""	""	""	""	""	""	""	""
8877	2018-10-20T00:00:00	06:27:00	SEM VÍTIMA	FINALIZADA	PINA	AV ANTONIO DE GOES	""	RUA NOGUEIRA DE SOUZA	""	AV ANTONIO DE GOES	""	""	PINA		CIDADE	COLISÃO TRASEIRA	COLISÃO DOIS AUTOS	2									0		Outros	Bom	Sem defeito	Ilegível	Seca	Perfeito estado	Faixa de pedestre	Não há placas	60 km/h	Única	Canteiro central	""	""
8878	2018-10-20T00:00:00	08:33:00	COM VÍTIMA	FINALIZADA	BOA VIAGEM	RUA GENERAL SALGADO	""	RUA BISPO CARDOSO AYRES	CRUZ COM A RUA BISPO CARDOSO AYRES EM FRENTE AO EDIFICIO CHATON	RUA GENERAL SALGADO	""	CRUZ COM A RUA BISPO CARDOSO AYRES EM FRENTE AO EDIFICIO CHATON	BOA VIAGEM		""	COLISÃO COM CICLISTA	AUTO CICLISTA VITIMAS SOCORRIDAS PELO SAMU		1		1						2		""	""	""	""	""	""	""	""	""	""	""	""	""
8879	2018-10-20T00:00:00	10:20:00	SEM VÍTIMA	FINALIZADA	IPUTINGA	AV MARIO ALVARES PEREIRA DE LYRA	""	""	EM FRENTE AO RESIDENCIAL BOSQUE DAS MADEIRAS	AV MARIO ALVARES PEREIRA DE LYRA	""	EM FRENTE AO RESIDENCIAL BOSQUE DAS MADEIRAS	IPUTINGA		""	ABALROAMENTO LONGITUDINAL	DOIS AUTOS	2									0		Longo da via	Bom	Não existe	Não existente	Seca	Perfeito estado	""	Não há placas	""	Única	""	""	""
8880	2018-10-20T00:00:00	10:22:00	SEM VÍTIMA	FINALIZADA	AFOGADOS	EST DOS REMEDIOS	""	""	MODELO REPARAÇÃO AUTOMOTIVA	EST DOS REMEDIOS	""	MODELO REPARAÇÃO AUTOMOTIVA	AFOGADOS		""	ABALROAMENTO LONGITUDINAL	COLISÃO SEM VITIMAS VT 14 QTH	1					1				0		Longo da via	Bom	Não existe	Perfeito estado	Seca	Perfeito estado	Não existe	Outras	""	Única	""	""	""
8881	2018-10-20T00:00:00	11:16:00	SEM VÍTIMA	FINALIZADA	BOA VIAGEM	RUA PROF AURELIO DE CASTRO CAVALCANTI	181	""	""	RUA PROF AURELIO DE CASTRO CAVALCANTI	181	""	BOA VIAGEM		CIDADE	COLISÃO TRASEIRA	DOIS AUTOS	2									0		Longo da via	Bom	Não existe	Perfeito estado	Seca	Perfeito estado	Não existe	Outras	30 km/h	Única	Não existe	""	""
8882	2018-10-20T00:00:00	11:42:00	SEM VÍTIMA	FINALIZADA	""	AV PRESIDENTE MEDICI	""	""	""	AV PRESIDENTE MEDICI	""	""	""		CIDADE	ABALROAMENTO TRANSVERSAL	COLISÃO SEM VÍTIMAS	1						1			0		Longo da via	Bom	Não existe	Não existente	Seca	Perfeito estado	Não existe	Não há placas	""	Dupla	Não existe	""	""
8883	2018-10-20T00:00:00	11:57:00	SEM VÍTIMA	FINALIZADA	BOA VIAGEM	AV CONSELHEIRO AGUIAR	1350	""	EM FRENTE AO CONJUNTO RESIDENCIAL PERNAMBUCO	AV CONSELHEIRO AGUIAR	1350	EM FRENTE AO CONJUNTO RESIDENCIAL PERNAMBUCO	BOA VIAGEM		CIDADE	COLISÃO TRASEIRA	COLISAO ENTRE DOIS AUTOS S/V	2									0		Longo da via	Bom	Não existe	Perfeito estado	Seca	Perfeito estado	Não existe	Outras	""	Única	Faixa contínua	""	""
8884	2018-10-20T00:00:00	12:12:00	SEM VÍTIMA	FINALIZADA	TORRÕES	RUA QUINZE DE MARCO	566	""	EM FRENTE AO BPRV	RUA QUINZE DE MARCO	566	EM FRENTE AO BPRV	TORRÕES		SUBURBIO	CHOQUE VEÍCULO PARADO	02 AUTOS	2									0		Longo da via	Bom	Não existe	Não existente	Seca	Mal conservada	Não existe	Não há placas	""	Dupla	Não existe	""	""
8885	2018-10-20T00:00:00	12:15:00	""	CANCELADA	IBURA	AV PRESIDENTE MEDICI	345	""	EM FRENTE A BARRACA DA BETE	AV PRESIDENTE MEDICI	345	EM FRENTE A BARRACA DA BETE	IBURA		""	COLISÃO	COLISÃO SEM VÍTIMA	1					1				0		""	""	""	""	""	""	""	""	""	""	""	""	""
8886	2018-10-20T00:00:00	12:44:00	SEM VÍTIMA	FINALIZADA	ROSARINHO	AV SANTOS DUMONT	815	RUA ENGENHEIRO SAMPAIO	ANTES DO ESPAÇO ELLAS	AV SANTOS DUMONT	815	ANTES DO ESPAÇO ELLAS	ROSARINHO	81	SUBURBIO	COLISÃO TRASEIRA	COLISAO ENTRE DOIS AUTOS S/V	2									0		Longo da via	Bom	Sem defeito	Perfeito estado	Seca	Perfeito estado	Não existe	Não há placas	""	Única	Faixa seccionada	""	""
8887	2018-10-20T00:00:00	14:39:00	SEM VÍTIMA	FINALIZADA	CAMPO GRANDE	EST DE BELEM	""	RUA VOLUNTARIOS DA PATRIA	EM FRENTE A PIZZARIA O JARDIM	EST DE BELEM	""	EM FRENTE A PIZZARIA O JARDIM	CAMPO GRANDE		CID/SUB	COLISÃO FRONTAL	DOIS AUTOS S/V	2									0		Cruzamento	Bom	Não existe	Perfeito estado	Seca	Perfeito estado	Não existe	Não há placas	""	Dupla	Faixa contínua	""	""
8888	2018-10-20T00:00:00	14:41:00	COM VÍTIMA	FINALIZADA	PRADO	AV ENGENHEIRO ABDIAS DE CARVALHO	""	""	E/F A SUBWAY	AV ENGENHEIRO ABDIAS DE CARVALHO	""	E/F A SUBWAY	PRADO		""	COLISÃO	COILISÃO CARRO E MOTO C/ VÍTIMA	1	1								1		""	""	""	""	""	""	""	""	""	""	""	""	""
8889	2018-10-20T00:00:00	15:04:00	SEM VÍTIMA	FINALIZADA	IBURA	AV DOIS RIOS	1482	""	EM FRENTE AO MERCADINHO DO POVO	AV DOIS RIOS	1482	EM FRENTE AO MERCADINHO DO POVO	IBURA		SUBURBIO	ABALROAMENTO LONGITUDINAL	DOIS AUTOS E DOIS CAMINHAO S/V	2						2			0		Longo da via	Bom	Sem defeito	Perfeito estado	Seca	Perfeito estado	Faixa de pedestre	Outras	""	Dupla	Faixa contínua	""	""
8890	2018-10-20T00:00:00	15:49:00	SEM VÍTIMA	FINALIZADA	ILHA DO RETIRO	AV ENGENHEIRO ABDIAS DE CARVALHO	""	""	""	AV ENGENHEIRO ABDIAS DE CARVALHO	""	""	ILHA DO RETIRO	132	SUBURBIO	ABALROAMENTO TRANSVERSAL	ONIBUS E AUTO	1					1				0		Outros	Bom	Sem defeito	Perfeito estado	Seca	Perfeito estado	Não existe	Não há placas	""	Dupla	Canteiro central	""	""
8891	2018-10-20T00:00:00	16:27:00	SEM VÍTIMA	FINALIZADA	BOA VIAGEM	RUA FRANCISCO DA CUNHA	490	RUA PROFESSOR EDUARDO WANDERLEY FILHO	EM FRENTE AO EDF STUDIO BOA VIAGEM	RUA FRANCISCO DA CUNHA	490	EM FRENTE AO EDF STUDIO BOA VIAGEM	BOA VIAGEM		CIDADE	ABALROAMENTO TRANSVERSAL	COLISAO ENTRE TRES AUTOS S/V	3									0		Cruzamento	Bom	Não existe	Perfeito estado	Seca	Perfeito estado	Não existe	Outras	""	Única	Não existe	""	""
8892	2018-10-20T00:00:00	16:44:00	SEM VÍTIMA	FINALIZADA	PAISSANDU	RUA PAISSANDU	""	""	EM FRENTE AO GGE	RUA PAISSANDU	""	EM FRENTE AO GGE	PAISSANDU		SUBURBIO	COLISÃO TRASEIRA	COLISÃO SEM VÍTIMA	2									0		Longo da via	Bom	Não existe	Perfeito estado	Seca	Perfeito estado	""	Outras	""	Dupla	Canteiro central	""	""
8893	2018-10-20T00:00:00	17:17:00	SEM VÍTIMA	FINALIZADA	PINA	AV ANTONIO DE GOES	146	""	AO LADO DO JCPM, SENTINO CENTRO DO RECIFE	AV ANTONIO DE GOES	146	AO LADO DO JCPM, SENTINO CENTRO DO RECIFE	PINA		CIDADE	COLISÃO TRASEIRA	COLISÃO SEM VÍTIMA	2									0		Longo da via	Bom	Sem defeito	Perfeito estado	Seca	Perfeito estado	Faixa de pedestre	Outras	60 km/h	Única	Faixa contínua	""	""
8894	2018-10-20T00:00:00	18:00:00	SEM VÍTIMA	FINALIZADA	PINA	AV ENGENHEIRO DOMINGOS FERREIRA	149	""	EM FRENTE AO IBMEC	AV ENGENHEIRO DOMINGOS FERREIRA	149	EM FRENTE AO IBMEC	PINA		OUTRO	COLISÃO TRASEIRA	COLISÃO SEM VITIMAS	2									0		Longo da via	Bom	Não existe	Perfeito estado	Seca	Perfeito estado	Outros	Outras	""	Única	Faixa seccionada	""	""
8895	2018-10-20T00:00:00	18:15:00	SEM VÍTIMA	FINALIZADA	BOA VIAGEM	AV BOA VIAGEM	5740	""	""	AV BOA VIAGEM	5740	""	BOA VIAGEM	445	SUBURBIO	COLISÃO TRASEIRA	COLISÃO SEM VITIMAS	2									0		Longo da via	Bom	Sem defeito	Perfeito estado	Seca	Perfeito estado	Faixa de pedestre	Não há placas	""	Única	Faixa contínua	""	""
8896	2018-10-20T00:00:00	19:57:00	SEM VÍTIMA	FINALIZADA	DERBY	AV GOVERNADOR AGAMENON MAGALHAES	""	PRC DO DERBY	E/F AO BANCO BRADESCO, SNT BV / APÓS A RESTAURAÇÃO	AV GOVERNADOR AGAMENON MAGALHAES	""	E/F AO BANCO BRADESCO, SNT BV / APÓS A RESTAURAÇÃO	DERBY		SUBURBIO	ABALROAMENTO LONGITUDINAL	ENTRE 2 AUTOS. S/V	2									0		Outros	Bom	Não existe	Perfeito estado	Seca	Perfeito estado	Não existe	Não há placas	""	Dupla	Não existe	""	""
8897	2018-10-20T00:00:00	23:16:00	SEM VÍTIMA	FINALIZADA	BEBERIBE	AV BEBERIBE	3387	""	LADO OPOSTO AO Nº 3387	AV BEBERIBE	3387	LADO OPOSTO AO Nº 3387	BEBERIBE		SUBURBIO	COLISÃO TRASEIRA	COLISÃO SEM VITIMAS	2									0		Longo da via	Bom	Sem defeito	Perfeito estado	Seca	Perfeito estado	Não existe	Não há placas	50 km/h	Dupla	Faixa contínua	""	""
8898	2018-10-20T00:00:00	23:40:00	SEM VÍTIMA	FINALIZADA	BARRO	AV DR JOSE RUFINO	""	RUA AMADOR ARAUJO	EM FRENTE A PANIFICADORA TONY ALBUQUERQUE	AV DR JOSE RUFINO	""	EM FRENTE A PANIFICADORA TONY ALBUQUERQUE	BARRO	539	SUBURBIO	COLISÃO TRASEIRA	COLISÃO SEM VITIMAS	3									0		Longo da via	Bom	Intermitente	Perfeito estado	Seca	Perfeito estado	Outros	Outras	""	Dupla	Faixa contínua	""	""
8899	2018-10-21T00:00:00	01:34:00	SEM VÍTIMA	CANCELADA	BOA VIAGEM	RUA BELMONTE	""	RUA JOSE DOMINGUES DA SILVA	CRUZAMENTO COM A RUA JOSÉ DOMINGUES DA SILVA // PRÓX AO EMPÓRIO DOS BICHOS // PRÓX A LANCHONETE OVERSIZE BURGUER	RUA BELMONTE	""	CRUZAMENTO COM A RUA JOSÉ DOMINGUES DA SILVA // PRÓX AO EMPÓRIO DOS BICHOS // PRÓX A LANCHONETE OVERSIZE BURGUER	BOA VIAGEM		""	COLISÃO	COLISÃO ENTRE DOIS AUTOS, S/V.	2									0		""	""	""	""	""	""	""	""	""	""	""	""	""
8900	2018-10-21T00:00:00	04:34:00	COM VÍTIMA	FINALIZADA	SAN MARTIN	AV GENERAL SAN MARTIN	""	""	PROXIMO O HOSPITAL GETULIO VARGAS	AV GENERAL SAN MARTIN	""	PROXIMO O HOSPITAL GETULIO VARGAS	SAN MARTIN		""	COLISÃO	COLISÃO ENTRE MOTO E AUTO C/V	1	1								1		""	""	""	""	""	""	""	""	""	""	""	""	""
8901	2018-10-21T00:00:00	05:55:00	SEM VÍTIMA	FINALIZADA	PAISSANDU	AV GOVERNADOR AGAMENON MAGALHAES	""	""	SENTIDO BOA VIAGEM EM FRENTE AO INSTITUTO CERVANTES SEMAFORO 069	AV GOVERNADOR AGAMENON MAGALHAES	""	SENTIDO BOA VIAGEM EM FRENTE AO INSTITUTO CERVANTES SEMAFORO 069	PAISSANDU	69	OUTRO	COLISÃO TRASEIRA	COLISÃO SEM VITIMAS	2									0		Longo da via	Bom	Sem defeito	Perfeito estado	Seca	Perfeito estado	Faixa de pedestre	""	""	Dupla	Canal	""	""
8902	2018-10-21T00:00:00	06:38:00	COM VÍTIMA	FINALIZADA	PAISSANDU	AV GOVERNADOR AGAMENON MAGALHAES	""	""	EM FRENTE AO CERPE	AV GOVERNADOR AGAMENON MAGALHAES	""	EM FRENTE AO CERPE	PAISSANDU		""	COLISÃO	COLISÃO ENTRE AUTO E MOTO	1	1								1		""	""	""	""	""	""	""	""	""	""	""	""	""
8903	2018-10-21T00:00:00	06:50:00	SEM VÍTIMA	FINALIZADA	CIDADE UNIVERSITÁRIA	RUA PROFESSOR ANTONIO COELHO	208	""	EM FRENTE AO COLEGIO PONTUAL	RUA PROFESSOR ANTONIO COELHO	208	EM FRENTE AO COLEGIO PONTUAL	CIDADE UNIVERSITÁRIA		SUBURBIO	COLISÃO FRONTAL	COLISÃO SEM VITIMAS	2									0		Longo da via	Bom	Sem defeito	Perfeito estado	Seca	Perfeito estado	Não existe	Não há placas	""	Dupla	Faixa seccionada	""	""
8904	2018-10-21T00:00:00	08:11:00	SEM VÍTIMA	FINALIZADA	PRADO	AV ENGENHEIRO ABDIAS DE CARVALHO	""	RUA MONSENHOR JULIO MARIA	""	AV ENGENHEIRO ABDIAS DE CARVALHO	""	""	PRADO		""	ABALROAMENTO LONGITUDINAL	COLISÃO SEM VITIMAS	1	1								0		Longo da via	Bom	Não existe	Perfeito estado	Seca	Perfeito estado	Não existe	Outras	60 km/h	Dupla	Canteiro central	""	""
8905	2018-10-21T00:00:00	10:51:00	SEM VÍTIMA	FINALIZADA	CIDADE UNIVERSITÁRIA	AV PROFESSOR LUIZ FREIRE	""	""	EM FRENTE AO COLÉGIO MILITAR	AV PROFESSOR LUIZ FREIRE	""	EM FRENTE AO COLÉGIO MILITAR	CIDADE UNIVERSITÁRIA		""	ABALROAMENTO LONGITUDINAL	COLISÃO ENTRE AUTO E ONIBUS	1					1				0		Longo da via	Bom	Não existe	Perfeito estado	Seca	Perfeito estado	Não existe	Não há placas	""	Única	Faixa seccionada	""	""
8906	2018-10-21T00:00:00	11:33:00	SEM VÍTIMA	FINALIZADA	ESTÂNCIA	AV DR JOSE RUFINO	337	""	E/F AO COLEGIO DECISÃO	AV DR JOSE RUFINO	337	E/F AO COLEGIO DECISÃO	ESTÂNCIA		CIDADE	ABALROAMENTO LONGITUDINAL	SEM VÍTIMAS	2									0		Longo da via	Bom	Não existe	Perfeito estado	Seca	Perfeito estado	Não existe	Outras	60 km/h	Dupla	Faixa contínua	""	""
8907	2018-10-21T00:00:00	11:51:00	COM VÍTIMA	FINALIZADA	CASA AMARELA	AV NORTE	""	AV PROFESSOR JOSE DOS ANJOS	COM PROF JOSÉ DOS ANJOS	AV NORTE	""	COM PROF JOSÉ DOS ANJOS	CASA AMARELA		""	COLISÃO	COLISÃO ENTRE AUTO E MOTO COM VÍTIMA	1	1								1		""	""	""	""	""	""	""	""	""	""	""	""	""
8908	2018-10-21T00:00:00	12:21:00	SEM VÍTIMA	CANCELADA	SANTO AMARO	AV GOVERNADOR AGAMENON MAGALHAES	""	""	PROXIMO AO UPE E AO SEMÁFORO 465/ SENTIDO OLINDA	AV GOVERNADOR AGAMENON MAGALHAES	""	PROXIMO AO UPE E AO SEMÁFORO 465/ SENTIDO OLINDA	SANTO AMARO		""	COLISÃO	COLISÃO SEM VÍTIMA	2									0		""	""	""	""	""	""	""	""	""	""	""	""	""