_id	DATA	hora	natureza_acidente	situacao	bairro	endereco	numero	detalhe_endereco_acidente	complemento	endereco_cruzamento	numero_cruzamento	referencia_cruzamento	bairro_cruzamento	num_semaforo	sentido_via	tipo	descricao	auto	moto	ciclom	ciclista	pedestre	onibus	caminhao	viatura	outros	vitimas	vitimasfatais	acidente_verificado	tempo_clima	situacao_semaforo	sinalizacao	condicao_via	conservacao_via	ponto_controle	situacao_placa	velocidade_max_via	mao_direcao	divisao_via1	divisao_via2	divisao_via3
8909	2018-10-21T00:00:00	12:26:00	SEM VÍTIMA	FINALIZADA	AREIAS	AV RECIFE	""	AV CAPITAO GREGORIO DE CALDAS	COM O CRUZAMENTO DA GREGORIO DE CALDAS, NA FRENTE DO WALLMART	AV RECIFE	""	COM O CRUZAMENTO DA GREGORIO DE CALDAS, NA FRENTE DO WALLMART	AREIAS	494	OUTRO	COLISÃO TRASEIRA	COLISÃO SEM VITIMAS	2									0		Longo da via	Bom	Sem defeito	Perfeito estado	Seca	Perfeito estado	Não existe	Outras	""	Dupla	Canteiro central	""	""
8910	2018-10-21T00:00:00	14:15:00	SEM VÍTIMA	FINALIZADA	BOA VIAGEM	AV BOA VIAGEM	3672	RUA BRUNO VELOSO	COM RUA BRUNO VELOSO	AV BOA VIAGEM	3672	COM RUA BRUNO VELOSO	BOA VIAGEM	120	CIDADE	ABALROAMENTO LONGITUDINAL	COLISÃO ENVOLVENDO DOIS AUTOS SEM VÍTIMAS	2									0		Longo da via	Bom	Sem defeito	Perfeito estado	Seca	Perfeito estado	Faixa de pedestre	""	""	Única	Faixa seccionada	""	""
8911	2018-10-21T00:00:00	15:49:00	SEM VÍTIMA	FINALIZADA	SANTO AMARO	AV GOVERNADOR AGAMENON MAGALHAES	""	""	SOBRE O VIADUTO / EM FRENTE AO SHOPPING TACARUNA	AV GOVERNADOR AGAMENON MAGALHAES	""	SOBRE O VIADUTO / EM FRENTE AO SHOPPING TACARUNA	SANTO AMARO		SUBURBIO	COLISÃO TRASEIRA	COLISÃO SEM VITIMAS	3									0		Viaduto	Bom	Não existe	Perfeito estado	Seca	Perfeito estado	Não existe	Não há placas	60 km/h	Única	Faixa seccionada	""	""
8912	2018-10-21T00:00:00	17:21:00	COM VÍTIMA	EQUIPE EM DESLOCAMENTO	BOA VIAGEM	AV BOA VIAGEM	""	""	PRÓXIMO AO SEGUNDO JARDIM	AV BOA VIAGEM	""	PRÓXIMO AO SEGUNDO JARDIM	BOA VIAGEM		""	ATROPELAMENTO	ATROPELAMENTO AUTO x PEDESTRE	1				1					1		""	""	""	""	""	""	""	""	""	""	""	""	""
8913	2018-10-21T00:00:00	19:48:00	SEM VÍTIMA	FINALIZADA	PINA	AV HERCULANO BANDEIRA	""	""	R. ARQUITETO AUGUSTO REINALDO	AV HERCULANO BANDEIRA	""	R. ARQUITETO AUGUSTO REINALDO	PINA	660	SUBÚRBIO	ABALROAMENTO LONGITUDINAL	COLISÃO SEM SENTIMAS	2									0		Cruzamento	Bom	Sem defeito	Perfeito estado	Seca	Perfeito estado	Faixa de pedestre	Outras	""	Única	Faixa seccionada	""	""
8914	2018-10-21T00:00:00	20:55:00	SEM VÍTIMA	FINALIZADA	AFLITOS	AV CONS ROSA E SILVA	1294	""	ENF AO THE BRITISH COUNTRY CLUB// PRO PARLA PIZZA	AV CONS ROSA E SILVA	1294	ENF AO THE BRITISH COUNTRY CLUB// PRO PARLA PIZZA	AFLITOS		SUBURBIO	ABALROAMENTO LONGITUDINAL	CAMINHAO X TOYOTA COROLA	1						1			0		Longo da via	Bom	Não existe	Perfeito estado	Seca	Perfeito estado	Não existe	Outras	40 km/h	Única	Faixa seccionada	""	""
8915	2018-10-21T00:00:00	21:07:00	SEM VÍTIMA	FINALIZADA	ARRUDA	RUA SAO BENTO	1607	AV BEBERIBE	CRUZAMENTO COM A AV. BEBERIBE/ BAR BATE PAPO	RUA SAO BENTO	1607	CRUZAMENTO COM A AV. BEBERIBE/ BAR BATE PAPO	ARRUDA		SUBURBIO	COLISÃO TRASEIRA	COLISÃO SEM VITIMAS	2									0		Longo da via	Bom	Sem defeito	Ilegível	Seca	Mal iluminada	Não existe	Não há placas	""	Dupla	Faixa seccionada	""	""
8916	2018-10-21T00:00:00	21:18:00	SEM VÍTIMA	FINALIZADA	DERBY	RUA DR SEVERINO PINHEIRO	40	RUA JENER DE SOUZA	PROX. AO QUARTEL DO DERBY/ SEMAFOR 040	RUA DR SEVERINO PINHEIRO	40	PROX. AO QUARTEL DO DERBY/ SEMAFOR 040	DERBY	40	CIDADE	ABALROAMENTO LONGITUDINAL	COLISÃO SEM VITIMAS	1					1				0		Longo da via	Bom	Sem defeito	Perfeito estado	Seca	Perfeito estado	Faixa de pedestre	Outras	50 km/h	Dupla	Faixa contínua	""	""
8917	2018-10-21T00:00:00	22:19:00	SEM VÍTIMA	CANCELADA	CORDEIRO	RUA GOMES TABORDA	""	AV GENERAL SAN MARTIN	CRUZAMENTO COM GENERAL SAN MARTINS	RUA GOMES TABORDA	""	CRUZAMENTO COM GENERAL SAN MARTINS	CORDEIRO		""	COLISÃO	ONIX X GOL	2									0		""	""	""	""	""	""	""	""	""	""	""	""	""
8918	2018-10-22T00:00:00	01:09:00	SEM VÍTIMA	FINALIZADA	TAMARINEIRA	RUA PADRE ROMA	""	RUA DO FUTURO	CRUZAMENTO COM A RUA DO FUTURO // SEMAFORO 223	RUA PADRE ROMA	""	CRUZAMENTO COM A RUA DO FUTURO // SEMAFORO 223	TAMARINEIRA	223	SUBURBIO	COLISÃO TRASEIRA	TAXI X GOL // OBS:: SUSPEITA DE EMBRIAGUEZ	2									0		Longo da via	Bom	Sem defeito	Perfeito estado	Seca	Perfeito estado	Faixa de pedestre	Não há placas	""	Dupla	Canteiro central	""	""
8919	2018-10-22T00:00:00	06:57:00	SEM VÍTIMA	FINALIZADA	BAIRRO DO RECIFE	AV GOVERNADOR AGAMENON MAGALHAES	""	""	SENTIDO BOA VIAGEM APOS O HOSPITAL DA RESTAURAÇÃO AO ALDO DO COLEGIO AMERICANO BATISTA	AV GOVERNADOR AGAMENON MAGALHAES	""	SENTIDO BOA VIAGEM APOS O HOSPITAL DA RESTAURAÇÃO AO ALDO DO COLEGIO AMERICANO BATISTA	BAIRRO DO RECIFE	174	OUTRO	COLISÃO TRASEIRA	COLISÃO SEM VITIMAS	1					1				0		Longo da via	Bom	Sem defeito	Perfeito estado	Seca	Perfeito estado	Agente	Outras	60 km/h	Dupla	Faixa contínua	""	""
8920	2018-10-22T00:00:00	07:33:00	SEM VÍTIMA	FINALIZADA	JAQUEIRA	PRC PROFESSOR FLEMING	35	""	EM FRENTE A VERDFRUT	PRC PROFESSOR FLEMING	35	EM FRENTE A VERDFRUT	JAQUEIRA		SUBURBIO	COLISÃO TRASEIRA	COLISÃO SEM VITIMAS	2									0		Longo da via	Bom	Não existe	Perfeito estado	Seca	Perfeito estado	Faixa de pedestre	"Placas ""Pare"""	""	Única	Faixa contínua	""	""
8921	2018-10-22T00:00:00	08:01:00	SEM VÍTIMA	FINALIZADA	BOA VIAGEM	AV BOA VIAGEM	3520	""	EDF VILA DO CONDE	AV BOA VIAGEM	3520	EDF VILA DO CONDE	BOA VIAGEM		CIDADE	ABALROAMENTO LONGITUDINAL	COLISÃO SEM VITIMAS	2									0		Longo da via	Bom	Sem defeito	Perfeito estado	Seca	Perfeito estado	Não existe	Não há placas	""	Única	Faixa seccionada	""	""
8922	2018-10-22T00:00:00	08:16:00	SEM VÍTIMA	FINALIZADA	DERBY	RUA JENER DE SOUZA	""	""	AO LADO DA PRAÇA JENER DE SOUZA // SENTIDO QUATRO CANTOS	RUA JENER DE SOUZA	""	AO LADO DA PRAÇA JENER DE SOUZA // SENTIDO QUATRO CANTOS	DERBY		SUBURBIO	ABALROAMENTO TRANSVERSAL	COLISÃO S/V.	2									0		Longo da via	Bom	Sem defeito	Incompleta	Seca	Perfeito estado	Não existe	"Placas ""Pare"""	""	Dupla	Canteiro central	""	""
8923	2018-10-22T00:00:00	08:18:00	SEM VÍTIMA	FINALIZADA	BAIRRO DO RECIFE	RUA MADRE DEUS	""	""	PAÇO ALFÂNDEGA	RUA MADRE DEUS	""	PAÇO ALFÂNDEGA	BAIRRO DO RECIFE		CID/SUB	ABALROAMENTO LONGITUDINAL	COLISÃO DA SAVEIRO DA CTTU	2									0		Longo da via	Bom	Não existe	Perfeito estado	Seca	Perfeito estado	Outros	Outras	30 km/h	Única	Faixa contínua	""	""
8924	2018-10-22T00:00:00	08:23:00	SEM VÍTIMA	FINALIZADA	AREIAS	AV RECIFE	""	""	APOS O SUPERMERCADO WALMART EM FRENTE AO POSTO DE GASOLINA TOTAL	AV RECIFE	""	APOS O SUPERMERCADO WALMART EM FRENTE AO POSTO DE GASOLINA TOTAL	AREIAS		SUBURBIO	ABALROAMENTO LONGITUDINAL	COLISÃO SEM VITIMAS	1						1			0		Longo da via	Bom	Não existe	Incompleta	Seca	Perfeito estado	Não existe	Outras	60 km/h	Única	Faixa contínua	Faixa seccionada	""
8925	2018-10-22T00:00:00	08:29:00	COM VÍTIMA	FINALIZADA	SAN MARTIN	AV GENERAL SAN MARTIN	1371	""	EM FRENTE A CHESF E AO IPA	AV GENERAL SAN MARTIN	1371	EM FRENTE A CHESF E AO IPA	SAN MARTIN		SUB/CID	ABALROAMENTO TRANSVERSAL	COLISÃO COM VITIMA	1	1								1		Longo da via	Bom	Não existe	Perfeito estado	Seca	Perfeito estado	Não existe	Não há placas	40 km/h	Dupla	faixa	""	""
8926	2018-10-22T00:00:00	08:39:00	SEM VÍTIMA	FINALIZADA	CASA FORTE	RUA EDSON ALVARES	""	RUA DR SAMUEL LINS	PRÓX À PRAÇA CASA FORTE // PRÓX AO HAPVIDA	RUA EDSON ALVARES	""	PRÓX À PRAÇA CASA FORTE // PRÓX AO HAPVIDA	CASA FORTE		SUBURBIO	ABALROAMENTO TRANSVERSAL	COLISÃO ENTRE AUTOS S/V.	2									0		Cruzamento	Bom	Não existe	Perfeito estado	Seca	Perfeito estado	Faixa de retenção	"Placas ""Pare"""	""	Dupla	Faixa seccionada	""	""
8927	2018-10-22T00:00:00	09:20:00	SEM VÍTIMA	FINALIZADA	BOA VIAGEM	RUA ANTONIO FALCAO	1847	RUA DOS NAVEGANTES	ESCOLA ESTADUAL SARGENTO CAMARGO	RUA ANTONIO FALCAO	1847	ESCOLA ESTADUAL SARGENTO CAMARGO	BOA VIAGEM		SUBÚRBIO	ABALROAMENTO TRANSVERSAL	COLISÃO SEM VITIMAS	2									0		Cruzamento	Bom	Não existe	Incompleta	Seca	Perfeito estado	Não existe	"Placas ""Pare"""	""	Única	Não existe	""	""
8928	2018-10-22T00:00:00	09:53:00	SEM VÍTIMA	FINALIZADA	BOA VIAGEM	AV ENGENHEIRO DOMINGOS FERREIRA	""	""	""	AV ENGENHEIRO DOMINGOS FERREIRA	""	""	BOA VIAGEM		SUBURBIO	COLISÃO TRASEIRA	ENTRE CAMINHÕES E VAN S/V.	1	1				1	2		1	0		Longo da via	Bom	Não existe	Perfeito estado	Seca	Perfeito estado	Não existe	Não há placas	""	Única	Faixa seccionada	Canteiro central	""
8929	2018-10-22T00:00:00	10:21:00	SEM VÍTIMA	FINALIZADA	CASA AMARELA	AV NORTE	6838	""	E/F AO COLÉGIO CLOTILDE DE OLIVEIRA, SENTIDO TI MACAXEIRA.	AV NORTE	6838	E/F AO COLÉGIO CLOTILDE DE OLIVEIRA, SENTIDO TI MACAXEIRA.	CASA AMARELA	65	SUBÚRBIO	CHOQUE VEÍCULO PARADO	SEM VÍTIMAS. COLISÃO ENTRE MOTO E VT OFICIAL DA POLICIA CIVIL		1						1		0		Longo da via	Bom	Sem defeito	Perfeito estado	Seca	Perfeito estado	""	Outras	60 km/h	Única	Faixa seccionada	""	""
8930	2018-10-22T00:00:00	10:45:00	SEM VÍTIMA	FINALIZADA	BARRO	RUA PADRE NOBREGA	""	AV DR JOSE RUFINO	E/F A CRECHE ESCOLA PRESIDENTE TANCREDO NEVES	RUA PADRE NOBREGA	""	E/F A CRECHE ESCOLA PRESIDENTE TANCREDO NEVES	BARRO		CIDADE	ABALROAMENTO LONGITUDINAL	SEM VÍTIMAS.	2									0		Cruzamento	Bom	Não existe	Não existente	Seca	Perfeito estado	Não existe	Não há placas	""	Dupla	Faixa seccionada	""	""
8931	2018-10-22T00:00:00	12:08:00	SEM VÍTIMA	FINALIZADA	IMBIRIBEIRA	AV MARECHAL MASCARENHAS DE MORAES	""	""	ANTES DA MEIRA LINS PROX A BRASINOX	AV MARECHAL MASCARENHAS DE MORAES	""	ANTES DA MEIRA LINS PROX A BRASINOX	IMBIRIBEIRA	287	CIDADE	COLISÃO TRASEIRA	COLISA ENTRE DOIS I AUTOS S/V	2									0		Longo da via	Bom	Sem defeito	Perfeito estado	Seca	Perfeito estado	Não existe	Outras	60 km/h	Dupla	Faixa seccionada	Canteiro central	""
8932	2018-10-22T00:00:00	12:40:00	SEM VÍTIMA	FINALIZADA	GRAÇAS	AV GOVERNADOR AGAMENON MAGALHAES	""	RUA DOM BOSCO	EM FRENTE AO COLEGIO AMERICANO BATISTA	AV GOVERNADOR AGAMENON MAGALHAES	""	EM FRENTE AO COLEGIO AMERICANO BATISTA	GRAÇAS	174	OUTROS	ABALROAMENTO LONGITUDINAL	COLISÃO SEM VÍTIMA	1						1			0		Cruzamento	Bom	Sem defeito	Perfeito estado	Seca	Perfeito estado	Faixa de pedestre	Não há placas	60 km/h	Dupla	Canteiro central	""	""
8933	2018-10-22T00:00:00	12:42:00	SEM VÍTIMA	CANCELADA	GRAÇAS	RUA AMELIA	""	RUA DA HORA	E/F AGENCIA DO BRADESCO	RUA AMELIA	""	E/F AGENCIA DO BRADESCO	GRAÇAS		""	COLISÃO	COLISAO ENTRE AUTO E MOTO S/V	1	1								0		""	""	""	""	""	""	""	""	""	""	""	""	""
8934	2018-10-22T00:00:00	12:50:00	SEM VÍTIMA	FINALIZADA	PINA	AV ANTONIO DE GOES	534	""	EM FRENTE A SULAMERICA	AV ANTONIO DE GOES	534	EM FRENTE A SULAMERICA	PINA	538	CIDADE	COLISÃO TRASEIRA	COLISÃO ENTRE DOIS AUTOS	2									0		Longo da via	Bom	Sem defeito	Perfeito estado	Seca	Perfeito estado	Agente	Outras	60 km/h	Única	Faixa seccionada	Canteiro central	""
8935	2018-10-22T00:00:00	13:19:00	SEM VÍTIMA	CANCELADA	AREIAS	AV RECIFE	""	""	E/F AO WALMART	AV RECIFE	""	E/F AO WALMART	AREIAS		CID/SUB	COLISÃO	COLISAO ENTRE VT DA POLICIA E AUTO S/V	3									0		""	""	""	""	""	""	""	""	""	""	""	""	""
8936	2018-10-22T00:00:00	13:21:00	SEM VÍTIMA	FINALIZADA	ROSARINHO	RUA TREZE DE JUNHO	""	RUA SALVADOR DE SA	EM FRENTE AO POSTO BR	RUA TREZE DE JUNHO	""	EM FRENTE AO POSTO BR	ROSARINHO		CIDADE	ABALROAMENTO LONGITUDINAL	DOIS AUTOS S/V	2									0		Outros	Bom	Sem defeito	Perfeito estado	Seca	Perfeito estado	Não existe	Não há placas	""	Única	Não existe	""	""
8937	2018-10-22T00:00:00	14:05:00	SEM VÍTIMA	FINALIZADA	AFOGADOS	RUA SAO MIGUEL	562	RUA OLIMPIO CHACON	EM FRENTE A IGREJA DA FÉ DO BRASIL	RUA SAO MIGUEL	562	EM FRENTE A IGREJA DA FÉ DO BRASIL	AFOGADOS		SUBURBIO	ABALROAMENTO TRANSVERSAL	COLISÃO SEM VÍTIMA	1	1								0		Longo da via	Bom	Não existe	Não existente	Seca	Perfeito estado	Não existe	Não há placas	""	Dupla	Faixa contínua	""	""
8938	2018-10-22T00:00:00	14:18:00	SEM VÍTIMA	FINALIZADA	TEJIPIÓ	AV LIBERDADE	130	""	EM FRENTE A DELEGACIA INTERESTADUAL DE CAPTURAS	AV LIBERDADE	130	EM FRENTE A DELEGACIA INTERESTADUAL DE CAPTURAS	TEJIPIÓ		SUBURBIO	COLISÃO TRASEIRA	COLISÃO SEM VÍTIMA	2									0		Longo da via	Bom	Não existe	Perfeito estado	Seca	Perfeito estado	Não existe	Não há placas	40 km/h	Dupla	Faixa contínua	""	""
8939	2018-10-22T00:00:00	14:30:00	SEM VÍTIMA	FINALIZADA	BONGI	AV ENGENHEIRO ABDIAS DE CARVALHO	2716	""	PROX. AO YOKI, SENTIDO BR, EM FRENTE AO POSTO IPIRANGA	AV ENGENHEIRO ABDIAS DE CARVALHO	2716	PROX. AO YOKI, SENTIDO BR, EM FRENTE AO POSTO IPIRANGA	BONGI		SUBÚRBIO	COLISÃO TRASEIRA	DOIS AUTOS S/V	2									0		Longo da via	Bom	Sem defeito	Ilegível	Seca	Perfeito estado	Não existe	Outras	60 km/h	Única	Não existe	""	""
8940	2018-10-22T00:00:00	14:46:00	SEM VÍTIMA	FINALIZADA	PINA	RUA SAO LUIZ	103	AV ENCANTA MOCA	EM FRENTE A VENDAS DO SERTÃO	RUA SAO LUIZ	103	EM FRENTE A VENDAS DO SERTÃO	PINA		""	COLISÃO	COLISÃO SEM VÍTIMA						1	1			0		""	""	""	""	""	""	""	""	""	""	""	""	""
8941	2018-10-22T00:00:00	14:50:00	SEM VÍTIMA	FINALIZADA	AFOGADOS	AV SUL	""	""	EM FRENTE A ESTAÇAO LARGO DA PAZ, PROX. A POLICLINICA	AV SUL	""	EM FRENTE A ESTAÇAO LARGO DA PAZ, PROX. A POLICLINICA	AFOGADOS		SUB/CID	COLISÃO	DOIS AUTOS S/V	2									0		""	""	""	""	""	""	""	""	""	""	""	""	""
8942	2018-10-22T00:00:00	14:53:00	SEM VÍTIMA	FINALIZADA	IMBIRIBEIRA	AV MARECHAL MASCARENHAS DE MORAES	""	""	EM FRENTE A UPA / SENTIDO AFOGADOS	AV MARECHAL MASCARENHAS DE MORAES	""	EM FRENTE A UPA / SENTIDO AFOGADOS	IMBIRIBEIRA	310	CIDADE	ABALROAMENTO LONGITUDINAL	COLISÃO SEM VÍTIMA	1					1				0		Longo da via	Bom	Sem defeito	Perfeito estado	Seca	Perfeito estado	Não existe	Não há placas	""	Única	Não existe	""	""
8943	2018-10-22T00:00:00	15:06:00	COM VÍTIMA	FINALIZADA	FUNDÃO	AV BEBERIBE	2774	""	EM FRENTE A PRAÇA DO FUNDAO	AV BEBERIBE	2774	EM FRENTE A PRAÇA DO FUNDAO	FUNDÃO		""	COLISÃO	DUAS MOTOS C/V		2								2		""	""	""	""	""	""	""	""	""	""	""	""	""
8944	2018-10-22T00:00:00	15:42:00	SEM VÍTIMA	FINALIZADA	DERBY	AV GOVERNADOR AGAMENON MAGALHAES	""	""	LADO OPOSTO AO HOSPITAL DA RESTAURAÇÃO	AV GOVERNADOR AGAMENON MAGALHAES	""	LADO OPOSTO AO HOSPITAL DA RESTAURAÇÃO	DERBY	174	OLINDA	ABALROAMENTO LONGITUDINAL	DOIS AUTOS S/V	2									0		Longo da via	Bom	""	Perfeito estado	Seca	Perfeito estado	""	""	""	""	""	""	""
8945	2018-10-22T00:00:00	15:43:00	SEM VÍTIMA	FINALIZADA	BOA VIAGEM	AV BOA VIAGEM	2784	""	APOS A PADARIA BOA VIAGEM E/F AO PRIMEIRO QUIOSQUE	AV BOA VIAGEM	2784	APOS A PADARIA BOA VIAGEM E/F AO PRIMEIRO QUIOSQUE	BOA VIAGEM		CIDADE	ABALROAMENTO LONGITUDINAL	""	2									0		Longo da via	Bom	Não existe	Perfeito estado	Seca	Perfeito estado	Não existe	Outras	60 km/h	Única	Faixa seccionada	""	""
8946	2018-10-22T00:00:00	16:02:00	SEM VÍTIMA	FINALIZADA	CASA AMARELA	EST DO ARRAIAL	4200	""	APOS O MERCADO DE CASA AMARELA, SENTIDO APIPUCOS	EST DO ARRAIAL	4200	APOS O MERCADO DE CASA AMARELA, SENTIDO APIPUCOS	CASA AMARELA		SUBURBIO	COLISÃO TRASEIRA	AUTO E CAMINHAO, O AUTO PASSEIO CAPOTOU NA VIA	1						1			0		Longo da via	Bom	Não existe	Perfeito estado	Seca	Perfeito estado	Não existe	Outras	40 km/h	Única	Faixa seccionada	""	""
8947	2018-10-22T00:00:00	16:21:00	SEM VÍTIMA	FINALIZADA	CIDADE UNIVERSITÁRIA	RUA GENERAL POLIDORO	380	""	EM FRENTE AO RESIDENCIAL MARIA ANUNCIADA GOMES	RUA GENERAL POLIDORO	380	EM FRENTE AO RESIDENCIAL MARIA ANUNCIADA GOMES	CIDADE UNIVERSITÁRIA		OUTROS	ABALROAMENTO TRANSVERSAL	COLISÃO SEM VÍTIMA	1	1								0		Longo da via	Bom	Não existe	Não existente	Seca	Perfeito estado	Não existe	Não há placas	""	Dupla	Faixa contínua	""	""
8948	2018-10-22T00:00:00	16:21:00	SEM VÍTIMA	FINALIZADA	JARDIM SÃO PAULO	AV LIBERDADE	""	""	NA ENTRADA DO PLANETA DOS MACACOS E/F A MARCIO CARBURADOR	AV LIBERDADE	""	NA ENTRADA DO PLANETA DOS MACACOS E/F A MARCIO CARBURADOR	JARDIM SÃO PAULO	612	""	COLISÃO	COLISAO ENTRE ONIBUS E AUTO S/V						1	1			0		""	""	""	""	""	""	""	""	""	""	""	""	""
8949	2018-10-22T00:00:00	16:23:00	COM VÍTIMA	FINALIZADA	ENGENHO DO MEIO	RUA ANTONIO CURADO	80	""	EM FRENTE A ACADEMIA AG FITNESS, PROX. AO CLUBE DA SUDENE	RUA ANTONIO CURADO	80	EM FRENTE A ACADEMIA AG FITNESS, PROX. AO CLUBE DA SUDENE	ENGENHO DO MEIO		""	COLISÃO	AUTO E MOTO C/V	1	1								1		""	""	""	""	""	""	""	""	""	""	""	""	""
8950	2018-10-22T00:00:00	16:50:00	COM VÍTIMA	FINALIZADA	TORREÃO	RUA OTHON PARAISO	299	""	EM FRENTE A MORADA GERIATRICA / SENTIDO CAMPO GRANDE	RUA OTHON PARAISO	299	EM FRENTE A MORADA GERIATRICA / SENTIDO CAMPO GRANDE	TORREÃO		""	COLISÃO	COLISÃO COM VÍTIMA	1	1								1		""	""	""	""	""	""	""	""	""	""	""	""	""
8951	2018-10-22T00:00:00	16:51:00	SEM VÍTIMA	FINALIZADA	ESPINHEIRO	RUA QUARENTA E OITO	525	RUA CONS PORTELA	EM FRENTE A FARMACIA PERMANENTE	RUA QUARENTA E OITO	525	EM FRENTE A FARMACIA PERMANENTE	ESPINHEIRO		""	COLISÃO	DOIS AUTOS S/V	2									0		""	""	""	""	""	""	""	""	""	""	""	""	""
8952	2018-10-22T00:00:00	17:45:00	SEM VÍTIMA	FINALIZADA	SANTO AMARO	AV CRUZ CABUGA	""	""	HOSPITAL DO CÂNCER	AV CRUZ CABUGA	""	HOSPITAL DO CÂNCER	SANTO AMARO		CID/SUB	COLISÃO	DOIS AUTOS	2									0		""	""	""	""	""	""	""	""	""	""	""	""	""
8953	2018-10-22T00:00:00	17:49:00	SEM VÍTIMA	FINALIZADA	MADALENA	AV CAXANGA	731	""	E/ AO PLAZA VEICULO PRIMIUM	AV CAXANGA	731	E/ AO PLAZA VEICULO PRIMIUM	MADALENA		CIDADE	COLISÃO TRASEIRA	COLISÃO SEM VÍTIMA	2									0		Longo da via	Bom	Não existe	Perfeito estado	Seca	Perfeito estado	Não existe	Não há placas	60 km/h	Dupla	Canteiro central	""	""
8954	2018-10-22T00:00:00	17:50:00	SEM VÍTIMA	CANCELADA	MADALENA	RUA REAL DA TORRE	842	""	EM FRENTE A ACADEMIA A2 FIT, E A ORTOCLINICA	RUA REAL DA TORRE	842	EM FRENTE A ACADEMIA A2 FIT, E A ORTOCLINICA	MADALENA		""	COLISÃO	DOIS AUTOS S/V	2									0		""	""	""	""	""	""	""	""	""	""	""	""	""
8955	2018-10-22T00:00:00	18:00:00	SEM VÍTIMA	CANCELADA	TORRÕES	AV ENGENHEIRO ABDIAS DE CARVALHO	962	""	EM FRENTE A DISTRIBUIDORA DLP	AV ENGENHEIRO ABDIAS DE CARVALHO	962	EM FRENTE A DISTRIBUIDORA DLP	TORRÕES		SUB/CID	COLISÃO	COLISÃO SEM VÍTIMA	1						1			0		""	""	""	""	""	""	""	""	""	""	""	""	""
8956	2018-10-22T00:00:00	18:23:00	SEM VÍTIMA	FINALIZADA	ILHA DO RETIRO	AV BEIRA RIO	230	""	LADO OPOSTO AO EDF PORTAL DO CAPIBARIBE	AV BEIRA RIO	230	LADO OPOSTO AO EDF PORTAL DO CAPIBARIBE	ILHA DO RETIRO		CIDADE	ABALROAMENTO LONGITUDINAL	VOYAGE X LOGAN	2									0		Longo da via	Bom	Não existe	Perfeito estado	Seca	Perfeito estado	Não existe	Outras	""	Dupla	Não existe	""	""
8957	2018-10-22T00:00:00	18:57:00	SEM VÍTIMA	FINALIZADA	CASA AMARELA	RUA JOAQUIM TEIXEIRA	41	""	NA SUBIDA DO MORRO, RUA A DIREITA	RUA JOAQUIM TEIXEIRA	41	NA SUBIDA DO MORRO, RUA A DIREITA	CASA AMARELA		SUBURBIO	COLISÃO TRASEIRA	COLISÃO SEM VITIMAS	2									0		Longo da via	Bom	Não existe	Perfeito estado	Seca	Perfeito estado	""	""	""	Dupla	""	""	""
8958	2018-10-22T00:00:00	18:56:00	SEM VÍTIMA	CANCELADA	IPSEP	RUA ALVORADA	268	RUA HELIO BRANDAO	PROX A PADARIA PANSEPE	RUA ALVORADA	268	PROX A PADARIA PANSEPE	IPSEP		""	COLISÃO	ONIBUS X PALIO	1					1				0		""	""	""	""	""	""	""	""	""	""	""	""	""
8959	2018-10-22T00:00:00	19:21:00	COM VÍTIMA	FINALIZADA	SANTO AMARO	AV NORTE	""	AV CRUZ CABUGA	SENTIDO PREFEITURA	AV NORTE	""	SENTIDO PREFEITURA	SANTO AMARO		SUB/CID	COLISÃO	COLISAO COM VITIMA	1									1		""	""	""	""	""	""	""	""	""	""	""	""	""
8960	2018-10-22T00:00:00	20:04:00	SEM VÍTIMA	FINALIZADA	PINA	RUA BARAO DE SANTO ANGELO	100	""	ENF. AO LUZEIROS HOTEIS	RUA BARAO DE SANTO ANGELO	100	ENF. AO LUZEIROS HOTEIS	PINA		CIDADE	COLISÃO TRASEIRA	FORD K // ONIX	2									0		Longo da via	Bom	Não existe	Perfeito estado	Seca	Perfeito estado	""	""	""	Única	""	""	""
8961	2018-10-22T00:00:00	20:41:00	COM VÍTIMA	FINALIZADA	CASA AMARELA	AV NORTE	""	COR DO BARTOLOMEU	PROX A FARMACIA PAGUE MENOS	AV NORTE	""	PROX A FARMACIA PAGUE MENOS	CASA AMARELA		CID/SUB	COLISÃO COM CICLISTA	CAMINHAO GUINCHO X CICLISTA				1			1			1		""	""	""	""	""	""	""	""	""	""	""	""	""