_id	DATA	hora	natureza_acidente	situacao	bairro	endereco	numero	detalhe_endereco_acidente	complemento	endereco_cruzamento	numero_cruzamento	referencia_cruzamento	bairro_cruzamento	num_semaforo	sentido_via	tipo	descricao	auto	moto	ciclom	ciclista	pedestre	onibus	caminhao	viatura	outros	vitimas	vitimasfatais	acidente_verificado	tempo_clima	situacao_semaforo	sinalizacao	condicao_via	conservacao_via	ponto_controle	situacao_placa	velocidade_max_via	mao_direcao	divisao_via1	divisao_via2	divisao_via3
8962	2018-10-22T00:00:00	20:56:00	SEM VÍTIMA	FINALIZADA	AFOGADOS	RUA COSME VIANA	""	RUA VINTE E UM DE ABRIL	ANTES DO VIADULTO DA ESTAÇÃO DO METRO	RUA COSME VIANA	""	ANTES DO VIADULTO DA ESTAÇÃO DO METRO	AFOGADOS	334	CIDADE	ABALROAMENTO LONGITUDINAL	COLISÃO SEM VITIMAS	2									0		Cruzamento	Bom	Sem defeito	Perfeito estado	Seca	Perfeito estado	Faixa de pedestre	""	""	Única	""	""	""
8963	2018-10-22T00:00:00	20:54:00	SEM VÍTIMA	FINALIZADA	BOA VIAGEM	RUA DES JOAO PAES	""	RUA CORONEL ANIZIO RODRIGUES COELHO	PROX A UMIERES ESTUDIO	RUA DES JOAO PAES	""	PROX A UMIERES ESTUDIO	BOA VIAGEM		""	ABALROAMENTO TRANSVERSAL	FIESTA X ONIX	2									0		Cruzamento	Bom	Não existe	Perfeito estado	Seca	Perfeito estado	Faixa de pedestre	"Placas ""Pare"""	""	Única	Não existe	""	""
8964	2018-10-22T00:00:00	21:14:00	SEM VÍTIMA	FINALIZADA	BOA VIAGEM	RUA RIBEIRO DE BRITO	""	RUA DOS NAVEGANTES	AO LADO DO HOLIDAY	RUA RIBEIRO DE BRITO	""	AO LADO DO HOLIDAY	BOA VIAGEM		""	COLISÃO	DOIS COROLAS	2									0		""	""	""	""	""	""	""	""	""	""	""	""	""
8965	2018-10-23T00:00:00	07:38:00	SEM VÍTIMA	FINALIZADA	PINA	RUA MANOEL DE BRITO	""	""	POR TRAS DO ESTACIONAMENTO DO CALDINHO NENE EM FRENTE AO CORPOS MOTEL	RUA MANOEL DE BRITO	""	POR TRAS DO ESTACIONAMENTO DO CALDINHO NENE EM FRENTE AO CORPOS MOTEL	PINA		""	COLISÃO	COLISÃO SEM VITIMAS	2									0		""	""	""	""	""	""	""	""	""	""	""	""	""
8966	2018-10-23T00:00:00	07:44:00	SEM VÍTIMA	FINALIZADA	CASA AMARELA	RUA DA HARMONIA	123	RUA COPATANA	EM FRENTE À FARMÁCIA INDEPENDENTE	RUA DA HARMONIA	123	EM FRENTE À FARMÁCIA INDEPENDENTE	CASA AMARELA		""	COLISÃO	COLISÃO S/V.	2									0		""	""	""	""	""	""	""	""	""	""	""	""	""
8967	2018-10-23T00:00:00	07:45:00	""	CANCELADA	BOA VIAGEM	AVENIDA CELSO FURTADO (VIA MANGUE)	""	""	NA DESCIDA DO VIADUTO DA VIA MANGUE EM FRENTE AO RESTAURANTE FESTIVAL DO CAMARÃO	AVENIDA CELSO FURTADO (VIA MANGUE)	""	NA DESCIDA DO VIADUTO DA VIA MANGUE EM FRENTE AO RESTAURANTE FESTIVAL DO CAMARÃO	BOA VIAGEM		PINA	COLISÃO	COLISÃO SEM VITIMAS	2									0		""	""	""	""	""	""	""	""	""	""	""	""	""
8968	2018-10-23T00:00:00	07:47:00	SEM VÍTIMA	FINALIZADA	BOA VIAGEM	AV DOM JOAO VI	""	""	NA ENTRADA DO TÚNEO SENTIDO JABOATÃO DOS GUARARAPES	AV DOM JOAO VI	""	NA ENTRADA DO TÚNEO SENTIDO JABOATÃO DOS GUARARAPES	BOA VIAGEM		""	COLISÃO	SEM VÍTIMAS	2									0		""	""	""	""	""	""	""	""	""	""	""	""	""
8969	2018-10-23T00:00:00	07:47:00	COM VÍTIMA	FINALIZADA	AFOGADOS	RUA VINTE E UM DE ABRIL	1077	""	EM FRENTE A PADARIA IPIRANGA	RUA VINTE E UM DE ABRIL	1077	EM FRENTE A PADARIA IPIRANGA	AFOGADOS		""	COLISÃO COM CICLISTA	VITIMAS AGUARDANDO SAMU		1		1						2		""	""	""	""	""	""	""	""	""	""	""	""	""
8970	2018-10-23T00:00:00	08:07:00	SEM VÍTIMA	FINALIZADA	AFOGADOS	RUA COSME VIANA	1229	""	ESCAN LOCAÇÃO PARA CONSTRUÇÃO.	RUA COSME VIANA	1229	ESCAN LOCAÇÃO PARA CONSTRUÇÃO.	AFOGADOS		""	COLISÃO	SEM VÍTIMAS	2									0		""	""	""	""	""	""	""	""	""	""	""	""	""
8971	2018-10-23T00:00:00	08:09:00	SEM VÍTIMA	FINALIZADA	TAMARINEIRA	EST DO ARRAIAL	2501	""	E/F A GALERIA NOME NÃO INFORMADO.	EST DO ARRAIAL	2501	E/F A GALERIA NOME NÃO INFORMADO.	TAMARINEIRA	421	""	COLISÃO	SEM VÍTIMAS	3									0		""	""	""	""	""	""	""	""	""	""	""	""	""
8972	2018-10-23T00:00:00	08:49:00	SEM VÍTIMA	FINALIZADA	DERBY	RUA GUILHERME PINTO	435	""	EM FRENTE AO EDIFICIO MARIA FERNANDA	RUA GUILHERME PINTO	435	EM FRENTE AO EDIFICIO MARIA FERNANDA	DERBY		""	COLISÃO	COLISÃO SEM VITIMAS VT 02 QTH	2									0		""	""	""	""	""	""	""	""	""	""	""	""	""
8973	2018-10-23T00:00:00	08:55:00	SEM VÍTIMA	FINALIZADA	SANTANA	AV DEZESSETE DE AGOSTO	335	""	""	AV DEZESSETE DE AGOSTO	335	""	SANTANA		""	COLISÃO	COLISÃO ENTRE 3 AUTOS	3									0		""	""	""	""	""	""	""	""	""	""	""	""	""
8974	2018-10-23T00:00:00	09:02:00	SEM VÍTIMA	CANCELADA	CAJUEIRO	AV SEBASTIAO SALAZAR	146	AV BEBERIBE	EM FRENTE A UMA RESIDENCIA DE N-146 PROX AO BAR DA FAVA	AV SEBASTIAO SALAZAR	146	EM FRENTE A UMA RESIDENCIA DE N-146 PROX AO BAR DA FAVA	CAJUEIRO		""	COLISÃO	COLISÃO SEM VITIMAS	1						1			0		""	""	""	""	""	""	""	""	""	""	""	""	""
8975	2018-10-23T00:00:00	10:12:00	SEM VÍTIMA	FINALIZADA	CASA AMARELA	EST DO ENCANAMENTO	""	EST DAS UBAIAS,	EM FRENTE A DROGASIL	EST DO ENCANAMENTO	""	EM FRENTE A DROGASIL	CASA AMARELA	593	""	COLISÃO	COLISÃO SEM VITIMAS	2									0		""	""	""	""	""	""	""	""	""	""	""	""	""
8976	2018-10-23T00:00:00	10:22:00	SEM VÍTIMA	FINALIZADA	IPSEP	RUA JEAN EMILE FAVRE	186	RUA ARQUITETO LUIZ NUNES	EM FRENTE A FACULDADE BOA VIAGEM	RUA JEAN EMILE FAVRE	186	EM FRENTE A FACULDADE BOA VIAGEM	IPSEP	636	""	COLISÃO	COLISÃO SEM VITIMAS	1					1				0		""	""	""	""	""	""	""	""	""	""	""	""	""
8977	2018-10-23T00:00:00	10:29:00	SEM VÍTIMA	FINALIZADA	ESTÂNCIA	AV RECIFE	""	""	AO LADO DO PONTILHÃO	AV RECIFE	""	AO LADO DO PONTILHÃO	ESTÂNCIA		""	COLISÃO	COLISÃO SEM VITIMAS VT 17 QTH	1						1			0		""	""	""	""	""	""	""	""	""	""	""	""	""
8978	2018-10-23T00:00:00	10:35:00	SEM VÍTIMA	FINALIZADA	TORRE	RUA JOSE BONIFACIO	1210	""	AO LADO DO POSTO SHELL EM FRENTE AO SUPERMERCADO CARREFOUR	RUA JOSE BONIFACIO	1210	AO LADO DO POSTO SHELL EM FRENTE AO SUPERMERCADO CARREFOUR	TORRE		""	COLISÃO	COLISÃO SEM VITIMAS	2									0		""	""	""	""	""	""	""	""	""	""	""	""	""
8979	2018-10-23T00:00:00	11:10:00	SEM VÍTIMA	FINALIZADA	AREIAS	AV DR JOSE RUFINO	922	""	E/F A ESCOAL DA HONDA	AV DR JOSE RUFINO	922	E/F A ESCOAL DA HONDA	AREIAS		""	COLISÃO	SEM VÍTIMAS. COLISÃO ENTRE CAMINHÃO DO EXERCITO E UM TÁXI.	1								1	0		""	""	""	""	""	""	""	""	""	""	""	""	""
8980	2018-10-23T00:00:00	11:41:00	COM VÍTIMA	FINALIZADA	BOA VIAGEM	AV BOA VIAGEM	4988	""	EM FRENTE AO EDIFICIO MARIA ANGELA LUCENA	AV BOA VIAGEM	4988	EM FRENTE AO EDIFICIO MARIA ANGELA LUCENA	BOA VIAGEM		""	COLISÃO	COLISÃO COM VITIMA SOCORRIDO PELOS BOMBEIROS	1	1								1		""	""	""	""	""	""	""	""	""	""	""	""	""
8981	2018-10-23T00:00:00	11:49:00	SEM VÍTIMA	FINALIZADA	IPUTINGA	RUA PROFESSOR JULIO OLIVEIRA	160	""	EM FRENTE AO EDIFICIO MARIA VITORIA	RUA PROFESSOR JULIO OLIVEIRA	160	EM FRENTE AO EDIFICIO MARIA VITORIA	IPUTINGA		""	COLISÃO	COLISÃO SEM VITIMAS	1						1			0		""	""	""	""	""	""	""	""	""	""	""	""	""
8982	2018-10-23T00:00:00	12:00:00	SEM VÍTIMA	FINALIZADA	SANTO AMARO	AV NORTE	""	RUA ALFREDO DE CASTRO	NO SEMÁFORO CITADO	AV NORTE	""	NO SEMÁFORO CITADO	SANTO AMARO	665	CID/SUB	COLISÃO	COLISÃO SEM VÍTIMA	1	1								0		""	""	""	""	""	""	""	""	""	""	""	""	""
8983	2018-10-23T00:00:00	12:12:00	SEM VÍTIMA	FINALIZADA	PINA	AV HERCULANO BANDEIRA	""	RUA ARQUITETO AUGUSTO REINALDO	EM FRENTE A MERCEDES BENZ E APOS O ATACADO DA CONSTRUÇÃO	AV HERCULANO BANDEIRA	""	EM FRENTE A MERCEDES BENZ E APOS O ATACADO DA CONSTRUÇÃO	PINA		""	COLISÃO	COLISÃO SEM VÍTIMA	1	1								0		""	""	""	""	""	""	""	""	""	""	""	""	""
8984	2018-10-23T00:00:00	12:24:00	SEM VÍTIMA	FINALIZADA	BRASÍLIA TEIMOSA	AV BRASILIA FORMOSA	94	""	PROXIMO AO BAR DO PEIXE	AV BRASILIA FORMOSA	94	PROXIMO AO BAR DO PEIXE	BRASÍLIA TEIMOSA		""	COLISÃO	COLISÃO SEM VÍTIMA	1	1								0		""	""	""	""	""	""	""	""	""	""	""	""	""
8985	2018-10-23T00:00:00	12:30:00	SEM VÍTIMA	FINALIZADA	BOA VIAGEM	RUA PADRE CARAPUCEIRO	590	AV FERNANDO SIMOES BARBOSA	E/F AO COLEGIO MOTIVO	RUA PADRE CARAPUCEIRO	590	E/F AO COLEGIO MOTIVO	BOA VIAGEM	321	""	COLISÃO	COLISAO ENTRE DOIS AUTOS S/V	2									0		""	""	""	""	""	""	""	""	""	""	""	""	""
8986	2018-10-23T00:00:00	13:00:00	SEM VÍTIMA	FINALIZADA	MADALENA	AV CAXANGA	103	""	APOS O BRADESCO E/F AO EMPRESARIAL TRADE CENTER	AV CAXANGA	103	APOS O BRADESCO E/F AO EMPRESARIAL TRADE CENTER	MADALENA	257	""	COLISÃO	""	2									0		""	""	""	""	""	""	""	""	""	""	""	""	""
8987	2018-10-23T00:00:00	13:20:00	COM VÍTIMA	FINALIZADA	JOANA BEZERRA	AV BEIRA RIO	""	""	E/F AO FORUM JOANA BEZERRA	AV BEIRA RIO	""	E/F AO FORUM JOANA BEZERRA	JOANA BEZERRA		""	COLISÃO	COLISAO ENTRE AMBULANCIA DO BOMBEIRO E MOTO COM VITIMA		1							1	1		""	""	""	""	""	""	""	""	""	""	""	""	""
8988	2018-10-23T00:00:00	14:05:00	SEM VÍTIMA	CANCELADA	JAQUEIRA	RUA TELES JUNIOR	""	""	EM FRENTE A PRAÇA PROFESSOR FLAMING	RUA TELES JUNIOR	""	EM FRENTE A PRAÇA PROFESSOR FLAMING	JAQUEIRA		""	COLISÃO	COLISÃO SEM VÍTIMA	2									0		""	""	""	""	""	""	""	""	""	""	""	""	""
8989	2018-10-23T00:00:00	14:30:00	COM VÍTIMA	FINALIZADA	AFOGADOS	RUA COSME VIANA	""	TRV ESTRADA DO BONGI	E/F A IMBIRIBEIRA VEÍCULOS / PRÓX AO SEMÁFORO 100	RUA COSME VIANA	""	E/F A IMBIRIBEIRA VEÍCULOS / PRÓX AO SEMÁFORO 100	AFOGADOS		""	COLISÃO	COLISÃO CARRO E MOTO COM VÍTIMA	1	1								1		""	""	""	""	""	""	""	""	""	""	""	""	""
8990	2018-10-23T00:00:00	14:37:00	SEM VÍTIMA	FINALIZADA	IPUTINGA	AV CAXANGA	""	""	EM FRENTE AO WALMART	AV CAXANGA	""	EM FRENTE AO WALMART	IPUTINGA	533	CID/SUB	ENGAVETAMENTO	TRES AUTOS S/V	3									0		""	""	""	""	""	""	""	""	""	""	""	""	""
8991	2018-10-23T00:00:00	14:49:00	SEM VÍTIMA	FINALIZADA	IBURA	AV RIO LARGO	""	""	NA LADEIRA DO SOBE E DESCE E/F AO ARMAZEM PROABE	AV RIO LARGO	""	NA LADEIRA DO SOBE E DESCE E/F AO ARMAZEM PROABE	IBURA		""	COLISÃO	COLISAO ENTRE ONIBUS E AUTO S/V						1	1			0		""	""	""	""	""	""	""	""	""	""	""	""	""
8992	2018-10-23T00:00:00	15:59:00	SEM VÍTIMA	FINALIZADA	APIPUCOS	RUA DE APIPUCOS	""	""	EM FRENTE AO POSTO BR, PROX AO AÇUDE	RUA DE APIPUCOS	""	EM FRENTE AO POSTO BR, PROX AO AÇUDE	APIPUCOS	500	""	COLISÃO	""	2									0		""	""	""	""	""	""	""	""	""	""	""	""	""
8993	2018-10-23T00:00:00	16:17:00	SEM VÍTIMA	CANCELADA	BOA VIAGEM	RUA JOSE DA SILVA LUCENA	""	RUA SARGENTO SILVINO DE MACEDO	NA RUA DO COLEGIO GGE E/F AO HOTEL JARDIM DO ALÁ	RUA JOSE DA SILVA LUCENA	""	NA RUA DO COLEGIO GGE E/F AO HOTEL JARDIM DO ALÁ	BOA VIAGEM	273	""	COLISÃO	COLISAO ENTRE DOIS AUTOS S/V	2									0		""	""	""	""	""	""	""	""	""	""	""	""	""
8994	2018-10-23T00:00:00	16:22:00	SEM VÍTIMA	FINALIZADA	SÃO JOSÉ	AV SUL	2000	""	EM FRENTE AO DEPOSITO DE VIDRO	AV SUL	2000	EM FRENTE AO DEPOSITO DE VIDRO	SÃO JOSÉ		""	COLISÃO	COLISÃO SEM VÍTIMA	1						1			0		""	""	""	""	""	""	""	""	""	""	""	""	""
8995	2018-10-23T00:00:00	16:30:00	SEM VÍTIMA	FINALIZADA	AFOGADOS	RUA SAO MIGUEL	1452	""	PROX. AO BODE DO NO, EM FRENTE AO ARMAZEM CORAL	RUA SAO MIGUEL	1452	PROX. AO BODE DO NO, EM FRENTE AO ARMAZEM CORAL	AFOGADOS		""	ENGAVETAMENTO	TRES AUTOS S/V	3									0		""	""	""	""	""	""	""	""	""	""	""	""	""
8996	2018-10-23T00:00:00	16:42:00	SEM VÍTIMA	FINALIZADA	CORDEIRO	AV GENERAL SAN MARTIN	""	""	E/F AO HOSPITAL GETULIO VARGAS	AV GENERAL SAN MARTIN	""	E/F AO HOSPITAL GETULIO VARGAS	CORDEIRO		""	COLISÃO	COLISAO ENTRE DOIS AUTOS S/V	2									0		""	""	""	""	""	""	""	""	""	""	""	""	""
8997	2018-10-23T00:00:00	17:25:00	SEM VÍTIMA	FINALIZADA	SAN MARTIN	RUA DELMIRO GOUVEIA	""	""	NO GIRADOURO DA CHESF ANTES DO CAIXA ELETRONICO S/T CAVALARIA	RUA DELMIRO GOUVEIA	""	NO GIRADOURO DA CHESF ANTES DO CAIXA ELETRONICO S/T CAVALARIA	SAN MARTIN		SUB/CID	COLISÃO	COLISAO ENTRE CAMINHAO E AUTO S/V	1						1			0		""	""	""	""	""	""	""	""	""	""	""	""	""
8998	2018-10-23T00:00:00	17:31:00	SEM VÍTIMA	FINALIZADA	BOA VISTA	AV GOVERNADOR CARLOS DE LIMA CAVALCANTI	""	""	PROXIMO AO COPE	AV GOVERNADOR CARLOS DE LIMA CAVALCANTI	""	PROXIMO AO COPE	BOA VISTA	27	CID/SUB	COLISÃO	AUTO E ONIBUS 	2									0		""	""	""	""	""	""	""	""	""	""	""	""	""
8999	2018-10-23T00:00:00	17:56:00	COM VÍTIMA	FINALIZADA	AREIAS	AV RECIFE	1015	""	LADO OPOSTO À EMLURB	AV RECIFE	1015	LADO OPOSTO À EMLURB	AREIAS		CID/SUB	COLISÃO COM CICLISTA	COLISÃO ENTRE AUTO E CICLISTA	1			1						2		Longo da via	Bom	Não existe	Perfeito estado	Seca	Perfeito estado	Não existe	Outras	""	Dupla	Canteiro central	""	""
9000	2018-10-23T00:00:00	18:19:00	COM VÍTIMA	EQUIPE EM DESLOCAMENTO	IPSEP	RUA JAMAICA	""	RUA ITAJAI	PROX A FBV FACULDADE QUE FICA NA JEAN EMILE FAVRE	RUA JAMAICA	""	PROX A FBV FACULDADE QUE FICA NA JEAN EMILE FAVRE	IPSEP		""	COLISÃO	FOX X MOTO	1	1								1		""	""	""	""	""	""	""	""	""	""	""	""	""
9001	2018-10-23T00:00:00	18:23:00	SEM VÍTIMA	FINALIZADA	DERBY	AV GOVERNADOR AGAMENON MAGALHAES	""	AV GOVERNADOR CARLOS DE LIMA CAVALCANTI	E/F A PRC DO DERBY	AV GOVERNADOR AGAMENON MAGALHAES	""	E/F A PRC DO DERBY	DERBY	75	""	COLISÃO	ENTRE 2 AUTOS. S/V	2									0		""	""	""	""	""	""	""	""	""	""	""	""	""
9002	2018-10-23T00:00:00	18:50:00	SEM VÍTIMA	FINALIZADA	CASA AMARELA	EST DO ARRAIAL	""	RUA BELA VISTA	PROX A PAGUE MENOS E PAROQUIA SAO PAULO	EST DO ARRAIAL	""	PROX A PAGUE MENOS E PAROQUIA SAO PAULO	CASA AMARELA	3380	""	COLISÃO	PEUGEOT X SANDERO X HONDA CIT	3									0		""	""	""	""	""	""	""	""	""	""	""	""	""
9003	2018-10-23T00:00:00	19:40:00	SEM VÍTIMA	CANCELADA	BOA VIAGEM	AV FERNANDO SIMOES BARBOSA	""	RUA ERNESTO DE PAULA SANTOS	PROX A DROGASIL	AV FERNANDO SIMOES BARBOSA	""	PROX A DROGASIL	BOA VIAGEM	329	""	COLISÃO	CORSA RET X FORD K	2									0		""	""	""	""	""	""	""	""	""	""	""	""	""
9004	2018-10-23T00:00:00	20:08:00	SEM VÍTIMA	FINALIZADA	BOA VIAGEM	AV CONSELHEIRO AGUIAR	""	RUA ARTUR MUNIZ	PROXIMIDADES DA MCDONALDAS E EXTRA / AO LADO DO POSTO BR	AV CONSELHEIRO AGUIAR	""	PROXIMIDADES DA MCDONALDAS E EXTRA / AO LADO DO POSTO BR	BOA VIAGEM		""	COLISÃO	ENTRE 2 AUTOS. S/V	2									0		""	""	""	""	""	""	""	""	""	""	""	""	""
9005	2018-10-23T00:00:00	20:43:00	SEM VÍTIMA	FINALIZADA	BOA VIAGEM	RUA PROFESSOR AUGUSTO LINS E SILVA	62	RUA JOAO EUGENIO DE LIMA	PRÓX A PADARIA ALÉM DO PÃO / E AO LADO DO EDF PIAMONT	RUA PROFESSOR AUGUSTO LINS E SILVA	62	PRÓX A PADARIA ALÉM DO PÃO / E AO LADO DO EDF PIAMONT	BOA VIAGEM		""	COLISÃO	ENTRE 2 AUTOS. S/V	2									0		""	""	""	""	""	""	""	""	""	""	""	""	""
9006	2018-10-23T00:00:00	22:15:00	COM VÍTIMA	FINALIZADA	TORRE	RUA REAL DA TORRE	""	""	E/F AO POSTO SHELL, SNT CAXANGÁ / PRÓX AO ATACADO DOS PRESENTES E CARREFOUR	RUA REAL DA TORRE	""	E/F AO POSTO SHELL, SNT CAXANGÁ / PRÓX AO ATACADO DOS PRESENTES E CARREFOUR	TORRE		""	ENGAVETAMENTO	ENTRE 3 AUTOS. C/V	3									1		""	""	""	""	""	""	""	""	""	""	""	""	""
9007	2018-10-24T00:00:00	07:45:00	SEM VÍTIMA	FINALIZADA	IPUTINGA	AV CAXANGA	""	""	E/F A FACIPE	AV CAXANGA	""	E/F A FACIPE	IPUTINGA	231	SUB/CID	COLISÃO	SEM VÍTIMAS. VT 14 NO LOCAL.	2									0		""	""	""	""	""	""	""	""	""	""	""	""	""
9008	2018-10-24T00:00:00	09:36:00	SEM VÍTIMA	FINALIZADA	BOA VIAGEM	RUA SA E SOUZA	""	RUA BARAO DE SOUZA LEAO	EM FRENTE A ESCOLA BRIGADEIRO EDUARDO GOMES	RUA SA E SOUZA	""	EM FRENTE A ESCOLA BRIGADEIRO EDUARDO GOMES	BOA VIAGEM	159	""	COLISÃO	SEM VITIMAS	1						1			0		""	""	""	""	""	""	""	""	""	""	""	""	""
9009	2018-10-24T00:00:00	09:46:00	SEM VÍTIMA	FINALIZADA	ENCRUZILHADA	AV NORTE	""	AV JOAO DE BARROS	EM FRENTE AO BANCO SANTANDER	AV NORTE	""	EM FRENTE AO BANCO SANTANDER	ENCRUZILHADA	43	CID/SUB	COLISÃO	SEM VITIMAS/CTTU NO LOCAL GM	2									0		""	""	""	""	""	""	""	""	""	""	""	""	""
9010	2018-10-24T00:00:00	10:07:00	COM VÍTIMA	FINALIZADA	AFOGADOS	RUA IMPERIAL	2077	""	EM FRENTE A SECRETARIA DA FAZENDA	RUA IMPERIAL	2077	EM FRENTE A SECRETARIA DA FAZENDA	AFOGADOS		CID/SUB	COLISÃO	COLISÃO COM UMA VITIMA AGUARDANDO SAMU	1	1								1		""	""	""	""	""	""	""	""	""	""	""	""	""
9011	2018-10-24T00:00:00	10:26:00	SEM VÍTIMA	FINALIZADA	SANTO AMARO	AV CRUZ CABUGA	""	""	EM FRENTE A HONDA / EM FRENTE A ESTAÇAO DO BRT ARARIPINA	AV CRUZ CABUGA	""	EM FRENTE A HONDA / EM FRENTE A ESTAÇAO DO BRT ARARIPINA	SANTO AMARO		SUB/CID	COLISÃO	ONIBUS E AUTO	1					1				0		""	""	""	""	""	""	""	""	""	""	""	""	""
9012	2018-10-24T00:00:00	10:38:00	SEM VÍTIMA	FINALIZADA	IPUTINGA	RUA MAURICIO DE NASSAU	430	""	COND ABENCOADA POR DEUS	RUA MAURICIO DE NASSAU	430	COND ABENCOADA POR DEUS	IPUTINGA		""	COLISÃO	DOIS AUTOS	2									0		""	""	""	""	""	""	""	""	""	""	""	""	""
9013	2018-10-24T00:00:00	10:46:00	SEM VÍTIMA	FINALIZADA	DERBY	RUA JOAQUIM NABUCO	""	AV GOVERNADOR AGAMENON MAGALHAES	AO LADO DA RESTAURAÇAO	RUA JOAQUIM NABUCO	""	AO LADO DA RESTAURAÇAO	DERBY	174	""	COLISÃO	DOIS AUTOS	2									0		""	""	""	""	""	""	""	""	""	""	""	""	""
9014	2018-10-24T00:00:00	10:55:00	SEM VÍTIMA	FINALIZADA	ARRUDA	RUA ALEGRE	87	""	E/F AO MERCADÃO DO ÓLEO	RUA ALEGRE	87	E/F AO MERCADÃO DO ÓLEO	ARRUDA		""	COLISÃO	SEM VÍTIMAS	1	1								0		""	""	""	""	""	""	""	""	""	""	""	""	""
9015	2018-10-24T00:00:00	10:55:00	COM VÍTIMA	FINALIZADA	ROSARINHO	AV NORTE	3015	""	EM FRENTE A PADARIA ROSARINHO	AV NORTE	3015	EM FRENTE A PADARIA ROSARINHO	ROSARINHO		SUB/CID	COLISÃO COM CICLISTA	VT 31 NO QTH CILISTA E AUTO	1			1						1		""	""	""	""	""	""	""	""	""	""	""	""	""
9016	2018-10-24T00:00:00	10:59:00	SEM VÍTIMA	FINALIZADA	AFOGADOS	RUA IMPERIAL	2077	""	AO LADO DA SECRETARIA DA FAZENDA	RUA IMPERIAL	2077	AO LADO DA SECRETARIA DA FAZENDA	AFOGADOS		""	COLISÃO	COLISÃO SEM VITIMAS	1						1			0		""	""	""	""	""	""	""	""	""	""	""	""	""
9017	2018-10-24T00:00:00	11:09:00	SEM VÍTIMA	FINALIZADA	IPSEP	AV RECIFE	1600	""	EM FRENTE A SAO PAULO VEICULOS / SENT BOA VIAGEM	AV RECIFE	1600	EM FRENTE A SAO PAULO VEICULOS / SENT BOA VIAGEM	IPSEP	212	BOA VIAGEM	COLISÃO	TRES AUTOS	2						1			0		""	""	""	""	""	""	""	""	""	""	""	""	""
9018	2018-10-24T00:00:00	11:15:00	SEM VÍTIMA	FINALIZADA	SANTO AMARO	AV CRUZ CABUGA	""	AV MARIO MELO	EM FRENTE A ASSEMBLEIA DE DEUS	AV CRUZ CABUGA	""	EM FRENTE A ASSEMBLEIA DE DEUS	SANTO AMARO		CID/SUB	COLISÃO	COLISÃO SEM VITIMAS	2									0		""	""	""	""	""	""	""	""	""	""	""	""	""
9019	2018-10-24T00:00:00	11:41:00	SEM VÍTIMA	FINALIZADA	NOVA DESCOBERTA	RUA SANTA TEREZA	375	""	NA ENTRADA DO CORREGO DA BICA EM FRENTE A LANCHONETE CANTINHO DA FATIMA	RUA SANTA TEREZA	375	NA ENTRADA DO CORREGO DA BICA EM FRENTE A LANCHONETE CANTINHO DA FATIMA	NOVA DESCOBERTA		""	COLISÃO	COLISÃO SEM VITIMAS	1						1			0		""	""	""	""	""	""	""	""	""	""	""	""	""
9020	2018-10-24T00:00:00	12:08:00	SEM VÍTIMA	FINALIZADA	IPSEP	AV RECIFE	""	""	PROXIMO AO SEMÁFORO 247/SENTIDO AEROPORTO	AV RECIFE	""	PROXIMO AO SEMÁFORO 247/SENTIDO AEROPORTO	IPSEP	247	""	COLISÃO	COLISÃO SEM VÍTIMA	2									0		""	""	""	""	""	""	""	""	""	""	""	""	""
9021	2018-10-24T00:00:00	12:32:00	COM VÍTIMA	FINALIZADA	BOA VISTA	AV CONDE DA BOA VISTA	""	""	EM CIMA DA PONTE DUARTE COELHO, SENTIDO CENTRO	AV CONDE DA BOA VISTA	""	EM CIMA DA PONTE DUARTE COELHO, SENTIDO CENTRO	BOA VISTA		""	COLISÃO COM CICLISTA	OINIBUS E CICLISTA C/V				1		1				1		""	""	""	""	""	""	""	""	""	""	""	""	""
9022	2018-10-24T00:00:00	13:51:00	SEM VÍTIMA	FINALIZADA	BOA VIAGEM	AV BOA VIAGEM	""	""	EM FRENTE AO PARQUE DONA LINDU, SEMAFORO 001	AV BOA VIAGEM	""	EM FRENTE AO PARQUE DONA LINDU, SEMAFORO 001	BOA VIAGEM	1	""	COLISÃO	DOIS AUTOS S/V	2									0		""	""	""	""	""	""	""	""	""	""	""	""	""
9023	2018-10-24T00:00:00	14:04:00	SEM VÍTIMA	FINALIZADA	BOA VISTA	RUA AURORA	""	""	EM FRENTE AO EDIFICIO CAETÉ	RUA AURORA	""	EM FRENTE AO EDIFICIO CAETÉ	BOA VISTA		""	COLISÃO	COLISÃO SEM VÍTIMA	2									0		""	""	""	""	""	""	""	""	""	""	""	""	""
9024	2018-10-24T00:00:00	14:20:00	SEM VÍTIMA	FINALIZADA	NOVA DESCOBERTA	RUA ALTO DO MARACANA	95	""	NA SUBIDA DO CAMPO DO UNIAO, PROCURAR O ALTO DO MERERE, QUANDO CHEGAR NO MERERE, PROCURAR A BARRACA DE DONA SONIA E OTAVIO DA GAIOLA	RUA ALTO DO MARACANA	95	NA SUBIDA DO CAMPO DO UNIAO, PROCURAR O ALTO DO MERERE, QUANDO CHEGAR NO MERERE, PROCURAR A BARRACA DE DONA SONIA E OTAVIO DA GAIOLA	NOVA DESCOBERTA		""	COLISÃO	COLISÃO SEM VÍTIMA		2								0		""	""	""	""	""	""	""	""	""	""	""	""	""
9025	2018-10-24T00:00:00	14:23:00	SEM VÍTIMA	FINALIZADA	SANTO AMARO	AV MARIO MELO	""	""	EM FRENTE A ESCOLA SYLVIO RABELLO	AV MARIO MELO	""	EM FRENTE A ESCOLA SYLVIO RABELLO	SANTO AMARO		""	COLISÃO	DOIS AUTOS S/V	2									0		""	""	""	""	""	""	""	""	""	""	""	""	""