_id	DATA	hora	natureza_acidente	situacao	bairro	endereco	numero	detalhe_endereco_acidente	complemento	endereco_cruzamento	numero_cruzamento	referencia_cruzamento	bairro_cruzamento	num_semaforo	sentido_via	tipo	descricao	auto	moto	ciclom	ciclista	pedestre	onibus	caminhao	viatura	outros	vitimas	vitimasfatais	acidente_verificado	tempo_clima	situacao_semaforo	sinalizacao	condicao_via	conservacao_via	ponto_controle	situacao_placa	velocidade_max_via	mao_direcao	divisao_via1	divisao_via2	divisao_via3
9026	2018-10-24T00:00:00	14:45:00	SEM VÍTIMA	FINALIZADA	JARDIM SÃO PAULO	AV RECIFE	""	""	EM FRENTE AO POSTO BR	AV RECIFE	""	EM FRENTE AO POSTO BR	JARDIM SÃO PAULO		""	COLISÃO	COLISÃO SEM VÍTIMA										0		""	""	""	""	""	""	""	""	""	""	""	""	""
9027	2018-10-24T00:00:00	15:56:00	SEM VÍTIMA	FINALIZADA	BOA VIAGEM	RUA ALDEMAR DA COSTA ALMEIDA	140	RUA BELMONTE	AO LADO DA CHURRASCARIA DOIS IRMÃOS	RUA ALDEMAR DA COSTA ALMEIDA	140	AO LADO DA CHURRASCARIA DOIS IRMÃOS	BOA VIAGEM		""	COLISÃO	COLISÃO SEM VÍTIMA	1					1				0		""	""	""	""	""	""	""	""	""	""	""	""	""
9028	2018-10-24T00:00:00	16:04:00	SEM VÍTIMA	FINALIZADA	BAIRRO DO RECIFE	PTE CONDE MAURICIO DE NASSAU	""	""	REF: SOB O SEMÁFORO 165	PTE CONDE MAURICIO DE NASSAU	""	REF: SOB O SEMÁFORO 165	BAIRRO DO RECIFE		""	COLISÃO	DOIS AUTO PASSEIO	2									0		""	""	""	""	""	""	""	""	""	""	""	""	""
9029	2018-10-24T00:00:00	16:17:00	SEM VÍTIMA	FINALIZADA	TORRE	RUA REAL DA TORRE	360	""	EM FRENTE A IGREJA PRESBITERIANA DA MADALENA	RUA REAL DA TORRE	360	EM FRENTE A IGREJA PRESBITERIANA DA MADALENA	TORRE		""	COLISÃO	COLISÃO SEM VÍTIMA	2									0		""	""	""	""	""	""	""	""	""	""	""	""	""
9030	2018-10-24T00:00:00	16:42:00	SEM VÍTIMA	FINALIZADA	MADALENA	AV VISCONDE DE ALBUQUERQUE	""	""	EM FRENTE AO BOMPREÇO	AV VISCONDE DE ALBUQUERQUE	""	EM FRENTE AO BOMPREÇO	MADALENA		""	ENGAVETAMENTO	SEM VÍTIMA	4									0		""	""	""	""	""	""	""	""	""	""	""	""	""
9031	2018-10-24T00:00:00	16:57:00	SEM VÍTIMA	FINALIZADA	SANTO AMARO	RUA ODORICO MENDES	""	AV GOVERNADOR AGAMENON MAGALHAES	AO LADO DO IC/ SENTIDO CAMPO GRANDE	RUA ODORICO MENDES	""	AO LADO DO IC/ SENTIDO CAMPO GRANDE	SANTO AMARO		""	COLISÃO	COLISÃO SEM VÍTIMA	2									0		""	""	""	""	""	""	""	""	""	""	""	""	""
9032	2018-10-24T00:00:00	17:12:00	SEM VÍTIMA	FINALIZADA	TORREÃO	AV NORTE	""	""	EM FRENTE A PRAÇA DA PICANHA	AV NORTE	""	EM FRENTE A PRAÇA DA PICANHA	TORREÃO		SUB/CID	COLISÃO	COLISÃO SEM VÍTIMA	2									0		""	""	""	""	""	""	""	""	""	""	""	""	""
9033	2018-10-24T00:00:00	17:28:00	SEM VÍTIMA	FINALIZADA	BAIRRO DO RECIFE	AV ALFREDO LISBOA	""	""	EM FRENTE AO RESTAURANTE SEU BOTECO	AV ALFREDO LISBOA	""	EM FRENTE AO RESTAURANTE SEU BOTECO	BAIRRO DO RECIFE		""	COLISÃO	COLISÃO SEM VÍTIMA	2									0		""	""	""	""	""	""	""	""	""	""	""	""	""
9034	2018-10-24T00:00:00	18:05:00	SEM VÍTIMA	FINALIZADA	GRAÇAS	RUA SOUZA DE ANDRADE	50	RUA ABELARDO	PROX A ESCOLA MARISTA SAO LUIZ	RUA SOUZA DE ANDRADE	50	PROX A ESCOLA MARISTA SAO LUIZ	GRAÇAS		""	COLISÃO	MOTO X NISSAN MARCH	1	1								0		""	""	""	""	""	""	""	""	""	""	""	""	""
9035	2018-10-24T00:00:00	18:17:00	SEM VÍTIMA	FINALIZADA	BAIRRO DO RECIFE	RUA MADRE DEUS	""	CAIS DA ALFANDEGA	ANTES DA PONTE GIRATORIA	RUA MADRE DEUS	""	ANTES DA PONTE GIRATORIA	BAIRRO DO RECIFE		""	COLISÃO	CAMINHAO X AUTO OBS:: CLEBER JUNIOR X EMANUEL LUIZ AG DA CTTU NO LOCAL	1						1			0		""	""	""	""	""	""	""	""	""	""	""	""	""
9036	2018-10-24T00:00:00	19:36:00	SEM VÍTIMA	FINALIZADA	TOTÓ	RUA ONZE DE AGOSTO	635	RUA NELSON DE SENA	PROX AO CENTRO DE SAUDE BIDU KRAUSE	RUA ONZE DE AGOSTO	635	PROX AO CENTRO DE SAUDE BIDU KRAUSE	TOTÓ		""	COLISÃO	MOTO X GOL	1	1								0		""	""	""	""	""	""	""	""	""	""	""	""	""
9037	2018-10-24T00:00:00	19:50:00	SEM VÍTIMA	FINALIZADA	APIPUCOS	RUA DE APIPUCOS	""	RUA MANDACARU	PROX AO POSTO BR NO FINAL DA MANDACARU	RUA DE APIPUCOS	""	PROX AO POSTO BR NO FINAL DA MANDACARU	APIPUCOS	500	""	COLISÃO	CAMINHAO CAÇAMBA X NISSAN	1						1			0		""	""	""	""	""	""	""	""	""	""	""	""	""
9038	2018-10-24T00:00:00	20:00:00	SEM VÍTIMA	FINALIZADA	TOTÓ	AV LIBERDADE	""	RUA JUVENCIO MARQUES DA CUNHA	E/F AO MERCADO SUPERBOM E FARMACENTER / APÓS O ESPETINHO ENTRE AMIGOS	AV LIBERDADE	""	E/F AO MERCADO SUPERBOM E FARMACENTER / APÓS O ESPETINHO ENTRE AMIGOS	TOTÓ	440	""	COLISÃO	ENTRE AUTO E MOTO. S/V	1	1								0		""	""	""	""	""	""	""	""	""	""	""	""	""
9039	2018-10-24T00:00:00	20:33:00	COM VÍTIMA	CANCELADA	CORDEIRO	AV GENERAL SAN MARTIN	""	""	E/F A COMPAZ E FUNASE , SNT CORDEIRO	AV GENERAL SAN MARTIN	""	E/F A COMPAZ E FUNASE , SNT CORDEIRO	CORDEIRO		""	COLISÃO	ENTRE AUTO E MOTO. C/V	1	1								1		""	""	""	""	""	""	""	""	""	""	""	""	""
9040	2018-10-24T00:00:00	21:08:00	SEM VÍTIMA	FINALIZADA	SÃO JOSÉ	AV SUL	""	""	POR BAIXO DO VIADUTO SÃO JOSÉ / E/F AO POSTO BR, SNT MARCO ZERO	AV SUL	""	POR BAIXO DO VIADUTO SÃO JOSÉ / E/F AO POSTO BR, SNT MARCO ZERO	SÃO JOSÉ		""	COLISÃO	ENTRE AUTO E MOTO. S/V	1	1								0		""	""	""	""	""	""	""	""	""	""	""	""	""
9041	2018-10-24T00:00:00	21:21:00	COM VÍTIMA	FINALIZADA	CABANGA	VIADUTO CAPITAO TEMUDO	""	VIADUTO CAPITAO TEMUDO	EM FRENTE AO FORUM JOANA BEZERRA	VIADUTO CAPITAO TEMUDO	""	EM FRENTE AO FORUM JOANA BEZERRA	CABANGA		""	ATROPELAMENTO	AUTO	1				1					1		""	""	""	""	""	""	""	""	""	""	""	""	""
9042	2018-10-24T00:00:00	21:49:00	COM VÍTIMA	FINALIZADA	SAN MARTIN	RUA VINTE E UM DE ABRIL	2155	""	PROXIMIDADES DA COBAL / E/F A DSF DA SUCATA	RUA VINTE E UM DE ABRIL	2155	PROXIMIDADES DA COBAL / E/F A DSF DA SUCATA	SAN MARTIN		""	ATROPELAMENTO	ENTRE MOTO X PEDESTRE		1			1					1		Longo da via	Bom	Não existe	Perfeito estado	Seca	Perfeito estado	""	""	""	Dupla	FAIXA	""	""
9043	2018-10-25T00:00:00	06:12:00	SEM VÍTIMA	FINALIZADA	MADALENA	AV BEIRA RIO	1651	RUA JOSE OSORIO	EDF SAINT PAUL	AV BEIRA RIO	1651	EDF SAINT PAUL	MADALENA	387	CIDADE	ABALROAMENTO TRANSVERSAL	COLISÃO ENTRE AUTOS S/V.	2									0		Cruzamento	Bom	Sem defeito	Perfeito estado	Seca	Perfeito estado	Faixa de pedestre	Outras	40 km/h	Dupla	Faixa contínua	""	""
9044	2018-10-25T00:00:00	06:27:00	COM VÍTIMA	CANCELADA	TORRÕES	AV ENGENHEIRO ABDIAS DE CARVALHO	""	""	PRÓX AO POSTO LUPP II	AV ENGENHEIRO ABDIAS DE CARVALHO	""	PRÓX AO POSTO LUPP II	TORRÕES		CID/SUB	COLISÃO	COLISÃO C/V.	2	1								1		""	""	""	""	""	""	""	""	""	""	""	""	""
9045	2018-10-25T00:00:00	07:37:00	SEM VÍTIMA	FINALIZADA	BOA VIAGEM	RUA DHALIA	1336	RUA FRANCISCO DA CUNHA	EDF TAUÁ	RUA DHALIA	1336	EDF TAUÁ	BOA VIAGEM		CIDADE	ABALROAMENTO TRANSVERSAL	DOIS AUTOS	2									0		Cruzamento	Bom	Não existe	Incompleta	Seca	Mal conservada	Não existe	"Placas ""Pare"""	""	Única	Não existe	""	""
9046	2018-10-25T00:00:00	07:59:00	SEM VÍTIMA	FINALIZADA	BOA VIAGEM	AV BOA VIAGEM	5576	""	PRÓX AO HOTEL GOLDEN PARK	AV BOA VIAGEM	5576	PRÓX AO HOTEL GOLDEN PARK	BOA VIAGEM	148	CIDADE	COLISÃO TRASEIRA	SEM VÍTIMAS	3									0		Longo da via	Bom	Sem defeito	Perfeito estado	Seca	Perfeito estado	Não existe	Outras	40 km/h	Única	Faixa seccionada	""	""
9047	2018-10-25T00:00:00	08:54:00	SEM VÍTIMA	CANCELADA	BOA VIAGEM	AVENIDA CELSO FURTADO (VIA MANGUE)	""	""	VIA LESTE ,NA ALTURA DA ENTRADA DO TERRENO DA MARINHA	AVENIDA CELSO FURTADO (VIA MANGUE)	""	VIA LESTE ,NA ALTURA DA ENTRADA DO TERRENO DA MARINHA	BOA VIAGEM		SUB/CID	COLISÃO	SEM VITIMAS	2									0		""	""	""	""	""	""	""	""	""	""	""	""	""
9048	2018-10-25T00:00:00	09:13:00	SEM VÍTIMA	CANCELADA	BOA VISTA	AV LINS PETIT	419	RUA GENERAL JOAQUIM INACIO	PRÓX. AO ESPAÇO VIDA SAUDÁVEL	AV LINS PETIT	419	PRÓX. AO ESPAÇO VIDA SAUDÁVEL	BOA VISTA		""	COLISÃO	COLISÃO ENTRE AUTOS S/V.	2									0		""	""	""	""	""	""	""	""	""	""	""	""	""
9049	2018-10-25T00:00:00	09:34:00	SEM VÍTIMA	CANCELADA	CASA AMARELA	RUA CONS PERETTI	144	RUA VISCONDE DE TAUNAY	RUA QUE DÁ ACESSO A GALERIA CASA AMARELA	RUA CONS PERETTI	144	RUA QUE DÁ ACESSO A GALERIA CASA AMARELA	CASA AMARELA		CID/SUB	COLISÃO	SEM VITIMAS	1					1				0		""	""	""	""	""	""	""	""	""	""	""	""	""
9050	2018-10-25T00:00:00	09:36:00	SEM VÍTIMA	FINALIZADA	IPUTINGA	RUA MAURICIO DE NASSAU	""	RUA ENGENHEIRO MOACYR PARAHYBA	SENT DETRAN / PROX AO HOSPITAL ALTINO VENTURA	RUA MAURICIO DE NASSAU	""	SENT DETRAN / PROX AO HOSPITAL ALTINO VENTURA	IPUTINGA		SUBURBIO	ABALROAMENTO TRANSVERSAL	AUTO PASSEIO E CAMINHAO DE PEQUENO PORTE	1						1			0		Cruzamento	Bom	Não existe	Perfeito estado	Seca	Perfeito estado	Não existe	Outras	""	Dupla	Faixa contínua	""	""
9051	2018-10-25T00:00:00	09:41:00	SEM VÍTIMA	FINALIZADA	IPUTINGA	RUA EMILIANO BRAGA	163	AV PROFESSOR MORAES REGO	PRÓX. AO PARAIBANO'S BAR	RUA EMILIANO BRAGA	163	PRÓX. AO PARAIBANO'S BAR	IPUTINGA		SUBURBIO	ABALROAMENTO TRANSVERSAL	COLISÃO ENTRE AUTOS S/V.	2									0		Longo da via	Bom	Não existe	Não existente	Seca	Perfeito estado	Não existe	Não há placas	""	Única	Não existe	""	""
9052	2018-10-25T00:00:00	10:25:00	COM VÍTIMA	FINALIZADA	CAXANGÁ	AV CAXANGA	""	""	EM FRENTE AO TERMINAL INTEGRADO DA CAXANGÁ	AV CAXANGA	""	EM FRENTE AO TERMINAL INTEGRADO DA CAXANGÁ	CAXANGÁ	262	CID/SUB	ATROPELAMENTO	""		1			1					1		Longo da via	Bom	Sem defeito	Perfeito estado	Seca	Perfeito estado	Faixa de pedestre	Outras	""	Dupla	Canteiro central	""	""
9053	2018-10-25T00:00:00	10:55:00	COM VÍTIMA	FINALIZADA	ENCRUZILHADA	RUA AMARO COUTINHO	255	RUA FERNANDO CESAR	PROX A ESQUINA GRILL / EM FRENTE A DONA COMEDORIA / PRAÇA DOS CAMINHONEIROS	RUA AMARO COUTINHO	255	PROX A ESQUINA GRILL / EM FRENTE A DONA COMEDORIA / PRAÇA DOS CAMINHONEIROS	ENCRUZILHADA		SUB/CID	ABALROAMENTO TRANSVERSAL	AUTO E MOTO	1	1								1		Longo da via	Bom	Não existe	Perfeito estado	Seca	Perfeito estado	Não existe	"Placas ""Pare"""	30 km/h	Dupla	Não existe	""	""
9054	2018-10-25T00:00:00	11:19:00	SEM VÍTIMA	FINALIZADA	ILHA DO LEITE	RUA DR JOAO ASFORA	4771	AV GOVERNADOR AGAMENON MAGALHAES	CAIXA ECONÔMICA FEDERAL	RUA DR JOAO ASFORA	4771	CAIXA ECONÔMICA FEDERAL	ILHA DO LEITE		CIDADE	ABALROAMENTO LONGITUDINAL	SEM VITIMAS	1						1			0		Longo da via	Bom	Não existe	Perfeito estado	Seca	Perfeito estado	Outros	Outras	""	Única	Faixa seccionada	""	""
9055	2018-10-25T00:00:00	11:54:00	COM VÍTIMA	FINALIZADA	ESPINHEIRO	AV NORTE	""	""	EM FRENTE AO CENTRO DA JUVENTUDE	AV NORTE	""	EM FRENTE AO CENTRO DA JUVENTUDE	ESPINHEIRO		SUB/CID	COLISÃO COM CICLISTA	VEÍCULO COLIDIU COM BICICLETA	1			1						1		Longo da via	Bom	Com defeito	Perfeito estado	Seca	Perfeito estado	Não existe	R6A e R6B	""	Dupla	Canteiro central	""	""
9056	2018-10-25T00:00:00	11:54:00	SEM VÍTIMA	CANCELADA	ESPINHEIRO	RUA DA HORA	1406	AV JOAO DE BARROS	ENFRENTE AO POSTO SHELL	RUA DA HORA	1406	ENFRENTE AO POSTO SHELL	ESPINHEIRO		CID/SUB	COLISÃO	COLISÃO SEM VITIMAS	2									0		""	""	""	""	""	""	""	""	""	""	""	""	""
9057	2018-10-25T00:00:00	12:01:00	SEM VÍTIMA	FINALIZADA	BOA VISTA	RUA AURORA	""	""	AO LADO DO CINEMA SAO LUIZ	RUA AURORA	""	AO LADO DO CINEMA SAO LUIZ	BOA VISTA	162	OUTRO	ABALROAMENTO LONGITUDINAL	COLISAO ENTRE AUTO E MOTO S/V	1	1								0		Longo da via	Bom	Sem defeito	Perfeito estado	Seca	Perfeito estado	Agente	Outras	40 km/h	Única	Faixa contínua	""	""
9058	2018-10-25T00:00:00	12:08:00	SEM VÍTIMA	CANCELADA	AFOGADOS	RUA COSME VIANA	150	RUA PIRAIBA	ANTES DO POSTO SETTA	RUA COSME VIANA	150	ANTES DO POSTO SETTA	AFOGADOS		CID/SUB	COLISÃO	COLISAO ENTRE DOIS AUTOS S/V	2									0		""	""	""	""	""	""	""	""	""	""	""	""	""
9059	2018-10-25T00:00:00	12:13:00	SEM VÍTIMA	FINALIZADA	BAIRRO DO RECIFE	AV ALFREDO LISBOA	18	""	ENFRENTE A CAIXA CULTURAL	AV ALFREDO LISBOA	18	ENFRENTE A CAIXA CULTURAL	BAIRRO DO RECIFE		OUTRO	ABALROAMENTO LONGITUDINAL	COLISÃO SEM VITIMAS	2									0		Longo da via	Bom	Não existe	Perfeito estado	Seca	Perfeito estado	Faixa de pedestre	Outras	""	Única	Faixa seccionada	""	""
9060	2018-10-25T00:00:00	12:30:00	COM VÍTIMA	FINALIZADA	BOA VIAGEM	RUA VISCONDE DE JEQUITINHONHA	1656	RUA PROFESSOR MARIO CASTRO	""	RUA VISCONDE DE JEQUITINHONHA	1656	""	BOA VIAGEM	158	SUB/CID	ABALROAMENTO LONGITUDINAL	COLISAO ENTRE AUTO E MOTO COM DUAS VITIMAS	1	1								2		Longo da via	Bom	Sem defeito	Perfeito estado	Seca	Perfeito estado	Faixa de pedestre	R-19	60 km/h	Única	CANAL	""	""
9061	2018-10-25T00:00:00	12:37:00	""	CANCELADA	ARRUDA	EST VELHA DE AGUA FRIA	""	AV PROFESSOR JOSE DOS ANJOS	DNOCS	EST VELHA DE AGUA FRIA	""	DNOCS	ARRUDA		""	COLISÃO	COLISÃO COM VITIMA	1	1								0		""	""	""	""	""	""	""	""	""	""	""	""	""
9062	2018-10-25T00:00:00	12:41:00	SEM VÍTIMA	FINALIZADA	ARRUDA	AV PROFESSOR JOSE DOS ANJOS	306	RUA CONEGO BARATA	""	AV PROFESSOR JOSE DOS ANJOS	306	""	ARRUDA	306	SUBURBIO	COLISÃO TRASEIRA	COLISAO ENTRE AUTO E MOTO OFICIAL	1	1								0		Longo da via	Bom	Sem defeito	Perfeito estado	Seca	Perfeito estado	Faixa de pedestre	Outras	""	Única	Faixa contínua	""	""
9063	2018-10-25T00:00:00	13:35:00	SEM VÍTIMA	CANCELADA	CASA AMARELA	RUA PADRE LEMOS	58	""	E/F AO ATACAREJO	RUA PADRE LEMOS	58	E/F AO ATACAREJO	CASA AMARELA		""	COLISÃO	COLISAO ENTRE AUTO E CAMINHAO S/V	1						1			0		""	""	""	""	""	""	""	""	""	""	""	""	""
9064	2018-10-25T00:00:00	13:39:00	SEM VÍTIMA	FINALIZADA	CASA AMARELA	EST DO ARRAIAL	3460	RUA DA HARMONIA	NA FRENTE DO INSS, PROX. A IGREJA DA HARMONIA	EST DO ARRAIAL	3460	NA FRENTE DO INSS, PROX. A IGREJA DA HARMONIA	CASA AMARELA		SUBURBIO	COLISÃO TRASEIRA	COLISÃO SEM VITIMAS	1					1				0		Longo da via	Bom	Não existe	Perfeito estado	Seca	Perfeito estado	Não existe	Não há placas	40 km/h	Única	Faixa seccionada	""	""
9065	2018-10-25T00:00:00	13:59:00	SEM VÍTIMA	FINALIZADA	BOA VIAGEM	RUA ANTONIO PASSOS	""	RUA CAPITAO ZUZINHA	EM RENTE AO COLEGIO ELO	RUA ANTONIO PASSOS	""	EM RENTE AO COLEGIO ELO	BOA VIAGEM		CIDADE	CHOQUE VEÍCULO PARADO	DOIS AUTOS S/V	2									0		Longo da via	Bom	Não existe	Não existente	Seca	Perfeito estado	Não existe	Não há placas	""	Dupla	Não existe	""	""
9066	2018-10-25T00:00:00	14:03:00	COM VÍTIMA	CANCELADA	SANTO AMARO	RUA COELHO LEITE	""	""	E/F AO ALMOXARIFADO DA SDS	RUA COELHO LEITE	""	E/F AO ALMOXARIFADO DA SDS	SANTO AMARO		""	COLISÃO	COLISAO ENTRE AUTO E MOTO COM VITIMA	1	1								1		""	""	""	""	""	""	""	""	""	""	""	""	""
9067	2018-10-25T00:00:00	14:03:00	SEM VÍTIMA	FINALIZADA	IMBIRIBEIRA	AV MARECHAL MASCARENHAS DE MORAES	""	""	VIADULTO DO AEROPORTO	AV MARECHAL MASCARENHAS DE MORAES	""	VIADULTO DO AEROPORTO	IMBIRIBEIRA		SUBURBIO	ABALROAMENTO LONGITUDINAL	""	1					1				0		Outros	Bom	Não existe	Perfeito estado	Seca	Perfeito estado	Não existe	Não há placas	""	Única	Faixa seccionada	""	""
9068	2018-10-25T00:00:00	14:06:00	SEM VÍTIMA	FINALIZADA	SÃO JOSÉ	RUA IMPERIAL	""	TRV DO RAPOSO	EM FRENTE CM	RUA IMPERIAL	""	EM FRENTE CM	SÃO JOSÉ	510	SUBURBIO	ABALROAMENTO TRANSVERSAL	DOIS AUTOS S/V	2									0		Cruzamento	Bom	Sem defeito	Perfeito estado	Seca	Perfeito estado	Não existe	Não há placas	40 km/h	Única	Não existe	""	""
9069	2018-10-25T00:00:00	14:32:00	SEM VÍTIMA	FINALIZADA	TORRÕES	RUA DELMIRO GOUVEIA	""	AV ENGENHEIRO ABDIAS DE CARVALHO	YOKI GALETOS	RUA DELMIRO GOUVEIA	""	YOKI GALETOS	TORRÕES		OUTRO	ABALROAMENTO LONGITUDINAL	COLISÃO SEM VITIMA	1						1			0		Longo da via	Bom	Não existe	Não existente	Seca	Perfeito estado	Não existe	Não há placas	""	Única	Não existe	""	""
9070	2018-10-25T00:00:00	15:49:00	SEM VÍTIMA	FINALIZADA	GRAÇAS	RUA DO FUTURO	821	RUA JOSE CLEMENTINO	E/F ARCÁDIA RECEPÇOES	RUA DO FUTURO	821	E/F ARCÁDIA RECEPÇOES	GRAÇAS		CIDADE	ABALROAMENTO LONGITUDINAL	COLISAO ENTRE DOIS AUTOS S/V	2									0		Longo da via	Bom	Não existe	Perfeito estado	Seca	Perfeito estado	Não existe	Outras	""	Única	Faixa seccionada	""	""
9071	2018-10-25T00:00:00	17:02:00	SEM VÍTIMA	FINALIZADA	IMBIRIBEIRA	AV MARECHAL MASCARENHAS DE MORAES	""	""	EM FRENTE AO POSTO IPIRANGA	AV MARECHAL MASCARENHAS DE MORAES	""	EM FRENTE AO POSTO IPIRANGA	IMBIRIBEIRA		CIDADE	COLISÃO TRASEIRA	""	2									0		Longo da via	Bom	Não existe	Perfeito estado	Seca	Perfeito estado	Não existe	Outras	60 km/h	Dupla	Canteiro central	""	""
9072	2018-10-25T00:00:00	17:30:00	COM VÍTIMA	FINALIZADA	BOA VIAGEM	AV BOA VIAGEM	4820	RUA CORONEL SERGIO HENRIQUE CARDIM	EM FRENTE AO EDIFÍCIO BELLA VISTA	AV BOA VIAGEM	4820	EM FRENTE AO EDIFÍCIO BELLA VISTA	BOA VIAGEM	4	SUB/CID	ABALROAMENTO LONGITUDINAL	COLISÃO COM VITIMA. MOTOCICLISTA AO SOLO , OUTRA PARTE SEGUIU DESTINO IGNORADO	1	1								1		Longo da via	Bom	Não existe	Perfeito estado	Seca	Perfeito estado	Não existe	Não há placas	60 km/h	Única	FAIXA	""	""
9073	2018-10-25T00:00:00	17:46:00	SEM VÍTIMA	CANCELADA	DERBY	RUA DR SEVERINO PINHEIRO	""	""	AO LADO DO QUARTEL DA PMPE	RUA DR SEVERINO PINHEIRO	""	AO LADO DO QUARTEL DA PMPE	DERBY		""	COLISÃO	COLISÃO SEM VITIMAS	2									0		""	""	""	""	""	""	""	""	""	""	""	""	""
9074	2018-10-25T00:00:00	18:01:00	SEM VÍTIMA	FINALIZADA	MADALENA	PRC DA BANDEIRA	""	""	PRÓXIMO AO SPORT CLUBE SENTIDO BR	PRC DA BANDEIRA	""	PRÓXIMO AO SPORT CLUBE SENTIDO BR	MADALENA		SUBURBIO	ABALROAMENTO LONGITUDINAL	""	1					1				0		Longo da via	Bom	Não existe	Não existente	Seca	Perfeito estado	Não existe	Outras	""	Única	""	""	""
9075	2018-10-25T00:00:00	18:02:00	COM VÍTIMA	FINALIZADA	TAMARINEIRA	AV NORTE	4014	RUA MARIO BHERING	PROX AGILIZE PROX AO ANTIGO HOTEL VIA NORTE	AV NORTE	4014	PROX AGILIZE PROX AO ANTIGO HOTEL VIA NORTE	TAMARINEIRA		CID/SUB	COLISÃO COM CICLISTA	ONIBUS PEDROSA X CICLISTA				1		1				1		Longo da via	Bom	Não existe	Perfeito estado	Seca	Perfeito estado	Não existe	Não há placas	60 km/h	Dupla	FAIXA	""	""
9076	2018-10-25T00:00:00	18:17:00	SEM VÍTIMA	FINALIZADA	BAIRRO DO RECIFE	RUA PRINCESA IZABEL	105	RUA DA UNIAO	EM FRENTE AO MB LANCHES	RUA PRINCESA IZABEL	105	EM FRENTE AO MB LANCHES	BAIRRO DO RECIFE		CIDADE	COLISÃO TRASEIRA	VAN X ONIBUS GLOBO						2				0		Longo da via	Bom	Não existe	Perfeito estado	Seca	Perfeito estado	Não existe	Não há placas	40 km/h	Única	Faixa seccionada	""	""
9077	2018-10-25T00:00:00	18:35:00	COM VÍTIMA	FINALIZADA	IMBIRIBEIRA	AV MARECHAL MASCARENHAS DE MORAES	2671	RUA JATICY	DEPOIS DO GERALDAO	AV MARECHAL MASCARENHAS DE MORAES	2671	DEPOIS DO GERALDAO	IMBIRIBEIRA	289	CID/SUB	ABALROAMENTO TRANSVERSAL	NISSAN MARCH X MOTO	1	1								1		Longo da via	Bom	Não existe	Perfeito estado	Seca	Perfeito estado	Não existe	OUTRAS	60 km/h	Dupla	Canteiro central	""	""
9078	2018-10-25T00:00:00	19:27:00	SEM VÍTIMA	FINALIZADA	VÁRZEA	RUA CORONEL PACHECO	2017	1 TRV JUSTICA E PAZ	E/F A PRC / PRÓX A GARAGEM DA MOBIBRASIL E DELEGACIA DA VÁRZEA / AO LADO DO TERMINAL	RUA CORONEL PACHECO	2017	E/F A PRC / PRÓX A GARAGEM DA MOBIBRASIL E DELEGACIA DA VÁRZEA / AO LADO DO TERMINAL	VÁRZEA		CIDADE	ABALROAMENTO LONGITUDINAL	ENTRE ÕNIBUS E AUTO PASSEIO. S/V	1					1				0		Longo da via	Bom	Não existe	Ilegível	Seca	Perfeito estado	Não existe	"Placas ""Pare"""	""	Dupla	Não existe	""	""
9079	2018-10-25T00:00:00	20:35:00	SEM VÍTIMA	FINALIZADA	IMBIRIBEIRA	AV GENERAL MAC ARTHUR	""	AV MARECHAL MASCARENHAS DE MORAES	AO LADO DO BANCO ITAU	AV GENERAL MAC ARTHUR	""	AO LADO DO BANCO ITAU	IMBIRIBEIRA	225	CIDADE	ABALROAMENTO LONGITUDINAL	HB 20 X SAVEIRO	2									0		Cruzamento	Bom	Sem defeito	Ilegível	Seca	Mal iluminada	Não existe	Não há placas	60 km/h	Única	Não existe	""	""
9080	2018-10-25T00:00:00	22:06:00	SEM VÍTIMA	CANCELADA	BOA VIAGEM	AV ENGENHEIRO DOMINGOS FERREIRA	683	""	E/F A CLINICAL CENTER E IBIS HOTEL, LADO ESQUERDO, SNT PIEDADE	AV ENGENHEIRO DOMINGOS FERREIRA	683	E/F A CLINICAL CENTER E IBIS HOTEL, LADO ESQUERDO, SNT PIEDADE	BOA VIAGEM		""	COLISÃO	ENTRE 2 AUTOS. S/V	2									0		""	""	""	""	""	""	""	""	""	""	""	""	""
9081	2018-10-25T00:00:00	22:44:00	SEM VÍTIMA	FINALIZADA	IBURA	RUA RIO XINGU	""	RUA FLORES DA CUNHA	NA SUBIDA PROX A CURVA	RUA RIO XINGU	""	NA SUBIDA PROX A CURVA	IBURA		""	ABALROAMENTO TRANSVERSAL	VAN X TIPO						1				0		Cruzamento	Bom	Não existe	Incompleta	Seca	Perfeito estado	Não existe	Outras	""	Dupla	Não existe	""	""