_id	DATA	hora	natureza_acidente	situacao	bairro	endereco	numero	detalhe_endereco_acidente	complemento	endereco_cruzamento	numero_cruzamento	referencia_cruzamento	bairro_cruzamento	num_semaforo	sentido_via	tipo	descricao	auto	moto	ciclom	ciclista	pedestre	onibus	caminhao	viatura	outros	vitimas	vitimasfatais	acidente_verificado	tempo_clima	situacao_semaforo	sinalizacao	condicao_via	conservacao_via	ponto_controle	situacao_placa	velocidade_max_via	mao_direcao	divisao_via1	divisao_via2	divisao_via3
9132	2018-10-27T00:00:00	06:29:00	SEM VÍTIMA	FINALIZADA	TORRÕES	RUA CLAUDIO BROTHERHOOD	910	AV CAXANGA	HA DEZ METROS DA FARMACIA SANTA CECILIA	RUA CLAUDIO BROTHERHOOD	910	HA DEZ METROS DA FARMACIA SANTA CECILIA	TORRÕES		SUB/CID	COLISÃO	RUA AO LADO CONTRARIO DA DELEGACIA DO CORDEIRO	1	1								0		""	""	""	""	""	""	""	""	""	""	""	""	""
9133	2018-10-27T00:00:00	07:50:00	SEM VÍTIMA	FINALIZADA	DERBY	AV GOVERNADOR CARLOS DE LIMA CAVALCANTI	""	""	EM FRENTE A WIZARD	AV GOVERNADOR CARLOS DE LIMA CAVALCANTI	""	EM FRENTE A WIZARD	DERBY		""	COLISÃO	ONIBUS E AUTO VT-23 NO LOCAL	1					1				0		""	""	""	""	""	""	""	""	""	""	""	""	""
9134	2018-10-27T00:00:00	08:19:00	COM VÍTIMA	FINALIZADA	BONGI	AV ENGENHEIRO ABDIAS DE CARVALHO	2043	""	EM FRENTE A RIO PISCINAS	AV ENGENHEIRO ABDIAS DE CARVALHO	2043	EM FRENTE A RIO PISCINAS	BONGI		SUB/CID	ABALROAMENTO TRANSVERSAL	DUAS MOTOS		2								3		Longo da via	Bom	Não existe	Perfeito estado	Seca	Perfeito estado	Faixa de pedestre	""	""	Dupla	Canteiro central	""	""
9135	2018-10-27T00:00:00	09:07:00	SEM VÍTIMA	FINALIZADA	CORDEIRO	RUA DIANOPOLIS	8	""	AO LADO DO CANAL DA TORRE E FRENTE AO MARTELINHO DE OURO	RUA DIANOPOLIS	8	AO LADO DO CANAL DA TORRE E FRENTE AO MARTELINHO DE OURO	CORDEIRO		""	COLISÃO	COLISÃO SEM VITIMAS	2									0		""	""	""	""	""	""	""	""	""	""	""	""	""
9136	2018-10-27T00:00:00	09:10:00	""	CANCELADA	TORRE	AV PROFESSOR ESTEVAO FRANCISCO DA COSTA	""	RUA ODETE MONTEIRO	EM FRENTE AO POSTO PETROCAL	AV PROFESSOR ESTEVAO FRANCISCO DA COSTA	""	EM FRENTE AO POSTO PETROCAL	TORRE	589	""	COLISÃO	DOIS AUTOS	2									0		""	""	""	""	""	""	""	""	""	""	""	""	""
9137	2018-10-27T00:00:00	10:57:00	SEM VÍTIMA	FINALIZADA	PINA	AV ANTONIO DE GOES	""	""	EM FRENTE A CASA DA BATERIA	AV ANTONIO DE GOES	""	EM FRENTE A CASA DA BATERIA	PINA		""	COLISÃO	COLISÃO SEM VITIMAS VT 32 QTH	2									0		""	""	""	""	""	""	""	""	""	""	""	""	""
9138	2018-10-27T00:00:00	11:29:00	SEM VÍTIMA	FINALIZADA	BAIRRO DO RECIFE	RUA MARIZ E BARROS	149	RUA VIGARIO TENORIO	AO LADO DA ANTIGA BOATE DANTOW	RUA MARIZ E BARROS	149	AO LADO DA ANTIGA BOATE DANTOW	BAIRRO DO RECIFE		""	COLISÃO	""	2									0		""	""	""	""	""	""	""	""	""	""	""	""	""
9139	2018-10-27T00:00:00	12:10:00	SEM VÍTIMA	FINALIZADA	ZUMBI	RUA FREI TEOFILO DE VIRGOLETTA	""	""	BORRACHARIA DO ROBERTO E O MERCADINHO DO POVO	RUA FREI TEOFILO DE VIRGOLETTA	""	BORRACHARIA DO ROBERTO E O MERCADINHO DO POVO	ZUMBI		""	COLISÃO	COLISÃO SEM VITIMA	2									0		""	""	""	""	""	""	""	""	""	""	""	""	""
9140	2018-10-27T00:00:00	12:48:00	COM VÍTIMA	FINALIZADA	BAIRRO DO RECIFE	CAIS DO APOLO	""	""	EM FRENTE AO BANCO DO BRASIL	CAIS DO APOLO	""	EM FRENTE AO BANCO DO BRASIL	BAIRRO DO RECIFE	19	""	ACID. DE PERCURSO	COM DUAS VITIMAS MOTO CAIU EM UM BURACO DE UMA OBRA		1								2		""	""	""	""	""	""	""	""	""	""	""	""	""
9141	2018-10-27T00:00:00	12:50:00	SEM VÍTIMA	FINALIZADA	SÃO JOSÉ	C SANTA RITA	""	""	PROX A GRANDE RECIFE NA SUBIDA DO VIADUTO DAS CINCO PONTAS	C SANTA RITA	""	PROX A GRANDE RECIFE NA SUBIDA DO VIADUTO DAS CINCO PONTAS	SÃO JOSÉ		BOA VIAGEM	COLISÃO	COLISÃO SEM VITIMAS	1	1								0		""	""	""	""	""	""	""	""	""	""	""	""	""
9142	2018-10-27T00:00:00	13:29:00	SEM VÍTIMA	FINALIZADA	DERBY	RUA JENER DE SOUZA	""	PRC DO DERBY	EM FRENTE AO QUARTEL PM	RUA JENER DE SOUZA	""	EM FRENTE AO QUARTEL PM	DERBY	40	CID/SUB	COLISÃO	SEM VITIMAS	2									0		""	""	""	""	""	""	""	""	""	""	""	""	""
9143	2018-10-27T00:00:00	13:34:00	COM VÍTIMA	FINALIZADA	MANGUEIRA	RUA SAO MIGUEL	1343	RUA MANOEL FERNANDES DE ALBUQUERQUE	PROX AO BODE DO NÕ EM FRENTE A DROGARIA BONGI	RUA SAO MIGUEL	1343	PROX AO BODE DO NÕ EM FRENTE A DROGARIA BONGI	MANGUEIRA		SUB/CID	ABALROAMENTO TRANSVERSAL	COLISÃO COM VITIMA SOCORRIDA PELO SAMU	1	1								1		Longo da via	Bom	Sem defeito	Perfeito estado	Seca	Perfeito estado	Não existe	Não há placas	""	Dupla	FAIXA	""	""
9144	2018-10-27T00:00:00	13:53:00	SEM VÍTIMA	FINALIZADA	FUNDÃO	AV BEBERIBE	16	""	AO LADO DA ACADEMIA DA CIDADE E EM FRENTE A GALERIA CAJUEIRO	AV BEBERIBE	16	AO LADO DA ACADEMIA DA CIDADE E EM FRENTE A GALERIA CAJUEIRO	FUNDÃO		CID/SUB	COLISÃO	SEM VITIMAS	2									0		""	""	""	""	""	""	""	""	""	""	""	""	""
9145	2018-10-27T00:00:00	14:44:00	SEM VÍTIMA	FINALIZADA	SANTO AMARO	AV GOVERNADOR AGAMENON MAGALHAES	""	""	EM CIMA DO VIADUTO - AO LADO DO TACARUNA	AV GOVERNADOR AGAMENON MAGALHAES	""	EM CIMA DO VIADUTO - AO LADO DO TACARUNA	SANTO AMARO		SUB/CID	COLISÃO	COLISÃO SEM VITMA	2									0		""	""	""	""	""	""	""	""	""	""	""	""	""
9146	2018-10-27T00:00:00	15:07:00	SEM VÍTIMA	FINALIZADA	CASA AMARELA	RUA MAJOR NEREU GUERRA	142	""	PRX. AO COLEGIO PADRE MACHADO	RUA MAJOR NEREU GUERRA	142	PRX. AO COLEGIO PADRE MACHADO	CASA AMARELA		CID/SUB	COLISÃO	COLISÃO SEM VITIMAS	1		1							0		""	""	""	""	""	""	""	""	""	""	""	""	""
9147	2018-10-27T00:00:00	15:19:00	SEM VÍTIMA	FINALIZADA	BOA VIAGEM	AV CONSELHEIRO AGUIAR	1360	""	EM FRENTE A GALERIA CENTRO SUL	AV CONSELHEIRO AGUIAR	1360	EM FRENTE A GALERIA CENTRO SUL	BOA VIAGEM		SUB/CID	COLISÃO	COLISÃO SEM VITIMAS	2									0		""	""	""	""	""	""	""	""	""	""	""	""	""
9148	2018-10-27T00:00:00	15:25:00	SEM VÍTIMA	FINALIZADA	DERBY	RUA JOAO FERNANDES VIEIRA	""	AV GOVERNADOR AGAMENON MAGALHAES	EM FRENTE AO MURO DO COLEGIO AMERICANO BATISTA	RUA JOAO FERNANDES VIEIRA	""	EM FRENTE AO MURO DO COLEGIO AMERICANO BATISTA	DERBY	37	CID/SUB	COLISÃO	SEM VITIMAS	2									0		""	""	""	""	""	""	""	""	""	""	""	""	""
9149	2018-10-27T00:00:00	15:26:00	SEM VÍTIMA	CANCELADA	IBURA	RUA PERO VAZ DE CAMINHA	47	""	PROX AO TERMINAL DA UR 05 EM FRENTE A PIZZARIA LEO PIZZA	RUA PERO VAZ DE CAMINHA	47	PROX AO TERMINAL DA UR 05 EM FRENTE A PIZZARIA LEO PIZZA	IBURA		""	COLISÃO	COLISÃO SEM VITIMAS	1					1				0		""	""	""	""	""	""	""	""	""	""	""	""	""
9150	2018-10-27T00:00:00	15:50:00	VÍTIMA FATAL	FINALIZADA	IBURA	AV RECIFE	""	AV DOM HELDER CAMARA	SAÍDA DO IBURA	AV RECIFE	""	SAÍDA DO IBURA	IBURA	55	""	ATROPELAMENTO	ATROPELAMENTO X PEDESTRE					1	1					1	Longo da via	Bom	Sem defeito	Perfeito estado	Seca	Perfeito estado	""	""	""	""	""	""	""
9151	2018-10-27T00:00:00	16:07:00	SEM VÍTIMA	FINALIZADA	PINA	AV ANTONIO DE GOES	""	""	EM FRENTE A CONCESSIONARIA HONDA	AV ANTONIO DE GOES	""	EM FRENTE A CONCESSIONARIA HONDA	PINA		""	COLISÃO	COLISÃO SEM VITMAS GM QTH	2									0		""	""	""	""	""	""	""	""	""	""	""	""	""
9152	2018-10-27T00:00:00	16:29:00	COM VÍTIMA	FINALIZADA	ENGENHO DO MEIO	RUA ANTONIO CURADO	604	RUA VALDEMAR FALCAO	HA 50 METROS DO CLUBE DA COMPESA	RUA ANTONIO CURADO	604	HA 50 METROS DO CLUBE DA COMPESA	ENGENHO DO MEIO		""	COLISÃO	COM UMA VITIMA SOCORRIDA PELO SAMU	1	1								1		""	""	""	""	""	""	""	""	""	""	""	""	""
9153	2018-10-27T00:00:00	17:35:00	COM VÍTIMA	FINALIZADA	ENGENHO DO MEIO	RUA ANTONIO CURADO	604	RUA VALDEMAR FALCAO	HA 50 METROS DO CLUBE DA COMPESA	RUA ANTONIO CURADO	604	HA 50 METROS DO CLUBE DA COMPESA	ENGENHO DO MEIO		SUB/CID	COLISÃO FRONTAL	COM UMA VITIMA SOCORRIDA PELO SAMU	1	1								1		Cruzamento	Bom	Não existe	Perfeito estado	Seca	Perfeito estado	Não existe	Não há placas	""	Dupla	FAIXA	""	""
9154	2018-10-27T00:00:00	17:39:00	SEM VÍTIMA	FINALIZADA	PASSARINHO	EST DE PASSARINHO	""	""	PROX. A FRUTA PLUS/ A 50 METROS DO TERMINAL DO MICRO ONIBUS DE DOIS UNIDOS	EST DE PASSARINHO	""	PROX. A FRUTA PLUS/ A 50 METROS DO TERMINAL DO MICRO ONIBUS DE DOIS UNIDOS	PASSARINHO		SUB/CID	COLISÃO	COLISÃO SEM VITIMAS	2									0		""	""	""	""	""	""	""	""	""	""	""	""	""
9155	2018-10-27T00:00:00	18:13:00	SEM VÍTIMA	CANCELADA	ESTÂNCIA	AV DR JOSE RUFINO	514	""	APOS O DECISÃO	AV DR JOSE RUFINO	514	APOS O DECISÃO	ESTÂNCIA		SUB/CID	COLISÃO	COLISÃO SEM VITIMA	2									0		""	""	""	""	""	""	""	""	""	""	""	""	""
9156	2018-10-27T00:00:00	20:45:00	SEM VÍTIMA	FINALIZADA	IPSEP	RUA ITAJAI	""	RUA ITACARI	DISTRIBUIDORA YNOVE	RUA ITAJAI	""	DISTRIBUIDORA YNOVE	IPSEP		SUB/CID	COLISÃO	COLISÃO SEM VITIMA	2									0		""	""	""	""	""	""	""	""	""	""	""	""	""
9157	2018-10-27T00:00:00	20:52:00	COM VÍTIMA	FINALIZADA	TEJIPIÓ	RUA APRIGIO GUIMARAES	63	""	ENF AO MULTIRIM	RUA APRIGIO GUIMARAES	63	ENF AO MULTIRIM	TEJIPIÓ		SUB/CID	CHOQUE VEÍCULO PARADO	KIWID X PALIO	2									2		Longo da via	Bom	Não existe	Incompleta	Seca	Perfeito estado	Não existe	R6A	""	Dupla	Não existe	""	""
9158	2018-10-27T00:00:00	21:26:00	COM VÍTIMA	FINALIZADA	BOA VIAGEM	AV ENGENHEIRO DOMINGOS FERREIRA	""	RUA PEREIRA DA COSTA	ENF AO CLINICAL CENTER	AV ENGENHEIRO DOMINGOS FERREIRA	""	ENF AO CLINICAL CENTER	BOA VIAGEM	142	CID/SUB	ABALROAMENTO TRANSVERSAL	MOBI X MERIVA	2									5		Longo da via	Bom	Sem defeito	Perfeito estado	Seca	Perfeito estado	Faixa de pedestre	""	""	Dupla	Canteiro central	""	""
9159	2018-10-27T00:00:00	21:49:00	SEM VÍTIMA	CANCELADA	CAXANGÁ	AV JOAQUIM RIBEIRO	675	""	NA FRENTE DA CONSTRUÇÃO MRV ENGENHARIA	AV JOAQUIM RIBEIRO	675	NA FRENTE DA CONSTRUÇÃO MRV ENGENHARIA	CAXANGÁ		SUB/CID	COLISÃO	COLISÃO SEM VITIMA	2									0		""	""	""	""	""	""	""	""	""	""	""	""	""
9160	2018-10-27T00:00:00	22:23:00	SEM VÍTIMA	FINALIZADA	BEBERIBE	AV BEBERIBE	2221	AV CIDADE DE MONTEIRO	PRAÇA CAMILO SIMÕES	AV BEBERIBE	2221	PRAÇA CAMILO SIMÕES	BEBERIBE		CID/SUB	COLISÃO	COLISÃO SEM VITIMA	1	1								0		""	""	""	""	""	""	""	""	""	""	""	""	""
9161	2018-10-27T00:00:00	22:34:00	SEM VÍTIMA	FINALIZADA	CASA AMARELA	AV NORTE	""	AV PEDRO ALLAIN	PROX A ENTRADA DO MORRO DA CONCEIÇAO	AV NORTE	""	PROX A ENTRADA DO MORRO DA CONCEIÇAO	CASA AMARELA		SUB/CID	COLISÃO	FIIAT X MOTO	1	1								0		""	""	""	""	""	""	""	""	""	""	""	""	""
9162	2018-10-27T00:00:00	23:18:00	SEM VÍTIMA	FINALIZADA	CASA AMARELA	AV NORTE	5260	RUA DA HARMONIA	NA DESCIDA DO MORRO DA CONCEIÇÃO/ PROX. AO SENAC E A FARMACIA BOM JESUS	AV NORTE	5260	NA DESCIDA DO MORRO DA CONCEIÇÃO/ PROX. AO SENAC E A FARMACIA BOM JESUS	CASA AMARELA		""	COLISÃO	COLISÃO SEM VITIMA	2									0		""	""	""	""	""	""	""	""	""	""	""	""	""
9163	2018-10-27T00:00:00	23:41:00	SEM VÍTIMA	FINALIZADA	SÃO JOSÉ	RUA IMPERIAL	981	TRV DO RAPOSO	GALPÃO EMPREENDIMENTOS DA PROTEP/ MOTEL CRISTAL	RUA IMPERIAL	981	GALPÃO EMPREENDIMENTOS DA PROTEP/ MOTEL CRISTAL	SÃO JOSÉ	510	CID/SUB	COLISÃO	COLISÃO SEM VITIMAS	2									0		""	""	""	""	""	""	""	""	""	""	""	""	""
9164	2018-10-28T00:00:00	00:07:00	SEM VÍTIMA	FINALIZADA	NOVA DESCOBERTA	RUA NOVA DESCOBERTA	685	""	EM FRENTE A MERCEARIA DO MARCILIO, PROX IGREJA CATOLICA NOSSA SENHORA DE LOURDES, PROX DA ASSEMBLEIA DE DEUS	RUA NOVA DESCOBERTA	685	EM FRENTE A MERCEARIA DO MARCILIO, PROX IGREJA CATOLICA NOSSA SENHORA DE LOURDES, PROX DA ASSEMBLEIA DE DEUS	NOVA DESCOBERTA		CIDADE	ABALROAMENTO LONGITUDINAL	COLISÃO ENTRE VIATURA DA PM COM MOTO S/V		1						1		0		Longo da via	Bom	Não existe	Não existente	Seca	Perfeito estado	Não existe	Não há placas	40 km/h	Dupla	Não existe	""	""
9165	2018-10-28T00:00:00	05:06:00	SEM VÍTIMA	FINALIZADA	PINA	AV HERCULANO BANDEIRA	""	""	EM FRENTE AO ATACADO DA CONSTRUÇÃO	AV HERCULANO BANDEIRA	""	EM FRENTE AO ATACADO DA CONSTRUÇÃO	PINA		""	COLISÃO	COLISÃO ENTRE DOIS AUTOS S/V	2									0		""	""	""	""	""	""	""	""	""	""	""	""	""
9166	2018-10-28T00:00:00	07:16:00	SEM VÍTIMA	FINALIZADA	ESTÂNCIA	AV RECIFE	""	""	""	AV RECIFE	""	""	ESTÂNCIA		CENTRO	CHOQUE	VEÍCULO CHOCOU-SE COM O POSTE EM FRENTE AO POSTO TOTAL	1									0		""	""	""	""	""	""	""	""	""	""	""	""	""
9167	2018-10-28T00:00:00	09:09:00	SEM VÍTIMA	FINALIZADA	VÁRZEA	AV AFONSO OLINDENSE	1743	""	EM FRENTE A ANTIGA GARAGEM DA METROPOLITANA	AV AFONSO OLINDENSE	1743	EM FRENTE A ANTIGA GARAGEM DA METROPOLITANA	VÁRZEA		BR 101	COLISÃO	COLISÃO SEM VITIMAS	1	1								0		""	""	""	""	""	""	""	""	""	""	""	""	""
9168	2018-10-28T00:00:00	09:14:00	SEM VÍTIMA	CANCELADA	BOA VIAGEM	AV DOM JOAO VI	""	""	EM FRENTE A CONCESSIONARIA AMERICA DA FORD	AV DOM JOAO VI	""	EM FRENTE A CONCESSIONARIA AMERICA DA FORD	BOA VIAGEM	543	""	COLISÃO	SEM VITIMAS	1	1								0		""	""	""	""	""	""	""	""	""	""	""	""	""
9169	2018-10-28T00:00:00	09:51:00	SEM VÍTIMA	CANCELADA	PINA	AV HERCULANO BANDEIRA	1001	RUA ARQUITETO AUGUSTO REINALDO	EM FRENTE A AO ATACADO DA CONSTRUÇÃO	AV HERCULANO BANDEIRA	1001	EM FRENTE A AO ATACADO DA CONSTRUÇÃO	PINA	660	CID/SUB	COLISÃO	SEM VITIMAS	1	1								0		""	""	""	""	""	""	""	""	""	""	""	""	""
9170	2018-10-28T00:00:00	09:58:00	""	CANCELADA	ENGENHO DO MEIO	RUA LINDOLFO COLOR	""	RUA ANTONIO CURADO	""	RUA LINDOLFO COLOR	""	""	ENGENHO DO MEIO		SUB/CID	COLISÃO	COLISÃO SEM VITIMAS	2									0		""	""	""	""	""	""	""	""	""	""	""	""	""
9171	2018-10-28T00:00:00	10:03:00	SEM VÍTIMA	CANCELADA	IMBIRIBEIRA	AV MARECHAL MASCARENHAS DE MORAES	945 A	""	EM FRENTE A GRAN VIA	AV MARECHAL MASCARENHAS DE MORAES	945 A	EM FRENTE A GRAN VIA	IMBIRIBEIRA	532	CID/SUB	COLISÃO	MOTO E AUTO	1	1								0		""	""	""	""	""	""	""	""	""	""	""	""	""
9172	2018-10-28T00:00:00	10:11:00	COM VÍTIMA	FINALIZADA	BOA VIAGEM	AV VINTE DE JANEIRO	1000	""	EM FRENTE A SOÇAITE CENTER SOCCER	AV VINTE DE JANEIRO	1000	EM FRENTE A SOÇAITE CENTER SOCCER	BOA VIAGEM		SUB/CID	ABALROAMENTO TRANSVERSAL	COLISÃO COM VITIMA SOCORRIDA PELO SAMU	1	1								2		Longo da via	Bom	Não existe	Perfeito estado	Seca	Perfeito estado	Não existe	Não há placas	""	Dupla	Não existe	""	""
9173	2018-10-28T00:00:00	10:28:00	SEM VÍTIMA	FINALIZADA	ENGENHO DO MEIO	RUA LINDOLFO COLOR	110	""	EM FRENTE A SUDENE	RUA LINDOLFO COLOR	110	EM FRENTE A SUDENE	ENGENHO DO MEIO		""	COLISÃO	COLISÃO SEM VITIMAS	2									0		""	""	""	""	""	""	""	""	""	""	""	""	""
9174	2018-10-28T00:00:00	11:08:00	COM VÍTIMA	FINALIZADA	BAIRRO DO RECIFE	AV ALFREDO LISBOA	""	""	EM FRENTE AO TERMINAL MARÍTIMO	AV ALFREDO LISBOA	""	EM FRENTE AO TERMINAL MARÍTIMO	BAIRRO DO RECIFE		CID/SUB	ATROPELAMENTO ANIMAL	MOTOCICLETA E CAVALO		1								1		Longo da via	Bom	Não existe	Perfeito estado	Seca	Perfeito estado	""	R6A	40 km/h	Única	FAIXA	""	""
9175	2018-10-28T00:00:00	11:32:00	SEM VÍTIMA	FINALIZADA	BEBERIBE	AV BEBERIBE	3530	RUA CONS BARROS BARRETO	EM FRENTE AO RESIDENCIAL JOAO PAULO II	AV BEBERIBE	3530	EM FRENTE AO RESIDENCIAL JOAO PAULO II	BEBERIBE		""	COLISÃO	TRES AUTOS VT 5 NO QTH	3									0		""	""	""	""	""	""	""	""	""	""	""	""	""
9176	2018-10-28T00:00:00	11:21:00	SEM VÍTIMA	FINALIZADA	IMBIRIBEIRA	RUA ALFREDO MARCONDES	""	AV ANTONIO TORRES GALVAO	EM FRENTE A LOJA FINO E A IGREJA EPISCOPAL	RUA ALFREDO MARCONDES	""	EM FRENTE A LOJA FINO E A IGREJA EPISCOPAL	IMBIRIBEIRA	442	""	COLISÃO	COLISÃO SEM VITIMAS	2									0		""	""	""	""	""	""	""	""	""	""	""	""	""
9177	2018-10-28T00:00:00	11:35:00	SEM VÍTIMA	FINALIZADA	IBURA	RUA EXP FRANCISCO VITORIANO	31	""	EM FRENTE A O SUPERMECADO TREVO	RUA EXP FRANCISCO VITORIANO	31	EM FRENTE A O SUPERMECADO TREVO	IBURA		""	COLISÃO	SEM VITIMAS	2									0		""	""	""	""	""	""	""	""	""	""	""	""	""
9178	2018-10-28T00:00:00	13:16:00	SEM VÍTIMA	FINALIZADA	IMBIRIBEIRA	AV MARECHAL MASCARENHAS DE MORAES	808	RUA DR VALDIR PESSOA	EM FRENTE A FORD	AV MARECHAL MASCARENHAS DE MORAES	808	EM FRENTE A FORD	IMBIRIBEIRA	532	CID/SUB	COLISÃO	DOIS AUTOS S/V	2									0		""	""	""	""	""	""	""	""	""	""	""	""	""
9179	2018-10-28T00:00:00	13:27:00	SEM VÍTIMA	FINALIZADA	BOA VIAGEM	AV ENGENHEIRO DOMINGOS FERREIRA	2655	RUA TENENTE JOAO CICERO	EM FRENTE AO POSTO BR	AV ENGENHEIRO DOMINGOS FERREIRA	2655	EM FRENTE AO POSTO BR	BOA VIAGEM		CID/SUB	ENGAVETAMENTO	ENTRE QUATRO VEICULOS SV	4									0		""	""	""	""	""	""	""	""	""	""	""	""	""
9180	2018-10-28T00:00:00	14:02:00	COM VÍTIMA	FINALIZADA	ESPINHEIRO	RUA DO ESPINHEIRO	533	""	APOS O POSTO IPIRANGA	RUA DO ESPINHEIRO	533	APOS O POSTO IPIRANGA	ESPINHEIRO		SUB/CID	ATROPELAMENTO	AUTO E PEDESTRE, A VITIMA ESTA NO LOCAL AGUARDANDO ATENDIMENTO	1				1					1		Longo da via	Bom	Não existe	Perfeito estado	Seca	Perfeito estado	Não existe	Não há placas	40 km/h	Única	FAIXA	""	""
9181	2018-10-28T00:00:00	14:48:00	SEM VÍTIMA	FINALIZADA	BOA VIAGEM	RUA ANTONIO VICENTE	78	RUA SA E SOUZA	PROX. A DOGASIL	RUA ANTONIO VICENTE	78	PROX. A DOGASIL	BOA VIAGEM		""	COLISÃO	DOIS AUTOS S/V	2									0		""	""	""	""	""	""	""	""	""	""	""	""	""
9182	2018-10-28T00:00:00	14:53:00	SEM VÍTIMA	FINALIZADA	NOVA DESCOBERTA	RUA AGUIA BRANCA	148	RUA DR ALTO CAETE	PROX. A ESCOLA DR CAETES	RUA AGUIA BRANCA	148	PROX. A ESCOLA DR CAETES	NOVA DESCOBERTA		CID/SUB	COLISÃO	COLISÃO SEM VITIMAS	2									0		""	""	""	""	""	""	""	""	""	""	""	""	""
9183	2018-10-28T00:00:00	15:33:00	SEM VÍTIMA	FINALIZADA	IMBIRIBEIRA	AV MARECHAL MASCARENHAS DE MORAES	1919	""	NA FRENTE DO JUIZADO ESPECIAL DO RECIFE...FORUM DESEMBARGADOR BENILDES DE SOUZA RIBEIRO	AV MARECHAL MASCARENHAS DE MORAES	1919	NA FRENTE DO JUIZADO ESPECIAL DO RECIFE...FORUM DESEMBARGADOR BENILDES DE SOUZA RIBEIRO	IMBIRIBEIRA		""	COLISÃO	COLISÃO SEM VITIMAS	1	1								0		""	""	""	""	""	""	""	""	""	""	""	""	""
9184	2018-10-28T00:00:00	16:10:00	SEM VÍTIMA	FINALIZADA	ARRUDA	AV PROFESSOR JOSE DOS ANJOS	35	RUA PEDRO RODRIGUES DE BARROS	PROX. AO CONJUNTO HABITACIONAL BEIRA RIO	AV PROFESSOR JOSE DOS ANJOS	35	PROX. AO CONJUNTO HABITACIONAL BEIRA RIO	ARRUDA		""	COLISÃO	COLISAO ENTRE VT DA PM E MOTO S/V		1						1		0		""	""	""	""	""	""	""	""	""	""	""	""	""
9185	2018-10-28T00:00:00	17:26:00	COM VÍTIMA	FINALIZADA	ARRUDA	RUA BOM CONSELHO	""	RUA DO TRIUNFO	PROX. AO CAMPO DO SANTA, POR TRAZ DO CAMPO	RUA BOM CONSELHO	""	PROX. AO CAMPO DO SANTA, POR TRAZ DO CAMPO	ARRUDA		SUB/CID	ABALROAMENTO TRANSVERSAL	COLISÃO COM VITIMA	1	1								1		Cruzamento	Bom	Não existe	Perfeito estado	Seca	Perfeito estado	Não existe	Não há placas	""	""	Não existe	""	""
9186	2018-10-28T00:00:00	18:13:00	COM VÍTIMA	CANCELADA	TOTÓ	AV LIBERDADE	1520	RUA ANA ALBUQUERQUE LIMA	PROX AO ANIBOL BRUNO SENTIDO BIDUKRUZE	AV LIBERDADE	1520	PROX AO ANIBOL BRUNO SENTIDO BIDUKRUZE	TOTÓ		""	COLISÃO	CELTA X MOTO XRE	1	1								1		""	""	""	""	""	""	""	""	""	""	""	""	""
9187	2018-10-28T00:00:00	18:21:00	SEM VÍTIMA	FINALIZADA	IMBIRIBEIRA	RUA ANTONIO FALCAO	""	RUA SARGENTO SILVINO DE MACEDO	POSTO PETROBRAS E A FARMACIA FTB	RUA ANTONIO FALCAO	""	POSTO PETROBRAS E A FARMACIA FTB	IMBIRIBEIRA	640	SUB/CID	COLISÃO	COLISÃO SEM VITIMAS	3									0		""	""	""	""	""	""	""	""	""	""	""	""	""
9188	2018-10-28T00:00:00	21:55:00	SEM VÍTIMA	FINALIZADA	CASA AMARELA	EST DO ARRAIAL	3107	RUA FERREIRA LOPES	ENF AO CLUBE AMERICA	EST DO ARRAIAL	3107	ENF AO CLUBE AMERICA	CASA AMARELA		""	COLISÃO	ONIX X COROLA	2									0		""	""	""	""	""	""	""	""	""	""	""	""	""
9189	2018-10-28T00:00:00	23:30:00	COM VÍTIMA	FINALIZADA	BOA VISTA	AV CONDE DA BOA VISTA	""	RUA OSVALDO CRUZ	PROX AO ANTIGO HOSPITAL PSIQUIATRICO	AV CONDE DA BOA VISTA	""	PROX AO ANTIGO HOSPITAL PSIQUIATRICO	BOA VISTA		CID/SUB	ATROPELAMENTO	ONIBUS X PEDESTRE					1	1				1		Longo da via	Bom	Não existe	Perfeito estado	Seca	Perfeito estado	Não existe	Não há placas	60 km/h	""	Faixa	""	""
9190	2018-10-29T00:00:00	07:51:00	COM VÍTIMA	CANCELADA	JIQUIÁ	AV RECIFE	""	""	EM FRENTE A EMLURB - PROXIMO A PONTE DO CAÇOTE	AV RECIFE	""	EM FRENTE A EMLURB - PROXIMO A PONTE DO CAÇOTE	JIQUIÁ		""	COLISÃO	COLISÃO COM VITIMA	1	1								1		""	""	""	""	""	""	""	""	""	""	""	""	""
9191	2018-10-29T00:00:00	07:53:00	SEM VÍTIMA	FINALIZADA	IMBIRIBEIRA	AV MARECHAL MASCARENHAS DE MORAES	""	""	EM FRENTE A MOVIDA LOCADORA DE VEICULOS	AV MARECHAL MASCARENHAS DE MORAES	""	EM FRENTE A MOVIDA LOCADORA DE VEICULOS	IMBIRIBEIRA		SUB/CID	COLISÃO	CAMINHAO E AUTO										0		""	""	""	""	""	""	""	""	""	""	""	""	""