_id	DATA	hora	natureza_acidente	situacao	bairro	endereco	numero	detalhe_endereco_acidente	complemento	endereco_cruzamento	numero_cruzamento	referencia_cruzamento	bairro_cruzamento	num_semaforo	sentido_via	tipo	descricao	auto	moto	ciclom	ciclista	pedestre	onibus	caminhao	viatura	outros	vitimas	vitimasfatais	acidente_verificado	tempo_clima	situacao_semaforo	sinalizacao	condicao_via	conservacao_via	ponto_controle	situacao_placa	velocidade_max_via	mao_direcao	divisao_via1	divisao_via2	divisao_via3
9192	2018-10-29T00:00:00	08:17:00	SEM VÍTIMA	FINALIZADA	MADALENA	AV ENGENHEIRO ABDIAS DE CARVALHO	1840	""	PROX. AO CENTRO DE TREINAMENTO DOS CORREIOS	AV ENGENHEIRO ABDIAS DE CARVALHO	1840	PROX. AO CENTRO DE TREINAMENTO DOS CORREIOS	MADALENA		CID/SUB	COLISÃO	DOIS AUTOS	2									0		""	""	""	""	""	""	""	""	""	""	""	""	""
9193	2018-10-29T00:00:00	08:28:00	SEM VÍTIMA	FINALIZADA	CABANGA	VIADUTO CAPITAO TEMUDO	""	""	SOBRE O VIADUTO / SENT DERBY	VIADUTO CAPITAO TEMUDO	""	SOBRE O VIADUTO / SENT DERBY	CABANGA		""	COLISÃO	TRES AUTOS	3									0		""	""	""	""	""	""	""	""	""	""	""	""	""
9194	2018-10-29T00:00:00	08:38:00	SEM VÍTIMA	CANCELADA	CORDEIRO	AV CAXANGA	2191	""	EM FRENTE AO PARQUE DE EXPOSIÇÃO DE ANIMAIS	AV CAXANGA	2191	EM FRENTE AO PARQUE DE EXPOSIÇÃO DE ANIMAIS	CORDEIRO		SUB/CID	COLISÃO	AUTO E MOTO	1	1								0		""	""	""	""	""	""	""	""	""	""	""	""	""
9195	2018-10-29T00:00:00	08:54:00	SEM VÍTIMA	FINALIZADA	BOA VISTA	RUA DA UNIAO	352	RUA PRINCESA IZABEL	AO LADO DA ASSEMBLEIA LEGISLATIVA	RUA DA UNIAO	352	AO LADO DA ASSEMBLEIA LEGISLATIVA	BOA VISTA		""	COLISÃO	DOIS AUTOS	2									0		""	""	""	""	""	""	""	""	""	""	""	""	""
9196	2018-10-29T00:00:00	09:15:00	SEM VÍTIMA	FINALIZADA	MADALENA	RUA SPORT CLUBE DO RECIFE	""	""	E/F A LOJA DO SPORT CLUBE, SENTIDO AGAMENON	RUA SPORT CLUBE DO RECIFE	""	E/F A LOJA DO SPORT CLUBE, SENTIDO AGAMENON	MADALENA	367	""	COLISÃO	SEM VÍTIMAS	2									0		""	""	""	""	""	""	""	""	""	""	""	""	""
9197	2018-10-29T00:00:00	09:15:00	COM VÍTIMA	FINALIZADA	BOA VIAGEM	AV ENGENHEIRO DOMINGOS FERREIRA	4189	RUA ERNESTO DE PAULA SANTOS	""	AV ENGENHEIRO DOMINGOS FERREIRA	4189	""	BOA VIAGEM		CID/SUB	CAPOTAMENTO	VEÍCULO SE CHOCOU COM UM POSTE E CAPOTOU	1									3		Longo da via	Bom	Não existe	Perfeito estado	Seca	Perfeito estado	Não existe	Não há placas	60 km/h	Única	Canteiro central	""	""
9198	2018-10-29T00:00:00	09:28:00	SEM VÍTIMA	FINALIZADA	AFOGADOS	RUA SAO MIGUEL	""	""	E/F A FAREC PROX AO DEPATRI	RUA SAO MIGUEL	""	E/F A FAREC PROX AO DEPATRI	AFOGADOS		""	COLISÃO	COLISAO ENTRE NIBUS E AUTO S/V	1					1				0		""	""	""	""	""	""	""	""	""	""	""	""	""
9199	2018-10-29T00:00:00	09:38:00	SEM VÍTIMA	FINALIZADA	SAN MARTIN	AV GENERAL SAN MARTIN	""	""	PROX A CAVALARIA E/F A SUBSTAÇAO DA CHESF	AV GENERAL SAN MARTIN	""	PROX A CAVALARIA E/F A SUBSTAÇAO DA CHESF	SAN MARTIN		""	COLISÃO	COLISAO ENTRE DOIS AUTOS S/V	2									0		""	""	""	""	""	""	""	""	""	""	""	""	""
9200	2018-10-29T00:00:00	09:41:00	SEM VÍTIMA	CANCELADA	ESTÂNCIA	AV TAPAJOS	""	AV RECIFE	EM FRENTE AO POSTO BR / PROX AO MACKO	AV TAPAJOS	""	EM FRENTE AO POSTO BR / PROX AO MACKO	ESTÂNCIA		""	CHOQUE	ONIBUS E AUTO	2									0		""	""	""	""	""	""	""	""	""	""	""	""	""
9201	2018-10-29T00:00:00	10:00:00	SEM VÍTIMA	FINALIZADA	MADALENA	AV ENGENHEIRO ABDIAS DE CARVALHO	""	""	PROXIMO AO CENTRODE TREINAMENTO DOS CORREIOS	AV ENGENHEIRO ABDIAS DE CARVALHO	""	PROXIMO AO CENTRODE TREINAMENTO DOS CORREIOS	MADALENA		CID/SUB	COLISÃO	COLISÃO SEM VITIMA	2									0		""	""	""	""	""	""	""	""	""	""	""	""	""
9202	2018-10-29T00:00:00	10:19:00	SEM VÍTIMA	FINALIZADA	PINA	RUA SAO LUIZ	347	""	EM FRENTE A ASSEMBLEIA DE DEUS / COMUNIDADE DO BODE	RUA SAO LUIZ	347	EM FRENTE A ASSEMBLEIA DE DEUS / COMUNIDADE DO BODE	PINA		""	COLISÃO	DOIS AUTOS	2									0		""	""	""	""	""	""	""	""	""	""	""	""	""
9203	2018-10-29T00:00:00	10:21:00	SEM VÍTIMA	FINALIZADA	ILHA JOANA BEZERRA	PTE JOSE DE BARROS LIMA	""	""	NO MEIO DA PONTE SENT. DERBY	PTE JOSE DE BARROS LIMA	""	NO MEIO DA PONTE SENT. DERBY	ILHA JOANA BEZERRA		""	COLISÃO	TRES AUTOS	3									0		""	""	""	""	""	""	""	""	""	""	""	""	""
9204	2018-10-29T00:00:00	10:43:00	COM VÍTIMA	FINALIZADA	BOA VIAGEM	AV ENGENHEIRO DOMINGOS FERREIRA	683	""	EM FRENTE AO IBIS HOTEL	AV ENGENHEIRO DOMINGOS FERREIRA	683	EM FRENTE AO IBIS HOTEL	BOA VIAGEM		CID/SUB	ABALROAMENTO TRANSVERSAL	MOTO E AUTO	1	1								1		Longo da via	Bom	Não existe	Perfeito estado	Seca	Perfeito estado	""	""	60 km/h	Única	Canteiro central	""	""
9205	2018-10-29T00:00:00	11:18:00	""	CANCELADA	IPSEP	RUA ITANAGE	""	""	EM FRENTE AO MARTELINHO DE OURO MASTER	RUA ITANAGE	""	EM FRENTE AO MARTELINHO DE OURO MASTER	IPSEP		""	COLISÃO	COLISÃO ENTRE DOIS AUTOS SEM VÍTIMAS	2									0		""	""	""	""	""	""	""	""	""	""	""	""	""
9206	2018-10-29T00:00:00	11:44:00	SEM VÍTIMA	FINALIZADA	IPSEP	RUA CLOTILDE MACHADO	88	""	PROX. AO CENTRO AUTOMOTIVO GARAGGE	RUA CLOTILDE MACHADO	88	PROX. AO CENTRO AUTOMOTIVO GARAGGE	IPSEP		""	COLISÃO	DOIS AUTOS	2									0		""	""	""	""	""	""	""	""	""	""	""	""	""
9207	2018-10-29T00:00:00	12:10:00	SEM VÍTIMA	FINALIZADA	IMBIRIBEIRA	RUA GENERAL GOES MONTEIRO	182	RUA ENGENHEIRO JOSE BRANDAO CAVALCANTE	NA RUA DO COLEGIO SANTA BARBARA	RUA GENERAL GOES MONTEIRO	182	NA RUA DO COLEGIO SANTA BARBARA	IMBIRIBEIRA		""	COLISÃO	DOIS AUTOS S/V	2									0		""	""	""	""	""	""	""	""	""	""	""	""	""
9208	2018-10-29T00:00:00	12:23:00	SEM VÍTIMA	FINALIZADA	IMBIRIBEIRA	AV MARECHAL MASCARENHAS DE MORAES	""	""	ABAIXO DO VIADUTO TANCREDO NEVES // SENTIDO AFOGADOS	AV MARECHAL MASCARENHAS DE MORAES	""	ABAIXO DO VIADUTO TANCREDO NEVES // SENTIDO AFOGADOS	IMBIRIBEIRA		""	COLISÃO	COLISÃO SEM VÍTMAS	4									0		""	""	""	""	""	""	""	""	""	""	""	""	""
9209	2018-10-29T00:00:00	13:20:00	SEM VÍTIMA	FINALIZADA	TEJIPIÓ	RUA FALCAO DE LACERDA	286	""	EM FRENTE À ESCOLA BARÃO DO RIO BRANCO // SEMÁFORO 411	RUA FALCAO DE LACERDA	286	EM FRENTE À ESCOLA BARÃO DO RIO BRANCO // SEMÁFORO 411	TEJIPIÓ		CID/SUB	COLISÃO	ENTRE AUTOS S/V.	2									0		""	""	""	""	""	""	""	""	""	""	""	""	""
9210	2018-10-29T00:00:00	13:43:00	SEM VÍTIMA	FINALIZADA	PINA	RUA MANOEL DE BRITO	""	""	NA DESCIDA DO VIA MANGUE E/F AO QUIOSQUE DE POLICIA	RUA MANOEL DE BRITO	""	NA DESCIDA DO VIA MANGUE E/F AO QUIOSQUE DE POLICIA	PINA	659	""	COLISÃO	COLISAO ENTRE DOIS AUTOS S/V	2									0		""	""	""	""	""	""	""	""	""	""	""	""	""
9211	2018-10-29T00:00:00	13:49:00	SEM VÍTIMA	FINALIZADA	BEBERIBE	AV BEBERIBE	""	AV PROFESSOR JOSE DOS ANJOS	NO CRUZAMENTO DO CANAL DO ARRUDA PROX AO WALMAR	AV BEBERIBE	""	NO CRUZAMENTO DO CANAL DO ARRUDA PROX AO WALMAR	BEBERIBE	131	""	COLISÃO	COLISAO ENTRE ONIBUS E AUTO S/V	1					1				0		""	""	""	""	""	""	""	""	""	""	""	""	""
9212	2018-10-29T00:00:00	13:57:00	COM VÍTIMA	FINALIZADA	SANTO AMARO	RUA DO POMBAL	""	RUA FREI CASSIMIRO	NA RUA DO IML	RUA DO POMBAL	""	NA RUA DO IML	SANTO AMARO		SUB/CID	ABALROAMENTO TRANSVERSAL	AUTO E MOTO C/V	1	1								1		Cruzamento	Bom	Não existe	Não existente	Seca	Perfeito estado	Não existe	"Placas ""Dê a preferência"""	""	Dupla	Canteiro central	""	""
9213	2018-10-29T00:00:00	14:33:00	SEM VÍTIMA	FINALIZADA	NOVA DESCOBERTA	AV NORTE	1011	""	PRÓX. AO FRIGORÍFICO DO MANO // SEMÁFORO 065	AV NORTE	1011	PRÓX. AO FRIGORÍFICO DO MANO // SEMÁFORO 065	NOVA DESCOBERTA		""	COLISÃO	ENTRE ÔNINUS E AUTO S/V.	1					1				0		""	""	""	""	""	""	""	""	""	""	""	""	""
9214	2018-10-29T00:00:00	16:01:00	COM VÍTIMA	FINALIZADA	SANTO ANTÔNIO	RUA DO SOL	""	""	POR TRÁS DO TEATRO SANTA ISABEL	RUA DO SOL	""	POR TRÁS DO TEATRO SANTA ISABEL	SANTO ANTÔNIO		SUB/CID	ABALROAMENTO LONGITUDINAL	COLISÃO ENTRE AUTO E MOTO COM VÍTIMA	1	1								2		APÓS O TREVO	Bom	Não existe	Perfeito estado	Seca	Perfeito estado	Não existe	""	""	Única	Blocos	""	""
9215	2018-10-29T00:00:00	16:15:00	COM VÍTIMA	FINALIZADA	IBURA	AV DOIS RIOS	1252	RUA RIBEIRAO VERMELHO	EM FRENTE A IGREJA SANTO EXPEDITO, AO LADO DA PAGUE MENOS	AV DOIS RIOS	1252	EM FRENTE A IGREJA SANTO EXPEDITO, AO LADO DA PAGUE MENOS	IBURA	323	CID/SUB	ABALROAMENTO LONGITUDINAL	AUTO E MOTO C/V	1	1								1		Longo da via	Bom	Não existe	Não existente	Seca	Não há	Não existe	Não há placas	""	Dupla	Não existe	""	""
9216	2018-10-29T00:00:00	16:16:00	SEM VÍTIMA	FINALIZADA	ROSARINHO	AV NORTE	""	AV SANTOS DUMONT	EM FRENTE À PADARIA ROSARINHO	AV NORTE	""	EM FRENTE À PADARIA ROSARINHO	ROSARINHO	81	""	COLISÃO	SEM VÍTIMAS	1						1			0		""	""	""	""	""	""	""	""	""	""	""	""	""
9217	2018-10-29T00:00:00	16:56:00	SEM VÍTIMA	FINALIZADA	DOIS UNIDOS	AV HILDEBRANDO DE VASCONCELOS	219	""	PROX. A SUBESTAÇAO DA CELPE	AV HILDEBRANDO DE VASCONCELOS	219	PROX. A SUBESTAÇAO DA CELPE	DOIS UNIDOS		CID/SUB	COLISÃO	DOIS AUTOS S/V	2									0		""	""	""	""	""	""	""	""	""	""	""	""	""
9218	2018-10-29T00:00:00	17:56:00	SEM VÍTIMA	FINALIZADA	MADALENA	AV BEIRA RIO	1041	""	ENF AO EDF. ENGENHO MADALENA	AV BEIRA RIO	1041	ENF AO EDF. ENGENHO MADALENA	MADALENA		""	COLISÃO	PALIO X UP	2									0		""	""	""	""	""	""	""	""	""	""	""	""	""
9219	2018-10-29T00:00:00	18:05:00	COM VÍTIMA	FINALIZADA	VÁRZEA	AV PROFESSOR ARTUR DE SA	1182	AV DOS ECONOMISTAS	AO LADO DA UFPE	AV PROFESSOR ARTUR DE SA	1182	AO LADO DA UFPE	VÁRZEA		""	COLISÃO COM CICLISTA	MOTO E CICLISTA		1		1						2		Longo da via	Bom	Não existe	Perfeito estado	Seca	Perfeito estado	Não existe	Não há placas	""	Dupla	FAIXA	""	""
9220	2018-10-29T00:00:00	18:06:00	COM VÍTIMA	EQUIPE EM DESLOCAMENTO	SOLEDADE	AV OLIVEIRA LIMA	99	""	ENF A IPHAN INSTITUTO DO PATRIMONIO HISTORICO	AV OLIVEIRA LIMA	99	ENF A IPHAN INSTITUTO DO PATRIMONIO HISTORICO	SOLEDADE		""	COLISÃO	MOTO X POLO BRANCO	1	1								1		""	""	""	""	""	""	""	""	""	""	""	""	""
9221	2018-10-29T00:00:00	18:22:00	SEM VÍTIMA	CANCELADA	IBURA	AV PRESIDENTE MEDICI	200	""	PRÓX AO PANTANAL / E/F A OFICINA DE CARROS	AV PRESIDENTE MEDICI	200	PRÓX AO PANTANAL / E/F A OFICINA DE CARROS	IBURA		""	COLISÃO	ENTRE ÕNIBUS E AUTO PASSEIO. S/V	1					1				0		""	""	""	""	""	""	""	""	""	""	""	""	""
9222	2018-10-29T00:00:00	18:28:00	SEM VÍTIMA	CANCELADA	DERBY	AV GOVERNADOR AGAMENON MAGALHAES	1160	""	ENF AO TRIBUNAL REGIONAL ELEITORAL DE PE.	AV GOVERNADOR AGAMENON MAGALHAES	1160	ENF AO TRIBUNAL REGIONAL ELEITORAL DE PE.	DERBY		CID/SUB	COLISÃO	HRV X ONIX	2									0		""	""	""	""	""	""	""	""	""	""	""	""	""
9223	2018-10-29T00:00:00	18:46:00	SEM VÍTIMA	CANCELADA	MADALENA	AV CAXANGA	""	""	PROX AO BRADESCO E ENF AO MUSEU	AV CAXANGA	""	PROX AO BRADESCO E ENF AO MUSEU	MADALENA		""	COLISÃO	BRT X VOYAGE	1					1				0		""	""	""	""	""	""	""	""	""	""	""	""	""
9224	2018-10-29T00:00:00	19:18:00	COM VÍTIMA	FINALIZADA	BOA VIAGEM	RUA BARAO DE SOUZA LEAO	425	""	E/F AO BANCO DO BRASIL E MAR HOTEL	RUA BARAO DE SOUZA LEAO	425	E/F AO BANCO DO BRASIL E MAR HOTEL	BOA VIAGEM		CID/SUB	COLISÃO TRASEIRA	MOTO X SANDERO	1	1								1		Longo da via	Bom	Não existe	Perfeito estado	Seca	Perfeito estado	Não existe	""	""	Única	FAIXA	""	""
9225	2018-10-29T00:00:00	22:17:00	SEM VÍTIMA	FINALIZADA	TORRE	RUA PADRE ANCHIETA	""	RUA DAVINO PONTUAL	E/F A CASA DE FESTA DI BRANCO / PRÓX A LIVRARIA BOA VISTA E EDF RIO MAUÉS	RUA PADRE ANCHIETA	""	E/F A CASA DE FESTA DI BRANCO / PRÓX A LIVRARIA BOA VISTA E EDF RIO MAUÉS	TORRE		""	COLISÃO	ENTRE 2 AUTOS. S/V	2									0		""	""	""	""	""	""	""	""	""	""	""	""	""
9226	2018-10-30T00:00:00	01:40:00	SEM VÍTIMA	FINALIZADA	CAXANGÁ	AV CAXANGA	""	AV AFONSO OLINDENSE	E/F AO TI DA CAXANGÁ E AO LADO DO POSTO SHELL	AV CAXANGA	""	E/F AO TI DA CAXANGÁ E AO LADO DO POSTO SHELL	CAXANGÁ		""	COLISÃO	ENTRE 2 AUTOS. S/V	2									0		""	""	""	""	""	""	""	""	""	""	""	""	""
9227	2018-10-30T00:00:00	06:52:00	COM VÍTIMA	FINALIZADA	SANTO AMARO	RUA DA AURORA	""	AV NORTE	PONTE DO LIMOEIRO	RUA DA AURORA	""	PONTE DO LIMOEIRO	SANTO AMARO	243	SUB/CID	ABALROAMENTO TRANSVERSAL	DOIS AUTOS - SENDO UMA VIATURA DE POLÍCIA DO MODELO GM SPIN POLÍCIA MILITAR	1							1		3		Cruzamento	Bom	Sem defeito	Perfeito estado	Seca	Perfeito estado	Faixa de pedestre	Não há placas	""	Única	Canteiro central	""	""
9228	2018-10-30T00:00:00	07:05:00	SEM VÍTIMA	FINALIZADA	IPSEP	AV RECIFE	3068	""	EM FRENTE AO SUPERMERCADO ECONOMICO	AV RECIFE	3068	EM FRENTE AO SUPERMERCADO ECONOMICO	IPSEP		""	COLISÃO	DOIS AUTOS	2									0		""	""	""	""	""	""	""	""	""	""	""	""	""
9229	2018-10-30T00:00:00	07:38:00	SEM VÍTIMA	FINALIZADA	ESTÂNCIA	AV RECIFE	""	""	PROX AO SUPERMERCADO WALMART EM FRENTE AO CONJUNTO IGNEZ ANDREAZZA	AV RECIFE	""	PROX AO SUPERMERCADO WALMART EM FRENTE AO CONJUNTO IGNEZ ANDREAZZA	ESTÂNCIA		BOA VIAGEM	COLISÃO	COLISÃO SEM VITIMAS	2									0		""	""	""	""	""	""	""	""	""	""	""	""	""
9230	2018-10-30T00:00:00	07:54:00	SEM VÍTIMA	FINALIZADA	CASA AMARELA	AV NORTE	""	AV PROFESSOR JOSE DOS ANJOS	EM FRENTE AO SESC	AV NORTE	""	EM FRENTE AO SESC	CASA AMARELA	364	SUBÚRBIO	COLISÃO TRASEIRA	TRES AUTOS JORGE BARROS E PARAISO NO QTH PONTO FIXO	3									0		Longo da via	Bom	Sem defeito	Perfeito estado	Seca	Perfeito estado	Agente	""	""	Dupla	Faixa contínua	Canteiro central	""
9231	2018-10-30T00:00:00	08:20:00	SEM VÍTIMA	FINALIZADA	ILHA DO RETIRO	RUA PADRE TEOFILO TWORZ	""	RUA COSME VIANA	EM FRENTE A TUPAM, SENTIDO AFOGADOS	RUA PADRE TEOFILO TWORZ	""	EM FRENTE A TUPAM, SENTIDO AFOGADOS	ILHA DO RETIRO		""	COLISÃO	AUTO E MOTO S/V	1	1								0		""	""	""	""	""	""	""	""	""	""	""	""	""
9232	2018-10-30T00:00:00	08:21:00	SEM VÍTIMA	FINALIZADA	ILHA DO RETIRO	RUA SPORT CLUBE DO RECIFE	""	""	EM FRENTE A LOJA DO SPORT CLUBE DO RECIFE	RUA SPORT CLUBE DO RECIFE	""	EM FRENTE A LOJA DO SPORT CLUBE DO RECIFE	ILHA DO RETIRO	367	CIDADE	COLISÃO	COLISÃO SEM VITIMAS	1	1								0		""	""	""	""	""	""	""	""	""	""	""	""	""
9233	2018-10-30T00:00:00	08:53:00	SEM VÍTIMA	FINALIZADA	AFOGADOS	RUA JOAQUIM DE VASCONCELOS PEREIRA	""	RUA SAO MIGUEL	E/F A ORAL SAÚDE	RUA JOAQUIM DE VASCONCELOS PEREIRA	""	E/F A ORAL SAÚDE	AFOGADOS	132	""	COLISÃO	SEM VÍTIMAS	1					1				0		""	""	""	""	""	""	""	""	""	""	""	""	""
9234	2018-10-30T00:00:00	08:53:00	SEM VÍTIMA	CANCELADA	BOA VIAGEM	AV ARMINDO MOURA	""	RUA COSMORAMA	SENT PRAIA / INICIO DA VILA MILITAR	AV ARMINDO MOURA	""	SENT PRAIA / INICIO DA VILA MILITAR	BOA VIAGEM	441	""	COLISÃO	CAMINHAO E AUTO	1						1			0		""	""	""	""	""	""	""	""	""	""	""	""	""
9235	2018-10-30T00:00:00	09:04:00	SEM VÍTIMA	FINALIZADA	BOA VIAGEM	RUA JOSE DOMINGUES DA SILVA	116	""	EM FRENTE AO EDF VIA SPAZIO	RUA JOSE DOMINGUES DA SILVA	116	EM FRENTE AO EDF VIA SPAZIO	BOA VIAGEM		""	COLISÃO	""	2									0		""	""	""	""	""	""	""	""	""	""	""	""	""
9236	2018-10-30T00:00:00	09:07:00	SEM VÍTIMA	FINALIZADA	BOA VIAGEM	RUA BRUNO VELOSO	""	AV FERNANDO SIMOES BARBOSA	NA SAIDA DO SHOPPING CENTER RECIFE EM FRENTE AO POSTO POLICIAL DO 19, BATALHÃO	RUA BRUNO VELOSO	""	NA SAIDA DO SHOPPING CENTER RECIFE EM FRENTE AO POSTO POLICIAL DO 19, BATALHÃO	BOA VIAGEM		""	COLISÃO	COLISÃO SEM VITIMAS	1	1								0		""	""	""	""	""	""	""	""	""	""	""	""	""
9237	2018-10-30T00:00:00	09:13:00	SEM VÍTIMA	FINALIZADA	DERBY	PRC DO DERBY	""	RUA FELICIANO GOMES	PROX AO BANCO BRADESCO / PONTO DE TAXI	PRC DO DERBY	""	PROX AO BANCO BRADESCO / PONTO DE TAXI	DERBY		""	COLISÃO	DOIS AUTOS	2									0		""	""	""	""	""	""	""	""	""	""	""	""	""
9238	2018-10-30T00:00:00	09:42:00	SEM VÍTIMA	FINALIZADA	GRAÇAS	AV RUI BARBOSA	735	""	EM FRENTE AO COLEGIO AGNES	AV RUI BARBOSA	735	EM FRENTE AO COLEGIO AGNES	GRAÇAS		""	COLISÃO	DOIS AUTOS S/V	2									0		""	""	""	""	""	""	""	""	""	""	""	""	""
9239	2018-10-30T00:00:00	09:46:00	SEM VÍTIMA	FINALIZADA	SANTO AMARO	RUA COELHO LEITE	393	""	E/F AO GALPÃO NÚMERO NÃO INFORMADO.	RUA COELHO LEITE	393	E/F AO GALPÃO NÚMERO NÃO INFORMADO.	SANTO AMARO		""	COLISÃO	SEM VÍTIMAS	1						1			0		""	""	""	""	""	""	""	""	""	""	""	""	""
9240	2018-10-30T00:00:00	10:10:00	SEM VÍTIMA	FINALIZADA	AREIAS	AV TAPAJOS	419	""	EM FRENTE A ESCOLA MUNICIPAL GOVERNADOR MIGUEL ARRAES DE ALENCAR	AV TAPAJOS	419	EM FRENTE A ESCOLA MUNICIPAL GOVERNADOR MIGUEL ARRAES DE ALENCAR	AREIAS		""	COLISÃO	COLISÃO SEM VITIMAS	1						1			0		""	""	""	""	""	""	""	""	""	""	""	""	""
9241	2018-10-30T00:00:00	10:30:00	SEM VÍTIMA	FINALIZADA	BOA VIAGEM	RUA RIBEIRO DE BRITO	1250	RUA JONATHAS DE VASCONCELOS	EM FRENTE AO HOTEL NACIONAL	RUA RIBEIRO DE BRITO	1250	EM FRENTE AO HOTEL NACIONAL	BOA VIAGEM		""	COLISÃO	DOIS AUTOS S/V	2									0		""	""	""	""	""	""	""	""	""	""	""	""	""
9242	2018-10-30T00:00:00	11:13:00	COM VÍTIMA	FINALIZADA	IMBIRIBEIRA	AV MARECHAL MASCARENHAS DE MORAES	4896	""	PROX AO POSTO DE GASOLINA SHELL , TOLENTINO ENGENHARIA	AV MARECHAL MASCARENHAS DE MORAES	4896	PROX AO POSTO DE GASOLINA SHELL , TOLENTINO ENGENHARIA	IMBIRIBEIRA		CID/SUB	COLISÃO TRASEIRA	COLISÃO COM VITIMA GM QTH	2									2		Longo da via	Bom	Sem defeito	Perfeito estado	Seca	Perfeito estado	Faixa de pedestre	Não há placas	60 km/h	Dupla	Canteiro central	""	""
9243	2018-10-30T00:00:00	11:37:00	SEM VÍTIMA	FINALIZADA	SÃO JOSÉ	RUA IMPERIAL	1006	TRV DO RAPOSO	E/F A CM	RUA IMPERIAL	1006	E/F A CM	SÃO JOSÉ	510	""	COLISÃO	SEM VÍTIMAS	1	1								0		""	""	""	""	""	""	""	""	""	""	""	""	""
9244	2018-10-30T00:00:00	11:50:00	SEM VÍTIMA	FINALIZADA	ESPINHEIRO	RUA BARAO DE ITAMARACA	430	RUA RUI CALACA	PROX. A CULTURA INGLESA	RUA BARAO DE ITAMARACA	430	PROX. A CULTURA INGLESA	ESPINHEIRO		""	COLISÃO	DOIS AUTOS S/V	2									0		""	""	""	""	""	""	""	""	""	""	""	""	""
9245	2018-10-30T00:00:00	12:26:00	SEM VÍTIMA	FINALIZADA	BOA VIAGEM	RUA DOS NAVEGANTES	1353	""	EM FRENTE AO EDIFÍCIO DOM AFONSO HENRIQUE	RUA DOS NAVEGANTES	1353	EM FRENTE AO EDIFÍCIO DOM AFONSO HENRIQUE	BOA VIAGEM		""	COLISÃO	COLISÃO ENTRE AUTOS S/V - VT 32 NO QTH	1	1								0		""	""	""	""	""	""	""	""	""	""	""	""	""
9246	2018-10-30T00:00:00	12:28:00	SEM VÍTIMA	FINALIZADA	BOA VISTA	RUA DOM BOSCO	1040	""	APOS O QUARTEL DA RP	RUA DOM BOSCO	1040	APOS O QUARTEL DA RP	BOA VISTA		""	COLISÃO	AUTO E ONIBUS 	1					1				0		""	""	""	""	""	""	""	""	""	""	""	""	""
9247	2018-10-30T00:00:00	12:44:00	SEM VÍTIMA	CANCELADA	CORDEIRO	RUA MAJOR QUINTEIRO	97	RUA RIBEIRO ROMA	PRÓX À EDUCANDÁRIO MARIA IMACULADA	RUA MAJOR QUINTEIRO	97	PRÓX À EDUCANDÁRIO MARIA IMACULADA	CORDEIRO		""	COLISÃO	ENTRE AUTOS S/V.	2									0		""	""	""	""	""	""	""	""	""	""	""	""	""
9248	2018-10-30T00:00:00	12:46:00	COM VÍTIMA	FINALIZADA	TAMARINEIRA	EST VELHA DE AGUA FRIA	""	AV PROFESSOR JOSE DOS ANJOS	E/F AO DNOCS	EST VELHA DE AGUA FRIA	""	E/F AO DNOCS	TAMARINEIRA	306	CID/SUB	ABALROAMENTO LONGITUDINAL	COLISAO ENTRE AUTO E MOTO COM UMA VITIMA	1	1								1		Cruzamento	Bom	Sem defeito	Perfeito estado	Seca	Perfeito estado	""	Não há placas	""	Dupla	Canteiro central	""	""
9249	2018-10-30T00:00:00	13:08:00	COM VÍTIMA	FINALIZADA	MADALENA	AV VISCONDE DE ALBUQUERQUE	""	RUA BENFICA	EM FRENTE AO BOMPREÇO	AV VISCONDE DE ALBUQUERQUE	""	EM FRENTE AO BOMPREÇO	MADALENA	51	CID/SUB	COLISÃO	CARROÇA TRANSITAVA NA FAIXA DE ONIBUS, QUANDO UM ONIBUS VEIO, E COLIDIU NA CARROÇA, ELA GIROU ATINGIDO UMA AMBULANCIA QUE ESTAVA PARADA.						1		1	1	1		Longo da via	Bom	Sem defeito	Perfeito estado	Seca	Perfeito estado	Faixa de pedestre	""	""	Única	""	""	""
9250	2018-10-30T00:00:00	13:33:00	SEM VÍTIMA	CANCELADA	BOA VIAGEM	AV ENGENHEIRO DOMINGOS FERREIRA	3814	""	EM FRENTE AO LAÇA BURGUER, E A DROGASIL	AV ENGENHEIRO DOMINGOS FERREIRA	3814	EM FRENTE AO LAÇA BURGUER, E A DROGASIL	BOA VIAGEM		""	COLISÃO	DOIS AUTOS S/V	2									0		""	""	""	""	""	""	""	""	""	""	""	""	""
9251	2018-10-30T00:00:00	13:40:00	SEM VÍTIMA	FINALIZADA	GRAÇAS	RUA DO FUTURO	375	RUA TEIXEIRA PINTO	AO LADO DA PADARIA TRIGOS MASSAS FINAS	RUA DO FUTURO	375	AO LADO DA PADARIA TRIGOS MASSAS FINAS	GRAÇAS		""	COLISÃO	DOIS AUTOS S/V	2									0		""	""	""	""	""	""	""	""	""	""	""	""	""
9252	2018-10-30T00:00:00	13:52:00	SEM VÍTIMA	FINALIZADA	SANTO AMARO	AV GOVERNADOR AGAMENON MAGALHAES	""	""	NO VIADUTO DO TACARUNA S/T OLINDA	AV GOVERNADOR AGAMENON MAGALHAES	""	NO VIADUTO DO TACARUNA S/T OLINDA	SANTO AMARO		""	ENGAVETAMENTO	ENGAVETAMENTO COM QUATRO AUTOS S/V	4									0		""	""	""	""	""	""	""	""	""	""	""	""	""