_id	DATA	hora	natureza_acidente	situacao	bairro	endereco	numero	detalhe_endereco_acidente	complemento	endereco_cruzamento	numero_cruzamento	referencia_cruzamento	bairro_cruzamento	num_semaforo	sentido_via	tipo	descricao	auto	moto	ciclom	ciclista	pedestre	onibus	caminhao	viatura	outros	vitimas	vitimasfatais	acidente_verificado	tempo_clima	situacao_semaforo	sinalizacao	condicao_via	conservacao_via	ponto_controle	situacao_placa	velocidade_max_via	mao_direcao	divisao_via1	divisao_via2	divisao_via3
9253	2018-10-26T00:00:00	13:30:00	COM VÍTIMA	FINALIZADA	ROSARINHO	AV NORTE	""	AV JOAO DE BARROS	""	AV NORTE	""	""	ROSARINHO	43	CID/SUB	COLISÃO COM CICLISTA	COLISÃO ENTRE DOIS CAMINHÕES E UM CICLISTA.				1			2			1		Longo da via	Bom	Sem defeito	Perfeito estado	Seca	Perfeito estado	Agente	""	""	Dupla	Canteiro central	""	""
9254	2018-10-30T00:00:00	14:01:00	SEM VÍTIMA	CANCELADA	BOA VIAGEM	RUA ERNESTO DE PAULA SANTOS	""	RUA AMALIA BERNARDINO DE SOUZA	ENTRE O POSTO PETROBRAS E A FACULDADE MAURICIO DE NASSAU	RUA ERNESTO DE PAULA SANTOS	""	ENTRE O POSTO PETROBRAS E A FACULDADE MAURICIO DE NASSAU	BOA VIAGEM		CID/SUB	COLISÃO	COLISAO ENTRE TRES AUTO S/V	3									0		""	""	""	""	""	""	""	""	""	""	""	""	""
9255	2018-10-30T00:00:00	15:02:00	SEM VÍTIMA	FINALIZADA	CABANGA	RUA BITURI	291	""	PRÓX. À COMPESA E À WAY LOCADORA DE VEÍCULOS.	RUA BITURI	291	PRÓX. À COMPESA E À WAY LOCADORA DE VEÍCULOS.	CABANGA		""	COLISÃO	ENTRE AUTO E ÔNIBUS S/V.	1					1				0		""	""	""	""	""	""	""	""	""	""	""	""	""
9256	2018-10-30T00:00:00	15:34:00	SEM VÍTIMA	FINALIZADA	CASA FORTE	AV DEZESSETE DE AGOSTO	""	""	EM FRENTE AO CPOR E AO IBAMA	AV DEZESSETE DE AGOSTO	""	EM FRENTE AO CPOR E AO IBAMA	CASA FORTE	389	CIDADE	COLISÃO TRASEIRA	ENTRE AUTOS S/V.	3									0		Longo da via	Bom	Sem defeito	Perfeito estado	Seca	Perfeito estado	Faixa de pedestre	Outras	""	Dupla	Faixa seccionada	""	""
9257	2018-10-30T00:00:00	16:26:00	SEM VÍTIMA	FINALIZADA	SÃO JOSÉ	C SANTA RITA	""	""	PRÓX À AGEMAR - ARMAZEM 18	C SANTA RITA	""	PRÓX À AGEMAR - ARMAZEM 18	SÃO JOSÉ		SUB/CID	COLISÃO	SEM VÍTIMAS		1					1			0		""	""	""	""	""	""	""	""	""	""	""	""	""
9258	2018-10-30T00:00:00	16:30:00	SEM VÍTIMA	FINALIZADA	PINA	AV CONSUL JOSEPH NOUJAIM	""	""	ACESSO AO SHOPPING RIOMAR NA RUA DO ATACADO DA CONSTRUÇÃO	AV CONSUL JOSEPH NOUJAIM	""	ACESSO AO SHOPPING RIOMAR NA RUA DO ATACADO DA CONSTRUÇÃO	PINA		""	COLISÃO	VARIOS VEICULOS ESTACIONADOS E LOCAL PROIBIDO	1					1				0		""	""	""	""	""	""	""	""	""	""	""	""	""
9259	2018-10-30T00:00:00	17:21:00	COM VÍTIMA	FINALIZADA	SANTO AMARO	AV GOVERNADOR AGAMENON MAGALHAES	""	""	UNICORDIS, ANTES DO SEMÁFORO 378	AV GOVERNADOR AGAMENON MAGALHAES	""	UNICORDIS, ANTES DO SEMÁFORO 378	SANTO AMARO		CID/SUB	ACID. DE PERCURSO	MOTOQUEIRO FOI ATINGIDO POR LINHA DE PIPA		1								1		Longo da via	Bom	Sem defeito	Perfeito estado	Seca	Perfeito estado	Não existe	Não há placas	60 km/h	Única	Canteiro central	""	""
9260	2018-10-30T00:00:00	17:57:00	SEM VÍTIMA	CANCELADA	JARDIM SÃO PAULO	AV PIRACICABA	""	""	E/F AO DEPÓSITO DA LARANJA / PRÓX AO POSTO USF PLANETA DOS MACACOS ll	AV PIRACICABA	""	E/F AO DEPÓSITO DA LARANJA / PRÓX AO POSTO USF PLANETA DOS MACACOS ll	JARDIM SÃO PAULO		""	COLISÃO	ENTRE ÕNIBUS E MICRO ÕNIBUS. S/V						2				0		""	""	""	""	""	""	""	""	""	""	""	""	""
9261	2018-10-30T00:00:00	18:23:00	COM VÍTIMA	FINALIZADA	CAMPO GRANDE	RUA FRANKLIN TAVORA	650	RUA OLIVEIRA FONSECA	E/F AO EDF CORINTHIOS, COLÉGIO MARIO MELO	RUA FRANKLIN TAVORA	650	E/F AO EDF CORINTHIOS, COLÉGIO MARIO MELO	CAMPO GRANDE		""	ABALROAMENTO TRANSVERSAL	ENTRE AUTO E MOTO. C/V	1	1								1		Cruzamento	Bom	Não existe	Não existente	Seca	Perfeito estado	""	Não há placas	""	Dupla	FAIXA	""	""
9262	2018-10-30T00:00:00	18:28:00	SEM VÍTIMA	FINALIZADA	BARRO	RUA ANDRE DIAS FIGUEREDO	""	AV DR JOSE RUFINO	AO LADO DO POSTO IMPERIO // PARK SOCIETY	RUA ANDRE DIAS FIGUEREDO	""	AO LADO DO POSTO IMPERIO // PARK SOCIETY	BARRO		""	COLISÃO	GRANDE SIENA X FIAT UNO	2									0		""	""	""	""	""	""	""	""	""	""	""	""	""
9263	2018-10-30T00:00:00	20:54:00	SEM VÍTIMA	FINALIZADA	BOA VIAGEM	RUA ERNESTO DE PAULA SANTOS	""	RUA TENENTE DOMINGOS DE BRITO	AO LADO DO POSTO SETTA	RUA ERNESTO DE PAULA SANTOS	""	AO LADO DO POSTO SETTA	BOA VIAGEM	330	""	COLISÃO	ENTRE 2 AUTOS. S/V	2									0		""	""	""	""	""	""	""	""	""	""	""	""	""
9264	2018-10-31T00:00:00	07:36:00	COM VÍTIMA	FINALIZADA	MADALENA	RUA REAL DA TORRE	1121	RUA BENFICA	TUNÉL DA ABOLIÇÃO	RUA REAL DA TORRE	1121	TUNÉL DA ABOLIÇÃO	MADALENA	257	""	ABALROAMENTO LONGITUDINAL	COLISÃO COM VITIMA		1				1				2		Longo da via	Bom	Sem defeito	Perfeito estado	Seca	Perfeito estado	Faixa de pedestre	Outras	""	Dupla	Faixa contínua	""	""
9265	2018-10-31T00:00:00	07:58:00	SEM VÍTIMA	FINALIZADA	IMBIRIBEIRA	RUA ARQUITETO LUIZ NUNES	1246	""	EM FRENTE A ANTIGA VIVO	RUA ARQUITETO LUIZ NUNES	1246	EM FRENTE A ANTIGA VIVO	IMBIRIBEIRA		SUB/CID	COLISÃO	SEM VITIMAS	2									0		""	""	""	""	""	""	""	""	""	""	""	""	""
9266	2018-10-31T00:00:00	08:16:00	SEM VÍTIMA	FINALIZADA	IPSEP	RUA JEAN EMILE FAVRE	70	RUA IZABEL DE SOUZA	ESQ DA OFICINA ORIGINAL AUTO CENTER	RUA JEAN EMILE FAVRE	70	ESQ DA OFICINA ORIGINAL AUTO CENTER	IPSEP		""	COLISÃO	DOIS AUTOS	2									0		""	""	""	""	""	""	""	""	""	""	""	""	""
9267	2018-10-31T00:00:00	08:24:00	SEM VÍTIMA	FINALIZADA	ILHA DO RETIRO	RUA SPORT CLUBE DO RECIFE	""	""	EM FRENTE A LOJA DO SPORT	RUA SPORT CLUBE DO RECIFE	""	EM FRENTE A LOJA DO SPORT	ILHA DO RETIRO		SUB/CID	COLISÃO	SEM VITIMAS	1						1			0		""	""	""	""	""	""	""	""	""	""	""	""	""
9268	2018-10-31T00:00:00	08:45:00	SEM VÍTIMA	FINALIZADA	SANTO AMARO	AV GOVERNADOR AGAMENON MAGALHAES	""	""	EM FRENTE AO UNICORDIS	AV GOVERNADOR AGAMENON MAGALHAES	""	EM FRENTE AO UNICORDIS	SANTO AMARO		SUB/CID	COLISÃO	SEM VITIMAS	1					1				0		""	""	""	""	""	""	""	""	""	""	""	""	""
9269	2018-10-31T00:00:00	08:50:00	SEM VÍTIMA	FINALIZADA	IMBIRIBEIRA	AV MARECHAL MASCARENHAS DE MORAES	""	RUA PINTOR LULA CARDOSO AYRES	NO TREVO AO LADO DA ENTRADA DA RUA PINTOR LULA CARDOSO AYRES	AV MARECHAL MASCARENHAS DE MORAES	""	NO TREVO AO LADO DA ENTRADA DA RUA PINTOR LULA CARDOSO AYRES	IMBIRIBEIRA		CID/SUB	COLISÃO	SEM VITIMAS	2									0		""	""	""	""	""	""	""	""	""	""	""	""	""
9270	2018-10-31T00:00:00	09:10:00	SEM VÍTIMA	FINALIZADA	BOA VIAGEM	AV BOA VIAGEM	""	""	E/F AO PARQUE DONA LINDU, NO LADO DIREITO DA VIA.	AV BOA VIAGEM	""	E/F AO PARQUE DONA LINDU, NO LADO DIREITO DA VIA.	BOA VIAGEM		""	COLISÃO	SEM VÍTIMAS	2									0		""	""	""	""	""	""	""	""	""	""	""	""	""
9271	2018-10-31T00:00:00	09:18:00	SEM VÍTIMA	FINALIZADA	MADALENA	RUA BENFICA	1150	RUA REAL DA TORRE	EM FRENTE AO MUSEU, E AO BANCO BRADESCO	RUA BENFICA	1150	EM FRENTE AO MUSEU, E AO BANCO BRADESCO	MADALENA	257	SUB/CID	COLISÃO	ENTRE DOIS AUTOS S/V	2									0		""	""	""	""	""	""	""	""	""	""	""	""	""
9272	2018-10-31T00:00:00	09:30:00	SEM VÍTIMA	FINALIZADA	BAIRRO DO RECIFE	AV MILITAR	545	""	EM FRENTE AO POSTO BR	AV MILITAR	545	EM FRENTE AO POSTO BR	BAIRRO DO RECIFE		""	COLISÃO	TRES AUTOS	3									0		""	""	""	""	""	""	""	""	""	""	""	""	""
9273	2018-10-31T00:00:00	09:34:00	SEM VÍTIMA	FINALIZADA	TORRE	RUA REAL DA TORRE	""	""	EM FRENTE AO ATACADO DOS PRESENTES. SENTIDO TORRE	RUA REAL DA TORRE	""	EM FRENTE AO ATACADO DOS PRESENTES. SENTIDO TORRE	TORRE		""	COLISÃO	""	1						1			0		""	""	""	""	""	""	""	""	""	""	""	""	""
9274	2018-10-31T00:00:00	09:35:00	COM VÍTIMA	FINALIZADA	PINA	AVENIDA CELSO FURTADO (VIA MANGUE)	""	""	POR TRAS DO AEROCLUBE, SENTIDO RIOMAR	AVENIDA CELSO FURTADO (VIA MANGUE)	""	POR TRAS DO AEROCLUBE, SENTIDO RIOMAR	PINA		""	COLISÃO	AUTO E MOTO C/V	1	1								1		""	""	""	""	""	""	""	""	""	""	""	""	""
9275	2018-10-31T00:00:00	10:47:00	SEM VÍTIMA	FINALIZADA	IBURA	RUA JATI	7	AV SANTOS	AO LADO DO COLEGIO MUNICIPAL CRISTIANO CORDEIRO	RUA JATI	7	AO LADO DO COLEGIO MUNICIPAL CRISTIANO CORDEIRO	IBURA		CID/SUB	COLISÃO	COLISÃO ENTRE UM TAXI E UM ONIBUS SEGUIDA DE UM CHOQUE COM UM POSTE DE ALTA TENSÃO,CELPE NO LOCAL,SEM VITIMA	1					1				0		""	""	""	""	""	""	""	""	""	""	""	""	""
9276	2018-10-31T00:00:00	11:50:00	SEM VÍTIMA	FINALIZADA	CORDEIRO	AV CAXANGA	""	""	EM FRENTE AO TI CAXANGA	AV CAXANGA	""	EM FRENTE AO TI CAXANGA	CORDEIRO	80	CID/SUB	ENGAVETAMENTO	TRES AUTOS PASSEIO E UMA VT DA PM	3							1		0		""	""	""	""	""	""	""	""	""	""	""	""	""
9277	2018-10-31T00:00:00	11:55:00	SEM VÍTIMA	FINALIZADA	BOA VIAGEM	RUA RIBEIRO DE BRITO	""	RUA VISCONDE DE JEQUITINHONHA	EM FRENTE A A PADARIA RIO TEJU	RUA RIBEIRO DE BRITO	""	EM FRENTE A A PADARIA RIO TEJU	BOA VIAGEM	298	""	COLISÃO	SEM VITIMAS,CTTU NO LOCAL	2									0		""	""	""	""	""	""	""	""	""	""	""	""	""
9278	2018-10-31T00:00:00	11:57:00	SEM VÍTIMA	FINALIZADA	ILHA DO LEITE	AV GOVERNADOR AGAMENON MAGALHAES	4779	""	E/F A O PRESARIAL ISAAC NEWTON	AV GOVERNADOR AGAMENON MAGALHAES	4779	E/F A O PRESARIAL ISAAC NEWTON	ILHA DO LEITE		""	ACID. DE PERCURSO	PLACA DE SINALIZAÇAO CAIU SOBRE VEICULO NA VIA	1									0		""	""	""	""	""	""	""	""	""	""	""	""	""
9279	2018-10-31T00:00:00	12:00:00	SEM VÍTIMA	FINALIZADA	BAIRRO DO RECIFE	RUA SIQUEIRA CAMPOS	45	AV MARTINS DE BARROS	EM FRENTE AO SANTADER	RUA SIQUEIRA CAMPOS	45	EM FRENTE AO SANTADER	BAIRRO DO RECIFE		""	COLISÃO	ENTRE AUTO E ONIBUS 	1					1				0		""	""	""	""	""	""	""	""	""	""	""	""	""
9280	2018-10-31T00:00:00	12:13:00	COM VÍTIMA	FINALIZADA	AFOGADOS	RUA SAO MIGUEL	685	""	PROX A IGREJA BATISTA E/F AO COLEGIO PAN AMERICANO	RUA SAO MIGUEL	685	PROX A IGREJA BATISTA E/F AO COLEGIO PAN AMERICANO	AFOGADOS	391	CID/SUB	ABALROAMENTO LONGITUDINAL	COLISAO ENTRE AUTO E MOTO COM UMA VITIMA	1	1								1		Longo da via	Bom	Sem defeito	Perfeito estado	Seca	Perfeito estado	Faixa de pedestre	OUTRAS	""	Dupla	FAIXA	""	""
9281	2018-10-31T00:00:00	12:14:00	SEM VÍTIMA	FINALIZADA	AREIAS	AV RECIFE	3587	""	ENFRENTE A EMLURB	AV RECIFE	3587	ENFRENTE A EMLURB	AREIAS		SUB/CID	COLISÃO	COLISÃO SEM VITIMAS	1						1			0		""	""	""	""	""	""	""	""	""	""	""	""	""
9282	2018-10-31T00:00:00	12:21:00	SEM VÍTIMA	FINALIZADA	BOA VIAGEM	RUA ERNESTO DE PAULA SANTOS	1235	""	E/F A FARMACIA PAGUE MENOS	RUA ERNESTO DE PAULA SANTOS	1235	E/F A FARMACIA PAGUE MENOS	BOA VIAGEM		""	COLISÃO	COLISAO ENTRE AUTO E MOTO S/V	1	1								0		""	""	""	""	""	""	""	""	""	""	""	""	""
9283	2018-10-31T00:00:00	12:25:00	SEM VÍTIMA	FINALIZADA	BOA VIAGEM	RUA SARGENTO SILVINO DE MACEDO	550	""	AO LADO DO POSTO DE SAUDE COQUEIRAL	RUA SARGENTO SILVINO DE MACEDO	550	AO LADO DO POSTO DE SAUDE COQUEIRAL	BOA VIAGEM		""	COLISÃO	COLISAO ENTRE DOIS AUTOS S/V	2									0		""	""	""	""	""	""	""	""	""	""	""	""	""
9284	2018-10-31T00:00:00	12:35:00	SEM VÍTIMA	CANCELADA	ESTÂNCIA	RUA JOAO TEIXEIRA	""	""	E/F AO COLEGIO VISAO	RUA JOAO TEIXEIRA	""	E/F AO COLEGIO VISAO	ESTÂNCIA		""	COLISÃO	COLISAO ENTRE DOIS AUTS S/V	2									0		""	""	""	""	""	""	""	""	""	""	""	""	""
9285	2018-10-31T00:00:00	13:10:00	SEM VÍTIMA	FINALIZADA	BOA VISTA	AV MANOEL BORBA	786	""	E/F AO ESPAÇO APRENDIZ	AV MANOEL BORBA	786	E/F AO ESPAÇO APRENDIZ	BOA VISTA		""	COLISÃO	COLISAO ENTRE DOIS AUTOS S/V	2									0		""	""	""	""	""	""	""	""	""	""	""	""	""
9286	2018-10-31T00:00:00	13:36:00	SEM VÍTIMA	FINALIZADA	PARNAMIRIM	RUA DES GOIS CAVALCANTE	""	""	AO LADO DO HOSPITAL AGAMENON MAGALHAES	RUA DES GOIS CAVALCANTE	""	AO LADO DO HOSPITAL AGAMENON MAGALHAES	PARNAMIRIM		""	COLISÃO	COLISSÃO ENTRE AUTO E ÔNIBUS SEM VÍTIMA	1					1				0		""	""	""	""	""	""	""	""	""	""	""	""	""
9287	2018-10-31T00:00:00	14:33:00	SEM VÍTIMA	FINALIZADA	DERBY	AV GOVERNADOR CARLOS DE LIMA CAVALCANTI	""	RUA MIGUEL COUTO	LABO. LUCILO MARANHÃO	AV GOVERNADOR CARLOS DE LIMA CAVALCANTI	""	LABO. LUCILO MARANHÃO	DERBY		SUB/CID	COLISÃO	COLISÃO SEM VITIMAS	1					1				0		""	""	""	""	""	""	""	""	""	""	""	""	""
9288	2018-10-31T00:00:00	14:39:00	SEM VÍTIMA	FINALIZADA	CAMPO GRANDE	RUA CATULO DA PAIXAO CEARENSE	""	RUA PROFESSOR FRANCISCO DA TRINDADE	""	RUA CATULO DA PAIXAO CEARENSE	""	""	CAMPO GRANDE		""	COLISÃO	COLISÃO SEM VITIMAS										0		""	""	""	""	""	""	""	""	""	""	""	""	""
9289	2018-10-31T00:00:00	14:46:00	SEM VÍTIMA	FINALIZADA	IBURA	AV DOIS RIOS	""	AV RECIFE	POR TRAS DO NUCLEO DA POLICIA	AV DOIS RIOS	""	POR TRAS DO NUCLEO DA POLICIA	IBURA		""	COLISÃO	CLISAO ENTRE CARRETA E AUTO S/V	1						1			0		""	""	""	""	""	""	""	""	""	""	""	""	""
9290	2018-10-31T00:00:00	15:17:00	SEM VÍTIMA	CANCELADA	BOA VISTA	RUA IMPERATRIZ TEREZA CRISTINA	""	RUA AURORA	NA ESQUINA DA PONTE DE FERRO, NA RUA DA IMPERATRIZ	RUA IMPERATRIZ TEREZA CRISTINA	""	NA ESQUINA DA PONTE DE FERRO, NA RUA DA IMPERATRIZ	BOA VISTA	210	""	COLISÃO	COLISAO ENTRE DOIS AUTOS S/V	2									0		""	""	""	""	""	""	""	""	""	""	""	""	""
9291	2018-10-31T00:00:00	16:32:00	SEM VÍTIMA	FINALIZADA	CAMPINA DO BARRETO	AV CORREIA DE BRITO	208	""	NO INICIO DO GIRADOURO DA ESTRADA BELEM ANTES DA EMPRESA BLINIO CAVALCANTE	AV CORREIA DE BRITO	208	NO INICIO DO GIRADOURO DA ESTRADA BELEM ANTES DA EMPRESA BLINIO CAVALCANTE	CAMPINA DO BARRETO		""	COLISÃO	COLSAO ENTRE DOIS AUTOS S/V	2									0		""	""	""	""	""	""	""	""	""	""	""	""	""
9292	2018-10-31T00:00:00	16:50:00	SEM VÍTIMA	CANCELADA	PRADO	RUA SANTA EDWIRGES	182	RUA PINTO JUNIOR	PROX. AO CRUZAMENTO DA ABDIAS DE CARVALHO	RUA SANTA EDWIRGES	182	PROX. AO CRUZAMENTO DA ABDIAS DE CARVALHO	PRADO		SUB/CID	COLISÃO	COLISÃO SEM VITIMAS	1								1	0		""	""	""	""	""	""	""	""	""	""	""	""	""
9293	2018-10-31T00:00:00	17:17:00	SEM VÍTIMA	FINALIZADA	VÁRZEA	AV CAXANGA	""	""	EM CIMA DA PONTE DA CAXANGÁ, APÓS A UPA	AV CAXANGA	""	EM CIMA DA PONTE DA CAXANGÁ, APÓS A UPA	VÁRZEA		SUB/CID	COLISÃO	COLISÃO AUTO E VT DA PM.	1							1		0		""	""	""	""	""	""	""	""	""	""	""	""	""
9294	2018-10-31T00:00:00	17:17:00	SEM VÍTIMA	FINALIZADA	BOA VIAGEM	RUA BARAO DE SOUZA LEAO	1241	AV DES JOSE NEVES	GALERIA, TREVO	RUA BARAO DE SOUZA LEAO	1241	GALERIA, TREVO	BOA VIAGEM		CID/SUB	COLISÃO	COLISÃO SEM VITIMAS	2									0		""	""	""	""	""	""	""	""	""	""	""	""	""
9295	2018-10-31T00:00:00	17:50:00	COM VÍTIMA	CANCELADA	CAMPO GRANDE	EST DE BELEM	""	""	E/F AO POSTO TOTAL / AO LADO DA CLINICA CENTER	EST DE BELEM	""	E/F AO POSTO TOTAL / AO LADO DA CLINICA CENTER	CAMPO GRANDE	94	""	COLISÃO	ENTRE 2 AUTOS. C/V	2									1		""	""	""	""	""	""	""	""	""	""	""	""	""
9296	2018-10-31T00:00:00	18:07:00	SEM VÍTIMA	CANCELADA	CAMPO GRANDE	RUA ALMIRANTE BARROSO	""	""	ESQUINA COM O BAR ACORDE / E/F A MERCEARIA DOIS IRTMÃOS	RUA ALMIRANTE BARROSO	""	ESQUINA COM O BAR ACORDE / E/F A MERCEARIA DOIS IRTMÃOS	CAMPO GRANDE		""	COLISÃO	ENTRE 2 AUTOS. S/V	2									0		""	""	""	""	""	""	""	""	""	""	""	""	""
9297	2018-10-31T00:00:00	18:40:00	SEM VÍTIMA	FINALIZADA	IMBIRIBEIRA	AV MARECHAL MASCARENHAS DE MORAES	4223	""	ENF A UPA DA IMBIRIBEIRA	AV MARECHAL MASCARENHAS DE MORAES	4223	ENF A UPA DA IMBIRIBEIRA	IMBIRIBEIRA		SUB/CID	COLISÃO	ONIBUS X PALIO VINHO	1					1				0		""	""	""	""	""	""	""	""	""	""	""	""	""
9298	2018-10-31T00:00:00	18:45:00	COM VÍTIMA	FINALIZADA	BOA VISTA	AV CONDE DA BOA VISTA	1482	""	AO LADO DA POLITEC E COPE / PRÓX AO POSTO BR. AO LADO DA PARADA Nº 180309.	AV CONDE DA BOA VISTA	1482	AO LADO DA POLITEC E COPE / PRÓX AO POSTO BR. AO LADO DA PARADA Nº 180309.	BOA VISTA		CID/SUB	ATROPELAMENTO	ENTRE ÕNIBUS E PEDESTRE. C/V					1	1				1		Longo da via	Bom	Não existe	Ilegível	Seca	Mal iluminada	Não existe	Não há placas	60 km/h	Dupla	Não existe	""	""
9299	2018-10-31T00:00:00	19:00:00	COM VÍTIMA	FINALIZADA	SAN MARTIN	AV GENERAL SAN MARTIN	2450	RUA PROFESSOR SILVIO DA CUNHA SANTOS	AO LADO DA ESCOLA ADVENTISTA	AV GENERAL SAN MARTIN	2450	AO LADO DA ESCOLA ADVENTISTA	SAN MARTIN		CID/SUB	ATROPELAMENTO	ONIBUS X MOTO		1			1	1				1		Cruzamento	Bom	Não existe	Perfeito estado	Seca	Perfeito estado	""	""	""	Dupla	FAIXA	""	""
9300	2018-10-31T00:00:00	19:32:00	SEM VÍTIMA	FINALIZADA	IMBIRIBEIRA	RUA ENGENHEIRO JOSE BRANDAO CAVALCANTE	95	RUA GENERAL GOES MONTEIRO	PRÓX A VW EXPRESS E ESTORIL DELICATESSEN	RUA ENGENHEIRO JOSE BRANDAO CAVALCANTE	95	PRÓX A VW EXPRESS E ESTORIL DELICATESSEN	IMBIRIBEIRA		""	COLISÃO	ENTRE 2 AUTOS. S/V	2									0		""	""	""	""	""	""	""	""	""	""	""	""	""
9301	2018-10-31T00:00:00	19:37:00	SEM VÍTIMA	FINALIZADA	ILHA JOANA BEZERRA	PTE JOAQUIM CARDOSO	""	""	NO PÉ DA PONTE SENTIDO IMIP // EMBAIXO DO PONTILHAO DO METRO	PTE JOAQUIM CARDOSO	""	NO PÉ DA PONTE SENTIDO IMIP // EMBAIXO DO PONTILHAO DO METRO	ILHA JOANA BEZERRA		""	COLISÃO	VT DA PM X MOTO X PALIO X PALIO	3	1								0		""	""	""	""	""	""	""	""	""	""	""	""	""
9302	2018-10-31T00:00:00	20:14:00	COM VÍTIMA	FINALIZADA	IPSEP	RUA ADERBAL DE MELO	260	RUA PROFESSOR JOSE VICENTE	PROX AO ANTIGO BATALHAO DECIMO NONO // FEIJOADA DO JOAO	RUA ADERBAL DE MELO	260	PROX AO ANTIGO BATALHAO DECIMO NONO // FEIJOADA DO JOAO	IPSEP		""	ATROPELAMENTO	GOL X PEDESTRE	1				1					1		Longo da via	Bom	Não existe	Incompleta	Seca	Perfeito estado	""	Não há placas	30 km/h	Dupla	""	""	""
9303	2018-10-31T00:00:00	21:01:00	SEM VÍTIMA	FINALIZADA	IBURA	RUA EXP FRANCISCO VITORIANO	791	RUA JORNALISTA JOSE DE SA	PROX AO ARMAZEM JUPETE	RUA EXP FRANCISCO VITORIANO	791	PROX AO ARMAZEM JUPETE	IBURA		""	COLISÃO	FOX X CAMINHAO	1						1			0		""	""	""	""	""	""	""	""	""	""	""	""	""
9304	2018-10-31T00:00:00	21:50:00	SEM VÍTIMA	FINALIZADA	BOA VIAGEM	RUA PADRE LUIZ MARQUES TEIXEIRA	215	""	PRÓX AO RESTAURANTE COSTA BRAVA / E/F AO EDF PEDRA BRAVA	RUA PADRE LUIZ MARQUES TEIXEIRA	215	PRÓX AO RESTAURANTE COSTA BRAVA / E/F AO EDF PEDRA BRAVA	BOA VIAGEM		""	COLISÃO	ENTRE AUTO E MOTO. S/V	1	1								0		""	""	""	""	""	""	""	""	""	""	""	""	""
9305	2018-10-31T00:00:00	22:23:00	SEM VÍTIMA	FINALIZADA	SANTO ANTÔNIO	RUA DO SOL	""	RUA NOVA	PRX A PONTE DE FERRO	RUA DO SOL	""	PRX A PONTE DE FERRO	SANTO ANTÔNIO	13	""	COLISÃO	PALIO X ONIBUS 	1					1				0		""	""	""	""	""	""	""	""	""	""	""	""	""
9306	2018-11-01T00:00:00	02:13:00	SEM VÍTIMA	FINALIZADA	AFOGADOS	EST DO BONGI	""	RUA COSME VIANA	EM FRENTE A IMBIRIBEIRA VEÍCULOS	EST DO BONGI	""	EM FRENTE A IMBIRIBEIRA VEÍCULOS	AFOGADOS	100	CIDADE/SUBÚRBIO	ABALROAMENTO TRANSVERSAL	COLISÃO ENTRE DOIS AUTOS, S/V.	2									0		Cruzamento	Bom	Intermitente	Perfeito estado	Seca	Perfeito estado	Outros	Outras	""	Dupla	Faixa contínua	""	""
9307	2018-11-01T00:00:00	07:01:00	SEM VÍTIMA	CANCELADA	JARDIM SÃO PAULO	AV RECIFE	5705	""	EM FRENTE DA IGREJA UNIVERSAL	AV RECIFE	5705	EM FRENTE DA IGREJA UNIVERSAL	JARDIM SÃO PAULO		""	COLISÃO	SEM VITIMAS /SENTIDO BOA VIAGEM	2									0		Não informado	""	""	""	""	""	""	""	""	""	""	""	""
9308	2018-11-01T00:00:00	08:00:00	SEM VÍTIMA	FINALIZADA	ILHA JOANA BEZERRA	PTE JOSE DE BARROS LIMA	""	""	SENTIDO AGAMENON MAGALHÃES. SOBRE O VIADUTO	PTE JOSE DE BARROS LIMA	""	SENTIDO AGAMENON MAGALHÃES. SOBRE O VIADUTO	ILHA JOANA BEZERRA		CIDADE	COLISÃO TRASEIRA	SEM VÍTIMAS	3									0		Longo da via	Bom	Não existe	Perfeito estado	Seca	Perfeito estado	Não existe	Não há placas	60 km/h	Dupla	Canteiro central	""	""
9309	2018-11-01T00:00:00	08:09:00	COM VÍTIMA	FINALIZADA	JARDIM SÃO PAULO	RUA LORENA	1020	RUA LEANDRO BARRETO	NA SUBIDA DO VIADUTO DE JARDIM SAO PAULO	RUA LORENA	1020	NA SUBIDA DO VIADUTO DE JARDIM SAO PAULO	JARDIM SÃO PAULO		CIDADE	ABALROAMENTO TRANSVERSAL	MOTO / ONIBUS / AUTO PASSEIO	1	1				1				1		Cruzamento	Bom	Não existe	Perfeito estado	Seca	Perfeito estado	OUTROS	Não há placas	30 km/h	Dupla	Canteiro central	""	""
9310	2018-11-01T00:00:00	08:35:00	SEM VÍTIMA	FINALIZADA	BARRO	AV DR JOSE RUFINO	1771	""	EM FRENTE AO CONDOMINIO MORADA DO BARRO	AV DR JOSE RUFINO	1771	EM FRENTE AO CONDOMINIO MORADA DO BARRO	BARRO		SUBURBIO	COLISÃO TRASEIRA	SEM VITIMAS	1						1			0		Longo da via	Bom	Sem defeito	Perfeito estado	Seca	Perfeito estado	Não existe	Não há placas	""	Dupla	Faixa seccionada	""	""
9311	2018-11-01T00:00:00	08:47:00	COM VÍTIMA	FINALIZADA	BONGI	RUA SANTA EDWIRGES	""	RUA PADRE TEOFILO TWORZ	EM FRENTE A IGREJA PRESBITERIANA DO PRADO	RUA SANTA EDWIRGES	""	EM FRENTE A IGREJA PRESBITERIANA DO PRADO	BONGI		SUBURBIO	ABALROAMENTO TRANSVERSAL	COLISÃO COM VITIMA A ESPERA DO SAMU	2									1		Cruzamento	Bom	Não existe	Não existente	Seca	Perfeito estado	Não existe	Não há placas	""	Única	""	""	""