_id	DATA	hora	natureza_acidente	situacao	bairro	endereco	numero	detalhe_endereco_acidente	complemento	endereco_cruzamento	numero_cruzamento	referencia_cruzamento	bairro_cruzamento	num_semaforo	sentido_via	tipo	descricao	auto	moto	ciclom	ciclista	pedestre	onibus	caminhao	viatura	outros	vitimas	vitimasfatais	acidente_verificado	tempo_clima	situacao_semaforo	sinalizacao	condicao_via	conservacao_via	ponto_controle	situacao_placa	velocidade_max_via	mao_direcao	divisao_via1	divisao_via2	divisao_via3
9312	2018-11-01T00:00:00	09:07:00	SEM VÍTIMA	FINALIZADA	ÁGUA FRIA	EST VELHA DE AGUA FRIA	353	RUA BOMBA DO HEMETERIO	NO GIRADORO EM FRENTE AO POSTO NORTE BRAS	EST VELHA DE AGUA FRIA	353	NO GIRADORO EM FRENTE AO POSTO NORTE BRAS	ÁGUA FRIA		SUBURBIO	ABALROAMENTO LONGITUDINAL	SEM VITIMAS		1				1				0		Outros	Bom	Não existe	Perfeito estado	Seca	Perfeito estado	Faixa de retenção	Não há placas	""	Dupla	Canteiro central	""	""
9313	2018-11-01T00:00:00	09:20:00	SEM VÍTIMA	FINALIZADA	CAMPO GRANDE	RUA MANUEL DE BARROS LIMA	153	RUA MARIO SETE	EM FRENTE AO EDIFICIO NORMA AFONSO	RUA MANUEL DE BARROS LIMA	153	EM FRENTE AO EDIFICIO NORMA AFONSO	CAMPO GRANDE		SUBURBIO	ABALROAMENTO LONGITUDINAL	COLISÃO SEM VITIMAS	1						1			0		Longo da via	Bom	Não existe	Perfeito estado	Seca	Perfeito estado	Faixa de retenção	"Placas ""Pare"""	""	Única	Não existe	""	""
9314	2018-11-01T00:00:00	10:17:00	SEM VÍTIMA	FINALIZADA	ESPINHEIRO	AV GOVERNADOR AGAMENON MAGALHAES	3158	""	EM FRENTE A UNIMED RECIFE URGENCIA PEDIATRICA	AV GOVERNADOR AGAMENON MAGALHAES	3158	EM FRENTE A UNIMED RECIFE URGENCIA PEDIATRICA	ESPINHEIRO		SUBURBIO	ABALROAMENTO LONGITUDINAL	SEM VITIMAS SENTIDO BOA VIAGEM	1					1				0		Longo da via	Bom	Não existe	Perfeito estado	Seca	Perfeito estado	Não existe	Não há placas	60 km/h	Única	Faixa contínua	""	""
9315	2018-11-01T00:00:00	10:35:00	SEM VÍTIMA	FINALIZADA	AFOGADOS	RUA COSME VIANA	102	RUA TREZE DE AGOSTO	E/F A RECIFE RODAS	RUA COSME VIANA	102	E/F A RECIFE RODAS	AFOGADOS	426	CIDADE	COLISÃO TRASEIRA	SEM VÍTIMAS	2									0		Cruzamento	Bom	Sem defeito	Perfeito estado	Molhada	Mal iluminada	Faixa de pedestre	Não há placas	""	Única	Não existe	""	""
9316	2018-11-01T00:00:00	10:51:00	SEM VÍTIMA	FINALIZADA	BOA VIAGEM	RUA JOAO CARDOSO AIRES	971	""	RESTAURANTE DO BAMBAM	RUA JOAO CARDOSO AIRES	971	RESTAURANTE DO BAMBAM	BOA VIAGEM		SUBURBIO	COLISÃO TRASEIRA	COLISÃO SEM VITIMAS	2									0		Longo da via	Bom	Não existe	Não existente	Seca	Perfeito estado	Não existe	Não há placas	40 km/h	Dupla	Não existe	""	""
9317	2018-11-01T00:00:00	11:58:00	SEM VÍTIMA	FINALIZADA	TORRE	RUA JOSE BONIFACIO	339	RUA CLOVIS BEVILAQUA	EM FRENTE ASFAB	RUA JOSE BONIFACIO	339	EM FRENTE ASFAB	TORRE		OUTRO	ABALROAMENTO TRANSVERSAL	DOIS AUTOS / VT 16 NO QTH	2									0		Outros	Bom	Sem defeito	Perfeito estado	Seca	Perfeito estado	Não existe	Não há placas	""	Única	""	""	""
9318	2018-11-01T00:00:00	12:22:00	SEM VÍTIMA	FINALIZADA	BONGI	AV ENGENHEIRO ABDIAS DE CARVALHO	""	""	E/F A FACULDADE ESTÁCIO DE SÁ S/T CID	AV ENGENHEIRO ABDIAS DE CARVALHO	""	E/F A FACULDADE ESTÁCIO DE SÁ S/T CID	BONGI		CIDADE	COLISÃO TRASEIRA	COLISAO ENTRE DOIS AUTOS S/V	2									0		Longo da via	Bom	Sem defeito	Perfeito estado	Seca	Perfeito estado	Não existe	Outras	""	Dupla	Canteiro central	""	""
9319	2018-11-01T00:00:00	12:33:00	SEM VÍTIMA	FINALIZADA	IPUTINGA	RUA PEREIRA COUTINHO FILHO	""	RUA MAURICIO DE NASSAU	DEPOIS DA LOMBADA ELETRÔNICA	RUA PEREIRA COUTINHO FILHO	""	DEPOIS DA LOMBADA ELETRÔNICA	IPUTINGA		SUBURBIO	COLISÃO TRASEIRA	SEM VÍTIMAS	3									0		Longo da via	Bom	Não existe	Perfeito estado	Seca	Perfeito estado	Não existe	Não há placas	40 km/h	Dupla	""	""	""
9320	2018-11-01T00:00:00	12:54:00	SEM VÍTIMA	CANCELADA	IBURA	AV PERNAMBUCO	279	""	EM FRENTE A FARMA AGAPE	AV PERNAMBUCO	279	EM FRENTE A FARMA AGAPE	IBURA		""	COLISÃO	AUTO E ONIBUS	1					1				0		Não informado	""	""	""	""	""	""	""	""	""	""	""	""
9321	2018-10-31T00:00:00	10:00:00	COM VÍTIMA	FINALIZADA	PINA	AVENIDA CELSO FURTADO (VIA MANGUE)	""	""	ANTIGO AEROCLUBE	AVENIDA CELSO FURTADO (VIA MANGUE)	""	ANTIGO AEROCLUBE	PINA		CIDADE	COLISÃO TRASEIRA	COLISÃO AUTO E MOTO.	1	1								1		Longo da via	Bom	Não existe	Perfeito estado	Seca	Perfeito estado	Não existe	Não há placas	""	Dupla	Canteiro central	""	""
9322	2018-10-31T00:00:00	18:15:00	COM VÍTIMA	FINALIZADA	SOLEDADE	AV OLIVEIRA LIMA	999	""	EM FRENTE AO EDIFÍCIO ANA REGINA.	AV OLIVEIRA LIMA	999	EM FRENTE AO EDIFÍCIO ANA REGINA.	SOLEDADE		CIDADE	ABALROAMENTO TRANSVERSAL	COLISÃO AUTO E MOTO.	1	1								1		Longo da via	Bom	Não existe	Perfeito estado	Seca	Perfeito estado	Não existe	R6A	""	Única	Não existe	""	""
9323	2018-11-01T00:00:00	13:47:00	SEM VÍTIMA	CANCELADA	AREIAS	AV RECIFE	1644	""	EM FRENTE AO HOSPITAL GERAL DE AREIAS	AV RECIFE	1644	EM FRENTE AO HOSPITAL GERAL DE AREIAS	AREIAS	617	""	COLISÃO	ENTRE AUTO E MOTO S/V.	1	1								0		Não informado	""	""	""	""	""	""	""	""	""	""	""	""
9324	2018-11-01T00:00:00	14:18:00	SEM VÍTIMA	CANCELADA	SÃO JOSÉ	C SANTA RITA	""	""	EM FRENTE AO 16° BATALHÃO	C SANTA RITA	""	EM FRENTE AO 16° BATALHÃO	SÃO JOSÉ	582	SUBURBIO	COLISÃO	ONIBUS E CAMINHÃO OFICIAL DO EXERCITO						1	1			0		Não informado	""	""	""	""	""	""	""	""	""	""	""	""
9325	2018-11-01T00:00:00	14:43:00	SEM VÍTIMA	FINALIZADA	SÃO JOSÉ	RUA SAO JOAO	387	RUA SAO JOAO	EM FRENTE A SECRETARIA DA FAZENDA	RUA SAO JOAO	387	EM FRENTE A SECRETARIA DA FAZENDA	SÃO JOSÉ	54	SUBÚRBIO	CHOQUE VEÍCULO PARADO	DOIS AUTOS	2									0		Longo da via	Bom	Sem defeito	Perfeito estado	Seca	Perfeito estado	Não existe	Não há placas	40 km/h	Única	Não existe	""	""
9326	2018-11-01T00:00:00	14:47:00	SEM VÍTIMA	FINALIZADA	BOA VIAGEM	RUA RIBEIRO DE BRITO	1197	RUA CORONEL ANIZIO RODRIGUES COELHO	PRÓXIMO AO VIADUTO TRANCREDO NEVES	RUA RIBEIRO DE BRITO	1197	PRÓXIMO AO VIADUTO TRANCREDO NEVES	BOA VIAGEM		SUBURBIO	ABALROAMENTO LONGITUDINAL	DOIS AUTO PASSEIOS	1	1								0		Cruzamento	Bom	Não existe	Perfeito estado	Seca	Perfeito estado	Não existe	Outras	60 km/h	Única	Faixa seccionada	""	""
9327	2018-11-01T00:00:00	15:05:00	SEM VÍTIMA	FINALIZADA	TAMARINEIRA	AV PROFESSOR JOSE DOS ANJOS	""	""	PRÓX CANAL DO ARRUDA //SENTIDO ARRUDA	AV PROFESSOR JOSE DOS ANJOS	""	PRÓX CANAL DO ARRUDA //SENTIDO ARRUDA	TAMARINEIRA	306	CIDADE	ABALROAMENTO LONGITUDINAL	ENTRE AUTOS S/V.	2									0		Cruzamento	Bom	Sem defeito	Perfeito estado	Seca	Perfeito estado	Faixa de pedestre	Outras	""	Dupla	Canteiro central	""	""
9328	2018-11-01T00:00:00	15:22:00	SEM VÍTIMA	CANCELADA	CASA FORTE	AV FLOR DE SANTANA	""	AV DEZESSETE DE AGOSTO	EM FRENTE A BURGUER KING	AV FLOR DE SANTANA	""	EM FRENTE A BURGUER KING	CASA FORTE	614	""	COLISÃO	DOIS AUTOS S/V	2									0		Não informado	""	""	""	""	""	""	""	""	""	""	""	""
9329	2018-11-01T00:00:00	15:39:00	SEM VÍTIMA	CANCELADA	BOA VIAGEM	AV BOA VIAGEM	6576	""	ANTES DO DONA LINDU EDF CANAVAL	AV BOA VIAGEM	6576	ANTES DO DONA LINDU EDF CANAVAL	BOA VIAGEM		""	COLISÃO	COLISAO ENTRE DOIS AUTOS S/V	2									0		Não informado	""	""	""	""	""	""	""	""	""	""	""	""
9330	2018-11-01T00:00:00	16:00:00	SEM VÍTIMA	CANCELADA	CAXANGÁ	RUA SOUZA BANDEIRA	""	""	PROX. A DROGASIL VT-24 NO LOCAL GM CAIO MATOS	RUA SOUZA BANDEIRA	""	PROX. A DROGASIL VT-24 NO LOCAL GM CAIO MATOS	CAXANGÁ		""	COLISÃO	MOTO E AUTO	1	1								0		Não informado	""	""	""	""	""	""	""	""	""	""	""	""
9331	2018-11-01T00:00:00	16:24:00	SEM VÍTIMA	FINALIZADA	CASA AMARELA	RUA IRMA LUCIA	203	RUA RAIMUNDO FREIXEIRA	NA RUA DO SUPERMERCAO BOM DEMAIS	RUA IRMA LUCIA	203	NA RUA DO SUPERMERCAO BOM DEMAIS	CASA AMARELA		SUBURBIO	ABALROAMENTO TRANSVERSAL	COLISAO ENTRE DOS AUTOS S/V	2									0		Longo da via	Bom	Não existe	Perfeito estado	Seca	Perfeito estado	Não existe	Outras	30 km/h	Dupla	Faixa seccionada	""	""
9332	2018-11-01T00:00:00	16:25:00	SEM VÍTIMA	FINALIZADA	BOA VISTA	AV MANOEL BORBA	384	RUA DA CONCEICAO	PRÓX. AO BRADESCO	AV MANOEL BORBA	384	PRÓX. AO BRADESCO	BOA VISTA		SUBURBIO	ABALROAMENTO LONGITUDINAL	SEM VÍTIMAS.	1						1			0		Cruzamento	Bom	Sem defeito	Incompleta	Seca	Perfeito estado	Não existe	R-6a	""	Única	Faixa seccionada	""	""
9333	2018-11-01T00:00:00	16:30:00	SEM VÍTIMA	FINALIZADA	ENCRUZILHADA	RUA ALFREDO DE CASTRO	135	RUA CASTRO ALVES	PROX CAIXA ECONOMICA	RUA ALFREDO DE CASTRO	135	PROX CAIXA ECONOMICA	ENCRUZILHADA	666	SUBURBIO	ABALROAMENTO LONGITUDINAL	COLISAOENTRE ONIBUS E AUTO VT 13 NO LOCAL	1					1				0		Cruzamento	Bom	Sem defeito	Perfeito estado	Seca	Perfeito estado	Faixa de pedestre	Não há placas	""	Única	Faixa contínua	""	""
9334	2018-11-01T00:00:00	16:48:00	COM VÍTIMA	FINALIZADA	TORRÕES	AV ENGENHEIRO ABDIAS DE CARVALHO	""	""	ENTRE A VLT E A UPA	AV ENGENHEIRO ABDIAS DE CARVALHO	""	ENTRE A VLT E A UPA	TORRÕES	272	CIDADE	COLISÃO TRASEIRA	ENTRE AUTO E MOTO C/V.	1	1								1		Longo da via	Bom	Sem defeito	Perfeito estado	Seca	Perfeito estado	Faixa de pedestre	Não há placas	""	Única	""	""	""
9335	2018-11-01T00:00:00	16:49:00	SEM VÍTIMA	FINALIZADA	MUSTARDINHA	AV MANOEL GONCALVES DA LUZ	396	RUA JOSE MOREIRA REIS	EM FRENTE A BOKA LOKA LANCHES	AV MANOEL GONCALVES DA LUZ	396	EM FRENTE A BOKA LOKA LANCHES	MUSTARDINHA		OUTRO	ABALROAMENTO TRANSVERSAL	AUTO E KOMBI	2									0		Cruzamento	Bom	Não existe	Não existente	Seca	Perfeito estado	Não existe	Não há placas	""	Dupla	Faixa seccionada	""	""
9336	2018-11-01T00:00:00	17:02:00	SEM VÍTIMA	FINALIZADA	ENCRUZILHADA	AV BEBERIBE	247	RUA OLIMPIO DE ARROUXELAS GALVÃO	PROX AO BAR DIVINA BRASA E/F AO COMERCIO BETARA	AV BEBERIBE	247	RUA OLIMPIO DE ARROUXELAS GALVÃO	ENCRUZILHADA		CIDADE	ABALROAMENTO TRANSVERSAL	COLISAO ENTRE DOIS AUTOS S/V	2									0		Longo da via	Bom	Não existe	Perfeito estado	Seca	Perfeito estado	Outros	Outras	""	Dupla	Faixa contínua	""	""
9337	2018-11-01T00:00:00	17:12:00	SEM VÍTIMA	FINALIZADA	ARRUDA	AV BEBERIBE	""	RUA DAS MOCAS	EM FRENTE AO ARMAZEM CORAL	AV BEBERIBE	""	EM FRENTE AO ARMAZEM CORAL	ARRUDA		CIDADE	ABALROAMENTO TRANSVERSAL	AUTO E MOTO	1	1								0		Cruzamento	Bom	Não existe	Perfeito estado	Seca	Perfeito estado	Não existe	Não há placas	60 km/h	Dupla	Faixa contínua	""	""
9338	2018-11-01T00:00:00	17:14:00	SEM VÍTIMA	FINALIZADA	AFOGADOS	RUA DA PAZ	260	RUA JOAO CARLOS GUIMARAES	EM FRENTE À IGREJA UNIVERSAL // APÓS À CAIXA ECONÔMICA	RUA DA PAZ	260	EM FRENTE À IGREJA UNIVERSAL // APÓS À CAIXA ECONÔMICA	AFOGADOS	528	SUBURBIO	ABALROAMENTO LONGITUDINAL	ENTRE AUTO E ÔNIBUS S/V.	1					1				0		Longo da via	Bom	Sem defeito	Perfeito estado	Seca	Perfeito estado	Faixa de pedestre	Outras	60 km/h	Única	Faixa seccionada	""	""
9339	2018-11-01T00:00:00	18:03:00	SEM VÍTIMA	CANCELADA	TORRÕES	AV ENGENHEIRO ABDIAS DE CARVALHO	200	""	E/F A SOS AUTO PEÇAS E AO LADO DA PERNAMBUCO RODAS / PRÓXIMO A UPA TORRÕES	AV ENGENHEIRO ABDIAS DE CARVALHO	200	E/F A SOS AUTO PEÇAS E AO LADO DA PERNAMBUCO RODAS / PRÓXIMO A UPA TORRÕES	TORRÕES	272	CIDADE	COLISÃO	ENTRE AUTO PASSEIO E ÔNIBUS ESCOLAR. S/V	1					1				0		Não informado	""	""	""	""	""	""	""	""	""	""	""	""
9340	2018-11-01T00:00:00	18:17:00	SEM VÍTIMA	FINALIZADA	ESTÂNCIA	AV RECIFE	""	""	E/F AO MAKRO. SNT AEROPORTO	AV RECIFE	""	E/F AO MAKRO. SNT AEROPORTO	ESTÂNCIA		SUBURBIO	COLISÃO TRASEIRA	ENTRE 2 AUTOS. S/V	2									0		Longo da via	Bom	Não existe	Incompleta	Seca	Perfeito estado	Não existe	Não há placas	""	Dupla	Canteiro central	""	""
9341	2018-11-01T00:00:00	18:20:00	SEM VÍTIMA	CANCELADA	CORDEIRO	AV ENGENHEIRO ABDIAS DE CARVALHO	2880	""	E/F AO RESTAURANTE CAMARÃO DO LEO	AV ENGENHEIRO ABDIAS DE CARVALHO	2880	E/F AO RESTAURANTE CAMARÃO DO LEO	CORDEIRO		SUBURBIO	ENGAVETAMENTO	ENTRE MOTO E 2 AUTOS. S/V	2	1								0		Não informado	""	""	""	""	""	""	""	""	""	""	""	""
9342	2018-11-01T00:00:00	18:35:00	SEM VÍTIMA	FINALIZADA	BOA VIAGEM	""	""	""	POR TRÁS DO COLÉGIO MADRE DE DEUS / PRÓX AO POSTO BR	""	""	POR TRÁS DO COLÉGIO MADRE DE DEUS / PRÓX AO POSTO BR	BOA VIAGEM		""	COLISÃO TRASEIRA	ENTRE AUTO PASSEIO E ÕNIBUS. S/V	1					1				0		Cruzamento	Bom	Não existe	Perfeito estado	Seca	Perfeito estado	""	""	""	Única	Faixa contínua	""	""
9343	2018-11-01T00:00:00	18:38:00	SEM VÍTIMA	CANCELADA	BONGI	RUA DELMIRO GOUVEIA	333	""	NNA PRAÇA DA CHESF	RUA DELMIRO GOUVEIA	333	NNA PRAÇA DA CHESF	BONGI		CIDADE	COLISÃO	COLISÃO SEM VITIMAS	2									0		Não informado	""	""	""	""	""	""	""	""	""	""	""	""
9344	2018-11-01T00:00:00	18:48:00	SEM VÍTIMA	FINALIZADA	BOA VIAGEM	RUA BARAO DE SOUZA LEAO	1395	AV VINTE DE JANEIRO	E/F AO POSTO BR / PRÓX A FARMACIA DIARIAMANTE	RUA BARAO DE SOUZA LEAO	1395	E/F AO POSTO BR / PRÓX A FARMACIA DIARIAMANTE	BOA VIAGEM	644	SUBURBIO	ABALROAMENTO LONGITUDINAL	ENTRE AUTO E ÕNIBUS. S/V	1					1				0		Longo da via	Bom	Sem defeito	Perfeito estado	Seca	Perfeito estado	Não existe	Outras	""	Única	Faixa seccionada	""	""
9345	2018-11-01T00:00:00	19:05:00	SEM VÍTIMA	FINALIZADA	CABANGA	AV SUL	""	""	PROX. A ENTRADA PARA O CABANGA, JUNTO AO CANTEIRO EXISTE UMA OBRA DA COMPESA...PONTILHÃO DO METRO	AV SUL	""	PROX. A ENTRADA PARA O CABANGA, JUNTO AO CANTEIRO EXISTE UMA OBRA DA COMPESA...PONTILHÃO DO METRO	CABANGA		SUBÚRBIO/CIDADE	COLISÃO FRONTAL	entre onibus e auto. s/v	1					1				0		Longo da via	Bom	Não existe	Perfeito estado	Seca	Perfeito estado	Não existe	Não há placas	""	Dupla	Faixa contínua	""	""
9346	2018-11-01T00:00:00	19:08:00	SEM VÍTIMA	FINALIZADA	IPSEP	AV RECIFE	3068	""	APOS A ENTRADA DO IBURA, SENTIDO CEASA NA FRENTE DO MERCADO ECONOMICO	AV RECIFE	3068	APOS A ENTRADA DO IBURA, SENTIDO CEASA NA FRENTE DO MERCADO ECONOMICO	IPSEP		SUBURBIO	COLISÃO TRASEIRA	COLISÃO SEM VITIMAS	1								1	0		Longo da via	Bom	Não existe	Perfeito estado	Seca	Perfeito estado	Não existe	Não há placas	""	Única	Faixa seccionada	""	""
9347	2018-11-01T00:00:00	20:08:00	SEM VÍTIMA	FINALIZADA	PINA	AV REPUBLICA DO LIBANO	""	""	SOB A ALÇA DE ACESSO A VIA MANGUE	AV REPUBLICA DO LIBANO	""	SOB A ALÇA DE ACESSO A VIA MANGUE	PINA		CIDADE/SUBÚRBIO	ABALROAMENTO LONGITUDINAL	COLISÃO SEM VITIMAS	1					1				0		Longo da via	Bom	Não existe	Perfeito estado	Seca	Perfeito estado	Não existe	Outras	40 km/h	Única	Faixa contínua	""	""
9348	2018-11-01T00:00:00	23:03:00	SEM VÍTIMA	FINALIZADA	TAMARINEIRA	AV CONS ROSA E SILVA	""	RUA DR JOSE MARIA	POSTO SHELL	AV CONS ROSA E SILVA	""	POSTO SHELL	TAMARINEIRA	253	""	COLISÃO TRASEIRA	COLISÃO SEM VITIMAS	2									0		Cruzamento	Bom	Sem defeito	Perfeito estado	Seca	Perfeito estado	Faixa de pedestre	Outras	""	Única	Faixa seccionada	""	""
9349	2018-11-02T00:00:00	04:47:00	SEM VÍTIMA	FINALIZADA	CASA AMARELA	RUA XAVANTES	150	RUA OSCAR DE BARROS	PRÓX AO CONSULTÓRIO DE OFTALMOLOGIA E PERÍCIA DO DETRAN // PRÓX AO MERCADINHO CANELA	RUA XAVANTES	150	PRÓX AO CONSULTÓRIO DE OFTALMOLOGIA E PERÍCIA DO DETRAN // PRÓX AO MERCADINHO CANELA	CASA AMARELA		SUBURBIO	ABALROAMENTO LONGITUDINAL	COLISÃO ENTRE DOIS AUTOS, SEM VÍTIMAS	2									0		Cruzamento	Bom	Não existe	Perfeito estado	Seca	Perfeito estado	Faixa de retenção	"Placas ""Pare"""	""	Dupla	Não existe	""	""
9350	2018-11-02T00:00:00	05:07:00	SEM VÍTIMA	FINALIZADA	ARRUDA	AV PROFESSOR JOSE DOS ANJOS	131	AV BEBERIBE	EM FRENTE AO POSTE Nº A 024663	AV PROFESSOR JOSE DOS ANJOS	131	EM FRENTE AO POSTE Nº A 024663	ARRUDA	131	CIDADE	COLISÃO TRASEIRA	COLISÃO ENTRE AUTO E VIATURA DO SAMU, SEM VÍTIMAS	1							1		0		Longo da via	Bom	Sem defeito	Perfeito estado	Seca	Perfeito estado	Faixa de pedestre	Outras	""	Dupla	Faixa contínua	""	""
9351	2018-11-02T00:00:00	10:48:00	SEM VÍTIMA	FINALIZADA	ROSARINHO	RUA AMARO COUTINHO	""	RUA PROFESSOR OTAVIO DE FREITAS	BOBYS BAR	RUA AMARO COUTINHO	""	BOBYS BAR	ROSARINHO		""	ABALROAMENTO TRANSVERSAL	DOIS AUTOS	2									0		Cruzamento	Bom	Não existe	Perfeito estado	Seca	Perfeito estado	Não existe	"Placas ""Pare"""	40 km/h	Dupla	Não existe	""	""
9352	2018-11-02T00:00:00	11:57:00	SEM VÍTIMA	FINALIZADA	VÁRZEA	RUA PROFESSOR ANTONIO COELHO	""	RUA EMILIANO BRAGA	PRÓX AO TERMINAL DA CAXANGÁ	RUA PROFESSOR ANTONIO COELHO	""	PRÓX AO TERMINAL DA CAXANGÁ	VÁRZEA		CIDADE	ABALROAMENTO LONGITUDINAL	ENTRE AUTO E MOTO S/V.	1	1								0		Cruzamento	Bom	Não existe	Perfeito estado	Seca	Perfeito estado	Não existe	"Placas ""Pare"""	""	Dupla	Faixa seccionada	""	""
9353	2018-11-02T00:00:00	12:24:00	SEM VÍTIMA	FINALIZADA	IMBIRIBEIRA	AV MARECHAL MASCARENHAS DE MORAES	570	RUA ARQUITETO FERNANDO ALMEIDA	EM FRENTE AO ARMAZÉM CORAL // SENTIDO AEROPORTO	AV MARECHAL MASCARENHAS DE MORAES	570	EM FRENTE AO ARMAZÉM CORAL // SENTIDO AEROPORTO	IMBIRIBEIRA	286	SUBURBIO	ABALROAMENTO LONGITUDINAL	ENTRE AUTOS S/V.	2									0		Longo da via	Bom	Sem defeito	Perfeito estado	Seca	Perfeito estado	Faixa de retenção	Não há placas	60 km/h	Dupla	Canteiro central	""	""
9354	2018-11-02T00:00:00	13:16:00	SEM VÍTIMA	CANCELADA	BOA VIAGEM	AV ENGENHEIRO DOMINGOS FERREIRA	""	RUA BRUNO VELOSO	ESQUINA COM A ESCOLA MUNICIPAL DO LEÃO	AV ENGENHEIRO DOMINGOS FERREIRA	""	ESQUINA COM A ESCOLA MUNICIPAL DO LEÃO	BOA VIAGEM		""	COLISÃO	ENTRE AUTOS S/V.	2									0		Não informado	""	""	""	""	""	""	""	""	""	""	""	""
9355	2018-11-02T00:00:00	15:17:00	SEM VÍTIMA	FINALIZADA	SANTO ANTÔNIO	AV MARTINS DE BARROS	""	PRC DA REPUBLICA	SOB O SEMÁFORO 164	AV MARTINS DE BARROS	""	SOB O SEMÁFORO 164	SANTO ANTÔNIO	164	SUBURBIO	CHOQUE VEÍCULO PARADO	COLISÃO SEM VITIMA	2									0		Longo da via	Bom	Sem defeito	Perfeito estado	Seca	Perfeito estado	Faixa de pedestre	Não há placas	""	Única	Faixa seccionada	""	""
9356	2018-11-02T00:00:00	16:05:00	SEM VÍTIMA	FINALIZADA	IPSEP	AV RECIFE	""	AV RAIMUNDO DINIZ	NA FRENTE DA ALIANCE AUTO	AV RECIFE	""	NA FRENTE DA ALIANCE AUTO	IPSEP	247	""	ABALROAMENTO TRANSVERSAL	COLISÃO SEM VITIMAS/ AUTO E MOTO, CO CONDUTOR DA MOTO ESTAVA FUGINDO DA BLITZ.... CONDUTOR POSSIVELMENTE ALCOOLIZADO	1	1								0		Longo da via	Bom	Sem defeito	Perfeito estado	Seca	Perfeito estado	Faixa de retenção	Não há placas	60 km/h	Única	Canteiro central	""	""
9357	2018-11-02T00:00:00	16:12:00	SEM VÍTIMA	CANCELADA	MANGUEIRA	RUA VINTE E UM DE ABRIL	2160	""	TERMINAL DA MANGUEIRA	RUA VINTE E UM DE ABRIL	2160	TERMINAL DA MANGUEIRA	MANGUEIRA		""	COLISÃO	COLISÃO SEM VITIMA/ AUTO MOTO	1	1								0		Não informado	""	""	""	""	""	""	""	""	""	""	""	""
9358	2018-11-02T00:00:00	16:15:00	SEM VÍTIMA	FINALIZADA	PRADO	RUA SANTA EDWIRGES	""	RUA PADRE TEOFILO TWORZ	PROX A TUPÃN	RUA SANTA EDWIRGES	""	PROX A TUPÃN	PRADO		SUBURBIO	ABALROAMENTO TRANSVERSAL	COLISAO ENTRE DOIS AUTOS S/V	2									0		Longo da via	Bom	Não existe	Ilegível	Seca	Perfeito estado	Faixa de retenção	Não há placas	40 km/h	Única	Canal	""	""
9359	2018-11-02T00:00:00	16:16:00	SEM VÍTIMA	FINALIZADA	JARDIM SÃO PAULO	RUA LEANDRO BARRETO	1025	""	SUBIDA DO VIADUTO, SENTIDO PADARIA LA ROQUE	RUA LEANDRO BARRETO	1025	SUBIDA DO VIADUTO, SENTIDO PADARIA LA ROQUE	JARDIM SÃO PAULO		SUBURBIO	ABALROAMENTO TRANSVERSAL	COLISÃO SEM VITIMA	2									0		Cruzamento	Bom	Não existe	Não existente	Seca	Perfeito estado	Não existe	Não há placas	""	Dupla	Não existe	""	""
9360	2018-11-02T00:00:00	16:59:00	SEM VÍTIMA	CANCELADA	VÁRZEA	RUA RORAIMA	638	""	NA FRENTE DO ATACAREJO	RUA RORAIMA	638	NA FRENTE DO ATACAREJO	VÁRZEA		""	COLISÃO	COLISÃO SEM VITIMAS	2									0		Não informado	""	""	""	""	""	""	""	""	""	""	""	""
9361	2018-11-02T00:00:00	17:51:00	SEM VÍTIMA	FINALIZADA	CAXANGÁ	RUA RIBEIRO PESSOA	""	RUA GASTAO VIDIGAL	AO LADO A UPA DA CAXANGÁ/ POSTO SHELL	RUA RIBEIRO PESSOA	""	AO LADO A UPA DA CAXANGÁ/ POSTO SHELL	CAXANGÁ	281	CIDADE	ABALROAMENTO TRANSVERSAL	COLISÃO SEM VITIMAS	1					1				0		Longo da via	Bom	Sem defeito	Incompleta	Seca	Perfeito estado	Não existe	Não há placas	40 km/h	Dupla	Não existe	""	""
9362	2018-11-02T00:00:00	18:04:00	SEM VÍTIMA	FINALIZADA	DOIS UNIDOS	AV CHAGAS FERREIRA	361	""	""	AV CHAGAS FERREIRA	361	""	DOIS UNIDOS		SUBURBIO	COLISÃO FRONTAL	COLISÃO SEM VITIMAS/ CONDUTOR APARENTEMENTE ALCOOLIZADO	3	1								0		Longo da via	Bom	Não existe	Perfeito estado	Seca	Perfeito estado	Não existe	Não há placas	""	Dupla	Não existe	""	""