_id	DATA	hora	natureza_acidente	situacao	bairro	endereco	numero	detalhe_endereco_acidente	complemento	endereco_cruzamento	numero_cruzamento	referencia_cruzamento	bairro_cruzamento	num_semaforo	sentido_via	tipo	descricao	auto	moto	ciclom	ciclista	pedestre	onibus	caminhao	viatura	outros	vitimas	vitimasfatais	acidente_verificado	tempo_clima	situacao_semaforo	sinalizacao	condicao_via	conservacao_via	ponto_controle	situacao_placa	velocidade_max_via	mao_direcao	divisao_via1	divisao_via2	divisao_via3
9363	2018-11-02T00:00:00	18:15:00	SEM VÍTIMA	CANCELADA	AFLITOS	AV CONS ROSA E SILVA	901	""	HABIBS	AV CONS ROSA E SILVA	901	HABIBS	AFLITOS		""	COLISÃO	COLISÃO SEM VITIMAS	2									0		Não informado	""	""	""	""	""	""	""	""	""	""	""	""
9364	2018-11-02T00:00:00	21:38:00	SEM VÍTIMA	FINALIZADA	PRADO	AV ENGENHEIRO ABDIAS DE CARVALHO	""	RUA CARLOS GOMES	SEMÁFORO 057/ FARMÁCIA PAGUE MENOS	AV ENGENHEIRO ABDIAS DE CARVALHO	""	SEMÁFORO 057/ FARMÁCIA PAGUE MENOS	PRADO	57	CIDADE	CHOQUE VEÍCULO PARADO	SIENA X SIENA	2									0		Longo da via	Bom	Sem defeito	Perfeito estado	Seca	Perfeito estado	Faixa de retenção	Não há placas	""	Dupla	Canteiro central	""	""
9365	2018-11-02T00:00:00	23:19:00	SEM VÍTIMA	FINALIZADA	MADALENA	AV CAXANGA	487	RUA FAUSTO CARDOSO	ENF AO NUCLEO SAUDE	AV CAXANGA	487	ENF AO NUCLEO SAUDE	MADALENA		CIDADE	ABALROAMENTO LONGITUDINAL	ONIX X GOL	2									0		Longo da via	Bom	Não existe	Perfeito estado	Seca	Perfeito estado	Não existe	Não há placas	60 km/h	Única	Faixa seccionada	""	""
9366	2018-11-03T00:00:00	00:36:00	SEM VÍTIMA	FINALIZADA	CASA AMARELA	RUA OSCAR DE BARROS	115	RUA CONS PERETTI	PRÓXIMO A GILSON CIDRIN	RUA OSCAR DE BARROS	115	PRÓXIMO A GILSON CIDRIN	CASA AMARELA		SUBURBIO	ABALROAMENTO TRANSVERSAL	COLISÃO ENTRE DOIS AUTOS, SEM VITIMAS	2									0		Longo da via	Bom	Não existe	Perfeito estado	Seca	Perfeito estado	Faixa de retenção	Outras	""	Única	Não existe	""	""
9367	2018-11-03T00:00:00	08:05:00	COM VÍTIMA	FINALIZADA	ÁGUA FRIA	EST VELHA DE AGUA FRIA	353	RUA BOMBA DO HEMETERIO	EM FRENTE AO POSTO DE GASOLINA NORTE BRAS	EST VELHA DE AGUA FRIA	353	EM FRENTE AO POSTO DE GASOLINA NORTE BRAS	ÁGUA FRIA		SUBURBIO	ABALROAMENTO TRANSVERSAL	COLISÃO COM VITIMA A ESPERA DO SAMU		1				1				2		Cruzamento	Bom	Não existe	Perfeito estado	Seca	Perfeito estado	Outros	Outras	""	Dupla	Blocos	""	""
9368	2018-11-03T00:00:00	10:21:00	SEM VÍTIMA	FINALIZADA	CASA AMARELA	RUA CONS NABUCO	4155	""	ARRAIAL FARMA	RUA CONS NABUCO	4155	ARRAIAL FARMA	CASA AMARELA		SUBURBIO	ABALROAMENTO LONGITUDINAL	COLISÃO SEM VITIMAS	3									0		Longo da via	Bom	Não existe	Perfeito estado	Seca	Perfeito estado	""	Outras	""	Dupla	""	""	""
9369	2018-11-03T00:00:00	10:52:00	SEM VÍTIMA	FINALIZADA	AFOGADOS	RUA NICOLAU PEREIRA	385	""	EM FRENTE AO TERMINAL INTEGRADO DE AFOGADOS, PROX. A DEFENSORIA PUBLICA	RUA NICOLAU PEREIRA	385	EM FRENTE AO TERMINAL INTEGRADO DE AFOGADOS, PROX. A DEFENSORIA PUBLICA	AFOGADOS		CIDADE	CHOQUE VEÍCULO PARADO	ONIBUS E CAMINHÃO						1	1			0		Longo da via	Bom	Não existe	Perfeito estado	Seca	Perfeito estado	Não existe	Não há placas	""	Única	Não existe	""	""
9370	2018-11-03T00:00:00	10:59:00	SEM VÍTIMA	CANCELADA	ÁGUA FRIA	RUA SAO SEBASTIAO	872	""	EM FRENTE A IGREJA BATISTA ESPERANÇA, APOS O MERCADO DANIELE	RUA SAO SEBASTIAO	872	EM FRENTE A IGREJA BATISTA ESPERANÇA, APOS O MERCADO DANIELE	ÁGUA FRIA		""	COLISÃO	MOTO E AUTO	1	1								0		Não informado	""	""	""	""	""	""	""	""	""	""	""	""
9371	2018-11-03T00:00:00	12:03:00	SEM VÍTIMA	CANCELADA	BOA VIAGEM	RUA MARIA CAROLINA	661	RUA MINISTRO NELSON HUNGRIA	E/F AO HTEL BRISTOL	RUA MARIA CAROLINA	661	E/F AO HTEL BRISTOL	BOA VIAGEM		""	COLISÃO	COLISAO ENTRE DOIS AUTOS S/V	2									0		Não informado	""	""	""	""	""	""	""	""	""	""	""	""
9372	2018-11-03T00:00:00	12:49:00	SEM VÍTIMA	CANCELADA	BEBERIBE	PRC DA CONVENCAO	45	""	EM FRENTE A ESPOSENDE	PRC DA CONVENCAO	45	EM FRENTE A ESPOSENDE	BEBERIBE		""	COLISÃO	ONIBUS E MOTO	1	1								0		Não informado	""	""	""	""	""	""	""	""	""	""	""	""
9373	2018-11-03T00:00:00	13:31:00	COM VÍTIMA	FINALIZADA	ÁGUA FRIA	AV BEBERIBE	2595	""	EM FENTE À ESCOLA PROF. PEDRO AUGUSTO	AV BEBERIBE	2595	EM FENTE À ESCOLA PROF. PEDRO AUGUSTO	ÁGUA FRIA		CIDADE	COLISÃO COM CICLISTA	ÔNIBUS X CICLISTA				1		1				1		Longo da via	Bom	Não existe	Não existente	Seca	Perfeito estado	Faixa de pedestre	""	""	Dupla	FAIXA	""	""
9374	2018-11-03T00:00:00	16:02:00	SEM VÍTIMA	FINALIZADA	PARNAMIRIM	RUA SEBASTIAO ALVES	""	RUA PADRE ROMA	PRÓX AO RESTAURANTE FACA BUTECO	RUA SEBASTIAO ALVES	""	PRÓX AO RESTAURANTE FACA BUTECO	PARNAMIRIM		OUTRO	ABALROAMENTO LONGITUDINAL	ENTRE AUTOS S/V.	2									0		Longo da via	Bom	Não existe	Perfeito estado	Seca	Perfeito estado	Não existe	Outras	20 km/h	Única	Não existe	""	""
9375	2018-11-03T00:00:00	16:13:00	SEM VÍTIMA	FINALIZADA	AFOGADOS	RUA DA PAZ	161	RUA NICOLAU PEREIRA	SOB O SEMÁFORO DE NÚMERO 073	RUA DA PAZ	161	SOB O SEMÁFORO DE NÚMERO 073	AFOGADOS	73	SUBURBIO	ABALROAMENTO TRANSVERSAL	DOIS AUTOS	2									0		Cruzamento	Bom	Sem defeito	Ilegível	Seca	Perfeito estado	Não existe	Não há placas	""	Única	Não existe	""	""
9376	2018-11-03T00:00:00	16:35:00	COM VÍTIMA	FINALIZADA	PAISSANDU	AV GOVERNADOR AGAMENON MAGALHAES	""	RUA PAISSANDU	PROX AO HOSPITAL PORTUGUES	AV GOVERNADOR AGAMENON MAGALHAES	""	PROX AO HOSPITAL PORTUGUES	PAISSANDU	69	""	ABALROAMENTO LONGITUDINAL	COLISAO ENTRE AUTO E MOTO COM DUAS VITIMAS VT 22 NO LOCAL	1	1								1		Cruzamento	Bom	Sem defeito	Perfeito estado	Seca	Perfeito estado	Faixa de pedestre	R-19	60 km/h	Dupla	CANAL	""	""
9377	2018-11-03T00:00:00	18:58:00	COM VÍTIMA	FINALIZADA	NOVA DESCOBERTA	RUA CORREGO DA AREIA	835	""	ENF AO ARMAZEM DOIS IRMAOS	RUA CORREGO DA AREIA	835	ENF AO ARMAZEM DOIS IRMAOS	NOVA DESCOBERTA		SUBURBIO	ABALROAMENTO LONGITUDINAL	TAXI X CARROÇA PARA CAVELO	1								1	1		Longo da via	Bom	Não existe	Não existente	Seca	Perfeito estado	Não existe	Não há placas	""	Dupla	Não existe	""	""
9378	2018-11-03T00:00:00	19:43:00	COM VÍTIMA	CANCELADA	BOA VISTA	RUA DR JOSE MARIANO	""	RUA VELHA	EM CIMA DA PONTE	RUA DR JOSE MARIANO	""	EM CIMA DA PONTE	BOA VISTA		""	ACID. DE PERCURSO	CONDUTORA DA MOTO PERDEU O CONTROLE E BATEU NO CANTEIRO.		1								1		Não informado	""	""	""	""	""	""	""	""	""	""	""	""
9379	2018-11-03T00:00:00	19:53:00	COM VÍTIMA	CANCELADA	IPSEP	AV RECIFE	""	""	PIZARIA ATLÂNTICO	AV RECIFE	""	PIZARIA ATLÂNTICO	IPSEP		""	COLISÃO	ACIDENTE COM MOTO E AUTO	1	1								2		Não informado	""	""	""	""	""	""	""	""	""	""	""	""
9380	2018-11-03T00:00:00	20:11:00	SEM VÍTIMA	FINALIZADA	TAMARINEIRA	AV NORTE	3652	""	ALARM CENTER	AV NORTE	3652	ALARM CENTER	TAMARINEIRA		SUBURBIO	ABALROAMENTO LONGITUDINAL	ENTRE ÔNIBUS E AUTO C/V.	1					1				0		Longo da via	Bom	Não existe	Perfeito estado	Seca	Perfeito estado	Não existe	Não há placas	""	Única	Faixa seccionada	""	""
9381	2018-11-03T00:00:00	22:15:00	COM VÍTIMA	FINALIZADA	BOA VIAGEM	RUA DES JOAO PAES	""	AV DES JOSE NEVES	EM FRENTE à FERREIRA PINTO	RUA DES JOAO PAES	""	EM FRENTE à FERREIRA PINTO	BOA VIAGEM	567	CIDADE	ABALROAMENTO TRANSVERSAL	ENTRE AUTO E MOTO C/V.	1	1								1		Cruzamento	Bom	Sem defeito	Perfeito estado	Seca	Perfeito estado	""	""	""	Única	""	""	""
9382	2018-11-03T00:00:00	22:44:00	SEM VÍTIMA	CANCELADA	BOA VIAGEM	AV BOA VIAGEM	3870	RUA RIBEIRO DE BRITO	ENF AO QUIOSQUE 28 // DEPOIS DA RIBEIRO DE BRITO	AV BOA VIAGEM	3870	ENF AO QUIOSQUE 28 // DEPOIS DA RIBEIRO DE BRITO	BOA VIAGEM		""	COLISÃO	TAXI X FIESTA	2									0		Não informado	""	""	""	""	""	""	""	""	""	""	""	""
9383	2018-11-03T00:00:00	23:25:00	COM VÍTIMA	CANCELADA	BOA VIAGEM	AV DES JOSE NEVES	""	RUA DES JOAO PAES	PROX A FERREIRA PINTO DE BOA VIAGEM	AV DES JOSE NEVES	""	PROX A FERREIRA PINTO DE BOA VIAGEM	BOA VIAGEM		""	COLISÃO	CORSA X MOTO	1	1								1		Não informado	""	""	""	""	""	""	""	""	""	""	""	""
9384	2018-11-04T00:00:00	01:43:00	SEM VÍTIMA	FINALIZADA	TORRE	AV BEIRA RIO	879	""	EM FRENTE AO EDF. QUATRO ESTAÇÕES	AV BEIRA RIO	879	EM FRENTE AO EDF. QUATRO ESTAÇÕES	TORRE		SUBURBIO	CHOQUE	TRÊS AUTOS	5									0		Longo da via	Bom	Sem defeito	Perfeito estado	Seca	Perfeito estado	Não existe	Outras	40 km/h	Dupla	Faixa contínua	""	""
9385	2018-11-04T00:00:00	09:35:00	SEM VÍTIMA	FINALIZADA	TEJIPIÓ	AV DR JOSE RUFINO	3048	""	EM FRENTE A ESCOLA ESTADUAL ALBERTO TORRES	AV DR JOSE RUFINO	3048	EM FRENTE A ESCOLA ESTADUAL ALBERTO TORRES	TEJIPIÓ		SUBURBIO	COLISÃO TRASEIRA	SEM VITIMAS	2									0		Longo da via	Bom	Não existe	Perfeito estado	Seca	Perfeito estado	Não existe	Outras	""	Dupla	Faixa contínua	""	""
9386	2018-11-04T00:00:00	11:43:00	SEM VÍTIMA	FINALIZADA	ESPINHEIRO	AV CONS ROSA E SILVA	""	""	EM FRENTE AO HOSPITAL DOS SERVIDORES DO ESTADO	AV CONS ROSA E SILVA	""	EM FRENTE AO HOSPITAL DOS SERVIDORES DO ESTADO	ESPINHEIRO		CIDADE	ABALROAMENTO LONGITUDINAL	SEM VITIMAS	2									0		Longo da via	Bom	Sem defeito	Perfeito estado	Seca	Perfeito estado	Não existe	Outras	""	Única	Não existe	""	""
9387	2018-11-04T00:00:00	12:18:00	SEM VÍTIMA	CANCELADA	BOA VIAGEM	AV ENGENHEIRO DOMINGOS FERREIRA	439	""	EM FRENTE AO AO HOTEL VELA BRANCA	AV ENGENHEIRO DOMINGOS FERREIRA	439	EM FRENTE AO AO HOTEL VELA BRANCA	BOA VIAGEM		""	COLISÃO	SEM VITIMAS ,NA FAIXA DA ESQUERDA SENT/PIEDADE	2									0		Não informado	""	""	""	""	""	""	""	""	""	""	""	""
9388	2018-11-04T00:00:00	12:58:00	SEM VÍTIMA	FINALIZADA	BOA VIAGEM	AV DES JOSE NEVES	""	RUA BARAO DE SOUZA LEAO	NA ALTIURA DO SUPERMERCADO TREVO	AV DES JOSE NEVES	""	NA ALTIURA DO SUPERMERCADO TREVO	BOA VIAGEM	476	SUBURBIO	COLISÃO TRASEIRA	IX 35 X PEUGEOT	2									0		Longo da via	Bom	Sem defeito	Perfeito estado	Seca	Perfeito estado	Não existe	Outras	""	Única	Faixa seccionada	""	""
9389	2018-11-04T00:00:00	13:40:00	COM VÍTIMA	FINALIZADA	TAMARINEIRA	AV PROFESSOR JOSE DOS ANJOS	4200	RUA CABO ARAGAO	ENF AO HOTEL NEXOS	AV PROFESSOR JOSE DOS ANJOS	4200	ENF AO HOTEL NEXOS	TAMARINEIRA		CIDADE	COLISÃO COM CICLISTA	MOTO X CICLISTA		1		1						1		Longo da via	Bom	Não existe	Perfeito estado	Seca	Perfeito estado	Não existe	Não há placas	50 km/h	Única	Faixa seccionada	""	""
9390	2018-11-04T00:00:00	15:42:00	COM VÍTIMA	FINALIZADA	BOA VIAGEM	RUA VISCONDE DE JEQUITINHONHA	1140	""	ANTES DO DONA LINDU	RUA VISCONDE DE JEQUITINHONHA	1140	ANTES DO DONA LINDU	BOA VIAGEM		SUBURBIO	COLISÃO TRASEIRA	COLISAÃO COM VITIMA	1	1								2		Longo da via	Bom	Não existe	Perfeito estado	Seca	Perfeito estado	Faixa de pedestre	Não há placas	""	Única	""	""	""
9391	2018-11-04T00:00:00	16:31:00	COM VÍTIMA	FINALIZADA	ARRUDA	AV BEBERIBE	""	""	PROX AO POSTO DE COMBUSTIVEL PETROBRAS E BOMPREÇO, EM FRENTE À PIZZARIA DO CHICÃO	AV BEBERIBE	""	PROX AO POSTO DE COMBUSTIVEL PETROBRAS E BOMPREÇO, EM FRENTE À PIZZARIA DO CHICÃO	ARRUDA		SUBURBIO	COLISÃO TRASEIRA	DOIS AUTOS OBS:: SAMU ESTA QUERENDO REMOVER A VITIMA MAS ESTA TENDO DIFICULDADE DEVIDO O TRANSITO	1	1								1		Longo da via	Bom	Não existe	Perfeito estado	Seca	Perfeito estado	Não existe	OUTROS	""	Dupla	FAIXA	""	""
9392	2018-11-04T00:00:00	16:43:00	SEM VÍTIMA	CANCELADA	DOIS IRMÃOS	EST DO PASSARINHO	""	""	POR TRAS DA CASA DO EX GOVERNADOR EDUARDO CAMPOS	EST DO PASSARINHO	""	POR TRAS DA CASA DO EX GOVERNADOR EDUARDO CAMPOS	DOIS IRMÃOS		""	COLISÃO	SAVEIRO X JEEP DA TV TRIBUNA	2									0		Não informado	""	""	""	""	""	""	""	""	""	""	""	""
9393	2018-11-04T00:00:00	18:26:00	SEM VÍTIMA	FINALIZADA	AREIAS	AV DR JOSE RUFINO	841	""	ENF AO COLEGIO JOSE MARIANO // APOIS O CENTRO DE TREINAMENTO DA HONDA	AV DR JOSE RUFINO	841	ENF AO COLEGIO JOSE MARIANO // APOIS O CENTRO DE TREINAMENTO DA HONDA	AREIAS		CIDADE	ABALROAMENTO LONGITUDINAL	PALIO X CORSA	2									0		Longo da via	Bom	Não existe	Perfeito estado	Seca	Perfeito estado	""	""	""	Dupla	""	""	""
9394	2018-11-04T00:00:00	18:37:00	SEM VÍTIMA	FINALIZADA	BOA VIAGEM	RUA PADRE BERNADINO PESSOA	408	RUA FRANCISCO DA CUNHA	PROX A HAMBURGUERIA GAMES	RUA PADRE BERNADINO PESSOA	408	PROX A HAMBURGUERIA GAMES	BOA VIAGEM		CIDADE	ABALROAMENTO LONGITUDINAL	ONIX X HONDA CIVIC	2									0		Longo da via	Bom	Não existe	Perfeito estado	Seca	Perfeito estado	Não existe	Não há placas	""	Única	Faixa contínua	""	""
9395	2018-11-04T00:00:00	19:07:00	SEM VÍTIMA	FINALIZADA	IPUTINGA	RUA MAURICIO DE NASSAU	42	""	PROX A LOMBADA ELETRONICA // UNIDADE DE SAUDE FAMILIA	RUA MAURICIO DE NASSAU	42	PROX A LOMBADA ELETRONICA // UNIDADE DE SAUDE FAMILIA	IPUTINGA		SUBURBIO	ABALROAMENTO LONGITUDINAL	UNO X CELTA	2									0		Longo da via	Bom	Sem defeito	Perfeito estado	Seca	Perfeito estado	Outros	Outras	40 km/h	Dupla	Faixa contínua	""	""
9396	2018-11-04T00:00:00	19:11:00	SEM VÍTIMA	FINALIZADA	SANTO AMARO	AV NORTE	""	""	E/F AO CENTERLEO E APÓS O VIADUTO	AV NORTE	""	E/F AO CENTERLEO E APÓS O VIADUTO	SANTO AMARO	97	CIDADE	ABALROAMENTO LONGITUDINAL	ENTRE ÕNIBUS E AUTO PASSEIO. S/V	1					1				0		Longo da via	Bom	Sem defeito	Perfeito estado	Seca	Perfeito estado	Outros	Outras	""	Dupla	Faixa contínua	""	""
9397	2018-11-04T00:00:00	19:34:00	SEM VÍTIMA	FINALIZADA	ROSARINHO	RUA TELES JUNIOR	""	RUA DES MARTINS PEREIRA	E/F AO RESTAURANTE FERNANDOS / PRÓX AO POSTO SHELL E ITAU	RUA TELES JUNIOR	""	E/F AO RESTAURANTE FERNANDOS / PRÓX AO POSTO SHELL E ITAU	ROSARINHO	157	SUBURBIO	ABALROAMENTO TRANSVERSAL	ENTRE 2 AUTOS. S/V	2									0		Cruzamento	Bom	Não existe	Perfeito estado	Seca	Perfeito estado	Outros	"Placas ""Pare"""	""	Dupla	Faixa contínua	""	""
9398	2018-11-04T00:00:00	20:23:00	SEM VÍTIMA	FINALIZADA	BAIRRO DO RECIFE	AV ALFREDO LISBOA	""	""	ENF A CAIXA ECONOMICA CULTURAL NO CONTORNO DA PRC MARCO ZERO	AV ALFREDO LISBOA	""	ENF A CAIXA ECONOMICA CULTURAL NO CONTORNO DA PRC MARCO ZERO	BAIRRO DO RECIFE		SUBURBIO	ABALROAMENTO LONGITUDINAL	HILUX X PEUGEOT OBS:: SUSPEITA DE EMBRIAGUEZ	2									0		Longo da via	Bom	Não existe	Perfeito estado	Seca	Perfeito estado	Não existe	Não há placas	30 km/h	Única	Não existe	""	""
9399	2018-11-04T00:00:00	20:37:00	COM VÍTIMA	FINALIZADA	PINA	AV ENGENHEIRO DOMINGOS FERREIRA	""	RUA TOME GIBSON	PROXIMO AO SEMAFORO Nº200	AV ENGENHEIRO DOMINGOS FERREIRA	""	PROXIMO AO SEMAFORO Nº200	PINA	200	SUBURBIO	ATROPELAMENTO	ATROPELAMENTO AUTO E PEDESTRE	1				1					1		Longo da via	Bom	Sem defeito	Perfeito estado	Seca	Perfeito estado	""	R-32	""	Única	Canteiro central	""	""
9400	2018-11-04T00:00:00	20:40:00	VÍTIMA FATAL	FINALIZADA	BOA VISTA	RUA JOAO FERNANDES VIEIRA	S/N	""	PROXIMIDADES DO HOSPITAL DE FRATURAS / APÓS A PRC PARQUE AMORIM	RUA JOAO FERNANDES VIEIRA	S/N	PROXIMIDADES DO HOSPITAL DE FRATURAS / APÓS A PRC PARQUE AMORIM	BOA VISTA		CIDADE	CHOQUE OBJETO FIXO	CHOQUE ENTRE AUTO E ÁRVORE NO LOCAL. C/V	1									1	1	Longo da via	Bom	Não existe	Perfeito estado	Seca	Perfeito estado	""	""	""	Única	""	""	""
9401	2018-11-05T00:00:00	03:59:00	SEM VÍTIMA	FINALIZADA	CAXANGÁ	AV CAXANGA	""	""	EM FRENTE A IGREJA PAZ E VIDA // EM FRENTE AO GOLF CLUBE	AV CAXANGA	""	EM FRENTE A IGREJA PAZ E VIDA // EM FRENTE AO GOLF CLUBE	CAXANGÁ		CIDADE	CHOQUE OBJETO FIXO	VEÍCULO CHOCOU-SE CONTRA UMA PLACA INFORMATIVA	1									0		Longo da via	Bom	Não existe	Perfeito estado	Seca	Perfeito estado	Outros	Outras	""	Única	Canteiro central	""	""
9402	2018-11-05T00:00:00	05:55:00	SEM VÍTIMA	FINALIZADA	PAISSANDU	RUA PAISSANDU	707	""	EM FRENTE AO HOSPITAL SÃO MARCOS	RUA PAISSANDU	707	EM FRENTE AO HOSPITAL SÃO MARCOS	PAISSANDU		CIDADE	ABALROAMENTO LONGITUDINAL	COLISÃO ENTRE DOIS AUTOS, SEM VÍTIMAS	1								1	0		Longo da via	Bom	Não existe	Perfeito estado	Seca	Perfeito estado	Não existe	Não há placas	40 km/h	Única	Canteiro central	""	""
9403	2018-11-05T00:00:00	07:06:00	SEM VÍTIMA	CANCELADA	JARDIM SÃO PAULO	RUA LEANDRO BARRETO	517	""	EM FRENTE A PADARIA LA ROQUE	RUA LEANDRO BARRETO	517	EM FRENTE A PADARIA LA ROQUE	JARDIM SÃO PAULO		""	COLISÃO	COLISÃO SEM VITIMAS	1					1				0		Não informado	""	""	""	""	""	""	""	""	""	""	""	""
9404	2018-11-05T00:00:00	07:16:00	SEM VÍTIMA	FINALIZADA	PINA	AV ANTONIO DE GOES	146	""	EM FRENTE A LOJA CASA DA BATERIA	AV ANTONIO DE GOES	146	EM FRENTE A LOJA CASA DA BATERIA	PINA	226	CIDADE	COLISÃO TRASEIRA	SEM VÍTIMAS. GM (PONTO FIXO) NO LOCAL.	2									0		Longo da via	Bom	Sem defeito	Perfeito estado	Seca	Perfeito estado	Agente	Não há placas	60 km/h	Única	Canteiro central	""	""
9405	2018-11-05T00:00:00	07:33:00	COM VÍTIMA	FINALIZADA	BOA VIAGEM	RUA CACHOEIRA	101	""	EM FRENTE AO RESTAURANTE FOGÃO A LENHA E A FACULDADE BOA VIAGEM	RUA CACHOEIRA	101	EM FRENTE AO RESTAURANTE FOGÃO A LENHA E A FACULDADE BOA VIAGEM	BOA VIAGEM		SUBURBIO	ABALROAMENTO LONGITUDINAL	COLISÃO COM VITIMA SOCORRIDA PELO SAMU	1	1								1		Longo da via	Bom	Não existe	Não existente	Seca	Mal iluminada	Não existe	Não há placas	40 km/h	Dupla	Não existe	""	""
9406	2018-11-05T00:00:00	07:46:00	SEM VÍTIMA	FINALIZADA	PRADO	RUA RICARDO SALAZAR	83	""	EM FRENTE A GEOSISTEMAS	RUA RICARDO SALAZAR	83	EM FRENTE A GEOSISTEMAS	PRADO		CIDADE	ABALROAMENTO LONGITUDINAL	DOIS AUTOS E UMA MOTO	2	1								0		Longo da via	Bom	Não existe	Não existente	Seca	Perfeito estado	Não existe	Não há placas	""	Única	Não existe	""	""
9407	2018-11-05T00:00:00	07:48:00	SEM VÍTIMA	FINALIZADA	BOA VISTA	RUA DO HOSPICIO	""	""	EM FRENTE OA COLÉGIO JOÃO BARBALHO	RUA DO HOSPICIO	""	EM FRENTE OA COLÉGIO JOÃO BARBALHO	BOA VISTA		SUBURBIO	ABALROAMENTO TRANSVERSAL	AUTO E MOTOCICLETA	1	1								0		Longo da via	Bom	Sem defeito	Ilegível	Seca	Perfeito estado	""	""	""	""	""	""	""
9408	2018-11-05T00:00:00	08:01:00	SEM VÍTIMA	CANCELADA	BOA VISTA	RUA DO HOSPICIO	""	""	""	RUA DO HOSPICIO	""	""	BOA VISTA		""	COLISÃO	COLISÃO SEM VITIMAS GM QTH	1	1								0		Não informado	""	""	""	""	""	""	""	""	""	""	""	""
9409	2018-11-05T00:00:00	08:29:00	SEM VÍTIMA	FINALIZADA	IPSEP	RUA JEAN EMILE FAVRE	1300	""	EM FRENTE AO RESTAURANTE KI SABOR	RUA JEAN EMILE FAVRE	1300	EM FRENTE AO RESTAURANTE KI SABOR	IPSEP		CIDADE	ABALROAMENTO TRANSVERSAL	ONIBUS E AUTO PASSEIO	1					1				0		Longo da via	Bom	Não existe	Perfeito estado	Seca	Perfeito estado	Faixa de pedestre	Outras	""	Dupla	Faixa seccionada	""	""
9410	2018-11-05T00:00:00	08:57:00	SEM VÍTIMA	CANCELADA	BAIRRO DO RECIFE	RUA MADRE DEUS	""	""	NO COMEÇO DA PONTE GIRATORIA	RUA MADRE DEUS	""	NO COMEÇO DA PONTE GIRATORIA	BAIRRO DO RECIFE		TORRE GEMEAS	COLISÃO	COLISÃO SEM VITIMAS	2									0		Não informado	""	""	""	""	""	""	""	""	""	""	""	""
9411	2018-11-05T00:00:00	09:29:00	COM VÍTIMA	FINALIZADA	CAXANGÁ	AV CAXANGA	5073	""	J E G ALUMINÍNIOS	AV CAXANGA	5073	J E G ALUMINÍNIOS	CAXANGÁ	228	CIDADE	COLISÃO TRASEIRA	COM DUAS VITIMAS EM ATENDIMENTO PELO SAMU. VT 14 NO LOCAL	1	1								2		Longo da via	Bom	Sem defeito	Perfeito estado	Seca	Perfeito estado	Faixa de pedestre	R-6a	""	Dupla	Canteiro central	""	""
9412	2018-11-05T00:00:00	09:42:00	SEM VÍTIMA	FINALIZADA	CASA FORTE	AV DEZESSETE DE AGOSTO	1986	RUA JADER DE ANDRADE	ESQUINA COM O LABORATÓRIO MARCELO MAGALHÃES	AV DEZESSETE DE AGOSTO	1986	ESQUINA COM O LABORATÓRIO MARCELO MAGALHÃES	CASA FORTE		SUBURBIO	ABALROAMENTO LONGITUDINAL	DOIS AUTOS VT 13 NO QTH	2									0		Longo da via	Bom	Não existe	Perfeito estado	Seca	Perfeito estado	Não existe	Não há placas	60 km/h	Dupla	Faixa contínua	""	""
9413	2018-11-05T00:00:00	09:44:00	SEM VÍTIMA	FINALIZADA	TORRE	RUA DOM MANOEL DA COSTA	405	RUA PADRE LANDIM	ESCOLA MUNICIPAL PAROQUIAL CRISTO REI	RUA DOM MANOEL DA COSTA	405	ESCOLA MUNICIPAL PAROQUIAL CRISTO REI	TORRE		""	ABALROAMENTO TRANSVERSAL	COLISÃO SEM VITIMAS	2									0		Cruzamento	Bom	Sem defeito	Incompleta	Seca	Perfeito estado	Faixa de pedestre	Não há placas	""	Única	Faixa seccionada	""	""
9414	2018-11-05T00:00:00	10:18:00	SEM VÍTIMA	FINALIZADA	DERBY	PRC DO DERBY	""	""	EM FRENTE A PRAÇA DO DERBY	PRC DO DERBY	""	EM FRENTE A PRAÇA DO DERBY	DERBY	75	SUBURBIO	ABALROAMENTO LONGITUDINAL	COLISÃO SEM VITIMAS	1					1				0		Longo da via	Bom	Sem defeito	Perfeito estado	Seca	Perfeito estado	Faixa de pedestre	Outras	60 km/h	Dupla	Canteiro central	""	""