_id	DATA	hora	natureza_acidente	situacao	bairro	endereco	numero	detalhe_endereco_acidente	complemento	endereco_cruzamento	numero_cruzamento	referencia_cruzamento	bairro_cruzamento	num_semaforo	sentido_via	tipo	descricao	auto	moto	ciclom	ciclista	pedestre	onibus	caminhao	viatura	outros	vitimas	vitimasfatais	acidente_verificado	tempo_clima	situacao_semaforo	sinalizacao	condicao_via	conservacao_via	ponto_controle	situacao_placa	velocidade_max_via	mao_direcao	divisao_via1	divisao_via2	divisao_via3
9570	2018-11-09T00:00:00	08:28:00	SEM VÍTIMA	FINALIZADA	IMBIRIBEIRA	AV MARECHAL MASCARENHAS DE MORAES	""	RUA CORONEL FABRICIANO	UPA DA IMBIRIBEIRA	AV MARECHAL MASCARENHAS DE MORAES	""	UPA DA IMBIRIBEIRA	IMBIRIBEIRA	310	CIDADE	ABALROAMENTO LONGITUDINAL	CAMINHÃO E AUTO	1						1			0		Cruzamento	Bom	Sem defeito	Perfeito estado	Seca	Perfeito estado	Faixa de pedestre	Não há placas	60 km/h	Única	Canteiro central	""	""
9571	2018-11-09T00:00:00	08:31:00	SEM VÍTIMA	FINALIZADA	BOA VIAGEM	RUA PROFESSOR JOAO MEDEIROS	""	""	DE ESQUINA COM A CHURRASCARIA PAJUÇARA	RUA PROFESSOR JOAO MEDEIROS	""	DE ESQUINA COM A CHURRASCARIA PAJUÇARA	BOA VIAGEM		CIDADE	COLISÃO TRASEIRA	COLISÃO SEM VITIMAS	2									0		Longo da via	Bom	Não existe	Perfeito estado	Seca	Perfeito estado	Não existe	Não há placas	""	Dupla	Canal	""	""
9572	2018-11-09T00:00:00	08:36:00	COM VÍTIMA	FINALIZADA	GRAÇAS	RUA SOUZA DE ANDRADE	241	RUA ANTONIO NOVAIS	POR TRAS DO COLEGIO SÃO LUIZ	RUA SOUZA DE ANDRADE	241	POR TRAS DO COLEGIO SÃO LUIZ	GRAÇAS		CIDADE	ABALROAMENTO TRANSVERSAL	COLISÃO COM 1 VITIMA A ESPERA DO SAMU	1	1								1		Cruzamento	Bom	Não existe	Não existente	Seca	Perfeito estado	Não existe	Não há placas	30 km/h	Dupla	Não existe	""	""
9573	2018-11-09T00:00:00	08:39:00	SEM VÍTIMA	CANCELADA	CAXANGÁ	RUA GENERAL POLIDORO	4617	""	AO LADO DA FIAT ITALIANA	RUA GENERAL POLIDORO	4617	AO LADO DA FIAT ITALIANA	CAXANGÁ	608	CIDADE	COLISÃO	SEM VÍTIMAS	3									0		Não informado	""	""	""	""	""	""	""	""	""	""	""	""
9574	2018-11-09T00:00:00	08:49:00	COM VÍTIMA	FINALIZADA	BOA VIAGEM	AV FERNANDO SIMOES BARBOSA	""	RUA BRUNO VELOSO	E/F A R2 ACADEMIA, SENTIDO AV BOA VIAGEM	AV FERNANDO SIMOES BARBOSA	""	E/F A R2 ACADEMIA, SENTIDO AV BOA VIAGEM	BOA VIAGEM	335	""	ABALROAMENTO TRANSVERSAL	UMA VÍTIMA. BATEDORES NO LOCAL. MT 13 E MT 21	1	1								1		Cruzamento	Bom	Sem defeito	Perfeito estado	Seca	Perfeito estado	Faixa de pedestre	Outras	""	Dupla	Canteiro central	""	""
9575	2018-11-09T00:00:00	08:51:00	COM VÍTIMA	FINALIZADA	CAMPO GRANDE	RUA ODORICO MENDES	413	RUA GUAICURUS	EM FRENTE AO SUPERMERCADO STILLOS	RUA ODORICO MENDES	413	EM FRENTE AO SUPERMERCADO STILLOS	CAMPO GRANDE		SUBURBIO	ABALROAMENTO TRANSVERSAL	MOTO E AUTO	1	1								1		Longo da via	Bom	Não existe	Perfeito estado	Seca	Perfeito estado	Outros	R-6a	""	Dupla	Faixa contínua	""	""
9576	2018-11-09T00:00:00	09:28:00	SEM VÍTIMA	FINALIZADA	ENCRUZILHADA	AV NORTE	2160	""	EM FRENTE A RENAULT	AV NORTE	2160	EM FRENTE A RENAULT	ENCRUZILHADA		CID/ SUB	ATROPELAMENTO	PEDESTRE E AUTO	1				1					0		Longo da via	Bom	Sem defeito	Perfeito estado	Seca	Perfeito estado	Agente	Não há placas	60 km/h	""	""	""	""
9577	2018-11-09T00:00:00	10:06:00	SEM VÍTIMA	FINALIZADA	AFOGADOS	RUA SAO MIGUEL	""	""	""	RUA SAO MIGUEL	""	""	AFOGADOS	423	CIDADE	COLISÃO TRASEIRA	SEM VITIMAS	1							1		0		Longo da via	Bom	Sem defeito	Perfeito estado	Seca	Perfeito estado	Faixa de pedestre	Outras	""	Dupla	Faixa contínua	""	""
9578	2018-11-09T00:00:00	10:09:00	SEM VÍTIMA	CANCELADA	GRAÇAS	AV GOVERNADOR AGAMENON MAGALHAES	""	""	POR TRAS DO CLUBE PORTUGUES / PISTA LOCAL / SENT BOA VIAGEM	AV GOVERNADOR AGAMENON MAGALHAES	""	POR TRAS DO CLUBE PORTUGUES / PISTA LOCAL / SENT BOA VIAGEM	GRAÇAS		""	COLISÃO	MOTO E AUTO	1	1								0		Não informado	""	""	""	""	""	""	""	""	""	""	""	""
9579	2018-11-09T00:00:00	10:25:00	SEM VÍTIMA	FINALIZADA	BOA VIAGEM	AV DES JOSE NEVES	""	""	SENT SHOPPING / BEIRA DANAL / APOS O SUPERMERCADO TREVO	AV DES JOSE NEVES	""	SENT SHOPPING / BEIRA DANAL / APOS O SUPERMERCADO TREVO	BOA VIAGEM		CIDADE	COLISÃO TRASEIRA	DOIS AUTOS	2									0		Longo da via	Bom	Não existe	Ilegível	Seca	Mal conservada	""	Não há placas	60 km/h	Única	""	""	""
9580	2018-11-12T00:00:00	14:48:00	SEM VÍTIMA	FINALIZADA	BOA VISTA	RUA DA AURORA	425	""	EM FRENTE A AGÊNCIA DO TRABALHO	RUA DA AURORA	425	EM FRENTE A AGÊNCIA DO TRABALHO	BOA VISTA		CIDADE	ABALROAMENTO LONGITUDINAL	ONIBUS E AUTO	1					1				0		Longo da via	Bom	Sem defeito	Perfeito estado	Seca	Mal conservada	Outros	Outras	""	Única	Faixa seccionada	""	""
9581	2018-11-09T00:00:00	10:33:00	COM VÍTIMA	FINALIZADA	SÃO JOSÉ	AV SUL	""	""	OFICINA DO ABELARDO	AV SUL	""	OFICINA DO ABELARDO	SÃO JOSÉ		CIDADE	CAPOTAMENTO	VITIMA NO AGUARDO DO SOCORRO		1								1		Longo da via	Bom	Não existe	Incompleta	Molhada	Perfeito estado	Não existe	Não há placas	60 km/h	Dupla	Canteiro central	""	""
9582	2018-11-09T00:00:00	10:42:00	SEM VÍTIMA	FINALIZADA	DERBY	PRC DO DERBY	""	AV GOVERNADOR AGAMENON MAGALHAES	SOB O SEMÁFORO 075 - SENTIDO SUBÚRBIO/ CIDADE	PRC DO DERBY	""	SOB O SEMÁFORO 075 - SENTIDO SUBÚRBIO/ CIDADE	DERBY	75	CIDADE	COLISÃO TRASEIRA	AMBULANCIA E AUTO	1							1		0		Outros	Bom	Sem defeito	Perfeito estado	Seca	Perfeito estado	Faixa de pedestre	R-6c	50 km/h	Dupla	Outros	""	""
9583	2018-11-09T00:00:00	10:52:00	SEM VÍTIMA	FINALIZADA	DOIS IRMÃOS	RUA DOIS IRMAOS	""	""	SOB O SEMÁFORO	RUA DOIS IRMAOS	""	SOB O SEMÁFORO	DOIS IRMÃOS	416	SUBURBIO	COLISÃO TRASEIRA	SEM VÍTIMA	2									0		Longo da via	Bom	Com defeito	Incompleta	Seca	Perfeito estado	Agente	Não há placas	60 km/h	Dupla	Faixa contínua	""	""
9584	2018-11-09T00:00:00	11:01:00	SEM VÍTIMA	CANCELADA	AFOGADOS	RUA SAO MIGUEL	1285	""	E/F AO DEPOSITO DA AMANCO	RUA SAO MIGUEL	1285	E/F AO DEPOSITO DA AMANCO	AFOGADOS		CIDADE	COLISÃO	SEM VÍTIMAS	1						1			0		Não informado	""	""	""	""	""	""	""	""	""	""	""	""
9585	2018-11-09T00:00:00	11:05:00	SEM VÍTIMA	FINALIZADA	PARNAMIRIM	AV PARNAMIRIM	380	""	EM FRENTE AO BANCO SANTANDER	AV PARNAMIRIM	380	EM FRENTE AO BANCO SANTANDER	PARNAMIRIM		CIDADE	ABALROAMENTO LONGITUDINAL	DOIS AUTOS	2									0		Longo da via	Bom	Não existe	Perfeito estado	Seca	Perfeito estado	Outros	R-6a	60 km/h	Única	Faixa contínua	""	""
9586	2018-11-09T00:00:00	11:09:00	SEM VÍTIMA	FINALIZADA	BOA VIAGEM	RUA SETUBAL	156	""	EM FRENTE AO NÚMERO 156	RUA SETUBAL	156	EM FRENTE AO NÚMERO 156	BOA VIAGEM		CIDADE	ABALROAMENTO LONGITUDINAL	COLISÃO SEM VITIMAS	2									0		Longo da via	Bom	Sem defeito	Não existente	Seca	Perfeito estado	Não existe	Não há placas	40 km/h	Única	Não existe	""	""
9587	2018-11-09T00:00:00	11:33:00	COM VÍTIMA	FINALIZADA	CAMPO GRANDE	RUA VISCONDE DE CAIRU	21	RUA SEBASTIAO GALVAO	E/F A RESIDENCA.	RUA VISCONDE DE CAIRU	21	E/F A RESIDENCA.	CAMPO GRANDE		SUBURBIO	CHOQUE OBJETO FIXO	COM UMA VÍTIMA JÁ SOCORRIDA PELO SAMU	1									1		Esquina	Bom	Não existe	Perfeito estado	Seca	Perfeito estado	Não existe	Outras	""	Dupla	Não existe	""	""
9588	2018-11-09T00:00:00	11:47:00	SEM VÍTIMA	FINALIZADA	BOA VIAGEM	RUA PADRE BERNADINO PESSOA	429	""	EM FRENTE AO COLEGIO SANTA MARIA	RUA PADRE BERNADINO PESSOA	429	EM FRENTE AO COLEGIO SANTA MARIA	BOA VIAGEM		""	ABALROAMENTO LONGITUDINAL	DOIS AUTOS BATEDORES KAIKE E IVAN MOURA NO LOCAL	2									0		Longo da via	Bom	Não existe	Perfeito estado	Seca	Perfeito estado	Faixa de pedestre	Não há placas	""	Única	Não existe	""	""
9589	2018-11-09T00:00:00	11:51:00	SEM VÍTIMA	FINALIZADA	CASA AMARELA	AV NORTE	""	RUA PADRE LEMOS	NA ENTRADA DO VASCO DA GAMA EM FRENTE AO POSTO DE GASOLINA BR	AV NORTE	""	NA ENTRADA DO VASCO DA GAMA EM FRENTE AO POSTO DE GASOLINA BR	CASA AMARELA	66	CIDADE	COLISÃO TRASEIRA	COLISÃO SEM VITIMAS	1						1			0		Cruzamento	Bom	Sem defeito	Não existente	Seca	Perfeito estado	Não existe	Não há placas	""	Dupla	Canteiro central	""	""
9590	2018-11-09T00:00:00	11:52:00	SEM VÍTIMA	FINALIZADA	JORDÃO	RUA BOANERGES PEREIRA	113A	""	LADO OPOSTO A PADARIA DELICIAS DO TRIGO	RUA BOANERGES PEREIRA	113A	LADO OPOSTO A PADARIA DELICIAS DO TRIGO	JORDÃO		SUBURBIO	CHOQUE OBJETO FIXO	CHOQUE EM MURO DE RESIDENCIA, SEGUIDO DE CHOQUE EM VEÍCULO	2									0		Longo da via	Bom	Não existe	Incompleta	Seca	Perfeito estado	Não existe	Não há placas	""	Dupla	Não existe	""	""
9591	2018-11-09T00:00:00	11:57:00	SEM VÍTIMA	FINALIZADA	CASA AMARELA	AV NORTE	""	""	SEMÁFORO DE Nº 095	AV NORTE	""	SEMÁFORO DE Nº 095	CASA AMARELA		SUBURBIO	COLISÃO TRASEIRA	DOIS AUTOS	2									0		Longo da via	Bom	Sem defeito	Perfeito estado	Seca	Perfeito estado	Não existe	Não há placas	60 km/h	Dupla	Canteiro central	""	""
9592	2018-11-09T00:00:00	12:36:00	SEM VÍTIMA	FINALIZADA	BOA VIAGEM	RUA COPACABANA	580	""	""	RUA COPACABANA	580	""	BOA VIAGEM		SUBURBIO	ABALROAMENTO LONGITUDINAL	ONIBUS E AUTO	1					1				0		Longo da via	Bom	Não existe	""	Seca	Perfeito estado	Não existe	Não há placas	""	Dupla	Não existe	""	""
9593	2018-11-09T00:00:00	12:44:00	SEM VÍTIMA	FINALIZADA	BOA VIAGEM	AV ENGENHEIRO DOMINGOS FERREIRA	""	""	LADO OPOSTO AO Nº 2655-A	AV ENGENHEIRO DOMINGOS FERREIRA	""	LADO OPOSTO AO Nº 2655-A	BOA VIAGEM		SUBURBIO	ABALROAMENTO LONGITUDINAL	ONIBUS E AUTO	1					1				0		Longo da via	Bom	Não existe	Perfeito estado	Seca	Perfeito estado	Outros	Outras	60 km/h	Dupla	Canteiro central	""	""
9594	2018-11-09T00:00:00	12:57:00	SEM VÍTIMA	FINALIZADA	MADALENA	RUA PAISSANDU	""	PRC DA BANDEIRA	EM FRENTE AO SPORT	RUA PAISSANDU	""	EM FRENTE AO SPORT	MADALENA	367	SUBURBIO	ABALROAMENTO TRANSVERSAL	AUTO E CAMINHÃO	1						1			0		Longo da via	Bom	Sem defeito	Perfeito estado	Seca	Perfeito estado	Faixa de pedestre	Outras	""	Única	Faixa seccionada	""	""
9595	2018-11-09T00:00:00	13:38:00	SEM VÍTIMA	FINALIZADA	PINA	PTE GOVERNADOR PAULO GUERRA	""	""	SOBRE A PONTE GOV PAULO GUERRA	PTE GOVERNADOR PAULO GUERRA	""	SOBRE A PONTE GOV PAULO GUERRA	PINA		SUBURBIO	COLISÃO TRASEIRA	DOIS AUTOS	2									0		Viaduto	Bom	Não existe	Perfeito estado	Seca	Perfeito estado	Não existe	Outras	60 km/h	Única	Faixa contínua	""	""
9596	2018-11-09T00:00:00	13:42:00	SEM VÍTIMA	FINALIZADA	BOA VIAGEM	AV ENGENHEIRO DOMINGOS FERREIRA	668	""	EM FRENTE AO MARANTE EXECUTIVE HOTEL	AV ENGENHEIRO DOMINGOS FERREIRA	668	EM FRENTE AO MARANTE EXECUTIVE HOTEL	BOA VIAGEM		SUBURBIO	ABALROAMENTO TRANSVERSAL	ONIBUS E AUTO	1					1				0		Longo da via	Bom	Não existe	Perfeito estado	Seca	Perfeito estado	Não existe	Outras	60 km/h	Única	Canteiro central	""	""
9597	2018-11-09T00:00:00	13:46:00	SEM VÍTIMA	FINALIZADA	CASA AMARELA	EST DO ARRAIAL	""	RUA PADRE LEMOS	EM FRENTE AO MERCADO DE CASA AMARELA	EST DO ARRAIAL	""	EM FRENTE AO MERCADO DE CASA AMARELA	CASA AMARELA	404	CID/SUB	COLISÃO TRASEIRA	ENTRE AUTOS S/V.	2									0		Cruzamento	Bom	Sem defeito	Perfeito estado	Seca	Perfeito estado	Agente	Outras	40 km/h	Dupla	Faixa contínua	""	""
9598	2018-11-09T00:00:00	13:59:00	SEM VÍTIMA	FINALIZADA	ÁGUA FRIA	RUA DA REGENERACAO	""	""	SEMÁFORO 662	RUA DA REGENERACAO	""	SEMÁFORO 662	ÁGUA FRIA		SUBURBIO	ABALROAMENTO LONGITUDINAL	DOIS AUTOS	2									0		Longo da via	Bom	Sem defeito	Perfeito estado	Seca	Perfeito estado	""	R-6a	""	Única	Faixa seccionada	""	""
9599	2018-11-09T00:00:00	14:06:00	SEM VÍTIMA	FINALIZADA	BOA VIAGEM	AV ENGENHEIRO DOMINGOS FERREIRA	2200	""	EM FRENTE À IMOBILIÁRIA PAULO MIRANDA	AV ENGENHEIRO DOMINGOS FERREIRA	2200	EM FRENTE À IMOBILIÁRIA PAULO MIRANDA	BOA VIAGEM	484	SUBURBIO	COLISÃO TRASEIRA	ENTRE AUTOS S/V.	2									0		Longo da via	Bom	Sem defeito	Perfeito estado	Seca	Perfeito estado	Faixa de pedestre	""	""	Única	Faixa seccionada	""	""
9600	2018-11-09T00:00:00	14:23:00	SEM VÍTIMA	CANCELADA	VASCO DA GAMA	RUA VASCO DA GAMA	""	""	SESI DO VASCO	RUA VASCO DA GAMA	""	SESI DO VASCO	VASCO DA GAMA		""	COLISÃO	SEM VÍTIMA	1	1								0		""	""	""	""	""	""	""	""	""	""	""	""	""
9601	2018-11-09T00:00:00	14:27:00	SEM VÍTIMA	FINALIZADA	VASCO DA GAMA	RUA VASCO DA GAMA	145	""	EM FRENTE AO SESI DO VASCO	RUA VASCO DA GAMA	145	EM FRENTE AO SESI DO VASCO	VASCO DA GAMA		CIDADE	ABALROAMENTO LONGITUDINAL	MOTO E AUTO	1	1								0		Longo da via	Bom	Não existe	Não existente	Seca	Perfeito estado	Não existe	R-6a	""	Dupla	Não existe	""	""
9602	2018-11-09T00:00:00	14:44:00	SEM VÍTIMA	FINALIZADA	MUSTARDINHA	AV MANOEL GONCALVES DA LUZ	44	""	PROX. A STAR MOTOS, EM FRENTE A PRAÇA DO ABC	AV MANOEL GONCALVES DA LUZ	44	PROX. A STAR MOTOS, EM FRENTE A PRAÇA DO ABC	MUSTARDINHA		""	COLISÃO	MOTO E AUTO	1	1								0		""	""	""	""	""	""	""	""	""	""	""	""	""
9603	2018-11-09T00:00:00	16:19:00	COM VÍTIMA	FINALIZADA	GUABIRABA	AV DA RECUPERACAO	1014	RUA DAS FLORES	PROX A UPINHA	AV DA RECUPERACAO	1014	PROX A UPINHA	GUABIRABA		SUBURBIO	COLISÃO TRASEIRA	MOTO E CAMINHÃO		1					1			1		Longo da via	Bom	Não existe	Perfeito estado	Seca	Perfeito estado	""	Não há placas	""	Dupla	Faixa seccionada	""	""
9604	2018-11-09T00:00:00	16:33:00	COM VÍTIMA	FINALIZADA	CAXANGÁ	AV CAXANGA	""	""	EM FRENTE A IGREJA CATOLICA, CENTRO PASTORAL PE. OSCAR MARTINS	AV CAXANGA	""	EM FRENTE A IGREJA CATOLICA, CENTRO PASTORAL PE. OSCAR MARTINS	CAXANGÁ		""	ABALROAMENTO LONGITUDINAL	DUAS MOTOS VT- 15 GM		2								2		Longo da via	Bom	Sem defeito	Perfeito estado	Molhada	Perfeito estado	Outros	Outras	""	Única	Canteiro central	""	""
9605	2018-11-09T00:00:00	17:03:00	SEM VÍTIMA	FINALIZADA	BOA VIAGEM	RUA CORONEL ANIZIO RODRIGUES COELHO	907-A	""	""	RUA CORONEL ANIZIO RODRIGUES COELHO	907-A	""	BOA VIAGEM		""	COLISÃO	DOIS AUTOS PASSEIO	2									0		""	""	""	""	""	""	""	""	""	""	""	""	""
9606	2018-11-09T00:00:00	17:16:00	SEM VÍTIMA	FINALIZADA	MACAXEIRA	AV JOSE AMERICO DE ALMEIDA	230	1 TRV JUSTICA E PAZ	TRANSPORTADORA AVANÇO	AV JOSE AMERICO DE ALMEIDA	230	TRANSPORTADORA AVANÇO	MACAXEIRA		""	ABALROAMENTO LONGITUDINAL	COLISÃO SEM VITIMA		1					1			0		Cruzamento	Bom	Não existe	Não existente	Seca	Perfeito estado	Não existe	Não há placas	30 km/h	Única	Não existe	""	""
9607	2018-11-09T00:00:00	17:50:00	SEM VÍTIMA	FINALIZADA	TORRE	RUA MARQUES DE MARICA	1238	""	PRÓX. PRAÇA DA TORRE ( PRAÇA PROF BARRETO CAMPELO )	RUA MARQUES DE MARICA	1238	PRÓX. PRAÇA DA TORRE ( PRAÇA PROF BARRETO CAMPELO )	TORRE		SUBURBIO	ABALROAMENTO LONGITUDINAL	COLISÃO SEM VITIMA	1					1				0		Cruzamento	Bom	Não existe	Não existente	Seca	Perfeito estado	Não existe	Não há placas	""	Única	Blocos	""	""
9608	2018-11-09T00:00:00	17:58:00	SEM VÍTIMA	FINALIZADA	ESPINHEIRO	RUA BARAO DE ITAMARACA	""	""	NA FRENTE DA CAFE MAIS PROSA	RUA BARAO DE ITAMARACA	""	NA FRENTE DA CAFE MAIS PROSA	ESPINHEIRO		""	COLISÃO	COLISÃO SEM VITIMA	2									0		""	""	""	""	""	""	""	""	""	""	""	""	""
9609	2018-11-09T00:00:00	17:59:00	SEM VÍTIMA	FINALIZADA	BOA VIAGEM	RUA PROF AURELIO DE CASTRO CAVALCANTI	""	RUA WALDEMAR NERY CARNEIRO MONTEIRO	PROX A ESCOLA GRANDE PASSO	RUA PROF AURELIO DE CASTRO CAVALCANTI	""	PROX A ESCOLA GRANDE PASSO	BOA VIAGEM		""	ABALROAMENTO LONGITUDINAL	HONDA CIT X SIENA	2									0		""	Bom	Não existe	Perfeito estado	Seca	Perfeito estado	Não existe	Outras	""	Única	Não existe	""	""
9610	2018-11-09T00:00:00	17:59:00	COM VÍTIMA	FINALIZADA	CASA AMARELA	AV NORTE	6020	""	DESCONTÃO	AV NORTE	6020	DESCONTÃO	CASA AMARELA		SUBURBIO	ABALROAMENTO LONGITUDINAL	COM VÍTIMA , SOCORRIDA PELO SAMU	1	1								2		Longo da via	Bom	Não existe	Perfeito estado	Seca	Perfeito estado	Não existe	Não há placas	""	Dupla	Canteiro central	""	""
9611	2018-11-09T00:00:00	18:21:00	COM VÍTIMA	FINALIZADA	IMBIRIBEIRA	RUA JAMAICA	""	RUA ITAJAI	""	RUA JAMAICA	""	""	IMBIRIBEIRA		CIDADE	ABALROAMENTO TRANSVERSAL	COLISÃO COM VITIMAS ENTRE AUTO E MOTO	1	1								3		Cruzamento	Bom	Não existe	Incompleta	Seca	Perfeito estado	Faixa de pedestre	R-6a	""	Única	Faixa contínua	""	""
9612	2018-11-09T00:00:00	18:32:00	SEM VÍTIMA	FINALIZADA	IMBIRIBEIRA	AV MARECHAL MASCARENHAS DE MORAES	2666	""	GERALDÃO , AO LADO DO POSTO BR	AV MARECHAL MASCARENHAS DE MORAES	2666	GERALDÃO , AO LADO DO POSTO BR	IMBIRIBEIRA	289	SUBURBIO	ABALROAMENTO LONGITUDINAL	COLISÃO SEM VITIMA	2									0		Longo da via	Bom	Sem defeito	Perfeito estado	Seca	Perfeito estado	Não existe	Outras	60 km/h	Dupla	Faixa seccionada	""	""
9613	2018-11-09T00:00:00	18:39:00	COM VÍTIMA	CANCELADA	SANTO AMARO	AV GOVERNADOR AGAMENON MAGALHAES	""	""	DEPOIS DO VIADUTO DA AV NORTE SENTIDO OLINDA ANTES DO RETORNO DA ENCRUZILHADA E TORREAO	AV GOVERNADOR AGAMENON MAGALHAES	""	DEPOIS DO VIADUTO DA AV NORTE SENTIDO OLINDA ANTES DO RETORNO DA ENCRUZILHADA E TORREAO	SANTO AMARO		""	COLISÃO	FAIT X MOTO OBS:: VITIMAS DENTRO DO CANAL	1	1								2		""	""	""	""	""	""	""	""	""	""	""	""	""
9614	2018-11-09T00:00:00	18:42:00	SEM VÍTIMA	FINALIZADA	ILHA DO LEITE	RUA GENERAL JOAQUIM INACIO	830	""	""	RUA GENERAL JOAQUIM INACIO	830	""	ILHA DO LEITE		SUBURBIO	ABALROAMENTO LONGITUDINAL	COLISÃO SEM VITIMA	1					1				0		Longo da via	Bom	Não existe	Perfeito estado	Seca	Perfeito estado	""	""	""	Única	Faixa	""	""
9615	2018-11-09T00:00:00	18:58:00	COM VÍTIMA	FINALIZADA	IPUTINGA	RUA BOM PASTOR	""	RUA MAURICEIA	NO FINAL DO CANAL DO CAVUCO	RUA BOM PASTOR	""	NO FINAL DO CANAL DO CAVUCO	IPUTINGA	652	SUBURBIO	COLISÃO FRONTAL	COLISÃO COM VITIMA		2								1		Cruzamento	Bom	Sem defeito	Perfeito estado	Seca	Perfeito estado	Não existe	Não há placas	30 km/h	Dupla	Não existe	""	""
9616	2018-11-09T00:00:00	19:08:00	COM VÍTIMA	FINALIZADA	DERBY	AV GOVERNADOR AGAMENON MAGALHAES	""	RUA DR BANDEIRA FILHO	ENF AO MECDONALD´S PROX A EMBRATEL SENTIDO BOA VIAGEM	AV GOVERNADOR AGAMENON MAGALHAES	""	ENF AO MECDONALD´S PROX A EMBRATEL SENTIDO BOA VIAGEM	DERBY	173	SUBURBIO	ABALROAMENTO LONGITUDINAL	ONIX X MOTO	1	1								2		Longo da via	Bom	Sem defeito	Perfeito estado	Seca	Perfeito estado	Faixa de pedestre	""	""	Dupla	Canal	""	""
9617	2018-11-09T00:00:00	19:24:00	COM VÍTIMA	FINALIZADA	IMBIRIBEIRA	RUA PAMPULHA	160	RUA ITAJAI	ENF A PANIFICADORA VALE DO RIO DOCE. CASA BRANCA BUFFET E RECEPÇÕES.	RUA PAMPULHA	160	ENF A PANIFICADORA VALE DO RIO DOCE. CASA BRANCA BUFFET E RECEPÇÕES.	IMBIRIBEIRA		CIDADE	ABALROAMENTO TRANSVERSAL	MOTO X PRISMA TAXI	1	1								1		Cruzamento	Bom	Não existe	Perfeito estado	Seca	Perfeito estado	Não existe	"Placas ""Pare"""	""	Única	Não existe	""	""
9618	2018-11-09T00:00:00	19:40:00	SEM VÍTIMA	CANCELADA	ILHA DO LEITE	RUA GENERAL JOAQUIM INACIO	""	AV FREI MATIAS TEVES	PROX A FARMACIA INDEPENDENTE	RUA GENERAL JOAQUIM INACIO	""	PROX A FARMACIA INDEPENDENTE	ILHA DO LEITE		""	COLISÃO	ONIBUS CIDADE ALTA X AUTO	1					1				0		""	""	""	""	""	""	""	""	""	""	""	""	""
9619	2018-11-09T00:00:00	19:50:00	SEM VÍTIMA	CANCELADA	JOANA BEZERRA	""	""	""	SOBRE O VIADUTO DA JOANA BEZERRA, SENTIDO PINA	""	""	SOBRE O VIADUTO DA JOANA BEZERRA, SENTIDO PINA	JOANA BEZERRA		""	COLISÃO	COLISÃO SE VITIMAS	2									0		""	""	""	""	""	""	""	""	""	""	""	""	""
9620	2018-11-09T00:00:00	21:42:00	COM VÍTIMA	FINALIZADA	DERBY	AV GOVERNADOR AGAMENON MAGALHAES	""	PRC DO DERBY	PROX A PRC DO DERBY SENTIDO BOA VIAGEM	AV GOVERNADOR AGAMENON MAGALHAES	""	PROX A PRC DO DERBY SENTIDO BOA VIAGEM	DERBY	75	SUBURBIO	ABALROAMENTO LONGITUDINAL	SIENA X MOTO	1	1								1		Cruzamento	Bom	Sem defeito	Perfeito estado	Seca	Perfeito estado	Faixa de pedestre	""	""	Dupla	Canal	""	""
9621	2018-11-09T00:00:00	22:01:00	COM VÍTIMA	CANCELADA	IPUTINGA	EST DO BARBALHO	""	RUA GENESIO TEOFILO BEZERRA FILHO	PROX AO CASARAO DO BARBALHO :: OBS VT DA POLICIA NO LOCAL	EST DO BARBALHO	""	PROX AO CASARAO DO BARBALHO :: OBS VT DA POLICIA NO LOCAL	IPUTINGA		""	COLISÃO	PALIO X CELTA X MOTO	2	1								1		""	""	""	""	""	""	""	""	""	""	""	""	""
9622	2018-11-09T00:00:00	22:19:00	SEM VÍTIMA	FINALIZADA	LINHA DO TIRO	RUA URIEL DE HOLANDA	""	RUA GUAPIACU	""	RUA URIEL DE HOLANDA	""	""	LINHA DO TIRO		CIDADE	ABALROAMENTO LONGITUDINAL	COLISÃO SEM VITIMAS	1	1								0		Longo da via	Bom	Não existe	Não existente	Seca	Outros	Não existe	Não há placas	40 km/h	Dupla	Não existe	""	""