_id	DATA	hora	natureza_acidente	situacao	bairro	endereco	numero	detalhe_endereco_acidente	complemento	endereco_cruzamento	numero_cruzamento	referencia_cruzamento	bairro_cruzamento	num_semaforo	sentido_via	tipo	descricao	auto	moto	ciclom	ciclista	pedestre	onibus	caminhao	viatura	outros	vitimas	vitimasfatais	acidente_verificado	tempo_clima	situacao_semaforo	sinalizacao	condicao_via	conservacao_via	ponto_controle	situacao_placa	velocidade_max_via	mao_direcao	divisao_via1	divisao_via2	divisao_via3
9623	2018-11-09T00:00:00	23:25:00	SEM VÍTIMA	FINALIZADA	CASA AMARELA	AV NORTE	""	RUA GOMES COUTINHO	PROX. AO SESC DE CASA AMARELA E O POSTO BR	AV NORTE	""	PROX. AO SESC DE CASA AMARELA E O POSTO BR	CASA AMARELA	643	""	ABALROAMENTO TRANSVERSAL	COLISÃO COM VÍTIMAS/ BOMBEIRO NO LOCAL		1						1		0		Cruzamento	Bom	Sem defeito	Perfeito estado	Seca	Perfeito estado	Faixa de pedestre	""	""	Dupla	Canteiro central	""	""
9624	2018-11-10T00:00:00	04:07:00	SEM VÍTIMA	CANCELADA	ESPINHEIRO	RUA VENEZUELA	""	""	EM FRENTE AO BAR WINNER // PRÓX AO ENTRE AMIGOS	RUA VENEZUELA	""	EM FRENTE AO BAR WINNER // PRÓX AO ENTRE AMIGOS	ESPINHEIRO		""	COLISÃO	COLISÃO ENTRE DOIS AUTOS, SEM VÍTIMAS	2									0		""	""	""	""	""	""	""	""	""	""	""	""	""
9625	2018-11-10T00:00:00	07:02:00	SEM VÍTIMA	FINALIZADA	BOA VIAGEM	AV BOA VIAGEM	756	""	SEGUNDO JARDIM EM FRENTE AO EDIFICIO PLACE VENDOME	AV BOA VIAGEM	756	SEGUNDO JARDIM EM FRENTE AO EDIFICIO PLACE VENDOME	BOA VIAGEM	3	CIDADE	COLISÃO TRASEIRA	COLISÃO SEM VITIMAS	2									0		Longo da via	Bom	Com defeito	Perfeito estado	Seca	Perfeito estado	Faixa de pedestre	Não há placas	""	Única	Faixa contínua	""	""
9626	2018-11-10T00:00:00	07:40:00	SEM VÍTIMA	CANCELADA	TAMARINEIRA	RUA ISAAC SALAZAR	45 B	""	EM FRENTE AO EDIFICIO ACACIA	RUA ISAAC SALAZAR	45 B	EM FRENTE AO EDIFICIO ACACIA	TAMARINEIRA		""	COLISÃO	COLISÃO SEM VITIMAS	2									0		""	""	""	""	""	""	""	""	""	""	""	""	""
9627	2018-11-10T00:00:00	08:07:00	SEM VÍTIMA	FINALIZADA	GRAÇAS	AV RUI BARBOSA	""	AV GOVERNADOR AGAMENON MAGALHAES	""	AV RUI BARBOSA	""	""	GRAÇAS	37	CIDADE	ABALROAMENTO LONGITUDINAL	DOIS AUTOS	2									0		Longo da via	Bom	Sem defeito	Perfeito estado	Seca	Perfeito estado	Não existe	Não há placas	40 km/h	Única	Faixa seccionada	""	""
9628	2018-11-10T00:00:00	08:51:00	SEM VÍTIMA	FINALIZADA	PRADO	AV ENGENHEIRO ABDIAS DE CARVALHO	""	RUA JOAO IVO DA SILVA	""	AV ENGENHEIRO ABDIAS DE CARVALHO	""	""	PRADO	132	SUBURBIO	COLISÃO TRASEIRA	SEM VÍTIMAS	2									0		Cruzamento	Bom	Sem defeito	Perfeito estado	Seca	Perfeito estado	Agente	Outras	60 km/h	Dupla	Canteiro central	""	""
9629	2018-11-10T00:00:00	09:12:00	SEM VÍTIMA	FINALIZADA	JIQUIÁ	AV DR JOSE RUFINO	""	RUA JOAO TEIXEIRA	""	AV DR JOSE RUFINO	""	""	JIQUIÁ	82	CIDADE	COLISÃO TRASEIRA	DOIS AUTOS	2									0		Cruzamento	Bom	Sem defeito	Perfeito estado	Seca	Perfeito estado	Faixa de retenção	Não há placas	60 km/h	Dupla	Faixa contínua	""	""
9630	2018-11-10T00:00:00	09:20:00	SEM VÍTIMA	FINALIZADA	CAMPO GRANDE	RUA SAO CAETANO	119	""	RUA VISCONDE DE CAIRÚ	RUA SAO CAETANO	119	RUA VISCONDE DE CAIRÚ	CAMPO GRANDE		""	ABALROAMENTO TRANSVERSAL	SEM VÍTIMAS	2									0		Outros	Bom	Não existe	Não existente	Seca	Perfeito estado	Não existe	Não há placas	30 km/h	Dupla	Não existe	""	""
9631	2018-11-10T00:00:00	10:59:00	SEM VÍTIMA	FINALIZADA	AFOGADOS	EST DOS REMEDIOS	774	""	EM FRENTE A JADLOG	EST DOS REMEDIOS	774	EM FRENTE A JADLOG	AFOGADOS		SUBURBIO	COLISÃO TRASEIRA	SEM VÍTIMAS	2					1				0		Longo da via	Bom	Não existe	Perfeito estado	Seca	Perfeito estado	Não existe	Outras	""	Única	Faixa contínua	""	""
9632	2018-11-10T00:00:00	11:01:00	SEM VÍTIMA	FINALIZADA	AFOGADOS	RUA MOTOCOLOMBO	""	RUA PROFESSOR AUGUSTO WANDERLEY FILHO	NA DESCIDA DA PONTE MOTOCOLOMBO	RUA MOTOCOLOMBO	""	NA DESCIDA DA PONTE MOTOCOLOMBO	AFOGADOS	39	SUBURBIO	ABALROAMENTO LONGITUDINAL	COLISÃO SEM VITIMAS	1	1								0		Cruzamento	Bom	Sem defeito	Perfeito estado	Seca	Perfeito estado	Não existe	R-6a	""	Única	Não existe	""	""
9633	2018-11-10T00:00:00	11:08:00	SEM VÍTIMA	FINALIZADA	ESPINHEIRO	AV GOVERNADOR AGAMENON MAGALHAES	""	""	FRENTE AO CÍRCULO MILITAR	AV GOVERNADOR AGAMENON MAGALHAES	""	FRENTE AO CÍRCULO MILITAR	ESPINHEIRO		CID/SUB	COLISÃO TRASEIRA	COLISÃO SEM VITIMAS	4									0		Longo da via	Bom	Não existe	Perfeito estado	Seca	Perfeito estado	Não existe	Outras	""	Dupla	Canteiro central	""	""
9634	2018-11-10T00:00:00	11:19:00	SEM VÍTIMA	FINALIZADA	DERBY	AV GOVERNADOR AGAMENON MAGALHAES	""	""	EM FRENTE A PRAÇA DO DERBY	AV GOVERNADOR AGAMENON MAGALHAES	""	EM FRENTE A PRAÇA DO DERBY	DERBY	417	SUBURBIO	COLISÃO TRASEIRA	COLISÃO SEM VITIMAS	2									0		Longo da via	Bom	Sem defeito	Perfeito estado	Seca	Perfeito estado	Faixa de pedestre	Não há placas	""	Dupla	Canal	""	""
9635	2018-11-10T00:00:00	12:21:00	SEM VÍTIMA	FINALIZADA	BEBERIBE	AV BEBERIBE	""	""	EM FRENTE À FARMÁCIA DROGASIL E AO POSTO SHELL	AV BEBERIBE	""	EM FRENTE À FARMÁCIA DROGASIL E AO POSTO SHELL	BEBERIBE		""	COLISÃO	AUTO X ÔNIBUS S/V.	1					1				0		""	""	""	""	""	""	""	""	""	""	""	""	""
9636	2018-11-10T00:00:00	13:59:00	SEM VÍTIMA	FINALIZADA	IPSEP	RUA ITAIMBE	154	""	""	RUA ITAIMBE	154	""	IPSEP		SUBURBIO	COLISÃO TRASEIRA	""	2									0		Longo da via	Bom	Não existe	Não existente	Seca	Perfeito estado	Não existe	Não há placas	30 km/h	Dupla	Não existe	""	""
9637	2018-11-10T00:00:00	14:39:00	COM VÍTIMA	FINALIZADA	AFOGADOS	RUA IMPERIAL	""	TRV DO RAPOSO	""	RUA IMPERIAL	""	""	AFOGADOS	510	SUBURBIO	ABALROAMENTO TRANSVERSAL	AUTO E MOTO C/V	1	1								1		Cruzamento	Bom	Sem defeito	Não existente	Seca	Perfeito estado	Não existe	R-6a	""	Única	Não existe	""	""
9638	2018-11-10T00:00:00	14:46:00	SEM VÍTIMA	FINALIZADA	AFOGADOS	RUA SAO MIGUEL	113	RUA PEDRO CABRAL DE OLIVEIRA	TEMPERO DO CAMPO SELF SERVICE	RUA SAO MIGUEL	113	TEMPERO DO CAMPO SELF SERVICE	AFOGADOS		CIDADE	ABALROAMENTO TRANSVERSAL	ÔNIBUS X AUTO S/V.	1					1				0		Outros	Bom	Não existe	Perfeito estado	Seca	Perfeito estado	Não existe	Outras	""	Dupla	Faixa contínua	""	""
9639	2018-11-10T00:00:00	15:20:00	SEM VÍTIMA	FINALIZADA	TORRE	RUA JOSE BONIFACIO	""	RUA MARCOS FREIRE	""	RUA JOSE BONIFACIO	""	""	TORRE	487	""	ABALROAMENTO LONGITUDINAL	ENTRE AUTOS S/V.	2									0		Cruzamento	Bom	Sem defeito	Perfeito estado	Seca	Perfeito estado	Agente	""	""	Única	Faixa contínua	""	""
9640	2018-11-10T00:00:00	15:46:00	COM VÍTIMA	FINALIZADA	SANTO AMARO	AV DR JAYME DA FONTE	68	""	PRÓX AO CAMPO DO ONZE	AV DR JAYME DA FONTE	68	PRÓX AO CAMPO DO ONZE	SANTO AMARO		CIDADE	COLISÃO TRASEIRA	ENTRE MOTOS C/V		2								1		Longo da via	Bom	Não existe	Perfeito estado	Seca	Perfeito estado	Não existe	Não há placas	""	Dupla	Canteiro central	""	""
9641	2018-11-10T00:00:00	15:51:00	SEM VÍTIMA	FINALIZADA	ÁGUA FRIA	AV BEBERIBE	""	""	LADO OPOSTO AO MERCADO DE ÁGUA FRIA	AV BEBERIBE	""	LADO OPOSTO AO MERCADO DE ÁGUA FRIA	ÁGUA FRIA	405	""	ABALROAMENTO LONGITUDINAL	AUTO E CAMINHAO	1						1			0		Longo da via	Bom	Sem defeito	Perfeito estado	Seca	Perfeito estado	Faixa de pedestre	Outras	""	Dupla	Faixa contínua	""	""
9642	2018-11-10T00:00:00	16:00:00	SEM VÍTIMA	FINALIZADA	SÃO JOSÉ	AV SUL	""	""	""	AV SUL	""	""	SÃO JOSÉ	260	CIDADE	CHOQUE VEÍCULO PARADO	DOIS AUTOS S/V	2									0		Longo da via	Bom	Sem defeito	Ilegível	Seca	Perfeito estado	""	Outras	60 km/h	Única	Canteiro central	""	""
9643	2018-11-10T00:00:00	16:44:00	COM VÍTIMA	FINALIZADA	IPUTINGA	RUA TERRA GRANDE	""	RUA BARAO DE ITAPISSUMA	EM FRENTE AO PORTAO DO DETRAN	RUA TERRA GRANDE	""	EM FRENTE AO PORTAO DO DETRAN	IPUTINGA		""	COLISÃO COM CICLISTA	AUTO E CICLISTA C/V	1			1						1		Longo da via	Bom	Não existe	""	Seca	Perfeito estado	Não existe	""	""	Dupla	""	""	""
9644	2018-11-10T00:00:00	17:44:00	SEM VÍTIMA	FINALIZADA	MACAXEIRA	AV NORTE	""	""	NA ROTATORIA, EM FRENTE AO TI MACAXEIRA	AV NORTE	""	NA ROTATORIA, EM FRENTE AO TI MACAXEIRA	MACAXEIRA		SUBURBIO	COLISÃO TRASEIRA	AUTO E ONIBUS S/V	1					1				0		Outros	Bom	Não existe	Não existente	Seca	Perfeito estado	Não existe	Não há placas	""	Única	Não existe	""	""
9645	2018-11-10T00:00:00	18:05:00	SEM VÍTIMA	CANCELADA	CASA AMARELA	AV NORTE	5071	""	ENF AO REI DA PICANHA	AV NORTE	5071	ENF AO REI DA PICANHA	CASA AMARELA		SUBURBIO	COLISÃO TRASEIRA	2 MOTOS		2								0		Longo da via	Bom	Sem defeito	Perfeito estado	Seca	Perfeito estado	Outros	Outras	""	Única	Faixa seccionada	""	""
9646	2018-11-10T00:00:00	18:18:00	SEM VÍTIMA	CANCELADA	MADALENA	AV JOSE GONCALVES DE MEDEIROS	95	RUA COMENDADOR BENTO AGUIAR	PROX A FARMACIA PÁGUE MENOS	AV JOSE GONCALVES DE MEDEIROS	95	PROX A FARMACIA PÁGUE MENOS	MADALENA		""	COLISÃO	FORD K X SIENA	2									0		""	""	""	""	""	""	""	""	""	""	""	""	""
9647	2018-11-10T00:00:00	19:54:00	SEM VÍTIMA	FINALIZADA	CAXANGÁ	AV CAXANGA	""	""	SEMÁFORO 080	AV CAXANGA	""	SEMÁFORO 080	CAXANGÁ	80	SUBURBIO	ABALROAMENTO LONGITUDINAL	ENTRE ÔNIBUS BRT E AUTO PASSEIO. S/V	1					1				0		Longo da via	Bom	Sem defeito	Perfeito estado	Seca	Perfeito estado	""	""	""	Única	Canteiro central	""	""
9648	2018-11-10T00:00:00	22:25:00	SEM VÍTIMA	FINALIZADA	ESPINHEIRO	RUA DO ESPINHEIRO	""	RUA SANTO ELIAS	PROX AO POSTO IPIRANGA	RUA DO ESPINHEIRO	""	PROX AO POSTO IPIRANGA	ESPINHEIRO		CIDADE	ABALROAMENTO TRANSVERSAL	COBOLT X CORSA	2									0		Cruzamento	Bom	""	Perfeito estado	Seca	Perfeito estado	Agente	"Placas ""Pare"""	""	Única	Faixa seccionada	""	""
9649	2018-11-10T00:00:00	22:50:00	COM VÍTIMA	FINALIZADA	IMBIRIBEIRA	RUA LISBOA	20	""	AO LADO DA FACULDADE BV / PRÓX A DANCIN DAYS	RUA LISBOA	20	AO LADO DA FACULDADE BV / PRÓX A DANCIN DAYS	IMBIRIBEIRA		CIDADE	ATROPELAMENTO	ENTRE VT POLICIAL E CRIANÇA. C/V					1			1		2		Outros	Bom	Não existe	Não existente	Seca	Mal iluminada	Não existe	Não há placas	""	Dupla	Não existe	""	""
9650	2018-11-10T00:00:00	23:01:00	SEM VÍTIMA	FINALIZADA	VÁRZEA	AV CAXANGA	""	RUA GASTAO VIDIGAL	PRÓX AO SEMÁFORO 281 E DO POSTO SHELL / E/F AO TERMINAL DA VÁRZEA / AO LADO DO MOTEL FERRARI	AV CAXANGA	""	PRÓX AO SEMÁFORO 281 E DO POSTO SHELL / E/F AO TERMINAL DA VÁRZEA / AO LADO DO MOTEL FERRARI	VÁRZEA	281	SUBURBIO	ABALROAMENTO LONGITUDINAL	ENTRE ÕNIBUS E AUTO. S/V	1					1				0		Cruzamento	Bom	Sem defeito	Perfeito estado	Seca	Perfeito estado	Não existe	Outras	60 km/h	Dupla	Canteiro central	""	""
9651	2018-11-11T00:00:00	00:10:00	SEM VÍTIMA	FINALIZADA	COELHOS	RUA DR JOSE MARIANO	""	RUA VELHA	""	RUA DR JOSE MARIANO	""	""	COELHOS	209	""	ABALROAMENTO TRANSVERSAL	COLISÃO ENTRE DOIS AUTOS. S/V.	2									0		Cruzamento	Bom	Intermitente	Incompleta	Seca	Perfeito estado	Não existe	Outras	""	Única	Não existe	""	""
9652	2018-11-11T00:00:00	05:04:00	SEM VÍTIMA	FINALIZADA	MADALENA	AV VISCONDE DE ALBUQUERQUE	882	""	PRAÇA EÇA DE QUEIROZ	AV VISCONDE DE ALBUQUERQUE	882	PRAÇA EÇA DE QUEIROZ	MADALENA		CIDADE	COLISÃO FRONTAL	ENTRE 2 AUTOS E AMBULÂNCIA. S/V	3									0		Longo da via	Bom	Não existe	Perfeito estado	Seca	Perfeito estado	Não existe	Não há placas	""	Única	Faixa seccionada	""	""
9653	2018-11-11T00:00:00	05:12:00	SEM VÍTIMA	FINALIZADA	BOA VIAGEM	AV BOA VIAGEM	5152	RUA AQUIDABA	EDF CORONADO	AV BOA VIAGEM	5152	EDF CORONADO	BOA VIAGEM		CIDADE	CHOQUE VEÍCULO PARADO	VEÍCULO CHOCOU-SE CONTRA OUTRO ESTACIONADO, E EM SEGUIDA CAPOTOU.	2									0		Longo da via	Bom	Não existe	Perfeito estado	Seca	Perfeito estado	Não existe	Outras	60 km/h	Única	Faixa seccionada	""	""
9654	2018-11-11T00:00:00	05:36:00	SEM VÍTIMA	FINALIZADA	AREIAS	AV RECIFE	573	""	BR NUNCK E CAMINHÕES	AV RECIFE	573	BR NUNCK E CAMINHÕES	AREIAS	620	CIDADE	ABALROAMENTO TRANSVERSAL	ENTRE 2 AUTOS	2									0		Longo da via	Bom	Sem defeito	Perfeito estado	Seca	Perfeito estado	Não existe	Não há placas	50 km/h	""	""	""	""
9655	2018-11-11T00:00:00	07:09:00	SEM VÍTIMA	FINALIZADA	GRAÇAS	RUA DAS CREOULAS	210	""	POR TRAS DO HOSPITAL SANTA JOANA EM FRENTE A FARMACIA BONGI	RUA DAS CREOULAS	210	POR TRAS DO HOSPITAL SANTA JOANA EM FRENTE A FARMACIA BONGI	GRAÇAS		CIDADE	CHOQUE VEÍCULO PARADO	COLISÃO EM SEGUIDA DE CAPOTAMENTO SEM VITIMAS	2									0		Longo da via	Bom	Não existe	Perfeito estado	Seca	Perfeito estado	Não existe	R-6a	""	Única	Faixa seccionada	""	""
9656	2018-11-11T00:00:00	09:27:00	SEM VÍTIMA	FINALIZADA	BOA VIAGEM	RUA SA E SOUZA	723	RUA BARAO DE SOUZA LEAO	EM FRENTE AO COLEGIO SANTOS DUMONT	RUA SA E SOUZA	723	EM FRENTE AO COLEGIO SANTOS DUMONT	BOA VIAGEM	159	""	ABALROAMENTO TRANSVERSAL	COLISÃO SEM VITIMAS	1					1				0		Cruzamento	Bom	Sem defeito	Perfeito estado	Seca	Perfeito estado	Faixa de pedestre	""	""	Dupla	Faixa seccionada	""	""
9657	2018-11-11T00:00:00	09:37:00	SEM VÍTIMA	CANCELADA	IMBIRIBEIRA	AV MARECHAL MASCARENHAS DE MORAES	""	""	EM FRENTE A LOCALIZA / SENT AFOGADOS	AV MARECHAL MASCARENHAS DE MORAES	""	EM FRENTE A LOCALIZA / SENT AFOGADOS	IMBIRIBEIRA		""	COLISÃO	DOIS TAXIS	2									0		""	""	""	""	""	""	""	""	""	""	""	""	""
9658	2018-11-11T00:00:00	09:57:00	SEM VÍTIMA	FINALIZADA	ESPINHEIRO	RUA PADRE ROMA	""	""	PROX AS CASAS JOSE ARAUJO	RUA PADRE ROMA	""	PROX AS CASAS JOSE ARAUJO	ESPINHEIRO		""	COLISÃO	COLISÃO SEM VITIMAS VT 32 QTH	2									0		""	""	""	""	""	""	""	""	""	""	""	""	""
9659	2018-11-11T00:00:00	11:41:00	SEM VÍTIMA	FINALIZADA	IBURA	RUA DR BENIGNO JORDAO DE VASCONCELOS	145	""	""	RUA DR BENIGNO JORDAO DE VASCONCELOS	145	""	IBURA		SUBURBIO	CHOQUE VEÍCULO PARADO	SEM VÍTIMAS.	1					1				0		Longo da via	Bom	Não existe	Incompleta	Seca	Perfeito estado	Não existe	Outras	""	Dupla	Não existe	""	""
9660	2018-11-11T00:00:00	12:25:00	SEM VÍTIMA	FINALIZADA	VÁRZEA	RUA MARECHAL MANOEL LUIS OSORIO	314	RUA PROFESSOR CHAVES BATISTA	EM FRENTE A EMERGENCIA DA HAPVIDA	RUA MARECHAL MANOEL LUIS OSORIO	314	EM FRENTE A EMERGENCIA DA HAPVIDA	VÁRZEA		""	COLISÃO	SEM VITIMAS	1								1	0		""	""	""	""	""	""	""	""	""	""	""	""	""
9661	2018-11-11T00:00:00	13:03:00	COM VÍTIMA	FINALIZADA	BOA VIAGEM	AV ENGENHEIRO DOMINGOS FERREIRA	4023	RUA RIBEIRO DE BRITO	GALERIA BOA VIAGEM	AV ENGENHEIRO DOMINGOS FERREIRA	4023	GALERIA BOA VIAGEM	BOA VIAGEM	155	SUBURBIO	COLISÃO TRASEIRA	AUTO E MOTO C/V	1	1								1		Longo da via	Bom	Sem defeito	Perfeito estado	Seca	Perfeito estado	Faixa de pedestre	R-6a	60 km/h	Única	Faixa	""	""
9662	2018-11-11T00:00:00	13:27:00	SEM VÍTIMA	FINALIZADA	IPSEP	AV RECIFE	1405	""	APÓS O CRUZAMENTO DO RESTAURANTE SAL E BRASA ,SENTIDO BR 101	AV RECIFE	1405	APÓS O CRUZAMENTO DO RESTAURANTE SAL E BRASA ,SENTIDO BR 101	IPSEP		SUBURBIO	COLISÃO TRASEIRA	SEM VITIMAS	3									0		Longo da via	Bom	Sem defeito	Perfeito estado	Seca	Perfeito estado	Não existe	R-6a	60 km/h	Dupla	Canteiro central	""	""
9663	2018-11-11T00:00:00	14:00:00	SEM VÍTIMA	FINALIZADA	BOA VIAGEM	RUA ERNESTO DE PAULA SANTOS	960	RUA TENENTE DOMINGOS DE BRITO	POSTO SELECT	RUA ERNESTO DE PAULA SANTOS	960	POSTO SELECT	BOA VIAGEM		CIDADE	ABALROAMENTO TRANSVERSAL	AUTO E MOTO	2									0		Cruzamento	Bom	Sem defeito	Perfeito estado	Seca	Perfeito estado	Faixa de pedestre	Não há placas	""	Única	Faixa seccionada	""	""
9664	2018-11-11T00:00:00	14:40:00	SEM VÍTIMA	FINALIZADA	IMBIRIBEIRA	AV MARECHAL MASCARENHAS DE MORAES	945	""	EM FRENTE AO ESTACIONAMENTO DA GRILLO	AV MARECHAL MASCARENHAS DE MORAES	945	EM FRENTE AO ESTACIONAMENTO DA GRILLO	IMBIRIBEIRA	396	CIDADE	COLISÃO TRASEIRA	TRES VEÍCULO ,SEM VITIMAS	3									0		Longo da via	Bom	Sem defeito	Perfeito estado	Seca	Perfeito estado	Faixa de pedestre	R-6a	60 km/h	Única	Canteiro central	""	""
9665	2018-11-11T00:00:00	15:39:00	COM VÍTIMA	FINALIZADA	CABANGA	PTE AGAMENON MAGALHAES	""	""	PRÓXIMO A LOMBADA ELETRÔNICA	PTE AGAMENON MAGALHAES	""	PRÓXIMO A LOMBADA ELETRÔNICA	CABANGA		CIDADE	COLISÃO COM CICLISTA	MOTO E CICLISTA		1		1						1		Ponte	Bom	Não existe	Perfeito estado	Seca	Perfeito estado	""	Outras	40 km/h	Única	Faixa	""	""
9666	2018-11-11T00:00:00	16:31:00	COM VÍTIMA	FINALIZADA	HIPÓDROMO	RUA MADRE ROSA GATTORNO	""	RUA FRANCISCO BERENGUER	PROX. A PRAÇA DO HIPODROMO, POR TRAS DO CAMPO DO ARRUDA	RUA MADRE ROSA GATTORNO	""	PROX. A PRAÇA DO HIPODROMO, POR TRAS DO CAMPO DO ARRUDA	HIPÓDROMO		SUBURBIO	ABALROAMENTO TRANSVERSAL	AUTO E MOTO C/V	1	1								1		Longo da via	Bom	Não existe	Ilegível	Seca	Perfeito estado	Não existe	Não há placas	""	Dupla	Não existe	""	""
9667	2018-11-11T00:00:00	17:18:00	SEM VÍTIMA	FINALIZADA	BOA VIAGEM	RUA COPACABANA	""	RUA WALDEMAR NERY CARNEIRO MONTEIRO	LAVA JATO WASH	RUA COPACABANA	""	LAVA JATO WASH	BOA VIAGEM		""	ABALROAMENTO LONGITUDINAL	DOIS AUTOS S/V	2									0		Longo da via	Bom	""	Perfeito estado	Seca	Perfeito estado	Não existe	Outras	""	Única	Faixa seccionada	""	""
9668	2018-11-11T00:00:00	17:29:00	SEM VÍTIMA	FINALIZADA	CORDEIRO	RUA SIGISMUNDO GONCALVES	230	""	PROX. A IGREJA BATISTA, EM FRENTE AO EDF. MORADA DOS RODRIGUES	RUA SIGISMUNDO GONCALVES	230	PROX. A IGREJA BATISTA, EM FRENTE AO EDF. MORADA DOS RODRIGUES	CORDEIRO		""	CHOQUE OBJETO FIXO	VEICULO ESTACIONADO EM CIMA DA CALÇADA	1									0		""	""	""	""	""	""	""	""	""	""	""	""	""
9669	2018-11-11T00:00:00	17:57:00	SEM VÍTIMA	FINALIZADA	PINA	AV ANTONIO DE GOES	""	""	LADO OPOSTO IMAGEM E SOM	AV ANTONIO DE GOES	""	LADO OPOSTO IMAGEM E SOM	PINA		CIDADE	ABALROAMENTO LONGITUDINAL	ENTRE AUTO E MOTO. C/V	1	1								0		Longo da via	Bom	Não existe	Perfeito estado	Seca	Perfeito estado	Faixa de pedestre	Outras	""	Única	Faixa contínua	""	""
9670	2018-11-11T00:00:00	19:10:00	SEM VÍTIMA	CANCELADA	PRADO	AV ENGENHEIRO ABDIAS DE CARVALHO	""	RUA CARLOS GOMES	ENTRE A FARMÁCIA PAGUE MENOS E POSTO DISLUB	AV ENGENHEIRO ABDIAS DE CARVALHO	""	ENTRE A FARMÁCIA PAGUE MENOS E POSTO DISLUB	PRADO	57	""	COLISÃO	ENTRE 2 MOTOS. S/V		2								0		""	""	""	""	""	""	""	""	""	""	""	""	""
9671	2018-11-11T00:00:00	19:26:00	COM VÍTIMA	FINALIZADA	IPSEP	RUA ITACARI	162	RUA ITAJAI	PROX A GOCIL VIGILANCIA	RUA ITACARI	162	PROX A GOCIL VIGILANCIA	IPSEP		SUBURBIO	ABALROAMENTO TRANSVERSAL	SAFIRA X MOTO	1	1								2		Cruzamento	Bom	Não existe	Perfeito estado	Seca	Perfeito estado	""	""	""	Única	""	""	""
9672	2018-11-12T00:00:00	01:48:00	SEM VÍTIMA	FINALIZADA	BOMBA DO HEMETÉRIO	RUA BOMBA DO HEMETERIO	""	RUA ANTONIO PORFIRIO DE SANTANA	PROXIMO A CASA DE SHOW GIGANTE DO SAMBA	RUA BOMBA DO HEMETERIO	""	PROXIMO A CASA DE SHOW GIGANTE DO SAMBA	BOMBA DO HEMETÉRIO		""	COLISÃO FRONTAL	AUTO E MOTO	1	1								0		Longo da via	Bom	Não existe	Perfeito estado	Seca	Perfeito estado	Não existe	R-6a	""	Dupla	Faixa seccionada	""	""
9673	2018-11-12T00:00:00	07:02:00	SEM VÍTIMA	FINALIZADA	VÁRZEA	AV CAXANGA	5717	""	EM FRENTE AO TI DA CAXANGA	AV CAXANGA	5717	EM FRENTE AO TI DA CAXANGA	VÁRZEA	262	CIDADE	COLISÃO TRASEIRA	TRES VEÍCULO ,SEM VITIMAS	3									0		Longo da via	Bom	Sem defeito	Perfeito estado	Seca	Perfeito estado	Faixa de pedestre	Outras	""	Dupla	Canteiro central	""	""
9674	2018-11-12T00:00:00	07:08:00	COM VÍTIMA	CANCELADA	BEBERIBE	RUA JOAO UZEDA LUNA	102	""	EM FRENTE A GRANJA DO NEGO	RUA JOAO UZEDA LUNA	102	EM FRENTE A GRANJA DO NEGO	BEBERIBE		""	COLISÃO	COM VITIMA / MOTO E AUTO	1	1								1		""	""	""	""	""	""	""	""	""	""	""	""	""
9675	2018-11-12T00:00:00	07:19:00	SEM VÍTIMA	CANCELADA	SÃO JOSÉ	AV SUL	1036	""	OFICINA ABELARDO	AV SUL	1036	OFICINA ABELARDO	SÃO JOSÉ	205	CIDADE	COLISÃO TRASEIRA	COLISÃO ENTRE AUTOS SEM VÍTIMAS	2									0		""	""	""	""	""	""	""	""	""	""	""	""	""
9676	2018-11-12T00:00:00	07:36:00	SEM VÍTIMA	FINALIZADA	CASA FORTE	AV DEZESSETE DE AGOSTO	""	""	EM FRENTE AO CENTRO MEDICO ERMIRIO DE MORAES	AV DEZESSETE DE AGOSTO	""	EM FRENTE AO CENTRO MEDICO ERMIRIO DE MORAES	CASA FORTE		CIDADE	COLISÃO TRASEIRA	COLISAO ENTRE DOIS AUTOS S/V	2									0		Longo da via	Bom	Não existe	Perfeito estado	Seca	Perfeito estado	Não existe	Não há placas	60 km/h	Dupla	Faixa contínua	""	""
9677	2018-11-12T00:00:00	07:42:00	SEM VÍTIMA	FINALIZADA	SAN MARTIN	AV GENERAL SAN MARTIN	""	""	AO LADO DA PRAÇA DE SAN MARTIN	AV GENERAL SAN MARTIN	""	AO LADO DA PRAÇA DE SAN MARTIN	SAN MARTIN	326	SUBURBIO	COLISÃO FRONTAL	S/V	2									0		Cruzamento	Bom	Sem defeito	Perfeito estado	Seca	Perfeito estado	Faixa de pedestre	R-6a	""	Dupla	Faixa contínua	""	""