_id	DATA	hora	natureza_acidente	situacao	bairro	endereco	numero	detalhe_endereco_acidente	complemento	endereco_cruzamento	numero_cruzamento	referencia_cruzamento	bairro_cruzamento	num_semaforo	sentido_via	tipo	descricao	auto	moto	ciclom	ciclista	pedestre	onibus	caminhao	viatura	outros	vitimas	vitimasfatais	acidente_verificado	tempo_clima	situacao_semaforo	sinalizacao	condicao_via	conservacao_via	ponto_controle	situacao_placa	velocidade_max_via	mao_direcao	divisao_via1	divisao_via2	divisao_via3
9783	2018-11-14T00:00:00	14:58:00	SEM VÍTIMA	FINALIZADA	IPUTINGA	RUA MARIA DE FATIMA SOARES	131	""	PRÓX À ESCOLA EXPOENTE	RUA MARIA DE FATIMA SOARES	131	PRÓX À ESCOLA EXPOENTE	IPUTINGA		CIDADE	CHOQUE OBJETO FIXO	VEÍCULO CHOCOU-SE COM MURO DE RESIDÊNCIA	1									0		Longo da via	Bom	Não existe	Não existente	Outros	Perfeito estado	Não existe	Não há placas	""	Dupla	Não existe	""	""
9784	2018-11-20T00:00:00	10:21:00	SEM VÍTIMA	FINALIZADA	NOVA DESCOBERTA	AV VEREADOR OTACILIO AZEVEDO	1145	""	EM FRENTE À AATEPE	AV VEREADOR OTACILIO AZEVEDO	1145	EM FRENTE À AATEPE	NOVA DESCOBERTA		CIDADE	COLISÃO TRASEIRA	CAMINHÃO X AUTO	1						1			0		Longo da via	Bom	Não existe	Não existente	Seca	Perfeito estado	Não existe	Não há placas	""	Dupla	Não existe	""	""
9785	2018-11-13T00:00:00	18:04:00	SEM VÍTIMA	FINALIZADA	ENCRUZILHADA	AV JOAO DE BARROS	1861	AV NORTE	AO Nº 1861	AV JOAO DE BARROS	1861	AO Nº 1861	ENCRUZILHADA	43	SUBURBIO	ABALROAMENTO LONGITUDINAL	COLISÃO ENTRE DOIS AUTOS.	2									0		Cruzamento	Bom	Sem defeito	Perfeito estado	Seca	Perfeito estado	Faixa de pedestre	"Placas ""Dê a preferência"""	""	Única	Não existe	""	""
9786	2018-11-14T00:00:00	15:30:00	SEM VÍTIMA	FINALIZADA	MADALENA	RUA JOSE OSORIO	""	AV VISCONDE DE ALBUQUERQUE	""	RUA JOSE OSORIO	""	""	MADALENA	50	""	ABALROAMENTO LONGITUDINAL	COLISÃO ENTRE DOIS AUTOS SEM VÍTIMA	2									0		Cruzamento	Bom	Sem defeito	Perfeito estado	Seca	Perfeito estado	Faixa de pedestre	Outras	50 km/h	Única	""	""	""
9787	2018-11-14T00:00:00	15:35:00	SEM VÍTIMA	FINALIZADA	BOA VISTA	RUA GERVASIO PIRES	""	AV CONDE DA BOA VISTA	PRÓX AO SHOPPING BOA VISTA	RUA GERVASIO PIRES	""	PRÓX AO SHOPPING BOA VISTA	BOA VISTA	24	CID/ SUB	ABALROAMENTO TRANSVERSAL	AUTO X ÔNIBUS S/V.	1					1				0		""	Bom	Sem defeito	Perfeito estado	Seca	Perfeito estado	Faixa de pedestre	Outras	""	Única	Faixa seccionada	""	""
9788	2018-11-14T00:00:00	16:36:00	SEM VÍTIMA	FINALIZADA	AFLITOS	AV CONS ROSA E SILVA	1510	""	E/F AO COLEGIO ABA	AV CONS ROSA E SILVA	1510	E/F AO COLEGIO ABA	AFLITOS		SUBURBIO	COLISÃO TRASEIRA	COLISAO ENTRE DOIS AUTOS S/V	2									0		Longo da via	Bom	Sem defeito	Perfeito estado	Seca	Perfeito estado	Não existe	Outras	""	Única	Não existe	""	""
9789	2018-11-14T00:00:00	16:40:00	SEM VÍTIMA	FINALIZADA	SANTO ANTÔNIO	PRC DA REPUBLICA	""	""	PRÓX AO PALÁCIO DO COMPO DAS PRINCESAS	PRC DA REPUBLICA	""	PRÓX AO PALÁCIO DO COMPO DAS PRINCESAS	SANTO ANTÔNIO		SUBURBIO	ABALROAMENTO LONGITUDINAL	ENTRE AUTOS S/V.	2									0		Cruzamento	Bom	Sem defeito	Incompleta	Seca	Perfeito estado	Não existe	Não há placas	""	Única	Não existe	""	""
9790	2018-11-14T00:00:00	16:56:00	SEM VÍTIMA	FINALIZADA	SÃO JOSÉ	AV SUL	1374	""	EM FRENTE À PORTELA INDÚSTRIA	AV SUL	1374	EM FRENTE À PORTELA INDÚSTRIA	SÃO JOSÉ		CIDADE	COLISÃO	ENTRE AUTOS S/V.	2									0		""	""	""	""	""	""	""	""	""	""	""	""	""
9791	2018-11-14T00:00:00	16:59:00	COM VÍTIMA	FINALIZADA	CORDEIRO	RUA N S DA SAUDE	281	""	E/F A CARLAO SOM E DA ULTRA GAS	RUA N S DA SAUDE	281	E/F A CARLAO SOM E DA ULTRA GAS	CORDEIRO		CIDADE	COLISÃO TRASEIRA	COLISAO ENTRE MOTO E AUTO COM UMA VITIMA	1	1								1		Longo da via	Bom	Não existe	Perfeito estado	Seca	Perfeito estado	Não existe	"Placas ""Dê a preferência"""	""	Dupla	Faixa contínua	""	""
9792	2018-11-14T00:00:00	17:06:00	COM VÍTIMA	FINALIZADA	BOA VIAGEM	RUA PADRE CARAPUCEIRO	590	RUA PROFESSOR JULIO FERREIRA DE MELO	ESQUINA COM O COLÉGIO MOTIVO	RUA PADRE CARAPUCEIRO	590	ESQUINA COM O COLÉGIO MOTIVO	BOA VIAGEM		SUBURBIO	ATROPELAMENTO	AUTO X PEDESTRE	1				1					1		Cruzamento	Bom	Não existe	Perfeito estado	Seca	Perfeito estado	Outros	R-6a	60 km/h	Única	Faixa	""	""
9793	2018-11-14T00:00:00	17:08:00	SEM VÍTIMA	CANCELADA	AFOGADOS	LARGO DA PAZ	""	""	NA FRENTE DA ESTAÇÃO LARGO DA PAZ, SENTIDO CIDADE	LARGO DA PAZ	""	NA FRENTE DA ESTAÇÃO LARGO DA PAZ, SENTIDO CIDADE	AFOGADOS		CIDADE	COLISÃO	COLISÃO SEM VITIMA	1					1				0		""	""	""	""	""	""	""	""	""	""	""	""	""
9794	2018-11-14T00:00:00	19:19:00	SEM VÍTIMA	FINALIZADA	IMBIRIBEIRA	RUA SAO MIGUEL	""	RUA ZEFERINO PINHO	NA FRENTE DA FAC FAREC	RUA SAO MIGUEL	""	NA FRENTE DA FAC FAREC	IMBIRIBEIRA		""	ABALROAMENTO LONGITUDINAL	COLISÃO SEM VITIMA	2									0		Longo da via	Bom	Sem defeito	Perfeito estado	Seca	Perfeito estado	Faixa de pedestre	""	""	Dupla	Faixa contínua	""	""
9795	2018-11-14T00:00:00	20:37:00	SEM VÍTIMA	FINALIZADA	BOA VIAGEM	AV ENGENHEIRO DOMINGOS FERREIRA	""	""	SEMAFORO Nº 380	AV ENGENHEIRO DOMINGOS FERREIRA	""	SEMAFORO Nº 380	BOA VIAGEM	380	""	COLISÃO TRASEIRA	COLISÃO DOIS AUTOS SEM VITIMA	2									0		Longo da via	Bom	Sem defeito	Perfeito estado	Seca	Perfeito estado	Faixa de pedestre	Outras	""	Dupla	Canteiro central	""	""
9796	2018-11-14T00:00:00	20:42:00	SEM VÍTIMA	FINALIZADA	IPUTINGA	RUA EMILIANO BRAGA	""	RUA PROFESSOR ANTONIO COELHO	AO LADO INTEGRAÇÃO	RUA EMILIANO BRAGA	""	AO LADO INTEGRAÇÃO	IPUTINGA		CIDADE	ABALROAMENTO TRANSVERSAL	COLISÃO SEM VITIMA	2									0		Cruzamento	Bom	Sem defeito	Perfeito estado	Seca	Perfeito estado	Não existe	"Placas ""Pare"""	""	Dupla	Faixa seccionada	""	""
9797	2018-11-14T00:00:00	20:52:00	SEM VÍTIMA	FINALIZADA	BOA VISTA	AV GOVERNADOR AGAMENON MAGALHAES	""	""	SOBRE O VIADUTO DA JOÃO DE BARROS	AV GOVERNADOR AGAMENON MAGALHAES	""	SOBRE O VIADUTO DA JOÃO DE BARROS	BOA VISTA		SUBURBIO	COLISÃO TRASEIRA	COLISÃO SEM VITIMAS ENVOLVENDO 3 VEÍCULOS, SENDO QUE UMA DAS PARTES SE EVADIU DO LOCAL	2									0		Viaduto	Bom	Não existe	""	Seca	Perfeito estado	""	""	""	Única	Canteiro central	""	""
9798	2018-11-14T00:00:00	21:57:00	SEM VÍTIMA	FINALIZADA	MADALENA	AV VISCONDE DE ALBUQUERQUE	""	RUA JOSE OSORIO	FARMACIA EXTRA FARMA	AV VISCONDE DE ALBUQUERQUE	""	FARMACIA EXTRA FARMA	MADALENA	50	""	ABALROAMENTO LONGITUDINAL	COLISÃO SEM VITIMAS	1	1								0		Cruzamento	Bom	Sem defeito	Ilegível	Seca	Mal iluminada	Faixa de pedestre	Não há placas	""	Única	Faixa seccionada	""	""
9799	2018-11-15T00:00:00	00:16:00	SEM VÍTIMA	CANCELADA	SANTO AMARO	AV CRUZ CABUGA	""	""	AO LADO DO SHOPPING TACARUNA, PROXIMO A PARADA DO BRT	AV CRUZ CABUGA	""	AO LADO DO SHOPPING TACARUNA, PROXIMO A PARADA DO BRT	SANTO AMARO		""	COLISÃO	COLISÃO ENTRE AUTO E ÔNIBUS, SEM VITIMAS	1					1				0		""	""	""	""	""	""	""	""	""	""	""	""	""
9800	2018-11-15T00:00:00	05:50:00	COM VÍTIMA	CANCELADA	PRADO	AV ENGENHEIRO ABDIAS DE CARVALHO	""	""	EM FRENTE AO POSTO DE GASOLINA ( IMPERIO)	AV ENGENHEIRO ABDIAS DE CARVALHO	""	EM FRENTE AO POSTO DE GASOLINA ( IMPERIO)	PRADO		""	COLISÃO	COLISÃO ENTRE UM AUTO E MOTO COM VITIMAS	1	1								1		""	""	""	""	""	""	""	""	""	""	""	""	""
9801	2018-11-15T00:00:00	09:01:00	SEM VÍTIMA	FINALIZADA	CAMPO GRANDE	EST DE BELEM	""	""	SOB O SEMÁFORO 201	EST DE BELEM	""	SOB O SEMÁFORO 201	CAMPO GRANDE	201	SUBURBIO	ABALROAMENTO LONGITUDINAL	SEM VÍTIMAS	1	1								0		Longo da via	Bom	Sem defeito	Perfeito estado	Seca	Perfeito estado	Faixa de pedestre	Outras	60 km/h	Dupla	Faixa contínua	""	""
9802	2018-11-15T00:00:00	09:53:00	SEM VÍTIMA	FINALIZADA	DERBY	AV GOVERNADOR AGAMENON MAGALHAES	""	AV RUI BARBOSA	UPE - UNIVERSIDADE DE PERNAMBUCO	AV GOVERNADOR AGAMENON MAGALHAES	""	UPE - UNIVERSIDADE DE PERNAMBUCO	DERBY	37	CIDADE	ABALROAMENTO LONGITUDINAL	CAMINHAO E AUTO / VT 30 NO QTH	1						1			0		Cruzamento	Bom	Sem defeito	Perfeito estado	Seca	Perfeito estado	Faixa de pedestre	R-6a	60 km/h	Única	Faixa contínua	""	""
9803	2018-11-15T00:00:00	10:30:00	SEM VÍTIMA	FINALIZADA	ENCRUZILHADA	RUA MARECHAL DEODORO	503	""	E/F AO EDF. PORTO PARAÍSO	RUA MARECHAL DEODORO	503	E/F AO EDF. PORTO PARAÍSO	ENCRUZILHADA		""	COLISÃO	SM VÍTIMAS	2									0		""	""	""	""	""	""	""	""	""	""	""	""	""
9804	2018-11-15T00:00:00	10:30:00	COM VÍTIMA	FINALIZADA	BRASÍLIA TEIMOSA	AV BRASILIA FORMOSA	12	RUA PARU	PROX AO POSTO 1 DO SALVA VIDA / NA ORLA. EM FRENTE A ARENA BRASÍLIA TEIMOSA	AV BRASILIA FORMOSA	12	PROX AO POSTO 1 DO SALVA VIDA / NA ORLA. EM FRENTE A ARENA BRASÍLIA TEIMOSA	BRASÍLIA TEIMOSA		""	COLISÃO COM CICLISTA	COLISAO COM CICLISTA	1			1						1		Longo da via	Bom	Não existe	Não existente	Seca	Mal conservada	Não existe	Não há placas	30 km/h	Dupla	Faixa	""	""
9805	2018-11-15T00:00:00	10:33:00	COM VÍTIMA	FINALIZADA	DOIS IRMÃOS	RUA DOIS IRMAOS	""	""	MOTEL SENZALA	RUA DOIS IRMAOS	""	MOTEL SENZALA	DOIS IRMÃOS		SUBURBIO	ACID. DE PERCURSO	CONDUTORA CAIU APÓS PASSAR EM UM BURACO NA VIA.		1								1		Longo da via	Bom	Sem defeito	Perfeito estado	Seca	Mal conservada	Não existe	Não há placas	""	Dupla	Faixa contínua	""	""
9806	2018-11-15T00:00:00	11:25:00	SEM VÍTIMA	FINALIZADA	BOA VIAGEM	RUA JOAO CARDOSO AIRES	396	""	EM FRENTE AO SUPERMERCADO EXTRABOM	RUA JOAO CARDOSO AIRES	396	EM FRENTE AO SUPERMERCADO EXTRABOM	BOA VIAGEM		SUBURBIO	COLISÃO	DOIS AUTOS	2									0		Longo da via	Bom	Não existe	Perfeito estado	Seca	Perfeito estado	Não existe	Não há placas	""	Única	Faixa seccionada	""	""
9807	2018-11-15T00:00:00	12:18:00	SEM VÍTIMA	CANCELADA	PARNAMIRIM	AV RUI BARBOSA	""	""	AO LADO DO HOSPITAL MARIA LUCINDA	AV RUI BARBOSA	""	AO LADO DO HOSPITAL MARIA LUCINDA	PARNAMIRIM	460	""	ENGAVETAMENTO	TRÊS AUTOS S/V.	3									0		""	""	""	""	""	""	""	""	""	""	""	""	""
9808	2018-11-15T00:00:00	12:53:00	SEM VÍTIMA	FINALIZADA	CAJUEIRO	RUA CAPITAO SALGUEIRO	17	""	APOS A ENTRADA DO CAJUEIRO PROX AO ANTIGO BAR DO TERRAÇO NA ESQUINA DESTA RUA	RUA CAPITAO SALGUEIRO	17	APOS A ENTRADA DO CAJUEIRO PROX AO ANTIGO BAR DO TERRAÇO NA ESQUINA DESTA RUA	CAJUEIRO		""	COLISÃO	COLISAO ENTRE DOIS AUTOS S/V	2									0		""	""	""	""	""	""	""	""	""	""	""	""	""
9809	2018-11-15T00:00:00	13:26:00	SEM VÍTIMA	FINALIZADA	BOA VIAGEM	AV CONSELHEIRO AGUIAR	2627	RUA PROFESSOR JOSE BRANDAO	E/F A EXTRAFARMA PROX AO HOSPITAL PORTUGUES	AV CONSELHEIRO AGUIAR	2627	E/F A EXTRAFARMA PROX AO HOSPITAL PORTUGUES	BOA VIAGEM	549	CIDADE	COLISÃO TRASEIRA	COLISAO ENTRE DOIS AUTOS S/V	2									0		Longo da via	Bom	Sem defeito	Perfeito estado	Seca	Perfeito estado	Faixa de pedestre	Não há placas	60 km/h	Única	Faixa seccionada	""	""
9810	2018-11-15T00:00:00	14:11:00	SEM VÍTIMA	CANCELADA	IBURA	AV DOIS RIOS	890	RUA RIO CHUI	EM FRENTE A FARMACIA DO POVÃO	AV DOIS RIOS	890	EM FRENTE A FARMACIA DO POVÃO	IBURA	475	""	COLISÃO	DOIS AUTOS	2									0		""	""	""	""	""	""	""	""	""	""	""	""	""
9811	2018-11-15T00:00:00	15:11:00	SEM VÍTIMA	FINALIZADA	BOA VIAGEM	AV BOA VIAGEM	""	""	EM FRENTE AO Nº 5130	AV BOA VIAGEM	""	EM FRENTE AO Nº 5130	BOA VIAGEM		SUB/CID	ABALROAMENTO TRANSVERSAL	""	2									0		Longo da via	Bom	Não existe	Perfeito estado	Seca	Perfeito estado	Outros	Não há placas	""	Única	Faixa	""	""
9812	2018-11-15T00:00:00	16:18:00	SEM VÍTIMA	FINALIZADA	IPSEP	AV RECIFE	3448	""	EM FRENTE À ALIANCE AUTO E AÇO RECIFE	AV RECIFE	3448	EM FRENTE À ALIANCE AUTO E AÇO RECIFE	IPSEP	247	CIDADE	CHOQUE OBJETO FIXO	VEÍCULO CHOCOU-SE CONTRA O ACOSTAMENTO.	1									0		Longo da via	Bom	Sem defeito	Perfeito estado	Seca	Perfeito estado	Faixa de retenção	Não há placas	60 km/h	Única	Faixa contínua	""	""
9813	2018-11-15T00:00:00	16:58:00	SEM VÍTIMA	FINALIZADA	PINA	AV ANTONIO DE GOES	""	RUA MANOEL DE BRITO	PRÓX AO POSTO BR	AV ANTONIO DE GOES	""	PRÓX AO POSTO BR	PINA	103	CIDADE	ABALROAMENTO LONGITUDINAL	ENTRE AUTOS S/V.	2									0		Cruzamento	Bom	Sem defeito	Perfeito estado	Seca	Perfeito estado	Faixa de pedestre	R-6a	60 km/h	Única	Canteiro central	""	""
9814	2018-11-15T00:00:00	17:18:00	SEM VÍTIMA	FINALIZADA	ÁGUA FRIA	RUA LADEIRA DE PEDRA	1152 B	""	NA FRENTE DA ESCOLA GABRIELA MISTRAL	RUA LADEIRA DE PEDRA	1152 B	NA FRENTE DA ESCOLA GABRIELA MISTRAL	ÁGUA FRIA		""	ABALROAMENTO LONGITUDINAL	COLISÃO SEM VITIMAS	2									0		Longo da via	Bom	Não existe	Incompleta	Seca	Mal conservada	Não existe	Não há placas	""	Dupla	Não existe	""	""
9815	2018-11-15T00:00:00	17:18:00	COM VÍTIMA	FINALIZADA	AFLITOS	AV CONS ROSA E SILVA	1312	""	AO LADO DO COUNTRY CLUB E PIZZARIA BENVINDA	AV CONS ROSA E SILVA	1312	AO LADO DO COUNTRY CLUB E PIZZARIA BENVINDA	AFLITOS		SUBURBIO	CHOQUE OBJETO FIXO	CONDUTOR PERDEU A DIREÇÃO SUBINDO A CALÇADA E FOI DE ENCONTRO AO MURO DA PIZZARIA BENVINDA. HOUVE UM SEGUNDO VEÍCULO ENVOLVIDO.	2									1		Longo da via	Bom	Não existe	Perfeito estado	Seca	Perfeito estado	""	Outras	""	Única	Faixa	""	""
9816	2018-11-15T00:00:00	18:42:00	SEM VÍTIMA	FINALIZADA	ARRUDA	AV BEBERIBE	""	RUA COUTO MAGALHAES	APOS A DISNOVE	AV BEBERIBE	""	APOS A DISNOVE	ARRUDA	63	""	ABALROAMENTO TRANSVERSAL	COLISÃO SEM VITIMAS	1	1								0		Cruzamento	Bom	Sem defeito	Perfeito estado	Seca	Perfeito estado	""	""	""	Dupla	""	""	""
9817	2018-11-15T00:00:00	19:35:00	COM VÍTIMA	FINALIZADA	MANGABEIRA	AV NORTE	""	AV PROFESSOR JOSE DOS ANJOS	SESC	AV NORTE	""	SESC	MANGABEIRA	364	CIDADE	ABALROAMENTO TRANSVERSAL	COLISÃO COM VITIMA	1	1								2		Longo da via	Bom	Sem defeito	Perfeito estado	Seca	Perfeito estado	Faixa de pedestre	Outras	""	Dupla	Canteiro central	""	""
9818	2018-11-15T00:00:00	19:38:00	SEM VÍTIMA	FINALIZADA	BEBERIBE	RUA URIEL DE HOLANDA	777	RUA AGUAS DE PRATA	PROX A IGREJA ASSEMBLEIA DE DEUS MINISTERIO RECIFE	RUA URIEL DE HOLANDA	777	PROX A IGREJA ASSEMBLEIA DE DEUS MINISTERIO RECIFE	BEBERIBE		SUBURBIO	CHOQUE VEÍCULO PARADO	MOBI X PALIO	3									0		Longo da via	Bom	Não existe	Perfeito estado	Seca	Perfeito estado	""	Outras	30 km/h	Dupla	Faixa seccionada	""	""
9819	2018-11-16T00:00:00	02:37:00	SEM VÍTIMA	FINALIZADA	BOA VIAGEM	AV ENGENHEIRO DOMINGOS FERREIRA	""	RUA RIBEIRO DE BRITO	EDF. JOÃO PAULO FERREIRA	AV ENGENHEIRO DOMINGOS FERREIRA	""	EDF. JOÃO PAULO FERREIRA	BOA VIAGEM	155	SUBURBIO	ABALROAMENTO TRANSVERSAL	COLISÃO ENTRE DOIS AUTOS	2									0		Cruzamento	Bom	Sem defeito	Perfeito estado	Seca	Perfeito estado	""	""	""	""	""	""	""
9820	2018-11-16T00:00:00	06:44:00	COM VÍTIMA	FINALIZADA	COQUEIRAL	RUA GUANABARA	424	RUA APRIGIO GUIMARAES	EM FRENTE AO MERCADINHO CUSTÓDIA	RUA GUANABARA	424	EM FRENTE AO MERCADINHO CUSTÓDIA	COQUEIRAL	157	SUBURBIO	ABALROAMENTO TRANSVERSAL	COM VÍTIMA.		1				1				1		Cruzamento	Bom	Sem defeito	Perfeito estado	Seca	Perfeito estado	Não existe	Não há placas	""	Dupla	Não existe	""	""
9821	2018-11-16T00:00:00	07:09:00	SEM VÍTIMA	""	CAXANGÁ	AV CAXANGA	""	""	AO LADO DA CONCESSIONARIA CAXANGA VEICUL EM FRENTE AO RESTAURANTE BRAZZETTUS	AV CAXANGA	""	AO LADO DA CONCESSIONARIA CAXANGA VEICUL EM FRENTE AO RESTAURANTE BRAZZETTUS	CAXANGÁ	230	CIDADE	COLISÃO TRASEIRA	COLISÃO SEM VITIMAS	2									0		Longo da via	Bom	Sem defeito	Perfeito estado	Seca	Perfeito estado	Faixa de pedestre	""	""	Única	Faixa contínua	""	""
9822	2018-11-16T00:00:00	07:22:00	SEM VÍTIMA	FINALIZADA	AFOGADOS	RUA SAO MIGUEL	113	RUA PEDRO CABRAL DE OLIVEIRA	PROX. AO CARTORIO E PRAÇA ÇARGO DA PAZ	RUA SAO MIGUEL	113	PROX. AO CARTORIO E PRAÇA ÇARGO DA PAZ	AFOGADOS		""	ABALROAMENTO TRANSVERSAL	ONIBUS E AUTO	1					1				0		Outros	Bom	Sem defeito	Perfeito estado	Seca	Perfeito estado	Não existe	""	""	Dupla	Faixa seccionada	""	""
9823	2018-11-16T00:00:00	08:27:00	COM VÍTIMA	FINALIZADA	SÃO JOSÉ	AV SUL	1022	""	PRÓX À OFICINA ABELARDO	AV SUL	1022	PRÓX À OFICINA ABELARDO	SÃO JOSÉ	205	""	COLISÃO	COM VÍTIMA.		1								1		""	""	""	""	""	""	""	""	""	""	""	""	""
9824	2018-11-16T00:00:00	08:50:00	SEM VÍTIMA	FINALIZADA	BOA VISTA	RUA DO HOSPICIO	""	""	E/F A IGREJA DO SANTISSIMO SACRAMENTO	RUA DO HOSPICIO	""	E/F A IGREJA DO SANTISSIMO SACRAMENTO	BOA VISTA		""	COLISÃO	SEM VÍTIMAS	2									0		""	""	""	""	""	""	""	""	""	""	""	""	""
9825	2018-11-16T00:00:00	09:27:00	SEM VÍTIMA	FINALIZADA	ILHA DO RETIRO	AV BEIRA RIO	360	""	LADO OPOSTO AO Nº 360	AV BEIRA RIO	360	LADO OPOSTO AO Nº 360	ILHA DO RETIRO		CIDADE	ABALROAMENTO LONGITUDINAL	COLISÃO SEM VITIMAS	2									0		Longo da via	Bom	Não existe	Incompleta	Seca	Perfeito estado	Não existe	Não há placas	""	Dupla	Não existe	""	""
9826	2018-11-16T00:00:00	11:02:00	SEM VÍTIMA	FINALIZADA	BOA VIAGEM	AV DES JOSE NEVES	884	""	SEMÁFORO 580	AV DES JOSE NEVES	884	SEMÁFORO 580	BOA VIAGEM	580	CIDADE	ABALROAMENTO LONGITUDINAL	DOIS AUTOS	2									0		Longo da via	Bom	Sem defeito	Perfeito estado	Seca	Perfeito estado	Não existe	Outras	50 km/h	Dupla	Canal	""	""
9827	2018-11-16T00:00:00	11:05:00	SEM VÍTIMA	FINALIZADA	SÃO JOSÉ	RUA DO PEIXOTO	""	AV DANTAS BARRETO	E/F AO BAR DO BIGODE	RUA DO PEIXOTO	""	E/F AO BAR DO BIGODE	SÃO JOSÉ	181	SUBURBIO	ABALROAMENTO LONGITUDINAL	SEM VÍTIMAS	1					1				0		Cruzamento	Bom	Sem defeito	Perfeito estado	Seca	Perfeito estado	Faixa de pedestre	R-6a	""	Única	Não existe	""	""
9828	2018-11-16T00:00:00	12:16:00	COM VÍTIMA	CANCELADA	IBURA	AV DOM HELDER CAMARA	""	AV RECIFE	PRÓX AO NÚCLEO DA PM	AV DOM HELDER CAMARA	""	PRÓX AO NÚCLEO DA PM	IBURA		SUBURBIO	COLISÃO	AUTO X MOTO COM VÍTIMAS.	1	1								2		""	""	""	""	""	""	""	""	""	""	""	""	""
9829	2018-11-16T00:00:00	12:24:00	SEM VÍTIMA	FINALIZADA	ARRUDA	RUA SAO BENTO	""	""	PRÓX À EMPRESA LOCAPE E COLÉGIO SÃO FRANCISCO	RUA SAO BENTO	""	PRÓX À EMPRESA LOCAPE E COLÉGIO SÃO FRANCISCO	ARRUDA		SUBURBIO	ABALROAMENTO LONGITUDINAL	SEM VÍTIMA.	1						1			0		Longo da via	Bom	Não existe	""	Seca	Perfeito estado	Não existe	Não há placas	""	Única	""	""	""
9830	2018-11-16T00:00:00	12:46:00	COM VÍTIMA	FINALIZADA	TORRE	RUA DOS OPERARIOS	321	""	AO LADO DA HONDA	RUA DOS OPERARIOS	321	AO LADO DA HONDA	TORRE		""	ABALROAMENTO LONGITUDINAL	AUTO X MOTO COM VÍTIMA.	1	1								1		Longo da via	Bom	Não existe	Perfeito estado	Seca	Perfeito estado	Não existe	R-6a	""	Dupla	Não existe	""	""
9831	2018-11-16T00:00:00	13:00:00	SEM VÍTIMA	FINALIZADA	BOA VIAGEM	AV BOA VIAGEM	""	""	EM FRENTE AO PARQUE DONA LINDU E LOMBADA ELETRÔNICA	AV BOA VIAGEM	""	EM FRENTE AO PARQUE DONA LINDU E LOMBADA ELETRÔNICA	BOA VIAGEM		CIDADE	COLISÃO TRASEIRA	ENTRE AUTOS S/V.	2									0		Longo da via	Bom	Não existe	Perfeito estado	Seca	Perfeito estado	Outros	Não há placas	60 km/h	Única	Faixa seccionada	""	""
9832	2018-11-16T00:00:00	13:48:00	SEM VÍTIMA	FINALIZADA	BOA VISTA	AV JOAO DE BARROS	262	""	APOS O BOMBEIROS E ANTES DA CELPE	AV JOAO DE BARROS	262	APOS O BOMBEIROS E ANTES DA CELPE	BOA VISTA		CIDADE	ABALROAMENTO TRANSVERSAL	DOIS AUTOS S/V	2									0		Longo da via	Bom	Não existe	Perfeito estado	Seca	Perfeito estado	Não existe	R-6a	40 km/h	Única	Faixa seccionada	""	""
9833	2018-11-16T00:00:00	13:50:00	SEM VÍTIMA	FINALIZADA	CASA AMARELA	AV NORTE	""	""	EM FRENTE A RETIFICA PADRAO	AV NORTE	""	EM FRENTE A RETIFICA PADRAO	CASA AMARELA	95	CIDADE	COLISÃO TRASEIRA	DOIS AUTOS	2									0		Longo da via	Bom	Sem defeito	Perfeito estado	Seca	Perfeito estado	Não existe	Não há placas	60 km/h	Dupla	Faixa seccionada	""	""
9834	2018-11-16T00:00:00	14:09:00	COM VÍTIMA	FINALIZADA	MADALENA	RUA BENFICA	1116	""	APÓS O MUSEU DA ABOLIÇÃO	RUA BENFICA	1116	APÓS O MUSEU DA ABOLIÇÃO	MADALENA		CIDADE	COLISÃO TRASEIRA	SEM VÍTIMAS	3	3					1			1		Longo da via	Bom	Não existe	Perfeito estado	Seca	Perfeito estado	""	Outras	""	Dupla	Canteiro central	""	""
9835	2018-11-16T00:00:00	15:14:00	SEM VÍTIMA	CANCELADA	IBURA	RUA EXP FRANCISCO VITORIANO	""	""	PRÓX À MADEIREIRA BARROS	RUA EXP FRANCISCO VITORIANO	""	PRÓX À MADEIREIRA BARROS	IBURA		""	COLISÃO	SEM VÍTIMAS	2									0		""	""	""	""	""	""	""	""	""	""	""	""	""
9836	2018-11-16T00:00:00	15:36:00	COM VÍTIMA	FINALIZADA	IMBIRIBEIRA	AV MARECHAL MASCARENHAS DE MORAES	7935	""	LADO OPOSTO AO MURO DO AEROPORTO	AV MARECHAL MASCARENHAS DE MORAES	7935	LADO OPOSTO AO MURO DO AEROPORTO	IMBIRIBEIRA	626	CIDADE	COLISÃO TRASEIRA	AUTO E MOTO	1	1								1		Longo da via	Bom	Sem defeito	Perfeito estado	Seca	Perfeito estado	Faixa de pedestre	Não há placas	""	Dupla	Faixa contínua	""	""