_id	DATA	hora	natureza_acidente	situacao	bairro	endereco	numero	detalhe_endereco_acidente	complemento	endereco_cruzamento	numero_cruzamento	referencia_cruzamento	bairro_cruzamento	num_semaforo	sentido_via	tipo	descricao	auto	moto	ciclom	ciclista	pedestre	onibus	caminhao	viatura	outros	vitimas	vitimasfatais	acidente_verificado	tempo_clima	situacao_semaforo	sinalizacao	condicao_via	conservacao_via	ponto_controle	situacao_placa	velocidade_max_via	mao_direcao	divisao_via1	divisao_via2	divisao_via3
9942	2018-11-20T00:00:00	12:15:00	SEM VÍTIMA	FINALIZADA	SANTO AMARO	RUA TREZE DE MAIO	263	RUA DOS PALMARES	BARRACA TROPICAL	RUA TREZE DE MAIO	263	BARRACA TROPICAL	SANTO AMARO	30	SUBURBIO	ABALROAMENTO TRANSVERSAL	COLISAO ENTRE AUTO E MOTO S/V	1	1								0		Longo da via	Bom	Sem defeito	Perfeito estado	Seca	Perfeito estado	Faixa de pedestre	Não há placas	""	Dupla	Faixa contínua	""	""
9943	2018-11-20T00:00:00	12:34:00	SEM VÍTIMA	FINALIZADA	ESPINHEIRO	RUA MARQUES DO PARANA	""	AV NORTE	""	RUA MARQUES DO PARANA	""	""	ESPINHEIRO		SUBURBIO	ABALROAMENTO LONGITUDINAL	COLISAO ENTR DOIS AUTOS S/V	2									0		Longo da via	Bom	Sem defeito	Perfeito estado	Seca	Perfeito estado	Faixa de pedestre	Outras	40 km/h	Única	Canteiro central	""	""
9944	2018-11-20T00:00:00	12:46:00	SEM VÍTIMA	CANCELADA	IPUTINGA	AV CAXANGA	""	""	EM FRENTE AO HOSPITAL SANTA TEREZINHA E AO POSTO DE GASOLINA DISLUB	AV CAXANGA	""	EM FRENTE AO HOSPITAL SANTA TEREZINHA E AO POSTO DE GASOLINA DISLUB	IPUTINGA		CIDADE	COLISÃO	COLISÃO SEM VITIMAS	1	1					1			0		""	""	""	""	""	""	""	""	""	""	""	""	""
9945	2018-11-20T00:00:00	12:51:00	SEM VÍTIMA	CANCELADA	BOA VIAGEM	RUA PADRE CARAPUCEIRO	259	AV ENGENHEIRO DOMINGOS FERREIRA	EM FRENTE A IGREJA UNIVERSAL	RUA PADRE CARAPUCEIRO	259	EM FRENTE A IGREJA UNIVERSAL	BOA VIAGEM		""	COLISÃO	COLISÃO SEM VITIMAS	1					1				0		""	""	""	""	""	""	""	""	""	""	""	""	""
9946	2018-11-20T00:00:00	12:53:00	COM VÍTIMA	CANCELADA	BOA VIAGEM	AV HERCULANO BANDEIRA	""	""	E/F AO MARTELINHO DE OURO	AV HERCULANO BANDEIRA	""	E/F AO MARTELINHO DE OURO	BOA VIAGEM		""	COLISÃO	COLISAO ENTRE AUTO E MOTO S/V	1	1								1		""	""	""	""	""	""	""	""	""	""	""	""	""
9947	2018-11-20T00:00:00	13:30:00	SEM VÍTIMA	FINALIZADA	BEBERIBE	PRC DA CONVENCAO	96	""	EM FRENTE AO POSTO PETROBRAS PAI E FILHOS	PRC DA CONVENCAO	96	EM FRENTE AO POSTO PETROBRAS PAI E FILHOS	BEBERIBE		SUBURBIO	ABALROAMENTO LONGITUDINAL	COLISÃO SEM VITIMAS	1						1			0		Longo da via	Bom	Não existe	Perfeito estado	Seca	Perfeito estado	Faixa de pedestre	Outras	""	Única	Não existe	""	""
9948	2018-11-20T00:00:00	13:38:00	SEM VÍTIMA	FINALIZADA	ESPINHEIRO	RUA DO ESPINHEIRO	222	""	LADO OPOSTO AO Nº 222	RUA DO ESPINHEIRO	222	LADO OPOSTO AO Nº 222	ESPINHEIRO		""	ABALROAMENTO LONGITUDINAL	COLISÃO SEM VITIMAS	1					1				0		Longo da via	Bom	Não existe	Perfeito estado	Seca	Perfeito estado	Não existe	Outras	""	Única	Faixa	""	""
9949	2018-11-20T00:00:00	13:59:00	SEM VÍTIMA	FINALIZADA	SÃO JOSÉ	AV MARTINS DE BARROS	""	""	EM FRENTE AO TERMINAL INTEGRADO CAIS DE SANTA RITA	AV MARTINS DE BARROS	""	EM FRENTE AO TERMINAL INTEGRADO CAIS DE SANTA RITA	SÃO JOSÉ		SUBURBIO	ABALROAMENTO LONGITUDINAL	COLISÃO SEM VITIMAS	1					1				0		Longo da via	Bom	Não existe	Perfeito estado	Seca	Perfeito estado	Não existe	""	""	Dupla	Canteiro central	""	""
9950	2018-11-20T00:00:00	14:00:00	SEM VÍTIMA	FINALIZADA	ESPINHEIRO	RUA DO ESPINHEIRO	""	AV JOAO DE BARROS	AO LADO DO EXTRA	RUA DO ESPINHEIRO	""	AO LADO DO EXTRA	ESPINHEIRO		SUBURBIO	ABALROAMENTO LONGITUDINAL	COLISÃO SEM VITIMAS	1						1			0		Longo da via	Bom	Sem defeito	Perfeito estado	Seca	Perfeito estado	Faixa de pedestre	R-6a	""	Única	""	""	""
9951	2018-11-20T00:00:00	14:17:00	SEM VÍTIMA	CANCELADA	COQUEIRAL	RUA ALTO DA BELA VISTA	43	""	RESIDENCIA PROX AO SUPERMERCADO CUSTODIA	RUA ALTO DA BELA VISTA	43	RESIDENCIA PROX AO SUPERMERCADO CUSTODIA	COQUEIRAL		""	CHOQUE	CONDUTOR CHOCOU SE CONTRA O MURO DE UMA RESIDENCIA SEM VITIMAS						1				0		""	""	""	""	""	""	""	""	""	""	""	""	""
9952	2018-11-20T00:00:00	15:04:00	SEM VÍTIMA	FINALIZADA	PINA	AV ENGENHEIRO DOMINGOS FERREIRA	112	""	""	AV ENGENHEIRO DOMINGOS FERREIRA	112	""	PINA		SUBURBIO	COLISÃO TRASEIRA	COLISAO ENTRE DOIS AUTOS S/V	2									0		Longo da via	Bom	Não existe	Perfeito estado	Seca	Perfeito estado	Não existe	Não há placas	""	Única	Faixa seccionada	""	""
9953	2018-11-20T00:00:00	15:18:00	SEM VÍTIMA	FINALIZADA	TAMARINEIRA	AV CONS ROSA E SILVA	""	""	E/F A TAMARINEIRA	AV CONS ROSA E SILVA	""	E/F A TAMARINEIRA	TAMARINEIRA		SUBURBIO	ABALROAMENTO LONGITUDINAL	COLISAO ENTRE DOIS AUTOS S/V	2									0		Longo da via	Bom	Não existe	Perfeito estado	Seca	Perfeito estado	Não existe	Não há placas	60 km/h	Única	Não existe	""	""
9954	2018-11-20T00:00:00	15:54:00	SEM VÍTIMA	FINALIZADA	ILHA DO RETIRO	AV JOSE GONCALVES DE MEDEIROS	""	AV ENGENHEIRO ABDIAS DE CARVALHO	EM FRENTE AO SPORT CLUBE DO RECIFE	AV JOSE GONCALVES DE MEDEIROS	""	EM FRENTE AO SPORT CLUBE DO RECIFE	ILHA DO RETIRO	355	SUBURBIO	ABALROAMENTO TRANSVERSAL	COLISÃO SEM VITIMAS	2									0		Longo da via	Bom	Sem defeito	Perfeito estado	Seca	Perfeito estado	Não existe	Não há placas	""	Única	Faixa contínua	""	""
9955	2018-11-20T00:00:00	15:56:00	COM VÍTIMA	FINALIZADA	ESTÂNCIA	AV DR JOSE RUFINO	""	""	EM FRENTE A IGREJA DE SANTA LUZIA	AV DR JOSE RUFINO	""	EM FRENTE A IGREJA DE SANTA LUZIA	ESTÂNCIA		CIDADE	COLISÃO TRASEIRA	COLISÃO COM VITIMA	1						1			1		Longo da via	Bom	Sem defeito	Perfeito estado	Seca	Perfeito estado	Faixa de pedestre	Outras	""	Dupla	Faixa	""	""
9956	2018-11-20T00:00:00	16:09:00	SEM VÍTIMA	FINALIZADA	SÃO JOSÉ	AV MARTINS DE BARROS	""	PTE CONDE MAURICIO DE NASSAU	EM FRENTE AO MINISTÉRIO PÚBLICO DE PERNAMBUCO	AV MARTINS DE BARROS	""	EM FRENTE AO MINISTÉRIO PÚBLICO DE PERNAMBUCO	SÃO JOSÉ	194	SUBURBIO	ABALROAMENTO LONGITUDINAL	COLISÃO SEM VITIMAS	1						1			0		Longo da via	Bom	Sem defeito	Perfeito estado	Seca	Perfeito estado	Agente	Não há placas	""	Única	Faixa contínua	""	""
9957	2018-11-20T00:00:00	16:36:00	SEM VÍTIMA	FINALIZADA	AFOGADOS	RUA SANTOS ARAUJO	""	RUA SAO MIGUEL	SOB O SEMÁFORO 333	RUA SANTOS ARAUJO	""	SOB O SEMÁFORO 333	AFOGADOS	333	SUBURBIO	ABALROAMENTO LONGITUDINAL	COLISÃO SEM VITIMAS	1						1			0		Cruzamento	Bom	Sem defeito	Perfeito estado	Seca	Perfeito estado	""	Outras	""	Única	""	""	""
9958	2018-11-20T00:00:00	16:38:00	SEM VÍTIMA	FINALIZADA	ESTÂNCIA	AV RECIFE	""	""	E/F AO GALETUS S/T BOA VIAGEM	AV RECIFE	""	E/F AO GALETUS S/T BOA VIAGEM	ESTÂNCIA		SUBURBIO	COLISÃO FRONTAL	COLISAO ENTRE TRES AUTOS S/V	3									0		Longo da via	Bom	Sem defeito	Perfeito estado	Seca	Perfeito estado	Faixa de pedestre	""	""	Dupla	Faixa seccionada	""	""
9959	2018-11-20T00:00:00	16:40:00	SEM VÍTIMA	CANCELADA	AFOGADOS	EST DOS REMEDIOS	""	""	EM FRENTE AO POSTO DE GASOLINA IPIRANGA	EST DOS REMEDIOS	""	EM FRENTE AO POSTO DE GASOLINA IPIRANGA	AFOGADOS		CARREFOUR	COLISÃO	COLISÃO SEM VITIMAS	1					1				0		""	""	""	""	""	""	""	""	""	""	""	""	""
9960	2018-11-20T00:00:00	16:50:00	SEM VÍTIMA	CANCELADA	MADALENA	AV VISCONDE DE ALBUQUERQUE	""	RUA BENFICA	ALUISIO LESTE...POLICLINICA	AV VISCONDE DE ALBUQUERQUE	""	ALUISIO LESTE...POLICLINICA	MADALENA	51	""	COLISÃO	COLISÃO SEM VITIMAS	1					1				0		""	""	""	""	""	""	""	""	""	""	""	""	""
9961	2018-11-20T00:00:00	17:03:00	SEM VÍTIMA	FINALIZADA	SAN MARTIN	AV GENERAL SAN MARTIN	2450	""	""	AV GENERAL SAN MARTIN	2450	""	SAN MARTIN		""	ABALROAMENTO LONGITUDINAL	COLISÃO SEM VITIMAS	1								1	0		Longo da via	Bom	Não existe	Perfeito estado	Seca	Perfeito estado	Não existe	""	""	Dupla	Faixa contínua	""	""
9962	2018-11-20T00:00:00	17:35:00	SEM VÍTIMA	FINALIZADA	AFOGADOS	RUA SAO MIGUEL	""	""	POSTE Nº HO 26603 AO LADO	RUA SAO MIGUEL	""	POSTE Nº HO 26603 AO LADO	AFOGADOS		CIDADE	ABALROAMENTO LONGITUDINAL	COLISÃO SEM VITIMAS	2									0		Longo da via	Bom	Não existe	Perfeito estado	Seca	Perfeito estado	Não existe	Não há placas	""	Dupla	Faixa seccionada	""	""
9963	2018-11-20T00:00:00	18:16:00	SEM VÍTIMA	FINALIZADA	MADALENA	RUA JOSE BONIFACIO	""	RUA PADRE ANCHIETA	PROX A PADARIA MASSA NOBRE	RUA JOSE BONIFACIO	""	PROX A PADARIA MASSA NOBRE	MADALENA	193	CIDADE	ABALROAMENTO LONGITUDINAL	ONIBUS X AUTO	1					1				0		Longo da via	Bom	Sem defeito	Perfeito estado	Seca	Perfeito estado	Faixa de pedestre	Outras	""	Única	Faixa seccionada	""	""
9964	2018-11-20T00:00:00	18:23:00	COM VÍTIMA	CANCELADA	JOANA BEZERRA	AV RIO CAPIBARIBE	502	""	AO LADO DO MURO DO METRO	AV RIO CAPIBARIBE	502	AO LADO DO MURO DO METRO	JOANA BEZERRA		""	ATROPELAMENTO	MOTO E PEDESTRE		1			1					1		""	""	""	""	""	""	""	""	""	""	""	""	""
9965	2018-11-20T00:00:00	18:47:00	COM VÍTIMA	FINALIZADA	TORRE	AV BEIRA RIO	""	""	NA CURVA INDO PARA O CARREFUR	AV BEIRA RIO	""	NA CURVA INDO PARA O CARREFUR	TORRE		""	COLISÃO TRASEIRA	COLISÃO SEM VITIMAS	1	1								1		Longo da via	Chuvoso	Não existe	Perfeito estado	Molhada	Perfeito estado	Não existe	""	""	Dupla	Faixa	""	""
9966	2018-11-20T00:00:00	19:20:00	SEM VÍTIMA	FINALIZADA	BOA VIAGEM	RUA CAPITAO ZUZINHA	286	""	GALERIA / LANCHONETE JHONYS	RUA CAPITAO ZUZINHA	286	GALERIA / LANCHONETE JHONYS	BOA VIAGEM		CIDADE	COLISÃO TRASEIRA	COLISÃO SEM VITIMAS	2									0		Longo da via	Bom	Sem defeito	Perfeito estado	Seca	Perfeito estado	Outros	Outras	""	Única	Faixa contínua	""	""
9967	2018-11-20T00:00:00	19:56:00	SEM VÍTIMA	FINALIZADA	BOA VIAGEM	RUA SETUBAL	""	""	""	RUA SETUBAL	""	""	BOA VIAGEM		SUBURBIO	COLISÃO FRONTAL	COLISÃO SEM VITIMA	2									0		Longo da via	Bom	Não existe	Perfeito estado	Seca	Perfeito estado	Outros	Outras	""	Dupla	Faixa contínua	""	""
9968	2018-11-20T00:00:00	20:04:00	SEM VÍTIMA	FINALIZADA	BOA VIAGEM	RUA SA E SOUZA	""	RUA DR LUIZ INACIO PESSOA DE MELO	""	RUA SA E SOUZA	""	""	BOA VIAGEM		""	ABALROAMENTO LONGITUDINAL	ONIBUS X J 3	1					1				0		Cruzamento	Bom	Não existe	Ilegível	Seca	Mal iluminada	Faixa de pedestre	"Placas ""Pare"""	""	Dupla	Faixa seccionada	""	""
9969	2018-11-20T00:00:00	20:07:00	COM VÍTIMA	FINALIZADA	BARRO	RUA AMADOR ARAUJO	542	RUA ESPERANCA	APOS A IGREJA DO BARRO	RUA AMADOR ARAUJO	542	APOS A IGREJA DO BARRO	BARRO		CIDADE	ABALROAMENTO TRANSVERSAL	COLISÃO COM VITIMA/ VITIMA JA FOI LEVADA PELO SAMU	1	1								1		Cruzamento	Bom	Não existe	Incompleta	Seca	Perfeito estado	Não existe	"Placas ""Pare"""	30 km/h	Dupla	Não existe	""	""
9970	2018-11-20T00:00:00	21:01:00	SEM VÍTIMA	FINALIZADA	MADALENA	RUA BENFICA	""	AV VISCONDE DE ALBUQUERQUE	ENFRENTE AO BOM PREÇO DA BEMNFICA	RUA BENFICA	""	ENFRENTE AO BOM PREÇO DA BEMNFICA	MADALENA		""	ABALROAMENTO LONGITUDINAL	COLISÃO SEM VITIMAS	1					1				0		Cruzamento	Bom	Sem defeito	Não existente	Seca	Mal iluminada	Faixa de pedestre	Não há placas	""	Dupla	Faixa contínua	""	""
9971	2018-11-21T00:00:00	05:40:00	SEM VÍTIMA	CANCELADA	AREIAS	AV DR JOSE RUFINO	44	""	EM FRENTE AO COLEGIO INSENTIVO	AV DR JOSE RUFINO	44	EM FRENTE AO COLEGIO INSENTIVO	AREIAS		""	COLISÃO	COLISÃO COM UM AUTO E MOTO	1	1								0		""	""	""	""	""	""	""	""	""	""	""	""	""
9972	2018-11-21T00:00:00	06:10:00	COM VÍTIMA	FINALIZADA	CASA AMARELA	RUA DA HARMONIA	460	""	AO LADO DA PREVIDÊNCIA SOCIAL	RUA DA HARMONIA	460	AO LADO DA PREVIDÊNCIA SOCIAL	CASA AMARELA		SUBURBIO	COLISÃO TRASEIRA	COLISÃO COM 1 VÍTIMA	1	1								1		Longo da via	Bom	Sem defeito	Perfeito estado	Seca	Perfeito estado	Faixa de pedestre	Não há placas	40 km/h	Dupla	Faixa	""	""
9973	2018-11-21T00:00:00	06:47:00	COM VÍTIMA	FINALIZADA	BOA VIAGEM	RUA MINISTRO NELSON HUNGRIA	392	RUA PADRE BERNADINO PESSOA	EM FRENTE AO COLEGIO SANTA MARIA	RUA MINISTRO NELSON HUNGRIA	392	EM FRENTE AO COLEGIO SANTA MARIA	BOA VIAGEM		""	ABALROAMENTO LONGITUDINAL	DOIS AUTOS	2									2		Cruzamento	Bom	Não existe	Perfeito estado	Seca	Perfeito estado	Faixa de pedestre	Outras	40 km/h	Única	Não existe	""	""
9974	2018-11-21T00:00:00	07:13:00	SEM VÍTIMA	FINALIZADA	TAMARINEIRA	RUA DR JOSE MARIA	2000	AV CONS ROSA E SILVA	EM FRENTE POSTO SHELL	RUA DR JOSE MARIA	2000	EM FRENTE POSTO SHELL	TAMARINEIRA	253	CIDADE	ABALROAMENTO LONGITUDINAL	DOIS AUTOS	2									0		Cruzamento	Bom	Sem defeito	Perfeito estado	Seca	Perfeito estado	Faixa de pedestre	R-6a	30 km/h	Dupla	Faixa contínua	""	""
9975	2018-11-21T00:00:00	07:58:00	SEM VÍTIMA	FINALIZADA	CAMPO GRANDE	EST DE BELEM	1217	RUA ODORICO MENDES	EM FRENTE AO POSTO DE GASOLINA IPIRANGA	EST DE BELEM	1217	EM FRENTE AO POSTO DE GASOLINA IPIRANGA	CAMPO GRANDE		SUBURBIO	COLISÃO	DOIS AUTOS S/V	2									0		""	""	""	""	""	""	""	""	""	""	""	""	""
9976	2018-11-21T00:00:00	08:01:00	SEM VÍTIMA	FINALIZADA	TAMARINEIRA	RUA SAO VICENTE	333	""	RUA DO ANTIGO OITAO BAR	RUA SAO VICENTE	333	RUA DO ANTIGO OITAO BAR	TAMARINEIRA		CIDADE	CHOQUE	""	1									0		""	""	""	""	""	""	""	""	""	""	""	""	""
9977	2018-11-21T00:00:00	08:40:00	SEM VÍTIMA	FINALIZADA	IPSEP	AV RECIFE	2996	""	EM FRENTE A LOJA EXATO CAR	AV RECIFE	2996	EM FRENTE A LOJA EXATO CAR	IPSEP		SUBURBIO	COLISÃO TRASEIRA	COLISÃO SEM VITIMAS	1	1								0		Longo da via	Bom	Não existe	Perfeito estado	Seca	Perfeito estado	Não existe	Não há placas	""	Dupla	Faixa seccionada	""	""
9978	2018-11-21T00:00:00	09:20:00	SEM VÍTIMA	PENDENTE	ESTÂNCIA	AV DR JOSE RUFINO	548	RUA MORAIS E SILVA	EM FRENTE A GALERIA MARGARIDA	AV DR JOSE RUFINO	548	EM FRENTE A GALERIA MARGARIDA	ESTÂNCIA		SUBURBIO	ABALROAMENTO TRANSVERSAL	COLISÃO SEM VITIMAS	2									0		Cruzamento	Bom	Não existe	Perfeito estado	Seca	Perfeito estado	Não existe	Não há placas	""	""	Faixa contínua	""	""
9979	2018-11-21T00:00:00	09:53:00	SEM VÍTIMA	FINALIZADA	BOA VIAGEM	RUA DEZ DE JULHO	399	""	E/F AO HOTELZINHO CHORA NÃO BEBE	RUA DEZ DE JULHO	399	E/F AO HOTELZINHO CHORA NÃO BEBE	BOA VIAGEM	573	""	ABALROAMENTO LONGITUDINAL	SEM VÍTIMAS	1	1								0		Longo da via	Bom	Sem defeito	Perfeito estado	Seca	Perfeito estado	Faixa de pedestre	Não há placas	40 km/h	Única	Faixa contínua	""	""
9980	2018-11-21T00:00:00	10:00:00	SEM VÍTIMA	FINALIZADA	CAXANGÁ	RUA RIBEIRO PESSOA	""	""	PROX AO MOTEL TURQUESA	RUA RIBEIRO PESSOA	""	PROX AO MOTEL TURQUESA	CAXANGÁ		SUBURBIO	ABALROAMENTO LONGITUDINAL	COLISÃO SEM VITIMAS VT 18 QTH	2									0		Longo da via	Chuvoso	Não existe	Incompleta	Molhada	Mal conservada	Não existe	Não há placas	""	Dupla	Não existe	""	""
9981	2018-11-21T00:00:00	10:19:00	SEM VÍTIMA	FINALIZADA	PINA	AV HERCULANO BANDEIRA	""	RUA NOGUEIRA DE SOUZA	PROX AO ATACADO DOS PRESENTES AO LADO DA MERCEDES BENZ	AV HERCULANO BANDEIRA	""	PROX AO ATACADO DOS PRESENTES AO LADO DA MERCEDES BENZ	PINA	657	SUBURBIO	ABALROAMENTO LONGITUDINAL	COLISÃO SEM VITIMAS	1	1								0		Cruzamento	Bom	Sem defeito	Perfeito estado	Seca	Perfeito estado	Faixa de pedestre	Não há placas	60 km/h	Única	Faixa seccionada	""	""
9982	2018-11-21T00:00:00	11:22:00	SEM VÍTIMA	FINALIZADA	MADALENA	RUA MONSENHOR JULIO MARIA	1103	RUA BENFICA	AO LADO DA GALERIA CAMPOLINA CENTER // AO LADO MARTELINHO DE OURO	RUA MONSENHOR JULIO MARIA	1103	AO LADO DA GALERIA CAMPOLINA CENTER // AO LADO MARTELINHO DE OURO	MADALENA		CIDADE	ABALROAMENTO LONGITUDINAL	AMBULANCIA E AUTO PASSEIO	1							1		0		""	Bom	Não existe	Perfeito estado	Seca	Perfeito estado	Não existe	Outras	""	Única	Não existe	""	""
9983	2018-11-21T00:00:00	11:34:00	COM VÍTIMA	FINALIZADA	SANTO AMARO	AV CRUZ CABUGA	""	""	HOSPITAL NAVAL DO RECIFE	AV CRUZ CABUGA	""	HOSPITAL NAVAL DO RECIFE	SANTO AMARO		SUBURBIO	ABALROAMENTO LONGITUDINAL	ONIBUS E MOTO	1	1								1		Longo da via	Bom	Não existe	Perfeito estado	Seca	Perfeito estado	Não existe	Não há placas	60 km/h	Dupla	Faixa	""	""
9984	2018-11-21T00:00:00	12:18:00	SEM VÍTIMA	CANCELADA	CASA AMARELA	RUA DA HARMONIA	""	""	NA ESQUINA DO MORRO DA CONCEIÇÃO	RUA DA HARMONIA	""	NA ESQUINA DO MORRO DA CONCEIÇÃO	CASA AMARELA	312	CIDADE	COLISÃO	COLISÃO SEM VITIMA	1					1				0		""	""	""	""	""	""	""	""	""	""	""	""	""
9985	2018-11-21T00:00:00	12:30:00	SEM VÍTIMA	FINALIZADA	GRAÇAS	AV GOVERNADOR AGAMENON MAGALHAES	""	""	PROX. A MECDONALDS	AV GOVERNADOR AGAMENON MAGALHAES	""	PROX. A MECDONALDS	GRAÇAS	173	SUBURBIO	COLISÃO TRASEIRA	COLISÃO SEM VITIMA	2									0		Longo da via	Bom	Sem defeito	Perfeito estado	Seca	Perfeito estado	Faixa de pedestre	R-6a	""	Dupla	Canteiro central	""	""
9986	2018-11-21T00:00:00	12:31:00	SEM VÍTIMA	CANCELADA	PINA	AV HERCULANO BANDEIRA	""	RUA MIRANDA FALCAO	PROX IGREJA DO PINA	AV HERCULANO BANDEIRA	""	PROX IGREJA DO PINA	PINA	137	""	COLISÃO	COLISAO ENTRE ONIBUS E AUTO S/V	1					1				0		""	""	""	""	""	""	""	""	""	""	""	""	""
9987	2018-11-21T00:00:00	12:50:00	COM VÍTIMA	FINALIZADA	VASCO DA GAMA	RUA DOIS DE FEVEREIRO	366	""	EM FRENTE A IGREJA MISSIONÁRIA	RUA DOIS DE FEVEREIRO	366	EM FRENTE A IGREJA MISSIONÁRIA	VASCO DA GAMA		SUBURBIO	ATROPELAMENTO	PEDESTRE E ONIBUS					1	1				1		Longo da via	Bom	Não existe	Não existente	Seca	Perfeito estado	Não existe	Não há placas	""	Dupla	Não existe	""	""
9988	2018-11-21T00:00:00	12:53:00	SEM VÍTIMA	FINALIZADA	MADALENA	AV BEIRA RIO	1219	RUA CLOVIS BEVILAQUA	PROX. A PRAÇA	AV BEIRA RIO	1219	PROX. A PRAÇA	MADALENA		SUBURBIO	ABALROAMENTO TRANSVERSAL	COLISÃO EM VITIMAS	2									0		""	Bom	Não existe	Perfeito estado	Seca	Perfeito estado	Faixa de retenção	"Placas ""Pare"""	""	Dupla	Faixa seccionada	""	""
9989	2018-11-21T00:00:00	13:05:00	SEM VÍTIMA	FINALIZADA	ÁGUA FRIA	AV BEBERIBE	1923	""	EM FRENTE A OTICA DINIZ	AV BEBERIBE	1923	EM FRENTE A OTICA DINIZ	ÁGUA FRIA		SUBURBIO	ATROPELAMENTO	CAMINHONETE E PEDESTRE	1				1					0		Longo da via	Bom	""	""	Seca	Perfeito estado	Não existe	Outras	""	Dupla	Faixa	""	""
9990	2018-11-21T00:00:00	13:45:00	SEM VÍTIMA	FINALIZADA	BOA VISTA	AV GOVERNADOR AGAMENON MAGALHAES	""	""	PRÓX AO COLÉGIO AMERICANO BATISTA	AV GOVERNADOR AGAMENON MAGALHAES	""	PRÓX AO COLÉGIO AMERICANO BATISTA	BOA VISTA	174	SUBURBIO	COLISÃO TRASEIRA	DOIS AUTOS	2									0		Cruzamento	Bom	Sem defeito	Perfeito estado	Seca	Perfeito estado	Não existe	Não há placas	60 km/h	Dupla	Canal	""	""
9991	2018-11-21T00:00:00	13:46:00	COM VÍTIMA	FINALIZADA	ILHA DO LEITE	AV LINS PETIT	""	""	EM FRENTE A PADARIA TRIUNFO	AV LINS PETIT	""	EM FRENTE A PADARIA TRIUNFO	ILHA DO LEITE		SUBURBIO	COLISÃO TRASEIRA	COLISÃO COM 1 VÍTIMA	2					1				1		Longo da via	Bom	Sem defeito	Perfeito estado	Seca	Perfeito estado	Faixa de pedestre	Outras	""	Única	Faixa	""	""
9992	2018-11-21T00:00:00	14:14:00	SEM VÍTIMA	FINALIZADA	CASA AMARELA	AV NORTE	""	RUA DA HARMONIA	ESQUINA DO MORRO DA CONCEIÇÃO	AV NORTE	""	ESQUINA DO MORRO DA CONCEIÇÃO	CASA AMARELA	312	CIDADE	COLISÃO TRASEIRA	COLISÃO SEM VITMAS	1					1				0		""	Bom	Sem defeito	Perfeito estado	Seca	Perfeito estado	Faixa de pedestre	R-6a	""	Dupla	Canteiro central	""	""
9993	2018-11-21T00:00:00	16:30:00	SEM VÍTIMA	CANCELADA	IBURA	AV RIO LARGO	""	""	UR 2 IBURA - LADEIRA DO SOBE E DESCE	AV RIO LARGO	""	UR 2 IBURA - LADEIRA DO SOBE E DESCE	IBURA		""	COLISÃO	ÔNIBUS X AUTO PASSEIO										0		""	""	""	""	""	""	""	""	""	""	""	""	""
9994	2018-11-21T00:00:00	16:36:00	SEM VÍTIMA	FINALIZADA	ESPINHEIRO	AV GOVERNADOR AGAMENON MAGALHAES	2739	""	EM FRENTE A FARMACIA SANTO ANTONIO	AV GOVERNADOR AGAMENON MAGALHAES	2739	EM FRENTE A FARMACIA SANTO ANTONIO	ESPINHEIRO		""	COLISÃO FRONTAL	ONIX X FOX	2									0		""	Bom	Não existe	Perfeito estado	Seca	Perfeito estado	""	R-6a	30 km/h	Dupla	Faixa seccionada	""	""
9995	2018-11-21T00:00:00	17:02:00	SEM VÍTIMA	FINALIZADA	SANTO AMARO	RUA AURORA	325	""	""	RUA AURORA	325	""	SANTO AMARO	579	SUBURBIO	COLISÃO TRASEIRA	DUAS MOTOS -		2								0		Longo da via	Bom	Sem defeito	Perfeito estado	Seca	Perfeito estado	Agente	""	""	Única	Não existe	""	""
9996	2018-11-21T00:00:00	17:02:00	SEM VÍTIMA	FINALIZADA	JARDIM SÃO PAULO	AV SAO PAULO	412	""	E/F AO MERCADINHO RENDE MAIS	AV SAO PAULO	412	E/F AO MERCADINHO RENDE MAIS	JARDIM SÃO PAULO		SUBURBIO	CHOQUE VEÍCULO PARADO	DOIS AUTO PASSEIO	2									0		Longo da via	Bom	Não existe	Ilegível	Seca	Perfeito estado	Não existe	Outras	""	Única	Não existe	""	""