_id	DATA	hora	natureza_acidente	situacao	bairro	endereco	numero	detalhe_endereco_acidente	complemento	endereco_cruzamento	numero_cruzamento	referencia_cruzamento	bairro_cruzamento	num_semaforo	sentido_via	tipo	descricao	auto	moto	ciclom	ciclista	pedestre	onibus	caminhao	viatura	outros	vitimas	vitimasfatais	acidente_verificado	tempo_clima	situacao_semaforo	sinalizacao	condicao_via	conservacao_via	ponto_controle	situacao_placa	velocidade_max_via	mao_direcao	divisao_via1	divisao_via2	divisao_via3
9997	2018-11-21T00:00:00	17:09:00	SEM VÍTIMA	CANCELADA	CORDEIRO	RUA N S DA SAUDE	818	""	PRÓXIMO AO CLUBE DE AUTOMÓVEIS ANTIGOS DE PERNAMBUCO	RUA N S DA SAUDE	818	PRÓXIMO AO CLUBE DE AUTOMÓVEIS ANTIGOS DE PERNAMBUCO	CORDEIRO		""	COLISÃO	DOIS AUTO PASSEIO	2									0		""	""	""	""	""	""	""	""	""	""	""	""	""
9998	2018-11-21T00:00:00	17:36:00	SEM VÍTIMA	CANCELADA	IMBIRIBEIRA	RUA ICARAI	""	""	AO LADO DO BANCO ITAÚ/ LAVA JATO	RUA ICARAI	""	AO LADO DO BANCO ITAÚ/ LAVA JATO	IMBIRIBEIRA		CIDADE	COLISÃO	COLISÃO SEM VITIMAS	2									0		""	""	""	""	""	""	""	""	""	""	""	""	""
9999	2018-11-21T00:00:00	18:15:00	SEM VÍTIMA	FINALIZADA	MADALENA	RUA BENFICA	""	""	SEMÁFORO Nº 353	RUA BENFICA	""	SEMÁFORO Nº 353	MADALENA	353	CIDADE	ABALROAMENTO LONGITUDINAL	ONIBUS GRANDE RECIFE X AUTO	1					1				0		""	Bom	Sem defeito	Perfeito estado	Seca	Perfeito estado	Faixa de retenção	""	""	Única	Faixa contínua	""	""
10000	2018-11-21T00:00:00	18:31:00	COM VÍTIMA	FINALIZADA	IMBIRIBEIRA	AV MARECHAL MASCARENHAS DE MORAES	2156	AV LUXEMBURGO	ENF A ITALIANA	AV MARECHAL MASCARENHAS DE MORAES	2156	ENF A ITALIANA	IMBIRIBEIRA	502	SUBURBIO	COLISÃO COM CICLISTA	""				1		1				1		Longo da via	Bom	Não existe	Perfeito estado	Seca	Perfeito estado	Não existe	Não há placas	""	Única	Faixa	""	""
10001	2018-11-21T00:00:00	18:58:00	COM VÍTIMA	FINALIZADA	CORDEIRO	RUA DR MIGUEL VIEIRA FERREIRA	""	RUA CLAUDIO BROTHERHOOD	AO LADO DO BETO BEBIDA	RUA DR MIGUEL VIEIRA FERREIRA	""	AO LADO DO BETO BEBIDA	CORDEIRO		CIDADE	ABALROAMENTO TRANSVERSAL	MOTO X SIENA PRATA	1	1								2		Cruzamento	Bom	Não existe	Incompleta	Seca	Perfeito estado	Não existe	Não há placas	""	Dupla	Não existe	""	""
10002	2018-11-21T00:00:00	19:20:00	COM VÍTIMA	CANCELADA	BOA VIAGEM	RUA VISCONDE DE JEQUITINHONHA	""	""	POR TRAS DO PARQUE DONA LINDU FAIXA DA ESQUERDA SENTIDO PIEDADE	RUA VISCONDE DE JEQUITINHONHA	""	POR TRAS DO PARQUE DONA LINDU FAIXA DA ESQUERDA SENTIDO PIEDADE	BOA VIAGEM		""	COLISÃO	CB 500 X FOX	1	1								1		""	""	""	""	""	""	""	""	""	""	""	""	""
10003	2018-11-21T00:00:00	21:46:00	SEM VÍTIMA	FINALIZADA	SANTO ANTÔNIO	RUA DO SOL	""	""	PONTE PRINCESA ISABEL	RUA DO SOL	""	PONTE PRINCESA ISABEL	SANTO ANTÔNIO		CIDADE	ABALROAMENTO LONGITUDINAL	ONIBUS X HB 20	1					1				0		Ponte	Bom	Não existe	Perfeito estado	Seca	Perfeito estado	""	R-6a	""	Dupla	Faixa contínua	""	""
10004	2018-11-21T00:00:00	22:11:00	SEM VÍTIMA	FINALIZADA	GRAÇAS	AV RUI BARBOSA	""	""	""	AV RUI BARBOSA	""	""	GRAÇAS	582	CIDADE	ABALROAMENTO LONGITUDINAL	FRONTIER X FORD K	2									0		Cruzamento	Bom	Sem defeito	Perfeito estado	Seca	Perfeito estado	Não existe	Não há placas	""	Única	Faixa contínua	""	""
10005	2018-11-22T00:00:00	07:31:00	COM VÍTIMA	FINALIZADA	MANGABEIRA	AV NORTE	4697	""	ARMAZÉM CORAL	AV NORTE	4697	ARMAZÉM CORAL	MANGABEIRA		CIDADE	ABALROAMENTO LONGITUDINAL	COLISÃO ENTRE AUTO E MOTO	1	1								1		Longo da via	Bom	Não existe	Ilegível	Seca	Perfeito estado	Não existe	""	""	""	""	""	""
10006	2018-11-22T00:00:00	07:42:00	SEM VÍTIMA	FINALIZADA	IMBIRIBEIRA	AV SUL	""	""	EM FRENTE A EXTIMBRAS, SENT. AEROPORTO	AV SUL	""	EM FRENTE A EXTIMBRAS, SENT. AEROPORTO	IMBIRIBEIRA		""	COLISÃO	COLISÃO SEM VITIMAS	2									0		""	""	""	""	""	""	""	""	""	""	""	""	""
10007	2018-11-22T00:00:00	08:15:00	SEM VÍTIMA	FINALIZADA	ARRUDA	AV PROFESSOR JOSE DOS ANJOS	""	""	AO LADO DO CANAL PROX A CONCESSIONARIA VIA SUL	AV PROFESSOR JOSE DOS ANJOS	""	AO LADO DO CANAL PROX A CONCESSIONARIA VIA SUL	ARRUDA		SUBURBIO	COLISÃO TRASEIRA	COLISÃO SEM VITIMAS	2									0		Longo da via	Bom	Sem defeito	Perfeito estado	Seca	Perfeito estado	Não existe	""	""	Dupla	Faixa seccionada	""	""
10008	2018-11-22T00:00:00	09:13:00	SEM VÍTIMA	FINALIZADA	IPSEP	RUA ADERBAL DE MELO	""	RUA HELIO BRANDAO	""	RUA ADERBAL DE MELO	""	""	IPSEP		""	ABALROAMENTO TRANSVERSAL	DOIS AUTOS	2									0		Cruzamento	Bom	Não existe	Ilegível	Seca	Perfeito estado	Não existe	"Placas ""Pare"""	40 km/h	Dupla	Não existe	""	""
10009	2018-11-22T00:00:00	09:57:00	COM VÍTIMA	FINALIZADA	IBURA	AV DOIS RIOS	508	""	E/F A BOMBONIERE DOIS RIOS	AV DOIS RIOS	508	E/F A BOMBONIERE DOIS RIOS	IBURA		CIDADE	COLISÃO TRASEIRA	COM UMA VÍTIMA. BATEDORES NO LOCAL. MT 13 MT 21	1	1								1		Longo da via	Bom	Não existe	Não existente	Seca	Perfeito estado	Não existe	"Placas ""Dê a preferência"""	""	Dupla	Faixa	""	""
10010	2018-11-22T00:00:00	10:17:00	SEM VÍTIMA	FINALIZADA	MADALENA	AV VISCONDE DE ALBUQUERQUE	2464	RUA BENFICA	E/F AO POSTO DE GASOLINA EXTRA	AV VISCONDE DE ALBUQUERQUE	2464	E/F AO POSTO DE GASOLINA EXTRA	MADALENA	51	CIDADE	ABALROAMENTO LONGITUDINAL	SEM VÍTIMAS	2									0		""	Bom	Sem defeito	Incompleta	Seca	Mal conservada	Não existe	Outras	""	Única	Faixa contínua	""	""
10011	2018-11-22T00:00:00	10:31:00	SEM VÍTIMA	FINALIZADA	JOANA BEZERRA	VIADUTO CAPITAO TEMUDO	""	""	SOB A PASSARELA	VIADUTO CAPITAO TEMUDO	""	SOB A PASSARELA	JOANA BEZERRA		CIDADE	COLISÃO TRASEIRA	SEM VÍTIMAS	1					1				0		Longo da via	Bom	Não existe	Perfeito estado	Seca	Perfeito estado	Não existe	Não há placas	""	Dupla	Canteiro central	""	""
10012	2018-11-22T00:00:00	10:47:00	SEM VÍTIMA	FINALIZADA	PINA	RUA PROFESSOR JOSUE DE CASTRO	""	""	NA SAIDA DO TUNEL DA VIA MANGUE	RUA PROFESSOR JOSUE DE CASTRO	""	NA SAIDA DO TUNEL DA VIA MANGUE	PINA		CIDADE	COLISÃO TRASEIRA	COLISÃO SEM VITIMAS DIOGO MOTA ESTEFANI QTH	2									0		Longo da via	Bom	Sem defeito	Perfeito estado	Seca	Perfeito estado	Não existe	Não há placas	60 km/h	Única	Faixa seccionada	""	""
10013	2018-11-22T00:00:00	11:09:00	SEM VÍTIMA	FINALIZADA	BOA VIAGEM	RUA SETUBAL	""	RUA VERDES MARES	""	RUA SETUBAL	""	""	BOA VIAGEM		""	ABALROAMENTO TRANSVERSAL	SEM VITIMAS	2									0		Cruzamento	Bom	Não existe	Perfeito estado	Seca	Perfeito estado	Faixa de retenção	Não há placas	40 km/h	Única	Faixa seccionada	""	""
10014	2018-11-22T00:00:00	11:15:00	SEM VÍTIMA	FINALIZADA	BONGI	AV ENGENHEIRO ABDIAS DE CARVALHO	1909	""	""	AV ENGENHEIRO ABDIAS DE CARVALHO	1909	""	BONGI		CIDADE	COLISÃO TRASEIRA	SEM VITIMAS	3									0		Longo da via	Bom	Não existe	Perfeito estado	Seca	Perfeito estado	Não existe	R-6a	60 km/h	Única	Faixa seccionada	""	""
10015	2018-11-22T00:00:00	11:16:00	SEM VÍTIMA	CANCELADA	CAMPO GRANDE	RUA SAO CAETANO	""	""	POR TRAS DO CLUBE DAS PÁS EM FRENTE AO HOTEL RESIDENCIA BENEVIDES	RUA SAO CAETANO	""	POR TRAS DO CLUBE DAS PÁS EM FRENTE AO HOTEL RESIDENCIA BENEVIDES	CAMPO GRANDE		""	COLISÃO	COLISÃO SEM VITIMAS	2									0		""	""	""	""	""	""	""	""	""	""	""	""	""
10016	2018-11-22T00:00:00	11:22:00	SEM VÍTIMA	DUPLICIDADE	BOA VIAGEM	RUA SETUBAL	482	""	EM FRENTE A CLINICA PET DREAM	RUA SETUBAL	482	EM FRENTE A CLINICA PET DREAM	BOA VIAGEM		""	COLISÃO	COLISÃO SEM VITIMAS	2									0		""	""	""	""	""	""	""	""	""	""	""	""	""
10017	2018-11-22T00:00:00	12:02:00	COM VÍTIMA	FINALIZADA	CORDEIRO	RUA ODETE MONTEIRO	""	AV PROFESSOR ESTEVAO FRANCISCO DA COSTA	EM FRENTE AO MARTELINHO DE OURO	RUA ODETE MONTEIRO	""	EM FRENTE AO MARTELINHO DE OURO	CORDEIRO	589	SUBURBIO	ABALROAMENTO TRANSVERSAL	COLISÃO COM VITIMA A ESPERA DO SAMU	1	1								1		Cruzamento	Bom	Sem defeito	Perfeito estado	Seca	Perfeito estado	Faixa de pedestre	Outras	""	Dupla	Faixa	""	""
10018	2018-11-22T00:00:00	12:04:00	SEM VÍTIMA	FINALIZADA	ILHA DO LEITE	RUA GENERAL JOAQUIM INACIO	""	""	E/F A FARMACIA INDEPENDENTE	RUA GENERAL JOAQUIM INACIO	""	E/F A FARMACIA INDEPENDENTE	ILHA DO LEITE		SUBURBIO	COLISÃO TRASEIRA	COLISAO ENTRE DOS AUTOS S/V	2									0		Longo da via	Bom	Não existe	Perfeito estado	Seca	Perfeito estado	Não existe	Não há placas	40 km/h	Única	Faixa seccionada	""	""
10019	2018-11-22T00:00:00	12:16:00	SEM VÍTIMA	FINALIZADA	IMBIRIBEIRA	AV MARECHAL MASCARENHAS DE MORAES	2092	""	E/F A LOJA DUNLOP S/T AEROPORTO	AV MARECHAL MASCARENHAS DE MORAES	2092	E/F A LOJA DUNLOP S/T AEROPORTO	IMBIRIBEIRA		SUBURBIO	ABALROAMENTO LONGITUDINAL	COLISAO ENTRE AUTO E MOTO S/V	1	1								0		Longo da via	Bom	Não existe	Ilegível	Seca	Mal conservada	Não existe	Não há placas	""	Dupla	Faixa seccionada	""	""
10020	2018-11-22T00:00:00	12:38:00	COM VÍTIMA	FINALIZADA	IBURA	RUA VALE DO ITAJAI	""	""	E/F COLEGIO MOVIMENTO CRIATIVO	RUA VALE DO ITAJAI	""	E/F COLEGIO MOVIMENTO CRIATIVO	IBURA		""	COLISÃO	COLISÃO ENTRE AUTO E MOTO		1					1			1		""	""	""	""	""	""	""	""	""	""	""	""	""
10021	2018-11-22T00:00:00	13:00:00	SEM VÍTIMA	FINALIZADA	ENGENHO DO MEIO	AV ENGENHEIRO ABDIAS DE CARVALHO	""	""	""	AV ENGENHEIRO ABDIAS DE CARVALHO	""	""	ENGENHO DO MEIO	375	SUBURBIO	ABALROAMENTO LONGITUDINAL	COLISAO ENTRE AUTO E MOTO S/V	1	1								0		Longo da via	Bom	Sem defeito	Perfeito estado	Seca	Perfeito estado	Faixa de pedestre	Outras	""	Dupla	Faixa seccionada	""	""
10022	2018-11-22T00:00:00	13:00:00	SEM VÍTIMA	FINALIZADA	BOA VISTA	AV GOVERNADOR AGAMENON MAGALHAES	""	""	POR TRAS DO BRADESCO	AV GOVERNADOR AGAMENON MAGALHAES	""	POR TRAS DO BRADESCO	BOA VISTA		""	ABALROAMENTO LONGITUDINAL	COLISÃO SEM VITIMAS	2									0		Longo da via	Bom	""	""	Seca	Perfeito estado	""	""	""	""	""	""	""
10023	2018-11-22T00:00:00	13:15:00	SEM VÍTIMA	FINALIZADA	BAIRRO DO RECIFE	CAIS DO APOLO	439	""	AO LADO DO TRT, E PROX. A PREFEITURA	CAIS DO APOLO	439	AO LADO DO TRT, E PROX. A PREFEITURA	BAIRRO DO RECIFE		CIDADE	ABALROAMENTO LONGITUDINAL	DOIS AUTOS S/V	2									0		Longo da via	Bom	Não existe	Perfeito estado	Seca	Perfeito estado	Não existe	"Placas ""Pare"""	""	Única	Canteiro central	""	""
10024	2018-11-22T00:00:00	13:52:00	SEM VÍTIMA	FINALIZADA	BOA VIAGEM	RUA ANTONIO FALCAO	""	RUA DOS NAVEGANTES	""	RUA ANTONIO FALCAO	""	""	BOA VIAGEM		SUBURBIO	ABALROAMENTO TRANSVERSAL	DOIS AUTOS S/V	2									0		Cruzamento	Bom	Não existe	Perfeito estado	Seca	Perfeito estado	Não existe	"Placas ""Pare"""	""	Única	Não existe	""	""
10025	2018-11-22T00:00:00	14:23:00	SEM VÍTIMA	FINALIZADA	IMBIRIBEIRA	AV MARECHAL MASCARENHAS DE MORAES	""	""	EM FRENTE A FERREIRA COSTA	AV MARECHAL MASCARENHAS DE MORAES	""	EM FRENTE A FERREIRA COSTA	IMBIRIBEIRA		CIDADE	ABALROAMENTO LONGITUDINAL	COLISÃO SEM VITIMAS	2									0		Longo da via	Bom	Não existe	Perfeito estado	Seca	Perfeito estado	Não existe	Outras	60 km/h	Dupla	Canteiro central	""	""
10026	2018-11-22T00:00:00	14:55:00	SEM VÍTIMA	FINALIZADA	IPUTINGA	RUA AMBROSIO MACHADO	420	""	""	RUA AMBROSIO MACHADO	420	""	IPUTINGA		CIDADE	ABALROAMENTO LONGITUDINAL	COLISÃO SEM VITIMAS	2									0		Longo da via	Bom	Sem defeito	Perfeito estado	Seca	Perfeito estado	Não existe	Não há placas	""	Dupla	""	""	""
10027	2018-11-20T00:00:00	09:40:00	COM VÍTIMA	FINALIZADA	IMBIRIBEIRA	AV MARECHAL MASCARENHAS DE MORAES	""	""	SOB O VIADUTO TANCREDO NEVES.	AV MARECHAL MASCARENHAS DE MORAES	""	SOB O VIADUTO TANCREDO NEVES.	IMBIRIBEIRA		CIDADE	ATROPELAMENTO	ATROPELAMENTO ENTRE MOTO E PEDESTRE COM 2 VÍTIMAS. VÍTIMA DA MOTOCICLETA OPTOU NÃO SER SOCORRIDO E O PEDESTRE SEGUIU PARA A UPA DA IMBIRIBEIRA POR MEIOS PRÓPRIOS.		1			1					2		Longo da via	Bom	Não existe	Perfeito estado	Seca	Perfeito estado	""	Não há placas	60 km/h	Única	Canteiro central	""	""
10028	2018-11-22T00:00:00	15:48:00	COM VÍTIMA	FINALIZADA	SANTO AMARO	AV GOVERNADOR AGAMENON MAGALHAES	""	""	LOGO APOS O MINISTERIO DO TRABALHO SENTIDO BOA VIAGEM	AV GOVERNADOR AGAMENON MAGALHAES	""	LOGO APOS O MINISTERIO DO TRABALHO SENTIDO BOA VIAGEM	SANTO AMARO		CIDADE	ABALROAMENTO LONGITUDINAL	COLISAO ENTRE AUTO E MOTO COM VITIMA	1	1								1		Longo da via	Bom	Sem defeito	Perfeito estado	Seca	Perfeito estado	Faixa de pedestre	"Placas ""Dê a preferência"""	60 km/h	Dupla	Canteiro central	""	""
10029	2018-11-22T00:00:00	15:58:00	SEM VÍTIMA	FINALIZADA	TORRE	RUA REAL DA TORRE	868	""	APOS O CARREFOUR E/F A CLINICA VETERINARIA	RUA REAL DA TORRE	868	APOS O CARREFOUR E/F A CLINICA VETERINARIA	TORRE		CIDADE	ABALROAMENTO LONGITUDINAL	COLISAO ENTRE CAMINHAO E AUTO S/V	1						1			0		Longo da via	Bom	Não existe	Perfeito estado	Seca	""	Não existe	Outras	""	Única	Faixa seccionada	""	""
10030	2018-11-22T00:00:00	16:15:00	SEM VÍTIMA	FINALIZADA	TORRE	RUA MARQUES DE MARICA	""	""	PROX. A IGREJA DA TORRE, EM FRENTE A PRAÇA	RUA MARQUES DE MARICA	""	PROX. A IGREJA DA TORRE, EM FRENTE A PRAÇA	TORRE		SUBURBIO	ABALROAMENTO TRANSVERSAL	AUTO E MOTO S/V	1	1								0		Longo da via	Bom	Não existe	Perfeito estado	Seca	Perfeito estado	Não existe	R-6a	""	Dupla	Faixa contínua	""	""
10031	2018-11-22T00:00:00	17:33:00	SEM VÍTIMA	FINALIZADA	CAÇOTE	AV RECIFE	3777	""	EM FRENTE AO WALMART, SENTIDO BOA VIAGEM	AV RECIFE	3777	EM FRENTE AO WALMART, SENTIDO BOA VIAGEM	CAÇOTE		CIDADE	ABALROAMENTO LONGITUDINAL	AUTO E CAMINHAO S/V	1						1			0		Longo da via	Bom	Não existe	Perfeito estado	Seca	Perfeito estado	Não existe	Não há placas	""	Dupla	Faixa contínua	""	""
10032	2018-11-22T00:00:00	17:51:00	SEM VÍTIMA	FINALIZADA	DERBY	RUA DR SEVERINO PINHEIRO	""	""	FRENTE AO EDF TRÊS MARIAS	RUA DR SEVERINO PINHEIRO	""	FRENTE AO EDF TRÊS MARIAS	DERBY		SUBURBIO	COLISÃO TRASEIRA	COLISÃO SEM VITIMAS	2									0		Longo da via	Bom	Não existe	Perfeito estado	Seca	Perfeito estado	Faixa de pedestre	Outras	""	Dupla	Faixa contínua	""	""
10033	2018-11-22T00:00:00	18:27:00	SEM VÍTIMA	FINALIZADA	BOA VISTA	AV GOVERNADOR AGAMENON MAGALHAES	""	RUA DOM BOSCO	COLÉGIO AMERICANO BATISTA	AV GOVERNADOR AGAMENON MAGALHAES	""	COLÉGIO AMERICANO BATISTA	BOA VISTA	174	""	ABALROAMENTO LONGITUDINAL	ENTRE AUTO E ÕNIBUS. S/V	1					1				0		Cruzamento	Bom	Sem defeito	Perfeito estado	Seca	Perfeito estado	Agente	""	60 km/h	Dupla	Canteiro central	""	""
10034	2018-11-22T00:00:00	18:43:00	SEM VÍTIMA	FINALIZADA	IPSEP	RUA JAMAICA	""	RUA ITAJAI	PROX A IGREJA PRESBITERIANA MEMORIAL	RUA JAMAICA	""	PROX A IGREJA PRESBITERIANA MEMORIAL	IPSEP		CIDADE	ABALROAMENTO TRANSVERSAL	PALIO X FORD K	2									0		Cruzamento	Bom	Não existe	Incompleta	Seca	Perfeito estado	Faixa de pedestre	Não há placas	""	Dupla	Não existe	""	""
10035	2018-11-22T00:00:00	20:02:00	COM VÍTIMA	FINALIZADA	AREIAS	RUA DR VILAS BOAS	530	""	E/F AO EDF ECO VILE / PRÓX AO ANTIGO CARTÓRIO ELEITORAL DE AREIAS	RUA DR VILAS BOAS	530	E/F AO EDF ECO VILE / PRÓX AO ANTIGO CARTÓRIO ELEITORAL DE AREIAS	AREIAS		CIDADE	ABALROAMENTO TRANSVERSAL	ENTRE AUTO E MOTO. C/V	1	1								1		Longo da via	Bom	Não existe	Ilegível	Seca	Perfeito estado	Não existe	"Placas ""Dê a preferência"""	""	Dupla	Não existe	""	""
10036	2018-11-22T00:00:00	20:57:00	SEM VÍTIMA	FINALIZADA	SANTO ANTÔNIO	PTE BUARQUE DE MACEDO	""	""	POR CIMA DA PTE / PRÓX AO PALÁCIO DAS PRINCESAS	PTE BUARQUE DE MACEDO	""	POR CIMA DA PTE / PRÓX AO PALÁCIO DAS PRINCESAS	SANTO ANTÔNIO		CIDADE	ABALROAMENTO LONGITUDINAL	ENTRE ÕNIBUS E CAMINHÃO. S/V						1	1			0		Ponte	Bom	Sem defeito	Perfeito estado	Seca	Perfeito estado	Faixa de retenção	Não há placas	""	Única	Faixa seccionada	""	""
10037	2018-11-22T00:00:00	21:31:00	SEM VÍTIMA	FINALIZADA	ILHA DO RETIRO	RUA SPORT CLUBE DO RECIFE	""	""	EM FRENTE A JURANDIR	RUA SPORT CLUBE DO RECIFE	""	EM FRENTE A JURANDIR	ILHA DO RETIRO		SUBURBIO	ABALROAMENTO LONGITUDINAL	ENTRE 2 AUTOS. S/V	2									0		Longo da via	Bom	Sem defeito	Perfeito estado	Seca	Perfeito estado	""	""	""	""	""	""	""
10038	2018-11-22T00:00:00	22:22:00	SEM VÍTIMA	FINALIZADA	BOA VISTA	AV GOVERNADOR AGAMENON MAGALHAES	""	RUA HENRIQUE DIAS	E/F AO RESTAURANTE SPETTUS	AV GOVERNADOR AGAMENON MAGALHAES	""	E/F AO RESTAURANTE SPETTUS	BOA VISTA		""	COLISÃO TRASEIRA	ENTRE AUTO E MOTO. C/V	1	2								0		Cruzamento	Bom	Sem defeito	Ilegível	Seca	Mal iluminada	Faixa de pedestre	Não há placas	60 km/h	Dupla	Canteiro central	""	""
10039	2018-11-23T00:00:00	04:16:00	SEM VÍTIMA	FINALIZADA	BOA VIAGEM	RUA DEZ DE JULHO	231	RUA WALDEMAR NERY CARNEIRO MONTEIRO	""	RUA DEZ DE JULHO	231	""	BOA VIAGEM	573	SUBURBIO	ABALROAMENTO TRANSVERSAL	ENTRE 2 AUTOS. S/V	2									0		Cruzamento	Bom	Sem defeito	Perfeito estado	Seca	Perfeito estado	Faixa de pedestre	""	40 km/h	Dupla	Não existe	""	""
10040	2018-11-23T00:00:00	06:51:00	SEM VÍTIMA	FINALIZADA	ESPINHEIRO	RUA CONS PORTELA	564	""	EM FRENTE A PROCURADORIA REGIONAL DO TRABALHO DA 6º REGIÃO	RUA CONS PORTELA	564	EM FRENTE A PROCURADORIA REGIONAL DO TRABALHO DA 6º REGIÃO	ESPINHEIRO		SUBURBIO	COLISÃO TRASEIRA	DOIS AUTOS S/V	2									0		Longo da via	Bom	Não existe	Perfeito estado	Seca	Perfeito estado	Não existe	Outras	""	Única	Faixa seccionada	""	""
10041	2018-11-23T00:00:00	07:22:00	SEM VÍTIMA	FINALIZADA	JOANA BEZERRA	AV GOVERNADOR AGAMENON MAGALHAES	""	""	VIADUTO JOÃO PAULO II	AV GOVERNADOR AGAMENON MAGALHAES	""	VIADUTO JOÃO PAULO II	JOANA BEZERRA		""	COLISÃO TRASEIRA	ENTRE AUTO PASSEIO E ONIBUS	1					1				0		Longo da via	Bom	Não existe	Perfeito estado	Seca	Perfeito estado	Não existe	Não há placas	""	Dupla	Faixa seccionada	""	""
10042	2018-11-23T00:00:00	07:24:00	SEM VÍTIMA	FINALIZADA	ESPINHEIRO	RUA CONS PORTELA	504	RUA QUARENTA E OITO	ESQUINA DO EDF REGINA HELENA	RUA CONS PORTELA	504	ESQUINA DO EDF REGINA HELENA	ESPINHEIRO	11	CIDADE	ABALROAMENTO LONGITUDINAL	COLISÃO SEM VITIMAS	1					1				0		Cruzamento	Bom	Sem defeito	Perfeito estado	Seca	Perfeito estado	Faixa de pedestre	R-6a	30 km/h	Única	Faixa seccionada	""	""
10043	2018-11-23T00:00:00	07:24:00	SEM VÍTIMA	DUPLICIDADE	ESPINHEIRO	RUA CONS PORTELA	""	RUA QUARENTA E OITO	E/F A PROCURADORIA REGIONAL DO TRABALHO DA VI REGIÃO	RUA CONS PORTELA	""	E/F A PROCURADORIA REGIONAL DO TRABALHO DA VI REGIÃO	ESPINHEIRO	11	""	COLISÃO	SEM VÍTIMAS	2									0		""	""	""	""	""	""	""	""	""	""	""	""	""
10044	2018-11-23T00:00:00	08:12:00	SEM VÍTIMA	CANCELADA	BOA VIAGEM	RUA VISCONDE DE JEQUITINHONHA	2998	""	EM FRENTE AO RESTAURANTE VILLA BOTIQUIM	RUA VISCONDE DE JEQUITINHONHA	2998	EM FRENTE AO RESTAURANTE VILLA BOTIQUIM	BOA VIAGEM		""	COLISÃO	ONIBUS E AUTO	1					1				0		""	""	""	""	""	""	""	""	""	""	""	""	""
10045	2018-11-23T00:00:00	09:08:00	SEM VÍTIMA	FINALIZADA	PINA	AV ANTONIO DE GOES	742	RUA MANOEL DE BRITO	EM FRENTE AO EMPRESARIAL JOPIN	AV ANTONIO DE GOES	742	EM FRENTE AO EMPRESARIAL JOPIN	PINA	103	CIDADE	ABALROAMENTO LONGITUDINAL	COLISÃO SEM VITIMAS	1	1								0		Cruzamento	Bom	Sem defeito	Perfeito estado	Seca	Perfeito estado	Agente	""	60 km/h	Única	Canteiro central	""	""
10046	2018-11-23T00:00:00	09:09:00	SEM VÍTIMA	FINALIZADA	VASCO DA GAMA	AV NORTE	6064	""	EM FRENTE AO DESCONTAO / SENT MACAXEIRA	AV NORTE	6064	EM FRENTE AO DESCONTAO / SENT MACAXEIRA	VASCO DA GAMA		SUBURBIO	ABALROAMENTO LONGITUDINAL	ONIBUS AUTO PASSEIO VAN ESCOLAR	2					1				0		Longo da via	Bom	Não existe	Perfeito estado	Seca	Perfeito estado	Não existe	R-6a	60 km/h	Única	Faixa seccionada	""	""
10047	2018-11-23T00:00:00	09:09:00	SEM VÍTIMA	FINALIZADA	PRADO	AV ENGENHEIRO ABDIAS DE CARVALHO	1520	""	EM FRNETE AO TROCÃO	AV ENGENHEIRO ABDIAS DE CARVALHO	1520	EM FRNETE AO TROCÃO	PRADO		CIDADE	COLISÃO TRASEIRA	SEM VÍTIMAS	1					1				0		Longo da via	Bom	Não existe	""	Seca	Perfeito estado	Não existe	Não há placas	""	Dupla	Canteiro central	""	""
10048	2018-11-23T00:00:00	09:27:00	SEM VÍTIMA	FINALIZADA	PINA	RUA TOME GIBSON	""	RUA AMAZONAS	PRÓXIMO AO Nº 196	RUA TOME GIBSON	""	PRÓXIMO AO Nº 196	PINA		SUBURBIO	ABALROAMENTO TRANSVERSAL	SEM VITIMAS	2									0		Cruzamento	Bom	Não existe	Incompleta	Seca	Perfeito estado	Não existe	"Placas ""Pare"""	40 km/h	Única	Não existe	""	""
10049	2018-11-23T00:00:00	09:33:00	SEM VÍTIMA	FINALIZADA	BOA VIAGEM	RUA BALTAZAR PASSOS	520	RUA JOSE HIPOLITO CARDOSO	""	RUA BALTAZAR PASSOS	520	""	BOA VIAGEM		CIDADE	ABALROAMENTO TRANSVERSAL	DOIS AUTOS	2									0		Cruzamento	Bom	Não existe	Perfeito estado	Seca	Perfeito estado	Faixa de retenção	""	""	Única	Faixa seccionada	""	""