_id	DATA	hora	natureza_acidente	situacao	bairro	endereco	numero	detalhe_endereco_acidente	complemento	endereco_cruzamento	numero_cruzamento	referencia_cruzamento	bairro_cruzamento	num_semaforo	sentido_via	tipo	descricao	auto	moto	ciclom	ciclista	pedestre	onibus	caminhao	viatura	outros	vitimas	vitimasfatais	acidente_verificado	tempo_clima	situacao_semaforo	sinalizacao	condicao_via	conservacao_via	ponto_controle	situacao_placa	velocidade_max_via	mao_direcao	divisao_via1	divisao_via2	divisao_via3
10050	2018-11-23T00:00:00	09:49:00	SEM VÍTIMA	FINALIZADA	CORDEIRO	AV GENERAL SAN MARTIN	801	RUA PEREIRA DE MORAES	PRÓXIMO A NOVA IGREJA BATISTA DO CORDEIRO	AV GENERAL SAN MARTIN	801	PRÓXIMO A NOVA IGREJA BATISTA DO CORDEIRO	CORDEIRO		SUBURBIO	ABALROAMENTO TRANSVERSAL	MOTO E AUTO	1	1								0		Longo da via	Bom	Não existe	Perfeito estado	Seca	Perfeito estado	Não existe	Não há placas	""	Única	Faixa contínua	""	""
10051	2018-11-23T00:00:00	10:05:00	SEM VÍTIMA	FINALIZADA	BEBERIBE	AV BEBERIBE	2360	""	""	AV BEBERIBE	2360	""	BEBERIBE		SUBURBIO	CHOQUE OBJETO FIXO	ONIBUS E AUTO		1				1				0		Longo da via	Bom	Não existe	Perfeito estado	Seca	Perfeito estado	Não existe	R-6a	50 km/h	Dupla	Faixa contínua	""	""
10052	2018-11-23T00:00:00	10:06:00	SEM VÍTIMA	FINALIZADA	SANTO AMARO	AV PREFEITO ARTUR LIMA CAVALCANTI	""	AV NORTE	SENT/OLINDA NA DESCIDA DA PONTE DO LIMOEIRO	AV PREFEITO ARTUR LIMA CAVALCANTI	""	SENT/OLINDA NA DESCIDA DA PONTE DO LIMOEIRO	SANTO AMARO		SUBURBIO	COLISÃO	SEM VITIMAS	2	1								0		""	""	""	""	""	""	""	""	""	""	""	""	""
10053	2018-11-23T00:00:00	10:37:00	SEM VÍTIMA	CANCELADA	CORDEIRO	RUA MAURICIO DE NASSAU	""	""	EM FRENTE AO GOE	RUA MAURICIO DE NASSAU	""	EM FRENTE AO GOE	CORDEIRO		""	COLISÃO	SEM VITIMAS	1					1				0		""	""	""	""	""	""	""	""	""	""	""	""	""
10054	2018-11-23T00:00:00	10:48:00	COM VÍTIMA	FINALIZADA	SANTO AMARO	AV GOVERNADOR AGAMENON MAGALHAES	""	""	EM FRENTE AO MINISTERIO DO TRABALHO	AV GOVERNADOR AGAMENON MAGALHAES	""	EM FRENTE AO MINISTERIO DO TRABALHO	SANTO AMARO	108	CIDADE	ABALROAMENTO LONGITUDINAL	COLISÃO COM VITIMAS SOCORRIDAS PELOS BOMBEIROS	1	1								2		Longo da via	Bom	Sem defeito	Perfeito estado	Seca	Perfeito estado	Faixa de pedestre	R-19	60 km/h	Dupla	Canal	""	""
10055	2018-11-23T00:00:00	10:52:00	SEM VÍTIMA	FINALIZADA	MORRO DA CONCEIÇÃO	PRC DA CONCEICAO	538	""	EM FRENTE AO CENTRO DE APOIO DIVINO AMOR	PRC DA CONCEICAO	538	EM FRENTE AO CENTRO DE APOIO DIVINO AMOR	MORRO DA CONCEIÇÃO		SUBURBIO	COLISÃO TRASEIRA	VIATURA E OPNIBUS						1		1		0		Longo da via	Bom	Não existe	Perfeito estado	Seca	Perfeito estado	""	R-6a	30 km/h	Única	""	""	""
10056	2018-11-23T00:00:00	10:54:00	SEM VÍTIMA	FINALIZADA	IMBIRIBEIRA	AV MARECHAL MASCARENHAS DE MORAES	""	""	LADO OPOSTO AO CERCAS E CA	AV MARECHAL MASCARENHAS DE MORAES	""	LADO OPOSTO AO CERCAS E CA	IMBIRIBEIRA		SUBU	ABALROAMENTO LONGITUDINAL	COLISÃO SEM VITIMAS	1						1			0		Longo da via	Bom	Não existe	Não existente	Seca	Mal conservada	""	Não há placas	60 km/h	Dupla	Canteiro central	""	""
10057	2018-11-23T00:00:00	11:07:00	SEM VÍTIMA	CANCELADA	SAN MARTIN	AV GENERAL SAN MARTIN	1449	AV ENGENHEIRO ABDIAS DE CARVALHO	SENTIDO SAN MARTIN	AV GENERAL SAN MARTIN	1449	SENTIDO SAN MARTIN	SAN MARTIN		""	COLISÃO	SEM VITIMAS	2									0		""	""	""	""	""	""	""	""	""	""	""	""	""
10058	2018-11-23T00:00:00	11:41:00	SEM VÍTIMA	FINALIZADA	CORDEIRO	RUA TIJUCAS	166	""	""	RUA TIJUCAS	166	""	CORDEIRO		CIDADE	COLISÃO TRASEIRA	SEM VITIMAS	1	1								0		Longo da via	Bom	Não existe	Perfeito estado	Seca	Perfeito estado	Não existe	Não há placas	""	Dupla	Faixa seccionada	""	""
10059	2018-11-23T00:00:00	11:46:00	SEM VÍTIMA	FINALIZADA	ESPINHEIRO	RUA SAO SALVADOR	3188	""	EM FRENTE A EMERGENCIA PEDIATRICA DA UNIMED	RUA SAO SALVADOR	3188	EM FRENTE A EMERGENCIA PEDIATRICA DA UNIMED	ESPINHEIRO		CIDADE	CHOQUE VEÍCULO PARADO	COLISÃO SEM VITIMAS						1		1		0		Longo da via	Bom	Não existe	Perfeito estado	Seca	Perfeito estado	Não existe	Não há placas	""	Única	Não existe	""	""
10060	2018-11-23T00:00:00	12:27:00	SEM VÍTIMA	CANCELADA	BARRO	AV DR JOSE RUFINO	""	""	E/F A ESCOLA PAAULO GUERRA	AV DR JOSE RUFINO	""	E/F A ESCOLA PAAULO GUERRA	BARRO	156	""	COLISÃO	COLISAO ENTRE TRES AUTO S/V	3									0		""	""	""	""	""	""	""	""	""	""	""	""	""
10061	2018-11-23T00:00:00	12:30:00	SEM VÍTIMA	CANCELADA	MADALENA	AV CAXANGA	481	""	LADO OPOSTO DA SAIDA DA JOSE OSORIO	AV CAXANGA	481	LADO OPOSTO DA SAIDA DA JOSE OSORIO	MADALENA		CIDADE	COLISÃO	DOIS AUTOS S/V	2									0		""	""	""	""	""	""	""	""	""	""	""	""	""
10062	2018-11-23T00:00:00	12:35:00	SEM VÍTIMA	FINALIZADA	CAMPO GRANDE	RUA DONA ELVIRA	191	RUA FREDERICO	""	RUA DONA ELVIRA	191	""	CAMPO GRANDE		CIDADE	ABALROAMENTO TRANSVERSAL	COLISO ENTRE DOIS AUTOS S/V	2									0		Cruzamento	Bom	Não existe	Perfeito estado	Seca	Perfeito estado	Não existe	"Placas ""Pare"""	""	Dupla	Faixa seccionada	""	""
10063	2018-11-23T00:00:00	12:38:00	SEM VÍTIMA	FINALIZADA	BAIRRO DO RECIFE	AV ALFREDO LISBOA	18	""	CAIXA CULTURAL	AV ALFREDO LISBOA	18	CAIXA CULTURAL	BAIRRO DO RECIFE		SUBURBIO	COLISÃO TRASEIRA	AUTO E MOTO S/V	1	1								0		Longo da via	Bom	Não existe	Perfeito estado	Seca	Perfeito estado	Não existe	Outras	30 km/h	Única	Não existe	""	""
10064	2018-11-23T00:00:00	12:43:00	COM VÍTIMA	FINALIZADA	MADALENA	AV BEIRA RIO	1219	RUA CLOVIS BEVILAQUA	ANTES DA PONTE E/F A PRAÇA DOMINGOS GIOVANETTI E AS BICICLETAS DO ITAU	AV BEIRA RIO	1219	ANTES DA PONTE E/F A PRAÇA DOMINGOS GIOVANETTI E AS BICICLETAS DO ITAU	MADALENA		CIDADE	ABALROAMENTO LONGITUDINAL	COLISAO ENTRE AUTO E MOTO COM UMA VITIMA	1	1								1		Longo da via	Bom	Não existe	Perfeito estado	Seca	Perfeito estado	Outros	Outras	""	Dupla	Faixa	""	""
10065	2018-11-23T00:00:00	12:57:00	SEM VÍTIMA	FINALIZADA	SANTO AMARO	AV CRUZ CABUGA	""	""	EM FRENTE A O SHOPPING TACARUNA	AV CRUZ CABUGA	""	EM FRENTE A O SHOPPING TACARUNA	SANTO AMARO	468	CIDADE	COLISÃO TRASEIRA	SEM VITIMAS	3									0		Longo da via	Bom	Sem defeito	Não existente	Seca	Mal conservada	Não existe	Não há placas	""	Única	Não existe	""	""
10066	2018-11-23T00:00:00	13:13:00	SEM VÍTIMA	FINALIZADA	VÁRZEA	AV AFONSO OLINDENSE	1716	""	EM FRENTE A SECRETARIA DE EDUCAÇAO	AV AFONSO OLINDENSE	1716	EM FRENTE A SECRETARIA DE EDUCAÇAO	VÁRZEA		SUBURBIO	COLISÃO TRASEIRA	DOIS AUTOS	2									0		Longo da via	Bom	Não existe	Incompleta	Seca	Mal conservada	Outros	Outras	60 km/h	Dupla	Faixa contínua	""	""
10067	2018-11-23T00:00:00	13:15:00	SEM VÍTIMA	CANCELADA	CASA FORTE	AV DEZESSETE DE AGOSTO	""	""	E/F A MC DONALD AO LADO DO POSTO PETROBRAS	AV DEZESSETE DE AGOSTO	""	E/F A MC DONALD AO LADO DO POSTO PETROBRAS	CASA FORTE		""	COLISÃO	COLISAO ENTRE DOIS AUTOS S/V	2									0		""	""	""	""	""	""	""	""	""	""	""	""	""
10068	2018-11-23T00:00:00	13:17:00	SEM VÍTIMA	FINALIZADA	BONGI	RUA SANTA EDWIRGES	187	RUA PADRE TEOFILO TWORZ	POR TRÁS DA ENGEFRIO E AO LADO DA REGULEX	RUA SANTA EDWIRGES	187	POR TRÁS DA ENGEFRIO E AO LADO DA REGULEX	BONGI		""	COLISÃO	SEM VITIMAS	2									0		""	""	""	""	""	""	""	""	""	""	""	""	""
10069	2018-11-23T00:00:00	13:43:00	SEM VÍTIMA	FINALIZADA	ILHA DO RETIRO	RUA SPORT CLUBE DO RECIFE	""	""	EM FRENTE AO SPORT	RUA SPORT CLUBE DO RECIFE	""	EM FRENTE AO SPORT	ILHA DO RETIRO		""	ABALROAMENTO TRANSVERSAL	SEM VITMAS	1						1			0		Longo da via	Bom	Não existe	Não existente	Seca	Perfeito estado	Não existe	Não há placas	""	Dupla	Canteiro central	""	""
10070	2018-11-23T00:00:00	13:46:00	SEM VÍTIMA	FINALIZADA	ESPINHEIRO	RUA DA HORA	199	""	CASA DO PARÁ	RUA DA HORA	199	CASA DO PARÁ	ESPINHEIRO	134	SUBURBIO	ABALROAMENTO LONGITUDINAL	AUTO E ONIBUS 	1					1				0		Longo da via	Bom	Sem defeito	Perfeito estado	Seca	Perfeito estado	Não existe	Outras	""	Única	Faixa seccionada	""	""
10071	2018-11-23T00:00:00	13:59:00	SEM VÍTIMA	CANCELADA	IMBIRIBEIRA	AV MARECHAL MASCARENHAS DE MORAES	2183	""	EM FRENTE AO BANCO DO BRASIL S/T CID	AV MARECHAL MASCARENHAS DE MORAES	2183	EM FRENTE AO BANCO DO BRASIL S/T CID	IMBIRIBEIRA		CIDADE	COLISÃO	SEM VITIMAS VEÍCULO ,CBTU	1						1			0		""	""	""	""	""	""	""	""	""	""	""	""	""
10072	2018-11-23T00:00:00	14:13:00	SEM VÍTIMA	FINALIZADA	VÁRZEA	AV CAXANGA	5671	RUA RODRIGUES FERREIRA	EM FRENTE AO EDF PARQUE RESIDENCIAL CAXANGÁ	AV CAXANGA	5671	EM FRENTE AO EDF PARQUE RESIDENCIAL CAXANGÁ	VÁRZEA	232	CI	ABALROAMENTO LONGITUDINAL	AUTO E CAMINHAO S/V	1						1			0		Longo da via	Bom	Sem defeito	Perfeito estado	Seca	Perfeito estado	Outros	Não há placas	60 km/h	Dupla	Canteiro central	""	""
10073	2018-11-23T00:00:00	14:16:00	SEM VÍTIMA	FINALIZADA	JARDIM SÃO PAULO	RUA DR METODIO MARANHAO	325	RUA ARLINDO SA	""	RUA DR METODIO MARANHAO	325	""	JARDIM SÃO PAULO		CIDADE	ABALROAMENTO TRANSVERSAL	SEM VITIMAS.	2									0		Cruzamento	Bom	Não existe	Não existente	Seca	Perfeito estado	Não existe	Outras	""	Dupla	Não existe	""	""
10074	2018-11-23T00:00:00	15:34:00	SEM VÍTIMA	FINALIZADA	ESPINHEIRO	RUA DA HORA	""	RUA NICARAGUA	E/F RESTAURANTE GUSTTOS	RUA DA HORA	""	E/F RESTAURANTE GUSTTOS	ESPINHEIRO		SUBURBIO	ABALROAMENTO LONGITUDINAL	COLISA ENTRE ONIBUS E AUTO S/V	1					1				0		Cruzamento	Bom	Não existe	Perfeito estado	Seca	Perfeito estado	Não existe	Não há placas	""	Única	Faixa seccionada	""	""
10075	2018-11-23T00:00:00	15:56:00	SEM VÍTIMA	FINALIZADA	CASA FORTE	AV DEZESSETE DE AGOSTO	1161	RUA DO CHACON	E/F DELTA CAFE	AV DEZESSETE DE AGOSTO	1161	E/F DELTA CAFE	CASA FORTE		""	ABALROAMENTO LONGITUDINAL	COLISAO ENTRE DOIS AUTOS S/V	2									0		Longo da via	Bom	Não existe	Não existente	Seca	Perfeito estado	Não existe	""	20 km/h	Única	Não existe	""	""
10076	2018-11-23T00:00:00	16:28:00	SEM VÍTIMA	FINALIZADA	GRAÇAS	RUA DAS PERNAMBUCANAS	""	""	EM FRENTE A PADARIA PAO E VINHO, PROX. AO JAIME DA FONTE	RUA DAS PERNAMBUCANAS	""	EM FRENTE A PADARIA PAO E VINHO, PROX. AO JAIME DA FONTE	GRAÇAS		""	COLISÃO	DOIS AUTOS S/V	2									0		""	""	""	""	""	""	""	""	""	""	""	""	""
10077	2018-11-23T00:00:00	16:45:00	SEM VÍTIMA	FINALIZADA	DOIS IRMÃOS	RUA MANUEL DE MEDEIROS	""	""	E/F A BIBLIOTECA CENTRAL DA URPE	RUA MANUEL DE MEDEIROS	""	E/F A BIBLIOTECA CENTRAL DA URPE	DOIS IRMÃOS		""	ABALROAMENTO TRANSVERSAL	COLISAO ENTRE MOTO E AUTO S/V	1	1								0		Longo da via	Bom	Não existe	Não existente	Seca	Perfeito estado	Não existe	Não há placas	""	Dupla	Não existe	""	""
10078	2018-11-23T00:00:00	16:49:00	SEM VÍTIMA	FINALIZADA	BOA VIAGEM	RUA BARAO DE SOUZA LEAO	698	""	COLÉGIO SANTOS DUMONT	RUA BARAO DE SOUZA LEAO	698	COLÉGIO SANTOS DUMONT	BOA VIAGEM	159	""	ABALROAMENTO LONGITUDINAL	SEM VITIMAS	1					1				0		Longo da via	Bom	Sem defeito	Perfeito estado	Seca	Perfeito estado	Faixa de pedestre	Outras	60 km/h	Única	Faixa seccionada	""	""
10079	2018-11-23T00:00:00	16:55:00	SEM VÍTIMA	FINALIZADA	CABANGA	RUA GENERAL ESTILAC LEAL	31	""	EM FRENTE AO DEPOSITO DE SUPRIMENTO DO EXERCITO	RUA GENERAL ESTILAC LEAL	31	EM FRENTE AO DEPOSITO DE SUPRIMENTO DO EXERCITO	CABANGA		SUBURBIO	COLISÃO TRASEIRA	SEM VITIMAS	2									0		Longo da via	Bom	Não existe	Não existente	Seca	Perfeito estado	Não existe	Não há placas	40 km/h	Dupla	Não existe	""	""
10080	2018-11-23T00:00:00	16:56:00	SEM VÍTIMA	FINALIZADA	ESTÂNCIA	AV RECIFE	""	""	APÓS O MAKRO SENTIDO BR	AV RECIFE	""	APÓS O MAKRO SENTIDO BR	ESTÂNCIA		SUBURBIO	COLISÃO TRASEIRA	COLISAO ENTRE TRES AUTOS S/V	3									0		Longo da via	Bom	Não existe	Perfeito estado	Seca	Perfeito estado	Não existe	Não há placas	""	Única	Canteiro central	""	""
10081	2018-11-23T00:00:00	17:15:00	COM VÍTIMA	FINALIZADA	MADALENA	RUA JOSE OSORIO	""	AV VISCONDE DE ALBUQUERQUE	""	RUA JOSE OSORIO	""	""	MADALENA	50	SUBURBIO	ABALROAMENTO LONGITUDINAL	AUTO E MOTO C/V	1	1								1		Cruzamento	Bom	Sem defeito	Perfeito estado	Seca	Perfeito estado	Faixa de retenção	R-6a	50 km/h	Única	Faixa	""	""
10082	2018-11-23T00:00:00	17:24:00	SEM VÍTIMA	FINALIZADA	AFOGADOS	RUA COSME VIANA	""	""	""	RUA COSME VIANA	""	""	AFOGADOS	430	CIDADE	ABALROAMENTO TRANSVERSAL	SEM VITIMAS	1	1								0		Longo da via	Bom	Sem defeito	Perfeito estado	Seca	Perfeito estado	Faixa de pedestre	Outras	60 km/h	Única	Faixa contínua	""	""
10083	2018-11-23T00:00:00	17:25:00	SEM VÍTIMA	FINALIZADA	ILHA DO LEITE	RUA GENERAL JOAQUIM INACIO	""	""	E/F A FARMACIA INDEPENDENE AO LADO DO BANCO SAFRA	RUA GENERAL JOAQUIM INACIO	""	E/F A FARMACIA INDEPENDENE AO LADO DO BANCO SAFRA	ILHA DO LEITE		SUBURBIO	ABALROAMENTO LONGITUDINAL	""	2									0		Longo da via	Bom	Sem defeito	Perfeito estado	Seca	Perfeito estado	""	R-6a	""	Única	Faixa contínua	""	""
10084	2018-11-23T00:00:00	17:29:00	SEM VÍTIMA	FINALIZADA	ENCRUZILHADA	RUA AMARO COUTINHO	474	""	""	RUA AMARO COUTINHO	474	""	ENCRUZILHADA		SUBURBIO	CHOQUE VEÍCULO PARADO	QUATRO VEICULOS	4									0		Longo da via	Bom	Não existe	Perfeito estado	Seca	Perfeito estado	Não existe	Não há placas	""	Dupla	Não existe	""	""
10085	2018-11-23T00:00:00	17:43:00	SEM VÍTIMA	FINALIZADA	BARRO	AV DR JOSE RUFINO	2203	""	""	AV DR JOSE RUFINO	2203	""	BARRO		CIDADE	ABALROAMENTO TRANSVERSAL	AUTO E CAMINHAO	1						1			0		Longo da via	Bom	Não existe	Não existente	Seca	Perfeito estado	Não existe	Não há placas	""	Dupla	Faixa contínua	""	""
10086	2018-11-23T00:00:00	17:48:00	COM VÍTIMA	FINALIZADA	ILHA DO LEITE	AV GOVERNADOR AGAMENON MAGALHAES	4575	""	E/F AO HOSPITAL PORTUGUES PISTA LOCAL S/T OLINDA, EMPRESARIAL NASSAU	AV GOVERNADOR AGAMENON MAGALHAES	4575	E/F AO HOSPITAL PORTUGUES PISTA LOCAL S/T OLINDA, EMPRESARIAL NASSAU	ILHA DO LEITE		SUBURBIO	COLISÃO TRASEIRA	COLISAO ENTRE DUAS MOTOS E DOIS AUTOS E UM CAMINHAO GM NO LOCAL	3	2					1			2		Longo da via	Bom	Sem defeito	Perfeito estado	Seca	Perfeito estado	Outros	Outras	60 km/h	Dupla	Faixa	""	""
10087	2018-11-23T00:00:00	18:20:00	COM VÍTIMA	FINALIZADA	TEJIPIÓ	AV LIBERDADE	743	""	ENF A IGREJA BIBLICA LIBERDADE	AV LIBERDADE	743	ENF A IGREJA BIBLICA LIBERDADE	TEJIPIÓ		SUBURBIO	ABALROAMENTO TRANSVERSAL	AUTO E MOTO	1	1								1		Longo da via	Bom	Não existe	Perfeito estado	Seca	Mal iluminada	Não existe	Não há placas	""	Dupla	Faixa contínua	""	""
10088	2018-11-23T00:00:00	18:22:00	SEM VÍTIMA	FINALIZADA	SANTO ANTÔNIO	PTE PRINCESA IZABEL	""	""	SOBRE A PONTE	PTE PRINCESA IZABEL	""	SOBRE A PONTE	SANTO ANTÔNIO		CIDADE	COLISÃO TRASEIRA	FOX X MOTO X CICLISTA	1	1		1						0		Longo da via	Bom	Sem defeito	Perfeito estado	Seca	Perfeito estado	Outros	Não há placas	""	Dupla	Faixa	""	""
10089	2018-11-23T00:00:00	18:25:00	COM VÍTIMA	FINALIZADA	BOA VISTA	AV CONDE DA BOA VISTA	""	""	ENF A FACULDADE SAO MIGUEL	AV CONDE DA BOA VISTA	""	ENF A FACULDADE SAO MIGUEL	BOA VISTA		SUBURBIO	COLISÃO COM CICLISTA	MOTO X CICLISTA		1		1						2		Longo da via	Bom	Não existe	Perfeito estado	Seca	Perfeito estado	Não existe	Não há placas	""	Dupla	Faixa	""	""
10090	2018-11-23T00:00:00	18:48:00	SEM VÍTIMA	FINALIZADA	AREIAS	AV RECIFE	604	""	""	AV RECIFE	604	""	AREIAS		SUBURBIO	ABALROAMENTO LONGITUDINAL	ENTRRE VT E CAMINHÃO. S/V	1						1			0		Longo da via	Bom	Sem defeito	Perfeito estado	Seca	Perfeito estado	Faixa de pedestre	Não há placas	""	Única	Faixa seccionada	""	""
10091	2018-11-23T00:00:00	19:25:00	COM VÍTIMA	FINALIZADA	SÃO JOSÉ	AV DANTAS BARRETO	""	""	PRÓX AO BRADESCO / E/F AO EDF SÃO RAFAEL, SNT CENTRO	AV DANTAS BARRETO	""	PRÓX AO BRADESCO / E/F AO EDF SÃO RAFAEL, SNT CENTRO	SÃO JOSÉ	54	SUBURBIO	ATROPELAMENTO	ENTRE ÕNIBUS E PEDTRES. C/V					1	1				1		Cruzamento	Bom	Sem defeito	Perfeito estado	Seca	Perfeito estado	Faixa de pedestre	Outras	""	Dupla	Faixa	""	""
10092	2018-11-23T00:00:00	19:26:00	SEM VÍTIMA	CANCELADA	TORRE	RUA PADRE LANDIM	107	RUA DOM MANOEL DA COSTA	PROX A ESCOLA MUNICIPAL PAROQUIAL CRISTO REI	RUA PADRE LANDIM	107	PROX A ESCOLA MUNICIPAL PAROQUIAL CRISTO REI	TORRE		""	COLISÃO	CAMINHONETA X TAXI	2									0		""	""	""	""	""	""	""	""	""	""	""	""	""
10093	2018-11-23T00:00:00	19:46:00	SEM VÍTIMA	FINALIZADA	JOANA BEZERRA	VIADUTO CAPITAO TEMUDO	""	""	FÓRUM RODOLFO AURELIANO	VIADUTO CAPITAO TEMUDO	""	FÓRUM RODOLFO AURELIANO	JOANA BEZERRA		CIDADE	ABALROAMENTO LONGITUDINAL	ONIBUS X GOL	1					1				0		Viaduto	Bom	Não existe	Perfeito estado	Seca	Perfeito estado	Não existe	Não há placas	""	Dupla	Faixa seccionada	""	""
10094	2018-11-23T00:00:00	21:58:00	SEM VÍTIMA	FINALIZADA	TORRE	RUA JOSE BONIFACIO	""	""	EM FRENTE AO POSTE DE ILUMINAÇÃO EO 7827	RUA JOSE BONIFACIO	""	EM FRENTE AO POSTE DE ILUMINAÇÃO EO 7827	TORRE		SUBURBIO	ABALROAMENTO LONGITUDINAL	HRV X ASX	2									0		Longo da via	Bom	Não existe	Perfeito estado	Seca	Perfeito estado	Não existe	Não há placas	""	Dupla	Canteiro central	""	""
10095	2018-11-23T00:00:00	21:59:00	SEM VÍTIMA	FINALIZADA	ARRUDA	AV BEBERIBE	""	RUA DAS MOCAS	E/F AO ESTADIO DO ARRUDA E ARMAZÉM CORAL	AV BEBERIBE	""	E/F AO ESTADIO DO ARRUDA E ARMAZÉM CORAL	ARRUDA		CIDADE	ABALROAMENTO LONGITUDINAL	ENTRE 2 AUTOS. S/V	2									0		Cruzamento	Bom	Não existe	Perfeito estado	Seca	Perfeito estado	Não existe	R-6a	""	Dupla	Faixa contínua	""	""
10096	2018-11-23T00:00:00	22:36:00	SEM VÍTIMA	FINALIZADA	BOA VIAGEM	RUA PADRE BERNADINO PESSOA	""	RUA DOS NAVEGANTES	""	RUA PADRE BERNADINO PESSOA	""	""	BOA VIAGEM		SUBURBIO	ABALROAMENTO TRANSVERSAL	ENTRE VTS. S/V								2		0		Cruzamento	Bom	Não existe	Incompleta	Seca	Perfeito estado	Não existe	"Placas ""Pare"""	""	Única	Não existe	""	""
10097	2018-11-23T00:00:00	23:05:00	SEM VÍTIMA	CANCELADA	GRAÇAS	AV GOVERNADOR AGAMENON MAGALHAES	""	""	NO ESTACIONAMENTO DA MEC DONALD´S E PROX AO CLUB PORTUGUES	AV GOVERNADOR AGAMENON MAGALHAES	""	NO ESTACIONAMENTO DA MEC DONALD´S E PROX AO CLUB PORTUGUES	GRAÇAS		""	COLISÃO	FOX X CLASSIC	2									0		""	""	""	""	""	""	""	""	""	""	""	""	""
10098	2018-11-24T00:00:00	00:22:00	SEM VÍTIMA	FINALIZADA	BOA VIAGEM	AV CONSELHEIRO AGUIAR	""	RUA BRUNO VELOSO	""	AV CONSELHEIRO AGUIAR	""	""	BOA VIAGEM		CIDADE	ABALROAMENTO TRANSVERSAL	ENTRE DOIS AUTO	2									0		Cruzamento	Bom	Intermitente	Perfeito estado	Seca	Perfeito estado	Faixa de pedestre	R-6a	""	Única	Faixa seccionada	""	""
10099	2018-11-24T00:00:00	01:50:00	SEM VÍTIMA	FINALIZADA	DERBY	AV GOVERNADOR AGAMENON MAGALHAES	""	RUA JOAQUIM NABUCO	EM FRENTE AO HOSPITAL DA RESTAURAÇÃO	AV GOVERNADOR AGAMENON MAGALHAES	""	EM FRENTE AO HOSPITAL DA RESTAURAÇÃO	DERBY		""	COLISÃO TRASEIRA	ENTRE DOIS AUTO	2									0		Cruzamento	Chuvoso	Sem defeito	Perfeito estado	Molhada	Perfeito estado	Não existe	Não há placas	""	Dupla	Canteiro central	""	""
10100	2018-11-24T00:00:00	03:08:00	COM VÍTIMA	FINALIZADA	SANTO AMARO	AV GOVERNADOR AGAMENON MAGALHAES	""	""	EM FRENTE AO 13º BATALHÃO, SENTIDO OLINDA // PRÓX AO POSTO DISLUB	AV GOVERNADOR AGAMENON MAGALHAES	""	EM FRENTE AO 13º BATALHÃO, SENTIDO OLINDA // PRÓX AO POSTO DISLUB	SANTO AMARO	378	SUBURBIO	ATROPELAMENTO	ATROPELAMENTO DE CICLISTA. COM VÍTIMA.	1				1					1		Longo da via	Chuvoso	Sem defeito	Perfeito estado	Molhada	Perfeito estado	Faixa de pedestre	""	60 km/h	Única	Faixa seccionada	""	""
10101	2018-11-24T00:00:00	06:57:00	SEM VÍTIMA	FINALIZADA	CORDEIRO	AV CAXANGA	2363	""	EM FRENTE A EXPOSIÇAO DE ANIMAIS	AV CAXANGA	2363	EM FRENTE A EXPOSIÇAO DE ANIMAIS	CORDEIRO		CIDADE	COLISÃO TRASEIRA	DOIS AUTOS	2									0		Longo da via	Bom	Sem defeito	Perfeito estado	Molhada	Perfeito estado	Não existe	Não há placas	60 km/h	Dupla	Faixa seccionada	""	""
10102	2018-11-24T00:00:00	09:35:00	SEM VÍTIMA	FINALIZADA	SÃO JOSÉ	C SANTA RITA	""	""	E/F AO EDF. PIER MAURICIO DE NASSAU	C SANTA RITA	""	E/F AO EDF. PIER MAURICIO DE NASSAU	SÃO JOSÉ		CIDADE	ABALROAMENTO LONGITUDINAL	SE,M VÍTIMAS.	1						1			0		Longo da via	Chuvoso	Não existe	Perfeito estado	Molhada	Perfeito estado	""	Outras	""	Dupla	Canteiro central	""	""
10103	2018-11-24T00:00:00	09:38:00	SEM VÍTIMA	FINALIZADA	CASA AMARELA	RUA CIANORTE	61	""	EM FRENTE A RESIDÊNCIA Nº 61	RUA CIANORTE	61	EM FRENTE A RESIDÊNCIA Nº 61	CASA AMARELA		""	CHOQUE VEÍCULO PARADO	SEM VITIMAS	1						1			0		Longo da via	Chuvoso	Não existe	Não existente	Molhada	Mal conservada	Não existe	Não há placas	""	Dupla	""	""	""