_id	DATA	hora	natureza_acidente	situacao	bairro	endereco	numero	detalhe_endereco_acidente	complemento	endereco_cruzamento	numero_cruzamento	referencia_cruzamento	bairro_cruzamento	num_semaforo	sentido_via	tipo	descricao	auto	moto	ciclom	ciclista	pedestre	onibus	caminhao	viatura	outros	vitimas	vitimasfatais	acidente_verificado	tempo_clima	situacao_semaforo	sinalizacao	condicao_via	conservacao_via	ponto_controle	situacao_placa	velocidade_max_via	mao_direcao	divisao_via1	divisao_via2	divisao_via3
10213	2018-11-27T00:00:00	13:02:00	SEM VÍTIMA	FINALIZADA	BOA VIAGEM	RUA ERNESTO DE PAULA SANTOS	""	RUA AMALIA BERNARDINO DE SOUZA	""	RUA ERNESTO DE PAULA SANTOS	""	""	BOA VIAGEM		SUBURBIO	ABALROAMENTO TRANSVERSAL	COLISAO ENTRE AUTO E MOTO S/V	1	1								0		Cruzamento	Chuvoso	Não existe	Incompleta	Molhada	Perfeito estado	Outros	Outras	""	Única	Faixa seccionada	""	""
10214	2018-11-27T00:00:00	13:09:00	SEM VÍTIMA	CANCELADA	DERBY	RUA FELICIANO GOMES	142	""	POR TRAS DO BANCO BRADESCO	RUA FELICIANO GOMES	142	POR TRAS DO BANCO BRADESCO	DERBY		""	COLISÃO	DOIS AUTOS	2									0		""	""	""	""	""	""	""	""	""	""	""	""	""
10215	2018-11-27T00:00:00	13:19:00	SEM VÍTIMA	FINALIZADA	AFOGADOS	RUA CRUCILANDIA	687	""	AO LADO DO CLUBE VASSOURINHAS	RUA CRUCILANDIA	687	AO LADO DO CLUBE VASSOURINHAS	AFOGADOS		""	COLISÃO	DOIS AUTOS	2									0		""	""	""	""	""	""	""	""	""	""	""	""	""
10216	2018-11-27T00:00:00	13:27:00	COM VÍTIMA	FINALIZADA	CAMPO GRANDE	RUA PROFESSOR FRANCISCO DA TRINDADE	""	""	ANTES DO CLUBE DAS PÁS NO FNAL DA RUA	RUA PROFESSOR FRANCISCO DA TRINDADE	""	ANTES DO CLUBE DAS PÁS NO FNAL DA RUA	CAMPO GRANDE		""	ABALROAMENTO LONGITUDINAL	COLISÃO ENTRE AUTO, MOTO E CAMINHÃO.	1	1					1			2		Longo da via	Bom	""	Perfeito estado	Seca	Perfeito estado	Não existe	Não há placas	""	Dupla	Faixa	""	""
10217	2018-11-27T00:00:00	13:29:00	SEM VÍTIMA	FINALIZADA	AREIAS	AV DR JOSE RUFINO	1312	""	""	AV DR JOSE RUFINO	1312	""	AREIAS		SUBURBIO	ABALROAMENTO LONGITUDINAL	CARRO OFICIAl EXERCITO E AUTO	2									0		Longo da via	Chuvoso	Não existe	Perfeito estado	Molhada	Perfeito estado	Não existe	R-6a	""	Dupla	Faixa contínua	""	""
10218	2018-11-27T00:00:00	14:15:00	SEM VÍTIMA	CANCELADA	JOANA BEZERRA	AV BEIRA RIO	""	""	EM FRENTE A ACADEMIA DA CIDADE	AV BEIRA RIO	""	EM FRENTE A ACADEMIA DA CIDADE	JOANA BEZERRA		""	COLISÃO	COLISÃO SEM VÍTIMA	1	1								0		""	""	""	""	""	""	""	""	""	""	""	""	""
10219	2018-11-27T00:00:00	14:32:00	SEM VÍTIMA	CANCELADA	CASA AMARELA	AV PEDRO ALLAIN	54	""	AO LADO DO SUPERMERCADO KANELA	AV PEDRO ALLAIN	54	AO LADO DO SUPERMERCADO KANELA	CASA AMARELA		""	COLISÃO	DOIS AUTOS	2									0		""	""	""	""	""	""	""	""	""	""	""	""	""
10220	2018-11-27T00:00:00	15:58:00	SEM VÍTIMA	FINALIZADA	SANTO AMARO	RUA DOS PALMARES	""	""	""	RUA DOS PALMARES	""	""	SANTO AMARO		""	ABALROAMENTO LONGITUDINAL	CAMINHÃO E AUTO GM NO LOCAL	1						1			0		Longo da via	Chuvoso	""	Perfeito estado	Molhada	Perfeito estado	""	""	40 km/h	Única	""	""	""
10221	2018-11-27T00:00:00	16:35:00	SEM VÍTIMA	FINALIZADA	IMBIRIBEIRA	RUA CORONEL FABRICIANO	""	""	EM FRENTE A ESTAÇÃO TANCREDO NEVES	RUA CORONEL FABRICIANO	""	EM FRENTE A ESTAÇÃO TANCREDO NEVES	IMBIRIBEIRA		CIDADE	ABALROAMENTO TRANSVERSAL	ONIBUS E AUTO	1					1				0		""	Chuvoso	Não existe	Incompleta	Molhada	Perfeito estado	""	Não há placas	""	Única	""	""	""
10222	2018-11-27T00:00:00	17:24:00	SEM VÍTIMA	FINALIZADA	PINA	AV ENGENHEIRO DOMINGOS FERREIRA	149	""	""	AV ENGENHEIRO DOMINGOS FERREIRA	149	""	PINA		SUBURBIO	ABALROAMENTO LONGITUDINAL	ONIBUS E AUTO	1					1				0		Longo da via	Chuvoso	Não existe	Perfeito estado	Molhada	Perfeito estado	""	Não há placas	60 km/h	Única	Canteiro central	""	""
10223	2018-11-27T00:00:00	17:24:00	SEM VÍTIMA	FINALIZADA	BOA VIAGEM	RUA DEZ DE JULHO	""	AV VINTE DE JANEIRO	""	RUA DEZ DE JULHO	""	""	BOA VIAGEM	572	SUBURBIO	ABALROAMENTO LONGITUDINAL	COLISAO ENTRE DOIS ONIBUS S/V						2				0		Cruzamento	Chuvoso	Sem defeito	Perfeito estado	Molhada	Perfeito estado	Não existe	Não há placas	""	Única	Faixa seccionada	""	""
10224	2018-11-27T00:00:00	18:00:00	SEM VÍTIMA	FINALIZADA	BOA VIAGEM	RUA PROFESSOR ARNALDO CARNEIRO LEAO	""	RUA ANTONIO FALCAO	PROX JAIRO ROCHA IMOBILIARIA	RUA PROFESSOR ARNALDO CARNEIRO LEAO	""	PROX JAIRO ROCHA IMOBILIARIA	BOA VIAGEM		SUBURBIO	COLISÃO FRONTAL	HB 20 X MOTO	1	1								0		Longo da via	Bom	Não existe	Perfeito estado	Seca	Perfeito estado	Outros	Outras	60 km/h	Dupla	Outros	""	""
10225	2018-11-27T00:00:00	18:19:00	COM VÍTIMA	FINALIZADA	AFOGADOS	RUA JOAO IVO DA SILVA	""	""	FIORI	RUA JOAO IVO DA SILVA	""	FIORI	AFOGADOS		SUBURBIO	COLISÃO TRASEIRA	COLISÃO COM VITIMA/ AGUARDANDO ATENDIMENTO NO LOCAL	1	1								1		Longo da via	Bom	Não existe	Incompleta	Seca	Mal iluminada	Não existe	Outras	""	Única	Faixa seccionada	""	""
10226	2018-11-27T00:00:00	18:50:00	SEM VÍTIMA	FINALIZADA	PAISSANDU	AV GOVERNADOR AGAMENON MAGALHAES	""	""	EMPRESARIAL THOMAS EDSON	AV GOVERNADOR AGAMENON MAGALHAES	""	EMPRESARIAL THOMAS EDSON	PAISSANDU		CIDADE	COLISÃO TRASEIRA	COLISÃO SEM VITIMA	2									0		Longo da via	Bom	Sem defeito	Perfeito estado	Seca	Perfeito estado	Outros	"Placas ""Pare"""	""	Dupla	Faixa seccionada	""	""
10227	2018-11-27T00:00:00	19:01:00	SEM VÍTIMA	CANCELADA	BOA VIAGEM	RUA BARAO DE AGUA BRANCA	160	RUA DUQUE ESTRADA	PROX A POUSADA SOL E MAR	RUA BARAO DE AGUA BRANCA	160	PROX A POUSADA SOL E MAR	BOA VIAGEM		""	COLISÃO	TOYOTA COROLA X TOYTA ETIOS	2									0		""	""	""	""	""	""	""	""	""	""	""	""	""
10228	2018-11-27T00:00:00	22:06:00	SEM VÍTIMA	FINALIZADA	PINA	PTE GOVERNADOR PAULO GUERRA	""	""	SENTIDO RIOMAR	PTE GOVERNADOR PAULO GUERRA	""	SENTIDO RIOMAR	PINA		SUBURBIO	ABALROAMENTO LONGITUDINAL	DOIS AUTO	2									0		Longo da via	Bom	Não existe	Perfeito estado	Seca	Perfeito estado	Outros	Outras	""	Única	Faixa seccionada	""	""
10229	2018-11-27T00:00:00	22:30:00	COM VÍTIMA	FINALIZADA	JARDIM SÃO PAULO	RUA LEANDRO BARRETO	""	RUA LORENA	POSTO DA CELPE Nº B07160D	RUA LEANDRO BARRETO	""	POSTO DA CELPE Nº B07160D	JARDIM SÃO PAULO		SUBURBIO	COLISÃO COM CICLISTA	ONIBUS X CICLISTA				1		1				1		Longo da via	Bom	Não existe	Ilegível	Seca	Mal iluminada	Não existe	Não há placas	30 km/h	Dupla	Canteiro central	""	""
10230	2018-11-28T00:00:00	06:40:00	SEM VÍTIMA	FINALIZADA	ESPINHEIRO	RUA QUARENTA E OITO	""	RUA CONS PORTELA	""	RUA QUARENTA E OITO	""	""	ESPINHEIRO	11	CIDA	ABALROAMENTO LONGITUDINAL	SEM VITIMAS	2									0		Cruzamento	Bom	Sem defeito	Perfeito estado	Seca	Perfeito estado	""	Não há placas	40 km/h	Única	Faixa seccionada	""	""
10231	2018-11-28T00:00:00	06:42:00	SEM VÍTIMA	FINALIZADA	BOA VISTA	AV GOVERNADOR AGAMENON MAGALHAES	""	AV JOAO DE BARROS	""	AV GOVERNADOR AGAMENON MAGALHAES	""	""	BOA VISTA		CIDADE	ABALROAMENTO LONGITUDINAL	COLISÃO SEM VITIMAS	1					1				0		Cruzamento	Bom	Sem defeito	Perfeito estado	Seca	Perfeito estado	Não existe	Não há placas	""	Única	Não existe	""	""
10232	2018-11-28T00:00:00	07:49:00	SEM VÍTIMA	FINALIZADA	ESPINHEIRO	RUA DO ESPINHEIRO	""	RUA SANTO ELIAS	""	RUA DO ESPINHEIRO	""	""	ESPINHEIRO		SUBURBIO	ABALROAMENTO TRANSVERSAL	COLISÃO SEM VITIMAS	2									0		Cruzamento	Bom	Sem defeito	Perfeito estado	Seca	Perfeito estado	Faixa de pedestre	Outras	30 km/h	Única	Outros	""	""
10233	2018-11-28T00:00:00	07:59:00	SEM VÍTIMA	FINALIZADA	ESPINHEIRO	RUA CONS PORTELA	""	RUA QUARENTA E OITO	""	RUA CONS PORTELA	""	""	ESPINHEIRO	11	SUBURBIO	ABALROAMENTO LONGITUDINAL	SEM VITIMAS ,CTTU NO LOCAL VT 08	1	1								0		Cruzamento	Bom	Sem defeito	Perfeito estado	Seca	Perfeito estado	""	Não há placas	40 km/h	Única	Faixa seccionada	""	""
10234	2018-11-28T00:00:00	08:34:00	SEM VÍTIMA	FINALIZADA	""	RUA MONTE CASTELO	35	""	EM FRENTE AO POSTO IPIRANGA	RUA MONTE CASTELO	35	EM FRENTE AO POSTO IPIRANGA	""		SUBURBIO	ABALROAMENTO LONGITUDINAL	SEM VITIMAS ,ENTRE UM CARRO FORTE E UM AUTO PASSEIO	1							1		0		Longo da via	Bom	Sem defeito	Perfeito estado	Seca	Perfeito estado	""	Outras	""	Única	Faixa seccionada	""	""
10235	2018-11-28T00:00:00	09:33:00	SEM VÍTIMA	FINALIZADA	PINA	AV ANTONIO DE GOES	534	""	A LOJA DE VEÍCULOS DETROIT CAR	AV ANTONIO DE GOES	534	A LOJA DE VEÍCULOS DETROIT CAR	PINA	538	CIDADE	COLISÃO TRASEIRA	SEM VITIMAS	2									0		Longo da via	Bom	Sem defeito	Perfeito estado	Seca	Perfeito estado	Não existe	Outras	""	Única	Canteiro central	""	""
10236	2018-11-28T00:00:00	09:52:00	SEM VÍTIMA	FINALIZADA	MADALENA	EST DOS REMEDIOS	""	AV JOSE GONCALVES DE MEDEIROS	NO SEMAFORO 353	EST DOS REMEDIOS	""	NO SEMAFORO 353	MADALENA	353	CIDADE	ABALROAMENTO LONGITUDINAL	CAMINHÃO E AUTO GM PONTO FIXO	1						1			0		Longo da via	Bom	Sem defeito	Perfeito estado	Seca	Perfeito estado	Agente	Não há placas	""	Única	Faixa contínua	""	""
10237	2018-11-28T00:00:00	10:31:00	SEM VÍTIMA	FINALIZADA	SANTO AMARO	AV CRUZ CABUGA	""	""	E/F AO SHOPPING TACARUNA	AV CRUZ CABUGA	""	E/F AO SHOPPING TACARUNA	SANTO AMARO		CIDADE	COLISÃO	SEM VÍTIMAS	2									0		""	""	""	""	""	""	""	""	""	""	""	""	""
10238	2018-11-28T00:00:00	10:48:00	SEM VÍTIMA	FINALIZADA	AFLITOS	AV CONS ROSA E SILVA	502	""	APOS O HOSPITAL DO SERVIDOR EM FRENTE AO LAVA JATO AUTO BOX	AV CONS ROSA E SILVA	502	APOS O HOSPITAL DO SERVIDOR EM FRENTE AO LAVA JATO AUTO BOX	AFLITOS		""	COLISÃO	COLISÃO SEM VITIMAS	1					1				0		""	""	""	""	""	""	""	""	""	""	""	""	""
10239	2018-11-28T00:00:00	10:55:00	SEM VÍTIMA	FINALIZADA	IPSEP	RUA ITACARI	""	RUA ITAJAI	EM FRENTE A EMPRESA DE SEGURANÇA	RUA ITACARI	""	EM FRENTE A EMPRESA DE SEGURANÇA	IPSEP		""	ABALROAMENTO LONGITUDINAL	AUTO E MOTO	1	1								0		Longo da via	Bom	Não existe	Perfeito estado	Seca	Perfeito estado	Não existe	Outras	""	Única	Não existe	""	""
10240	2018-11-28T00:00:00	10:55:00	COM VÍTIMA	FINALIZADA	ESTÂNCIA	AV DR JOSE RUFINO	2059	""	EM FRENTE AO POSTO DE GASOLINA IPIRANGA	AV DR JOSE RUFINO	2059	EM FRENTE AO POSTO DE GASOLINA IPIRANGA	ESTÂNCIA		SUBURBIO	COLISÃO FRONTAL	COLISÃO COM VITIMA A ESPERA DO SAMU	1	1								1		Longo da via	Bom	Sem defeito	Perfeito estado	Seca	Perfeito estado	Faixa de pedestre	""	""	Dupla	Faixa	""	""
10241	2018-11-28T00:00:00	11:16:00	SEM VÍTIMA	FINALIZADA	ESPINHEIRO	AV CONS ROSA E SILVA	315	""	""	AV CONS ROSA E SILVA	315	""	ESPINHEIRO		SUBURBIO	ABALROAMENTO LONGITUDINAL	COLISÃO SEM VITIMAS	2									0		Longo da via	Bom	Sem defeito	Perfeito estado	Seca	Perfeito estado	Faixa de pedestre	Outras	""	Única	Faixa seccionada	""	""
10242	2018-11-28T00:00:00	11:17:00	SEM VÍTIMA	FINALIZADA	IMBIRIBEIRA	RUA MENDES JUNIOR	178	RUA ROCA SALES	""	RUA MENDES JUNIOR	178	""	IMBIRIBEIRA		SUBURBIO	ABALROAMENTO TRANSVERSAL	AUTO E CAMINHÃO	1						1			0		""	Bom	Não existe	Não existente	Seca	Perfeito estado	Não existe	Não há placas	""	Dupla	Não existe	""	""
10243	2018-11-28T00:00:00	11:45:00	SEM VÍTIMA	FINALIZADA	IMBIRIBEIRA	AV MARECHAL MASCARENHAS DE MORAES	440	""	EM FRENTE A LOJA SO ARTE	AV MARECHAL MASCARENHAS DE MORAES	440	EM FRENTE A LOJA SO ARTE	IMBIRIBEIRA		CIDADE	CHOQUE VEÍCULO PARADO	COLISÃO SEM VITIMAS	2									0		Longo da via	Bom	Não existe	Ilegível	Seca	Mal conservada	Não existe	Não há placas	""	Dupla	Faixa seccionada	""	""
10244	2018-11-28T00:00:00	12:23:00	SEM VÍTIMA	CANCELADA	GRAÇAS	RUA AMELIA	""	""	EM FRENTE AO COLEGIO AGNES	RUA AMELIA	""	EM FRENTE AO COLEGIO AGNES	GRAÇAS		""	COLISÃO	COLISÃO SEM VÍTIMA	1								1	0		""	""	""	""	""	""	""	""	""	""	""	""	""
10245	2018-11-28T00:00:00	12:43:00	SEM VÍTIMA	FINALIZADA	SANTO AMARO	AV GOVERNADOR AGAMENON MAGALHAES	""	""	EM FRENTE A JEEP	AV GOVERNADOR AGAMENON MAGALHAES	""	EM FRENTE A JEEP	SANTO AMARO		CIDADE	COLISÃO TRASEIRA	COLISÃO SEM VÍTIMA	3									0		Longo da via	Bom	Sem defeito	Perfeito estado	Seca	Perfeito estado	Não existe	Não há placas	""	Única	Faixa seccionada	""	""
10246	2018-11-28T00:00:00	13:39:00	SEM VÍTIMA	FINALIZADA	BOA VIAGEM	RUA ERNESTO DE PAULA SANTOS	""	RUA CORONEL ANIZIO RODRIGUES COELHO	""	RUA ERNESTO DE PAULA SANTOS	""	""	BOA VIAGEM		""	ABALROAMENTO TRANSVERSAL	COLISAO ENTRE DOIS AUTOS S/V	2									0		Cruzamento	Bom	Sem defeito	Perfeito estado	Seca	Perfeito estado	Outros	Outras	""	Única	Faixa seccionada	""	""
10247	2018-11-28T00:00:00	14:00:00	SEM VÍTIMA	FINALIZADA	ESPINHEIRO	RUA QUARENTA E OITO	""	RUA CONS PORTELA	""	RUA QUARENTA E OITO	""	""	ESPINHEIRO	11	CIDADE	ABALROAMENTO LONGITUDINAL	AUTO E ONIBUS	1					1				0		Cruzamento	Bom	Sem defeito	Perfeito estado	Seca	Perfeito estado	Outros	Outras	""	Única	Não existe	""	""
10248	2018-11-28T00:00:00	14:04:00	SEM VÍTIMA	FINALIZADA	DERBY	RUA HENRIQUE DIAS	""	""	EM FRENTE A FUNDAÇÃO JOAQUIM NABUCO	RUA HENRIQUE DIAS	""	EM FRENTE A FUNDAÇÃO JOAQUIM NABUCO	DERBY		CIDADE	ABALROAMENTO LONGITUDINAL	COLISÃO SEM VITIMA	2									0		Longo da via	Bom	Não existe	Perfeito estado	Seca	Perfeito estado	Não existe	Outras	""	Única	Canteiro central	""	""
10249	2018-11-26T00:00:00	14:12:00	SEM VÍTIMA	FINALIZADA	MADALENA	RUA DEMOCRITO DE SOUZA FILHO	335	""	EM FRENTE AO EMPRESARIAL GREEN TOWER	RUA DEMOCRITO DE SOUZA FILHO	335	EM FRENTE AO EMPRESARIAL GREEN TOWER	MADALENA		CIDADE	ABALROAMENTO TRANSVERSAL	DOIS AUTOS	2									0		Longo da via	Bom	Não existe	Perfeito estado	Seca	Perfeito estado	Não existe	R-6a	""	Única	Não existe	""	""
10250	2018-11-28T00:00:00	14:21:00	SEM VÍTIMA	FINALIZADA	VÁRZEA	AV CAXANGA	""	""	EM FRENTE AO POSTO SHELL / SENTIDO CAMARAGIBE	AV CAXANGA	""	EM FRENTE AO POSTO SHELL / SENTIDO CAMARAGIBE	VÁRZEA	568	SUBURBIO	COLISÃO TRASEIRA	COLISÃO SEM VÍTIMA	1	1								0		Longo da via	Bom	Sem defeito	Perfeito estado	Seca	Perfeito estado	Faixa de pedestre	Outras	""	Dupla	Canteiro central	""	""
10251	2018-11-28T00:00:00	16:06:00	SEM VÍTIMA	FINALIZADA	AFOGADOS	RUA DA PAZ	""	""	EM FRENTE ALUMIAÇO	RUA DA PAZ	""	EM FRENTE ALUMIAÇO	AFOGADOS		SUBURBIO	COLISÃO TRASEIRA	COLISÃO SEM VÍTIMA	2									0		Ponte	Bom	Sem defeito	Perfeito estado	Seca	Perfeito estado	Faixa de pedestre	R-6a	""	Única	Faixa seccionada	""	""
10252	2018-11-28T00:00:00	16:27:00	COM VÍTIMA	FINALIZADA	BOA VIAGEM	RUA VISCONDE DE JEQUITINHONHA	455	""	""	RUA VISCONDE DE JEQUITINHONHA	455	""	BOA VIAGEM		SUBURBIO	COLISÃO TRASEIRA	COLISAO ENTRE DOIS AUTOS S/V	1						1			1		Longo da via	Bom	Não existe	""	Seca	Perfeito estado	Não existe	Outras	60 km/h	Única	Canteiro central	""	""
10253	2018-11-28T00:00:00	17:48:00	SEM VÍTIMA	FINALIZADA	DERBY	AV GOVERNADOR AGAMENON MAGALHAES	""	""	EM FRENTE AO HOSPITAL DE RESTAURAÇÃO	AV GOVERNADOR AGAMENON MAGALHAES	""	EM FRENTE AO HOSPITAL DE RESTAURAÇÃO	DERBY		SUBURBIO	ABALROAMENTO LONGITUDINAL	JEEP X CAMINHAO REBOQUE DA PORTO SEG	1						1			0		Longo da via	Bom	Sem defeito	Perfeito estado	Seca	Perfeito estado	""	""	""	Dupla	Faixa seccionada	""	""
10254	2018-11-28T00:00:00	17:54:00	SEM VÍTIMA	FINALIZADA	MONTEIRO	EST DO ARRAIAL	""	AV DR EURICO CHAVES	""	EST DO ARRAIAL	""	""	MONTEIRO	107	""	ABALROAMENTO LONGITUDINAL	ÔNIBUS X AUTO S/V.	1					1				0		Longo da via	Bom	Não existe	Perfeito estado	Seca	Perfeito estado	Não existe	Outras	""	Única	Faixa seccionada	""	""
10255	2018-11-28T00:00:00	18:04:00	COM VÍTIMA	FINALIZADA	PINA	AV ANTONIO DE GOES	""	""	EM FRENTE AO DPRF	AV ANTONIO DE GOES	""	EM FRENTE AO DPRF	PINA		CIDADE	COLISÃO TRASEIRA	COLISÃO ENTRE DUAS MOTOCICLETAS COM VÍTIMAS		2								1		Longo da via	Bom	Não existe	Perfeito estado	Seca	Perfeito estado	""	Não há placas	""	Única	Canteiro central	""	""
10256	2018-11-28T00:00:00	18:07:00	COM VÍTIMA	FINALIZADA	BOA VIAGEM	RUA VISCONDE DE JEQUITINHONHA	""	""	POR TRÁS DO EDF. MAR MEDITERRÂNEO	RUA VISCONDE DE JEQUITINHONHA	""	POR TRÁS DO EDF. MAR MEDITERRÂNEO	BOA VIAGEM		SUBURBIO	CAPOTAMENTO	AUTO	1									1		Longo da via	Bom	Não existe	Não existente	Seca	Perfeito estado	Não existe	Não há placas	""	Única	Canteiro central	""	""
10257	2018-11-28T00:00:00	18:15:00	COM VÍTIMA	FINALIZADA	TORRE	AV BEIRA RIO	""	""	RUA MARCOS ANDRE	AV BEIRA RIO	""	RUA MARCOS ANDRE	TORRE		SUBURBIO	ABALROAMENTO TRANSVERSAL	COROLA X BROSS	1	1								1		Longo da via	Bom	Não existe	Perfeito estado	Seca	Perfeito estado	Não existe	Não há placas	""	Dupla	Faixa contínua	""	""
10258	2018-11-28T00:00:00	19:20:00	SEM VÍTIMA	FINALIZADA	AFOGADOS	EST DOS REMEDIOS	""	EST DO BONGI	""	EST DOS REMEDIOS	""	""	AFOGADOS	394	CIDADE	ABALROAMENTO LONGITUDINAL	AUTO X MOTO S/V	1	1								0		Longo da via	Bom	Sem defeito	Perfeito estado	Seca	Perfeito estado	Faixa de pedestre	Não há placas	""	Única	Faixa seccionada	""	""
10259	2018-11-28T00:00:00	20:08:00	COM VÍTIMA	FINALIZADA	SÃO JOSÉ	RUA DO PEIXOTO	874	RUA DA CONCORDIA	EM FRENTE À CAMPOSFRIO REFRIGERAÇÃO	RUA DO PEIXOTO	874	EM FRENTE À CAMPOSFRIO REFRIGERAÇÃO	SÃO JOSÉ	182	SUBURBIO	COLISÃO COM CICLISTA	ÔNIBUS X CICLISTA				1		1				1		Cruzamento	Bom	Sem defeito	Perfeito estado	Seca	Perfeito estado	""	R-6a	""	Única	Não existe	""	""
10260	2018-11-28T00:00:00	21:15:00	SEM VÍTIMA	FINALIZADA	SANTO AMARO	AV CRUZ CABUGA	165	""	EM FRENTE À IGREJA ASSEMBLÉIA DE DEUS	AV CRUZ CABUGA	165	EM FRENTE À IGREJA ASSEMBLÉIA DE DEUS	SANTO AMARO	523	CIDADE	COLISÃO TRASEIRA	ENTRE AUTOS S/V.	2									0		Longo da via	Bom	Sem defeito	Perfeito estado	Seca	Perfeito estado	Faixa de pedestre	R-6a	""	Dupla	Faixa contínua	""	""
10261	2018-11-28T00:00:00	22:32:00	SEM VÍTIMA	CANCELADA	COHAB	RUA DR OTAVIO DE MORAES VASCONCELOS	""	""	PRÓX AO SUPERMECARDO TREVO	RUA DR OTAVIO DE MORAES VASCONCELOS	""	PRÓX AO SUPERMECARDO TREVO	COHAB		""	COLISÃO	ÔNIBUS X MOTO S/V.		1				1				0		""	""	""	""	""	""	""	""	""	""	""	""	""
10262	2018-11-28T00:00:00	23:36:00	SEM VÍTIMA	CANCELADA	IPSEP	AV PRESIDENTE DUTRA	""	""	DESCIDA DO VIADUTO TANCREDO NEVES	AV PRESIDENTE DUTRA	""	DESCIDA DO VIADUTO TANCREDO NEVES	IPSEP		SUBURBIO	CHOQUE OBJETO FIXO	VEÍCULO CHOCOU-SE CONTRA ÁRVORE	1									0		""	""	""	""	""	""	""	""	""	""	""	""	""
10263	2018-11-29T00:00:00	00:06:00	COM VÍTIMA	CANCELADA	ROSARINHO	RUA DR JOSE MARIA	""	""	EM FRENTE A PRAÇA DA SANTA // APÓS A CASA ROSADA	RUA DR JOSE MARIA	""	EM FRENTE A PRAÇA DA SANTA // APÓS A CASA ROSADA	ROSARINHO		""	COLISÃO	COLISÃO ENTRE AUTO E MOTO, COM VÍTIMA.	1	1								1		""	""	""	""	""	""	""	""	""	""	""	""	""
10264	2018-11-29T00:00:00	04:30:00	SEM VÍTIMA	FINALIZADA	COELHOS	RUA DOS COELHOS	""	RUA PADRE VENANCIO	PRÓXIMO A PONTE JOAQUIM CARDOSO	RUA DOS COELHOS	""	PRÓXIMO A PONTE JOAQUIM CARDOSO	COELHOS		SUBURBIO	ABALROAMENTO TRANSVERSAL	AUTO X ÔNIBUS S/V.	1					1				0		Cruzamento	Chuvoso	Não existe	Perfeito estado	Molhada	Perfeito estado	Não existe	Não há placas	""	Dupla	Faixa contínua	""	""
10265	2018-11-29T00:00:00	07:17:00	SEM VÍTIMA	FINALIZADA	MADALENA	EST DOS REMEDIOS	""	""	""	EST DOS REMEDIOS	""	""	MADALENA	353	""	ABALROAMENTO LONGITUDINAL	SM VÍTIMAS	2								1	0		Cruzamento	Bom	Sem defeito	Perfeito estado	Seca	Perfeito estado	Faixa de retenção	R-6a	""	Única	""	""	""
10266	2018-11-29T00:00:00	07:43:00	SEM VÍTIMA	FINALIZADA	AFOGADOS	RUA DO FONSECA	1780	EST DOS REMEDIOS	AO LADO DA NISSAN	RUA DO FONSECA	1780	AO LADO DA NISSAN	AFOGADOS		CIDADE	CHOQUE VEÍCULO PARADO	SEM VITIMAS	1	1								0		""	Bom	Não existe	Incompleta	Seca	Perfeito estado	Não existe	Não há placas	""	Dupla	Não existe	""	""
10267	2018-11-29T00:00:00	08:33:00	COM VÍTIMA	FINALIZADA	ILHA DO LEITE	AV GOVERNADOR AGAMENON MAGALHAES	""	""	EM FRNTE AO HOSPITAL PORTUGUES	AV GOVERNADOR AGAMENON MAGALHAES	""	EM FRNTE AO HOSPITAL PORTUGUES	ILHA DO LEITE	69	CIDADE	ABALROAMENTO LONGITUDINAL	COM UMA VITIMA AGUARDANDO SAMU	1	1								1		Longo da via	Bom	Sem defeito	Perfeito estado	Seca	Perfeito estado	Outros	Outras	60 km/h	Dupla	Canteiro central	""	""
10268	2018-11-29T00:00:00	08:57:00	SEM VÍTIMA	FINALIZADA	ESPINHEIRO	AV CONS ROSA E SILVA	347	RUA CONFEDERACAO DO EQUADOR	EM FRENTE AO HOSPITAL DO SERVIDOR	AV CONS ROSA E SILVA	347	EM FRENTE AO HOSPITAL DO SERVIDOR	ESPINHEIRO	309	""	COLISÃO TRASEIRA	COLISÃO SEM VITIMAS VT 13 QTH	2									0		Longo da via	Bom	Sem defeito	Perfeito estado	Seca	Perfeito estado	Faixa de pedestre	Não há placas	""	Única	Faixa contínua	""	""