_id	DATA	hora	natureza_acidente	situacao	bairro	endereco	numero	detalhe_endereco_acidente	complemento	endereco_cruzamento	numero_cruzamento	referencia_cruzamento	bairro_cruzamento	num_semaforo	sentido_via	tipo	descricao	auto	moto	ciclom	ciclista	pedestre	onibus	caminhao	viatura	outros	vitimas	vitimasfatais	acidente_verificado	tempo_clima	situacao_semaforo	sinalizacao	condicao_via	conservacao_via	ponto_controle	situacao_placa	velocidade_max_via	mao_direcao	divisao_via1	divisao_via2	divisao_via3
10602	2018-12-07T00:00:00	12:15:00	SEM VÍTIMA	FINALIZADA	IBURA	RUA VALE DO ITAJAI	11	""	EM FRENTE A ACADEMIA DA CIDADE	RUA VALE DO ITAJAI	11	EM FRENTE A ACADEMIA DA CIDADE	IBURA		""	COLISÃO	COLISÃO SEM VÍTIMA	1	1								0		""	""	""	""	""	""	""	""	""	""	""	""	""
10603	2018-12-07T00:00:00	12:18:00	SEM VÍTIMA	FINALIZADA	IBURA	RUA PERIMETRAL	""	""	PRIMEIRA RUA A DIREITA, APOS O SAL E BRASA, SENTIDO AEROPORTO	RUA PERIMETRAL	""	PRIMEIRA RUA A DIREITA, APOS O SAL E BRASA, SENTIDO AEROPORTO	IBURA		""	COLISÃO TRASEIRA	ENTRE DOIS AUTOS S/V	2									0		Longo da via	Bom	Não existe	Incompleta	Seca	Perfeito estado	Não existe	Não há placas	""	Única	Não existe	""	""
10604	2018-12-07T00:00:00	12:19:00	SEM VÍTIMA	FINALIZADA	ENCRUZILHADA	AV NORTE	""	""	EM FRENTE AO EXTRABOM	AV NORTE	""	EM FRENTE AO EXTRABOM	ENCRUZILHADA	45	SUBURBIO	COLISÃO TRASEIRA	COLISÃO SEM VÍTIMA	1	1								0		Longo da via	Bom	Sem defeito	Perfeito estado	Seca	Perfeito estado	Não existe	Outras	""	Dupla	Canteiro central	""	""
10605	2018-12-07T00:00:00	12:33:00	SEM VÍTIMA	FINALIZADA	SANTO AMARO	AV VISCONDE DE SUASSUNA	""	RUA AFONSO PENA	""	AV VISCONDE DE SUASSUNA	""	""	SANTO AMARO		SUBURBIO	ABALROAMENTO LONGITUDINAL	AUTO E MOTO S/V	1	1								0		Cruzamento	Bom	Não existe	Perfeito estado	Seca	Perfeito estado	Faixa de retenção	"Placas ""Pare"""	""	Única	Faixa contínua	""	""
10606	2018-12-07T00:00:00	12:33:00	COM VÍTIMA	FINALIZADA	IMBIRIBEIRA	RUA REMIGIO	""	""	PROX. AO RETORNO EM FRENTE AO CANAL SENT. JORDÃO	RUA REMIGIO	""	PROX. AO RETORNO EM FRENTE AO CANAL SENT. JORDÃO	IMBIRIBEIRA		SUBURBIO	ABALROAMENTO LONGITUDINAL	MOTO E AUTO	1	1								1		Longo da via	Bom	Não existe	Perfeito estado	Seca	Perfeito estado	Outros	Não há placas	""	Única	Não existe	""	""
10607	2018-12-07T00:00:00	12:36:00	SEM VÍTIMA	FINALIZADA	SÃO JOSÉ	C SANTA RITA	""	""	NO RETORNO, APOS AS TORRES GEMEAS, SENTIDO CENTRO	C SANTA RITA	""	NO RETORNO, APOS AS TORRES GEMEAS, SENTIDO CENTRO	SÃO JOSÉ	571	""	COLISÃO	AUTO E ONIBUS S/V	1					1				0		""	""	""	""	""	""	""	""	""	""	""	""	""
10608	2018-12-07T00:00:00	12:40:00	SEM VÍTIMA	FINALIZADA	SANTO AMARO	AV VISCONDE DE SUASSUNA	923	""	EM FRENTE A GALERIA BOSQUE DE VERSALES	AV VISCONDE DE SUASSUNA	923	EM FRENTE A GALERIA BOSQUE DE VERSALES	SANTO AMARO		""	COLISÃO	COLISÃO SEM VÍTIMA	2									0		""	""	""	""	""	""	""	""	""	""	""	""	""
10609	2018-12-07T00:00:00	12:47:00	SEM VÍTIMA	DUPLICIDADE	ENCRUZILHADA	AV NORTE	""	""	EM FRENTE AO SUPERMERCADO EXTRABOM, SENT. CIDADE	AV NORTE	""	EM FRENTE AO SUPERMERCADO EXTRABOM, SENT. CIDADE	ENCRUZILHADA		""	COLISÃO	AUTO E MOTO	1	1								0		""	""	""	""	""	""	""	""	""	""	""	""	""
10610	2018-12-07T00:00:00	13:15:00	SEM VÍTIMA	FINALIZADA	PINA	PTE GOVERNADOR PAULO GUERRA	""	""	""	PTE GOVERNADOR PAULO GUERRA	""	""	PINA		CIDADE	COLISÃO TRASEIRA	ENTRE DOIS AUTOS S/V	2									0		Ponte	Bom	Não existe	Perfeito estado	Seca	Perfeito estado	""	R-19	60 km/h	Única	Canteiro central	""	""
10611	2018-12-07T00:00:00	13:46:00	SEM VÍTIMA	FINALIZADA	BOA VIAGEM	RUA DOM JOSE LOPES	700	RUA VISCONDE DE JEQUITINHONHA	ESCAPE OUT	RUA DOM JOSE LOPES	700	ESCAPE OUT	BOA VIAGEM		SUBURBIO	ABALROAMENTO LONGITUDINAL	COLISAO ENTRE DOIS AUTOS S/V COM UMA VITIMA	2									0		Cruzamento	Bom	Não existe	Perfeito estado	Seca	Perfeito estado	Não existe	"Placas ""Pare"""	""	Única	Não existe	""	""
10612	2018-12-07T00:00:00	14:47:00	SEM VÍTIMA	FINALIZADA	SÃO JOSÉ	AV SUL	""	""	SOB O SEMÁFORO 076	AV SUL	""	SOB O SEMÁFORO 076	SÃO JOSÉ	76	SUBURBIO	ABALROAMENTO LONGITUDINAL	AUTO E ONIBUS S/V	1									0		Longo da via	Bom	Sem defeito	Perfeito estado	Seca	Perfeito estado	Outros	Outras	60 km/h	Dupla	Canteiro central	""	""
10613	2018-12-07T00:00:00	14:51:00	SEM VÍTIMA	FINALIZADA	ESPINHEIRO	RUA QUARENTA E OITO	""	""	EDF VIRGILIO ROMA	RUA QUARENTA E OITO	""	EDF VIRGILIO ROMA	ESPINHEIRO		CIDADE	COLISÃO TRASEIRA	MOTO X AUTO	1		1							0		Longo da via	Bom	Não existe	Perfeito estado	Seca	Perfeito estado	Não existe	Não há placas	""	Única	Faixa seccionada	""	""
10614	2018-12-07T00:00:00	14:51:00	SEM VÍTIMA	FINALIZADA	SANTO AMARO	AV JOAO DE BARROS	847	""	LADO OPOSTO A CELPE	AV JOAO DE BARROS	847	LADO OPOSTO A CELPE	SANTO AMARO		CIDADE	ABALROAMENTO LONGITUDINAL	DOIS AUTOS	2									0		Longo da via	Bom	Sem defeito	Perfeito estado	Seca	Perfeito estado	Não existe	Outras	60 km/h	Única	Faixa seccionada	""	Canteiro central
10615	2018-12-07T00:00:00	15:11:00	SEM VÍTIMA	FINALIZADA	BOA VIAGEM	RUA VISCONDE DE JEQUITINHONHA	872	RUA JOAO EUGENIO DE LIMA	""	RUA VISCONDE DE JEQUITINHONHA	872	""	BOA VIAGEM		""	ABALROAMENTO LONGITUDINAL	COLISAO ENTRE AUTO E MOTO S/V	1	1								0		Cruzamento	Bom	Não existe	Incompleta	""	""	""	"Placas ""Pare"""	""	Única	Canteiro central	""	""
10616	2018-12-07T00:00:00	15:34:00	SEM VÍTIMA	FINALIZADA	TEJIPIÓ	AV DR JOSE RUFINO	""	""	NO VIADUTO, SENT. CENTRO SUB.	AV DR JOSE RUFINO	""	NO VIADUTO, SENT. CENTRO SUB.	TEJIPIÓ		""	COLISÃO	COLISAO ENTRE DOIS AUTOS S/V	2									0		""	""	""	""	""	""	""	""	""	""	""	""	""
10617	2018-12-07T00:00:00	16:06:00	SEM VÍTIMA	FINALIZADA	IMBIRIBEIRA	AV MARECHAL MASCARENHAS DE MORAES	1920	""	EM FRENTE A HYUNDAI, E AO FORUM, SENTIDO BOA VIAGEM	AV MARECHAL MASCARENHAS DE MORAES	1920	EM FRENTE A HYUNDAI, E AO FORUM, SENTIDO BOA VIAGEM	IMBIRIBEIRA		SUBURBIO	ABALROAMENTO TRANSVERSAL	ENTRE DOIS AUTOS S/V	2									0		Longo da via	Bom	Não existe	Perfeito estado	Seca	Perfeito estado	Não existe	R-6a	60 km/h	Dupla	Canteiro central	""	""
10618	2018-12-07T00:00:00	16:31:00	SEM VÍTIMA	FINALIZADA	BEBERIBE	RUA URIEL DE HOLANDA	101	""	EM FRENTE A PRAÇA, AO LADO DA ESPOSENDE	RUA URIEL DE HOLANDA	101	EM FRENTE A PRAÇA, AO LADO DA ESPOSENDE	BEBERIBE		SUBURBIO	ABALROAMENTO LONGITUDINAL	AUTO E MOTO S/V	1	1								0		Não informado	Bom	Não existe	Perfeito estado	Seca	Perfeito estado	Faixa de pedestre	R-6a	30 km/h	Única	Não existe	""	""
10619	2018-12-07T00:00:00	16:32:00	SEM VÍTIMA	FINALIZADA	BARRO	AV DR JOSE RUFINO	""	""	SOBRE O VIADUTO DA BR 101	AV DR JOSE RUFINO	""	SOBRE O VIADUTO DA BR 101	BARRO		CIDADE	ABALROAMENTO TRANSVERSAL	COLISAO ENTRE AUTO E MOTO S/V	2									0		Cruzamento	Bom	Não existe	Incompleta	Seca	Perfeito estado	Outros	Outras	""	Dupla	Faixa contínua	""	""
10620	2018-12-07T00:00:00	16:35:00	SEM VÍTIMA	CANCELADA	ENGENHO DO MEIO	RUA ANTONIO CURADO	""	RUA ARARUNA	EM FRENTE A IGREJA DE DEUS INTERNACIONAL CAMINHO ANTIGO	RUA ANTONIO CURADO	""	EM FRENTE A IGREJA DE DEUS INTERNACIONAL CAMINHO ANTIGO	ENGENHO DO MEIO		""	COLISÃO	DOIS AUTOS	2									0		""	""	""	""	""	""	""	""	""	""	""	""	""
10621	2018-12-05T00:00:00	08:00:00	COM VÍTIMA	FINALIZADA	COELHOS	RUA DOS COELHOS	""	RUA FRANCISCO ALVES	EM FRENTE A ESCOLA MUNICIPAL DOS COELHOS	RUA DOS COELHOS	""	EM FRENTE A ESCOLA MUNICIPAL DOS COELHOS	COELHOS		SUBURBIO	ATROPELAMENTO	ATROPELAMENTO ENTRE ÔNIBUS E PEDESTRE.					1	1				1		Longo da via	Bom	Não existe	Perfeito estado	Seca	Perfeito estado	Outros	""	""	Dupla	Faixa	""	""
10622	2018-12-07T00:00:00	17:49:00	SEM VÍTIMA	FINALIZADA	SAN MARTIN	AV ENGENHEIRO ABDIAS DE CARVALHO	""	AV GENERAL SAN MARTIN	AO LADO DO COMPAZ	AV ENGENHEIRO ABDIAS DE CARVALHO	""	AO LADO DO COMPAZ	SAN MARTIN	58	CIDADE	COLISÃO TRASEIRA	COLISAO ENTRE AUTOS S/V	2									0		Cruzamento	Bom	Sem defeito	Perfeito estado	Seca	Perfeito estado	Agente	Não há placas	""	Única	Faixa seccionada	""	""
10623	2018-12-07T00:00:00	17:56:00	SEM VÍTIMA	FINALIZADA	ESPINHEIRO	RUA DA HORA	400	RUA SANTO ELIAS	""	RUA DA HORA	400	""	ESPINHEIRO		""	ABALROAMENTO LONGITUDINAL	COLISAO ENTRE DOIS AUTOS S/V	2									0		Cruzamento	Bom	Não existe	Perfeito estado	Seca	Perfeito estado	Faixa de pedestre	R-6a	""	Única	Faixa contínua	""	""
10624	2018-12-07T00:00:00	17:57:00	SEM VÍTIMA	FINALIZADA	CASA AMARELA	EST DO ARRAIAL	""	""	LADO OPOSTO ED THARIS	EST DO ARRAIAL	""	LADO OPOSTO ED THARIS	CASA AMARELA		CIDADE	ABALROAMENTO LONGITUDINAL	AUTO X ÔNIBUS S/V.	1					1				0		Longo da via	Bom	Não existe	Perfeito estado	Seca	Perfeito estado	Não existe	R-6a	""	Única	Faixa seccionada	""	""
10625	2018-12-07T00:00:00	18:22:00	SEM VÍTIMA	CANCELADA	ROSARINHO	RUA TREZE DE JUNHO	3416	AV NORTE	POSTO BR	RUA TREZE DE JUNHO	3416	POSTO BR	ROSARINHO		""	COLISÃO	COLISÃO SEM VITIMAS	1								1	0		""	""	""	""	""	""	""	""	""	""	""	""	""
10626	2018-12-07T00:00:00	18:26:00	COM VÍTIMA	CANCELADA	BEBERIBE	AV BEBERIBE	""	""	""	AV BEBERIBE	""	""	BEBERIBE		""	COLISÃO	""										1		""	""	""	""	""	""	""	""	""	""	""	""	""
10627	2018-12-07T00:00:00	19:17:00	SEM VÍTIMA	FINALIZADA	SANTO AMARO	AV NORTE	""	""	EM CIMA DA PONTE DO LOMOEIRO	AV NORTE	""	EM CIMA DA PONTE DO LOMOEIRO	SANTO AMARO		CIDADE	COLISÃO COM CICLISTA	AUTO X CICLISTA	1			1						0		Ponte	Bom	Sem defeito	Perfeito estado	Seca	Perfeito estado	""	Outras	""	Dupla	Faixa contínua	""	""
10628	2018-12-07T00:00:00	19:32:00	SEM VÍTIMA	FINALIZADA	IMBIRIBEIRA	AV MARECHAL MASCARENHAS DE MORAES	""	""	SEMÁFORO Nº 631	AV MARECHAL MASCARENHAS DE MORAES	""	SEMÁFORO Nº 631	IMBIRIBEIRA	631	SUBURBIO	COLISÃO TRASEIRA	ENTRE AUTOS S/V.	2									0		Longo da via	Bom	Sem defeito	Perfeito estado	Seca	Perfeito estado	Faixa de pedestre	Outras	""	Dupla	Canteiro central	""	""
10629	2018-12-07T00:00:00	19:38:00	SEM VÍTIMA	FINALIZADA	BOA VIAGEM	AV DOM JOAO VI	""	""	BEIRA CANAL, PROX AO GGE...DESCIDA DA VIA MANGUE	AV DOM JOAO VI	""	BEIRA CANAL, PROX AO GGE...DESCIDA DA VIA MANGUE	BOA VIAGEM		CID/SUB	COLISÃO TRASEIRA	COLISÃO SEM VITIMAS	2									0		Longo da via	Bom	Não existe	Perfeito estado	Seca	Perfeito estado	Faixa de pedestre	Não há placas	50 km/h	Única	Faixa	""	""
10630	2018-12-07T00:00:00	19:52:00	SEM VÍTIMA	FINALIZADA	CASA AMARELA	EST DO ARRAIAL	""	RUA SAO VICENTE	PRÓX AO SUPERMERCADO EXTRABOM	EST DO ARRAIAL	""	PRÓX AO SUPERMERCADO EXTRABOM	CASA AMARELA		SUBURBIO	ABALROAMENTO LONGITUDINAL	ENTRE AUTOS S/V.	2									0		Longo da via	Bom	Não existe	Perfeito estado	Seca	Perfeito estado	""	Outras	""	Única	Faixa seccionada	""	""
10631	2018-12-07T00:00:00	20:15:00	SEM VÍTIMA	FINALIZADA	MADALENA	RUA BENFICA	""	""	NA FRENTE DO BOM PREÇO	RUA BENFICA	""	NA FRENTE DO BOM PREÇO	MADALENA		""	ABALROAMENTO LONGITUDINAL	COLISÃO SEM VITIMAS	1					1				0		Longo da via	Bom	Sem defeito	Perfeito estado	Seca	Perfeito estado	Faixa de pedestre	Outras	""	Dupla	""	""	""
10632	2018-12-07T00:00:00	20:42:00	COM VÍTIMA	FINALIZADA	VÁRZEA	AV CAXANGA	""	""	PROX. A INTEGRAÇÃO E O RESIDENCIAL CAXANGÁ	AV CAXANGA	""	PROX. A INTEGRAÇÃO E O RESIDENCIAL CAXANGÁ	VÁRZEA	232	SUBURBIO	ATROPELAMENTO	AUTO E PEDESTRE	1				1					1		Longo da via	Bom	Sem defeito	Perfeito estado	Seca	Perfeito estado	Faixa de pedestre	""	""	Dupla	Canteiro central	""	""
10633	2018-12-07T00:00:00	21:34:00	SEM VÍTIMA	FINALIZADA	ESTÂNCIA	AV RECIFE	""	""	VIADUTO DO MAKRO // SENTIDO CEASA	AV RECIFE	""	VIADUTO DO MAKRO // SENTIDO CEASA	ESTÂNCIA		""	COLISÃO	ENTRE AUTOS S/V.	2									0		""	""	""	""	""	""	""	""	""	""	""	""	""
10634	2018-12-07T00:00:00	21:37:00	SEM VÍTIMA	FINALIZADA	ENCRUZILHADA	RUA DONA ELVIRA	""	RUA FREDERICO	""	RUA DONA ELVIRA	""	""	ENCRUZILHADA		SUBURBIO	ABALROAMENTO TRANSVERSAL	COLISÃO SEM VITIMAS	2									0		Cruzamento	Bom	Não existe	""	Seca	Perfeito estado	Não existe	"Placas ""Pare"""	""	Dupla	""	""	""
10635	2018-12-07T00:00:00	21:45:00	SEM VÍTIMA	FINALIZADA	MADALENA	RUA BENFICA	""	""	SEMÁFORO Nº 257	RUA BENFICA	""	SEMÁFORO Nº 257	MADALENA	257	CIDADE	ABALROAMENTO LONGITUDINAL	AUTO X ÔNIBUS	1					1				0		Longo da via	Bom	Sem defeito	Perfeito estado	Seca	Perfeito estado	""	Outras	""	Dupla	Blocos	""	""
10636	2018-12-07T00:00:00	21:51:00	SEM VÍTIMA	FINALIZADA	ÁGUA FRIA	RUA JOAO UZEDA LUNA	81	RUA DR EUDES COSTA	""	RUA JOAO UZEDA LUNA	81	""	ÁGUA FRIA		""	ABALROAMENTO TRANSVERSAL	COLISÃO SEM VITIMAS	1	1								0		Longo da via	Bom	Não existe	Não existente	Seca	Mal iluminada	""	Não há placas	""	Dupla	Não existe	""	""
10637	2018-12-07T00:00:00	22:15:00	SEM VÍTIMA	FINALIZADA	SANTO AMARO	AV GOVERNADOR AGAMENON MAGALHAES	""	""	EM FRENTE AO Nº 192	AV GOVERNADOR AGAMENON MAGALHAES	""	EM FRENTE AO Nº 192	SANTO AMARO		SUBURBIO	ABALROAMENTO TRANSVERSAL	COLISÃO SEM VITIMAS	2									0		Longo da via	Bom	Não existe	Perfeito estado	Seca	Perfeito estado	Não existe	Não há placas	60 km/h	Dupla	Canteiro central	""	""
10638	2018-12-07T00:00:00	22:25:00	SEM VÍTIMA	FINALIZADA	BOA VIAGEM	RUA VISCONDE DE JEQUITINHONHA	680	RUA BALTAZAR PASSOS	EDIF.MARIA GUILHERMINA	RUA VISCONDE DE JEQUITINHONHA	680	EDIF.MARIA GUILHERMINA	BOA VIAGEM	154	CIDADE	COLISÃO TRASEIRA	COLISÃO SEM VITIMAS	2									0		Longo da via	Bom	Sem defeito	Perfeito estado	Seca	Perfeito estado	""	""	""	Única	""	""	""
10639	2018-12-08T00:00:00	01:29:00	SEM VÍTIMA	FINALIZADA	SANTO AMARO	AV CRUZ CABUGA	202	""	SHOPP TACARUNA	AV CRUZ CABUGA	202	SHOPP TACARUNA	SANTO AMARO	202	CIDADE	COLISÃO TRASEIRA	COLISÃO ENTRE DOIS AUTOS, S/V	2									0		Longo da via	Bom	Sem defeito	Perfeito estado	Seca	Perfeito estado	Outros	Não há placas	""	Dupla	Outros	""	""
10640	2018-12-08T00:00:00	01:33:00	SEM VÍTIMA	FINALIZADA	BAIRRO DO RECIFE	AV ALFREDO LISBOA	""	""	LADO OPOSTO AO POSTE BO 17469	AV ALFREDO LISBOA	""	LADO OPOSTO AO POSTE BO 17469	BAIRRO DO RECIFE		CIDADE	ABALROAMENTO LONGITUDINAL	COLISÃO ENTRE DOIS AUTOS, S/V	2									0		Longo da via	Bom	Não existe	Perfeito estado	Seca	Perfeito estado	Faixa de pedestre	R-6a	30 km/h	Única	Não existe	""	""
10641	2018-12-08T00:00:00	04:40:00	SEM VÍTIMA	CANCELADA	AREIAS	AV RECIFE	""	""	CONDOMÍNIO IGNEZ ANDREAZZA	AV RECIFE	""	CONDOMÍNIO IGNEZ ANDREAZZA	AREIAS		""	COLISÃO	AUTO X MOTOS S/V.	1	2								0		""	""	""	""	""	""	""	""	""	""	""	""	""
10642	2018-12-08T00:00:00	07:09:00	SEM VÍTIMA	FINALIZADA	TAMARINEIRA	EST DO ARRAIAL	2501	""	EM FRENTE AO Nº 2501	EST DO ARRAIAL	2501	EM FRENTE AO Nº 2501	TAMARINEIRA	421	SUBURBIO	COLISÃO TRASEIRA	SEM VITIMAS	2									0		Longo da via	Bom	Sem defeito	Perfeito estado	Seca	Perfeito estado	Faixa de pedestre	""	""	Única	Faixa seccionada	""	""
10643	2018-12-08T00:00:00	07:40:00	COM VÍTIMA	CANCELADA	PINA	AV ANTONIO DE GOES	""	""	SOBRE A PONTE DO PINA	AV ANTONIO DE GOES	""	SOBRE A PONTE DO PINA	PINA		CIDADE	CHOQUE OBJETO FIXO	COLISÃO COM UM O POSTE, CINCO VITIMAS JÁ SOCORRIDAS PELO SAMU	1									5		""	""	""	""	""	""	""	""	""	""	""	""	""
10644	2018-12-08T00:00:00	08:07:00	SEM VÍTIMA	FINALIZADA	DERBY	RUA EPAMINONDAS DE MELO	""	""	APOS O SPETTUS EM FRENTE AO BRADESCO PRIME	RUA EPAMINONDAS DE MELO	""	APOS O SPETTUS EM FRENTE AO BRADESCO PRIME	DERBY		""	ABALROAMENTO LONGITUDINAL	DOIS AUTOS	2									0		Longo da via	Bom	Não existe	Perfeito estado	Seca	Perfeito estado	Não existe	"Placas ""Dê a preferência"""	40 km/h	Única	Não existe	""	""
10645	2018-12-08T00:00:00	08:29:00	SEM VÍTIMA	CANCELADA	MADALENA	RUA JOAO IVO DA SILVA	267	""	EM FRENTE AO POSTO DE GASOLINA PETROVIA	RUA JOAO IVO DA SILVA	267	EM FRENTE AO POSTO DE GASOLINA PETROVIA	MADALENA		""	COLISÃO	AUTO E MOTO	1	1								0		""	""	""	""	""	""	""	""	""	""	""	""	""
10646	2018-12-08T00:00:00	08:39:00	SEM VÍTIMA	FINALIZADA	IPSEP	RUA SARGENTO SILVINO DE MACEDO	""	""	POSTO BR	RUA SARGENTO SILVINO DE MACEDO	""	POSTO BR	IPSEP	640	CIDA	COLISÃO TRASEIRA	CAMINHÃO E AUTO	1						1			0		Longo da via	Bom	Sem defeito	Perfeito estado	Seca	Perfeito estado	Faixa de pedestre	Não há placas	""	Dupla	Não existe	""	""
10647	2018-12-08T00:00:00	08:53:00	SEM VÍTIMA	FINALIZADA	IMBIRIBEIRA	AV MARECHAL MASCARENHAS DE MORAES	""	""	SOB SEMÁFORO Nº 386	AV MARECHAL MASCARENHAS DE MORAES	""	SOB SEMÁFORO Nº 386	IMBIRIBEIRA	386	SUBURBIO	COLISÃO TRASEIRA	COLISÃO SEM VITIMAS	1						1			0		Longo da via	Bom	Sem defeito	Perfeito estado	Seca	Perfeito estado	Faixa de pedestre	Outras	""	Dupla	Canteiro central	""	""
10648	2018-12-08T00:00:00	09:32:00	SEM VÍTIMA	FINALIZADA	CASA AMARELA	RUA MAJOR NEREU GUERRA	166	""	""	RUA MAJOR NEREU GUERRA	166	""	CASA AMARELA		CIDADE	ABALROAMENTO LONGITUDINAL	SEM VITIMAS		2								0		Longo da via	Bom	Sem defeito	Perfeito estado	Seca	Perfeito estado	Não existe	R-6a	""	Dupla	Faixa seccionada	""	""
10649	2018-12-08T00:00:00	10:08:00	COM VÍTIMA	FINALIZADA	TORRE	RUA JOSE BONIFACIO	""	RUA CONDE DE IRAJA	EM FRENTE A PADARIA NOVA ARMADA	RUA JOSE BONIFACIO	""	EM FRENTE A PADARIA NOVA ARMADA	TORRE	191	CASA FORTE	ABALROAMENTO LONGITUDINAL	COM DUAS VITIMAS ,SAMU NO LOCAL	1	1								2		Longo da via	Bom	Sem defeito	Perfeito estado	Seca	Perfeito estado	Faixa de pedestre	R-6a	""	Única	Faixa seccionada	""	""
10650	2018-12-08T00:00:00	10:25:00	SEM VÍTIMA	FINALIZADA	CORDEIRO	AV INACIO MONTEIRO	157	""	APOS O PARQUE DE EXPOSIÇÃO DO CORDEIRO EM FRENTE A LOJA CORREIA TINTAS	AV INACIO MONTEIRO	157	APOS O PARQUE DE EXPOSIÇÃO DO CORDEIRO EM FRENTE A LOJA CORREIA TINTAS	CORDEIRO		SUBURBIO	COLISÃO	COLISÃO SEM VITIMAS	1	1								0		""	""	""	""	""	""	""	""	""	""	""	""	""
10651	2018-12-08T00:00:00	10:28:00	SEM VÍTIMA	FINALIZADA	ESPINHEIRO	RUA DO ESPINHEIRO	222	RUA AMELIA	EM FRENTE A URGENCIA DA HAPVIDA	RUA DO ESPINHEIRO	222	EM FRENTE A URGENCIA DA HAPVIDA	ESPINHEIRO		""	COLISÃO	SEM VITIMAS	2									0		""	""	""	""	""	""	""	""	""	""	""	""	""
10652	2018-12-08T00:00:00	10:43:00	SEM VÍTIMA	FINALIZADA	LINHA DO TIRO	RUA URIEL DE HOLANDA	526	""	""	RUA URIEL DE HOLANDA	526	""	LINHA DO TIRO		SUBURBIO	CHOQUE VEÍCULO PARADO	DOIS AUTOS	2									0		Longo da via	Bom	Não existe	Perfeito estado	Seca	Perfeito estado	Não existe	Não há placas	""	Dupla	Faixa contínua	""	""
10653	2018-12-08T00:00:00	11:13:00	SEM VÍTIMA	FINALIZADA	PINA	AV ANTONIO DE GOES	""	""	SEMAFORO 538	AV ANTONIO DE GOES	""	SEMAFORO 538	PINA		CIDADE	COLISÃO TRASEIRA	COLISÃO SEM VITIMAS VT 10 QTH	2									0		Longo da via	Bom	Sem defeito	Perfeito estado	Seca	Perfeito estado	Faixa de pedestre	""	""	Dupla	Canteiro central	""	""
10654	2018-12-08T00:00:00	12:33:00	SEM VÍTIMA	FINALIZADA	IMBIRIBEIRA	AV GENERAL MAC ARTHUR	114	""	ABC DISTRIBUIDORA	AV GENERAL MAC ARTHUR	114	ABC DISTRIBUIDORA	IMBIRIBEIRA		SUBURBIO	COLISÃO TRASEIRA	COLISAO DE AUTO S/V	2									0		Longo da via	Bom	Não existe	Perfeito estado	Seca	Perfeito estado	Não existe	Não há placas	""	Única	Faixa contínua	""	Faixa seccionada
10655	2018-12-08T00:00:00	13:14:00	SEM VÍTIMA	CANCELADA	MACAXEIRA	RUA MARIA AMALIA	430	""	PROX AO CAMPO DA UNIAO	RUA MARIA AMALIA	430	PROX AO CAMPO DA UNIAO	MACAXEIRA		""	COLISÃO	COLISAO ENTRE AUTO E MOTO S/V	1	1								0		""	""	""	""	""	""	""	""	""	""	""	""	""
10656	2018-12-08T00:00:00	14:44:00	COM VÍTIMA	CANCELADA	BOA VIAGEM	AV ENGENHEIRO DOMINGOS FERREIRA	2188	""	EM FRENTE A HIPER PADARIA AZUL MAR / PISTA DA ESQUERDA	AV ENGENHEIRO DOMINGOS FERREIRA	2188	EM FRENTE A HIPER PADARIA AZUL MAR / PISTA DA ESQUERDA	BOA VIAGEM		""	COLISÃO	COLISÃO COM VÍTIMA		2								3		""	""	""	""	""	""	""	""	""	""	""	""	""
10657	2018-12-08T00:00:00	14:48:00	SEM VÍTIMA	FINALIZADA	ENGENHO DO MEIO	RUA ANTONIO CURADO	146	""	""	RUA ANTONIO CURADO	146	""	ENGENHO DO MEIO		CIDADE	COLISÃO TRASEIRA	COLISÃO SEM VITIMA	2									0		Longo da via	Bom	Não existe	Não existente	Seca	Perfeito estado	Não existe	Não há placas	""	Dupla	Não existe	""	""
10658	2018-12-08T00:00:00	14:54:00	SEM VÍTIMA	FINALIZADA	GRAÇAS	RUA ALBERTO PAIVA	""	""	EM FRENTE A GERENCIA OPERACIONAL DE FISCALIZAÇÃO EMLURB	RUA ALBERTO PAIVA	""	EM FRENTE A GERENCIA OPERACIONAL DE FISCALIZAÇÃO EMLURB	GRAÇAS		SUBURBIO	ABALROAMENTO LONGITUDINAL	COLISÃO SEM VÍTIMA	1						1			0		Longo da via	Bom	Não existe	Perfeito estado	Seca	Perfeito estado	Outros	Outras	""	Única	Faixa contínua	""	Faixa seccionada