_id	DATA	hora	natureza_acidente	situacao	bairro	endereco	numero	detalhe_endereco_acidente	complemento	endereco_cruzamento	numero_cruzamento	referencia_cruzamento	bairro_cruzamento	num_semaforo	sentido_via	tipo	descricao	auto	moto	ciclom	ciclista	pedestre	onibus	caminhao	viatura	outros	vitimas	vitimasfatais	acidente_verificado	tempo_clima	situacao_semaforo	sinalizacao	condicao_via	conservacao_via	ponto_controle	situacao_placa	velocidade_max_via	mao_direcao	divisao_via1	divisao_via2	divisao_via3
10765	2018-12-11T00:00:00	16:18:00	SEM VÍTIMA	FINALIZADA	SANTO AMARO	AV GOVERNADOR AGAMENON MAGALHAES	""	""	NA SUBIDA DO VIADUTO, AO LADO DO TACARUNA, SENTIDO OLINDA	AV GOVERNADOR AGAMENON MAGALHAES	""	NA SUBIDA DO VIADUTO, AO LADO DO TACARUNA, SENTIDO OLINDA	SANTO AMARO		""	COLISÃO	COLISAO ENTRE AMBULANCIA E MOTO S/V	1	1								0		""	""	""	""	""	""	""	""	""	""	""	""	""
10766	2018-12-11T00:00:00	16:36:00	SEM VÍTIMA	FINALIZADA	ÁGUA FRIA	EST VELHA DE AGUA FRIA	1311	""	""	EST VELHA DE AGUA FRIA	1311	""	ÁGUA FRIA		CIDADE	ABALROAMENTO LONGITUDINAL	COLISAO ENTRE ONIBUS E AUTO S/V	1					1				0		Longo da via	Bom	Não existe	Perfeito estado	Seca	Perfeito estado	Não existe	Não há placas	""	Única	Faixa seccionada	""	""
10767	2018-12-11T00:00:00	16:53:00	COM VÍTIMA	FINALIZADA	DOIS IRMÃOS	PRQ DE DOIS IRMAOS	""	""	EM FRENTE A FARMÁCIA DO LAFEPE.	PRQ DE DOIS IRMAOS	""	EM FRENTE A FARMÁCIA DO LAFEPE.	DOIS IRMÃOS		SUBURBIO	ABALROAMENTO TRANSVERSAL	COLISA ENTRE AUTO E MOTO COM UMA VITIMA VT 11 NO LOCAL	1	1								1		Longo da via	Bom	Não existe	Perfeito estado	Seca	Perfeito estado	Não existe	Não há placas	""	Dupla	Faixa contínua	""	""
10768	2018-12-11T00:00:00	17:14:00	SEM VÍTIMA	FINALIZADA	VÁRZEA	RUA JOAO FRANCISCO LISBOA	180	RUA MARIO CAMPELO	""	RUA JOAO FRANCISCO LISBOA	180	""	VÁRZEA		CID/SUB	ABALROAMENTO TRANSVERSAL	COLISAO ENTRE VT E AUTO S/V	2									0		Cruzamento	Bom	Não existe	Incompleta	Seca	Mal conservada	""	Não há placas	""	Dupla	""	""	""
10769	2018-12-11T00:00:00	18:20:00	SEM VÍTIMA	FINALIZADA	BOA VISTA	PTE PRINCESA IZABEL	""	""	SOBRE A PONTE PRINCESA IZABEL	PTE PRINCESA IZABEL	""	SOBRE A PONTE PRINCESA IZABEL	BOA VISTA	22	CIDADE	ABALROAMENTO TRANSVERSAL	ONIBUS X VT CORE (POLICIA CIVIL )	1					1		1		0		Longo da via	Bom	Não existe	Perfeito estado	Seca	Perfeito estado	Não existe	Não há placas	""	Dupla	Faixa contínua	""	""
10770	2018-12-11T00:00:00	18:54:00	SEM VÍTIMA	CANCELADA	ENCRUZILHADA	AV NORTE	2566	""	EM FRENTE À JACAÚNA MÓVEIS	AV NORTE	2566	EM FRENTE À JACAÚNA MÓVEIS	ENCRUZILHADA		SUBURBIO	COLISÃO	ENTRE AUTOS S/V.	2									0		""	""	""	""	""	""	""	""	""	""	""	""	""
10771	2018-12-11T00:00:00	19:14:00	SEM VÍTIMA	FINALIZADA	IPSEP	RUA PAMPULHA	160	RUA ITAJAI	ENF A PANIFICADORA VALE DO RIO DOCE // DE ESQUINA DA CASA BRANCA RECPCOES	RUA PAMPULHA	160	ENF A PANIFICADORA VALE DO RIO DOCE // DE ESQUINA DA CASA BRANCA RECPCOES	IPSEP		CIDADE	ABALROAMENTO TRANSVERSAL	JEEP X FAIT UNO // OBS- VEICULOS DANIFICADOS (NAO SAI DO LOCAL )	2									0		Cruzamento	Bom	Não existe	Perfeito estado	Seca	Perfeito estado	Não existe	"Placas ""Pare"""	""	Única	Faixa seccionada	""	""
10772	2018-12-11T00:00:00	19:50:00	SEM VÍTIMA	FINALIZADA	MADALENA	RUA ARLINDO GOUVEIA	""	RUA ANTONIO CAMILO DIAS	""	RUA ARLINDO GOUVEIA	""	""	MADALENA		SUBURBIO	COLISÃO TRASEIRA	ONIX X DUSTER	2									0		Longo da via	Bom	Não existe	Perfeito estado	Seca	Perfeito estado	Não existe	R-6a	60 km/h	Dupla	""	""	""
10773	2018-12-11T00:00:00	20:05:00	SEM VÍTIMA	FINALIZADA	IPSEP	RUA JEAN EMILE FAVRE	""	RUA FRANCISCO BARRETO	VEICULOS SE ENCOTRA NO POSTO BR	RUA JEAN EMILE FAVRE	""	VEICULOS SE ENCOTRA NO POSTO BR	IPSEP	527	SUBURBIO	ABALROAMENTO LONGITUDINAL	VAN X ONIX	2									0		Cruzamento	Bom	Sem defeito	Perfeito estado	Seca	Perfeito estado	Faixa de pedestre	Outras	""	Dupla	Faixa contínua	""	""
10774	2018-12-11T00:00:00	22:26:00	SEM VÍTIMA	FINALIZADA	BOA VISTA	RUA JOSE DE ALENCAR	""	RUA BARAO DE SAO BORJA	AO LADO DO Nº 137	RUA JOSE DE ALENCAR	""	AO LADO DO Nº 137	BOA VISTA		CIDADE	ABALROAMENTO TRANSVERSAL	FORD K X SIENA OBS: SUSPEITA DE EMBRIAGUEZ	2									0		Cruzamento	Bom	Não existe	Ilegível	Seca	Perfeito estado	""	"Placas ""Pare"""	""	Única	Não existe	""	""
10775	2018-12-12T00:00:00	00:32:00	SEM VÍTIMA	FINALIZADA	DOIS IRMÃOS	RUA MANUEL DE MEDEIROS	1402	""	""	RUA MANUEL DE MEDEIROS	1402	""	DOIS IRMÃOS		SUBURBIO	COLISÃO FRONTAL	COLISÃO ENTRE DOIS AUTOS S/V	2									0		Longo da via	Bom	Não existe	Perfeito estado	Seca	Perfeito estado	Faixa de retenção	Não há placas	""	Dupla	Faixa seccionada	""	""
10776	2018-12-12T00:00:00	00:47:00	SEM VÍTIMA	FINALIZADA	CASA FORTE	RUA NESTOR SILVA	""	""	PRÓX AO BAR DA MALOCA // PRÓX AO WALMART	RUA NESTOR SILVA	""	PRÓX AO BAR DA MALOCA // PRÓX AO WALMART	CASA FORTE		SUBURBIO	COLISÃO TRASEIRA	COLISÃO ENTRE DOIS AUTOS S/V	2									0		Longo da via	Bom	Não existe	Não existente	Seca	Perfeito estado	Não existe	Não há placas	40 km/h	Única	Não existe	""	""
10777	2018-12-12T00:00:00	02:11:00	VÍTIMA FATAL	FINALIZADA	IPSEP	AV RECIFE	1600	""	PRÓXIMO AO WALMART	AV RECIFE	1600	PRÓXIMO AO WALMART	IPSEP	212	SUBURBIO	ATROPELAMENTO	O NÚMERO CITADO FICA NO LADO OPOSTO AO ATROPELAMENTO	1				1						1	Longo da via	Bom	Intermitente	Perfeito estado	Seca	Perfeito estado	""	Outras	60 km/h	Dupla	Canteiro central	""	""
10778	2018-12-12T00:00:00	06:51:00	SEM VÍTIMA	FINALIZADA	FUNDÃO	AV BEBERIBE	""	""	APOS A ASSEMBLEIA DE DEUS, SENTIDO BEBERIBE	AV BEBERIBE	""	APOS A ASSEMBLEIA DE DEUS, SENTIDO BEBERIBE	FUNDÃO		""	CHOQUE	VEICULO SE CHOCOU COM UM POSTE, E O CONDUTOR SE EVADIU, POREM, O VEICULO PERMANECE NO LOCAL, OBSTRUINDO A VIA.	1									0		""	""	""	""	""	""	""	""	""	""	""	""	""
10779	2018-12-12T00:00:00	07:52:00	COM VÍTIMA	FINALIZADA	CORDEIRO	RUA N S DA SAUDE	""	RUA CORONEL FERNANDO FURTADO	EM FRENTE A CRECHE MUNICIPAL MENINO JESUS DA BOMBA GRANDE. GREMLURB (GRÊMIO RECREATIVO DOS FUNCIONÁRIOS DA EMLURB.	RUA N S DA SAUDE	""	EM FRENTE A CRECHE MUNICIPAL MENINO JESUS DA BOMBA GRANDE. GREMLURB (GRÊMIO RECREATIVO DOS FUNCIONÁRIOS DA EMLURB.	CORDEIRO		""	COLISÃO COM CICLISTA	COLISÃO COM UMA VITIMA SENDO SOCORRIDA PELO SAMU	1			1						1		Esquina	Bom	Não existe	Incompleta	Seca	Perfeito estado	Não existe	Não há placas	""	Dupla	Faixa contínua	""	""
10780	2018-12-12T00:00:00	09:47:00	SEM VÍTIMA	CANCELADA	BOA VISTA	RUA JOAO FERNANDES VIEIRA	""	RUA SAMUEL PINTO	RUA DO EMPRESARIAL FERNANDES VIEIRA	RUA JOAO FERNANDES VIEIRA	""	RUA DO EMPRESARIAL FERNANDES VIEIRA	BOA VISTA		""	COLISÃO	""	2									0		""	""	""	""	""	""	""	""	""	""	""	""	""
10781	2018-12-12T00:00:00	10:50:00	SEM VÍTIMA	FINALIZADA	MADALENA	RUA BENFICA	""	""	SOB O SEMÁFORO 257	RUA BENFICA	""	SOB O SEMÁFORO 257	MADALENA	257	CIDADE	ABALROAMENTO TRANSVERSAL	COLISÃO SEM VÍTIMA ENTRE ÔNIBUS E AUTO	1					1				0		Longo da via	Bom	Sem defeito	Perfeito estado	Seca	Perfeito estado	Faixa de pedestre	""	""	Dupla	Faixa contínua	""	""
10782	2018-12-12T00:00:00	10:53:00	SEM VÍTIMA	FINALIZADA	SÃO JOSÉ	AV SUL	""	""	OPOSTO AO POSTE Nº BO 17404	AV SUL	""	OPOSTO AO POSTE Nº BO 17404	SÃO JOSÉ		CIDADE	COLISÃO TRASEIRA	DOIS AUTOS	2									0		Longo da via	Bom	Não existe	Perfeito estado	Seca	Perfeito estado	Não existe	Outras	""	Dupla	Canteiro central	""	""
10783	2018-12-12T00:00:00	11:10:00	SEM VÍTIMA	FINALIZADA	SANTO AMARO	AV CRUZ CABUGA	""	""	EM FRENTE AO SHOPPING TACARUNA	AV CRUZ CABUGA	""	EM FRENTE AO SHOPPING TACARUNA	SANTO AMARO		CIDADE	ABALROAMENTO LONGITUDINAL	COLISÃO ENVOLVENDO AUTO E MOTOCICLETA SEM VÍTIMA	1								1	0		Longo da via	Bom	Não existe	Ilegível	Seca	Mal conservada	Não existe	R-6a	""	Dupla	Blocos	""	""
10784	2018-12-12T00:00:00	11:29:00	SEM VÍTIMA	FINALIZADA	BAIRRO DO RECIFE	AV GOVERNADOR AGAMENON MAGALHAES	""	""	EM FRENTE AO SEMÁFORO 174	AV GOVERNADOR AGAMENON MAGALHAES	""	EM FRENTE AO SEMÁFORO 174	BAIRRO DO RECIFE	174	""	ABALROAMENTO LONGITUDINAL	AUTO E ONIBUS	1					1				0		Longo da via	Bom	Sem defeito	Perfeito estado	Seca	Perfeito estado	Faixa de pedestre	Outras	60 km/h	Dupla	Faixa contínua	Canteiro central	Blocos
10785	2018-12-12T00:00:00	12:19:00	SEM VÍTIMA	CANCELADA	GRAÇAS	RUA CARDEAL ARCOVERDE	142	""	E/F AO ESCRITORIO DE ADVOCACIA REINALDO ALVES	RUA CARDEAL ARCOVERDE	142	E/F AO ESCRITORIO DE ADVOCACIA REINALDO ALVES	GRAÇAS		""	COLISÃO	COLISAO ENTRE DOIS AUTO S/V	2									0		""	""	""	""	""	""	""	""	""	""	""	""	""
10786	2018-12-12T00:00:00	12:40:00	COM VÍTIMA	FINALIZADA	SÃO JOSÉ	AV SUL	""	""	""	AV SUL	""	""	SÃO JOSÉ	76	CIDADE	ACID. DE PERCURSO	QUEDA DE MOTOCOCLISTA		1								1		Longo da via	Bom	Sem defeito	Perfeito estado	Seca	Perfeito estado	Não existe	Outras	""	Dupla	Faixa	Canteiro central	""
10787	2018-12-12T00:00:00	12:46:00	SEM VÍTIMA	CANCELADA	TORRE	RUA JOSE BONIFACIO	5	""	ENFRENTE AO POSTO IPIRANGA	RUA JOSE BONIFACIO	5	ENFRENTE AO POSTO IPIRANGA	TORRE		SUBURBIO	COLISÃO	COLISÃO SEM VITIMAS	1								1	0		""	""	""	""	""	""	""	""	""	""	""	""	""
10788	2018-12-12T00:00:00	12:54:00	SEM VÍTIMA	FINALIZADA	SANTO AMARO	AV CRUZ CABUGA	""	""	LADO OPOSTO AO MERCADO DE SANTO AMARO	AV CRUZ CABUGA	""	LADO OPOSTO AO MERCADO DE SANTO AMARO	SANTO AMARO	455	CIDADE	COLISÃO TRASEIRA	COLISÃO SEM VITIMAS	3									0		Longo da via	Bom	Sem defeito	Perfeito estado	Seca	Perfeito estado	Faixa de pedestre	Outras	40 km/h	Única	Não existe	""	""
10789	2018-12-12T00:00:00	13:14:00	COM VÍTIMA	CANCELADA	JOANA BEZERRA	VDO PAPA JOAO PAULO II	""	""	APÓS A PASSARELA	VDO PAPA JOAO PAULO II	""	APÓS A PASSARELA	JOANA BEZERRA		SUBURBIO	COLISÃO	COLISÃO ENTRE AUTO E MOTO COM VÍTIMA	1	1								1		""	""	""	""	""	""	""	""	""	""	""	""	""
10790	2018-12-12T00:00:00	13:14:00	SEM VÍTIMA	CANCELADA	TORRE	AV BEIRA RIO	742	""	PROX A PONTE DA TORRE	AV BEIRA RIO	742	PROX A PONTE DA TORRE	TORRE	77	SUBURBIO	COLISÃO	COLISÃO SEM VITIMAS	2									0		""	""	""	""	""	""	""	""	""	""	""	""	""
10791	2018-12-12T00:00:00	13:42:00	SEM VÍTIMA	FINALIZADA	IMBIRIBEIRA	AV MARECHAL MASCARENHAS DE MORAES	2871	""	MARAVILHA MOTOS	AV MARECHAL MASCARENHAS DE MORAES	2871	MARAVILHA MOTOS	IMBIRIBEIRA		CIDADE	COLISÃO TRASEIRA	TRES AUTOS S/V	3									0		Longo da via	Bom	Sem defeito	Incompleta	Seca	Perfeito estado	""	Não há placas	""	Dupla	Canteiro central	""	""
10792	2018-12-12T00:00:00	14:01:00	SEM VÍTIMA	FINALIZADA	JAQUEIRA	AV CONS ROSA E SILVA	1910	""	E/F A PADARIA JAQUEIRA	AV CONS ROSA E SILVA	1910	E/F A PADARIA JAQUEIRA	JAQUEIRA		SUBURBIO	ABALROAMENTO LONGITUDINAL	COLISAO ENTRE AUTO E ONIBUS S/V	1					1				0		Longo da via	Bom	Não existe	Perfeito estado	Seca	Perfeito estado	Não existe	Não há placas	60 km/h	Única	Faixa seccionada	""	""
10793	2018-12-12T00:00:00	14:04:00	COM VÍTIMA	FINALIZADA	TOTÓ	RUA ONZE DE AGOSTO	S/N	""	ESCOLA MONSENHOR NEGRO MONTE	RUA ONZE DE AGOSTO	S/N	ESCOLA MONSENHOR NEGRO MONTE	TOTÓ	440	CIDADE	ATROPELAMENTO	ONIBUS E PEDESTRE/ PEDESTRE E ALUNA DA ESCOLA					1	1				1		Longo da via	Bom	Sem defeito	Perfeito estado	Seca	Perfeito estado	Faixa de pedestre	R-6a	""	Dupla	Não existe	""	""
10794	2018-12-12T00:00:00	14:06:00	SEM VÍTIMA	FINALIZADA	COELHOS	RUA DR JOSE MARIANO	386	""	CASA DOS FOLHEADOS	RUA DR JOSE MARIANO	386	CASA DOS FOLHEADOS	COELHOS		SUBURBIO	COLISÃO TRASEIRA	COLISAO ENTRE DOIS AUTOS S/V	2									0		Longo da via	Bom	Não existe	Não existente	Seca	Perfeito estado	Não existe	Não há placas	""	Única	Não existe	""	""
10795	2018-12-12T00:00:00	14:19:00	SEM VÍTIMA	FINALIZADA	CORDEIRO	AV GENERAL SAN MARTIN	330	""	FRENTE AO Nº 330	AV GENERAL SAN MARTIN	330	FRENTE AO Nº 330	CORDEIRO		CIDADE	COLISÃO TRASEIRA	COLISÃO SEM VITIMAS	1					1				0		Longo da via	Bom	Não existe	Perfeito estado	Seca	Perfeito estado	Não existe	R-6a	""	Dupla	Faixa seccionada	""	""
10796	2018-12-12T00:00:00	14:50:00	SEM VÍTIMA	CANCELADA	GUABIRABA	AV DA RECUPERACAO	1470	1 TRV JUSTICA E PAZ	ANTES OFICINA DE MOLAS A UPINHA	AV DA RECUPERACAO	1470	ANTES OFICINA DE MOLAS A UPINHA	GUABIRABA		""	COLISÃO	COLISÃO SEM VITIMAS	1						1			0		""	""	""	""	""	""	""	""	""	""	""	""	""
10797	2018-12-12T00:00:00	14:53:00	SEM VÍTIMA	FINALIZADA	IPSEP	RUA RIO AMAZONAS	430	RUA SANTOS COSME E DAMIAO	CHEIRO MINEIRO	RUA RIO AMAZONAS	430	CHEIRO MINEIRO	IPSEP		CIDADE	ABALROAMENTO TRANSVERSAL	COLISAO ENTRA DOIS AUTOS	2									0		Cruzamento	Bom	Não existe	Não existente	Seca	Perfeito estado	Não existe	Não há placas	""	Única	Não existe	""	""
10798	2018-12-12T00:00:00	15:29:00	SEM VÍTIMA	FINALIZADA	MADALENA	RUA BENFICA	""	""	PROX. DO CLUB INTERNACIONAL EO POSTO BR	RUA BENFICA	""	PROX. DO CLUB INTERNACIONAL EO POSTO BR	MADALENA	629	SUBURBIO	COLISÃO TRASEIRA	COLISÃO SEM VITIMAS	3									0		Longo da via	Bom	Sem defeito	Perfeito estado	Seca	Perfeito estado	Faixa de retenção	Não há placas	""	Única	Faixa contínua	""	""
10799	2018-12-12T00:00:00	15:49:00	SEM VÍTIMA	FINALIZADA	ARRUDA	AV PROFESSOR JOSE DOS ANJOS	""	EST VELHA DE AGUA FRIA	""	AV PROFESSOR JOSE DOS ANJOS	""	""	ARRUDA	306	CIDADE	ABALROAMENTO LONGITUDINAL	COLISÃO SEM VITIMAS	2									0		Cruzamento	Bom	Sem defeito	Perfeito estado	Seca	Perfeito estado	Outros	Outras	""	Dupla	Canal	""	""
10800	2018-12-12T00:00:00	16:16:00	SEM VÍTIMA	FINALIZADA	BOA VISTA	RUA DO PROGRESSO	274	RUA DAS NINFAS	""	RUA DO PROGRESSO	274	""	BOA VISTA		CIDADE	ABALROAMENTO LONGITUDINAL	DOIS AUTOS	2									0		Cruzamento	Bom	Não existe	Perfeito estado	Seca	Perfeito estado	Não existe	Não há placas	""	Única	Não existe	""	""
10801	2018-12-12T00:00:00	16:35:00	SEM VÍTIMA	CANCELADA	SANTO AMARO	AV DR JAYME DA FONTE	""	""	EM FRENTE A COMPESA	AV DR JAYME DA FONTE	""	EM FRENTE A COMPESA	SANTO AMARO		""	COLISÃO	AUTO E MOTO S/V	1	1								0		""	""	""	""	""	""	""	""	""	""	""	""	""
10802	2018-12-12T00:00:00	17:08:00	SEM VÍTIMA	FINALIZADA	BOA VIAGEM	AV ENGENHEIRO DOMINGOS FERREIRA	""	1BE DONA BENVINDA DE FARIAS	E/F AO EXTRA	AV ENGENHEIRO DOMINGOS FERREIRA	""	E/F AO EXTRA	BOA VIAGEM		SUBURBIO	COLISÃO	COLISAO ENTRE TAXI E MOTO S/V	1	1								0		""	""	""	""	""	""	""	""	""	""	""	""	""
10803	2018-12-12T00:00:00	17:13:00	SEM VÍTIMA	FINALIZADA	IPSEP	AV RECIFE	""	""	EM FRENTE AO POSTO IPIRANGA	AV RECIFE	""	EM FRENTE AO POSTO IPIRANGA	IPSEP		""	ABALROAMENTO LONGITUDINAL	COLISAO ENTRE DOIS CAMINHOES S/V							2			0		Longo da via	Bom	Não existe	Incompleta	Seca	Perfeito estado	Não existe	Outras	""	Dupla	Canteiro central	""	""
10804	2018-12-12T00:00:00	17:14:00	SEM VÍTIMA	FINALIZADA	ILHA JOANA BEZERRA	RUA AZUL	""	""	""	RUA AZUL	""	""	ILHA JOANA BEZERRA		CIDADE	ABALROAMENTO TRANSVERSAL	COLISÃO SEM VITIMAS	1								1	0		Cruzamento	Bom	Não existe	Perfeito estado	Seca	Perfeito estado	Faixa de retenção	"Placas ""Pare"""	""	Dupla	Canteiro central	""	""
10805	2018-12-12T00:00:00	17:28:00	COM VÍTIMA	FINALIZADA	MADALENA	AV BEIRA RIO	879	""	EM FRENTE AO COLEGIO EQUIPE.	AV BEIRA RIO	879	EM FRENTE AO COLEGIO EQUIPE.	MADALENA		SUBURBIO	CHOQUE VEÍCULO PARADO	COLISAO ENTRE AUTO E MOTO COM VITIMA	1	1								1		Longo da via	Bom	Não existe	Perfeito estado	Seca	Perfeito estado	Não existe	Outras	""	Dupla	Faixa contínua	""	""
10806	2018-12-12T00:00:00	17:31:00	SEM VÍTIMA	FINALIZADA	GRAÇAS	RUA JOAQUIM NABUCO	200	""	E/F AO HOSPITAL SANTA JOANA PROX AO HEMOPE	RUA JOAQUIM NABUCO	200	E/F AO HOSPITAL SANTA JOANA PROX AO HEMOPE	GRAÇAS		SUBURBIO	CHOQUE VEÍCULO PARADO	COLISAO ENTRE CAMINHAO E AUTO S/V	1						1			0		Longo da via	Bom	Não existe	Perfeito estado	Seca	Perfeito estado	Não existe	Outras	""	Única	Faixa seccionada	""	""
10807	2018-12-12T00:00:00	17:55:00	SEM VÍTIMA	FINALIZADA	BOA VIAGEM	AV DOM JOAO VI	""	RUA SOLDADO SINESIO DE ARAGAO	""	AV DOM JOAO VI	""	""	BOA VIAGEM		SUBURBIO	COLISÃO TRASEIRA	COLISÃO SEM VITIMAS	2									0		Longo da via	Bom	Sem defeito	Perfeito estado	Seca	Perfeito estado	Não existe	Não há placas	""	Dupla	Canteiro central	""	""
10808	2018-12-12T00:00:00	18:27:00	SEM VÍTIMA	DUPLICIDADE	BOA VIAGEM	AV DOM JOAO VI	""	RUA SOLDADO SINESIO DE ARAGAO	PROX AO COLEGIO GGE	AV DOM JOAO VI	""	PROX AO COLEGIO GGE	BOA VIAGEM	639	SUBURBIO	COLISÃO	CLIO X ETIOS	2									0		""	""	""	""	""	""	""	""	""	""	""	""	""
10809	2018-12-12T00:00:00	18:30:00	SEM VÍTIMA	FINALIZADA	MADALENA	RUA J A DA SILVEIRA	""	RUA JANUARIO BARBOSA	""	RUA J A DA SILVEIRA	""	""	MADALENA		""	ABALROAMENTO TRANSVERSAL	RONDA CIT X HILUX	2									0		Cruzamento	Bom	Não existe	Perfeito estado	Seca	Perfeito estado	Outros	"Placas ""Pare"""	""	Dupla	Não existe	""	""
10810	2018-12-12T00:00:00	18:35:00	SEM VÍTIMA	FINALIZADA	BOA VIAGEM	RUA PADRE CARAPUCEIRO	3534	AV CONSELHEIRO AGUIAR	PROX AO PURO AÇAI // LOJA CORTA JACA	RUA PADRE CARAPUCEIRO	3534	PROX AO PURO AÇAI // LOJA CORTA JACA	BOA VIAGEM		SUBURBIO	ABALROAMENTO TRANSVERSAL	ONIBUS X ONIX	1					1				0		Cruzamento	Bom	Sem defeito	Perfeito estado	Seca	Perfeito estado	Não existe	Não há placas	60 km/h	Única	Faixa seccionada	""	""
10811	2018-12-12T00:00:00	19:05:00	SEM VÍTIMA	FINALIZADA	TORRE	RUA VITORIANO PALHARES	""	""	AO LADO DO ATACADO DOS PRESENTES	RUA VITORIANO PALHARES	""	AO LADO DO ATACADO DOS PRESENTES	TORRE		""	COLISÃO TRASEIRA	ENTRE AUTOS S/V.	2									0		Longo da via	Bom	Não existe	Perfeito estado	Seca	Perfeito estado	Não existe	Não há placas	""	Única	Não existe	""	""
10812	2018-12-12T00:00:00	19:12:00	SEM VÍTIMA	FINALIZADA	IMBIRIBEIRA	RUA JAMAICA	198	RUA ITAJAI	IGREJA PRESBITERIANA DO BRASIL	RUA JAMAICA	198	IGREJA PRESBITERIANA DO BRASIL	IMBIRIBEIRA		CIDADE	ABALROAMENTO TRANSVERSAL	ÔNIBUS X AUTO S/V.	1					1				0		Cruzamento	Bom	Não existe	Incompleta	Seca	Perfeito estado	Faixa de pedestre	R-6a	""	Única	Faixa contínua	Faixa seccionada	""
10813	2018-12-12T00:00:00	19:37:00	SEM VÍTIMA	FINALIZADA	BOA VIAGEM	AV CONSELHEIRO AGUIAR	187	RUA ERNESTO DE PAULA SANTOS	ENF ACADEMIA ESMART FIT	AV CONSELHEIRO AGUIAR	187	ENF ACADEMIA ESMART FIT	BOA VIAGEM	127	""	ABALROAMENTO LONGITUDINAL	CAMINHAO X JEEP	1						1			0		Cruzamento	Bom	Sem defeito	Perfeito estado	Seca	Perfeito estado	Faixa de pedestre	Outras	""	Única	Faixa seccionada	""	""
10814	2018-12-12T00:00:00	20:17:00	SEM VÍTIMA	CANCELADA	BRASÍLIA TEIMOSA	AV BRASILIA FORMOSA	265	""	NO COMEÇO DA ORLA	AV BRASILIA FORMOSA	265	NO COMEÇO DA ORLA	BRASÍLIA TEIMOSA		""	COLISÃO	TUCSON X SHINERAY	1		1							0		""	""	""	""	""	""	""	""	""	""	""	""	""
10815	2018-12-12T00:00:00	20:48:00	SEM VÍTIMA	FINALIZADA	APIPUCOS	RUA DOIS IRMAOS	""	""	PRÓX. AO INSTITUTO DE DOCUMENTAÇÃO DA PM	RUA DOIS IRMAOS	""	PRÓX. AO INSTITUTO DE DOCUMENTAÇÃO DA PM	APIPUCOS		SUBURBIO	ABALROAMENTO TRANSVERSAL	AUTO X MOTO C/V.	1		1							0		Longo da via	Bom	Não existe	Perfeito estado	Seca	Mal iluminada	""	R-6a	""	Dupla	Faixa contínua	""	""
10816	2018-12-13T00:00:00	07:44:00	SEM VÍTIMA	FINALIZADA	CORDEIRO	RUA HONORIO CORREIA	227	""	EM FRENTE A GALERIA DE RAÇOES / EM FRENTE AO HOSPITAL GETULIO VARGAS	RUA HONORIO CORREIA	227	EM FRENTE A GALERIA DE RAÇOES / EM FRENTE AO HOSPITAL GETULIO VARGAS	CORDEIRO		SUBURBIO	CHOQUE VEÍCULO PARADO	DOIS AUTOS E UMA MOTO	2	2								0		Longo da via	Bom	Sem defeito	Perfeito estado	Seca	Perfeito estado	Faixa de pedestre	Outras	""	Única	Faixa contínua	""	""
10817	2018-12-13T00:00:00	07:58:00	COM VÍTIMA	FINALIZADA	PAISSANDU	AV GOVERNADOR AGAMENON MAGALHAES	""	""	EM FRENTE A CLINICA VETERINARIA VET MAIS	AV GOVERNADOR AGAMENON MAGALHAES	""	EM FRENTE A CLINICA VETERINARIA VET MAIS	PAISSANDU		SUBURBIO	ABALROAMENTO LONGITUDINAL	ATROPELAMENTO SEGUIDO DE COLISÃO,COM DUAS VITIMAS,AGUARDANDO SAMU	1	1			1					2		Longo da via	Bom	Sem defeito	Perfeito estado	Seca	Perfeito estado	Não existe	Não há placas	60 km/h	Única	Faixa seccionada	""	""
10818	2018-12-13T00:00:00	08:09:00	SEM VÍTIMA	FINALIZADA	AFOGADOS	AV SUL	82	RUA NICOLAU PEREIRA	ALUMIAÇO	AV SUL	82	ALUMIAÇO	AFOGADOS		CIDADE	COLISÃO TRASEIRA	SEM VITMAS	2									0		Longo da via	Bom	Não existe	Perfeito estado	Seca	Perfeito estado	Não existe	Não há placas	""	Única	Faixa seccionada	""	""
10819	2018-12-13T00:00:00	08:21:00	SEM VÍTIMA	FINALIZADA	AFOGADOS	RUA QUITERIO INACIO DE MELLO	""	""	PRÓXIMO AO SEMÁFORO DE Nº 333	RUA QUITERIO INACIO DE MELLO	""	PRÓXIMO AO SEMÁFORO DE Nº 333	AFOGADOS		SUBURBIO	ABALROAMENTO LONGITUDINAL	COLISÃO ENTRE DOIS AUTOS	2									0		Longo da via	Bom	Sem defeito	Perfeito estado	Seca	Perfeito estado	Não existe	Não há placas	""	Única	Faixa contínua	Faixa seccionada	""