_id	DATA	hora	natureza_acidente	situacao	bairro	endereco	numero	detalhe_endereco_acidente	complemento	endereco_cruzamento	numero_cruzamento	referencia_cruzamento	bairro_cruzamento	num_semaforo	sentido_via	tipo	descricao	auto	moto	ciclom	ciclista	pedestre	onibus	caminhao	viatura	outros	vitimas	vitimasfatais	acidente_verificado	tempo_clima	situacao_semaforo	sinalizacao	condicao_via	conservacao_via	ponto_controle	situacao_placa	velocidade_max_via	mao_direcao	divisao_via1	divisao_via2	divisao_via3
10873	2018-12-14T00:00:00	14:25:00	SEM VÍTIMA	DUPLICIDADE	IMBIRIBEIRA	AV MARECHAL MASCARENHAS DE MORAES	""	""	EM FRENTE A CAM PNEUS E AO LADO DO BANCO ITAU/ SENTIDO BOA VIAGEM	AV MARECHAL MASCARENHAS DE MORAES	""	EM FRENTE A CAM PNEUS E AO LADO DO BANCO ITAU/ SENTIDO BOA VIAGEM	IMBIRIBEIRA		""	COLISÃO	COLISÃO SEM VÍTIMA	1									0		""	""	""	""	""	""	""	""	""	""	""	""	""
10874	2018-12-14T00:00:00	15:25:00	SEM VÍTIMA	CANCELADA	VÁRZEA	RUA VALE DO SIRIJI	158	""	EM FRENTE A BARRACA DO ACARAJE E AO LADO DA GRANJA DO LL	RUA VALE DO SIRIJI	158	EM FRENTE A BARRACA DO ACARAJE E AO LADO DA GRANJA DO LL	VÁRZEA		""	COLISÃO	COLISÃO SEM VÍTIMA	2									0		""	""	""	""	""	""	""	""	""	""	""	""	""
10875	2018-12-14T00:00:00	15:56:00	SEM VÍTIMA	FINALIZADA	ROSARINHO	RUA TREZE DE JUNHO	""	""	SOB O SEMÁFORO Nº 456	RUA TREZE DE JUNHO	""	SOB O SEMÁFORO Nº 456	ROSARINHO	456	""	COLISÃO TRASEIRA	COLISÃO SEM VÍTIMA	2									0		Longo da via	Bom	Sem defeito	Incompleta	Seca	Perfeito estado	Faixa de pedestre	R-6a	""	Única	Não existe	""	""
10876	2018-12-14T00:00:00	15:58:00	COM VÍTIMA	CANCELADA	JORDÃO	AV JULIO CESAR	63	""	PROX A BASE AEREA	AV JULIO CESAR	63	PROX A BASE AEREA	JORDÃO		""	COLISÃO	COLISAO ENTRE AUTO E MOTO COM UMA VITIMA	1	1								1		""	""	""	""	""	""	""	""	""	""	""	""	""
10877	2018-12-14T00:00:00	16:09:00	SEM VÍTIMA	FINALIZADA	MADALENA	RUA LOPES DE CARVALHO	266	""	""	RUA LOPES DE CARVALHO	266	""	MADALENA		SUBURBIO	ABALROAMENTO TRANSVERSAL	COLISÃO SEM VÍTIMA	2									0		Longo da via	Bom	Sem defeito	Perfeito estado	Seca	Perfeito estado	Não existe	R-6a	""	Dupla	Não existe	""	""
10878	2018-12-14T00:00:00	16:24:00	SEM VÍTIMA	FINALIZADA	BOA VIAGEM	RUA PROFESSOR AUGUSTO LINS E SILVA	""	RUA CONEGO ROMEU	""	RUA PROFESSOR AUGUSTO LINS E SILVA	""	""	BOA VIAGEM		SUBURBIO	CHOQUE VEÍCULO PARADO	COLISÃO SEM VÍTIMA	2									0		Cruzamento	Bom	Não existe	Incompleta	Seca	Perfeito estado	Não existe	"Placas ""Pare"""	""	Dupla	Não existe	""	""
10879	2018-12-14T00:00:00	16:31:00	SEM VÍTIMA	DUPLICIDADE	BOA VIAGEM	RUA CONEGO ROMEU	65	""	PROX A PADARIA ALÉM DO PÃO	RUA CONEGO ROMEU	65	PROX A PADARIA ALÉM DO PÃO	BOA VIAGEM		""	COLISÃO	COLISAO ENTRE DOIS AUTOS S/V	2									0		""	""	""	""	""	""	""	""	""	""	""	""	""
10880	2018-12-14T00:00:00	16:59:00	VÍTIMA FATAL	FINALIZADA	IMBIRIBEIRA	AV MARECHAL MASCARENHAS DE MORAES	""	""	EM FRENTE A LOCALIZA - EM FRENTE AO AEROPORTO	AV MARECHAL MASCARENHAS DE MORAES	""	EM FRENTE A LOCALIZA - EM FRENTE AO AEROPORTO	IMBIRIBEIRA		SUBURBIO	ABALROAMENTO LONGITUDINAL	COLISÃO- 3 MOTOS		3								2	1	Longo da via	Bom	Não existe	Perfeito estado	Seca	Perfeito estado	Não existe	Não há placas	60 km/h	Dupla	Faixa seccionada	""	""
10881	2018-12-14T00:00:00	17:37:00	SEM VÍTIMA	FINALIZADA	AFOGADOS	AV ENGENHEIRO ABDIAS DE CARVALHO	""	""	EM FRENTE A FARMÁCIA INDEPENDENTE	AV ENGENHEIRO ABDIAS DE CARVALHO	""	EM FRENTE A FARMÁCIA INDEPENDENTE	AFOGADOS	52	SUBURBIO	ABALROAMENTO LONGITUDINAL	COLISAO ENTRE DOIS AUTOS S/V	2									0		Longo da via	Bom	Sem defeito	Ilegível	Seca	Perfeito estado	Não existe	R-6a	""	Dupla	Canteiro central	""	""
10882	2018-12-14T00:00:00	17:49:00	SEM VÍTIMA	FINALIZADA	TEJIPIÓ	RUA FALCAO DE LACERDA	71	""	GRÁFICA ASL	RUA FALCAO DE LACERDA	71	GRÁFICA ASL	TEJIPIÓ		CIDADE	COLISÃO TRASEIRA	COLISÃO SEM VÍTIMA	1					1				0		Longo da via	Bom	Não existe	Incompleta	Seca	Perfeito estado	Não existe	Não há placas	""	Dupla	Faixa contínua	""	""
10883	2018-12-14T00:00:00	18:11:00	SEM VÍTIMA	CANCELADA	AFLITOS	RUA AMELIA	""	AV CONS ROSA E SILVA	FARMACIA EXTRA FARMA	RUA AMELIA	""	FARMACIA EXTRA FARMA	AFLITOS	46	""	COLISÃO	COLISÃO SEM VÍTIMA	1	1								0		""	""	""	""	""	""	""	""	""	""	""	""	""
10884	2018-12-14T00:00:00	18:59:00	SEM VÍTIMA	FINALIZADA	PRADO	RUA GOMES TABORDA	284	""	AO LADO DO JOQUEI CLUBE	RUA GOMES TABORDA	284	AO LADO DO JOQUEI CLUBE	PRADO		SUBURBIO	COLISÃO TRASEIRA	AUTO X GOL	3									0		Longo da via	Bom	Não existe	Perfeito estado	Seca	Mal iluminada	Agente	Não há placas	""	Dupla	Faixa seccionada	""	""
10885	2018-12-14T00:00:00	19:19:00	SEM VÍTIMA	FINALIZADA	IPSEP	RUA JEAN EMILE FAVRE	""	RUA ITAQUICE	AO LADO DA PRAÇA MAURICEIA	RUA JEAN EMILE FAVRE	""	AO LADO DA PRAÇA MAURICEIA	IPSEP		SUBURBIO	COLISÃO TRASEIRA	SIENA	2									0		Não informado	Bom	Não existe	Perfeito estado	Seca	Perfeito estado	""	""	""	Única	Faixa seccionada	""	""
10886	2018-12-14T00:00:00	20:08:00	SEM VÍTIMA	CANCELADA	AREIAS	AV RECIFE	""	""	PROX A LOMBADA ELETRONICA DA AV RECIFE E POSTO TOTAL // SENTIDO BOA VIAGEM	AV RECIFE	""	PROX A LOMBADA ELETRONICA DA AV RECIFE E POSTO TOTAL // SENTIDO BOA VIAGEM	AREIAS		""	COLISÃO	LOGAN X CAMINHAO REBOQUE	1						1			0		""	""	""	""	""	""	""	""	""	""	""	""	""
10887	2018-12-14T00:00:00	20:06:00	COM VÍTIMA	FINALIZADA	ENGENHO DO MEIO	RUA ANTONIO CURADO	""	RUA JOSE DOS SANTOS	PROX. AO CLUB DA COMPESA	RUA ANTONIO CURADO	""	PROX. AO CLUB DA COMPESA	ENGENHO DO MEIO		""	COLISÃO FRONTAL	COLISÃO COM VITIMA	1	1								1		Cruzamento	Bom	Não existe	Incompleta	Seca	Perfeito estado	Não existe	Outras	30 km/h	Dupla	Não existe	""	""
10888	2018-12-14T00:00:00	20:24:00	SEM VÍTIMA	FINALIZADA	JARDIM SÃO PAULO	RUA LEANDRO BARRETO	20	""	PADARIA LA ROQUE	RUA LEANDRO BARRETO	20	PADARIA LA ROQUE	JARDIM SÃO PAULO		SUBURBIO	COLISÃO TRASEIRA	COLISÃO SEM VÍTIMA	2									0		Longo da via	Bom	Não existe	Incompleta	Seca	Perfeito estado	Não existe	Não há placas	""	Dupla	Não existe	""	""
10889	2018-12-14T00:00:00	20:49:00	VÍTIMA FATAL	FINALIZADA	AFOGADOS	RUA SAO MIGUEL	176	""	ENF AO DEPATRI E MINISTÉRIO PÚBLICO	RUA SAO MIGUEL	176	ENF AO DEPATRI E MINISTÉRIO PÚBLICO	AFOGADOS		SUBURBIO	COLISÃO COM CICLISTA	CAMINHAO X CICLISTA				1			1				1	Longo da via	Bom	Sem defeito	Perfeito estado	Seca	Perfeito estado	Faixa de pedestre	""	""	Dupla	Faixa	""	""
10890	2018-12-14T00:00:00	21:33:00	SEM VÍTIMA	FINALIZADA	BOA VIAGEM	RUA VISCONDE DE JEQUITINHONHA	""	RUA CAPITAO ZUZINHA	EM FRENTE SETUBAL CENTER	RUA VISCONDE DE JEQUITINHONHA	""	EM FRENTE SETUBAL CENTER	BOA VIAGEM	433	SUBURBIO	ABALROAMENTO TRANSVERSAL	COLISÃO SEM VÍTIMA	2									0		Cruzamento	Bom	Sem defeito	Perfeito estado	Seca	Perfeito estado	Faixa de pedestre	Outras	""	Única	Canteiro central	""	""
10891	2018-12-14T00:00:00	23:48:00	SEM VÍTIMA	FINALIZADA	PAISSANDU	AV GOVERNADOR AGAMENON MAGALHAES	""	RUA GENERAL JOAQUIM INACIO	""	AV GOVERNADOR AGAMENON MAGALHAES	""	""	PAISSANDU	69	SUBURBIO	ABALROAMENTO LONGITUDINAL	ETIOS X TUCSON	2									0		Longo da via	Bom	Sem defeito	Perfeito estado	Seca	Perfeito estado	Faixa de pedestre	Não há placas	""	Dupla	Faixa contínua	Faixa seccionada	Canteiro central
10892	2018-12-15T00:00:00	00:13:00	SEM VÍTIMA	FINALIZADA	IMBIRIBEIRA	AV MARECHAL MASCARENHAS DE MORAES	""	""	AO LADO DO ATACADO DOS PRESENTES	AV MARECHAL MASCARENHAS DE MORAES	""	AO LADO DO ATACADO DOS PRESENTES	IMBIRIBEIRA	310	""	ABALROAMENTO TRANSVERSAL	COLISÃO ENTRE AUTO E ÔNIBUS S/V	1					1				0		Longo da via	Bom	Sem defeito	Perfeito estado	Seca	Perfeito estado	Faixa de pedestre	Outras	""	Dupla	Canteiro central	""	""
10893	2018-12-15T00:00:00	01:06:00	COM VÍTIMA	FINALIZADA	BEBERIBE	AV BEBERIBE	3333	RUA CAPITAO SALGUEIRO	PROX DA ARENA SHOW, PROX DO GIRADOURO	AV BEBERIBE	3333	PROX DA ARENA SHOW, PROX DO GIRADOURO	BEBERIBE	388	SUBURBIO	ABALROAMENTO TRANSVERSAL	COLISÃO ENTRE AUTO E MOTO C/V	1		1							1		Cruzamento	Bom	Intermitente	Perfeito estado	Seca	Perfeito estado	Faixa de pedestre	Outras	50 km/h	Dupla	Blocos	""	""
10894	2018-12-15T00:00:00	01:41:00	SEM VÍTIMA	FINALIZADA	DERBY	RUA JENER DE SOUZA	""	PRC DO DERBY	""	RUA JENER DE SOUZA	""	""	DERBY	418	CIDADE	COLISÃO TRASEIRA	COLISÃO ENTRE DOIS AUTOS S/V	2									0		Longo da via	Bom	Sem defeito	Ilegível	Seca	Mal iluminada	Não existe	Não há placas	""	Única	""	""	""
10895	2018-12-15T00:00:00	01:51:00	SEM VÍTIMA	FINALIZADA	BOA VIAGEM	RUA SA E SOUZA	""	RUA CAPITAO ZUZINHA	""	RUA SA E SOUZA	""	""	BOA VIAGEM	420	""	ABALROAMENTO LONGITUDINAL	COLISÃO ENTRE DOIS AUTOS S/V	2								1	0		Cruzamento	Bom	Sem defeito	Perfeito estado	Seca	Perfeito estado	Faixa de pedestre	""	40 km/h	Única	""	""	""
10896	2018-12-15T00:00:00	03:55:00	VÍTIMA FATAL	FINALIZADA	TAMARINEIRA	RUA CONEGO BARATA	""	AV NORTE	CRUZAMENTO DA FERRREIRA COSTA	RUA CONEGO BARATA	""	CRUZAMENTO DA FERRREIRA COSTA	TAMARINEIRA	62	SUBURBIO	COLISÃO FRONTAL	COLISÃO ENTRE AUTO E VAN, COM VÍTIMA FATAL	1					1				7	1	Cruzamento	Bom	Sem defeito	Incompleta	Seca	Perfeito estado	Faixa de pedestre	Não há placas	""	Dupla	Faixa contínua	Faixa seccionada	Canteiro central
10897	2018-12-15T00:00:00	06:37:00	COM VÍTIMA	FINALIZADA	BEBERIBE	AV BEBERIBE	4024	""	E/F A PIZZARIA ROUCHE.	AV BEBERIBE	4024	E/F A PIZZARIA ROUCHE.	BEBERIBE		""	CAPOTAMENTO	DERRAMAMENTO DE OLEO NA PISTA. HOUVE DOIS ACIDENTES COM VÍTIMA DEVIDO A SITUAÇÃO. SAMU NO LOCAL FAZENDO O SOCORRO		1								2		Longo da via	Bom	""	""	""	""	""	""	""	""	""	""	""
10898	2018-12-15T00:00:00	07:36:00	SEM VÍTIMA	FINALIZADA	IPUTINGA	AV PROFESSOR JOAQUIM CAVALCANTI	156	RUA MAURICIO DE NASSAU	""	AV PROFESSOR JOAQUIM CAVALCANTI	156	""	IPUTINGA		""	ABALROAMENTO LONGITUDINAL	COLISÃO SEM VITIMAS	1	1								0		Longo da via	Bom	Não existe	Perfeito estado	Seca	Perfeito estado	Não existe	Outras	""	Dupla	Canteiro central	""	""
10899	2018-12-15T00:00:00	08:01:00	SEM VÍTIMA	FINALIZADA	AFOGADOS	EST DOS REMEDIOS	599	""	PROX AO POSTO TOTAL EM FRENTE A DEFENSORIA PUBLICA	EST DOS REMEDIOS	599	PROX AO POSTO TOTAL EM FRENTE A DEFENSORIA PUBLICA	AFOGADOS		""	COLISÃO	COLISAO ENTRE DOIS AUTOS S/V	2									0		""	""	""	""	""	""	""	""	""	""	""	""	""
10900	2018-12-15T00:00:00	09:13:00	SEM VÍTIMA	FINALIZADA	GRAÇAS	RUA JORNALISTA ESMARAGDO MARROQUIM	""	AV RUI BARBOSA	E/F AO MUSEU DO ESTADO	RUA JORNALISTA ESMARAGDO MARROQUIM	""	E/F AO MUSEU DO ESTADO	GRAÇAS	305	SUBURBIO	COLISÃO TRASEIRA	COLISAO ENTRE TRES AUTOS S/V	3									0		Longo da via	Bom	Sem defeito	Perfeito estado	Seca	Perfeito estado	Faixa de pedestre	Outras	""	Única	Faixa contínua	Faixa seccionada	""
10901	2018-12-15T00:00:00	09:15:00	SEM VÍTIMA	FINALIZADA	AFOGADOS	RUA SAO MIGUEL	""	""	EM FRENTE AO POSTO DE GASOLINA IPIRANGA	RUA SAO MIGUEL	""	EM FRENTE AO POSTO DE GASOLINA IPIRANGA	AFOGADOS		SUBURBIO	ABALROAMENTO LONGITUDINAL	COLISÃO SEM VITIMAS	1	1								0		Longo da via	Bom	Não existe	Incompleta	Seca	Perfeito estado	Não existe	Não há placas	""	Dupla	Faixa seccionada	""	""
10902	2018-12-15T00:00:00	09:48:00	SEM VÍTIMA	FINALIZADA	BOA VIAGEM	AV CONSELHEIRO AGUIAR	420	RUA RIBEIRO DE BRITO	EDF VITRINE	AV CONSELHEIRO AGUIAR	420	EDF VITRINE	BOA VIAGEM	147	CIDADE	ABALROAMENTO LONGITUDINAL	COLISAO ENTRE DOIS AUTO S/V	2									0		Cruzamento	Bom	Sem defeito	Perfeito estado	Seca	Perfeito estado	Faixa de pedestre	R-6a	60 km/h	Única	Faixa seccionada	""	""
10903	2018-12-15T00:00:00	10:19:00	SEM VÍTIMA	FINALIZADA	AFOGADOS	RUA JOAO IVO DA SILVA	""	""	EM FRENTE A CONCESSIONARIA FIORI E A TUPAN	RUA JOAO IVO DA SILVA	""	EM FRENTE A CONCESSIONARIA FIORI E A TUPAN	AFOGADOS		SUBURBIO	COLISÃO TRASEIRA	COLISÃO SEM VITIMAS	1	1								0		Longo da via	Bom	Não existe	Perfeito estado	Seca	Perfeito estado	Não existe	Não há placas	""	Única	Faixa seccionada	""	""
10904	2018-12-15T00:00:00	10:01:00	SEM VÍTIMA	FINALIZADA	ENCRUZILHADA	AV JOAO DE BARROS	""	AV BEBERIBE	DE ESQUINA COM A FARMACIA PAGUE MENOS	AV JOAO DE BARROS	""	DE ESQUINA COM A FARMACIA PAGUE MENOS	ENCRUZILHADA	186	SUBURBIO	ABALROAMENTO LONGITUDINAL	COLISÃO SEM VITIMAS GM QTH	1						1			0		Cruzamento	Bom	Sem defeito	Perfeito estado	Seca	Perfeito estado	Faixa de pedestre	Outras	""	Única	Faixa seccionada	Canteiro central	""
10905	2018-12-15T00:00:00	10:52:00	SEM VÍTIMA	FINALIZADA	SÃO JOSÉ	AV SUL	""	""	AO LADO OPOSTO DE COMBUSTÍVEL PETROBRAS BR	AV SUL	""	AO LADO OPOSTO DE COMBUSTÍVEL PETROBRAS BR	SÃO JOSÉ	311	CIDADE	COLISÃO TRASEIRA	SEM VÍTIMAS	2									0		Longo da via	Bom	Sem defeito	Perfeito estado	Seca	Perfeito estado	Faixa de retenção	Outras	""	Dupla	Canteiro central	""	""
10906	2018-12-15T00:00:00	11:36:00	SEM VÍTIMA	FINALIZADA	ENCRUZILHADA	AV BEBERIBE	""	""	AO LADO DA FARMACIA PAGUE MENOS	AV BEBERIBE	""	AO LADO DA FARMACIA PAGUE MENOS	ENCRUZILHADA	186	SUBURBIO	COLISÃO TRASEIRA	SEM VÍTIMAS	2									0		Longo da via	Bom	Sem defeito	Perfeito estado	Seca	Perfeito estado	Faixa de pedestre	Outras	""	Única	Faixa seccionada	Canteiro central	""
10907	2018-12-15T00:00:00	11:42:00	SEM VÍTIMA	CANCELADA	BOA VIAGEM	AV DOM JOAO VI	""	""	SENTIDO AEROPORTO, ANTES DO TUNÉL DO ANTIGO CARREFOUR, AGORA ATACADÃO	AV DOM JOAO VI	""	SENTIDO AEROPORTO, ANTES DO TUNÉL DO ANTIGO CARREFOUR, AGORA ATACADÃO	BOA VIAGEM	400	""	COLISÃO	SEM VÍTIMAS	1							1		0		""	""	""	""	""	""	""	""	""	""	""	""	""
10908	2018-12-15T00:00:00	12:11:00	SEM VÍTIMA	CANCELADA	SÃO JOSÉ	AV SUL	1148	""	EM FRENTE A COOPERATIVA ESPERANÇA VIVA	AV SUL	1148	EM FRENTE A COOPERATIVA ESPERANÇA VIVA	SÃO JOSÉ		""	COLISÃO	TRES AUTOS	3									0		""	""	""	""	""	""	""	""	""	""	""	""	""
10909	2018-12-15T00:00:00	12:42:00	SEM VÍTIMA	FINALIZADA	IMBIRIBEIRA	AV MARECHAL MASCARENHAS DE MORAES	""	""	EM FRENTE AO JUIZADO ESPECIAL / SENTIDO AFOGADOS	AV MARECHAL MASCARENHAS DE MORAES	""	EM FRENTE AO JUIZADO ESPECIAL / SENTIDO AFOGADOS	IMBIRIBEIRA	288	CIDADE	COLISÃO TRASEIRA	COLISÃO SEM VÍTIMA	2									0		Longo da via	Bom	Sem defeito	Perfeito estado	Seca	Perfeito estado	Faixa de pedestre	R-6a	""	Dupla	Faixa seccionada	Canteiro central	""
10910	2018-12-15T00:00:00	12:57:00	SEM VÍTIMA	FINALIZADA	ENCRUZILHADA	AV JOAO DE BARROS	1883	""	BRADESCO	AV JOAO DE BARROS	1883	BRADESCO	ENCRUZILHADA		CIDADE	ABALROAMENTO LONGITUDINAL	COLISÃO SEM VÍTIMA	1					1				0		Longo da via	Bom	Sem defeito	Perfeito estado	Seca	Perfeito estado	Outros	Outras	""	Única	Faixa	""	""
10911	2018-12-15T00:00:00	13:37:00	SEM VÍTIMA	FINALIZADA	PRADO	AV ENGENHEIRO ABDIAS DE CARVALHO	""	""	""	AV ENGENHEIRO ABDIAS DE CARVALHO	""	""	PRADO	58	SUBURBIO	COLISÃO TRASEIRA	COLISAO ENTRE DOIS AUTOS S/V	2									0		Longo da via	Bom	Sem defeito	Perfeito estado	Seca	Perfeito estado	Faixa de pedestre	Outras	60 km/h	Única	Faixa seccionada	""	""
10912	2018-12-15T00:00:00	14:45:00	SEM VÍTIMA	FINALIZADA	AREIAS	RUA BALIZA	96	""	BETEL INFORMATICA	RUA BALIZA	96	BETEL INFORMATICA	AREIAS		""	COLISÃO TRASEIRA	DOIS AUTOS	2									0		Longo da via	Bom	""	Perfeito estado	Seca	Perfeito estado	Não existe	Não há placas	""	Única	Não existe	""	""
10913	2018-12-15T00:00:00	15:57:00	SEM VÍTIMA	FINALIZADA	NOVA DESCOBERTA	AV VEREADOR OTACILIO AZEVEDO	3002	""	EM FRENTE A DELEGACIA DA MACAXEIRA E AO TERMINAL DE VASCO DA GAMA	AV VEREADOR OTACILIO AZEVEDO	3002	EM FRENTE A DELEGACIA DA MACAXEIRA E AO TERMINAL DE VASCO DA GAMA	NOVA DESCOBERTA		""	COLISÃO	COLISÃO SEM VÍTIMA		2								0		""	""	""	""	""	""	""	""	""	""	""	""	""
10914	2018-12-15T00:00:00	16:03:00	SEM VÍTIMA	FINALIZADA	CASA AMARELA	AV NORTE	6037	""	EM FRENTE AO DESKONTAO ATACADISTA	AV NORTE	6037	EM FRENTE AO DESKONTAO ATACADISTA	CASA AMARELA		CIDADE	COLISÃO TRASEIRA	ENTRE TRES AUTOS S/V	3									0		Longo da via	Bom	Não existe	Perfeito estado	Seca	Perfeito estado	Faixa de pedestre	R-6a	""	Dupla	Faixa seccionada	Canteiro central	""
10915	2018-12-15T00:00:00	16:08:00	SEM VÍTIMA	FINALIZADA	BOA VIAGEM	RUA PROFESSOR JOAO MEDEIROS	""	RUA JACK AYRES	""	RUA PROFESSOR JOAO MEDEIROS	""	""	BOA VIAGEM	183	SUBURBIO	ABALROAMENTO LONGITUDINAL	COLISÃO SEM VÍTIMA	2									0		Cruzamento	Bom	Sem defeito	Perfeito estado	Seca	Perfeito estado	Faixa de pedestre	Outras	60 km/h	Única	Não existe	""	""
10916	2018-12-15T00:00:00	16:19:00	SEM VÍTIMA	FINALIZADA	BOA VIAGEM	RUA DES JOAO PAES	730	RUA TENENTE DOMINGOS DE BRITO	""	RUA DES JOAO PAES	730	""	BOA VIAGEM		SUBURBIO	ABALROAMENTO LONGITUDINAL	COLISÃO SEM VÍTIMA	2									0		Cruzamento	Bom	Sem defeito	Perfeito estado	Seca	Perfeito estado	Faixa de pedestre	"Placas ""Pare"""	""	Única	Faixa seccionada	""	""
10917	2018-12-15T00:00:00	16:28:00	SEM VÍTIMA	FINALIZADA	BOA VIAGEM	RUA RIBEIRO DE BRITO	""	RUA AGENOR LOPES	""	RUA RIBEIRO DE BRITO	""	""	BOA VIAGEM	496	CIDADE	ABALROAMENTO TRANSVERSAL	TAXI E AUTO PASSEIO	2									0		Cruzamento	Bom	Sem defeito	Perfeito estado	Seca	Perfeito estado	Faixa de pedestre	Outras	""	Única	Faixa seccionada	""	""
10918	2018-12-15T00:00:00	18:40:00	SEM VÍTIMA	CANCELADA	TORRÕES	RUA LEILA FELIX KARAM	""	""	RUA DO ANTIGO BAR NOSSO QUINTAL	RUA LEILA FELIX KARAM	""	RUA DO ANTIGO BAR NOSSO QUINTAL	TORRÕES		""	COLISÃO	COLISÃO SEM VÍTIMA	2									0		""	""	""	""	""	""	""	""	""	""	""	""	""
10919	2018-12-15T00:00:00	19:41:00	SEM VÍTIMA	CANCELADA	IMBIRIBEIRA	AV MARECHAL MASCARENHAS DE MORAES	""	""	NA FRENTE DO ANTIGO AEROPORTO E A LOCALIZA	AV MARECHAL MASCARENHAS DE MORAES	""	NA FRENTE DO ANTIGO AEROPORTO E A LOCALIZA	IMBIRIBEIRA		SUBURBIO	COLISÃO	COLISÃO SEM VÍTIMA	2									0		""	""	""	""	""	""	""	""	""	""	""	""	""
10920	2018-12-15T00:00:00	19:53:00	SEM VÍTIMA	FINALIZADA	ESTÂNCIA	AV RECIFE	""	""	LADO OPOSTO AO POSTO BR	AV RECIFE	""	LADO OPOSTO AO POSTO BR	ESTÂNCIA		""	COLISÃO TRASEIRA	COLISÃO SEM VITIMAS	3									0		Longo da via	Bom	Sem defeito	Perfeito estado	Seca	Perfeito estado	""	""	""	Dupla	Canteiro central	""	""
10921	2018-12-15T00:00:00	22:23:00	SEM VÍTIMA	FINALIZADA	ZUMBI	RUA VALE DO CARIRI	232	""	CONSULTÓRIO MÉDICO	RUA VALE DO CARIRI	232	CONSULTÓRIO MÉDICO	ZUMBI		SUBURBIO	CHOQUE VEÍCULO PARADO	FAIT PALIO X MOTO	1	1								0		Longo da via	Bom	Não existe	Perfeito estado	Seca	Perfeito estado	Não existe	Outras	""	Dupla	Não existe	""	""
10922	2018-12-15T00:00:00	23:13:00	SEM VÍTIMA	CANCELADA	BOA VIAGEM	RUA ERNESTO DE PAULA SANTOS	""	AV BOA VIAGEM	PROX AO HOTEL GRAM MERCURE	RUA ERNESTO DE PAULA SANTOS	""	PROX AO HOTEL GRAM MERCURE	BOA VIAGEM	113	""	COLISÃO	COBOLT X CELTA	2									0		""	""	""	""	""	""	""	""	""	""	""	""	""
10923	2018-12-15T00:00:00	23:57:00	COM VÍTIMA	FINALIZADA	DERBY	AV GOVERNADOR AGAMENON MAGALHAES	""	AV CONDE DA BOA VISTA	ENF A PRC DO DERBI // VIA PRINCIPAL // SENTIDO OLINDA	AV GOVERNADOR AGAMENON MAGALHAES	""	ENF A PRC DO DERBI // VIA PRINCIPAL // SENTIDO OLINDA	DERBY	75	SUBURBIO	COLISÃO	MOTO X CITROEN	1	1								1		Longo da via	Bom	Sem defeito	Perfeito estado	Seca	Perfeito estado	Faixa de pedestre	Outras	60 km/h	Dupla	Canteiro central	Canal	""
10924	2018-12-16T00:00:00	00:01:00	SEM VÍTIMA	FINALIZADA	PINA	AVENIDA CELSO FURTADO (VIA MANGUE)	""	""	AO LADO DA AGROCLUB	AVENIDA CELSO FURTADO (VIA MANGUE)	""	AO LADO DA AGROCLUB	PINA		SUBURBIO	COLISÃO TRASEIRA	VOYAGE X SIENA	2									0		Longo da via	Bom	Não existe	""	Seca	Perfeito estado	Outros	Não há placas	""	Única	Faixa seccionada	""	""
10925	2018-12-16T00:00:00	00:15:00	SEM VÍTIMA	FINALIZADA	APIPUCOS	RUA DOIS IRMAOS	34	""	ENF A FUNDAÇAO JOAQUIM NABUCO	RUA DOIS IRMAOS	34	ENF A FUNDAÇAO JOAQUIM NABUCO	APIPUCOS		CIDADE	ABALROAMENTO LONGITUDINAL	NISSAN X RENAULT	2									0		Longo da via	Bom	Não existe	Perfeito estado	Seca	Perfeito estado	Não existe	Outras	""	Dupla	Faixa contínua	""	""
10926	2018-12-16T00:00:00	07:35:00	SEM VÍTIMA	FINALIZADA	PINA	AV ANTONIO DE GOES	820	""	EM FRENTE AO DNIT	AV ANTONIO DE GOES	820	EM FRENTE AO DNIT	PINA	656	CIDADE	COLISÃO TRASEIRA	TRES AUTOS PASSEIO E UM ONIBUS	3					1				0		Longo da via	Bom	Sem defeito	Perfeito estado	Seca	Perfeito estado	Faixa de pedestre	Outras	""	Única	Canteiro central	""	""