_id	DATA	hora	natureza_acidente	situacao	bairro	endereco	numero	detalhe_endereco_acidente	complemento	endereco_cruzamento	numero_cruzamento	referencia_cruzamento	bairro_cruzamento	num_semaforo	sentido_via	tipo	descricao	auto	moto	ciclom	ciclista	pedestre	onibus	caminhao	viatura	outros	vitimas	vitimasfatais	acidente_verificado	tempo_clima	situacao_semaforo	sinalizacao	condicao_via	conservacao_via	ponto_controle	situacao_placa	velocidade_max_via	mao_direcao	divisao_via1	divisao_via2	divisao_via3
11142	2018-12-21T00:00:00	11:19:00	SEM VÍTIMA	FINALIZADA	SANTO AMARO	AV CRUZ CABUGA	304	RUA AFONSO COSTA	EM FRENTE A ANTIGA LOJA ESPOSENDE	AV CRUZ CABUGA	304	EM FRENTE A ANTIGA LOJA ESPOSENDE	SANTO AMARO		SUBURBIO	ABALROAMENTO LONGITUDINAL	COLISÃO SEM VITIMAS	1					1				0		Cruzamento	Bom	Não existe	Não existente	Seca	Perfeito estado	Não existe	Não há placas	""	Dupla	Faixa seccionada	""	""
11143	2018-12-21T00:00:00	12:10:00	SEM VÍTIMA	FINALIZADA	IBURA	AV DOIS RIOS	""	RUA RIO XINGU	NO SEMAFORO 351	AV DOIS RIOS	""	NO SEMAFORO 351	IBURA	351	CID/SUB	ABALROAMENTO LONGITUDINAL	COLISÃO SEM VÍTIMA	2									0		Longo da via	Bom	Sem defeito	Perfeito estado	Seca	Mal conservada	Faixa de pedestre	Não há placas	""	Dupla	Faixa	""	""
11144	2018-12-21T00:00:00	12:22:00	SEM VÍTIMA	FINALIZADA	CORDEIRO	AV INACIO MONTEIRO	""	""	""	AV INACIO MONTEIRO	""	""	CORDEIRO	566	CIDADE	COLISÃO TRASEIRA	COLISAO ENTRE DOIS AUTOS S/V	2									0		Longo da via	Bom	Sem defeito	Perfeito estado	Seca	Perfeito estado	Faixa de pedestre	Não há placas	""	Dupla	Faixa contínua	""	""
11145	2018-12-21T00:00:00	12:28:00	SEM VÍTIMA	FINALIZADA	PINA	AV ANTONIO DE GOES	194	""	EM FRENTE A SECRETARIA DE ADMINISTRAÇÃO GOVERNO DO ESTADO DE PE	AV ANTONIO DE GOES	194	EM FRENTE A SECRETARIA DE ADMINISTRAÇÃO GOVERNO DO ESTADO DE PE	PINA		CIDADE	COLISÃO FRONTAL	COLISÃO SEM VÍTIMA	3									0		Longo da via	Bom	""	Perfeito estado	Seca	""	Outros	""	60 km/h	""	Faixa seccionada	Canteiro central	Blocos
11146	2018-12-21T00:00:00	12:54:00	SEM VÍTIMA	FINALIZADA	IMBIRIBEIRA	AV RECIFE	""	AV MARECHAL MASCARENHAS DE MORAES	E/F A TOYOLEX S/T AEROPORTO	AV RECIFE	""	E/F A TOYOLEX S/T AEROPORTO	IMBIRIBEIRA		""	ABALROAMENTO LONGITUDINAL	COLISAO ENTRE CAMINHAO E AUTO S/V	1						1			0		Longo da via	Bom	Não existe	Perfeito estado	Seca	Perfeito estado	Não existe	R-6a	""	Única	Faixa seccionada	""	""
11147	2018-12-21T00:00:00	12:57:00	SEM VÍTIMA	FINALIZADA	BOA VISTA	AV MANOEL BORBA	917	""	WA INTERCAMBIO	AV MANOEL BORBA	917	WA INTERCAMBIO	BOA VISTA		SUBURBIO	ABALROAMENTO LONGITUDINAL	COLISÃO SEM VÍTIMA	2									0		Longo da via	Bom	Sem defeito	Perfeito estado	Seca	Perfeito estado	Outros	Outras	""	Única	Faixa seccionada	""	""
11148	2018-12-21T00:00:00	13:25:00	SEM VÍTIMA	CANCELADA	TOTÓ	RUA ONZE DE AGOSTO	687	""	EM FRENTE AO TERMINAL DE JARDIM SÃO PAULO/ BOA VIAGEM	RUA ONZE DE AGOSTO	687	EM FRENTE AO TERMINAL DE JARDIM SÃO PAULO/ BOA VIAGEM	TOTÓ		""	COLISÃO	COLISÃO SEM VÍTIMA	1					1				0		""	""	""	""	""	""	""	""	""	""	""	""	""
11149	2018-12-21T00:00:00	13:45:00	SEM VÍTIMA	FINALIZADA	BOA VIAGEM	AV CONSELHEIRO AGUIAR	4310	""	EM FRENTE AO ITAU PERSONNALITE	AV CONSELHEIRO AGUIAR	4310	EM FRENTE AO ITAU PERSONNALITE	BOA VIAGEM		""	COLISÃO	COLISÃO SEM VÍTIMA	2									0		""	""	""	""	""	""	""	""	""	""	""	""	""
11150	2018-12-21T00:00:00	14:01:00	SEM VÍTIMA	FINALIZADA	ESTÂNCIA	AV RECIFE	""	""	APOS O HOSPITAL PAN DE AREIAS NA ENTRADA DO IBURA	AV RECIFE	""	APOS O HOSPITAL PAN DE AREIAS NA ENTRADA DO IBURA	ESTÂNCIA		""	CHOQUE	VEICULO CHOCOU COM DOIS AUTOS S/V	3									0		""	""	""	""	""	""	""	""	""	""	""	""	""
11151	2018-12-21T00:00:00	14:58:00	SEM VÍTIMA	FINALIZADA	ESTÂNCIA	AV RECIFE	""	""	ANTES DO MAKRO S/T CID	AV RECIFE	""	ANTES DO MAKRO S/T CID	ESTÂNCIA		""	COLISÃO	COLISAO ENTRE DOIS AUTOS S/V	2									0		""	""	""	""	""	""	""	""	""	""	""	""	""
11152	2018-12-21T00:00:00	15:13:00	SEM VÍTIMA	FINALIZADA	IPSEP	AV RECIFE	3081	""	LADO OPOSTO AO Nº 3081	AV RECIFE	3081	LADO OPOSTO AO Nº 3081	IPSEP		CIDADE	COLISÃO TRASEIRA	COLISÃO SEM VÍTIMA	3									0		Longo da via	Bom	Sem defeito	Perfeito estado	Seca	Perfeito estado	Outros	Outras	60 km/h	Única	Faixa contínua	Faixa seccionada	Canteiro central
11153	2018-12-21T00:00:00	15:38:00	SEM VÍTIMA	FINALIZADA	ENCRUZILHADA	AV NORTE	2930	""	CRO-PE	AV NORTE	2930	CRO-PE	ENCRUZILHADA		SUBURBIO	ABALROAMENTO LONGITUDINAL	ENTRE TRES AUTOS S/V	3									0		Longo da via	Bom	Não existe	Perfeito estado	Seca	Perfeito estado	Não existe	Não há placas	60 km/h	Única	Faixa seccionada	""	""
11154	2018-12-21T00:00:00	15:51:00	COM VÍTIMA	FINALIZADA	SÃO JOSÉ	RUA FLORIANO PEIXOTO	""	""	EM FRENTE A ESTAÇÃO FERROVIARIA.	RUA FLORIANO PEIXOTO	""	EM FRENTE A ESTAÇÃO FERROVIARIA.	SÃO JOSÉ		SUBURBIO	ATROPELAMENTO	COM VÍTIMA	1				1					1		Longo da via	Bom	Sem defeito	Perfeito estado	Seca	Perfeito estado	Não existe	Não há placas	""	Única	Faixa seccionada	""	""
11155	2018-12-21T00:00:00	15:56:00	COM VÍTIMA	FINALIZADA	CAXANGÁ	AV CAXANGA	2600	RUA N S DA SAUDE	""	AV CAXANGA	2600	""	CAXANGÁ	234	CIDADE	ABALROAMENTO LONGITUDINAL	UMA VT DA PMPE DE PLACA EM PERSEGUIÇÃO A UM HB 20 DE PLACA , ESTE ROUBADO, ONDE UM TERCEIRO VEÍCULO DE PLACA TAMBÉM FOI ATINGIDO, ONDE FORAM PRESOS 02 INDIVIDUOS E UM OUTRO FOI BALEADO E CONDUZIDO AO HGV, INFORMAÇÃO REPASSADA PELA TEN, A QUAL REGISTROU A OCORRENCIA	3									1		Longo da via	Bom	Sem defeito	Perfeito estado	Seca	Perfeito estado	Faixa de retenção	Outras	""	Única	Faixa contínua	""	""
11156	2018-12-21T00:00:00	16:37:00	SEM VÍTIMA	FINALIZADA	JARDIM SÃO PAULO	RUA LEANDRO BARRETO	445	""	ROX A PADARIA LAROQUE E/F A FARMACIA DO TRABALHADOR	RUA LEANDRO BARRETO	445	ROX A PADARIA LAROQUE E/F A FARMACIA DO TRABALHADOR	JARDIM SÃO PAULO		""	COLISÃO	COLISAO ENTRE AUTO E MOTO S/V	1	1								0		""	""	""	""	""	""	""	""	""	""	""	""	""
11157	2018-12-21T00:00:00	16:44:00	COM VÍTIMA	FINALIZADA	TAMARINEIRA	RUA ISAAC SALAZAR	145	RUA SEBASTIAO ALVES	NA RUA COLEGIO PARNAMIM	RUA ISAAC SALAZAR	145	NA RUA COLEGIO PARNAMIM	TAMARINEIRA		SUBURBIO	ABALROAMENTO TRANSVERSAL	COLISÃO COM VÍTIMA/ A OUTRA PARTE SE EVADIU	2									1		Cruzamento	Bom	Não existe	Perfeito estado	Seca	Perfeito estado	Não existe	R-34	20 km/h	Única	Faixa contínua	""	""
11158	2018-12-21T00:00:00	17:06:00	SEM VÍTIMA	FINALIZADA	TORRÕES	RUA CLAUDIO BROTHERHOOD	265	RUA DES VIRGILIO DE SA PEREIRA	""	RUA CLAUDIO BROTHERHOOD	265	""	TORRÕES		CIDADE	ABALROAMENTO LONGITUDINAL	COLISAO ENTRE AUTO E CAMINHAO S/V	1						1			0		Cruzamento	Bom	Não existe	Incompleta	Seca	Perfeito estado	Não existe	Não há placas	""	Única	Não existe	""	""
11159	2018-12-21T00:00:00	17:22:00	SEM VÍTIMA	FINALIZADA	CASA AMARELA	AV NORTE	6440	RUA AVIADOR REGO BARROS	EM FRENTE A IDEAL FARMA FARMÁCIA	AV NORTE	6440	EM FRENTE A IDEAL FARMA FARMÁCIA	CASA AMARELA	256	SUBURBIO	ABALROAMENTO LONGITUDINAL	AUTO E MOTO	1	1								0		Longo da via	Bom	Sem defeito	Perfeito estado	Seca	Perfeito estado	Faixa de pedestre	""	60 km/h	Dupla	Canteiro central	""	""
11160	2018-12-21T00:00:00	18:04:00	SEM VÍTIMA	CANCELADA	AFOGADOS	RUA PROFESSOR AUGUSTO WANDERLEY FILHO	""	""	EM FRENTE AO TRE 6 REGIÃO	RUA PROFESSOR AUGUSTO WANDERLEY FILHO	""	EM FRENTE AO TRE 6 REGIÃO	AFOGADOS		""	COLISÃO	COLISÃO SEM VÍTIMA	3									0		""	""	""	""	""	""	""	""	""	""	""	""	""
11161	2018-12-21T00:00:00	18:12:00	SEM VÍTIMA	FINALIZADA	SANTO AMARO	RUA PEDRO AFONSO	S/N	RUA COELHO LEITE	CENTRO DE QUALIFICAÇÃO PROFISSIONAL SÃO JOSÉ	RUA PEDRO AFONSO	S/N	CENTRO DE QUALIFICAÇÃO PROFISSIONAL SÃO JOSÉ	SANTO AMARO		""	ABALROAMENTO LONGITUDINAL	COLISÃO TRANSVERSAL NO CRUZAMENTO ENVOLVENDO DOIS VEICULOS	2									0		Cruzamento	Bom	Não existe	Perfeito estado	Seca	Perfeito estado	Faixa de retenção	"Placas ""Pare"""	""	Dupla	Faixa seccionada	""	""
11162	2018-12-21T00:00:00	18:44:00	SEM VÍTIMA	CANCELADA	BOA VIAGEM	RUA ERNESTO DE PAULA SANTOS	668	RUA RIBEIRO DE BRITO	EDIF. CASTELLO MONTE BELO	RUA ERNESTO DE PAULA SANTOS	668	EDIF. CASTELLO MONTE BELO	BOA VIAGEM		""	COLISÃO	COLISÃO SEM VITIMA	1						1			0		""	""	""	""	""	""	""	""	""	""	""	""	""
11163	2018-12-21T00:00:00	18:47:00	COM VÍTIMA	CANCELADA	SÃO JOSÉ	RUA DA CONCORDIA	""	RUA BARAO DA VITORIA	PROX A LOJA O MOTOQUEIRO	RUA DA CONCORDIA	""	PROX A LOJA O MOTOQUEIRO	SÃO JOSÉ		""	COLISÃO	BROSS X CAMINHAO	1	1								1		""	""	""	""	""	""	""	""	""	""	""	""	""
11164	2018-12-21T00:00:00	19:05:00	SEM VÍTIMA	CANCELADA	BOA VIAGEM	AV CONSELHEIRO AGUIAR	""	""	ENFRENTE AO MERCADO PUBLICO	AV CONSELHEIRO AGUIAR	""	ENFRENTE AO MERCADO PUBLICO	BOA VIAGEM		""	COLISÃO	COLISÃO SEM VITIMAS	2									0		""	""	""	""	""	""	""	""	""	""	""	""	""
11165	2018-12-21T00:00:00	19:32:00	SEM VÍTIMA	FINALIZADA	PARNAMIRIM	RUA FERREIRA LOPES	""	""	EM FRENTE AO Nº 401	RUA FERREIRA LOPES	""	EM FRENTE AO Nº 401	PARNAMIRIM		SUBURBIO	ABALROAMENTO LONGITUDINAL	COLISÃO SEM VITIMAS/ AUTO E BICICLETA	1									0		Longo da via	Bom	Não existe	Perfeito estado	Seca	Perfeito estado	Não existe	Não há placas	""	Dupla	Não existe	""	""
11166	2018-12-21T00:00:00	19:49:00	SEM VÍTIMA	CANCELADA	BOA VIAGEM	AV BOA VIAGEM	848	RUA TOME GIBSON	ENF AO EDF ESTUDIO PORTAL DE BOA VIAGEM	AV BOA VIAGEM	848	ENF AO EDF ESTUDIO PORTAL DE BOA VIAGEM	BOA VIAGEM		""	COLISÃO	TAXI X FIAT PALIO	2									0		""	""	""	""	""	""	""	""	""	""	""	""	""
11167	2018-12-21T00:00:00	20:01:00	SEM VÍTIMA	CANCELADA	AREIAS	AV DR JOSE RUFINO	""	RUA JOSE NATARIO	NA FRENTE DO SHOPPING DE AREIAS	AV DR JOSE RUFINO	""	NA FRENTE DO SHOPPING DE AREIAS	AREIAS		SUBURBIO	COLISÃO	COLISÃO SEM VITIMA	2									0		""	""	""	""	""	""	""	""	""	""	""	""	""
11168	2018-12-21T00:00:00	20:04:00	SEM VÍTIMA	FINALIZADA	NOVA DESCOBERTA	RUA SANTA TEREZINHA	43	""	""	RUA SANTA TEREZINHA	43	""	NOVA DESCOBERTA		CIDADE	CHOQUE VEÍCULO PARADO	ONIBUS PEDROSA X SIENA	1					1				0		Longo da via	Bom	Não existe	Não existente	Seca	Perfeito estado	Não existe	Não há placas	40 km/h	Dupla	Não existe	""	""
11169	2018-12-21T00:00:00	20:32:00	COM VÍTIMA	FINALIZADA	BOA VIAGEM	RUA PADRE CARAPUCEIRO	""	""	ESQUINA DO SHOPPING RECIFE, PROX.AO WALLMART	RUA PADRE CARAPUCEIRO	""	ESQUINA DO SHOPPING RECIFE, PROX.AO WALLMART	BOA VIAGEM	542	SUBURBIO	ABALROAMENTO TRANSVERSAL	COLISÃO COM VITIMA/ AUTO E MOTO	1	1								1		Longo da via	Bom	Sem defeito	Perfeito estado	Seca	Perfeito estado	""	Outras	""	Única	Faixa contínua	""	""
11170	2018-12-21T00:00:00	21:31:00	SEM VÍTIMA	FINALIZADA	VÁRZEA	RUA PROFESSOR CHAVES BATISTA	""	RUA EMILIANO BRAGA	ENTRE O BOI E BRASA E POSTO DISLUB	RUA PROFESSOR CHAVES BATISTA	""	ENTRE O BOI E BRASA E POSTO DISLUB	VÁRZEA		CIDADE	ABALROAMENTO LONGITUDINAL	FOX X CAMINHAO BAU	1						1			0		Cruzamento	Bom	Não existe	Não existente	Seca	Mal iluminada	Não existe	Não há placas	""	Dupla	Não existe	""	""
11171	2018-12-21T00:00:00	21:34:00	SEM VÍTIMA	CANCELADA	AFOGADOS	RUA MARIAPOLIS	476	""	APOS O QUARTEL A SEG RUA A DIREITA, SUBURBIO CIDADE	RUA MARIAPOLIS	476	APOS O QUARTEL A SEG RUA A DIREITA, SUBURBIO CIDADE	AFOGADOS		""	COLISÃO	COLISÃO SEM VITIMA	2									0		""	""	""	""	""	""	""	""	""	""	""	""	""
11172	2018-12-21T00:00:00	21:46:00	SEM VÍTIMA	FINALIZADA	IBURA	RUA EMILIO MONTEIRO FONSECA	36	""	EM FRENTE AO Nº 36	RUA EMILIO MONTEIRO FONSECA	36	EM FRENTE AO Nº 36	IBURA		CIDADE	ABALROAMENTO LONGITUDINAL	COLISÃO SEM VITIMA	2									0		Longo da via	Bom	Não existe	Incompleta	Seca	Mal iluminada	Não existe	Não há placas	""	Dupla	Não existe	""	""
11173	2018-12-22T00:00:00	00:58:00	SEM VÍTIMA	FINALIZADA	SÃO JOSÉ	AV SUL	""	""	SOB O VIADUTO 5 PONTAS	AV SUL	""	SOB O VIADUTO 5 PONTAS	SÃO JOSÉ		SUBURBIO	ABALROAMENTO LONGITUDINAL	COLISÃO DOIS AUTOS	2									0		Longo da via	Bom	Não existe	Incompleta	Seca	Mal iluminada	Não existe	Não há placas	""	Única	Faixa seccionada	""	""
11174	2018-12-22T00:00:00	05:48:00	SEM VÍTIMA	CANCELADA	BOA VIAGEM	AV BOA VIAGEM	4010	""	EM FRENTE AO HOTEL GRAN MERVCURY (ANTIGO RECIFE PALACE)	AV BOA VIAGEM	4010	EM FRENTE AO HOTEL GRAN MERVCURY (ANTIGO RECIFE PALACE)	BOA VIAGEM	113	""	COLISÃO	COLISÃO ENTRE DOIS AUTOS, SEM VÍTIMAS.	2									0		""	""	""	""	""	""	""	""	""	""	""	""	""
11175	2018-12-22T00:00:00	08:57:00	SEM VÍTIMA	FINALIZADA	ALTO DO MANDU	AV DR EURICO CHAVES	""	AV NORTE	EM FRENTE A FARMACIA MANDACARU	AV DR EURICO CHAVES	""	EM FRENTE A FARMACIA MANDACARU	ALTO DO MANDU		CIDADE	ABALROAMENTO LONGITUDINAL	COLISÃO SEM VITIMAS	1						1			0		Outros	Bom	Não existe	Perfeito estado	Seca	Perfeito estado	""	Outras	""	Dupla	Não existe	""	""
11176	2018-12-22T00:00:00	09:06:00	SEM VÍTIMA	CANCELADA	TAMARINEIRA	RUA CONEGO BARATA	""	""	DENTRO DO ESTACIONAMENTO DA FERREIRA COSTA	RUA CONEGO BARATA	""	DENTRO DO ESTACIONAMENTO DA FERREIRA COSTA	TAMARINEIRA		""	COLISÃO	COLISÃO SEM VITIMAS	2									0		""	""	""	""	""	""	""	""	""	""	""	""	""
11177	2018-12-22T00:00:00	09:32:00	SEM VÍTIMA	FINALIZADA	CASA FORTE	AV DEZESSETE DE AGOSTO	428	""	EM FRENTE AO Nº 428	AV DEZESSETE DE AGOSTO	428	EM FRENTE AO Nº 428	CASA FORTE		""	ABALROAMENTO TRANSVERSAL	AUTO E MOTO	1	1								0		Longo da via	Bom	Não existe	Perfeito estado	Seca	Perfeito estado	Não existe	Outras	""	Dupla	Faixa contínua	""	""
11178	2018-12-22T00:00:00	11:24:00	SEM VÍTIMA	FINALIZADA	IPUTINGA	RUA MAURICIO DE NASSAU	""	""	EM FRENTE AO PARQUE DO CAIARA	RUA MAURICIO DE NASSAU	""	EM FRENTE AO PARQUE DO CAIARA	IPUTINGA		CIDADE	ABALROAMENTO LONGITUDINAL	COLISÃO SEM VITIMAS	2									0		Longo da via	Bom	Não existe	Perfeito estado	Seca	Perfeito estado	Não existe	Não há placas	""	Dupla	Faixa contínua	""	""
11179	2018-12-22T00:00:00	11:25:00	SEM VÍTIMA	FINALIZADA	IPSEP	AV RECIFE	3086	""	EM FRENTE AO SUPERMERCADO ECONOMICO	AV RECIFE	3086	EM FRENTE AO SUPERMERCADO ECONOMICO	IPSEP		SUBURBIO	ABALROAMENTO LONGITUDINAL	AUTO E MOTO	1	1								0		Longo da via	Bom	Sem defeito	Perfeito estado	Seca	Perfeito estado	Não existe	Outras	60 km/h	Dupla	Canteiro central	""	""
11180	2018-12-22T00:00:00	11:38:00	SEM VÍTIMA	FINALIZADA	MADALENA	RUA JOSE OSORIO	680	""	EM FRENTE AO Nº 680	RUA JOSE OSORIO	680	EM FRENTE AO Nº 680	MADALENA	489	SUBURBIO	COLISÃO TRASEIRA	SEM VÍTIMAS	3									0		Longo da via	Bom	Sem defeito	Perfeito estado	Seca	Perfeito estado	Não existe	R-6a	40 km/h	Dupla	Faixa contínua	Faixa seccionada	""
11181	2018-12-22T00:00:00	13:12:00	SEM VÍTIMA	FINALIZADA	AREIAS	AV DR JOSE RUFINO	790	""	""	AV DR JOSE RUFINO	790	""	AREIAS		SUBURBIO	COLISÃO TRASEIRA	MOTO E AUTO	1	1								0		Longo da via	Bom	Não existe	Perfeito estado	Seca	Perfeito estado	""	Outras	50 km/h	Dupla	Faixa contínua	""	""
11182	2018-12-22T00:00:00	13:17:00	COM VÍTIMA	FINALIZADA	BEBERIBE	AV BEBERIBE	4265	""	EM FRENTE A BORRACHARIA SAO LUIS	AV BEBERIBE	4265	EM FRENTE A BORRACHARIA SAO LUIS	BEBERIBE		CIDADE	CHOQUE VEÍCULO PARADO	CARROÇA E AUTO	1								1	1		Longo da via	Bom	Não existe	Incompleta	Seca	Perfeito estado	Não existe	""	""	Dupla	Faixa contínua	""	""
11183	2018-12-22T00:00:00	13:20:00	SEM VÍTIMA	CANCELADA	CAJUEIRO	AV SEBASTIAO SALAZAR	""	""	E/F A IGREJA CATOLICA DO CAJUEIRO	AV SEBASTIAO SALAZAR	""	E/F A IGREJA CATOLICA DO CAJUEIRO	CAJUEIRO		""	COLISÃO	COLISAO ENTRE MOTO E AUTO S/V		2								0		""	""	""	""	""	""	""	""	""	""	""	""	""
11184	2018-12-22T00:00:00	13:49:00	COM VÍTIMA	FINALIZADA	BOA VIAGEM	AV VINTE DE JANEIRO	587	RUA DEZ DE JULHO	PROX. AO TERMINAL DE ONIBUS, PROX. AO AEROPORTO	AV VINTE DE JANEIRO	587	PROX. AO TERMINAL DE ONIBUS, PROX. AO AEROPORTO	BOA VIAGEM	572	SUBURBIO	ABALROAMENTO TRANSVERSAL	CAMINHAO PEQUENO E MOTO C/V		1					1			1		Cruzamento	Bom	Sem defeito	Perfeito estado	Seca	Perfeito estado	Faixa de pedestre	Outras	""	Única	Faixa seccionada	""	""
11185	2018-12-22T00:00:00	14:27:00	SEM VÍTIMA	FINALIZADA	AREIAS	AV DR JOSE RUFINO	1683	""	""	AV DR JOSE RUFINO	1683	""	AREIAS	557	CIDADE	COLISÃO TRASEIRA	COLISÃO SEM VÍTIMA	1	1								0		Longo da via	Bom	Sem defeito	Perfeito estado	Seca	Perfeito estado	Faixa de pedestre	Não há placas	""	Dupla	Faixa contínua	""	""
11186	2018-12-22T00:00:00	14:59:00	SEM VÍTIMA	FINALIZADA	ESPINHEIRO	RUA QUARENTA E OITO	560	RUA CONS PORTELA	EM FRENTE A PAGUE MENOS,E EM FRENTE AO PREDIO MORADA DO ESPINHEIRO	RUA QUARENTA E OITO	560	EM FRENTE A PAGUE MENOS,E EM FRENTE AO PREDIO MORADA DO ESPINHEIRO	ESPINHEIRO	11	CIDADE	COLISÃO TRASEIRA	ENTRE TRES AUTOS S/V	3									0		Cruzamento	Bom	Sem defeito	Perfeito estado	Seca	Perfeito estado	""	R-6a	""	Única	Faixa seccionada	""	""
11187	2018-12-22T00:00:00	15:01:00	SEM VÍTIMA	FINALIZADA	TORRE	RUA PIO IX	435	RUA JOSE DE HOLANDA	EM FRENTE AO EDIFICIO MARIA REBECA E MARIA RAQUEL	RUA PIO IX	435	EM FRENTE AO EDIFICIO MARIA REBECA E MARIA RAQUEL	TORRE		""	COLISÃO	COLISÃO SEM VÍTIMA	2									0		""	""	""	""	""	""	""	""	""	""	""	""	""
11188	2018-12-22T00:00:00	16:04:00	SEM VÍTIMA	FINALIZADA	MANGABEIRA	AV NORTE	4956	RUA RODRIGUES SETE	""	AV NORTE	4956	""	MANGABEIRA		CIDADE	COLISÃO TRASEIRA	ENTRE DOIS AUTOS S/V	2									0		Longo da via	Chuvoso	Não existe	Perfeito estado	Molhada	Perfeito estado	Não existe	R-6a	""	Dupla	Blocos	""	""
11189	2018-12-22T00:00:00	16:08:00	SEM VÍTIMA	CANCELADA	ESTÂNCIA	AV TAPAJOS	""	""	EM FRENTE A ESCOLA MUNICIPAL GOVERNADOR MIGUEL ARRAES DE ALECAR	AV TAPAJOS	""	EM FRENTE A ESCOLA MUNICIPAL GOVERNADOR MIGUEL ARRAES DE ALECAR	ESTÂNCIA		""	COLISÃO	COLISÃO SEM VÍTMA	2									0		""	""	""	""	""	""	""	""	""	""	""	""	""
11190	2018-12-22T00:00:00	16:09:00	SEM VÍTIMA	FINALIZADA	CURADO	AV LIBERDADE	743	""	EM FRENTE CENTER LIBERDADE	AV LIBERDADE	743	EM FRENTE CENTER LIBERDADE	CURADO		""	COLISÃO	DOIS AUTOS	2									0		""	""	""	""	""	""	""	""	""	""	""	""	""
11191	2018-12-22T00:00:00	16:12:00	SEM VÍTIMA	CANCELADA	TORRE	RUA JOAO TUDE DE MELO	91	""	EM FRENTE AO POSTO IPIRANGA, AO LADO DO GUAIAMUM GIGANTE	RUA JOAO TUDE DE MELO	91	EM FRENTE AO POSTO IPIRANGA, AO LADO DO GUAIAMUM GIGANTE	TORRE	649	""	COLISÃO	ENTRE AUTO E MOTO S/V	1	1								0		""	""	""	""	""	""	""	""	""	""	""	""	""
11192	2018-12-22T00:00:00	17:27:00	SEM VÍTIMA	FINALIZADA	ROSARINHO	RUA AMARO COUTINHO	538	""	""	RUA AMARO COUTINHO	538	""	ROSARINHO		CIDADE	ABALROAMENTO LONGITUDINAL	COLISÃO SEM VÍTMA	2									0		Longo da via	Bom	Não existe	Perfeito estado	Seca	Perfeito estado	Não existe	R-6a	""	Dupla	Não existe	""	""
11193	2018-12-22T00:00:00	17:58:00	SEM VÍTIMA	FINALIZADA	CASA FORTE	AV DEZESSETE DE AGOSTO	""	""	EM FRENTE AO PET 17	AV DEZESSETE DE AGOSTO	""	EM FRENTE AO PET 17	CASA FORTE		CIDADE	ABALROAMENTO LONGITUDINAL	ENTRE AUTOS S/V.	2									0		Longo da via	Bom	Não existe	Perfeito estado	Seca	Perfeito estado	Não existe	Não há placas	""	Dupla	Faixa seccionada	""	""
11194	2018-12-22T00:00:00	20:01:00	SEM VÍTIMA	FINALIZADA	APIPUCOS	RUA DE APIPUCOS	1060	""	""	RUA DE APIPUCOS	1060	""	APIPUCOS	540	CIDADE	ABALROAMENTO TRANSVERSAL	AUTO X MOTO S/V	1	1								0		Longo da via	Bom	Sem defeito	Perfeito estado	Seca	Perfeito estado	Faixa de pedestre	Não há placas	60 km/h	Dupla	Faixa contínua	Faixa seccionada	""
11195	2018-12-22T00:00:00	20:16:00	SEM VÍTIMA	FINALIZADA	SÃO JOSÉ	RUA DA CONCORDIA	""	RUA TOBIAS BARRETO	AO LADO DO VENEZA	RUA DA CONCORDIA	""	AO LADO DO VENEZA	SÃO JOSÉ		""	ABALROAMENTO TRANSVERSAL	COLISÃO SEM VITIMA	2									0		Cruzamento	Bom	Não existe	Ilegível	Seca	Perfeito estado	Não existe	Outras	""	Única	Não existe	""	""
11196	2018-12-22T00:00:00	22:09:00	SEM VÍTIMA	FINALIZADA	BOA VISTA	AV MANOEL BORBA	824	RUA GONCALVES MAIA	""	AV MANOEL BORBA	824	""	BOA VISTA		SUBURBIO	ABALROAMENTO LONGITUDINAL	ENTRE AUTOS S/V.	2									0		Longo da via	Bom	Não existe	Incompleta	Seca	Perfeito estado	Não existe	Não há placas	""	Única	Faixa seccionada	""	""
11197	2018-12-22T00:00:00	23:07:00	SEM VÍTIMA	FINALIZADA	AFOGADOS	RUA DA PAZ	""	EST DOS REMEDIOS	AO LADO DA FARMÁCIA PERMANENTE E DO ITAÚ	RUA DA PAZ	""	AO LADO DA FARMÁCIA PERMANENTE E DO ITAÚ	AFOGADOS	53	SUBURBIO	COLISÃO TRASEIRA	ENTRE AUTOS S/V.	2									0		Cruzamento	Bom	Sem defeito	Perfeito estado	Seca	Perfeito estado	Faixa de pedestre	R-6a	""	Dupla	Faixa contínua	""	""