_id	DATA	hora	natureza_acidente	situacao	bairro	endereco	numero	detalhe_endereco_acidente	complemento	endereco_cruzamento	numero_cruzamento	referencia_cruzamento	bairro_cruzamento	num_semaforo	sentido_via	tipo	descricao	auto	moto	ciclom	ciclista	pedestre	onibus	caminhao	viatura	outros	vitimas	vitimasfatais	acidente_verificado	tempo_clima	situacao_semaforo	sinalizacao	condicao_via	conservacao_via	ponto_controle	situacao_placa	velocidade_max_via	mao_direcao	divisao_via1	divisao_via2	divisao_via3
11306	2018-12-27T00:00:00	15:18:00	SEM VÍTIMA	FINALIZADA	SÃO JOSÉ	C SANTA RITA	""	""	EM FRENTE AO SEMÁFORO 076	C SANTA RITA	""	EM FRENTE AO SEMÁFORO 076	SÃO JOSÉ	76	CIDADE	ABALROAMENTO LONGITUDINAL	AUTO E ONIBUS S/V	1					1				0		Não informado	Bom	Sem defeito	Perfeito estado	Seca	Perfeito estado	Faixa de retenção	Outras	""	Dupla	Canteiro central	""	""
11307	2018-12-27T00:00:00	15:26:00	SEM VÍTIMA	DUPLICIDADE	SÃO JOSÉ	C SANTA RITA	""	""	E/F A GRANDE RECIFE PROX AS TORRES GEMEAS	C SANTA RITA	""	E/F A GRANDE RECIFE PROX AS TORRES GEMEAS	SÃO JOSÉ		""	COLISÃO	COLISAO ENTRE AUTO E MOTO S/V	1	1								0		""	""	""	""	""	""	""	""	""	""	""	""	""
11308	2018-12-27T00:00:00	15:35:00	SEM VÍTIMA	CANCELADA	ÁGUA FRIA	AV ANIBAL BENEVOLO	""	""	NO TERMINAL DO ALTO SANTA TEREZINHA	AV ANIBAL BENEVOLO	""	NO TERMINAL DO ALTO SANTA TEREZINHA	ÁGUA FRIA		""	COLISÃO	COLISAO ENTRE AUTO E OIBUS S/V	1					1				0		""	""	""	""	""	""	""	""	""	""	""	""	""
11309	2018-12-27T00:00:00	15:44:00	COM VÍTIMA	FINALIZADA	CAMPO GRANDE	AV CORREIA DE BRITO	1092	""	APOS O MERACADO DE SITIO NOVO, SENTIDO PEIXINHOS, ANTES DO PONTILHAO, EM FRENTE AO PONTO DE PARADA CENTRO AUTOMOTIVO	AV CORREIA DE BRITO	1092	APOS O MERACADO DE SITIO NOVO, SENTIDO PEIXINHOS, ANTES DO PONTILHAO, EM FRENTE AO PONTO DE PARADA CENTRO AUTOMOTIVO	CAMPO GRANDE		SUBURBIO	ABALROAMENTO LONGITUDINAL	AUTO E MOTO C/V	1	1								1		Longo da via	Bom	Não existe	Perfeito estado	Seca	Perfeito estado	Não existe	Não há placas	30 km/h	Dupla	Não existe	""	""
11310	2018-12-27T00:00:00	15:55:00	SEM VÍTIMA	FINALIZADA	VÁRZEA	RUA MINISTRO MARIO ANDREAZZA	""	""	EM FRENTE AO PARQTEL	RUA MINISTRO MARIO ANDREAZZA	""	EM FRENTE AO PARQTEL	VÁRZEA		""	COLISÃO	COLISÃO SEM VÍTIMA	1						1			0		""	""	""	""	""	""	""	""	""	""	""	""	""
11311	2018-12-27T00:00:00	16:16:00	SEM VÍTIMA	CANCELADA	JORDÃO	RUA RIO XINGU	210	""	AO LADO DA LOJA AMARAVIDA E/F AO EDF CANAÃ	RUA RIO XINGU	210	AO LADO DA LOJA AMARAVIDA E/F AO EDF CANAÃ	JORDÃO		""	COLISÃO	COLISAO ENTRE DOIS AUTOS S/V	2									0		""	""	""	""	""	""	""	""	""	""	""	""	""
11312	2018-12-27T00:00:00	16:36:00	SEM VÍTIMA	FINALIZADA	ILHA DO RETIRO	RUA SPORT CLUBE DO RECIFE	""	""	EM FRENTE AO SPORT CLUB DO RECIFE	RUA SPORT CLUBE DO RECIFE	""	EM FRENTE AO SPORT CLUB DO RECIFE	ILHA DO RETIRO	481	SUBURBIO	COLISÃO TRASEIRA	COLISAO ENTRE DOIS AUTOS S/V	2									0		Longo da via	Bom	Sem defeito	Perfeito estado	Seca	Perfeito estado	Faixa de pedestre	""	""	Única	Faixa seccionada	""	""
11313	2018-12-27T00:00:00	17:46:00	SEM VÍTIMA	FINALIZADA	BOA VIAGEM	RUA AGENOR LOPES	25	""	EM FRENTE AO EDF. ITAMARATY, PROX. A ENTRADA DO SHOPPING	RUA AGENOR LOPES	25	EM FRENTE AO EDF. ITAMARATY, PROX. A ENTRADA DO SHOPPING	BOA VIAGEM		""	COLISÃO	DOIS AUTOS S/V	2									0		""	""	""	""	""	""	""	""	""	""	""	""	""
11314	2018-12-27T00:00:00	18:36:00	SEM VÍTIMA	FINALIZADA	BARRO	AV DR JOSE RUFINO	2802	""	EM FRENTE AO BAR RECANTO	AV DR JOSE RUFINO	2802	EM FRENTE AO BAR RECANTO	BARRO		SUBURBIO	COLISÃO TRASEIRA	COLISÃO SEM VÍTIMA	2	1								0		Cruzamento	Bom	Não existe	Perfeito estado	Seca	Mal iluminada	Não existe	Outras	""	Dupla	Faixa contínua	""	""
11315	2018-12-27T00:00:00	19:38:00	SEM VÍTIMA	FINALIZADA	CASA AMARELA	RUA VASCO DA GAMA	861	""	SUPERMERCADO RENDE MAIS	RUA VASCO DA GAMA	861	SUPERMERCADO RENDE MAIS	CASA AMARELA		SUBURBIO	ABALROAMENTO LONGITUDINAL	COLISÃO SEM VITIMA						1			1	0		Longo da via	Bom	Não existe	Perfeito estado	Seca	Perfeito estado	Não existe	"Placas ""Pare"""	30 km/h	Dupla	Não existe	""	""
11316	2018-12-27T00:00:00	20:12:00	SEM VÍTIMA	FINALIZADA	IMBIRIBEIRA	""	""	AV SUL	CRUZAMENTO DA AV SUL. GOV . SID SAMPAIO // POR BAIXO DO PINTILHAO DA ANTONIO FALCAO	""	""	CRUZAMENTO DA AV SUL. GOV . SID SAMPAIO // POR BAIXO DO PINTILHAO DA ANTONIO FALCAO	IMBIRIBEIRA		CIDADE	ABALROAMENTO TRANSVERSAL	BROS X FOX	1	1								0		Cruzamento	Bom	Não existe	Perfeito estado	Seca	Mal iluminada	Não existe	Não há placas	""	Única	Faixa seccionada	""	""
11317	2018-12-27T00:00:00	21:39:00	COM VÍTIMA	FINALIZADA	LINHA DO TIRO	RUA URIEL DE HOLANDA	1494	""	TERMINAL DE ÔNIBUS	RUA URIEL DE HOLANDA	1494	TERMINAL DE ÔNIBUS	LINHA DO TIRO		SUBURBIO	ATROPELAMENTO	ATROPELAMENTO		1			1					2		Longo da via	Bom	Não existe	Incompleta	Seca	Mal iluminada	Não existe	R-19	30 km/h	Dupla	Faixa contínua	""	""
11318	2018-12-27T00:00:00	21:55:00	SEM VÍTIMA	FINALIZADA	JARDIM SÃO PAULO	RUA SENADOR ALBERTO PASQUALINI	335	""	""	RUA SENADOR ALBERTO PASQUALINI	335	""	JARDIM SÃO PAULO		SUBURBIO	CHOQUE VEÍCULO PARADO	FIAT PUNTO X GOL	2									0		Longo da via	Bom	Não existe	Perfeito estado	Seca	Perfeito estado	""	Outras	""	Única	Faixa seccionada	""	""
11319	2018-12-27T00:00:00	22:29:00	SEM VÍTIMA	FINALIZADA	ESTÂNCIA	AV DR JOSE RUFINO	446	""	PANIFICADORA SITIENCE	AV DR JOSE RUFINO	446	PANIFICADORA SITIENCE	ESTÂNCIA		SUBURBIO	CHOQUE OBJETO FIXO	CHOQUE NO PRISMA	1									0		Longo da via	Bom	Não existe	""	Seca	Perfeito estado	Não existe	Outras	""	Dupla	Faixa contínua	""	""
11320	2018-12-27T00:00:00	22:34:00	SEM VÍTIMA	CANCELADA	IBURA	AV DOIS RIOS	""	RUA RIO XINGU	EM FRENTE AO POSTO BR	AV DOIS RIOS	""	EM FRENTE AO POSTO BR	IBURA		""	COLISÃO	COLISÃO SEM VITIMA	2									0		""	""	""	""	""	""	""	""	""	""	""	""	""
11321	2018-12-28T00:00:00	00:29:00	SEM VÍTIMA	FINALIZADA	CASA AMARELA	RUA XAVANTES	104	RUA TAUNAY	FRENTE AO Nº 104	RUA XAVANTES	104	FRENTE AO Nº 104	CASA AMARELA		CIDADE	ABALROAMENTO TRANSVERSAL	COLISÃO ENTRE DOIS AUTOS, SEM VÍTIMAS.	2									0		Cruzamento	Bom	Não existe	Perfeito estado	Seca	Perfeito estado	Faixa de retenção	"Placas ""Pare"""	30 km/h	Única	Não existe	""	""
11322	2018-12-28T00:00:00	05:25:00	SEM VÍTIMA	FINALIZADA	CASA FORTE	AV DEZESSETE DE AGOSTO	""	""	LADO OPOSTO AO Nº 50	AV DEZESSETE DE AGOSTO	""	LADO OPOSTO AO Nº 50	CASA FORTE		CIDADE	CHOQUE OBJETO FIXO	CONDUTOR PERDEU O CONTROLE DO VEÍCULO EM UMA CURVA E CHOCOU-SE CONTRA UM POSTE	1									0		Longo da via	Chuvoso	Não existe	Perfeito estado	Molhada	Perfeito estado	Não existe	Não há placas	60 km/h	Dupla	Faixa seccionada	""	""
11323	2018-12-28T00:00:00	05:31:00	SEM VÍTIMA	CANCELADA	ENCRUZILHADA	AV BEBERIBE	""	""	EM FRENTE A FARMÁCIA INDEPENDENTE, NO LARGO DA ENCRUZILHADA	AV BEBERIBE	""	EM FRENTE A FARMÁCIA INDEPENDENTE, NO LARGO DA ENCRUZILHADA	ENCRUZILHADA		""	COLISÃO	COLISÃO ENTRE DOIS AUTOS, SEM VÍTIMAS.	2									0		""	""	""	""	""	""	""	""	""	""	""	""	""
11324	2018-12-28T00:00:00	05:57:00	SEM VÍTIMA	CANCELADA	SAN MARTIN	RUA COMENDADOR FRANCO FERREIRA	105	RUA DUARTE FILHO	EM FRENTRE A ATRIO WEB AGENGIA DIGITAL	RUA COMENDADOR FRANCO FERREIRA	105	EM FRENTRE A ATRIO WEB AGENGIA DIGITAL	SAN MARTIN		""	COLISÃO	SEM VITIMAS	2									0		""	""	""	""	""	""	""	""	""	""	""	""	""
11325	2018-12-28T00:00:00	06:02:00	COM VÍTIMA	FINALIZADA	BOA VIAGEM	AV ENGENHEIRO DOMINGOS FERREIRA	205	RUA TENENTE JOAO CICERO	EM FRENTE AO RESTAURANTE EL TORO	AV ENGENHEIRO DOMINGOS FERREIRA	205	EM FRENTE AO RESTAURANTE EL TORO	BOA VIAGEM		SUBURBIO	ACID. DE PERCURSO	MOTOQUEIRO DERRAPOU COM A MOTO E ESTA AGUARDANDO SAMU/INSPETOR VAI FAZER O B.O		1								1		Longo da via	Chuvoso	Não existe	Perfeito estado	Molhada	Perfeito estado	Não existe	R-6a	60 km/h	Única	Faixa	Canteiro central	""
11326	2018-12-28T00:00:00	06:36:00	SEM VÍTIMA	FINALIZADA	""	AV RECIFE	""	""	SEMÁFORO Nº 085	AV RECIFE	""	SEMÁFORO Nº 085	""	85	SUBURBIO	COLISÃO TRASEIRA	COLISÃO SEM VITIMAS	1						1			0		Longo da via	Bom	Sem defeito	Perfeito estado	Seca	Perfeito estado	""	Outras	""	Dupla	Canteiro central	""	""
11327	2018-12-28T00:00:00	07:43:00	SEM VÍTIMA	FINALIZADA	DERBY	AV GOVERNADOR AGAMENON MAGALHAES	""	RUA JOAQUIM NABUCO	SOB O SEMÁFORO Nº 174	AV GOVERNADOR AGAMENON MAGALHAES	""	SOB O SEMÁFORO Nº 174	DERBY	174	""	COLISÃO TRASEIRA	COLISÃO SEM VITIMAS	3									0		Longo da via	Bom	Sem defeito	Perfeito estado	Seca	Perfeito estado	Agente	""	60 km/h	Dupla	Faixa seccionada	Canteiro central	""
11328	2018-12-28T00:00:00	08:03:00	SEM VÍTIMA	FINALIZADA	BOA VIAGEM	AV BOA VIAGEM	5354	RUA VERDES MARES	EM FRENTE AO Nº 5354	AV BOA VIAGEM	5354	EM FRENTE AO Nº 5354	BOA VIAGEM		CIDADE	COLISÃO TRASEIRA	COLISÃO SEM VITIMAS	2									0		Longo da via	Bom	Não existe	Perfeito estado	Seca	Perfeito estado	Não existe	Não há placas	60 km/h	Única	Faixa seccionada	""	""
11329	2018-12-28T00:00:00	08:11:00	COM VÍTIMA	FINALIZADA	CASA AMARELA	RUA PADRE LEMOS	603	""	EM FRENTE AO SUPERMERCADO KINITOS	RUA PADRE LEMOS	603	EM FRENTE AO SUPERMERCADO KINITOS	CASA AMARELA	369	SUBURBIO	ABALROAMENTO LONGITUDINAL	COLISÃO COM VITIMA A ESPERA DO SAMU	1	1								1		Longo da via	Bom	Sem defeito	Perfeito estado	Seca	Perfeito estado	Faixa de pedestre	Outras	30 km/h	Dupla	Faixa contínua	Faixa seccionada	""
11330	2018-12-28T00:00:00	08:27:00	SEM VÍTIMA	FINALIZADA	CORDEIRO	RUA GOMES TABORDA	1081	""	EM FRENTE A VIDROLAX	RUA GOMES TABORDA	1081	EM FRENTE A VIDROLAX	CORDEIRO		""	COLISÃO TRASEIRA	DOIS AUTOS	2									0		Longo da via	Bom	Sem defeito	Perfeito estado	Seca	Perfeito estado	Não existe	Não há placas	""	Dupla	Faixa seccionada	""	""
11331	2018-12-28T00:00:00	08:41:00	COM VÍTIMA	FINALIZADA	DOIS IRMÃOS	RUA MANUEL DE MEDEIROS	S/N	""	50 METROS APÓS O HOSPITAL VETERINARIO,SENTIDO LAFEPE. LADO OPOSTO UFRPE. PRO REITORIA DE EXTENSÃO.	RUA MANUEL DE MEDEIROS	S/N	50 METROS APÓS O HOSPITAL VETERINARIO,SENTIDO LAFEPE. LADO OPOSTO UFRPE. PRO REITORIA DE EXTENSÃO.	DOIS IRMÃOS		CIDADE	ABALROAMENTO TRANSVERSAL	COLISÃO ENTRE AUTO E MOTO COM UMA VÍTIMA.	1	1								1		Longo da via	Bom	Não existe	Incompleta	Seca	Perfeito estado	Não existe	Não há placas	""	Dupla	Faixa contínua	""	""
11332	2018-12-28T00:00:00	09:14:00	COM VÍTIMA	FINALIZADA	PAISSANDU	AV GOVERNADOR AGAMENON MAGALHAES	""	""	E/F AO HOSPITAL PORTUGUÊS, SENTIDO BOA VIAGEM	AV GOVERNADOR AGAMENON MAGALHAES	""	E/F AO HOSPITAL PORTUGUÊS, SENTIDO BOA VIAGEM	PAISSANDU		SUBURBIO	ABALROAMENTO LONGITUDINAL	COM UMA VÍTIMA.	1	1								1		Longo da via	Bom	Sem defeito	Perfeito estado	Seca	Perfeito estado	Outros	Não há placas	60 km/h	Dupla	Faixa	Canal	Blocos
11333	2018-12-28T00:00:00	09:20:00	SEM VÍTIMA	FINALIZADA	CAXANGÁ	AV CAXANGA	5775	""	EM FRENTE AO Nº 5775	AV CAXANGA	5775	EM FRENTE AO Nº 5775	CAXANGÁ	262	CIDADE	COLISÃO TRASEIRA	COLISÃO SEM VITIMAS	2									0		Longo da via	Bom	Sem defeito	Perfeito estado	Seca	Perfeito estado	Faixa de pedestre	Não há placas	""	Dupla	Canteiro central	""	""
11334	2018-12-28T00:00:00	09:50:00	SEM VÍTIMA	CANCELADA	TORRÕES	AV ENGENHEIRO ABDIAS DE CARVALHO	300 B	""	E/F A LOJA N E PEÇAS USADAS, AO LADO DA EVOLUTION LADS	AV ENGENHEIRO ABDIAS DE CARVALHO	300 B	E/F A LOJA N E PEÇAS USADAS, AO LADO DA EVOLUTION LADS	TORRÕES		CIDADE	COLISÃO	SEM VÍTIMAS	1	1								0		""	""	""	""	""	""	""	""	""	""	""	""	""
11335	2018-12-28T00:00:00	10:35:00	SEM VÍTIMA	FINALIZADA	AFOGADOS	EST DOS REMEDIOS	""	RUA PROFESSOR FREDERICO CURIO	""	EST DOS REMEDIOS	""	""	AFOGADOS	524	CIDADE	ABALROAMENTO LONGITUDINAL	SEM VITIMAS VT01 DA CTTU NO LOCAL	2									0		Não informado	Bom	Sem defeito	Perfeito estado	Seca	Perfeito estado	Agente	R-6a	""	Única	Faixa contínua	""	""
11336	2018-12-28T00:00:00	10:47:00	SEM VÍTIMA	FINALIZADA	IMBIRIBEIRA	RUA PAMPULHA	1325	""	EM FRENTE AO COLÉGIO SANTA TERESA	RUA PAMPULHA	1325	EM FRENTE AO COLÉGIO SANTA TERESA	IMBIRIBEIRA		CIDADE	CHOQUE	CONDUTOR CHOCAR SE CONTRA ARVORE	1									0		Longo da via	Bom	Não existe	Perfeito estado	Seca	Perfeito estado	Outros	Outras	""	Única	Faixa seccionada	""	""
11337	2018-12-28T00:00:00	11:28:00	COM VÍTIMA	FINALIZADA	BOA VIAGEM	AV ENGENHEIRO DOMINGOS FERREIRA	1900	""	AO LADO DA CASA DOS FRIOS. EM FRENTE A MEIRA LINS.	AV ENGENHEIRO DOMINGOS FERREIRA	1900	AO LADO DA CASA DOS FRIOS. EM FRENTE A MEIRA LINS.	BOA VIAGEM		SUBURBIO	COLISÃO TRASEIRA	COM UMA VITIMA AGUARDANDO O SAMU	1	1								1		Longo da via	Bom	Sem defeito	Perfeito estado	Seca	Perfeito estado	Faixa de pedestre	Outras	60 km/h	Única	Canteiro central	""	""
11338	2018-12-28T00:00:00	11:49:00	SEM VÍTIMA	FINALIZADA	CORDEIRO	RUA GOMES TABORDA	""	AV GENERAL SAN MARTIN	""	RUA GOMES TABORDA	""	""	CORDEIRO	67	SUBURBIO	ABALROAMENTO LONGITUDINAL	COLISÃO SEM VITIMAS	2									0		Cruzamento	Bom	Sem defeito	Perfeito estado	Seca	Perfeito estado	Faixa de pedestre	R-6a	""	Dupla	Faixa seccionada	""	""
11339	2018-12-28T00:00:00	12:22:00	SEM VÍTIMA	FINALIZADA	BOA VIAGEM	AV CONSELHEIRO AGUIAR	2134	""	EM FRENTE AO SANTANDER	AV CONSELHEIRO AGUIAR	2134	EM FRENTE AO SANTANDER	BOA VIAGEM		CIDADE	ABALROAMENTO LONGITUDINAL	COLISÃO SEM VÍTIMA	1					1				0		Longo da via	Bom	Não existe	Perfeito estado	Seca	Perfeito estado	Não existe	Outras	""	Única	Faixa seccionada	""	""
11340	2018-12-28T00:00:00	12:48:00	SEM VÍTIMA	FINALIZADA	SÃO JOSÉ	AV SUL	""	""	""	AV SUL	""	""	SÃO JOSÉ	205	CIDADE	COLISÃO TRASEIRA	COLISAO ENTRE CARRETA E AUTO S/V	1						1			0		Longo da via	Bom	Sem defeito	Ilegível	Seca	Perfeito estado	Faixa de pedestre	Não há placas	""	Dupla	Canteiro central	""	""
11341	2018-12-28T00:00:00	13:00:00	SEM VÍTIMA	FINALIZADA	AFOGADOS	RUA SAO MIGUEL	1614	""	EM FRENTE A CHARQUE NA BRASA REAL	RUA SAO MIGUEL	1614	EM FRENTE A CHARQUE NA BRASA REAL	AFOGADOS		CIDADE	COLISÃO TRASEIRA	COLISÃO SEM VÍTIMA	3									0		Longo da via	Bom	Não existe	Perfeito estado	Seca	Perfeito estado	Não existe	Não há placas	""	Dupla	Faixa contínua	Faixa seccionada	""
11342	2018-12-28T00:00:00	13:16:00	SEM VÍTIMA	FINALIZADA	BOA VIAGEM	RUA DES JOAO PAES	1900	RUA VISCONDE DE JEQUITINHONHA	""	RUA DES JOAO PAES	1900	""	BOA VIAGEM		CIDADE	ABALROAMENTO TRANSVERSAL	COLISAO ENTRE ONIBUS E AUTO S/V	1					1				0		Longo da via	Bom	Não existe	Perfeito estado	Seca	Perfeito estado	Não existe	""	""	Única	""	""	""
11343	2018-12-28T00:00:00	13:57:00	SEM VÍTIMA	FINALIZADA	CASA AMARELA	AV NORTE	6500	""	E/F AO HOSPITAL BARROS LIMA	AV NORTE	6500	E/F AO HOSPITAL BARROS LIMA	CASA AMARELA		SUBURBIO	COLISÃO TRASEIRA	COLISAO ENTRE AUTO E CAMINHAO S/V	1						1			0		Longo da via	Bom	Sem defeito	Perfeito estado	Seca	Perfeito estado	Faixa de pedestre	Outras	""	Dupla	Faixa seccionada	""	""
11344	2018-12-28T00:00:00	14:02:00	SEM VÍTIMA	FINALIZADA	CIDADE UNIVERSITÁRIA	RUA MARECHAL MANOEL LUIS OSORIO	447	RUA PROFESSOR ANTONIO COELHO	EM FRENTE AO COLEGIO PONTUAL	RUA MARECHAL MANOEL LUIS OSORIO	447	EM FRENTE AO COLEGIO PONTUAL	CIDADE UNIVERSITÁRIA		CIDADE	ABALROAMENTO TRANSVERSAL	COLISÃO SEM VÍTIMA	2									0		Cruzamento	Bom	Não existe	Não existente	Seca	Mal conservada	Não existe	Não há placas	""	Dupla	Não existe	""	""
11345	2018-12-28T00:00:00	14:09:00	SEM VÍTIMA	FINALIZADA	MADALENA	RUA PESSOA DE MELO	241	RUA DES LUIZ SALAZAR	""	RUA PESSOA DE MELO	241	""	MADALENA		CIDADE	ABALROAMENTO LONGITUDINAL	COLISÃO SEM VÍTIMA	2									0		Longo da via	Bom	Não existe	Perfeito estado	Seca	Perfeito estado	Não existe	""	""	Dupla	Não existe	""	""
11346	2018-12-28T00:00:00	14:40:00	SEM VÍTIMA	CANCELADA	AFOGADOS	RUA NICOLAU PEREIRA	""	RUA DA PAZ	""	RUA NICOLAU PEREIRA	""	""	AFOGADOS	73	""	COLISÃO	COLISÃO SEM VÍTIMA	2									0		""	""	""	""	""	""	""	""	""	""	""	""	""
11347	2018-12-28T00:00:00	14:54:00	SEM VÍTIMA	FINALIZADA	IMBIRIBEIRA	RUA DR TAVARES CORREIA	""	RUA ALLAN KARDEC	""	RUA DR TAVARES CORREIA	""	""	IMBIRIBEIRA		SUBURBIO	ABALROAMENTO LONGITUDINAL	COLISÃO SEM VÍTIMA	1	1								0		Cruzamento	Bom	Não existe	Incompleta	Seca	Perfeito estado	Não existe	Outras	""	Única	Não existe	""	""
11348	2018-12-28T00:00:00	15:21:00	SEM VÍTIMA	CANCELADA	SÃO JOSÉ	RUA DA PRAIA	83	""	E/F AO ARMAZEM JUQUEIRA	RUA DA PRAIA	83	E/F AO ARMAZEM JUQUEIRA	SÃO JOSÉ		""	COLISÃO	COLISAO ENTRE DOIS AUTOS S/V	2									0		""	""	""	""	""	""	""	""	""	""	""	""	""
11349	2018-12-28T00:00:00	16:18:00	SEM VÍTIMA	FINALIZADA	BOA VIAGEM	RUA VISCONDE DE JEQUITINHONHA	580	""	""	RUA VISCONDE DE JEQUITINHONHA	580	""	BOA VIAGEM		""	ABALROAMENTO LONGITUDINAL	COLISÃO SEM VÍTIMA	1					1				0		Longo da via	Bom	Sem defeito	Incompleta	Seca	Perfeito estado	""	Outras	60 km/h	Única	Não existe	""	""
11350	2018-12-28T00:00:00	16:29:00	SEM VÍTIMA	FINALIZADA	ILHA DO RETIRO	RUA BENFICA	""	""	ESTÁDIO DA ILHA DO RETIRO	RUA BENFICA	""	ESTÁDIO DA ILHA DO RETIRO	ILHA DO RETIRO		CIDADE	ABALROAMENTO LONGITUDINAL	COLISÃO SEM VÍTIMA	2									0		Longo da via	Bom	Não existe	Não existente	Seca	Perfeito estado	Não existe	Não há placas	""	Única	Não existe	""	""
11351	2018-01-03T00:00:00	11:48:00	SEM VÍTIMA	FINALIZADA	BOA VIAGEM	AV DES JOSE NEVES	""	""	EM FRENTE AO Nº 09	AV DES JOSE NEVES	""	EM FRENTE AO Nº 09	BOA VIAGEM		SUBURBIO	ABALROAMENTO LONGITUDINAL	COLISAO ENTRE DOIS AUTOS S/V BATEDOR DA MOTO 25 E 34 O LOCAL	2									0		Longo da via	Bom	Sem defeito	Perfeito estado	Seca	Perfeito estado	Não existe	Não há placas	""	Dupla	Não existe	""	""
11352	2018-12-28T00:00:00	17:26:00	COM VÍTIMA	FINALIZADA	SÃO JOSÉ	C SANTA RITA	""	""	ÁREA INTERNA DO TERMINAL DE ÔNIBUS.	C SANTA RITA	""	ÁREA INTERNA DO TERMINAL DE ÔNIBUS.	SÃO JOSÉ		CIDADE	ATROPELAMENTO	ATROPELAMENTO COM UMA VITIMA					1	1				1		Longo da via	Bom	Sem defeito	Não existente	Seca	Perfeito estado	Não existe	Não há placas	""	Única	Canteiro central	""	""
11353	2018-12-28T00:00:00	17:56:00	COM VÍTIMA	CANCELADA	ENCRUZILHADA	AV NORTE	""	""	E-F A RENAULT, SNT SUB / PRÓX AO POSTO POWER	AV NORTE	""	E-F A RENAULT, SNT SUB / PRÓX AO POSTO POWER	ENCRUZILHADA		""	COLISÃO	ENTRE AUTO E MOTO. C/V	1	1								1		""	""	""	""	""	""	""	""	""	""	""	""	""
11354	2018-12-28T00:00:00	18:02:00	SEM VÍTIMA	FINALIZADA	ILHA DO RETIRO	RUA SPORT CLUBE DO RECIFE	20	""	ESTÁDIO ILHA DO RETIRO	RUA SPORT CLUBE DO RECIFE	20	ESTÁDIO ILHA DO RETIRO	ILHA DO RETIRO	355	CIDADE	ABALROAMENTO LONGITUDINAL	ENTRE 2 AUTOS. S-V	2									0		Longo da via	Bom	Sem defeito	Perfeito estado	Seca	Perfeito estado	Faixa de pedestre	Outras	""	Dupla	Faixa contínua	Faixa seccionada	Canteiro central
11355	2018-12-28T00:00:00	18:13:00	SEM VÍTIMA	FINALIZADA	AFOGADOS	RUA NICOLAU PEREIRA	20	""	""	RUA NICOLAU PEREIRA	20	""	AFOGADOS		SUBURBIO	ABALROAMENTO LONGITUDINAL	COLISÃO SEM VITIMA	1						1			0		Longo da via	Bom	Não existe	Perfeito estado	Seca	Perfeito estado	Não existe	Não há placas	""	Única	Faixa seccionada	""	""
11356	2018-12-28T00:00:00	18:46:00	SEM VÍTIMA	CANCELADA	IMBIRIBEIRA	AV MARECHAL MASCARENHAS DE MORAES	""	""	POR BAIXO DO VIADUTO / E/F AO AEROPORTO, SNT PRAZERES	AV MARECHAL MASCARENHAS DE MORAES	""	POR BAIXO DO VIADUTO / E/F AO AEROPORTO, SNT PRAZERES	IMBIRIBEIRA		""	COLISÃO	ENTRE 2 AUTOS. S-V	2									0		""	""	""	""	""	""	""	""	""	""	""	""	""
11357	2018-12-28T00:00:00	18:54:00	SEM VÍTIMA	FINALIZADA	MADALENA	AV ENGENHEIRO ABDIAS DE CARVALHO	""	""	EM FRENTE A CELPE	AV ENGENHEIRO ABDIAS DE CARVALHO	""	EM FRENTE A CELPE	MADALENA		CIDADE	COLISÃO TRASEIRA	ENTRE 2 AUTOS. S-V	2									0		Longo da via	Bom	Sem defeito	Perfeito estado	Seca	Perfeito estado	Não existe	Não há placas	""	Dupla	Não existe	""	""
11358	2018-12-28T00:00:00	19:03:00	SEM VÍTIMA	FINALIZADA	IPUTINGA	RUA MAURICIO DE NASSAU	300	""	PADARIA E PASTELARIA ATLÂNTICA	RUA MAURICIO DE NASSAU	300	PADARIA E PASTELARIA ATLÂNTICA	IPUTINGA		SUBURBIO	ABALROAMENTO LONGITUDINAL	IDEIA X PRISMA	2									0		Longo da via	Bom	Não existe	Perfeito estado	Seca	Perfeito estado	Não existe	Não há placas	""	Dupla	Faixa seccionada	""	""