_id	DATA	hora	natureza_acidente	situacao	bairro	endereco	numero	detalhe_endereco_acidente	complemento	endereco_cruzamento	numero_cruzamento	referencia_cruzamento	bairro_cruzamento	num_semaforo	sentido_via	tipo	descricao	auto	moto	ciclom	ciclista	pedestre	onibus	caminhao	viatura	outros	vitimas	vitimasfatais	acidente_verificado	tempo_clima	situacao_semaforo	sinalizacao	condicao_via	conservacao_via	ponto_controle	situacao_placa	velocidade_max_via	mao_direcao	divisao_via1	divisao_via2	divisao_via3
11359	2018-12-28T00:00:00	19:06:00	SEM VÍTIMA	FINALIZADA	BOA VIAGEM	RUA TENENTE DOMINGOS DE BRITO	""	RUA ERNESTO DE PAULA SANTOS	""	RUA TENENTE DOMINGOS DE BRITO	""	""	BOA VIAGEM	330	SUBURBIO	ABALROAMENTO LONGITUDINAL	ENTRE AUTO E ÕNIBUS. S/V	1					1				0		Cruzamento	Bom	Sem defeito	Incompleta	Seca	Perfeito estado	Outros	Outras	60 km/h	Única	Não existe	""	""
11360	2018-12-28T00:00:00	20:18:00	SEM VÍTIMA	FINALIZADA	GRAÇAS	RUA CONFEDERACAO DO EQUADOR	""	AV CONS ROSA E SILVA	VERT ET ROUGE	RUA CONFEDERACAO DO EQUADOR	""	VERT ET ROUGE	GRAÇAS		CIDADE	ABALROAMENTO LONGITUDINAL	GOL X ETIOS OBS: VT 22 DA CTTU ESTA NO LOCAL	2									0		Não informado	Bom	Não existe	Perfeito estado	Seca	Perfeito estado	Não existe	Não há placas	""	Única	Não existe	""	""
11361	2018-12-28T00:00:00	20:32:00	SEM VÍTIMA	FINALIZADA	TAMARINEIRA	EST VELHA DE AGUA FRIA	""	""	E/F A DNOCS / PRÓX AO CANAL	EST VELHA DE AGUA FRIA	""	E/F A DNOCS / PRÓX AO CANAL	TAMARINEIRA		CIDADE	COLISÃO TRASEIRA	ENTRE AUTO E MOTO. S/V	1		1							0		Longo da via	Bom	Não existe	Perfeito estado	Seca	Perfeito estado	Não existe	Não há placas	""	Dupla	Faixa contínua	Faixa seccionada	""
11362	2018-12-28T00:00:00	20:59:00	SEM VÍTIMA	FINALIZADA	IPSEP	RUA GONCALVES DE MAGALHAES	""	RUA JOSE FERNANDES PORTUGAL	""	RUA GONCALVES DE MAGALHAES	""	""	IPSEP		SUBURBIO	COLISÃO TRASEIRA	I 30 X NISSAN	2									0		Longo da via	Bom	Não existe	Perfeito estado	Seca	Perfeito estado	Outros	Outras	""	""	""	""	""
11363	2018-12-28T00:00:00	22:15:00	SEM VÍTIMA	FINALIZADA	PORTO DA MADEIRA	AV BEBERIBE	""	""	""	AV BEBERIBE	""	""	PORTO DA MADEIRA	517	SUBURBIO	ABALROAMENTO LONGITUDINAL	CAMINHAO X HONDA CIVIC OBS: SUSPEITA DE EMBRIAGUEZ	1						1			0		Longo da via	Bom	Sem defeito	Perfeito estado	Seca	Perfeito estado	Faixa de pedestre	Não há placas	""	Dupla	Faixa contínua	""	""
11364	2018-12-28T00:00:00	23:50:00	COM VÍTIMA	FINALIZADA	BARRO	AV DR JOSE RUFINO	""	RUA JOSE NATARIO	E/F A IGREJA DE AREIAS / AO LADO DO POSTO SHELL, SNT JABOATÃO	AV DR JOSE RUFINO	""	E/F A IGREJA DE AREIAS / AO LADO DO POSTO SHELL, SNT JABOATÃO	BARRO	44	SUBURBIO	ABALROAMENTO TRANSVERSAL	ENTRE AUTO E MOTO. C/V	1	1								1		Cruzamento	Bom	Sem defeito	Perfeito estado	Seca	Perfeito estado	Faixa de pedestre	Outras	""	Dupla	Faixa seccionada	""	""
11365	2018-12-29T00:00:00	00:11:00	COM VÍTIMA	FINALIZADA	VÁRZEA	AV AFONSO OLINDENSE	420	RUA CLAUDIO MANUEL	E/F A GARAGEM DOS ÔNIBUS COMP E ACADEMIA DA CLEO / PRÓX AO RESIDENCIAL CAXANGÁ	AV AFONSO OLINDENSE	420	E/F A GARAGEM DOS ÔNIBUS COMP E ACADEMIA DA CLEO / PRÓX AO RESIDENCIAL CAXANGÁ	VÁRZEA		SUBURBIO	COLISÃO FRONTAL	ENTRE AUTO E MOTO. C/V	1	1								1		Longo da via	Bom	Não existe	Perfeito estado	Seca	Perfeito estado	Não existe	Outras	""	Dupla	Faixa contínua	""	""
11366	2018-12-29T00:00:00	06:24:00	SEM VÍTIMA	FINALIZADA	MADALENA	RUA BENFICA	715	""	""	RUA BENFICA	715	""	MADALENA		CIDADE	ABALROAMENTO TRANSVERSAL	SEM VITIMAS	1					1				0		Longo da via	Bom	Não existe	Perfeito estado	Seca	Perfeito estado	Outros	Outras	""	Dupla	Faixa contínua	""	""
11367	2018-12-29T00:00:00	07:22:00	SEM VÍTIMA	FINALIZADA	BAIRRO DO RECIFE	RUA BIONE	220	CAIS DO APOLO	AO LADO DA PRAÇA TIRADENTES	RUA BIONE	220	AO LADO DA PRAÇA TIRADENTES	BAIRRO DO RECIFE		""	ABALROAMENTO LONGITUDINAL	SEM VÍTIMAS	2									0		Não informado	Bom	Não existe	Perfeito estado	Seca	Perfeito estado	Não existe	R-24a	30 km/h	Única	Não existe	""	""
11368	2018-12-29T00:00:00	08:15:00	SEM VÍTIMA	FINALIZADA	IMBIRIBEIRA	VIADUTO TANCREDO NEVES	""	""	NA SUBIDA DO VIADUTO TANCREDO NEVES, SENTIDO BOA VIAGEM	VIADUTO TANCREDO NEVES	""	NA SUBIDA DO VIADUTO TANCREDO NEVES, SENTIDO BOA VIAGEM	IMBIRIBEIRA		SUBURBIO	COLISÃO TRASEIRA	SEM VÍTIMAS	2									0		Viaduto	Bom	Não existe	Perfeito estado	Seca	Perfeito estado	Não existe	Não há placas	""	Única	Faixa seccionada	""	""
11369	2018-12-29T00:00:00	08:45:00	COM VÍTIMA	FINALIZADA	IMBIRIBEIRA	AV MARECHAL MASCARENHAS DE MORAES	2061	RUA ITALIA	AO LADO DO ASSAÍ ATACADISTA.	AV MARECHAL MASCARENHAS DE MORAES	2061	AO LADO DO ASSAÍ ATACADISTA.	IMBIRIBEIRA		BOA VIAGEM	ABALROAMENTO TRANSVERSAL	COLISÃO COM VITIMA A ESPERA DO SAMU	1	1								1		Longo da via	Bom	Não existe	Perfeito estado	Seca	Perfeito estado	Outros	R-6a	""	Dupla	Faixa contínua	Faixa seccionada	Canteiro central
11370	2018-12-29T00:00:00	10:07:00	SEM VÍTIMA	FINALIZADA	IMBIRIBEIRA	RUA PAMPULHA	""	""	E/F A RENAULT SELECTION, SENTIDO BOA VIAGEM	RUA PAMPULHA	""	E/F A RENAULT SELECTION, SENTIDO BOA VIAGEM	IMBIRIBEIRA		""	ABALROAMENTO LONGITUDINAL	SEM VÍTIMAS	2									0		Longo da via	Bom	Não existe	Perfeito estado	Seca	Perfeito estado	Não existe	Não há placas	""	Única	Faixa seccionada	""	""
11371	2018-12-29T00:00:00	10:49:00	SEM VÍTIMA	FINALIZADA	SAN MARTIN	AV GENERAL SAN MARTIN	""	RUA SIGISMUNDO CABRAL DE MELO	""	AV GENERAL SAN MARTIN	""	""	SAN MARTIN		SUBURBIO	ABALROAMENTO TRANSVERSAL	COLISÃO SEM VITIMAS	1	1								0		Cruzamento	Bom	Não existe	Não existente	Seca	Perfeito estado	Não existe	Não há placas	""	Dupla	Faixa contínua	""	""
11372	2018-12-29T00:00:00	11:09:00	SEM VÍTIMA	CANCELADA	GUABIRABA	AV DA RECUPERACAO	15	""	E/F A OFICINA BOM JESUS, AO LADO DA MOLA SETE ESTRELAS. SENTIDO TERMINAL DA GUABIRABA	AV DA RECUPERACAO	15	E/F A OFICINA BOM JESUS, AO LADO DA MOLA SETE ESTRELAS. SENTIDO TERMINAL DA GUABIRABA	GUABIRABA		""	COLISÃO	SEM VÍTIMAS	2									0		""	""	""	""	""	""	""	""	""	""	""	""	""
11373	2018-12-29T00:00:00	11:28:00	SEM VÍTIMA	FINALIZADA	IBURA	AV DOIS RIOS	""	""	APÓS SEMAFORO 594	AV DOIS RIOS	""	APÓS SEMAFORO 594	IBURA	594	CIDADE	ABALROAMENTO LONGITUDINAL	TRES AUTOS	3									0		Longo da via	Bom	Sem defeito	Perfeito estado	Seca	Perfeito estado	Faixa de pedestre	Outras	60 km/h	Dupla	Faixa contínua	""	""
11374	2018-12-29T00:00:00	13:23:00	SEM VÍTIMA	FINALIZADA	ESPINHEIRO	AV JOAO DE BARROS	""	""	EM FRENTE AO Nº 1576	AV JOAO DE BARROS	""	EM FRENTE AO Nº 1576	ESPINHEIRO		""	COLISÃO TRASEIRA	COLISÃO SEM VÍTIMA	2									0		Longo da via	Bom	""	Perfeito estado	Seca	Perfeito estado	""	R-6a	""	Única	Faixa seccionada	""	""
11375	2018-12-29T00:00:00	14:36:00	SEM VÍTIMA	FINALIZADA	BOA VIAGEM	AV BOA VIAGEM	1230	RUA DOMICIO RANGEL	EM FRENTE AO EDIFICIO DONA ISABEL / PROXIMO AO PRIMEIRO JARDIM	AV BOA VIAGEM	1230	EM FRENTE AO EDIFICIO DONA ISABEL / PROXIMO AO PRIMEIRO JARDIM	BOA VIAGEM		CIDADE	ABALROAMENTO LONGITUDINAL	COLISÃO SEM VÍTIMA	2									0		Longo da via	Bom	Não existe	Incompleta	Seca	Perfeito estado	Não existe	"Placas ""Pare"""	30 km/h	Única	Não existe	""	""
11376	2018-12-29T00:00:00	15:24:00	COM VÍTIMA	FINALIZADA	CAMPO GRANDE	RUA JERONIMO VILELA	544	RUA LUIZ AVELINO DE ANDRADE	E/F A IGREJA EVAGELICA QUADRANGUAR	RUA JERONIMO VILELA	544	E/F A IGREJA EVAGELICA QUADRANGUAR	CAMPO GRANDE		SUBURBIO	ABALROAMENTO LONGITUDINAL	COLISÃO ENTRE AUTO E MOTONETA	1	1								1		Longo da via	Bom	Não existe	Perfeito estado	Seca	Perfeito estado	Não existe	R-6a	""	Dupla	Faixa seccionada	""	""
11377	2018-12-29T00:00:00	15:39:00	SEM VÍTIMA	FINALIZADA	ÁGUA FRIA	RUA ALEGRE	206	""	""	RUA ALEGRE	206	""	ÁGUA FRIA	431	SUBURBIO	ABALROAMENTO LONGITUDINAL	COLISÃO SEM VÍTIMA	2									0		Longo da via	Bom	Sem defeito	Perfeito estado	Seca	Perfeito estado	Faixa de pedestre	Não há placas	""	Única	Faixa contínua	""	""
11378	2018-12-29T00:00:00	16:37:00	SEM VÍTIMA	FINALIZADA	PINA	AV ENGENHEIRO DOMINGOS FERREIRA	""	RUA TOME GIBSON	EM FRENTE A ESCOLA MUNICIPAL OSWALDO LIMA FILHO / PISTA DA DIREITA	AV ENGENHEIRO DOMINGOS FERREIRA	""	EM FRENTE A ESCOLA MUNICIPAL OSWALDO LIMA FILHO / PISTA DA DIREITA	PINA	200	SUBURBIO	ABALROAMENTO LONGITUDINAL	COLISÃO SEM VÍTIMA	1					1				0		Longo da via	Bom	Sem defeito	Perfeito estado	Seca	Perfeito estado	Faixa de pedestre	Outras	60 km/h	Única	Faixa contínua	Faixa seccionada	Canteiro central
11379	2018-12-29T00:00:00	16:58:00	SEM VÍTIMA	FINALIZADA	BOA VIAGEM	AV ENGENHEIRO DOMINGOS FERREIRA	4036	RUA PEDRO BERGAMO	AO LADO DO MR SMARTE	AV ENGENHEIRO DOMINGOS FERREIRA	4036	AO LADO DO MR SMARTE	BOA VIAGEM		""	COLISÃO TRASEIRA	COLISAO ENTRE QUATRO AUTOS S/V	3					1				0		Longo da via	Bom	Não existe	Perfeito estado	Seca	Perfeito estado	Outros	R-6a	""	Única	Faixa contínua	Faixa seccionada	Canteiro central
11380	2018-12-29T00:00:00	18:50:00	SEM VÍTIMA	FINALIZADA	PINA	RUA AMAZONAS	154	RUA TOME GIBSON	ENF AO EDF ENCANTA MOÇA // SENTIDO PRAIA	RUA AMAZONAS	154	ENF AO EDF ENCANTA MOÇA // SENTIDO PRAIA	PINA		SUBURBIO	ABALROAMENTO TRANSVERSAL	FAIT UNO X AUTO	2									0		Cruzamento	Bom	Não existe	Perfeito estado	Seca	Perfeito estado	""	""	""	Única	""	""	""
11381	2018-12-29T00:00:00	19:54:00	SEM VÍTIMA	FINALIZADA	TEJIPIÓ	RUA AUSTRICLINIO FERRAZ	""	AV LIBERDADE	""	RUA AUSTRICLINIO FERRAZ	""	""	TEJIPIÓ		SUBURBIO	ABALROAMENTO TRANSVERSAL	DOBLO X MOTO	1	1								0		Cruzamento	Bom	Não existe	Perfeito estado	Seca	Mal iluminada	Não existe	Não há placas	""	Dupla	Faixa contínua	""	""
11382	2018-12-29T00:00:00	21:16:00	COM VÍTIMA	FINALIZADA	IBURA	AV DOIS RIOS	""	LAD DA COHAB	PROX A POLICLINICA ARNALDO MARQUES // IBURA DE BAIXO	AV DOIS RIOS	""	PROX A POLICLINICA ARNALDO MARQUES // IBURA DE BAIXO	IBURA		SUBURBIO	COLISÃO FRONTAL	MOTO X AUTO // VT DO BOPE NO LOCAL	1	1								1		Esquina	Bom	Não existe	Incompleta	Seca	Mal iluminada	""	R-6a	""	Dupla	Faixa	""	""
11383	2018-12-30T00:00:00	03:52:00	SEM VÍTIMA	FINALIZADA	PARNAMIRIM	RUA DA HARMONIA	""	""	""	RUA DA HARMONIA	""	""	PARNAMIRIM		SUBURBIO	ABALROAMENTO TRANSVERSAL	COLISÃO ENTRE DOIS AUTOS ONDE UM AUTO VEIO A CAPOTAR, SEM VÍTIMAS.	2									0		Cruzamento	Bom	Sem defeito	Perfeito estado	Seca	Perfeito estado	Não existe	Não há placas	""	Dupla	Faixa seccionada	""	""
11384	2018-12-30T00:00:00	08:11:00	SEM VÍTIMA	FINALIZADA	CAMPO GRANDE	RUA MARQUES DE ABRANTES	""	""	FRENTE AO NÚMERO 999	RUA MARQUES DE ABRANTES	""	FRENTE AO NÚMERO 999	CAMPO GRANDE	999	""	CHOQUE VEÍCULO PARADO	SEM VITIMAS	2									0		Longo da via	Bom	Não existe	Não existente	Seca	Perfeito estado	Não existe	Não há placas	""	Dupla	Faixa seccionada	""	""
11385	2018-12-30T00:00:00	08:19:00	SEM VÍTIMA	FINALIZADA	BOA VISTA	RUA DA AURORA	""	""	PONTE PRINCESA IZABEL	RUA DA AURORA	""	PONTE PRINCESA IZABEL	BOA VISTA	22	CIDADE	ABALROAMENTO LONGITUDINAL	ONIBUS E AUTO	1					1				0		Cruzamento	Bom	Sem defeito	Perfeito estado	Seca	""	Faixa de pedestre	Não há placas	""	Única	Faixa seccionada	""	""
11386	2018-12-30T00:00:00	09:38:00	SEM VÍTIMA	FINALIZADA	IMBIRIBEIRA	RUA LE PARC	100	""	""	RUA LE PARC	100	""	IMBIRIBEIRA		""	ABALROAMENTO LONGITUDINAL	SEM VITIMAS	1	1								0		Longo da via	Bom	Não existe	Perfeito estado	Seca	Perfeito estado	Faixa de pedestre	R-6a	""	Dupla	Faixa contínua	""	""
11387	2018-12-30T00:00:00	09:57:00	SEM VÍTIMA	FINALIZADA	AFOGADOS	RUA COSME VIANA	""	""	SEMÁFORO 525	RUA COSME VIANA	""	SEMÁFORO 525	AFOGADOS	525	""	COLISÃO TRASEIRA	SEM VITIMAS	2									0		Longo da via	Bom	Sem defeito	Perfeito estado	Seca	Perfeito estado	Faixa de pedestre	Outras	""	Única	Faixa seccionada	""	""
11388	2018-12-30T00:00:00	12:28:00	COM VÍTIMA	FINALIZADA	CABANGA	AV SUL	1022	""	EMBAIXO DO VIADUTO	AV SUL	1022	EMBAIXO DO VIADUTO	CABANGA	205	CIDADE	COLISÃO COM CICLISTA	ATROPELAMENTO ENVOLVENDO UMA CRIANÇA	1			1						1		Longo da via	Bom	Não existe	Não existente	Seca	Perfeito estado	Não existe	Não há placas	""	Dupla	Canteiro central	""	""
11389	2018-12-30T00:00:00	14:37:00	COM VÍTIMA	FINALIZADA	BOA VIAGEM	RUA ERNESTO DE PAULA SANTOS	550	AV FERNANDO SIMOES BARBOSA	EM FRENTE AO POSTO SHELL	RUA ERNESTO DE PAULA SANTOS	550	EM FRENTE AO POSTO SHELL	BOA VIAGEM		""	ABALROAMENTO LONGITUDINAL	COM VITIMA		2								1		Longo da via	Bom	Sem defeito	Perfeito estado	Seca	Perfeito estado	Faixa de retenção	Não há placas	""	Única	Não existe	""	""
11390	2018-12-30T00:00:00	14:52:00	COM VÍTIMA	FINALIZADA	ENCRUZILHADA	AV BEBERIBE	301	""	PROX. AO TRIBUNAL DO TRABALHO E BANCO DO BRASIL.	AV BEBERIBE	301	PROX. AO TRIBUNAL DO TRABALHO E BANCO DO BRASIL.	ENCRUZILHADA		""	ABALROAMENTO LONGITUDINAL	COLISÃO COM VITIMA	1	1								1		Longo da via	Bom	Sem defeito	Perfeito estado	Seca	Perfeito estado	Não existe	Não há placas	""	Dupla	Faixa contínua	""	""
11391	2018-12-30T00:00:00	16:34:00	SEM VÍTIMA	FINALIZADA	IMBIRIBEIRA	AV MARECHAL MASCARENHAS DE MORAES	""	""	""	AV MARECHAL MASCARENHAS DE MORAES	""	""	IMBIRIBEIRA	532	SUBURBIO	COLISÃO TRASEIRA	COLISÃO SEM VITIMAS	2									0		Longo da via	Bom	Sem defeito	Perfeito estado	Seca	Perfeito estado	Faixa de retenção	R-6a	""	Dupla	Canteiro central	""	""
11392	2018-12-30T00:00:00	17:29:00	SEM VÍTIMA	FINALIZADA	SÃO JOSÉ	AV DANTAS BARRETO	1348	""	""	AV DANTAS BARRETO	1348	""	SÃO JOSÉ		SUBURBIO	ABALROAMENTO LONGITUDINAL	ENTRE ÔNIBUS E AUTO. S/V	1					1				0		Longo da via	Bom	Não existe	Perfeito estado	Seca	Perfeito estado	Não existe	Não há placas	40 km/h	Dupla	Faixa contínua	""	""
11393	2018-12-30T00:00:00	18:08:00	COM VÍTIMA	FINALIZADA	PINA	AV HERCULANO BANDEIRA	376	AV ENGENHEIRO DOMINGOS FERREIRA	PROX A IGREJA DO PINA	AV HERCULANO BANDEIRA	376	PROX A IGREJA DO PINA	PINA		SUBURBIO	ABALROAMENTO LONGITUDINAL	MICRO-ONIBUS DO CORPO DE BOMBEIRO E MOTO		1				1				1		Longo da via	Bom	Não existe	Perfeito estado	Seca	Perfeito estado	Não existe	R-6a	""	Única	Faixa contínua	""	""
11394	2018-12-30T00:00:00	20:44:00	COM VÍTIMA	FINALIZADA	BONGI	RUA CARLOS GOMES	""	RUA PADRE TEOFILO TWORZ	E/F AO POSTO PROF ROMERO MARQUES / PRÓX A IGREJA EXÉRCITO DA SALVAÇÃO	RUA CARLOS GOMES	""	E/F AO POSTO PROF ROMERO MARQUES / PRÓX A IGREJA EXÉRCITO DA SALVAÇÃO	BONGI		CIDADE	ABALROAMENTO TRANSVERSAL	ENTRE AUTO E MOTO. C/V	1	1								2		Cruzamento	Bom	Não existe	Ilegível	Seca	Perfeito estado	Não existe	Outras	""	""	Não existe	""	""
11395	2018-12-30T00:00:00	22:13:00	SEM VÍTIMA	FINALIZADA	BOA VIAGEM	RUA BRUNO VELOSO	603	RUA ARNAUD HOLANDA	POSTO BR PETROBRAS	RUA BRUNO VELOSO	603	POSTO BR PETROBRAS	BOA VIAGEM	335	CIDADE	ABALROAMENTO LONGITUDINAL	ENTRE 2 AUTOS. S/V	2									0		Longo da via	Bom	Sem defeito	Perfeito estado	Seca	Perfeito estado	Faixa de pedestre	Outras	""	Única	Faixa seccionada	""	""
11396	2018-12-31T00:00:00	07:58:00	SEM VÍTIMA	FINALIZADA	BOA VIAGEM	AV CONSELHEIRO AGUIAR	2229	""	""	AV CONSELHEIRO AGUIAR	2229	""	BOA VIAGEM		""	ABALROAMENTO TRANSVERSAL	SEM VÍTIMAS	2									0		Longo da via	Bom	Não existe	Não existente	Seca	Perfeito estado	Não existe	Não há placas	""	Única	Faixa contínua	""	""
11397	2018-12-31T00:00:00	10:22:00	SEM VÍTIMA	FINALIZADA	MANGUEIRA	RUA SAO MIGUEL	1357	""	PANIFICADORA LISBOA	RUA SAO MIGUEL	1357	PANIFICADORA LISBOA	MANGUEIRA		SUBURBIO	ABALROAMENTO TRANSVERSAL	TAXI E AUTO PASSEIO	2									0		Longo da via	Bom	Não existe	Perfeito estado	Seca	Perfeito estado	Não existe	Não há placas	""	Dupla	Faixa seccionada	""	""
11398	2018-12-31T00:00:00	12:08:00	SEM VÍTIMA	FINALIZADA	CORDEIRO	AV CAXANGA	""	""	EM FRENTE AO SEMÁFORO 080	AV CAXANGA	""	EM FRENTE AO SEMÁFORO 080	CORDEIRO	80	CIDADE	COLISÃO TRASEIRA	COLISAO ENTRE ONIBUS DO BRT						1			1	0		Longo da via	Bom	Sem defeito	Perfeito estado	Seca	Perfeito estado	Faixa de retenção	Outras	""	Dupla	Canteiro central	""	""
11399	2018-12-31T00:00:00	12:21:00	SEM VÍTIMA	FINALIZADA	GRAÇAS	AV RUI BARBOSA	""	RUA AMELIA	SEMÁFORO 048	AV RUI BARBOSA	""	SEMÁFORO 048	GRAÇAS	48	SUBURBIO	ABALROAMENTO TRANSVERSAL	COLISÃO SEM VÍTIMA	2									0		Cruzamento	Bom	Sem defeito	Perfeito estado	Seca	Perfeito estado	Faixa de pedestre	R-6a	""	Única	Faixa seccionada	""	""
11400	2018-12-31T00:00:00	12:22:00	SEM VÍTIMA	FINALIZADA	CAXANGÁ	AV CAXANGA	""	""	E/F AO BANCO ITAU S/T CID	AV CAXANGA	""	E/F AO BANCO ITAU S/T CID	CAXANGÁ	591	CIDADE	COLISÃO TRASEIRA	COLISAO ENTRE DOIS AUTOS S/V VT 17 NO LOCAL	2									0		Longo da via	Bom	Sem defeito	Perfeito estado	Seca	Perfeito estado	Não existe	Outras	""	Dupla	Canteiro central	""	""
11401	2018-12-31T00:00:00	12:36:00	SEM VÍTIMA	CANCELADA	BOA VIAGEM	RUA DES JOAO PAES	""	AV CONSELHEIRO AGUIAR	E/F AO SUPERMERCADO EXTRA	RUA DES JOAO PAES	""	E/F AO SUPERMERCADO EXTRA	BOA VIAGEM		""	COLISÃO	COLISAO ENTRE DOIS AUTOS S/V	2									0		""	""	""	""	""	""	""	""	""	""	""	""	""
11402	2018-12-31T00:00:00	12:46:00	SEM VÍTIMA	FINALIZADA	BOA VIAGEM	AV FERNANDO SIMOES BARBOSA	""	RUA BRUNO VELOSO	SOB O SEMÁFORO 335	AV FERNANDO SIMOES BARBOSA	""	SOB O SEMÁFORO 335	BOA VIAGEM	335	CIDADE	ABALROAMENTO TRANSVERSAL	AUTO E MOTO	1	1								0		Cruzamento	Bom	Sem defeito	Perfeito estado	Seca	Perfeito estado	Não existe	""	""	Dupla	Canteiro central	""	""
11403	2018-12-31T00:00:00	13:39:00	COM VÍTIMA	FINALIZADA	BOA VISTA	RUA DA SAUDADE	580	RUA JOAO LIRA	PROX. AO TREZE DE MAIO	RUA DA SAUDADE	580	PROX. AO TREZE DE MAIO	BOA VISTA	308	CIDADE	COLISÃO FRONTAL	DOIS AUTOS	2									1		Cruzamento	Bom	Sem defeito	Perfeito estado	Seca	Perfeito estado	Faixa de pedestre	R-6a	""	Única	Faixa seccionada	""	""
11404	2018-12-31T00:00:00	13:42:00	SEM VÍTIMA	FINALIZADA	CAXANGÁ	AV CAXANGA	""	""	EM FRENTE A DROGASIL	AV CAXANGA	""	EM FRENTE A DROGASIL	CAXANGÁ	236	CIDADE	COLISÃO	COLISÃO SEM VÍTIMA	2									0		""	""	""	""	""	""	""	""	""	""	""	""	""
11405	2018-12-31T00:00:00	14:01:00	SEM VÍTIMA	FINALIZADA	CORDEIRO	AV GENERAL SAN MARTIN	530	""	EM FRENTE AO CENTRO AUTOMOTIVO	AV GENERAL SAN MARTIN	530	EM FRENTE AO CENTRO AUTOMOTIVO	CORDEIRO		SUBURBIO	ABALROAMENTO LONGITUDINAL	COLISÃO SEM VÍTIMA	2									0		Longo da via	Bom	Não existe	Perfeito estado	Seca	Perfeito estado	Não existe	Não há placas	""	Dupla	Faixa contínua	""	""
11406	2018-12-31T00:00:00	14:04:00	SEM VÍTIMA	CANCELADA	CIDADE UNIVERSITÁRIA	RUA GENERAL POLIDORO	""	RUA ABATIA	E/F A PADARIA CIDADE UNIVERSITARIA	RUA GENERAL POLIDORO	""	E/F A PADARIA CIDADE UNIVERSITARIA	CIDADE UNIVERSITÁRIA		""	COLISÃO	COLISAO ENTRE DOIS AUTOS S/V	2									0		""	""	""	""	""	""	""	""	""	""	""	""	""
11407	2018-12-31T00:00:00	14:31:00	SEM VÍTIMA	FINALIZADA	PAISSANDU	AV GOVERNADOR AGAMENON MAGALHAES	""	RUA PAISSANDU	""	AV GOVERNADOR AGAMENON MAGALHAES	""	""	PAISSANDU	69	SUBURBIO	ABALROAMENTO LONGITUDINAL	COLISAO ENTRE DOIS AUTOS S/V	2									0		Cruzamento	Bom	Sem defeito	Perfeito estado	Seca	Perfeito estado	Faixa de pedestre	R-6a	60 km/h	Dupla	Canteiro central	""	""
11408	2018-12-31T00:00:00	14:45:00	COM VÍTIMA	FINALIZADA	PINA	AV HERCULANO BANDEIRA	""	""	E/F A IGREJA DO PINA	AV HERCULANO BANDEIRA	""	E/F A IGREJA DO PINA	PINA	137	SUBURBIO	COLISÃO TRASEIRA	COLISAO ENTRE AUTO E MOTO COM UMA VITIMA	1	1								1		Longo da via	Bom	Sem defeito	Perfeito estado	Seca	Perfeito estado	Faixa de pedestre	R-32	60 km/h	Única	Faixa seccionada	""	""
11409	2018-12-31T00:00:00	14:46:00	SEM VÍTIMA	FINALIZADA	AFOGADOS	RUA VINTE E UM DE ABRIL	220	""	PROXIMO A MASTER BOI	RUA VINTE E UM DE ABRIL	220	PROXIMO A MASTER BOI	AFOGADOS		CIDADE	ABALROAMENTO LONGITUDINAL	COLISÃO SEM VÍTIMA	1	1								0		Longo da via	Bom	Sem defeito	Incompleta	Seca	Perfeito estado	Outros	Outras	""	Única	Não existe	""	""
11410	2018-12-31T00:00:00	20:06:00	SEM VÍTIMA	FINALIZADA	TEJIPIÓ	AV DR JOSE RUFINO	""	""	PRÓXIMO AO MOTEL OLIMPIKUS	AV DR JOSE RUFINO	""	PRÓXIMO AO MOTEL OLIMPIKUS	TEJIPIÓ		CIDADE	COLISÃO TRASEIRA	ENTRE 2 AUTOS. C/V	2									0		Viaduto	Bom	Não existe	""	""	""	Não existe	R-6a	60 km/h	Dupla	Faixa seccionada	""	""
11411	2018-12-31T00:00:00	21:32:00	SEM VÍTIMA	CANCELADA	BOA VIAGEM	RUA RIBEIRO DE BRITO	""	RUA DOS NAVEGANTES	POR TRAZ DO HOLIDAY	RUA RIBEIRO DE BRITO	""	POR TRAZ DO HOLIDAY	BOA VIAGEM		""	COLISÃO	COLISÃO SEM VÍTIMA	2									0		""	""	""	""	""	""	""	""	""	""	""	""	""